=== RUN   TestFHSNativeFinancialTwoDomainSockets
    dex_financial_network_test.go:267: CLX_FINALIZED tx=0x0dac6d74a01c2bbce72e55f8b1e588251895b1244cdd9e153c3b760fd5864a70 height=1 hash=0x4d73506414923843e27fb9f54e1c8fab6d53efe8738413c3f343bdafea4061c0 status=1 payer=0x9183C1c3882DDB41724E72690c2a009f54397a83 gas=271600 value=100000000000000000000
    dex_financial_network_test.go:267: CLX_FINALIZED tx=0x83275bf7968bdeda456d0ebb1121a8c5826ac9eeba75aa6cf88a63c17968087a height=3 hash=0x96ab5eb2e8382226061ef5e78b639727c7c0b75f7ec4f79cea245a9721055a98 status=1 payer=0xB69E5CCe2476D728640f8B3C116a2A111933eceA gas=271600 value=100000000000000000000
    dex_financial_network_test.go:267: CLX_FINALIZED tx=0xb346b41d02bdfab66a313dbc5ec9e4e14d01ab216a875b970238d1e6463b0419 height=5 hash=0xbddf33a15ab8c31f02b03a1b485a2616dec7596c76723905e88cb5dba245d524 status=1 payer=0x8559a61eCB10c654a3FfA0e6B5Da7A395ba4d4Dc gas=271600 value=20000000000000000000
    dex_financial_network_test.go:267: CLX_FINALIZED tx=0x06061dff58454e57749e101c8827d5357033f813ec394a2c6103aec510d538bb height=7 hash=0x842ae670ab86ffd379eb3575b799e1d6f2758184eede29673fe76f23aeea75b4 status=1 payer=0x8559a61eCB10c654a3FfA0e6B5Da7A395ba4d4Dc gas=271600 value=5000000000000000000
    dex_financial_network_test.go:276: NATIVE_LEDGER_RECONCILED height=7 custody=225000000000000000000 gas=1738240000000000 commonReward=347648000000000 burn=1390592000000000 accounts=7 engine=0/0/0
    dex_financial_network_test.go:456: CLX_FINALIZED tx=0x4083a4ad5baede2aeed114066044496cc4cee4ad488f8d7764501d7b07999ff2 height=9 hash=0xf53ec059611405cd093a1eb2a0778d91f3bb2a9625ccabef2f602daf8b565502 status=1 payer=0xF00E801f54Fac304fd800F5589FE8B4D51601C45 gas=13028900 value=0
    dex_financial_network_test.go:470: DEX_FINALIZED_AND_CLX_SETTLED sequence=1 checkpoint=5965644708a258b0f28d1b2bfc5605fe5b15ab9a00187c3fe87107435e582d8a root=948c350b17efd69c2742dbc423d3f7937290693fceb3f6420a4408157942f7f3 clxAnchor=842ae670ab86ffd379eb3575b799e1d6f2758184eede29673fe76f23aeea75b4 finance=abb2c88e21b0466a374b03316485422fb448fed8acc76c12efe07312229747a8
    dex_financial_network_test.go:456: CLX_FINALIZED tx=0xfc65ebea784ddca8b39d975f09f50a4f9f1cb8f1cec6d9c6472a0fc6d22ddc63 height=11 hash=0xd40dd838513dbb380a864b159dc457c20d8c5e999e07a5970a032e8363d84752 status=1 payer=0xF00E801f54Fac304fd800F5589FE8B4D51601C45 gas=12126168 value=0
    dex_financial_network_test.go:470: DEX_FINALIZED_AND_CLX_SETTLED sequence=2 checkpoint=a6fc209c1dc88785a8c8d412ae7cf27fcce95e2f303526145c23bf810d6c0ba7 root=c15c266a0d0a4d92aa1b0514452aeebe2bd169911ae64cb8486a488cad4b83f2 clxAnchor=842ae670ab86ffd379eb3575b799e1d6f2758184eede29673fe76f23aeea75b4 finance=77e1bfb0dab06419efaa874042b9cd6a4e6a9a64f124a3c9f2c7c9e836843872
    dex_financial_network_test.go:456: CLX_FINALIZED tx=0x448cc0ea808ffb8af08091639bd7794a89f4694ee96b56e003e399c32237b163 height=13 hash=0xfc445674f6f9418e544574deb9cf9dc6e5095ab11f3a4b93e69280078ef4dbd2 status=1 payer=0xF00E801f54Fac304fd800F5589FE8B4D51601C45 gas=12126168 value=0
    dex_financial_network_test.go:470: DEX_FINALIZED_AND_CLX_SETTLED sequence=3 checkpoint=28c83658b52a3d3739cc943a9ec8ee4d6670a5f36bd679c2d6a1c4a89dfc19c0 root=410c2b31e5b9e1a4a2df83c0229075f563836113e3da6de1686ef9a70e1d4d3a clxAnchor=842ae670ab86ffd379eb3575b799e1d6f2758184eede29673fe76f23aeea75b4 finance=697ff8596c36303dfdcf132bed6a2e04a4d50a7258aff9d1e7a39f1d6de7680b
    dex_financial_network_test.go:456: CLX_FINALIZED tx=0xd8e37c02a0b565c10e074d39ea98223dc0b7ba8263865477567d8cd7ca6654b8 height=15 hash=0xd3ea5802f45d9c4d00d894c24abc92891051a98ddc20afbb1b4e1d1b3a82b6aa status=1 payer=0xF00E801f54Fac304fd800F5589FE8B4D51601C45 gas=12126144 value=0
    dex_financial_network_test.go:470: DEX_FINALIZED_AND_CLX_SETTLED sequence=4 checkpoint=413bb53dd8339ff7eb429b6007fc168b0019cbd850c8de98c51c766240e8c18f root=85288ecb9e149c136800414a582f178c60c442587d90c29985a76b32b9bf10bd clxAnchor=842ae670ab86ffd379eb3575b799e1d6f2758184eede29673fe76f23aeea75b4 finance=d18293e4e4949ab9cdc6ff47437db6a35c106dbcccf8e078f7c451de72e6e71a
    dex_financial_network_test.go:456: CLX_FINALIZED tx=0x3e3a85e660d8c9495b8ed66b752a2a6e49db0ab7a48731d1fee180b64b5471cc height=17 hash=0xccd45c042c5a59909aeeda7a1db23931ebbf892cfa300d8599451f784eed560b status=1 payer=0xF00E801f54Fac304fd800F5589FE8B4D51601C45 gas=12126180 value=0
    dex_financial_network_test.go:470: DEX_FINALIZED_AND_CLX_SETTLED sequence=5 checkpoint=d1b5ee066aa758422d84dc6e117e3d95865a28057900f7ffcfe012d5f25a6ea4 root=a2cf8b6951074a827af17aee949136423f6e08501389d6fa2bdf566b3f49b687 clxAnchor=842ae670ab86ffd379eb3575b799e1d6f2758184eede29673fe76f23aeea75b4 finance=26d7b6f8addc0a4e93abfe23fee5e81e55a0af37188795f5012c4e535108255b
    dex_financial_network_test.go:456: CLX_FINALIZED tx=0xb1735107561bc36a4613b61138f62804b9961476657bc46dd9acdb2e743c09d2 height=19 hash=0x98141c65fbd4b7a3d5fe012d9e510022679cfaa029ef5c972f1bf7edf3d3c22b status=1 payer=0xF00E801f54Fac304fd800F5589FE8B4D51601C45 gas=12126156 value=0
    dex_financial_network_test.go:470: DEX_FINALIZED_AND_CLX_SETTLED sequence=6 checkpoint=33028149afde294e44e4ad862060b823896c552308c09d3586c530fa332d113e root=43eefb12ae4abd24d6acc4e2f76c5a030dcf8c7c29e3c0c350f1641f3f395432 clxAnchor=842ae670ab86ffd379eb3575b799e1d6f2758184eede29673fe76f23aeea75b4 finance=45fbdfeb474004e59f4abf6dca21337cddf696d5eb932974f718b3cab84bdd52
    dex_financial_network_test.go:456: CLX_FINALIZED tx=0xab02f3042ac5d0c3045684c744fe183674b9bf0cc90d8ab6c5d735edcb6f039c height=21 hash=0xbe51d11da20f6216344c87a1362beb47c0890160e8252d403f9ba52aa02f6145 status=1 payer=0xF00E801f54Fac304fd800F5589FE8B4D51601C45 gas=12126180 value=0
    dex_financial_network_test.go:470: DEX_FINALIZED_AND_CLX_SETTLED sequence=7 checkpoint=917118b3475e81be596bf7a6782202e383ed1e83f21747866ff7aed219f63abe root=4a8c9360ae8e096a3ce94b698be48dcaab6e17787f4c4e1c83700fcf8dfc8c24 clxAnchor=842ae670ab86ffd379eb3575b799e1d6f2758184eede29673fe76f23aeea75b4 finance=305c935e9dad2cc538f23508b90cd10a39f384896fd37ab35651d06e5a404547
    dex_financial_network_test.go:456: CLX_FINALIZED tx=0x625f9a4a56381d83c72ad50cccce52b12920b0d372795c3f697494c95c727b26 height=23 hash=0xe0a47d97824f9e4909cacb01fdbe3c881b18fba2bd4716efbf9001b057ea0123 status=1 payer=0xF00E801f54Fac304fd800F5589FE8B4D51601C45 gas=12126180 value=0
    dex_financial_network_test.go:470: DEX_FINALIZED_AND_CLX_SETTLED sequence=8 checkpoint=9f3e96e347ab08ea5291dd674fc548a7d118ea4236b9cfd1c9ec3e6d20eac0c6 root=e3a67d94fcf1b8dd9d0181b54493f77a0515956640427db4fbcb54ea5adeb9e5 clxAnchor=842ae670ab86ffd379eb3575b799e1d6f2758184eede29673fe76f23aeea75b4 finance=bf62a4102533e3b62e9c2a6654db05a7b0a1b1307e63c0db762522029275bd85
    dex_financial_network_test.go:456: CLX_FINALIZED tx=0x88f3e79739bb2098f65f12971a82b3f4005bb2ff0aef00364e7d1f9bdcb6fec2 height=25 hash=0x64b1b4fe08215657588fe94bb2f0c3db3fa839def2ec4c629b30cc7a8f5d15a1 status=1 payer=0xF00E801f54Fac304fd800F5589FE8B4D51601C45 gas=12126192 value=0
    dex_financial_network_test.go:470: DEX_FINALIZED_AND_CLX_SETTLED sequence=9 checkpoint=b4f8bd4fcae5954eea6adc8d89038dce1dd484207603b1c6279b150388bd3abb root=6e3f925a0cca3c6e7ddc62bb10ed1f36cf63653fdd7ee5c2ecc660fc434077ec clxAnchor=842ae670ab86ffd379eb3575b799e1d6f2758184eede29673fe76f23aeea75b4 finance=baa1c0bdd19d6156eb87f423b9c9a8cfe83907edb6737b52793565279e477d28
    dex_financial_network_test.go:456: CLX_FINALIZED tx=0x3ea488177d93f969851fca30c41fd7f2478b17d09c3c1610757fa9de8c8c042e height=27 hash=0x48901d64d0907a816861c624c72d64c23cbd9379e15ba47f4f34a7e3961d3b36 status=1 payer=0xF00E801f54Fac304fd800F5589FE8B4D51601C45 gas=12126180 value=0
    dex_financial_network_test.go:470: DEX_FINALIZED_AND_CLX_SETTLED sequence=10 checkpoint=fb15d09f3cdeb1afe6de3ff86e1f6905fd6448ee214c9c9347c79b13e5b8b68a root=bb31e11403675cc46b4cc7e9def5d6ed80b68b23a7fe8f1a577cbe4d445123ff clxAnchor=842ae670ab86ffd379eb3575b799e1d6f2758184eede29673fe76f23aeea75b4 finance=d03505b7714eeaea08cb27d5f84c1247a2322e9e0be251b8f33dea900729a9a1
    dex_financial_network_test.go:456: CLX_FINALIZED tx=0x8e4f38ae13f012585970a61f00b210844c83452cc91a2349a15487eff2f4b99a height=29 hash=0x9d5ffd5ad805e93233d4f1d8959d19f74c2d3327b44ccc3d9f229234331c8653 status=1 payer=0xF00E801f54Fac304fd800F5589FE8B4D51601C45 gas=12126192 value=0
    dex_financial_network_test.go:470: DEX_FINALIZED_AND_CLX_SETTLED sequence=11 checkpoint=08eca6c70b13a9324f8acc6ac37788511eeefe908d27afb3d1cce2e40cddafba root=416c8f8fe6482b6d6393d3195219ec547613e796b63006a401ae1d7e68753a26 clxAnchor=842ae670ab86ffd379eb3575b799e1d6f2758184eede29673fe76f23aeea75b4 finance=ae7cd4b84740e007686fd0219dddc6a0ef97d9cae51d884da05b87dbb3eca023
    dex_financial_network_test.go:456: CLX_FINALIZED tx=0xade4dc658c257ed554b9db5d022ca5802e10f9a491eccda303eb5506bfdf6593 height=31 hash=0x47b1921eedcf9dd3a43a978e2dbe95aa4566bdbc9718b014d82609732bc6dee6 status=1 payer=0xF00E801f54Fac304fd800F5589FE8B4D51601C45 gas=12126192 value=0
    dex_financial_network_test.go:470: DEX_FINALIZED_AND_CLX_SETTLED sequence=12 checkpoint=39c795c6ef6fb646a1755b023b88ceda1e838b198a3a3be1513474a5ba28fe92 root=3be34d5ac687befa0d2213cb35c711c84a515c78bc2cf99e549244d0eb2cc366 clxAnchor=842ae670ab86ffd379eb3575b799e1d6f2758184eede29673fe76f23aeea75b4 finance=caf821496d901283bcc7ab803b0cdabedd7b25d202a14c306214ca761e2e3d37
    dex_financial_network_test.go:456: CLX_FINALIZED tx=0x7fb00c5fb2350a654518f646232c72b391236ec6d90f392ae7d877ac6e5cd05c height=33 hash=0x80fe39d71ba06d4e9406b741eb7a3330521004bc34735a1b26dac472feb52ef7 status=1 payer=0xF00E801f54Fac304fd800F5589FE8B4D51601C45 gas=12126228 value=0
    dex_financial_network_test.go:470: DEX_FINALIZED_AND_CLX_SETTLED sequence=13 checkpoint=146da5cab27e1fdf22a27c79522c014526c88179f0433cff8dc097d375d28193 root=bda0a168e4eab3eb967fb6c8afdd41f1c44ec821b35f68151014ddccafbe3bf9 clxAnchor=842ae670ab86ffd379eb3575b799e1d6f2758184eede29673fe76f23aeea75b4 finance=99f3040123025dd2a5218b8d687cb7735ba5bf913449090c736eb4d6c102c4dc
    dex_financial_network_test.go:456: CLX_FINALIZED tx=0x0f9e5ee5f25752b3767b832e9647acb5d1df9a75bee03c5b1698031abbba8a93 height=35 hash=0x1142d192f7d1cb85ea72175fe0cedb06ef1e76083b66847f481d24fa277a20b7 status=1 payer=0xF00E801f54Fac304fd800F5589FE8B4D51601C45 gas=12126672 value=0
    dex_financial_network_test.go:470: DEX_FINALIZED_AND_CLX_SETTLED sequence=14 checkpoint=d617186e25a24103b2282295ccb4ed8708ab7b12189e53265f84bc5d081866a0 root=2058dc6e782f949874c22ed2cd70a7a0ee83f62017565ba38f57569ce04a35b9 clxAnchor=842ae670ab86ffd379eb3575b799e1d6f2758184eede29673fe76f23aeea75b4 finance=4e083d0451084a910bcdc3ac2e92d96ffc2b1333a5625ce395fec3ab3524be85
    dex_financial_network_test.go:456: CLX_FINALIZED tx=0xefd8ce531ecbf0cc7e73f85199b2faa356d29f552c4f9e7f47c08a337a930955 height=37 hash=0x795b38243e6c4fec79932b7beb68f67ecd91ab12d038b73aa33d88ece9bf86f5 status=1 payer=0xF00E801f54Fac304fd800F5589FE8B4D51601C45 gas=12126132 value=0
    dex_financial_network_test.go:470: DEX_FINALIZED_AND_CLX_SETTLED sequence=15 checkpoint=5350f294a458850287683db579e5c519e1170ccf46f3c70188e624c7f492418d root=f7fea77780be592211a84732495f2b1a05ba8383b49c0e6be336534ef1da3328 clxAnchor=842ae670ab86ffd379eb3575b799e1d6f2758184eede29673fe76f23aeea75b4 finance=5ec6adc3d3cf9767a205d7d617c39d0b981fdf90a28ccba1a9410a903c8d411a
    dex_financial_network_test.go:456: CLX_FINALIZED tx=0xdab9250cdc170a05b7aa02e5b135f2043b925f7e96511a3481ba6ab67764d6d1 height=39 hash=0x4e9f29c81793117fd8525f45fd0a1cc63ffbae503659a83c1044f5c92118789b status=1 payer=0xF00E801f54Fac304fd800F5589FE8B4D51601C45 gas=12126120 value=0
    dex_financial_network_test.go:470: DEX_FINALIZED_AND_CLX_SETTLED sequence=16 checkpoint=449bba498e2769f98aaa0a672db3da3345216ad8a3a02643cddb96de666f594a root=75fee811f500afff353bc3c250a6780d1418f36e3445437ee4b0456823848548 clxAnchor=842ae670ab86ffd379eb3575b799e1d6f2758184eede29673fe76f23aeea75b4 finance=38a327fadb3cbe3d350e72d37999c6b2e24f52250fc80a787a5e725244ed8303
    dex_financial_network_test.go:456: CLX_FINALIZED tx=0x3e9bf8a08205510172a3087a2c8fcc61e871a70dd56d494035bfbacdb02c4be9 height=41 hash=0x7944af95f25c1e2f3d8f761172af7032df57601395b0fd518f3fd1d2fa30576f status=1 payer=0xF00E801f54Fac304fd800F5589FE8B4D51601C45 gas=12126120 value=0
    dex_financial_network_test.go:470: DEX_FINALIZED_AND_CLX_SETTLED sequence=17 checkpoint=d8e255e95c9998cca06ae0a9d22f8af038a1b981536eb5006272cf8f5d524506 root=63b76ccd4a070978c74bd1ecf970bfd7e0a3408ada1caf5226aab8c6f8e9e3d3 clxAnchor=842ae670ab86ffd379eb3575b799e1d6f2758184eede29673fe76f23aeea75b4 finance=51d351a6d931d89ed8fd4f9f25f2099c14fba16637910b615da7c0ca31391f33
    dex_financial_network_test.go:456: CLX_FINALIZED tx=0x358d96cd47059e14f442bb44dde0b609bb6fe652601d101295d6e465707f1ea5 height=43 hash=0xbbd88eeb62c5898a0ddb7f1d4fbe7c33fecc3b133871ca67afe1eab43d3ad6b1 status=1 payer=0xF00E801f54Fac304fd800F5589FE8B4D51601C45 gas=12127164 value=0
    dex_financial_network_test.go:470: DEX_FINALIZED_AND_CLX_SETTLED sequence=18 checkpoint=39291ac95041e318e1bed8eb1c175a9b228e123acd690e572ee9582d38b0b42e root=14d050bf3b1ba9d051e80c6203a7af14fc6e5b52e3fe81f13c18ba92db51afae clxAnchor=842ae670ab86ffd379eb3575b799e1d6f2758184eede29673fe76f23aeea75b4 finance=bce8b83994e03729db6d35dbb2a3fc3e2781d3255325ef777cf605ed8d9d8618
    dex_financial_network_test.go:478: CLX_FINALIZED tx=0xa9168b51942c74663a0d9ee299f06f0901792a90151a9e50edc2642724388158 height=45 hash=0xcacb247a89aa6f076181bac0f4298c4fd81db1c39294b341f80330f98f0c281a status=1 payer=0x9183C1c3882DDB41724E72690c2a009f54397a83 gas=12127164 value=0
    dex_financial_network_test.go:479: CLX_FINALIZED tx=0x12c9707623aebbd3a26aa6c1c7671489130526c7a323f18082c94cfdbcb70e29 height=47 hash=0x1b66593c98514005d34ddf07766e4645c4ca4532fe8627a8964b755e9fcebf5b status=0 payer=0xB69E5CCe2476D728640f8B3C116a2A111933eceA gas=12127164 value=0
    dex_financial_network_test.go:484: NATIVE_LEDGER_RECONCILED height=47 custody=225000000000000000000 gas=391225593600000000 commonReward=78245118720000000 burn=312980474880000000 accounts=7 engine=0/0/0
    dex_financial_network_test.go:484: CLX_CRASH_REOPEN height=47 oldPIDs=[943775 943784 943790 943797 943803 943810 943816] newPIDs=[945343 945417 945456 945471 945598 945622 945627] root=0xa92d39fcedf01a654121b7faabbc0271ef3dccc1a9edba5ba18524856ca87271
    dex_financial_network_test.go:502: CLX_FINALIZED tx=0x88b5febab87f212fdac6407867d8facc5b9a6b9c251289aa9940ab70a0c28afc height=49 hash=0x466f66f93d9f347349f0ae6e33142ccfb9e9c5b3a3d10e9ab801f2c0fd9c0240 status=1 payer=0xF00E801f54Fac304fd800F5589FE8B4D51601C45 gas=384696 value=0
    dex_financial_network_test.go:505: CLAIM_PAID id=85e1bd68669b1491f97f92b10c73fbdf9825605eaadb958ff1b5c32622e33930 recipient=0x98737CA779CD259BbA0E4E0F98D61Ae676A94E33 amount=10000000000000000000 kind=1
    dex_financial_network_test.go:502: CLX_FINALIZED tx=0x7c288a4552d9d46c194dba27097f96edc912aa631ef9e6e8ee2f83815f7186b3 height=51 hash=0x418be7a4f077e92e01c023b5e3d53f15145e17466ebc7f5ea9eb50e72be243b8 status=1 payer=0xF00E801f54Fac304fd800F5589FE8B4D51601C45 gas=390144 value=0
    dex_financial_network_test.go:505: CLAIM_PAID id=19ee74fda2b7a561b104272029b3011d2c095c8bd6f08ebbf7ed6b18c674c5b1 recipient=0x4154313530Eea2583398204D6002c0951bFe7696 amount=142857142857142857 kind=2
    dex_financial_network_test.go:502: CLX_FINALIZED tx=0x90e063ca527164a9c4e001b558eaead727e2861ff7cc57fcf168bf6ecc9d553d height=53 hash=0xe5189ca87866a429cc2eddc54bb02f3acaf2877524f1ad8591c48e3ba1a8ed50 status=1 payer=0xF00E801f54Fac304fd800F5589FE8B4D51601C45 gas=390144 value=0
    dex_financial_network_test.go:505: CLAIM_PAID id=323455827a815fc7e52ef91a7da0a508de24dc4020857d2afd8f6b6600c2c2af recipient=0xEF8ad7C3658eaB28c93458b329214B6AA0Cf0116 amount=142857142857142858 kind=2
    dex_financial_network_test.go:502: CLX_FINALIZED tx=0x22d50a21bf68dfd2a415838d6519fd69a2cc207c84985d4c506f70f622076958 height=55 hash=0x6d8dc126075703091229ecdedaeb8895dd032cef6453bf3be81c43dc03a65ce9 status=1 payer=0xF00E801f54Fac304fd800F5589FE8B4D51601C45 gas=390156 value=0
    dex_financial_network_test.go:505: CLAIM_PAID id=358d5b7b10e437a23cf737cac6afffde4e3d5b31b892032453e9097585f3b53c recipient=0x212f7Af03e22f8D8105602a6Bb1694E23e7A218B amount=142857142857142857 kind=2
    dex_financial_network_test.go:502: CLX_FINALIZED tx=0xb6d87a4d9fe4fdaf0ab744774c6d504c780a17ab00b76587705d3d6ff83acfb9 height=57 hash=0x228926f033bc4c539a893e3e3342f0ae615b366c282915880c9361c07ddfbe95 status=1 payer=0xF00E801f54Fac304fd800F5589FE8B4D51601C45 gas=390132 value=0
    dex_financial_network_test.go:505: CLAIM_PAID id=653b46cd43359b85422ad2ae397013b6672881e5fb26869a4263f807e9041492 recipient=0x661AC952cf7Ee66100e5904cB3B546884f5b2bbb amount=142857142857142857 kind=2
    dex_financial_network_test.go:502: CLX_FINALIZED tx=0x8335b52f3ab49aece34e8bf747ba4a167d9146e177c8f44944fc33e24e468346 height=59 hash=0x88ed569397e60331c7dc917ed062e5c4a263b5450e3a548f7ee88fcea9d3b53d status=1 payer=0xF00E801f54Fac304fd800F5589FE8B4D51601C45 gas=390132 value=0
    dex_financial_network_test.go:505: CLAIM_PAID id=6904c8384952a3b3eac950a024348d4ca901a779e54f54a0da02a4f9c7473e8f recipient=0x57C8d99C10DE52f9EB2E5A5BffbA5131680513bC amount=142857142857142857 kind=2
    dex_financial_network_test.go:502: CLX_FINALIZED tx=0xbe9cef8f27bd40baa39344079fbfca8521d4cb082a0b63cc150b4038f0ff26ea height=61 hash=0xaa0c3e4d054568e02535d7122041e34cc2723e665846a5e7ff345a3aefb44d18 status=1 payer=0xF00E801f54Fac304fd800F5589FE8B4D51601C45 gas=390132 value=0
    dex_financial_network_test.go:505: CLAIM_PAID id=84c0688e83f17c6b527501c6e7f2c8b8113d850483bc2b85cbfaa4903f4d4996 recipient=0x211dC487714cB356aBaEbA370Fad846bfea9adf2 amount=142857142857142857 kind=2
    dex_financial_network_test.go:502: CLX_FINALIZED tx=0x4d0a5ea722c0494b8da0ad428d1683120e07f2d730866eac2beadcf71a1ef611 height=63 hash=0xc6bc3f95e5e4cc2fe4785c1b3663037b40ca50b33c51ecb73178e605712e8c17 status=1 payer=0xF00E801f54Fac304fd800F5589FE8B4D51601C45 gas=390144 value=0
    dex_financial_network_test.go:505: CLAIM_PAID id=b539e56801c47bbb8f5c7c563df432b720fedd8b81a939f65ae1f374aecd811f recipient=0x5FC1a948a0b85946c4c32d663928B80AB384C99F amount=142857142857142857 kind=2
    dex_financial_network_test.go:515: NATIVE_LEDGER_RECONCILED height=63 custody=214000000000000000000 gas=396210681600000000 commonReward=79242136320000000 burn=316968545280000000 accounts=15 engine=0/0/0
    dex_financial_network_test.go:531: CLX_ALL_STOPPED DEX_finalized>=22 CLX_accepted_sequence=18; no native payout callback; finite retention horizon=128
    dex_financial_network_test.go:516: NATIVE_LEDGER_RECONCILED height=63 custody=214000000000000000000 gas=396210681600000000 commonReward=79242136320000000 burn=316968545280000000 accounts=15 engine=0/0/0
    dex_financial_network_test.go:516: CLX_CRASH_REOPEN height=63 oldPIDs=[945343 945417 945456 945471 945598 945622 945627] newPIDs=[946357 946386 946497 946502 946603 946758 946782] root=0xec9ce2dcc674911f373cf2b5754842908badead0f5d0345448a481a4bd35237e
    dex_financial_faults_test.go:118: DEX_FINANCIAL_FAULT stage=one-stopped live=6 finalized=25 root=cd044c305b5e785f94659b16b8243762ff91a77f27d833706e078cadbcbfcb91 total=225CLX reserved=11CLX
    dex_financial_faults_test.go:58: DEX0 status=&{State:active Certified:29 Finalized:27 PendingTransport:99 Error:} certs=7 receiptErrors=0
    dex_financial_faults_test.go:58: DEX1 status=&{State:active Certified:29 Finalized:27 PendingTransport:95 Error:} certs=7 receiptErrors=0
    dex_financial_faults_test.go:58: DEX2 status=&{State:active Certified:29 Finalized:27 PendingTransport:95 Error:} certs=7 receiptErrors=0
    dex_financial_faults_test.go:58: DEX3 status=&{State:active Certified:29 Finalized:27 PendingTransport:97 Error:} certs=7 receiptErrors=0
    dex_financial_faults_test.go:58: DEX4 status=&{State:active Certified:29 Finalized:27 PendingTransport:97 Error:} certs=7 receiptErrors=0
    dex_financial_faults_test.go:58: DEX5 status=<nil> certs=0 receiptErrors=0
    dex_financial_faults_test.go:58: DEX6 status=<nil> certs=0 receiptErrors=0
    dex_financial_faults_test.go:58: financial DEX event deadline
    fhs_process_recovery_test.go:225: validator 946782 complete log: /tmp/fhs-process-failure-2487923727.log
    fhs_process_recovery_test.go:230: validator 946782 log tail:
        t=2026-09-22T08:51:56+0200 lvl=warn msg=GetBlockByNumer number=0
        t=2026-09-22T08:51:56+0200 lvl=warn msg=GetBlockByNumer number=1
        t=2026-09-22T08:51:56+0200 lvl=warn msg=GetBlockByNumer number=2
        t=2026-09-22T08:51:56+0200 lvl=warn msg=GetBlockByNumer number=3
        t=2026-09-22T08:51:56+0200 lvl=warn msg=GetBlockByNumer number=4
        t=2026-09-22T08:51:56+0200 lvl=warn msg=GetBlockByNumer number=5
        t=2026-09-22T08:51:56+0200 lvl=warn msg=GetBlockByNumer number=6
        t=2026-09-22T08:51:56+0200 lvl=warn msg=GetBlockByNumer number=7
        t=2026-09-22T08:51:56+0200 lvl=warn msg=GetBlockByNumer number=8
        t=2026-09-22T08:51:56+0200 lvl=warn msg=GetBlockByNumer number=9
        t=2026-09-22T08:51:56+0200 lvl=warn msg=GetBlockByNumer number=10
        t=2026-09-22T08:51:56+0200 lvl=warn msg=GetBlockByNumer number=11
        t=2026-09-22T08:51:56+0200 lvl=warn msg=GetBlockByNumer number=12
        t=2026-09-22T08:51:56+0200 lvl=warn msg=GetBlockByNumer number=13
        t=2026-09-22T08:51:56+0200 lvl=warn msg=GetBlockByNumer number=14
        t=2026-09-22T08:51:56+0200 lvl=warn msg=GetBlockByNumer number=15
        t=2026-09-22T08:51:56+0200 lvl=warn msg=GetBlockByNumer number=16
        t=2026-09-22T08:51:56+0200 lvl=warn msg=GetBlockByNumer number=17
        t=2026-09-22T08:51:56+0200 lvl=warn msg=GetBlockByNumer number=18
        t=2026-09-22T08:51:56+0200 lvl=warn msg=GetBlockByNumer number=19
        t=2026-09-22T08:51:56+0200 lvl=warn msg=GetBlockByNumer number=20
        t=2026-09-22T08:51:56+0200 lvl=warn msg=GetBlockByNumer number=21
        t=2026-09-22T08:51:56+0200 lvl=warn msg=GetBlockByNumer number=22
        t=2026-09-22T08:51:56+0200 lvl=warn msg=GetBlockByNumer number=23
        t=2026-09-22T08:51:56+0200 lvl=warn msg=GetBlockByNumer number=24
        t=2026-09-22T08:51:56+0200 lvl=warn msg=GetBlockByNumer number=25
        t=2026-09-22T08:51:56+0200 lvl=warn msg=GetBlockByNumer number=26
        t=2026-09-22T08:51:56+0200 lvl=warn msg=GetBlockByNumer number=27
        t=2026-09-22T08:51:56+0200 lvl=warn msg=GetBlockByNumer number=28
        t=2026-09-22T08:51:56+0200 lvl=warn msg=GetBlockByNumer number=29
        t=2026-09-22T08:51:56+0200 lvl=warn msg=GetBlockByNumer number=30
        t=2026-09-22T08:51:56+0200 lvl=warn msg=GetBlockByNumer number=31
        t=2026-09-22T08:51:56+0200 lvl=warn msg=GetBlockByNumer number=32
        t=2026-09-22T08:51:56+0200 lvl=warn msg=GetBlockByNumer number=33
        t=2026-09-22T08:51:56+0200 lvl=warn msg=GetBlockByNumer number=34
        t=2026-09-22T08:51:56+0200 lvl=warn msg=GetBlockByNumer number=35
        t=2026-09-22T08:51:56+0200 lvl=warn msg=GetBlockByNumer number=36
        t=2026-09-22T08:51:56+0200 lvl=warn msg=GetBlockByNumer number=37
        t=2026-09-22T08:51:56+0200 lvl=warn msg=GetBlockByNumer number=38
        t=2026-09-22T08:51:56+0200 lvl=warn msg=GetBlockByNumer number=39
        t=2026-09-22T08:51:56+0200 lvl=warn msg=GetBlockByNumer number=40
        t=2026-09-22T08:51:56+0200 lvl=warn msg=GetBlockByNumer number=41
        t=2026-09-22T08:51:56+0200 lvl=warn msg=GetBlockByNumer number=42
        t=2026-09-22T08:51:56+0200 lvl=warn msg=GetBlockByNumer number=43
        t=2026-09-22T08:51:56+0200 lvl=warn msg=GetBlockByNumer number=44
        t=2026-09-22T08:51:56+0200 lvl=warn msg=GetBlockByNumer number=45
        t=2026-09-22T08:51:56+0200 lvl=warn msg=GetBlockByNumer number=46
        t=2026-09-22T08:51:56+0200 lvl=warn msg=GetBlockByNumer number=47
        t=2026-09-22T08:51:56+0200 lvl=warn msg=GetBlockByNumer number=48
        t=2026-09-22T08:51:56+0200 lvl=warn msg=GetBlockByNumer number=49
        t=2026-09-22T08:51:56+0200 lvl=warn msg=GetBlockByNumer number=50
        t=2026-09-22T08:51:56+0200 lvl=warn msg=GetBlockByNumer number=51
        t=2026-09-22T08:51:56+0200 lvl=warn msg=GetBlockByNumer number=52
        t=2026-09-22T08:51:56+0200 lvl=warn msg=GetBlockByNumer number=53
        t=2026-09-22T08:51:56+0200 lvl=warn msg=GetBlockByNumer number=54
        t=2026-09-22T08:51:56+0200 lvl=warn msg=GetBlockByNumer number=55
        t=2026-09-22T08:51:56+0200 lvl=warn msg=GetBlockByNumer number=56
        t=2026-09-22T08:51:56+0200 lvl=warn msg=GetBlockByNumer number=57
        t=2026-09-22T08:51:56+0200 lvl=warn msg=GetBlockByNumer number=58
        t=2026-09-22T08:51:56+0200 lvl=warn msg=GetBlockByNumer number=59
        t=2026-09-22T08:51:56+0200 lvl=warn msg=GetBlockByNumer number=60
        t=2026-09-22T08:51:56+0200 lvl=warn msg=GetBlockByNumer number=61
        t=2026-09-22T08:51:56+0200 lvl=warn msg=GetBlockByNumer number=62
        t=2026-09-22T08:51:56+0200 lvl=warn msg=GetBlockByNumer number=63
        t=2026-09-22T08:51:56+0200 lvl=warn msg=GetBlockByNumer number=1
        t=2026-09-22T08:51:56+0200 lvl=warn msg=GetBlockByNumer number=2
        t=2026-09-22T08:51:56+0200 lvl=warn msg=GetBlockByNumer number=3
        t=2026-09-22T08:51:56+0200 lvl=warn msg=GetBlockByNumer number=4
        t=2026-09-22T08:51:56+0200 lvl=warn msg=GetBlockByNumer number=5
        t=2026-09-22T08:51:56+0200 lvl=warn msg=GetBlockByNumer number=6
        t=2026-09-22T08:51:56+0200 lvl=warn msg=GetBlockByNumer number=7
        t=2026-09-22T08:51:56+0200 lvl=warn msg=GetBlockByNumer number=8
        t=2026-09-22T08:51:56+0200 lvl=warn msg=GetBlockByNumer number=9
        t=2026-09-22T08:51:56+0200 lvl=warn msg=GetBlockByNumer number=10
        t=2026-09-22T08:51:56+0200 lvl=warn msg=GetBlockByNumer number=11
        t=2026-09-22T08:51:56+0200 lvl=warn msg=GetBlockByNumer number=12
        t=2026-09-22T08:51:56+0200 lvl=warn msg=GetBlockByNumer number=13
        t=2026-09-22T08:51:56+0200 lvl=warn msg=GetBlockByNumer number=14
        t=2026-09-22T08:51:56+0200 lvl=warn msg=GetBlockByNumer number=15
        t=2026-09-22T08:51:56+0200 lvl=warn msg=GetBlockByNumer number=16
        t=2026-09-22T08:51:56+0200 lvl=warn msg=GetBlockByNumer number=17
        t=2026-09-22T08:51:56+0200 lvl=warn msg=GetBlockByNumer number=18
        t=2026-09-22T08:51:56+0200 lvl=warn msg=GetBlockByNumer number=19
        t=2026-09-22T08:51:56+0200 lvl=warn msg=GetBlockByNumer number=20
        t=2026-09-22T08:51:56+0200 lvl=warn msg=GetBlockByNumer number=21
        t=2026-09-22T08:51:56+0200 lvl=warn msg=GetBlockByNumer number=22
        t=2026-09-22T08:51:56+0200 lvl=warn msg=GetBlockByNumer number=23
        t=2026-09-22T08:51:56+0200 lvl=warn msg=GetBlockByNumer number=24
        t=2026-09-22T08:51:56+0200 lvl=warn msg=GetBlockByNumer number=25
        t=2026-09-22T08:51:56+0200 lvl=warn msg=GetBlockByNumer number=26
        t=2026-09-22T08:51:56+0200 lvl=warn msg=GetBlockByNumer number=27
        t=2026-09-22T08:51:56+0200 lvl=warn msg=GetBlockByNumer number=28
        t=2026-09-22T08:51:56+0200 lvl=warn msg=GetBlockByNumer number=29
        t=2026-09-22T08:51:56+0200 lvl=warn msg=GetBlockByNumer number=30
        t=2026-09-22T08:51:56+0200 lvl=warn msg=GetBlockByNumer number=31
        t=2026-09-22T08:51:56+0200 lvl=warn msg=GetBlockByNumer number=32
        t=2026-09-22T08:51:56+0200 lvl=warn msg=GetBlockByNumer number=33
        t=2026-09-22T08:51:56+0200 lvl=warn msg=GetBlockByNumer number=34
        t=2026-09-22T08:51:56+0200 lvl=warn msg=GetBlockByNumer number=35
        t=2026-09-22T08:51:56+0200 lvl=warn msg=GetBlockByNumer number=36
        t=2026-09-22T08:51:56+0200 lvl=warn msg=GetBlockByNumer number=37
        t=2026-09-22T08:51:56+0200 lvl=warn msg=GetBlockByNumer number=38
        t=2026-09-22T08:51:56+0200 lvl=warn msg=GetBlockByNumer number=39
        t=2026-09-22T08:51:56+0200 lvl=warn msg=GetBlockByNumer number=40
        t=2026-09-22T08:51:56+0200 lvl=warn msg=GetBlockByNumer number=41
        t=2026-09-22T08:51:56+0200 lvl=warn msg=GetBlockByNumer number=42
        t=2026-09-22T08:51:56+0200 lvl=warn msg=GetBlockByNumer number=43
        t=2026-09-22T08:51:56+0200 lvl=warn msg=GetBlockByNumer number=44
        t=2026-09-22T08:51:56+0200 lvl=warn msg=GetBlockByNumer number=45
        t=2026-09-22T08:51:56+0200 lvl=warn msg=GetBlockByNumer number=46
        t=2026-09-22T08:51:56+0200 lvl=warn msg=GetBlockByNumer number=47
        t=2026-09-22T08:51:56+0200 lvl=warn msg=GetBlockByNumer number=48
        t=2026-09-22T08:51:56+0200 lvl=warn msg=GetBlockByNumer number=49
        t=2026-09-22T08:51:56+0200 lvl=warn msg=GetBlockByNumer number=50
        t=2026-09-22T08:51:56+0200 lvl=warn msg=GetBlockByNumer number=51
        t=2026-09-22T08:51:56+0200 lvl=warn msg=GetBlockByNumer number=52
        t=2026-09-22T08:51:56+0200 lvl=warn msg=GetBlockByNumer number=53
        t=2026-09-22T08:51:56+0200 lvl=warn msg=GetBlockByNumer number=54
        t=2026-09-22T08:51:56+0200 lvl=warn msg=GetBlockByNumer number=55
        t=2026-09-22T08:51:56+0200 lvl=warn msg=GetBlockByNumer number=56
        t=2026-09-22T08:51:56+0200 lvl=warn msg=GetBlockByNumer number=57
        t=2026-09-22T08:51:56+0200 lvl=warn msg=GetBlockByNumer number=58
        t=2026-09-22T08:51:56+0200 lvl=warn msg=GetBlockByNumer number=59
        t=2026-09-22T08:51:56+0200 lvl=warn msg=GetBlockByNumer number=60
        t=2026-09-22T08:51:56+0200 lvl=warn msg=GetBlockByNumer number=61
        t=2026-09-22T08:51:56+0200 lvl=warn msg=GetBlockByNumer number=62
        t=2026-09-22T08:51:56+0200 lvl=warn msg=GetBlockByNumer number=63
        t=2026-09-22T08:51:56+0200 lvl=warn msg="Failed to load snapshot, regenerating" err="missing or corrupted snapshot journal"
        t=2026-09-22T08:51:56+0200 lvl=warn msg=GetBlockByNumer                         number=1
        t=2026-09-22T08:51:57+0200 lvl=warn msg=GetBlockByNumer                         number=1
        t=2026-09-22T08:51:57+0200 lvl=warn msg=GetBlockByNumer                         number=63
        t=2026-09-22T08:51:57+0200 lvl=warn msg=GetBlockByNumer                         number=1
        t=2026-09-22T08:51:57+0200 lvl=warn msg=GetBlockByNumer                         number=1
        t=2026-09-22T08:51:57+0200 lvl=warn msg=GetBlockByNumer                         number=1
        t=2026-09-22T08:51:57+0200 lvl=warn msg=GetBlockByNumer                         number=63
        t=2026-09-22T08:51:58+0200 lvl=warn msg=GetBlockByNumer                         number=1
        t=2026-09-22T08:51:58+0200 lvl=warn msg=GetBlockByNumer                         number=63
        t=2026-09-22T08:52:02+0200 lvl=warn msg="HOTSTUFF RECOVERY resend NewView"      number=65 viewID=0xbecd93aa71ae0805fcc56a1889f73b110b3e8a727f4f15ff1b5765b8c8bb069d to=127.0.0.1:47103
        t=2026-09-22T08:52:07+0200 lvl=warn msg="HOTSTUFF RECOVERY resend NewView"      number=65 viewID=0xbecd93aa71ae0805fcc56a1889f73b110b3e8a727f4f15ff1b5765b8c8bb069d to=127.0.0.1:47103
        t=2026-09-22T08:52:12+0200 lvl=warn msg="HOTSTUFF RECOVERY resend NewView"      number=65 viewID=0xbecd93aa71ae0805fcc56a1889f73b110b3e8a727f4f15ff1b5765b8c8bb069d to=127.0.0.1:47103
        t=2026-09-22T08:52:17+0200 lvl=warn msg="HOTSTUFF RECOVERY resend NewView"      number=65 viewID=0xbecd93aa71ae0805fcc56a1889f73b110b3e8a727f4f15ff1b5765b8c8bb069d to=127.0.0.1:47103
        t=2026-09-22T08:52:22+0200 lvl=warn msg="HOTSTUFF RECOVERY resend NewView"      number=65 viewID=0xbecd93aa71ae0805fcc56a1889f73b110b3e8a727f4f15ff1b5765b8c8bb069d to=127.0.0.1:47103
        t=2026-09-22T08:52:27+0200 lvl=warn msg="HOTSTUFF RECOVERY resend NewView"      number=65 viewID=0xbecd93aa71ae0805fcc56a1889f73b110b3e8a727f4f15ff1b5765b8c8bb069d to=127.0.0.1:47103
        t=2026-09-22T08:52:32+0200 lvl=warn msg="HOTSTUFF RECOVERY resend NewView"      number=65 viewID=0xbecd93aa71ae0805fcc56a1889f73b110b3e8a727f4f15ff1b5765b8c8bb069d to=127.0.0.1:47103
        t=2026-09-22T08:52:37+0200 lvl=warn msg="HOTSTUFF RECOVERY resend NewView"      number=65 viewID=0xbecd93aa71ae0805fcc56a1889f73b110b3e8a727f4f15ff1b5765b8c8bb069d to=127.0.0.1:47103
        t=2026-09-22T08:52:42+0200 lvl=warn msg="HOTSTUFF RECOVERY resend NewView"      number=65 viewID=0xbecd93aa71ae0805fcc56a1889f73b110b3e8a727f4f15ff1b5765b8c8bb069d to=127.0.0.1:47103
        t=2026-09-22T08:52:47+0200 lvl=warn msg="HOTSTUFF RECOVERY resend NewView"      number=65 viewID=0xbecd93aa71ae0805fcc56a1889f73b110b3e8a727f4f15ff1b5765b8c8bb069d to=127.0.0.1:47103
        t=2026-09-22T08:52:52+0200 lvl=warn msg="HOTSTUFF RECOVERY resend NewView"      number=65 viewID=0xbecd93aa71ae0805fcc56a1889f73b110b3e8a727f4f15ff1b5765b8c8bb069d to=127.0.0.1:47103
        t=2026-09-22T08:52:57+0200 lvl=warn msg="HOTSTUFF RECOVERY resend NewView"      number=65 viewID=0xbecd93aa71ae0805fcc56a1889f73b110b3e8a727f4f15ff1b5765b8c8bb069d to=127.0.0.1:47103
    fhs_process_recovery_test.go:225: validator 946758 complete log: /tmp/fhs-process-failure-1666185605.log
    fhs_process_recovery_test.go:230: validator 946758 log tail:
        t=2026-09-22T08:51:53+0200 lvl=warn msg=GetBlockByNumer number=0
        t=2026-09-22T08:51:53+0200 lvl=warn msg=GetBlockByNumer number=1
        t=2026-09-22T08:51:53+0200 lvl=warn msg=GetBlockByNumer number=2
        t=2026-09-22T08:51:53+0200 lvl=warn msg=GetBlockByNumer number=3
        t=2026-09-22T08:51:53+0200 lvl=warn msg=GetBlockByNumer number=4
        t=2026-09-22T08:51:53+0200 lvl=warn msg=GetBlockByNumer number=5
        t=2026-09-22T08:51:53+0200 lvl=warn msg=GetBlockByNumer number=6
        t=2026-09-22T08:51:53+0200 lvl=warn msg=GetBlockByNumer number=7
        t=2026-09-22T08:51:53+0200 lvl=warn msg=GetBlockByNumer number=8
        t=2026-09-22T08:51:53+0200 lvl=warn msg=GetBlockByNumer number=9
        t=2026-09-22T08:51:53+0200 lvl=warn msg=GetBlockByNumer number=10
        t=2026-09-22T08:51:53+0200 lvl=warn msg=GetBlockByNumer number=11
        t=2026-09-22T08:51:53+0200 lvl=warn msg=GetBlockByNumer number=12
        t=2026-09-22T08:51:53+0200 lvl=warn msg=GetBlockByNumer number=13
        t=2026-09-22T08:51:53+0200 lvl=warn msg=GetBlockByNumer number=14
        t=2026-09-22T08:51:53+0200 lvl=warn msg=GetBlockByNumer number=15
        t=2026-09-22T08:51:53+0200 lvl=warn msg=GetBlockByNumer number=16
        t=2026-09-22T08:51:53+0200 lvl=warn msg=GetBlockByNumer number=17
        t=2026-09-22T08:51:53+0200 lvl=warn msg=GetBlockByNumer number=18
        t=2026-09-22T08:51:53+0200 lvl=warn msg=GetBlockByNumer number=19
        t=2026-09-22T08:51:53+0200 lvl=warn msg=GetBlockByNumer number=20
        t=2026-09-22T08:51:53+0200 lvl=warn msg=GetBlockByNumer number=21
        t=2026-09-22T08:51:53+0200 lvl=warn msg=GetBlockByNumer number=22
        t=2026-09-22T08:51:53+0200 lvl=warn msg=GetBlockByNumer number=23
        t=2026-09-22T08:51:53+0200 lvl=warn msg=GetBlockByNumer number=24
        t=2026-09-22T08:51:53+0200 lvl=warn msg=GetBlockByNumer number=25
        t=2026-09-22T08:51:53+0200 lvl=warn msg=GetBlockByNumer number=26
        t=2026-09-22T08:51:53+0200 lvl=warn msg=GetBlockByNumer number=27
        t=2026-09-22T08:51:53+0200 lvl=warn msg=GetBlockByNumer number=28
        t=2026-09-22T08:51:53+0200 lvl=warn msg=GetBlockByNumer number=29
        t=2026-09-22T08:51:53+0200 lvl=warn msg=GetBlockByNumer number=30
        t=2026-09-22T08:51:53+0200 lvl=warn msg=GetBlockByNumer number=31
        t=2026-09-22T08:51:53+0200 lvl=warn msg=GetBlockByNumer number=32
        t=2026-09-22T08:51:53+0200 lvl=warn msg=GetBlockByNumer number=33
        t=2026-09-22T08:51:53+0200 lvl=warn msg=GetBlockByNumer number=34
        t=2026-09-22T08:51:53+0200 lvl=warn msg=GetBlockByNumer number=35
        t=2026-09-22T08:51:53+0200 lvl=warn msg=GetBlockByNumer number=36
        t=2026-09-22T08:51:53+0200 lvl=warn msg=GetBlockByNumer number=37
        t=2026-09-22T08:51:53+0200 lvl=warn msg=GetBlockByNumer number=38
        t=2026-09-22T08:51:53+0200 lvl=warn msg=GetBlockByNumer number=39
        t=2026-09-22T08:51:53+0200 lvl=warn msg=GetBlockByNumer number=40
        t=2026-09-22T08:51:53+0200 lvl=warn msg=GetBlockByNumer number=41
        t=2026-09-22T08:51:53+0200 lvl=warn msg=GetBlockByNumer number=42
        t=2026-09-22T08:51:53+0200 lvl=warn msg=GetBlockByNumer number=43
        t=2026-09-22T08:51:53+0200 lvl=warn msg=GetBlockByNumer number=44
        t=2026-09-22T08:51:53+0200 lvl=warn msg=GetBlockByNumer number=45
        t=2026-09-22T08:51:53+0200 lvl=warn msg=GetBlockByNumer number=46
        t=2026-09-22T08:51:53+0200 lvl=warn msg=GetBlockByNumer number=47
        t=2026-09-22T08:51:53+0200 lvl=warn msg=GetBlockByNumer number=48
        t=2026-09-22T08:51:53+0200 lvl=warn msg=GetBlockByNumer number=49
        t=2026-09-22T08:51:53+0200 lvl=warn msg=GetBlockByNumer number=50
        t=2026-09-22T08:51:53+0200 lvl=warn msg=GetBlockByNumer number=51
        t=2026-09-22T08:51:53+0200 lvl=warn msg=GetBlockByNumer number=52
        t=2026-09-22T08:51:53+0200 lvl=warn msg=GetBlockByNumer number=53
        t=2026-09-22T08:51:53+0200 lvl=warn msg=GetBlockByNumer number=54
        t=2026-09-22T08:51:53+0200 lvl=warn msg=GetBlockByNumer number=55
        t=2026-09-22T08:51:53+0200 lvl=warn msg=GetBlockByNumer number=56
        t=2026-09-22T08:51:53+0200 lvl=warn msg=GetBlockByNumer number=57
        t=2026-09-22T08:51:53+0200 lvl=warn msg=GetBlockByNumer number=58
        t=2026-09-22T08:51:53+0200 lvl=warn msg=GetBlockByNumer number=59
        t=2026-09-22T08:51:53+0200 lvl=warn msg=GetBlockByNumer number=60
        t=2026-09-22T08:51:53+0200 lvl=warn msg=GetBlockByNumer number=61
        t=2026-09-22T08:51:53+0200 lvl=warn msg=GetBlockByNumer number=62
        t=2026-09-22T08:51:53+0200 lvl=warn msg=GetBlockByNumer number=63
        t=2026-09-22T08:51:53+0200 lvl=warn msg=GetBlockByNumer number=1
        t=2026-09-22T08:51:53+0200 lvl=warn msg=GetBlockByNumer number=2
        t=2026-09-22T08:51:53+0200 lvl=warn msg=GetBlockByNumer number=3
        t=2026-09-22T08:51:53+0200 lvl=warn msg=GetBlockByNumer number=4
        t=2026-09-22T08:51:53+0200 lvl=warn msg=GetBlockByNumer number=5
        t=2026-09-22T08:51:53+0200 lvl=warn msg=GetBlockByNumer number=6
        t=2026-09-22T08:51:53+0200 lvl=warn msg=GetBlockByNumer number=7
        t=2026-09-22T08:51:53+0200 lvl=warn msg=GetBlockByNumer number=8
        t=2026-09-22T08:51:53+0200 lvl=warn msg=GetBlockByNumer number=9
        t=2026-09-22T08:51:53+0200 lvl=warn msg=GetBlockByNumer number=10
        t=2026-09-22T08:51:53+0200 lvl=warn msg=GetBlockByNumer number=11
        t=2026-09-22T08:51:53+0200 lvl=warn msg=GetBlockByNumer number=12
        t=2026-09-22T08:51:53+0200 lvl=warn msg=GetBlockByNumer number=13
        t=2026-09-22T08:51:53+0200 lvl=warn msg=GetBlockByNumer number=14
        t=2026-09-22T08:51:53+0200 lvl=warn msg=GetBlockByNumer number=15
        t=2026-09-22T08:51:53+0200 lvl=warn msg=GetBlockByNumer number=16
        t=2026-09-22T08:51:53+0200 lvl=warn msg=GetBlockByNumer number=17
        t=2026-09-22T08:51:53+0200 lvl=warn msg=GetBlockByNumer number=18
        t=2026-09-22T08:51:53+0200 lvl=warn msg=GetBlockByNumer number=19
        t=2026-09-22T08:51:53+0200 lvl=warn msg=GetBlockByNumer number=20
        t=2026-09-22T08:51:53+0200 lvl=warn msg=GetBlockByNumer number=21
        t=2026-09-22T08:51:53+0200 lvl=warn msg=GetBlockByNumer number=22
        t=2026-09-22T08:51:53+0200 lvl=warn msg=GetBlockByNumer number=23
        t=2026-09-22T08:51:53+0200 lvl=warn msg=GetBlockByNumer number=24
        t=2026-09-22T08:51:53+0200 lvl=warn msg=GetBlockByNumer number=25
        t=2026-09-22T08:51:53+0200 lvl=warn msg=GetBlockByNumer number=26
        t=2026-09-22T08:51:53+0200 lvl=warn msg=GetBlockByNumer number=27
        t=2026-09-22T08:51:53+0200 lvl=warn msg=GetBlockByNumer number=28
        t=2026-09-22T08:51:53+0200 lvl=warn msg=GetBlockByNumer number=29
        t=2026-09-22T08:51:53+0200 lvl=warn msg=GetBlockByNumer number=30
        t=2026-09-22T08:51:53+0200 lvl=warn msg=GetBlockByNumer number=31
        t=2026-09-22T08:51:53+0200 lvl=warn msg=GetBlockByNumer number=32
        t=2026-09-22T08:51:53+0200 lvl=warn msg=GetBlockByNumer number=33
        t=2026-09-22T08:51:53+0200 lvl=warn msg=GetBlockByNumer number=34
        t=2026-09-22T08:51:53+0200 lvl=warn msg=GetBlockByNumer number=35
        t=2026-09-22T08:51:53+0200 lvl=warn msg=GetBlockByNumer number=36
        t=2026-09-22T08:51:53+0200 lvl=warn msg=GetBlockByNumer number=37
        t=2026-09-22T08:51:53+0200 lvl=warn msg=GetBlockByNumer number=38
        t=2026-09-22T08:51:53+0200 lvl=warn msg=GetBlockByNumer number=39
        t=2026-09-22T08:51:53+0200 lvl=warn msg=GetBlockByNumer number=40
        t=2026-09-22T08:51:53+0200 lvl=warn msg=GetBlockByNumer number=41
        t=2026-09-22T08:51:53+0200 lvl=warn msg=GetBlockByNumer number=42
        t=2026-09-22T08:51:53+0200 lvl=warn msg=GetBlockByNumer number=43
        t=2026-09-22T08:51:53+0200 lvl=warn msg=GetBlockByNumer number=44
        t=2026-09-22T08:51:53+0200 lvl=warn msg=GetBlockByNumer number=45
        t=2026-09-22T08:51:53+0200 lvl=warn msg=GetBlockByNumer number=46
        t=2026-09-22T08:51:53+0200 lvl=warn msg=GetBlockByNumer number=47
        t=2026-09-22T08:51:53+0200 lvl=warn msg=GetBlockByNumer number=48
        t=2026-09-22T08:51:53+0200 lvl=warn msg=GetBlockByNumer number=49
        t=2026-09-22T08:51:53+0200 lvl=warn msg=GetBlockByNumer number=50
        t=2026-09-22T08:51:53+0200 lvl=warn msg=GetBlockByNumer number=51
        t=2026-09-22T08:51:53+0200 lvl=warn msg=GetBlockByNumer number=52
        t=2026-09-22T08:51:53+0200 lvl=warn msg=GetBlockByNumer number=53
        t=2026-09-22T08:51:53+0200 lvl=warn msg=GetBlockByNumer number=54
        t=2026-09-22T08:51:53+0200 lvl=warn msg=GetBlockByNumer number=55
        t=2026-09-22T08:51:53+0200 lvl=warn msg=GetBlockByNumer number=56
        t=2026-09-22T08:51:53+0200 lvl=warn msg=GetBlockByNumer number=57
        t=2026-09-22T08:51:53+0200 lvl=warn msg=GetBlockByNumer number=58
        t=2026-09-22T08:51:53+0200 lvl=warn msg=GetBlockByNumer number=59
        t=2026-09-22T08:51:53+0200 lvl=warn msg=GetBlockByNumer number=60
        t=2026-09-22T08:51:53+0200 lvl=warn msg=GetBlockByNumer number=61
        t=2026-09-22T08:51:53+0200 lvl=warn msg=GetBlockByNumer number=62
        t=2026-09-22T08:51:53+0200 lvl=warn msg=GetBlockByNumer number=63
        t=2026-09-22T08:51:53+0200 lvl=warn msg="Failed to load snapshot, regenerating" err="missing or corrupted snapshot journal"
        t=2026-09-22T08:51:53+0200 lvl=warn msg=GetBlockByNumer                         number=1
        t=2026-09-22T08:51:57+0200 lvl=warn msg=GetBlockByNumer                         number=1
        t=2026-09-22T08:51:57+0200 lvl=warn msg=GetBlockByNumer                         number=63
        t=2026-09-22T08:51:57+0200 lvl=warn msg=GetBlockByNumer                         number=1
        t=2026-09-22T08:51:57+0200 lvl=eror msg=Connect                                 Could not connect to=127.0.0.1:41928 error="CRYPTO_ERROR 0x150 (remote): tls: internal error"
        t=2026-09-22T08:51:57+0200 lvl=warn msg=GetBlockByNumer                         number=1
        t=2026-09-22T08:51:57+0200 lvl=warn msg=GetBlockByNumer                         number=1
        t=2026-09-22T08:51:57+0200 lvl=warn msg=GetBlockByNumer                         number=63
        t=2026-09-22T08:51:58+0200 lvl=warn msg=GetBlockByNumer                         number=1
        t=2026-09-22T08:51:58+0200 lvl=warn msg=GetBlockByNumer                         number=63
        t=2026-09-22T08:52:02+0200 lvl=warn msg="HOTSTUFF RECOVERY resend NewView"      number=65 viewID=0xbecd93aa71ae0805fcc56a1889f73b110b3e8a727f4f15ff1b5765b8c8bb069d to=127.0.0.1:47103
        t=2026-09-22T08:52:07+0200 lvl=warn msg="HOTSTUFF RECOVERY resend NewView"      number=65 viewID=0xbecd93aa71ae0805fcc56a1889f73b110b3e8a727f4f15ff1b5765b8c8bb069d to=127.0.0.1:47103
        t=2026-09-22T08:52:12+0200 lvl=warn msg="HOTSTUFF RECOVERY resend NewView"      number=65 viewID=0xbecd93aa71ae0805fcc56a1889f73b110b3e8a727f4f15ff1b5765b8c8bb069d to=127.0.0.1:47103
        t=2026-09-22T08:52:17+0200 lvl=warn msg="HOTSTUFF RECOVERY resend NewView"      number=65 viewID=0xbecd93aa71ae0805fcc56a1889f73b110b3e8a727f4f15ff1b5765b8c8bb069d to=127.0.0.1:47103
        t=2026-09-22T08:52:22+0200 lvl=warn msg="HOTSTUFF RECOVERY resend NewView"      number=65 viewID=0xbecd93aa71ae0805fcc56a1889f73b110b3e8a727f4f15ff1b5765b8c8bb069d to=127.0.0.1:47103
        t=2026-09-22T08:52:27+0200 lvl=warn msg="HOTSTUFF RECOVERY resend NewView"      number=65 viewID=0xbecd93aa71ae0805fcc56a1889f73b110b3e8a727f4f15ff1b5765b8c8bb069d to=127.0.0.1:47103
        t=2026-09-22T08:52:32+0200 lvl=warn msg="HOTSTUFF RECOVERY resend NewView"      number=65 viewID=0xbecd93aa71ae0805fcc56a1889f73b110b3e8a727f4f15ff1b5765b8c8bb069d to=127.0.0.1:47103
        t=2026-09-22T08:52:37+0200 lvl=warn msg="HOTSTUFF RECOVERY resend NewView"      number=65 viewID=0xbecd93aa71ae0805fcc56a1889f73b110b3e8a727f4f15ff1b5765b8c8bb069d to=127.0.0.1:47103
        t=2026-09-22T08:52:42+0200 lvl=warn msg="HOTSTUFF RECOVERY resend NewView"      number=65 viewID=0xbecd93aa71ae0805fcc56a1889f73b110b3e8a727f4f15ff1b5765b8c8bb069d to=127.0.0.1:47103
        t=2026-09-22T08:52:47+0200 lvl=warn msg="HOTSTUFF RECOVERY resend NewView"      number=65 viewID=0xbecd93aa71ae0805fcc56a1889f73b110b3e8a727f4f15ff1b5765b8c8bb069d to=127.0.0.1:47103
        t=2026-09-22T08:52:52+0200 lvl=warn msg="HOTSTUFF RECOVERY resend NewView"      number=65 viewID=0xbecd93aa71ae0805fcc56a1889f73b110b3e8a727f4f15ff1b5765b8c8bb069d to=127.0.0.1:47103
        t=2026-09-22T08:52:57+0200 lvl=warn msg="HOTSTUFF RECOVERY resend NewView"      number=65 viewID=0xbecd93aa71ae0805fcc56a1889f73b110b3e8a727f4f15ff1b5765b8c8bb069d to=127.0.0.1:47103
    fhs_process_recovery_test.go:225: validator 946603 complete log: /tmp/fhs-process-failure-1975283341.log
    fhs_process_recovery_test.go:230: validator 946603 log tail:
        t=2026-09-22T08:51:49+0200 lvl=warn msg=GetBlockByNumer number=0
        t=2026-09-22T08:51:49+0200 lvl=warn msg=GetBlockByNumer number=1
        t=2026-09-22T08:51:49+0200 lvl=warn msg=GetBlockByNumer number=2
        t=2026-09-22T08:51:49+0200 lvl=warn msg=GetBlockByNumer number=3
        t=2026-09-22T08:51:49+0200 lvl=warn msg=GetBlockByNumer number=4
        t=2026-09-22T08:51:49+0200 lvl=warn msg=GetBlockByNumer number=5
        t=2026-09-22T08:51:49+0200 lvl=warn msg=GetBlockByNumer number=6
        t=2026-09-22T08:51:49+0200 lvl=warn msg=GetBlockByNumer number=7
        t=2026-09-22T08:51:49+0200 lvl=warn msg=GetBlockByNumer number=8
        t=2026-09-22T08:51:49+0200 lvl=warn msg=GetBlockByNumer number=9
        t=2026-09-22T08:51:49+0200 lvl=warn msg=GetBlockByNumer number=10
        t=2026-09-22T08:51:49+0200 lvl=warn msg=GetBlockByNumer number=11
        t=2026-09-22T08:51:49+0200 lvl=warn msg=GetBlockByNumer number=12
        t=2026-09-22T08:51:49+0200 lvl=warn msg=GetBlockByNumer number=13
        t=2026-09-22T08:51:49+0200 lvl=warn msg=GetBlockByNumer number=14
        t=2026-09-22T08:51:49+0200 lvl=warn msg=GetBlockByNumer number=15
        t=2026-09-22T08:51:49+0200 lvl=warn msg=GetBlockByNumer number=16
        t=2026-09-22T08:51:49+0200 lvl=warn msg=GetBlockByNumer number=17
        t=2026-09-22T08:51:49+0200 lvl=warn msg=GetBlockByNumer number=18
        t=2026-09-22T08:51:49+0200 lvl=warn msg=GetBlockByNumer number=19
        t=2026-09-22T08:51:49+0200 lvl=warn msg=GetBlockByNumer number=20
        t=2026-09-22T08:51:49+0200 lvl=warn msg=GetBlockByNumer number=21
        t=2026-09-22T08:51:49+0200 lvl=warn msg=GetBlockByNumer number=22
        t=2026-09-22T08:51:49+0200 lvl=warn msg=GetBlockByNumer number=23
        t=2026-09-22T08:51:49+0200 lvl=warn msg=GetBlockByNumer number=24
        t=2026-09-22T08:51:49+0200 lvl=warn msg=GetBlockByNumer number=25
        t=2026-09-22T08:51:49+0200 lvl=warn msg=GetBlockByNumer number=26
        t=2026-09-22T08:51:49+0200 lvl=warn msg=GetBlockByNumer number=27
        t=2026-09-22T08:51:49+0200 lvl=warn msg=GetBlockByNumer number=28
        t=2026-09-22T08:51:49+0200 lvl=warn msg=GetBlockByNumer number=29
        t=2026-09-22T08:51:49+0200 lvl=warn msg=GetBlockByNumer number=30
        t=2026-09-22T08:51:49+0200 lvl=warn msg=GetBlockByNumer number=31
        t=2026-09-22T08:51:49+0200 lvl=warn msg=GetBlockByNumer number=32
        t=2026-09-22T08:51:49+0200 lvl=warn msg=GetBlockByNumer number=33
        t=2026-09-22T08:51:49+0200 lvl=warn msg=GetBlockByNumer number=34
        t=2026-09-22T08:51:49+0200 lvl=warn msg=GetBlockByNumer number=35
        t=2026-09-22T08:51:49+0200 lvl=warn msg=GetBlockByNumer number=36
        t=2026-09-22T08:51:49+0200 lvl=warn msg=GetBlockByNumer number=37
        t=2026-09-22T08:51:49+0200 lvl=warn msg=GetBlockByNumer number=38
        t=2026-09-22T08:51:49+0200 lvl=warn msg=GetBlockByNumer number=39
        t=2026-09-22T08:51:49+0200 lvl=warn msg=GetBlockByNumer number=40
        t=2026-09-22T08:51:49+0200 lvl=warn msg=GetBlockByNumer number=41
        t=2026-09-22T08:51:49+0200 lvl=warn msg=GetBlockByNumer number=42
        t=2026-09-22T08:51:49+0200 lvl=warn msg=GetBlockByNumer number=43
        t=2026-09-22T08:51:49+0200 lvl=warn msg=GetBlockByNumer number=44
        t=2026-09-22T08:51:49+0200 lvl=warn msg=GetBlockByNumer number=45
        t=2026-09-22T08:51:49+0200 lvl=warn msg=GetBlockByNumer number=46
        t=2026-09-22T08:51:49+0200 lvl=warn msg=GetBlockByNumer number=47
        t=2026-09-22T08:51:49+0200 lvl=warn msg=GetBlockByNumer number=48
        t=2026-09-22T08:51:49+0200 lvl=warn msg=GetBlockByNumer number=49
        t=2026-09-22T08:51:49+0200 lvl=warn msg=GetBlockByNumer number=50
        t=2026-09-22T08:51:49+0200 lvl=warn msg=GetBlockByNumer number=51
        t=2026-09-22T08:51:49+0200 lvl=warn msg=GetBlockByNumer number=52
        t=2026-09-22T08:51:49+0200 lvl=warn msg=GetBlockByNumer number=53
        t=2026-09-22T08:51:49+0200 lvl=warn msg=GetBlockByNumer number=54
        t=2026-09-22T08:51:49+0200 lvl=warn msg=GetBlockByNumer number=55
        t=2026-09-22T08:51:49+0200 lvl=warn msg=GetBlockByNumer number=56
        t=2026-09-22T08:51:49+0200 lvl=warn msg=GetBlockByNumer number=57
        t=2026-09-22T08:51:49+0200 lvl=warn msg=GetBlockByNumer number=58
        t=2026-09-22T08:51:49+0200 lvl=warn msg=GetBlockByNumer number=59
        t=2026-09-22T08:51:49+0200 lvl=warn msg=GetBlockByNumer number=60
        t=2026-09-22T08:51:49+0200 lvl=warn msg=GetBlockByNumer number=61
        t=2026-09-22T08:51:49+0200 lvl=warn msg=GetBlockByNumer number=62
        t=2026-09-22T08:51:49+0200 lvl=warn msg=GetBlockByNumer number=63
        t=2026-09-22T08:51:49+0200 lvl=warn msg=GetBlockByNumer number=1
        t=2026-09-22T08:51:49+0200 lvl=warn msg=GetBlockByNumer number=2
        t=2026-09-22T08:51:49+0200 lvl=warn msg=GetBlockByNumer number=3
        t=2026-09-22T08:51:49+0200 lvl=warn msg=GetBlockByNumer number=4
        t=2026-09-22T08:51:49+0200 lvl=warn msg=GetBlockByNumer number=5
        t=2026-09-22T08:51:49+0200 lvl=warn msg=GetBlockByNumer number=6
        t=2026-09-22T08:51:49+0200 lvl=warn msg=GetBlockByNumer number=7
        t=2026-09-22T08:51:49+0200 lvl=warn msg=GetBlockByNumer number=8
        t=2026-09-22T08:51:49+0200 lvl=warn msg=GetBlockByNumer number=9
        t=2026-09-22T08:51:49+0200 lvl=warn msg=GetBlockByNumer number=10
        t=2026-09-22T08:51:49+0200 lvl=warn msg=GetBlockByNumer number=11
        t=2026-09-22T08:51:49+0200 lvl=warn msg=GetBlockByNumer number=12
        t=2026-09-22T08:51:49+0200 lvl=warn msg=GetBlockByNumer number=13
        t=2026-09-22T08:51:49+0200 lvl=warn msg=GetBlockByNumer number=14
        t=2026-09-22T08:51:49+0200 lvl=warn msg=GetBlockByNumer number=15
        t=2026-09-22T08:51:49+0200 lvl=warn msg=GetBlockByNumer number=16
        t=2026-09-22T08:51:49+0200 lvl=warn msg=GetBlockByNumer number=17
        t=2026-09-22T08:51:49+0200 lvl=warn msg=GetBlockByNumer number=18
        t=2026-09-22T08:51:49+0200 lvl=warn msg=GetBlockByNumer number=19
        t=2026-09-22T08:51:49+0200 lvl=warn msg=GetBlockByNumer number=20
        t=2026-09-22T08:51:49+0200 lvl=warn msg=GetBlockByNumer number=21
        t=2026-09-22T08:51:49+0200 lvl=warn msg=GetBlockByNumer number=22
        t=2026-09-22T08:51:49+0200 lvl=warn msg=GetBlockByNumer number=23
        t=2026-09-22T08:51:49+0200 lvl=warn msg=GetBlockByNumer number=24
        t=2026-09-22T08:51:49+0200 lvl=warn msg=GetBlockByNumer number=25
        t=2026-09-22T08:51:49+0200 lvl=warn msg=GetBlockByNumer number=26
        t=2026-09-22T08:51:49+0200 lvl=warn msg=GetBlockByNumer number=27
        t=2026-09-22T08:51:49+0200 lvl=warn msg=GetBlockByNumer number=28
        t=2026-09-22T08:51:49+0200 lvl=warn msg=GetBlockByNumer number=29
        t=2026-09-22T08:51:49+0200 lvl=warn msg=GetBlockByNumer number=30
        t=2026-09-22T08:51:49+0200 lvl=warn msg=GetBlockByNumer number=31
        t=2026-09-22T08:51:49+0200 lvl=warn msg=GetBlockByNumer number=32
        t=2026-09-22T08:51:49+0200 lvl=warn msg=GetBlockByNumer number=33
        t=2026-09-22T08:51:49+0200 lvl=warn msg=GetBlockByNumer number=34
        t=2026-09-22T08:51:49+0200 lvl=warn msg=GetBlockByNumer number=35
        t=2026-09-22T08:51:49+0200 lvl=warn msg=GetBlockByNumer number=36
        t=2026-09-22T08:51:49+0200 lvl=warn msg=GetBlockByNumer number=37
        t=2026-09-22T08:51:49+0200 lvl=warn msg=GetBlockByNumer number=38
        t=2026-09-22T08:51:49+0200 lvl=warn msg=GetBlockByNumer number=39
        t=2026-09-22T08:51:49+0200 lvl=warn msg=GetBlockByNumer number=40
        t=2026-09-22T08:51:49+0200 lvl=warn msg=GetBlockByNumer number=41
        t=2026-09-22T08:51:49+0200 lvl=warn msg=GetBlockByNumer number=42
        t=2026-09-22T08:51:49+0200 lvl=warn msg=GetBlockByNumer number=43
        t=2026-09-22T08:51:49+0200 lvl=warn msg=GetBlockByNumer number=44
        t=2026-09-22T08:51:49+0200 lvl=warn msg=GetBlockByNumer number=45
        t=2026-09-22T08:51:49+0200 lvl=warn msg=GetBlockByNumer number=46
        t=2026-09-22T08:51:49+0200 lvl=warn msg=GetBlockByNumer number=47
        t=2026-09-22T08:51:49+0200 lvl=warn msg=GetBlockByNumer number=48
        t=2026-09-22T08:51:49+0200 lvl=warn msg=GetBlockByNumer number=49
        t=2026-09-22T08:51:49+0200 lvl=warn msg=GetBlockByNumer number=50
        t=2026-09-22T08:51:49+0200 lvl=warn msg=GetBlockByNumer number=51
        t=2026-09-22T08:51:49+0200 lvl=warn msg=GetBlockByNumer number=52
        t=2026-09-22T08:51:49+0200 lvl=warn msg=GetBlockByNumer number=53
        t=2026-09-22T08:51:49+0200 lvl=warn msg=GetBlockByNumer number=54
        t=2026-09-22T08:51:49+0200 lvl=warn msg=GetBlockByNumer number=55
        t=2026-09-22T08:51:49+0200 lvl=warn msg=GetBlockByNumer number=56
        t=2026-09-22T08:51:49+0200 lvl=warn msg=GetBlockByNumer number=57
        t=2026-09-22T08:51:49+0200 lvl=warn msg=GetBlockByNumer number=58
        t=2026-09-22T08:51:49+0200 lvl=warn msg=GetBlockByNumer number=59
        t=2026-09-22T08:51:49+0200 lvl=warn msg=GetBlockByNumer number=60
        t=2026-09-22T08:51:49+0200 lvl=warn msg=GetBlockByNumer number=61
        t=2026-09-22T08:51:49+0200 lvl=warn msg=GetBlockByNumer number=62
        t=2026-09-22T08:51:49+0200 lvl=warn msg=GetBlockByNumer number=63
        t=2026-09-22T08:51:49+0200 lvl=warn msg="Failed to load snapshot, regenerating" err="missing or corrupted snapshot journal"
        t=2026-09-22T08:51:49+0200 lvl=warn msg=GetBlockByNumer                         number=1
        t=2026-09-22T08:51:57+0200 lvl=warn msg=GetBlockByNumer                         number=1
        t=2026-09-22T08:51:57+0200 lvl=warn msg=GetBlockByNumer                         number=63
        t=2026-09-22T08:51:57+0200 lvl=warn msg=GetBlockByNumer                         number=1
        t=2026-09-22T08:51:57+0200 lvl=eror msg=Connect                                 Could not connect to=127.0.0.1:41928 error="CRYPTO_ERROR 0x150 (remote): tls: internal error"
        t=2026-09-22T08:51:57+0200 lvl=eror msg=Connect                                 Could not connect to=127.0.0.1:44623 error="CRYPTO_ERROR 0x150 (remote): tls: internal error"
        t=2026-09-22T08:51:57+0200 lvl=warn msg=GetBlockByNumer                         number=1
        t=2026-09-22T08:51:57+0200 lvl=warn msg=GetBlockByNumer                         number=1
        t=2026-09-22T08:51:57+0200 lvl=warn msg=GetBlockByNumer                         number=63
        t=2026-09-22T08:51:58+0200 lvl=warn msg=GetBlockByNumer                         number=1
        t=2026-09-22T08:51:58+0200 lvl=warn msg=GetBlockByNumer                         number=63
        t=2026-09-22T08:52:02+0200 lvl=warn msg="HOTSTUFF RECOVERY resend NewView"      number=65 viewID=0xbecd93aa71ae0805fcc56a1889f73b110b3e8a727f4f15ff1b5765b8c8bb069d to=127.0.0.1:47103
        t=2026-09-22T08:52:07+0200 lvl=warn msg="HOTSTUFF RECOVERY resend NewView"      number=65 viewID=0xbecd93aa71ae0805fcc56a1889f73b110b3e8a727f4f15ff1b5765b8c8bb069d to=127.0.0.1:47103
        t=2026-09-22T08:52:12+0200 lvl=warn msg="HOTSTUFF RECOVERY resend NewView"      number=65 viewID=0xbecd93aa71ae0805fcc56a1889f73b110b3e8a727f4f15ff1b5765b8c8bb069d to=127.0.0.1:47103
        t=2026-09-22T08:52:17+0200 lvl=warn msg="HOTSTUFF RECOVERY resend NewView"      number=65 viewID=0xbecd93aa71ae0805fcc56a1889f73b110b3e8a727f4f15ff1b5765b8c8bb069d to=127.0.0.1:47103
        t=2026-09-22T08:52:22+0200 lvl=warn msg="HOTSTUFF RECOVERY resend NewView"      number=65 viewID=0xbecd93aa71ae0805fcc56a1889f73b110b3e8a727f4f15ff1b5765b8c8bb069d to=127.0.0.1:47103
        t=2026-09-22T08:52:27+0200 lvl=warn msg="HOTSTUFF RECOVERY resend NewView"      number=65 viewID=0xbecd93aa71ae0805fcc56a1889f73b110b3e8a727f4f15ff1b5765b8c8bb069d to=127.0.0.1:47103
        t=2026-09-22T08:52:32+0200 lvl=warn msg="HOTSTUFF RECOVERY resend NewView"      number=65 viewID=0xbecd93aa71ae0805fcc56a1889f73b110b3e8a727f4f15ff1b5765b8c8bb069d to=127.0.0.1:47103
        t=2026-09-22T08:52:37+0200 lvl=warn msg="HOTSTUFF RECOVERY resend NewView"      number=65 viewID=0xbecd93aa71ae0805fcc56a1889f73b110b3e8a727f4f15ff1b5765b8c8bb069d to=127.0.0.1:47103
        t=2026-09-22T08:52:42+0200 lvl=warn msg="HOTSTUFF RECOVERY resend NewView"      number=65 viewID=0xbecd93aa71ae0805fcc56a1889f73b110b3e8a727f4f15ff1b5765b8c8bb069d to=127.0.0.1:47103
        t=2026-09-22T08:52:47+0200 lvl=warn msg="HOTSTUFF RECOVERY resend NewView"      number=65 viewID=0xbecd93aa71ae0805fcc56a1889f73b110b3e8a727f4f15ff1b5765b8c8bb069d to=127.0.0.1:47103
        t=2026-09-22T08:52:52+0200 lvl=warn msg="HOTSTUFF RECOVERY resend NewView"      number=65 viewID=0xbecd93aa71ae0805fcc56a1889f73b110b3e8a727f4f15ff1b5765b8c8bb069d to=127.0.0.1:47103
        t=2026-09-22T08:52:57+0200 lvl=warn msg="HOTSTUFF RECOVERY resend NewView"      number=65 viewID=0xbecd93aa71ae0805fcc56a1889f73b110b3e8a727f4f15ff1b5765b8c8bb069d to=127.0.0.1:47103
    fhs_process_recovery_test.go:225: validator 946502 complete log: /tmp/fhs-process-failure-3527656353.log
    fhs_process_recovery_test.go:230: validator 946502 log tail:
        t=2026-09-22T08:51:46+0200 lvl=warn msg=GetBlockByNumer number=0
        t=2026-09-22T08:51:46+0200 lvl=warn msg=GetBlockByNumer number=1
        t=2026-09-22T08:51:46+0200 lvl=warn msg=GetBlockByNumer number=2
        t=2026-09-22T08:51:46+0200 lvl=warn msg=GetBlockByNumer number=3
        t=2026-09-22T08:51:46+0200 lvl=warn msg=GetBlockByNumer number=4
        t=2026-09-22T08:51:46+0200 lvl=warn msg=GetBlockByNumer number=5
        t=2026-09-22T08:51:46+0200 lvl=warn msg=GetBlockByNumer number=6
        t=2026-09-22T08:51:46+0200 lvl=warn msg=GetBlockByNumer number=7
        t=2026-09-22T08:51:46+0200 lvl=warn msg=GetBlockByNumer number=8
        t=2026-09-22T08:51:46+0200 lvl=warn msg=GetBlockByNumer number=9
        t=2026-09-22T08:51:46+0200 lvl=warn msg=GetBlockByNumer number=10
        t=2026-09-22T08:51:46+0200 lvl=warn msg=GetBlockByNumer number=11
        t=2026-09-22T08:51:46+0200 lvl=warn msg=GetBlockByNumer number=12
        t=2026-09-22T08:51:46+0200 lvl=warn msg=GetBlockByNumer number=13
        t=2026-09-22T08:51:46+0200 lvl=warn msg=GetBlockByNumer number=14
        t=2026-09-22T08:51:46+0200 lvl=warn msg=GetBlockByNumer number=15
        t=2026-09-22T08:51:46+0200 lvl=warn msg=GetBlockByNumer number=16
        t=2026-09-22T08:51:46+0200 lvl=warn msg=GetBlockByNumer number=17
        t=2026-09-22T08:51:46+0200 lvl=warn msg=GetBlockByNumer number=18
        t=2026-09-22T08:51:46+0200 lvl=warn msg=GetBlockByNumer number=19
        t=2026-09-22T08:51:46+0200 lvl=warn msg=GetBlockByNumer number=20
        t=2026-09-22T08:51:46+0200 lvl=warn msg=GetBlockByNumer number=21
        t=2026-09-22T08:51:46+0200 lvl=warn msg=GetBlockByNumer number=22
        t=2026-09-22T08:51:46+0200 lvl=warn msg=GetBlockByNumer number=23
        t=2026-09-22T08:51:46+0200 lvl=warn msg=GetBlockByNumer number=24
        t=2026-09-22T08:51:46+0200 lvl=warn msg=GetBlockByNumer number=25
        t=2026-09-22T08:51:46+0200 lvl=warn msg=GetBlockByNumer number=26
        t=2026-09-22T08:51:46+0200 lvl=warn msg=GetBlockByNumer number=27
        t=2026-09-22T08:51:46+0200 lvl=warn msg=GetBlockByNumer number=28
        t=2026-09-22T08:51:46+0200 lvl=warn msg=GetBlockByNumer number=29
        t=2026-09-22T08:51:46+0200 lvl=warn msg=GetBlockByNumer number=30
        t=2026-09-22T08:51:46+0200 lvl=warn msg=GetBlockByNumer number=31
        t=2026-09-22T08:51:46+0200 lvl=warn msg=GetBlockByNumer number=32
        t=2026-09-22T08:51:46+0200 lvl=warn msg=GetBlockByNumer number=33
        t=2026-09-22T08:51:46+0200 lvl=warn msg=GetBlockByNumer number=34
        t=2026-09-22T08:51:46+0200 lvl=warn msg=GetBlockByNumer number=35
        t=2026-09-22T08:51:46+0200 lvl=warn msg=GetBlockByNumer number=36
        t=2026-09-22T08:51:46+0200 lvl=warn msg=GetBlockByNumer number=37
        t=2026-09-22T08:51:46+0200 lvl=warn msg=GetBlockByNumer number=38
        t=2026-09-22T08:51:46+0200 lvl=warn msg=GetBlockByNumer number=39
        t=2026-09-22T08:51:46+0200 lvl=warn msg=GetBlockByNumer number=40
        t=2026-09-22T08:51:46+0200 lvl=warn msg=GetBlockByNumer number=41
        t=2026-09-22T08:51:46+0200 lvl=warn msg=GetBlockByNumer number=42
        t=2026-09-22T08:51:46+0200 lvl=warn msg=GetBlockByNumer number=43
        t=2026-09-22T08:51:46+0200 lvl=warn msg=GetBlockByNumer number=44
        t=2026-09-22T08:51:46+0200 lvl=warn msg=GetBlockByNumer number=45
        t=2026-09-22T08:51:46+0200 lvl=warn msg=GetBlockByNumer number=46
        t=2026-09-22T08:51:46+0200 lvl=warn msg=GetBlockByNumer number=47
        t=2026-09-22T08:51:46+0200 lvl=warn msg=GetBlockByNumer number=48
        t=2026-09-22T08:51:46+0200 lvl=warn msg=GetBlockByNumer number=49
        t=2026-09-22T08:51:46+0200 lvl=warn msg=GetBlockByNumer number=50
        t=2026-09-22T08:51:46+0200 lvl=warn msg=GetBlockByNumer number=51
        t=2026-09-22T08:51:46+0200 lvl=warn msg=GetBlockByNumer number=52
        t=2026-09-22T08:51:46+0200 lvl=warn msg=GetBlockByNumer number=53
        t=2026-09-22T08:51:46+0200 lvl=warn msg=GetBlockByNumer number=54
        t=2026-09-22T08:51:46+0200 lvl=warn msg=GetBlockByNumer number=55
        t=2026-09-22T08:51:46+0200 lvl=warn msg=GetBlockByNumer number=56
        t=2026-09-22T08:51:46+0200 lvl=warn msg=GetBlockByNumer number=57
        t=2026-09-22T08:51:46+0200 lvl=warn msg=GetBlockByNumer number=58
        t=2026-09-22T08:51:46+0200 lvl=warn msg=GetBlockByNumer number=59
        t=2026-09-22T08:51:46+0200 lvl=warn msg=GetBlockByNumer number=60
        t=2026-09-22T08:51:46+0200 lvl=warn msg=GetBlockByNumer number=61
        t=2026-09-22T08:51:46+0200 lvl=warn msg=GetBlockByNumer number=62
        t=2026-09-22T08:51:46+0200 lvl=warn msg=GetBlockByNumer number=63
        t=2026-09-22T08:51:46+0200 lvl=warn msg=GetBlockByNumer number=1
        t=2026-09-22T08:51:46+0200 lvl=warn msg=GetBlockByNumer number=2
        t=2026-09-22T08:51:46+0200 lvl=warn msg=GetBlockByNumer number=3
        t=2026-09-22T08:51:46+0200 lvl=warn msg=GetBlockByNumer number=4
        t=2026-09-22T08:51:46+0200 lvl=warn msg=GetBlockByNumer number=5
        t=2026-09-22T08:51:46+0200 lvl=warn msg=GetBlockByNumer number=6
        t=2026-09-22T08:51:46+0200 lvl=warn msg=GetBlockByNumer number=7
        t=2026-09-22T08:51:46+0200 lvl=warn msg=GetBlockByNumer number=8
        t=2026-09-22T08:51:46+0200 lvl=warn msg=GetBlockByNumer number=9
        t=2026-09-22T08:51:46+0200 lvl=warn msg=GetBlockByNumer number=10
        t=2026-09-22T08:51:46+0200 lvl=warn msg=GetBlockByNumer number=11
        t=2026-09-22T08:51:46+0200 lvl=warn msg=GetBlockByNumer number=12
        t=2026-09-22T08:51:46+0200 lvl=warn msg=GetBlockByNumer number=13
        t=2026-09-22T08:51:46+0200 lvl=warn msg=GetBlockByNumer number=14
        t=2026-09-22T08:51:46+0200 lvl=warn msg=GetBlockByNumer number=15
        t=2026-09-22T08:51:46+0200 lvl=warn msg=GetBlockByNumer number=16
        t=2026-09-22T08:51:46+0200 lvl=warn msg=GetBlockByNumer number=17
        t=2026-09-22T08:51:46+0200 lvl=warn msg=GetBlockByNumer number=18
        t=2026-09-22T08:51:46+0200 lvl=warn msg=GetBlockByNumer number=19
        t=2026-09-22T08:51:46+0200 lvl=warn msg=GetBlockByNumer number=20
        t=2026-09-22T08:51:46+0200 lvl=warn msg=GetBlockByNumer number=21
        t=2026-09-22T08:51:46+0200 lvl=warn msg=GetBlockByNumer number=22
        t=2026-09-22T08:51:46+0200 lvl=warn msg=GetBlockByNumer number=23
        t=2026-09-22T08:51:46+0200 lvl=warn msg=GetBlockByNumer number=24
        t=2026-09-22T08:51:46+0200 lvl=warn msg=GetBlockByNumer number=25
        t=2026-09-22T08:51:46+0200 lvl=warn msg=GetBlockByNumer number=26
        t=2026-09-22T08:51:46+0200 lvl=warn msg=GetBlockByNumer number=27
        t=2026-09-22T08:51:46+0200 lvl=warn msg=GetBlockByNumer number=28
        t=2026-09-22T08:51:46+0200 lvl=warn msg=GetBlockByNumer number=29
        t=2026-09-22T08:51:46+0200 lvl=warn msg=GetBlockByNumer number=30
        t=2026-09-22T08:51:46+0200 lvl=warn msg=GetBlockByNumer number=31
        t=2026-09-22T08:51:46+0200 lvl=warn msg=GetBlockByNumer number=32
        t=2026-09-22T08:51:46+0200 lvl=warn msg=GetBlockByNumer number=33
        t=2026-09-22T08:51:46+0200 lvl=warn msg=GetBlockByNumer number=34
        t=2026-09-22T08:51:46+0200 lvl=warn msg=GetBlockByNumer number=35
        t=2026-09-22T08:51:46+0200 lvl=warn msg=GetBlockByNumer number=36
        t=2026-09-22T08:51:46+0200 lvl=warn msg=GetBlockByNumer number=37
        t=2026-09-22T08:51:46+0200 lvl=warn msg=GetBlockByNumer number=38
        t=2026-09-22T08:51:46+0200 lvl=warn msg=GetBlockByNumer number=39
        t=2026-09-22T08:51:46+0200 lvl=warn msg=GetBlockByNumer number=40
        t=2026-09-22T08:51:46+0200 lvl=warn msg=GetBlockByNumer number=41
        t=2026-09-22T08:51:46+0200 lvl=warn msg=GetBlockByNumer number=42
        t=2026-09-22T08:51:46+0200 lvl=warn msg=GetBlockByNumer number=43
        t=2026-09-22T08:51:46+0200 lvl=warn msg=GetBlockByNumer number=44
        t=2026-09-22T08:51:46+0200 lvl=warn msg=GetBlockByNumer number=45
        t=2026-09-22T08:51:46+0200 lvl=warn msg=GetBlockByNumer number=46
        t=2026-09-22T08:51:46+0200 lvl=warn msg=GetBlockByNumer number=47
        t=2026-09-22T08:51:46+0200 lvl=warn msg=GetBlockByNumer number=48
        t=2026-09-22T08:51:46+0200 lvl=warn msg=GetBlockByNumer number=49
        t=2026-09-22T08:51:46+0200 lvl=warn msg=GetBlockByNumer number=50
        t=2026-09-22T08:51:46+0200 lvl=warn msg=GetBlockByNumer number=51
        t=2026-09-22T08:51:46+0200 lvl=warn msg=GetBlockByNumer number=52
        t=2026-09-22T08:51:46+0200 lvl=warn msg=GetBlockByNumer number=53
        t=2026-09-22T08:51:46+0200 lvl=warn msg=GetBlockByNumer number=54
        t=2026-09-22T08:51:46+0200 lvl=warn msg=GetBlockByNumer number=55
        t=2026-09-22T08:51:46+0200 lvl=warn msg=GetBlockByNumer number=56
        t=2026-09-22T08:51:46+0200 lvl=warn msg=GetBlockByNumer number=57
        t=2026-09-22T08:51:46+0200 lvl=warn msg=GetBlockByNumer number=58
        t=2026-09-22T08:51:46+0200 lvl=warn msg=GetBlockByNumer number=59
        t=2026-09-22T08:51:46+0200 lvl=warn msg=GetBlockByNumer number=60
        t=2026-09-22T08:51:46+0200 lvl=warn msg=GetBlockByNumer number=61
        t=2026-09-22T08:51:46+0200 lvl=warn msg=GetBlockByNumer number=62
        t=2026-09-22T08:51:46+0200 lvl=warn msg=GetBlockByNumer number=63
        t=2026-09-22T08:51:46+0200 lvl=warn msg="Failed to load snapshot, regenerating" err="missing or corrupted snapshot journal"
        t=2026-09-22T08:51:46+0200 lvl=warn msg=GetBlockByNumer                         number=1
        t=2026-09-22T08:51:57+0200 lvl=warn msg=GetBlockByNumer                         number=1
        t=2026-09-22T08:51:57+0200 lvl=warn msg=GetBlockByNumer                         number=63
        t=2026-09-22T08:51:57+0200 lvl=warn msg=GetBlockByNumer                         number=1
        t=2026-09-22T08:51:57+0200 lvl=eror msg=Connect                                 Could not connect to=127.0.0.1:44623 error="CRYPTO_ERROR 0x150 (remote): tls: internal error"
        t=2026-09-22T08:51:57+0200 lvl=eror msg=Connect                                 Could not connect to=127.0.0.1:41928 error="CRYPTO_ERROR 0x150 (remote): tls: internal error"
        t=2026-09-22T08:51:57+0200 lvl=eror msg=Connect                                 Could not connect to=127.0.0.1:44623 error="CRYPTO_ERROR 0x150 (remote): tls: internal error"
        t=2026-09-22T08:51:57+0200 lvl=warn msg=SendRawData                             couldn't send to=127.0.0.1:44623 error="CRYPTO_ERROR 0x150 (remote): tls: internal error"
        t=2026-09-22T08:51:57+0200 lvl=eror msg=Connect                                 Could not connect to=127.0.0.1:41928 error="CRYPTO_ERROR 0x150 (remote): tls: internal error"
        t=2026-09-22T08:51:57+0200 lvl=warn msg=SendRawData                             couldn't send to=127.0.0.1:41928 error="CRYPTO_ERROR 0x150 (remote): tls: internal error"
        t=2026-09-22T08:51:57+0200 lvl=eror msg=Connect                                 Could not connect to=127.0.0.1:44623 error="CRYPTO_ERROR 0x150 (remote): tls: internal error"
        t=2026-09-22T08:51:57+0200 lvl=warn msg=SendRawData                             couldn't send to=127.0.0.1:44623 error="CRYPTO_ERROR 0x150 (remote): tls: internal error"
        t=2026-09-22T08:51:57+0200 lvl=eror msg=Connect                                 Could not connect to=127.0.0.1:41928 error="CRYPTO_ERROR 0x150 (remote): tls: internal error"
        t=2026-09-22T08:51:57+0200 lvl=warn msg=SendRawData                             couldn't send to=127.0.0.1:41928 error="CRYPTO_ERROR 0x150 (remote): tls: internal error"
        t=2026-09-22T08:51:57+0200 lvl=eror msg=Connect                                 Could not connect to=127.0.0.1:41928 error="CRYPTO_ERROR 0x150 (remote): tls: internal error"
        t=2026-09-22T08:51:57+0200 lvl=warn msg=SendRawData                             couldn't send to=127.0.0.1:41928 error="CRYPTO_ERROR 0x150 (remote): tls: internal error"
        t=2026-09-22T08:51:57+0200 lvl=eror msg=Connect                                 Could not connect to=127.0.0.1:41928 error="CRYPTO_ERROR 0x150 (remote): tls: internal error"
        t=2026-09-22T08:51:57+0200 lvl=warn msg=SendRawData                             couldn't send to=127.0.0.1:41928 error="CRYPTO_ERROR 0x150 (remote): tls: internal error"
        t=2026-09-22T08:51:57+0200 lvl=eror msg=Connect                                 Could not connect to=127.0.0.1:41928 error="CRYPTO_ERROR 0x150 (remote): tls: internal error"
        t=2026-09-22T08:51:57+0200 lvl=warn msg=SendRawData                             couldn't send to=127.0.0.1:41928 error="CRYPTO_ERROR 0x150 (remote): tls: internal error"
        t=2026-09-22T08:51:57+0200 lvl=warn msg=GetBlockByNumer                         number=1
        t=2026-09-22T08:51:57+0200 lvl=warn msg=GetBlockByNumer                         number=1
        t=2026-09-22T08:51:57+0200 lvl=warn msg=GetBlockByNumer                         number=63
        t=2026-09-22T08:51:58+0200 lvl=warn msg=GetBlockByNumer                         number=1
        t=2026-09-22T08:51:58+0200 lvl=warn msg=GetBlockByNumer                         number=63
        t=2026-09-22T08:52:02+0200 lvl=warn msg="HOTSTUFF RECOVERY resend NewView"      number=65 viewID=0xbecd93aa71ae0805fcc56a1889f73b110b3e8a727f4f15ff1b5765b8c8bb069d to=127.0.0.1:47103
        t=2026-09-22T08:52:07+0200 lvl=warn msg="HOTSTUFF RECOVERY resend NewView"      number=65 viewID=0xbecd93aa71ae0805fcc56a1889f73b110b3e8a727f4f15ff1b5765b8c8bb069d to=127.0.0.1:47103
        t=2026-09-22T08:52:12+0200 lvl=warn msg="HOTSTUFF RECOVERY resend NewView"      number=65 viewID=0xbecd93aa71ae0805fcc56a1889f73b110b3e8a727f4f15ff1b5765b8c8bb069d to=127.0.0.1:47103
        t=2026-09-22T08:52:17+0200 lvl=warn msg="HOTSTUFF RECOVERY resend NewView"      number=65 viewID=0xbecd93aa71ae0805fcc56a1889f73b110b3e8a727f4f15ff1b5765b8c8bb069d to=127.0.0.1:47103
        t=2026-09-22T08:52:22+0200 lvl=warn msg="HOTSTUFF RECOVERY resend NewView"      number=65 viewID=0xbecd93aa71ae0805fcc56a1889f73b110b3e8a727f4f15ff1b5765b8c8bb069d to=127.0.0.1:47103
        t=2026-09-22T08:52:27+0200 lvl=warn msg="HOTSTUFF RECOVERY resend NewView"      number=65 viewID=0xbecd93aa71ae0805fcc56a1889f73b110b3e8a727f4f15ff1b5765b8c8bb069d to=127.0.0.1:47103
        t=2026-09-22T08:52:32+0200 lvl=warn msg="HOTSTUFF RECOVERY resend NewView"      number=65 viewID=0xbecd93aa71ae0805fcc56a1889f73b110b3e8a727f4f15ff1b5765b8c8bb069d to=127.0.0.1:47103
        t=2026-09-22T08:52:37+0200 lvl=warn msg="HOTSTUFF RECOVERY resend NewView"      number=65 viewID=0xbecd93aa71ae0805fcc56a1889f73b110b3e8a727f4f15ff1b5765b8c8bb069d to=127.0.0.1:47103
        t=2026-09-22T08:52:42+0200 lvl=warn msg="HOTSTUFF RECOVERY resend NewView"      number=65 viewID=0xbecd93aa71ae0805fcc56a1889f73b110b3e8a727f4f15ff1b5765b8c8bb069d to=127.0.0.1:47103
        t=2026-09-22T08:52:47+0200 lvl=warn msg="HOTSTUFF RECOVERY resend NewView"      number=65 viewID=0xbecd93aa71ae0805fcc56a1889f73b110b3e8a727f4f15ff1b5765b8c8bb069d to=127.0.0.1:47103
        t=2026-09-22T08:52:52+0200 lvl=warn msg="HOTSTUFF RECOVERY resend NewView"      number=65 viewID=0xbecd93aa71ae0805fcc56a1889f73b110b3e8a727f4f15ff1b5765b8c8bb069d to=127.0.0.1:47103
        t=2026-09-22T08:52:57+0200 lvl=warn msg="HOTSTUFF RECOVERY resend NewView"      number=65 viewID=0xbecd93aa71ae0805fcc56a1889f73b110b3e8a727f4f15ff1b5765b8c8bb069d to=127.0.0.1:47103
    fhs_process_recovery_test.go:225: validator 946497 complete log: /tmp/fhs-process-failure-3711609844.log
    fhs_process_recovery_test.go:230: validator 946497 log tail:
        t=2026-09-22T08:51:42+0200 lvl=warn msg=GetBlockByNumer number=0
        t=2026-09-22T08:51:42+0200 lvl=warn msg=GetBlockByNumer number=1
        t=2026-09-22T08:51:42+0200 lvl=warn msg=GetBlockByNumer number=2
        t=2026-09-22T08:51:42+0200 lvl=warn msg=GetBlockByNumer number=3
        t=2026-09-22T08:51:42+0200 lvl=warn msg=GetBlockByNumer number=4
        t=2026-09-22T08:51:42+0200 lvl=warn msg=GetBlockByNumer number=5
        t=2026-09-22T08:51:42+0200 lvl=warn msg=GetBlockByNumer number=6
        t=2026-09-22T08:51:42+0200 lvl=warn msg=GetBlockByNumer number=7
        t=2026-09-22T08:51:42+0200 lvl=warn msg=GetBlockByNumer number=8
        t=2026-09-22T08:51:42+0200 lvl=warn msg=GetBlockByNumer number=9
        t=2026-09-22T08:51:42+0200 lvl=warn msg=GetBlockByNumer number=10
        t=2026-09-22T08:51:42+0200 lvl=warn msg=GetBlockByNumer number=11
        t=2026-09-22T08:51:42+0200 lvl=warn msg=GetBlockByNumer number=12
        t=2026-09-22T08:51:42+0200 lvl=warn msg=GetBlockByNumer number=13
        t=2026-09-22T08:51:42+0200 lvl=warn msg=GetBlockByNumer number=14
        t=2026-09-22T08:51:42+0200 lvl=warn msg=GetBlockByNumer number=15
        t=2026-09-22T08:51:42+0200 lvl=warn msg=GetBlockByNumer number=16
        t=2026-09-22T08:51:42+0200 lvl=warn msg=GetBlockByNumer number=17
        t=2026-09-22T08:51:42+0200 lvl=warn msg=GetBlockByNumer number=18
        t=2026-09-22T08:51:42+0200 lvl=warn msg=GetBlockByNumer number=19
        t=2026-09-22T08:51:42+0200 lvl=warn msg=GetBlockByNumer number=20
        t=2026-09-22T08:51:42+0200 lvl=warn msg=GetBlockByNumer number=21
        t=2026-09-22T08:51:42+0200 lvl=warn msg=GetBlockByNumer number=22
        t=2026-09-22T08:51:42+0200 lvl=warn msg=GetBlockByNumer number=23
        t=2026-09-22T08:51:42+0200 lvl=warn msg=GetBlockByNumer number=24
        t=2026-09-22T08:51:42+0200 lvl=warn msg=GetBlockByNumer number=25
        t=2026-09-22T08:51:42+0200 lvl=warn msg=GetBlockByNumer number=26
        t=2026-09-22T08:51:42+0200 lvl=warn msg=GetBlockByNumer number=27
        t=2026-09-22T08:51:42+0200 lvl=warn msg=GetBlockByNumer number=28
        t=2026-09-22T08:51:42+0200 lvl=warn msg=GetBlockByNumer number=29
        t=2026-09-22T08:51:42+0200 lvl=warn msg=GetBlockByNumer number=30
        t=2026-09-22T08:51:42+0200 lvl=warn msg=GetBlockByNumer number=31
        t=2026-09-22T08:51:42+0200 lvl=warn msg=GetBlockByNumer number=32
        t=2026-09-22T08:51:42+0200 lvl=warn msg=GetBlockByNumer number=33
        t=2026-09-22T08:51:42+0200 lvl=warn msg=GetBlockByNumer number=34
        t=2026-09-22T08:51:42+0200 lvl=warn msg=GetBlockByNumer number=35
        t=2026-09-22T08:51:42+0200 lvl=warn msg=GetBlockByNumer number=36
        t=2026-09-22T08:51:42+0200 lvl=warn msg=GetBlockByNumer number=37
        t=2026-09-22T08:51:42+0200 lvl=warn msg=GetBlockByNumer number=38
        t=2026-09-22T08:51:42+0200 lvl=warn msg=GetBlockByNumer number=39
        t=2026-09-22T08:51:42+0200 lvl=warn msg=GetBlockByNumer number=40
        t=2026-09-22T08:51:42+0200 lvl=warn msg=GetBlockByNumer number=41
        t=2026-09-22T08:51:42+0200 lvl=warn msg=GetBlockByNumer number=42
        t=2026-09-22T08:51:42+0200 lvl=warn msg=GetBlockByNumer number=43
        t=2026-09-22T08:51:42+0200 lvl=warn msg=GetBlockByNumer number=44
        t=2026-09-22T08:51:42+0200 lvl=warn msg=GetBlockByNumer number=45
        t=2026-09-22T08:51:42+0200 lvl=warn msg=GetBlockByNumer number=46
        t=2026-09-22T08:51:42+0200 lvl=warn msg=GetBlockByNumer number=47
        t=2026-09-22T08:51:42+0200 lvl=warn msg=GetBlockByNumer number=48
        t=2026-09-22T08:51:42+0200 lvl=warn msg=GetBlockByNumer number=49
        t=2026-09-22T08:51:42+0200 lvl=warn msg=GetBlockByNumer number=50
        t=2026-09-22T08:51:42+0200 lvl=warn msg=GetBlockByNumer number=51
        t=2026-09-22T08:51:42+0200 lvl=warn msg=GetBlockByNumer number=52
        t=2026-09-22T08:51:42+0200 lvl=warn msg=GetBlockByNumer number=53
        t=2026-09-22T08:51:42+0200 lvl=warn msg=GetBlockByNumer number=54
        t=2026-09-22T08:51:42+0200 lvl=warn msg=GetBlockByNumer number=55
        t=2026-09-22T08:51:42+0200 lvl=warn msg=GetBlockByNumer number=56
        t=2026-09-22T08:51:42+0200 lvl=warn msg=GetBlockByNumer number=57
        t=2026-09-22T08:51:42+0200 lvl=warn msg=GetBlockByNumer number=58
        t=2026-09-22T08:51:42+0200 lvl=warn msg=GetBlockByNumer number=59
        t=2026-09-22T08:51:42+0200 lvl=warn msg=GetBlockByNumer number=60
        t=2026-09-22T08:51:42+0200 lvl=warn msg=GetBlockByNumer number=61
        t=2026-09-22T08:51:42+0200 lvl=warn msg=GetBlockByNumer number=62
        t=2026-09-22T08:51:42+0200 lvl=warn msg=GetBlockByNumer number=63
        t=2026-09-22T08:51:42+0200 lvl=warn msg=GetBlockByNumer number=1
        t=2026-09-22T08:51:42+0200 lvl=warn msg=GetBlockByNumer number=2
        t=2026-09-22T08:51:42+0200 lvl=warn msg=GetBlockByNumer number=3
        t=2026-09-22T08:51:42+0200 lvl=warn msg=GetBlockByNumer number=4
        t=2026-09-22T08:51:42+0200 lvl=warn msg=GetBlockByNumer number=5
        t=2026-09-22T08:51:42+0200 lvl=warn msg=GetBlockByNumer number=6
        t=2026-09-22T08:51:42+0200 lvl=warn msg=GetBlockByNumer number=7
        t=2026-09-22T08:51:42+0200 lvl=warn msg=GetBlockByNumer number=8
        t=2026-09-22T08:51:42+0200 lvl=warn msg=GetBlockByNumer number=9
        t=2026-09-22T08:51:42+0200 lvl=warn msg=GetBlockByNumer number=10
        t=2026-09-22T08:51:42+0200 lvl=warn msg=GetBlockByNumer number=11
        t=2026-09-22T08:51:42+0200 lvl=warn msg=GetBlockByNumer number=12
        t=2026-09-22T08:51:42+0200 lvl=warn msg=GetBlockByNumer number=13
        t=2026-09-22T08:51:42+0200 lvl=warn msg=GetBlockByNumer number=14
        t=2026-09-22T08:51:42+0200 lvl=warn msg=GetBlockByNumer number=15
        t=2026-09-22T08:51:42+0200 lvl=warn msg=GetBlockByNumer number=16
        t=2026-09-22T08:51:42+0200 lvl=warn msg=GetBlockByNumer number=17
        t=2026-09-22T08:51:42+0200 lvl=warn msg=GetBlockByNumer number=18
        t=2026-09-22T08:51:42+0200 lvl=warn msg=GetBlockByNumer number=19
        t=2026-09-22T08:51:42+0200 lvl=warn msg=GetBlockByNumer number=20
        t=2026-09-22T08:51:42+0200 lvl=warn msg=GetBlockByNumer number=21
        t=2026-09-22T08:51:42+0200 lvl=warn msg=GetBlockByNumer number=22
        t=2026-09-22T08:51:42+0200 lvl=warn msg=GetBlockByNumer number=23
        t=2026-09-22T08:51:42+0200 lvl=warn msg=GetBlockByNumer number=24
        t=2026-09-22T08:51:42+0200 lvl=warn msg=GetBlockByNumer number=25
        t=2026-09-22T08:51:42+0200 lvl=warn msg=GetBlockByNumer number=26
        t=2026-09-22T08:51:42+0200 lvl=warn msg=GetBlockByNumer number=27
        t=2026-09-22T08:51:42+0200 lvl=warn msg=GetBlockByNumer number=28
        t=2026-09-22T08:51:42+0200 lvl=warn msg=GetBlockByNumer number=29
        t=2026-09-22T08:51:42+0200 lvl=warn msg=GetBlockByNumer number=30
        t=2026-09-22T08:51:42+0200 lvl=warn msg=GetBlockByNumer number=31
        t=2026-09-22T08:51:42+0200 lvl=warn msg=GetBlockByNumer number=32
        t=2026-09-22T08:51:42+0200 lvl=warn msg=GetBlockByNumer number=33
        t=2026-09-22T08:51:42+0200 lvl=warn msg=GetBlockByNumer number=34
        t=2026-09-22T08:51:42+0200 lvl=warn msg=GetBlockByNumer number=35
        t=2026-09-22T08:51:42+0200 lvl=warn msg=GetBlockByNumer number=36
        t=2026-09-22T08:51:42+0200 lvl=warn msg=GetBlockByNumer number=37
        t=2026-09-22T08:51:42+0200 lvl=warn msg=GetBlockByNumer number=38
        t=2026-09-22T08:51:42+0200 lvl=warn msg=GetBlockByNumer number=39
        t=2026-09-22T08:51:42+0200 lvl=warn msg=GetBlockByNumer number=40
        t=2026-09-22T08:51:42+0200 lvl=warn msg=GetBlockByNumer number=41
        t=2026-09-22T08:51:42+0200 lvl=warn msg=GetBlockByNumer number=42
        t=2026-09-22T08:51:42+0200 lvl=warn msg=GetBlockByNumer number=43
        t=2026-09-22T08:51:42+0200 lvl=warn msg=GetBlockByNumer number=44
        t=2026-09-22T08:51:42+0200 lvl=warn msg=GetBlockByNumer number=45
        t=2026-09-22T08:51:42+0200 lvl=warn msg=GetBlockByNumer number=46
        t=2026-09-22T08:51:42+0200 lvl=warn msg=GetBlockByNumer number=47
        t=2026-09-22T08:51:42+0200 lvl=warn msg=GetBlockByNumer number=48
        t=2026-09-22T08:51:42+0200 lvl=warn msg=GetBlockByNumer number=49
        t=2026-09-22T08:51:42+0200 lvl=warn msg=GetBlockByNumer number=50
        t=2026-09-22T08:51:42+0200 lvl=warn msg=GetBlockByNumer number=51
        t=2026-09-22T08:51:42+0200 lvl=warn msg=GetBlockByNumer number=52
        t=2026-09-22T08:51:42+0200 lvl=warn msg=GetBlockByNumer number=53
        t=2026-09-22T08:51:42+0200 lvl=warn msg=GetBlockByNumer number=54
        t=2026-09-22T08:51:42+0200 lvl=warn msg=GetBlockByNumer number=55
        t=2026-09-22T08:51:42+0200 lvl=warn msg=GetBlockByNumer number=56
        t=2026-09-22T08:51:42+0200 lvl=warn msg=GetBlockByNumer number=57
        t=2026-09-22T08:51:42+0200 lvl=warn msg=GetBlockByNumer number=58
        t=2026-09-22T08:51:42+0200 lvl=warn msg=GetBlockByNumer number=59
        t=2026-09-22T08:51:42+0200 lvl=warn msg=GetBlockByNumer number=60
        t=2026-09-22T08:51:42+0200 lvl=warn msg=GetBlockByNumer number=61
        t=2026-09-22T08:51:42+0200 lvl=warn msg=GetBlockByNumer number=62
        t=2026-09-22T08:51:42+0200 lvl=warn msg=GetBlockByNumer number=63
        t=2026-09-22T08:51:42+0200 lvl=warn msg="Failed to load snapshot, regenerating" err="missing or corrupted snapshot journal"
        t=2026-09-22T08:51:42+0200 lvl=warn msg=GetBlockByNumer                         number=1
        t=2026-09-22T08:51:57+0200 lvl=warn msg=GetBlockByNumer                         number=1
        t=2026-09-22T08:51:57+0200 lvl=warn msg=GetBlockByNumer                         number=63
        t=2026-09-22T08:51:57+0200 lvl=warn msg=GetBlockByNumer                         number=1
        t=2026-09-22T08:51:57+0200 lvl=eror msg=Connect                                 Could not connect to=127.0.0.1:41928 error="CRYPTO_ERROR 0x150 (remote): tls: internal error"
        t=2026-09-22T08:51:57+0200 lvl=eror msg=Connect                                 Could not connect to=127.0.0.1:57323 error="CRYPTO_ERROR 0x150 (remote): tls: internal error"
        t=2026-09-22T08:51:57+0200 lvl=eror msg=Connect                                 Could not connect to=127.0.0.1:44623 error="CRYPTO_ERROR 0x150 (remote): tls: internal error"
        t=2026-09-22T08:51:57+0200 lvl=eror msg=Connect                                 Could not connect to=127.0.0.1:40399 error="CRYPTO_ERROR 0x150 (remote): tls: internal error"
        t=2026-09-22T08:51:57+0200 lvl=warn msg=GetBlockByNumer                         number=1
        t=2026-09-22T08:51:57+0200 lvl=warn msg=GetBlockByNumer                         number=1
        t=2026-09-22T08:51:57+0200 lvl=warn msg=GetBlockByNumer                         number=63
        t=2026-09-22T08:51:58+0200 lvl=warn msg=GetBlockByNumer                         number=1
        t=2026-09-22T08:51:58+0200 lvl=warn msg=GetBlockByNumer                         number=63
        t=2026-09-22T08:52:02+0200 lvl=warn msg="HOTSTUFF RECOVERY resend NewView"      number=65 viewID=0xbecd93aa71ae0805fcc56a1889f73b110b3e8a727f4f15ff1b5765b8c8bb069d to=127.0.0.1:47103
        t=2026-09-22T08:52:07+0200 lvl=warn msg="HOTSTUFF RECOVERY resend NewView"      number=65 viewID=0xbecd93aa71ae0805fcc56a1889f73b110b3e8a727f4f15ff1b5765b8c8bb069d to=127.0.0.1:47103
        t=2026-09-22T08:52:12+0200 lvl=warn msg="HOTSTUFF RECOVERY resend NewView"      number=65 viewID=0xbecd93aa71ae0805fcc56a1889f73b110b3e8a727f4f15ff1b5765b8c8bb069d to=127.0.0.1:47103
        t=2026-09-22T08:52:17+0200 lvl=warn msg="HOTSTUFF RECOVERY resend NewView"      number=65 viewID=0xbecd93aa71ae0805fcc56a1889f73b110b3e8a727f4f15ff1b5765b8c8bb069d to=127.0.0.1:47103
        t=2026-09-22T08:52:22+0200 lvl=warn msg="HOTSTUFF RECOVERY resend NewView"      number=65 viewID=0xbecd93aa71ae0805fcc56a1889f73b110b3e8a727f4f15ff1b5765b8c8bb069d to=127.0.0.1:47103
        t=2026-09-22T08:52:27+0200 lvl=warn msg="HOTSTUFF RECOVERY resend NewView"      number=65 viewID=0xbecd93aa71ae0805fcc56a1889f73b110b3e8a727f4f15ff1b5765b8c8bb069d to=127.0.0.1:47103
        t=2026-09-22T08:52:32+0200 lvl=warn msg="HOTSTUFF RECOVERY resend NewView"      number=65 viewID=0xbecd93aa71ae0805fcc56a1889f73b110b3e8a727f4f15ff1b5765b8c8bb069d to=127.0.0.1:47103
        t=2026-09-22T08:52:37+0200 lvl=warn msg="HOTSTUFF RECOVERY resend NewView"      number=65 viewID=0xbecd93aa71ae0805fcc56a1889f73b110b3e8a727f4f15ff1b5765b8c8bb069d to=127.0.0.1:47103
        t=2026-09-22T08:52:42+0200 lvl=warn msg="HOTSTUFF RECOVERY resend NewView"      number=65 viewID=0xbecd93aa71ae0805fcc56a1889f73b110b3e8a727f4f15ff1b5765b8c8bb069d to=127.0.0.1:47103
        t=2026-09-22T08:52:47+0200 lvl=warn msg="HOTSTUFF RECOVERY resend NewView"      number=65 viewID=0xbecd93aa71ae0805fcc56a1889f73b110b3e8a727f4f15ff1b5765b8c8bb069d to=127.0.0.1:47103
        t=2026-09-22T08:52:52+0200 lvl=warn msg="HOTSTUFF RECOVERY resend NewView"      number=65 viewID=0xbecd93aa71ae0805fcc56a1889f73b110b3e8a727f4f15ff1b5765b8c8bb069d to=127.0.0.1:47103
        t=2026-09-22T08:52:57+0200 lvl=warn msg="HOTSTUFF RECOVERY resend NewView"      number=65 viewID=0xbecd93aa71ae0805fcc56a1889f73b110b3e8a727f4f15ff1b5765b8c8bb069d to=127.0.0.1:47103
    fhs_process_recovery_test.go:225: validator 946386 complete log: /tmp/fhs-process-failure-4012563008.log
    fhs_process_recovery_test.go:230: validator 946386 log tail:
        t=2026-09-22T08:51:38+0200 lvl=warn msg=GetBlockByNumer number=0
        t=2026-09-22T08:51:38+0200 lvl=warn msg=GetBlockByNumer number=1
        t=2026-09-22T08:51:38+0200 lvl=warn msg=GetBlockByNumer number=2
        t=2026-09-22T08:51:38+0200 lvl=warn msg=GetBlockByNumer number=3
        t=2026-09-22T08:51:38+0200 lvl=warn msg=GetBlockByNumer number=4
        t=2026-09-22T08:51:38+0200 lvl=warn msg=GetBlockByNumer number=5
        t=2026-09-22T08:51:38+0200 lvl=warn msg=GetBlockByNumer number=6
        t=2026-09-22T08:51:38+0200 lvl=warn msg=GetBlockByNumer number=7
        t=2026-09-22T08:51:38+0200 lvl=warn msg=GetBlockByNumer number=8
        t=2026-09-22T08:51:38+0200 lvl=warn msg=GetBlockByNumer number=9
        t=2026-09-22T08:51:38+0200 lvl=warn msg=GetBlockByNumer number=10
        t=2026-09-22T08:51:38+0200 lvl=warn msg=GetBlockByNumer number=11
        t=2026-09-22T08:51:38+0200 lvl=warn msg=GetBlockByNumer number=12
        t=2026-09-22T08:51:38+0200 lvl=warn msg=GetBlockByNumer number=13
        t=2026-09-22T08:51:38+0200 lvl=warn msg=GetBlockByNumer number=14
        t=2026-09-22T08:51:38+0200 lvl=warn msg=GetBlockByNumer number=15
        t=2026-09-22T08:51:38+0200 lvl=warn msg=GetBlockByNumer number=16
        t=2026-09-22T08:51:38+0200 lvl=warn msg=GetBlockByNumer number=17
        t=2026-09-22T08:51:38+0200 lvl=warn msg=GetBlockByNumer number=18
        t=2026-09-22T08:51:38+0200 lvl=warn msg=GetBlockByNumer number=19
        t=2026-09-22T08:51:38+0200 lvl=warn msg=GetBlockByNumer number=20
        t=2026-09-22T08:51:38+0200 lvl=warn msg=GetBlockByNumer number=21
        t=2026-09-22T08:51:38+0200 lvl=warn msg=GetBlockByNumer number=22
        t=2026-09-22T08:51:38+0200 lvl=warn msg=GetBlockByNumer number=23
        t=2026-09-22T08:51:38+0200 lvl=warn msg=GetBlockByNumer number=24
        t=2026-09-22T08:51:38+0200 lvl=warn msg=GetBlockByNumer number=25
        t=2026-09-22T08:51:38+0200 lvl=warn msg=GetBlockByNumer number=26
        t=2026-09-22T08:51:38+0200 lvl=warn msg=GetBlockByNumer number=27
        t=2026-09-22T08:51:38+0200 lvl=warn msg=GetBlockByNumer number=28
        t=2026-09-22T08:51:38+0200 lvl=warn msg=GetBlockByNumer number=29
        t=2026-09-22T08:51:38+0200 lvl=warn msg=GetBlockByNumer number=30
        t=2026-09-22T08:51:38+0200 lvl=warn msg=GetBlockByNumer number=31
        t=2026-09-22T08:51:38+0200 lvl=warn msg=GetBlockByNumer number=32
        t=2026-09-22T08:51:38+0200 lvl=warn msg=GetBlockByNumer number=33
        t=2026-09-22T08:51:38+0200 lvl=warn msg=GetBlockByNumer number=34
        t=2026-09-22T08:51:38+0200 lvl=warn msg=GetBlockByNumer number=35
        t=2026-09-22T08:51:38+0200 lvl=warn msg=GetBlockByNumer number=36
        t=2026-09-22T08:51:38+0200 lvl=warn msg=GetBlockByNumer number=37
        t=2026-09-22T08:51:38+0200 lvl=warn msg=GetBlockByNumer number=38
        t=2026-09-22T08:51:38+0200 lvl=warn msg=GetBlockByNumer number=39
        t=2026-09-22T08:51:38+0200 lvl=warn msg=GetBlockByNumer number=40
        t=2026-09-22T08:51:38+0200 lvl=warn msg=GetBlockByNumer number=41
        t=2026-09-22T08:51:38+0200 lvl=warn msg=GetBlockByNumer number=42
        t=2026-09-22T08:51:38+0200 lvl=warn msg=GetBlockByNumer number=43
        t=2026-09-22T08:51:38+0200 lvl=warn msg=GetBlockByNumer number=44
        t=2026-09-22T08:51:38+0200 lvl=warn msg=GetBlockByNumer number=45
        t=2026-09-22T08:51:38+0200 lvl=warn msg=GetBlockByNumer number=46
        t=2026-09-22T08:51:38+0200 lvl=warn msg=GetBlockByNumer number=47
        t=2026-09-22T08:51:38+0200 lvl=warn msg=GetBlockByNumer number=48
        t=2026-09-22T08:51:38+0200 lvl=warn msg=GetBlockByNumer number=49
        t=2026-09-22T08:51:38+0200 lvl=warn msg=GetBlockByNumer number=50
        t=2026-09-22T08:51:38+0200 lvl=warn msg=GetBlockByNumer number=51
        t=2026-09-22T08:51:38+0200 lvl=warn msg=GetBlockByNumer number=52
        t=2026-09-22T08:51:38+0200 lvl=warn msg=GetBlockByNumer number=53
        t=2026-09-22T08:51:38+0200 lvl=warn msg=GetBlockByNumer number=54
        t=2026-09-22T08:51:38+0200 lvl=warn msg=GetBlockByNumer number=55
        t=2026-09-22T08:51:38+0200 lvl=warn msg=GetBlockByNumer number=56
        t=2026-09-22T08:51:38+0200 lvl=warn msg=GetBlockByNumer number=57
        t=2026-09-22T08:51:38+0200 lvl=warn msg=GetBlockByNumer number=58
        t=2026-09-22T08:51:38+0200 lvl=warn msg=GetBlockByNumer number=59
        t=2026-09-22T08:51:38+0200 lvl=warn msg=GetBlockByNumer number=60
        t=2026-09-22T08:51:38+0200 lvl=warn msg=GetBlockByNumer number=61
        t=2026-09-22T08:51:38+0200 lvl=warn msg=GetBlockByNumer number=62
        t=2026-09-22T08:51:38+0200 lvl=warn msg=GetBlockByNumer number=63
        t=2026-09-22T08:51:38+0200 lvl=warn msg=GetBlockByNumer number=1
        t=2026-09-22T08:51:38+0200 lvl=warn msg=GetBlockByNumer number=2
        t=2026-09-22T08:51:38+0200 lvl=warn msg=GetBlockByNumer number=3
        t=2026-09-22T08:51:38+0200 lvl=warn msg=GetBlockByNumer number=4
        t=2026-09-22T08:51:38+0200 lvl=warn msg=GetBlockByNumer number=5
        t=2026-09-22T08:51:38+0200 lvl=warn msg=GetBlockByNumer number=6
        t=2026-09-22T08:51:38+0200 lvl=warn msg=GetBlockByNumer number=7
        t=2026-09-22T08:51:38+0200 lvl=warn msg=GetBlockByNumer number=8
        t=2026-09-22T08:51:38+0200 lvl=warn msg=GetBlockByNumer number=9
        t=2026-09-22T08:51:38+0200 lvl=warn msg=GetBlockByNumer number=10
        t=2026-09-22T08:51:38+0200 lvl=warn msg=GetBlockByNumer number=11
        t=2026-09-22T08:51:38+0200 lvl=warn msg=GetBlockByNumer number=12
        t=2026-09-22T08:51:38+0200 lvl=warn msg=GetBlockByNumer number=13
        t=2026-09-22T08:51:38+0200 lvl=warn msg=GetBlockByNumer number=14
        t=2026-09-22T08:51:38+0200 lvl=warn msg=GetBlockByNumer number=15
        t=2026-09-22T08:51:38+0200 lvl=warn msg=GetBlockByNumer number=16
        t=2026-09-22T08:51:38+0200 lvl=warn msg=GetBlockByNumer number=17
        t=2026-09-22T08:51:38+0200 lvl=warn msg=GetBlockByNumer number=18
        t=2026-09-22T08:51:38+0200 lvl=warn msg=GetBlockByNumer number=19
        t=2026-09-22T08:51:38+0200 lvl=warn msg=GetBlockByNumer number=20
        t=2026-09-22T08:51:38+0200 lvl=warn msg=GetBlockByNumer number=21
        t=2026-09-22T08:51:38+0200 lvl=warn msg=GetBlockByNumer number=22
        t=2026-09-22T08:51:38+0200 lvl=warn msg=GetBlockByNumer number=23
        t=2026-09-22T08:51:38+0200 lvl=warn msg=GetBlockByNumer number=24
        t=2026-09-22T08:51:38+0200 lvl=warn msg=GetBlockByNumer number=25
        t=2026-09-22T08:51:38+0200 lvl=warn msg=GetBlockByNumer number=26
        t=2026-09-22T08:51:38+0200 lvl=warn msg=GetBlockByNumer number=27
        t=2026-09-22T08:51:38+0200 lvl=warn msg=GetBlockByNumer number=28
        t=2026-09-22T08:51:38+0200 lvl=warn msg=GetBlockByNumer number=29
        t=2026-09-22T08:51:38+0200 lvl=warn msg=GetBlockByNumer number=30
        t=2026-09-22T08:51:38+0200 lvl=warn msg=GetBlockByNumer number=31
        t=2026-09-22T08:51:38+0200 lvl=warn msg=GetBlockByNumer number=32
        t=2026-09-22T08:51:38+0200 lvl=warn msg=GetBlockByNumer number=33
        t=2026-09-22T08:51:38+0200 lvl=warn msg=GetBlockByNumer number=34
        t=2026-09-22T08:51:38+0200 lvl=warn msg=GetBlockByNumer number=35
        t=2026-09-22T08:51:38+0200 lvl=warn msg=GetBlockByNumer number=36
        t=2026-09-22T08:51:38+0200 lvl=warn msg=GetBlockByNumer number=37
        t=2026-09-22T08:51:38+0200 lvl=warn msg=GetBlockByNumer number=38
        t=2026-09-22T08:51:38+0200 lvl=warn msg=GetBlockByNumer number=39
        t=2026-09-22T08:51:38+0200 lvl=warn msg=GetBlockByNumer number=40
        t=2026-09-22T08:51:38+0200 lvl=warn msg=GetBlockByNumer number=41
        t=2026-09-22T08:51:38+0200 lvl=warn msg=GetBlockByNumer number=42
        t=2026-09-22T08:51:38+0200 lvl=warn msg=GetBlockByNumer number=43
        t=2026-09-22T08:51:38+0200 lvl=warn msg=GetBlockByNumer number=44
        t=2026-09-22T08:51:38+0200 lvl=warn msg=GetBlockByNumer number=45
        t=2026-09-22T08:51:38+0200 lvl=warn msg=GetBlockByNumer number=46
        t=2026-09-22T08:51:38+0200 lvl=warn msg=GetBlockByNumer number=47
        t=2026-09-22T08:51:38+0200 lvl=warn msg=GetBlockByNumer number=48
        t=2026-09-22T08:51:38+0200 lvl=warn msg=GetBlockByNumer number=49
        t=2026-09-22T08:51:38+0200 lvl=warn msg=GetBlockByNumer number=50
        t=2026-09-22T08:51:38+0200 lvl=warn msg=GetBlockByNumer number=51
        t=2026-09-22T08:51:38+0200 lvl=warn msg=GetBlockByNumer number=52
        t=2026-09-22T08:51:38+0200 lvl=warn msg=GetBlockByNumer number=53
        t=2026-09-22T08:51:38+0200 lvl=warn msg=GetBlockByNumer number=54
        t=2026-09-22T08:51:38+0200 lvl=warn msg=GetBlockByNumer number=55
        t=2026-09-22T08:51:38+0200 lvl=warn msg=GetBlockByNumer number=56
        t=2026-09-22T08:51:38+0200 lvl=warn msg=GetBlockByNumer number=57
        t=2026-09-22T08:51:38+0200 lvl=warn msg=GetBlockByNumer number=58
        t=2026-09-22T08:51:38+0200 lvl=warn msg=GetBlockByNumer number=59
        t=2026-09-22T08:51:38+0200 lvl=warn msg=GetBlockByNumer number=60
        t=2026-09-22T08:51:38+0200 lvl=warn msg=GetBlockByNumer number=61
        t=2026-09-22T08:51:38+0200 lvl=warn msg=GetBlockByNumer number=62
        t=2026-09-22T08:51:38+0200 lvl=warn msg=GetBlockByNumer number=63
        t=2026-09-22T08:51:38+0200 lvl=warn msg="Failed to load snapshot, regenerating" err="missing or corrupted snapshot journal"
        t=2026-09-22T08:51:38+0200 lvl=warn msg=GetBlockByNumer                         number=1
        t=2026-09-22T08:51:56+0200 lvl=warn msg=GetBlockByNumer                         number=1
        t=2026-09-22T08:51:56+0200 lvl=warn msg=GetBlockByNumer                         number=63
        t=2026-09-22T08:51:57+0200 lvl=warn msg=GetBlockByNumer                         number=1
        t=2026-09-22T08:51:57+0200 lvl=eror msg=Connect                                 Could not connect to=127.0.0.1:41928 error="CRYPTO_ERROR 0x150 (remote): tls: internal error"
        t=2026-09-22T08:51:57+0200 lvl=eror msg=Connect                                 Could not connect to=127.0.0.1:57323 error="CRYPTO_ERROR 0x150 (remote): tls: internal error"
        t=2026-09-22T08:51:57+0200 lvl=eror msg=Connect                                 Could not connect to=127.0.0.1:40399 error="CRYPTO_ERROR 0x150 (remote): tls: internal error"
        t=2026-09-22T08:51:57+0200 lvl=eror msg=Connect                                 Could not connect to=127.0.0.1:44623 error="CRYPTO_ERROR 0x150 (remote): tls: internal error"
        t=2026-09-22T08:51:57+0200 lvl=warn msg=GetBlockByNumer                         number=1
        t=2026-09-22T08:51:57+0200 lvl=warn msg=GetBlockByNumer                         number=1
        t=2026-09-22T08:51:57+0200 lvl=warn msg=GetBlockByNumer                         number=63
        t=2026-09-22T08:51:58+0200 lvl=warn msg=GetBlockByNumer                         number=1
        t=2026-09-22T08:51:58+0200 lvl=warn msg=GetBlockByNumer                         number=63
        t=2026-09-22T08:52:02+0200 lvl=warn msg="HOTSTUFF RECOVERY resend NewView"      number=65 viewID=0xbecd93aa71ae0805fcc56a1889f73b110b3e8a727f4f15ff1b5765b8c8bb069d to=127.0.0.1:47103
        t=2026-09-22T08:52:07+0200 lvl=warn msg="HOTSTUFF RECOVERY resend NewView"      number=65 viewID=0xbecd93aa71ae0805fcc56a1889f73b110b3e8a727f4f15ff1b5765b8c8bb069d to=127.0.0.1:47103
        t=2026-09-22T08:52:12+0200 lvl=warn msg="HOTSTUFF RECOVERY resend NewView"      number=65 viewID=0xbecd93aa71ae0805fcc56a1889f73b110b3e8a727f4f15ff1b5765b8c8bb069d to=127.0.0.1:47103
        t=2026-09-22T08:52:17+0200 lvl=warn msg="HOTSTUFF RECOVERY resend NewView"      number=65 viewID=0xbecd93aa71ae0805fcc56a1889f73b110b3e8a727f4f15ff1b5765b8c8bb069d to=127.0.0.1:47103
        t=2026-09-22T08:52:22+0200 lvl=warn msg="HOTSTUFF RECOVERY resend NewView"      number=65 viewID=0xbecd93aa71ae0805fcc56a1889f73b110b3e8a727f4f15ff1b5765b8c8bb069d to=127.0.0.1:47103
        t=2026-09-22T08:52:27+0200 lvl=warn msg="HOTSTUFF RECOVERY resend NewView"      number=65 viewID=0xbecd93aa71ae0805fcc56a1889f73b110b3e8a727f4f15ff1b5765b8c8bb069d to=127.0.0.1:47103
        t=2026-09-22T08:52:32+0200 lvl=warn msg="HOTSTUFF RECOVERY resend NewView"      number=65 viewID=0xbecd93aa71ae0805fcc56a1889f73b110b3e8a727f4f15ff1b5765b8c8bb069d to=127.0.0.1:47103
        t=2026-09-22T08:52:37+0200 lvl=warn msg="HOTSTUFF RECOVERY resend NewView"      number=65 viewID=0xbecd93aa71ae0805fcc56a1889f73b110b3e8a727f4f15ff1b5765b8c8bb069d to=127.0.0.1:47103
        t=2026-09-22T08:52:42+0200 lvl=warn msg="HOTSTUFF RECOVERY resend NewView"      number=65 viewID=0xbecd93aa71ae0805fcc56a1889f73b110b3e8a727f4f15ff1b5765b8c8bb069d to=127.0.0.1:47103
        t=2026-09-22T08:52:47+0200 lvl=warn msg="HOTSTUFF RECOVERY resend NewView"      number=65 viewID=0xbecd93aa71ae0805fcc56a1889f73b110b3e8a727f4f15ff1b5765b8c8bb069d to=127.0.0.1:47103
        t=2026-09-22T08:52:52+0200 lvl=warn msg="HOTSTUFF RECOVERY resend NewView"      number=65 viewID=0xbecd93aa71ae0805fcc56a1889f73b110b3e8a727f4f15ff1b5765b8c8bb069d to=127.0.0.1:47103
        t=2026-09-22T08:52:57+0200 lvl=warn msg="HOTSTUFF RECOVERY resend NewView"      number=65 viewID=0xbecd93aa71ae0805fcc56a1889f73b110b3e8a727f4f15ff1b5765b8c8bb069d to=127.0.0.1:47103
    fhs_process_recovery_test.go:225: validator 946357 complete log: /tmp/fhs-process-failure-4176077118.log
    fhs_process_recovery_test.go:230: validator 946357 log tail:
        t=2026-09-22T08:51:35+0200 lvl=warn msg=GetBlockByNumer number=0
        t=2026-09-22T08:51:35+0200 lvl=warn msg=GetBlockByNumer number=1
        t=2026-09-22T08:51:35+0200 lvl=warn msg=GetBlockByNumer number=2
        t=2026-09-22T08:51:35+0200 lvl=warn msg=GetBlockByNumer number=3
        t=2026-09-22T08:51:35+0200 lvl=warn msg=GetBlockByNumer number=4
        t=2026-09-22T08:51:35+0200 lvl=warn msg=GetBlockByNumer number=5
        t=2026-09-22T08:51:35+0200 lvl=warn msg=GetBlockByNumer number=6
        t=2026-09-22T08:51:35+0200 lvl=warn msg=GetBlockByNumer number=7
        t=2026-09-22T08:51:35+0200 lvl=warn msg=GetBlockByNumer number=8
        t=2026-09-22T08:51:35+0200 lvl=warn msg=GetBlockByNumer number=9
        t=2026-09-22T08:51:35+0200 lvl=warn msg=GetBlockByNumer number=10
        t=2026-09-22T08:51:35+0200 lvl=warn msg=GetBlockByNumer number=11
        t=2026-09-22T08:51:35+0200 lvl=warn msg=GetBlockByNumer number=12
        t=2026-09-22T08:51:35+0200 lvl=warn msg=GetBlockByNumer number=13
        t=2026-09-22T08:51:35+0200 lvl=warn msg=GetBlockByNumer number=14
        t=2026-09-22T08:51:35+0200 lvl=warn msg=GetBlockByNumer number=15
        t=2026-09-22T08:51:35+0200 lvl=warn msg=GetBlockByNumer number=16
        t=2026-09-22T08:51:35+0200 lvl=warn msg=GetBlockByNumer number=17
        t=2026-09-22T08:51:35+0200 lvl=warn msg=GetBlockByNumer number=18
        t=2026-09-22T08:51:35+0200 lvl=warn msg=GetBlockByNumer number=19
        t=2026-09-22T08:51:35+0200 lvl=warn msg=GetBlockByNumer number=20
        t=2026-09-22T08:51:35+0200 lvl=warn msg=GetBlockByNumer number=21
        t=2026-09-22T08:51:35+0200 lvl=warn msg=GetBlockByNumer number=22
        t=2026-09-22T08:51:35+0200 lvl=warn msg=GetBlockByNumer number=23
        t=2026-09-22T08:51:35+0200 lvl=warn msg=GetBlockByNumer number=24
        t=2026-09-22T08:51:35+0200 lvl=warn msg=GetBlockByNumer number=25
        t=2026-09-22T08:51:35+0200 lvl=warn msg=GetBlockByNumer number=26
        t=2026-09-22T08:51:35+0200 lvl=warn msg=GetBlockByNumer number=27
        t=2026-09-22T08:51:35+0200 lvl=warn msg=GetBlockByNumer number=28
        t=2026-09-22T08:51:35+0200 lvl=warn msg=GetBlockByNumer number=29
        t=2026-09-22T08:51:35+0200 lvl=warn msg=GetBlockByNumer number=30
        t=2026-09-22T08:51:35+0200 lvl=warn msg=GetBlockByNumer number=31
        t=2026-09-22T08:51:35+0200 lvl=warn msg=GetBlockByNumer number=32
        t=2026-09-22T08:51:35+0200 lvl=warn msg=GetBlockByNumer number=33
        t=2026-09-22T08:51:35+0200 lvl=warn msg=GetBlockByNumer number=34
        t=2026-09-22T08:51:35+0200 lvl=warn msg=GetBlockByNumer number=35
        t=2026-09-22T08:51:35+0200 lvl=warn msg=GetBlockByNumer number=36
        t=2026-09-22T08:51:35+0200 lvl=warn msg=GetBlockByNumer number=37
        t=2026-09-22T08:51:35+0200 lvl=warn msg=GetBlockByNumer number=38
        t=2026-09-22T08:51:35+0200 lvl=warn msg=GetBlockByNumer number=39
        t=2026-09-22T08:51:35+0200 lvl=warn msg=GetBlockByNumer number=40
        t=2026-09-22T08:51:35+0200 lvl=warn msg=GetBlockByNumer number=41
        t=2026-09-22T08:51:35+0200 lvl=warn msg=GetBlockByNumer number=42
        t=2026-09-22T08:51:35+0200 lvl=warn msg=GetBlockByNumer number=43
        t=2026-09-22T08:51:35+0200 lvl=warn msg=GetBlockByNumer number=44
        t=2026-09-22T08:51:35+0200 lvl=warn msg=GetBlockByNumer number=45
        t=2026-09-22T08:51:35+0200 lvl=warn msg=GetBlockByNumer number=46
        t=2026-09-22T08:51:35+0200 lvl=warn msg=GetBlockByNumer number=47
        t=2026-09-22T08:51:35+0200 lvl=warn msg=GetBlockByNumer number=48
        t=2026-09-22T08:51:35+0200 lvl=warn msg=GetBlockByNumer number=49
        t=2026-09-22T08:51:35+0200 lvl=warn msg=GetBlockByNumer number=50
        t=2026-09-22T08:51:35+0200 lvl=warn msg=GetBlockByNumer number=51
        t=2026-09-22T08:51:35+0200 lvl=warn msg=GetBlockByNumer number=52
        t=2026-09-22T08:51:35+0200 lvl=warn msg=GetBlockByNumer number=53
        t=2026-09-22T08:51:35+0200 lvl=warn msg=GetBlockByNumer number=54
        t=2026-09-22T08:51:35+0200 lvl=warn msg=GetBlockByNumer number=55
        t=2026-09-22T08:51:35+0200 lvl=warn msg=GetBlockByNumer number=56
        t=2026-09-22T08:51:35+0200 lvl=warn msg=GetBlockByNumer number=57
        t=2026-09-22T08:51:35+0200 lvl=warn msg=GetBlockByNumer number=58
        t=2026-09-22T08:51:35+0200 lvl=warn msg=GetBlockByNumer number=59
        t=2026-09-22T08:51:35+0200 lvl=warn msg=GetBlockByNumer number=60
        t=2026-09-22T08:51:35+0200 lvl=warn msg=GetBlockByNumer number=61
        t=2026-09-22T08:51:35+0200 lvl=warn msg=GetBlockByNumer number=62
        t=2026-09-22T08:51:35+0200 lvl=warn msg=GetBlockByNumer number=63
        t=2026-09-22T08:51:35+0200 lvl=warn msg=GetBlockByNumer number=1
        t=2026-09-22T08:51:35+0200 lvl=warn msg=GetBlockByNumer number=2
        t=2026-09-22T08:51:35+0200 lvl=warn msg=GetBlockByNumer number=3
        t=2026-09-22T08:51:35+0200 lvl=warn msg=GetBlockByNumer number=4
        t=2026-09-22T08:51:35+0200 lvl=warn msg=GetBlockByNumer number=5
        t=2026-09-22T08:51:35+0200 lvl=warn msg=GetBlockByNumer number=6
        t=2026-09-22T08:51:35+0200 lvl=warn msg=GetBlockByNumer number=7
        t=2026-09-22T08:51:35+0200 lvl=warn msg=GetBlockByNumer number=8
        t=2026-09-22T08:51:35+0200 lvl=warn msg=GetBlockByNumer number=9
        t=2026-09-22T08:51:35+0200 lvl=warn msg=GetBlockByNumer number=10
        t=2026-09-22T08:51:35+0200 lvl=warn msg=GetBlockByNumer number=11
        t=2026-09-22T08:51:35+0200 lvl=warn msg=GetBlockByNumer number=12
        t=2026-09-22T08:51:35+0200 lvl=warn msg=GetBlockByNumer number=13
        t=2026-09-22T08:51:35+0200 lvl=warn msg=GetBlockByNumer number=14
        t=2026-09-22T08:51:35+0200 lvl=warn msg=GetBlockByNumer number=15
        t=2026-09-22T08:51:35+0200 lvl=warn msg=GetBlockByNumer number=16
        t=2026-09-22T08:51:35+0200 lvl=warn msg=GetBlockByNumer number=17
        t=2026-09-22T08:51:35+0200 lvl=warn msg=GetBlockByNumer number=18
        t=2026-09-22T08:51:35+0200 lvl=warn msg=GetBlockByNumer number=19
        t=2026-09-22T08:51:35+0200 lvl=warn msg=GetBlockByNumer number=20
        t=2026-09-22T08:51:35+0200 lvl=warn msg=GetBlockByNumer number=21
        t=2026-09-22T08:51:35+0200 lvl=warn msg=GetBlockByNumer number=22
        t=2026-09-22T08:51:35+0200 lvl=warn msg=GetBlockByNumer number=23
        t=2026-09-22T08:51:35+0200 lvl=warn msg=GetBlockByNumer number=24
        t=2026-09-22T08:51:35+0200 lvl=warn msg=GetBlockByNumer number=25
        t=2026-09-22T08:51:35+0200 lvl=warn msg=GetBlockByNumer number=26
        t=2026-09-22T08:51:35+0200 lvl=warn msg=GetBlockByNumer number=27
        t=2026-09-22T08:51:35+0200 lvl=warn msg=GetBlockByNumer number=28
        t=2026-09-22T08:51:35+0200 lvl=warn msg=GetBlockByNumer number=29
        t=2026-09-22T08:51:35+0200 lvl=warn msg=GetBlockByNumer number=30
        t=2026-09-22T08:51:35+0200 lvl=warn msg=GetBlockByNumer number=31
        t=2026-09-22T08:51:35+0200 lvl=warn msg=GetBlockByNumer number=32
        t=2026-09-22T08:51:35+0200 lvl=warn msg=GetBlockByNumer number=33
        t=2026-09-22T08:51:35+0200 lvl=warn msg=GetBlockByNumer number=34
        t=2026-09-22T08:51:35+0200 lvl=warn msg=GetBlockByNumer number=35
        t=2026-09-22T08:51:35+0200 lvl=warn msg=GetBlockByNumer number=36
        t=2026-09-22T08:51:35+0200 lvl=warn msg=GetBlockByNumer number=37
        t=2026-09-22T08:51:35+0200 lvl=warn msg=GetBlockByNumer number=38
        t=2026-09-22T08:51:35+0200 lvl=warn msg=GetBlockByNumer number=39
        t=2026-09-22T08:51:35+0200 lvl=warn msg=GetBlockByNumer number=40
        t=2026-09-22T08:51:35+0200 lvl=warn msg=GetBlockByNumer number=41
        t=2026-09-22T08:51:35+0200 lvl=warn msg=GetBlockByNumer number=42
        t=2026-09-22T08:51:35+0200 lvl=warn msg=GetBlockByNumer number=43
        t=2026-09-22T08:51:35+0200 lvl=warn msg=GetBlockByNumer number=44
        t=2026-09-22T08:51:35+0200 lvl=warn msg=GetBlockByNumer number=45
        t=2026-09-22T08:51:35+0200 lvl=warn msg=GetBlockByNumer number=46
        t=2026-09-22T08:51:35+0200 lvl=warn msg=GetBlockByNumer number=47
        t=2026-09-22T08:51:35+0200 lvl=warn msg=GetBlockByNumer number=48
        t=2026-09-22T08:51:35+0200 lvl=warn msg=GetBlockByNumer number=49
        t=2026-09-22T08:51:35+0200 lvl=warn msg=GetBlockByNumer number=50
        t=2026-09-22T08:51:35+0200 lvl=warn msg=GetBlockByNumer number=51
        t=2026-09-22T08:51:35+0200 lvl=warn msg=GetBlockByNumer number=52
        t=2026-09-22T08:51:35+0200 lvl=warn msg=GetBlockByNumer number=53
        t=2026-09-22T08:51:35+0200 lvl=warn msg=GetBlockByNumer number=54
        t=2026-09-22T08:51:35+0200 lvl=warn msg=GetBlockByNumer number=55
        t=2026-09-22T08:51:35+0200 lvl=warn msg=GetBlockByNumer number=56
        t=2026-09-22T08:51:35+0200 lvl=warn msg=GetBlockByNumer number=57
        t=2026-09-22T08:51:35+0200 lvl=warn msg=GetBlockByNumer number=58
        t=2026-09-22T08:51:35+0200 lvl=warn msg=GetBlockByNumer number=59
        t=2026-09-22T08:51:35+0200 lvl=warn msg=GetBlockByNumer number=60
        t=2026-09-22T08:51:35+0200 lvl=warn msg=GetBlockByNumer number=61
        t=2026-09-22T08:51:35+0200 lvl=warn msg=GetBlockByNumer number=62
        t=2026-09-22T08:51:35+0200 lvl=warn msg=GetBlockByNumer number=63
        t=2026-09-22T08:51:35+0200 lvl=warn msg="Failed to load snapshot, regenerating" err="missing or corrupted snapshot journal"
        t=2026-09-22T08:51:35+0200 lvl=warn msg=GetBlockByNumer                         number=1
        t=2026-09-22T08:51:56+0200 lvl=warn msg=GetBlockByNumer                         number=1
        t=2026-09-22T08:51:56+0200 lvl=warn msg=GetBlockByNumer                         number=63
        t=2026-09-22T08:51:56+0200 lvl=warn msg=GetBlockByNumer                         number=1
        t=2026-09-22T08:51:56+0200 lvl=eror msg=Connect                                 Could not connect to=127.0.0.1:47103 error="CRYPTO_ERROR 0x150 (remote): tls: internal error"
        t=2026-09-22T08:51:56+0200 lvl=eror msg=Connect                                 Could not connect to=127.0.0.1:44623 error="CRYPTO_ERROR 0x150 (remote): tls: internal error"
        t=2026-09-22T08:51:56+0200 lvl=eror msg=Connect                                 Could not connect to=127.0.0.1:40399 error="CRYPTO_ERROR 0x150 (remote): tls: internal error"
        t=2026-09-22T08:51:56+0200 lvl=eror msg=Connect                                 Could not connect to=127.0.0.1:41928 error="CRYPTO_ERROR 0x150 (remote): tls: internal error"
        t=2026-09-22T08:51:56+0200 lvl=eror msg=Connect                                 Could not connect to=127.0.0.1:47103 error="CRYPTO_ERROR 0x150 (remote): tls: internal error"
        t=2026-09-22T08:51:56+0200 lvl=warn msg=SendRawData                             couldn't send to=127.0.0.1:47103 error="CRYPTO_ERROR 0x150 (remote): tls: internal error"
        t=2026-09-22T08:51:56+0200 lvl=eror msg=Connect                                 Could not connect to=127.0.0.1:57323 error="CRYPTO_ERROR 0x150 (remote): tls: internal error"
        t=2026-09-22T08:51:57+0200 lvl=eror msg=Connect                                 Could not connect to=127.0.0.1:47103 error="CRYPTO_ERROR 0x150 (remote): tls: internal error"
        t=2026-09-22T08:51:57+0200 lvl=warn msg=SendRawData                             couldn't send to=127.0.0.1:47103 error="CRYPTO_ERROR 0x150 (remote): tls: internal error"
        t=2026-09-22T08:51:57+0200 lvl=warn msg=GetBlockByNumer                         number=1
        t=2026-09-22T08:51:57+0200 lvl=warn msg=GetBlockByNumer                         number=1
        t=2026-09-22T08:51:57+0200 lvl=warn msg=GetBlockByNumer                         number=63
        t=2026-09-22T08:51:58+0200 lvl=warn msg=GetBlockByNumer                         number=1
        t=2026-09-22T08:51:58+0200 lvl=warn msg=GetBlockByNumer                         number=63
        t=2026-09-22T08:51:58+0200 lvl=warn msg=GetBlockByNumer                         number=63
        t=2026-09-22T08:51:58+0200 lvl=warn msg=GetBlockByNumer                         number=63
        t=2026-09-22T08:51:58+0200 lvl=warn msg=GetBlockByNumer                         number=63
        t=2026-09-22T08:51:58+0200 lvl=warn msg=GetBlockByNumer                         number=63
        t=2026-09-22T08:51:58+0200 lvl=warn msg=GetBlockByNumer                         number=63
        t=2026-09-22T08:51:58+0200 lvl=warn msg=GetBlockByNumer                         number=63
        t=2026-09-22T08:51:58+0200 lvl=warn msg=GetBlockByNumer                         number=63
        t=2026-09-22T08:51:58+0200 lvl=warn msg=GetBlockByNumer                         number=63
        t=2026-09-22T08:51:58+0200 lvl=warn msg=GetBlockByNumer                         number=63
        t=2026-09-22T08:51:58+0200 lvl=warn msg=GetBlockByNumer                         number=63
        t=2026-09-22T08:51:58+0200 lvl=warn msg=GetBlockByNumer                         number=63
        t=2026-09-22T08:51:58+0200 lvl=warn msg=GetBlockByNumer                         number=63
        t=2026-09-22T08:51:58+0200 lvl=warn msg=GetBlockByNumer                         number=63
        t=2026-09-22T08:51:58+0200 lvl=warn msg=GetBlockByNumer                         number=63
        t=2026-09-22T08:51:58+0200 lvl=warn msg=GetBlockByNumer                         number=63
        t=2026-09-22T08:52:01+0200 lvl=warn msg="HOTSTUFF RECOVERY resend NewView"      number=65 viewID=0xbecd93aa71ae0805fcc56a1889f73b110b3e8a727f4f15ff1b5765b8c8bb069d to=127.0.0.1:47103
        t=2026-09-22T08:52:06+0200 lvl=warn msg="HOTSTUFF RECOVERY resend NewView"      number=65 viewID=0xbecd93aa71ae0805fcc56a1889f73b110b3e8a727f4f15ff1b5765b8c8bb069d to=127.0.0.1:47103
        t=2026-09-22T08:52:11+0200 lvl=warn msg="HOTSTUFF RECOVERY resend NewView"      number=65 viewID=0xbecd93aa71ae0805fcc56a1889f73b110b3e8a727f4f15ff1b5765b8c8bb069d to=127.0.0.1:47103
        t=2026-09-22T08:52:16+0200 lvl=warn msg="HOTSTUFF RECOVERY resend NewView"      number=65 viewID=0xbecd93aa71ae0805fcc56a1889f73b110b3e8a727f4f15ff1b5765b8c8bb069d to=127.0.0.1:47103
        t=2026-09-22T08:52:21+0200 lvl=warn msg="HOTSTUFF RECOVERY resend NewView"      number=65 viewID=0xbecd93aa71ae0805fcc56a1889f73b110b3e8a727f4f15ff1b5765b8c8bb069d to=127.0.0.1:47103
        t=2026-09-22T08:52:26+0200 lvl=warn msg="HOTSTUFF RECOVERY resend NewView"      number=65 viewID=0xbecd93aa71ae0805fcc56a1889f73b110b3e8a727f4f15ff1b5765b8c8bb069d to=127.0.0.1:47103
        t=2026-09-22T08:52:31+0200 lvl=warn msg="HOTSTUFF RECOVERY resend NewView"      number=65 viewID=0xbecd93aa71ae0805fcc56a1889f73b110b3e8a727f4f15ff1b5765b8c8bb069d to=127.0.0.1:47103
        t=2026-09-22T08:52:36+0200 lvl=warn msg="HOTSTUFF RECOVERY resend NewView"      number=65 viewID=0xbecd93aa71ae0805fcc56a1889f73b110b3e8a727f4f15ff1b5765b8c8bb069d to=127.0.0.1:47103
        t=2026-09-22T08:52:41+0200 lvl=warn msg="HOTSTUFF RECOVERY resend NewView"      number=65 viewID=0xbecd93aa71ae0805fcc56a1889f73b110b3e8a727f4f15ff1b5765b8c8bb069d to=127.0.0.1:47103
        t=2026-09-22T08:52:46+0200 lvl=warn msg="HOTSTUFF RECOVERY resend NewView"      number=65 viewID=0xbecd93aa71ae0805fcc56a1889f73b110b3e8a727f4f15ff1b5765b8c8bb069d to=127.0.0.1:47103
        t=2026-09-22T08:52:51+0200 lvl=warn msg="HOTSTUFF RECOVERY resend NewView"      number=65 viewID=0xbecd93aa71ae0805fcc56a1889f73b110b3e8a727f4f15ff1b5765b8c8bb069d to=127.0.0.1:47103
        t=2026-09-22T08:52:56+0200 lvl=warn msg="HOTSTUFF RECOVERY resend NewView"      number=65 viewID=0xbecd93aa71ae0805fcc56a1889f73b110b3e8a727f4f15ff1b5765b8c8bb069d to=127.0.0.1:47103
    fhs_process_recovery_test.go:225: validator 945627 complete log: /tmp/fhs-process-failure-4044639726.log
    fhs_process_recovery_test.go:230: validator 945627 log tail:
        t=2026-09-22T08:50:40+0200 lvl=warn msg=GetBlockByNumer number=0
        t=2026-09-22T08:50:40+0200 lvl=warn msg=GetBlockByNumer number=1
        t=2026-09-22T08:50:40+0200 lvl=warn msg=GetBlockByNumer number=2
        t=2026-09-22T08:50:40+0200 lvl=warn msg=GetBlockByNumer number=3
        t=2026-09-22T08:50:40+0200 lvl=warn msg=GetBlockByNumer number=4
        t=2026-09-22T08:50:40+0200 lvl=warn msg=GetBlockByNumer number=5
        t=2026-09-22T08:50:40+0200 lvl=warn msg=GetBlockByNumer number=6
        t=2026-09-22T08:50:40+0200 lvl=warn msg=GetBlockByNumer number=7
        t=2026-09-22T08:50:40+0200 lvl=warn msg=GetBlockByNumer number=8
        t=2026-09-22T08:50:40+0200 lvl=warn msg=GetBlockByNumer number=9
        t=2026-09-22T08:50:40+0200 lvl=warn msg=GetBlockByNumer number=10
        t=2026-09-22T08:50:40+0200 lvl=warn msg=GetBlockByNumer number=11
        t=2026-09-22T08:50:40+0200 lvl=warn msg=GetBlockByNumer number=12
        t=2026-09-22T08:50:40+0200 lvl=warn msg=GetBlockByNumer number=13
        t=2026-09-22T08:50:40+0200 lvl=warn msg=GetBlockByNumer number=14
        t=2026-09-22T08:50:40+0200 lvl=warn msg=GetBlockByNumer number=15
        t=2026-09-22T08:50:40+0200 lvl=warn msg=GetBlockByNumer number=16
        t=2026-09-22T08:50:40+0200 lvl=warn msg=GetBlockByNumer number=17
        t=2026-09-22T08:50:40+0200 lvl=warn msg=GetBlockByNumer number=18
        t=2026-09-22T08:50:40+0200 lvl=warn msg=GetBlockByNumer number=19
        t=2026-09-22T08:50:40+0200 lvl=warn msg=GetBlockByNumer number=20
        t=2026-09-22T08:50:40+0200 lvl=warn msg=GetBlockByNumer number=21
        t=2026-09-22T08:50:40+0200 lvl=warn msg=GetBlockByNumer number=22
        t=2026-09-22T08:50:40+0200 lvl=warn msg=GetBlockByNumer number=23
        t=2026-09-22T08:50:40+0200 lvl=warn msg=GetBlockByNumer number=24
        t=2026-09-22T08:50:40+0200 lvl=warn msg=GetBlockByNumer number=25
        t=2026-09-22T08:50:40+0200 lvl=warn msg=GetBlockByNumer number=26
        t=2026-09-22T08:50:40+0200 lvl=warn msg=GetBlockByNumer number=27
        t=2026-09-22T08:50:40+0200 lvl=warn msg=GetBlockByNumer number=28
        t=2026-09-22T08:50:40+0200 lvl=warn msg=GetBlockByNumer number=29
        t=2026-09-22T08:50:40+0200 lvl=warn msg=GetBlockByNumer number=30
        t=2026-09-22T08:50:40+0200 lvl=warn msg=GetBlockByNumer number=31
        t=2026-09-22T08:50:40+0200 lvl=warn msg=GetBlockByNumer number=32
        t=2026-09-22T08:50:40+0200 lvl=warn msg=GetBlockByNumer number=33
        t=2026-09-22T08:50:40+0200 lvl=warn msg=GetBlockByNumer number=34
        t=2026-09-22T08:50:40+0200 lvl=warn msg=GetBlockByNumer number=35
        t=2026-09-22T08:50:40+0200 lvl=warn msg=GetBlockByNumer number=36
        t=2026-09-22T08:50:40+0200 lvl=warn msg=GetBlockByNumer number=37
        t=2026-09-22T08:50:40+0200 lvl=warn msg=GetBlockByNumer number=38
        t=2026-09-22T08:50:40+0200 lvl=warn msg=GetBlockByNumer number=39
        t=2026-09-22T08:50:40+0200 lvl=warn msg=GetBlockByNumer number=40
        t=2026-09-22T08:50:40+0200 lvl=warn msg=GetBlockByNumer number=41
        t=2026-09-22T08:50:40+0200 lvl=warn msg=GetBlockByNumer number=42
        t=2026-09-22T08:50:40+0200 lvl=warn msg=GetBlockByNumer number=43
        t=2026-09-22T08:50:40+0200 lvl=warn msg=GetBlockByNumer number=44
        t=2026-09-22T08:50:40+0200 lvl=warn msg=GetBlockByNumer number=45
        t=2026-09-22T08:50:40+0200 lvl=warn msg=GetBlockByNumer number=46
        t=2026-09-22T08:50:40+0200 lvl=warn msg=GetBlockByNumer number=47
        t=2026-09-22T08:50:40+0200 lvl=warn msg=GetBlockByNumer number=1
        t=2026-09-22T08:50:40+0200 lvl=warn msg=GetBlockByNumer number=2
        t=2026-09-22T08:50:40+0200 lvl=warn msg=GetBlockByNumer number=3
        t=2026-09-22T08:50:40+0200 lvl=warn msg=GetBlockByNumer number=4
        t=2026-09-22T08:50:40+0200 lvl=warn msg=GetBlockByNumer number=5
        t=2026-09-22T08:50:40+0200 lvl=warn msg=GetBlockByNumer number=6
        t=2026-09-22T08:50:40+0200 lvl=warn msg=GetBlockByNumer number=7
        t=2026-09-22T08:50:40+0200 lvl=warn msg=GetBlockByNumer number=8
        t=2026-09-22T08:50:40+0200 lvl=warn msg=GetBlockByNumer number=9
        t=2026-09-22T08:50:40+0200 lvl=warn msg=GetBlockByNumer number=10
        t=2026-09-22T08:50:40+0200 lvl=warn msg=GetBlockByNumer number=11
        t=2026-09-22T08:50:40+0200 lvl=warn msg=GetBlockByNumer number=12
        t=2026-09-22T08:50:40+0200 lvl=warn msg=GetBlockByNumer number=13
        t=2026-09-22T08:50:40+0200 lvl=warn msg=GetBlockByNumer number=14
        t=2026-09-22T08:50:40+0200 lvl=warn msg=GetBlockByNumer number=15
        t=2026-09-22T08:50:40+0200 lvl=warn msg=GetBlockByNumer number=16
        t=2026-09-22T08:50:40+0200 lvl=warn msg=GetBlockByNumer number=17
        t=2026-09-22T08:50:40+0200 lvl=warn msg=GetBlockByNumer number=18
        t=2026-09-22T08:50:40+0200 lvl=warn msg=GetBlockByNumer number=19
        t=2026-09-22T08:50:40+0200 lvl=warn msg=GetBlockByNumer number=20
        t=2026-09-22T08:50:40+0200 lvl=warn msg=GetBlockByNumer number=21
        t=2026-09-22T08:50:40+0200 lvl=warn msg=GetBlockByNumer number=22
        t=2026-09-22T08:50:40+0200 lvl=warn msg=GetBlockByNumer number=23
        t=2026-09-22T08:50:40+0200 lvl=warn msg=GetBlockByNumer number=24
        t=2026-09-22T08:50:40+0200 lvl=warn msg=GetBlockByNumer number=25
        t=2026-09-22T08:50:40+0200 lvl=warn msg=GetBlockByNumer number=26
        t=2026-09-22T08:50:40+0200 lvl=warn msg=GetBlockByNumer number=27
        t=2026-09-22T08:50:40+0200 lvl=warn msg=GetBlockByNumer number=28
        t=2026-09-22T08:50:40+0200 lvl=warn msg=GetBlockByNumer number=29
        t=2026-09-22T08:50:40+0200 lvl=warn msg=GetBlockByNumer number=30
        t=2026-09-22T08:50:40+0200 lvl=warn msg=GetBlockByNumer number=31
        t=2026-09-22T08:50:40+0200 lvl=warn msg=GetBlockByNumer number=32
        t=2026-09-22T08:50:40+0200 lvl=warn msg=GetBlockByNumer number=33
        t=2026-09-22T08:50:40+0200 lvl=warn msg=GetBlockByNumer number=34
        t=2026-09-22T08:50:40+0200 lvl=warn msg=GetBlockByNumer number=35
        t=2026-09-22T08:50:40+0200 lvl=warn msg=GetBlockByNumer number=36
        t=2026-09-22T08:50:40+0200 lvl=warn msg=GetBlockByNumer number=37
        t=2026-09-22T08:50:40+0200 lvl=warn msg=GetBlockByNumer number=38
        t=2026-09-22T08:50:40+0200 lvl=warn msg=GetBlockByNumer number=39
        t=2026-09-22T08:50:40+0200 lvl=warn msg=GetBlockByNumer number=40
        t=2026-09-22T08:50:40+0200 lvl=warn msg=GetBlockByNumer number=41
        t=2026-09-22T08:50:40+0200 lvl=warn msg=GetBlockByNumer number=42
        t=2026-09-22T08:50:40+0200 lvl=warn msg=GetBlockByNumer number=43
        t=2026-09-22T08:50:40+0200 lvl=warn msg=GetBlockByNumer number=44
        t=2026-09-22T08:50:40+0200 lvl=warn msg=GetBlockByNumer number=45
        t=2026-09-22T08:50:40+0200 lvl=warn msg=GetBlockByNumer number=46
        t=2026-09-22T08:50:40+0200 lvl=warn msg=GetBlockByNumer number=47
        t=2026-09-22T08:50:40+0200 lvl=warn msg="Failed to load snapshot, regenerating" err="missing or corrupted snapshot journal"
        t=2026-09-22T08:50:40+0200 lvl=warn msg=GetBlockByNumer                         number=1
        t=2026-09-22T08:50:41+0200 lvl=warn msg=GetBlockByNumer                         number=1
        t=2026-09-22T08:50:41+0200 lvl=warn msg=GetBlockByNumer                         number=47
        t=2026-09-22T08:50:41+0200 lvl=warn msg=GetBlockByNumer                         number=1
        t=2026-09-22T08:50:41+0200 lvl=warn msg=GetBlockByNumer                         number=1
        t=2026-09-22T08:50:41+0200 lvl=warn msg=GetBlockByNumer                         number=1
        t=2026-09-22T08:50:41+0200 lvl=warn msg=GetBlockByNumer                         number=47
        t=2026-09-22T08:50:42+0200 lvl=warn msg=GetBlockByNumer                         number=1
        t=2026-09-22T08:50:42+0200 lvl=warn msg=GetBlockByNumer                         number=47
        t=2026-09-22T08:50:46+0200 lvl=warn msg="HOTSTUFF RECOVERY resend NewView"      number=49 viewID=0xb8e12e0a189ac1e6d0891104fd6036c35c6d47a1665ca9e3da75cbe01bae76ea to=127.0.0.1:41928
        t=2026-09-22T08:50:51+0200 lvl=warn msg="HOTSTUFF RECOVERY resend NewView"      number=49 viewID=0xb8e12e0a189ac1e6d0891104fd6036c35c6d47a1665ca9e3da75cbe01bae76ea to=127.0.0.1:41928
        t=2026-09-22T08:50:56+0200 lvl=warn msg="HOTSTUFF RECOVERY resend NewView"      number=49 viewID=0xb8e12e0a189ac1e6d0891104fd6036c35c6d47a1665ca9e3da75cbe01bae76ea to=127.0.0.1:41928
        t=2026-09-22T08:51:01+0200 lvl=warn msg="HOTSTUFF RECOVERY resend NewView"      number=49 viewID=0xb8e12e0a189ac1e6d0891104fd6036c35c6d47a1665ca9e3da75cbe01bae76ea to=127.0.0.1:41928
        t=2026-09-22T08:51:06+0200 lvl=warn msg="HOTSTUFF RECOVERY resend NewView"      number=49 viewID=0xb8e12e0a189ac1e6d0891104fd6036c35c6d47a1665ca9e3da75cbe01bae76ea to=127.0.0.1:41928
        t=2026-09-22T08:51:11+0200 lvl=warn msg="HOTSTUFF RECOVERY resend NewView"      number=49 viewID=0xb8e12e0a189ac1e6d0891104fd6036c35c6d47a1665ca9e3da75cbe01bae76ea to=127.0.0.1:41928
        t=2026-09-22T08:51:16+0200 lvl=warn msg="HOTSTUFF RECOVERY resend NewView"      number=49 viewID=0xb8e12e0a189ac1e6d0891104fd6036c35c6d47a1665ca9e3da75cbe01bae76ea to=127.0.0.1:41928
        t=2026-09-22T08:51:21+0200 lvl=warn msg="HOTSTUFF RECOVERY resend NewView"      number=49 viewID=0xb8e12e0a189ac1e6d0891104fd6036c35c6d47a1665ca9e3da75cbe01bae76ea to=127.0.0.1:41928
        t=2026-09-22T08:51:22+0200 lvl=info msg="HOTSTUFF PROPOSAL REF"                 number=49 viewID=0xb8e12e0a189ac1e6d0891104fd6036c35c6d47a1665ca9e3da75cbe01bae76ea proposalID=0x902e493a6ebeda8b022f8ecd18826c1e03e748686af8ba2b7f5f0091f50d5620 blockHash=0x466f66f93d9f347349f0ae6e33142ccfb9e9c5b3a3d10e9ab801f2c0fd9c0240 bodyHash=0x709353c7d7790a9e449fa74461fd9df87ca9298ae9f1413cf6a567f9d6069876 bodySize=1557 refBytes=442
        t=2026-09-22T08:51:22+0200 lvl=info msg="HOTSTUFF PROPOSAL MANIFEST stored"     from=127.0.0.1:57323 number=50 proposalID=0x1b2ec4b836d39c04fe911c6c8a792d2f62a88fa586075e156c57a3dac359dc5c manifestBytes=830 missing=0 bodyBytes=830
        t=2026-09-22T08:51:23+0200 lvl=info msg="HOTSTUFF PROPOSAL REF"                 number=51 viewID=0x6c8725c0d2ff3b39f30758d71e98debeda785422f07c6ae69e711cb4804ecbbb proposalID=0x062bad1ac9157aa3c08914b872571efb0b1bf1ce87743101241acd14b3287520 blockHash=0x418be7a4f077e92e01c023b5e3d53f15145e17466ebc7f5ea9eb50e72be243b8 bodyHash=0x731cb0e1239e822ab62d4cbd5a699b242c974f60997e254e428285f8fa18c1ac bodySize=1653 refBytes=442
        t=2026-09-22T08:51:23+0200 lvl=info msg="HOTSTUFF PROPOSAL REF"                 number=52 viewID=0x616930a1c5facbfa2df7501ae33bed33927e5f9664f26367d96c4f9a48a68609 proposalID=0x43911f4dee6fde72132fd23b634a257380ff3895897ca35ee294e03ddb00f598 blockHash=0x9458c1cc2174a2a6534109f0a681f4ddb0c0150c1daa091193c7129b3e89aaa1 bodyHash=0x1601acb1090d5b4c608918277852e11a13050741fe3309e17af10c9682f9743c bodySize=830  refBytes=439
        t=2026-09-22T08:51:23+0200 lvl=warn msg="Send msg try again"                    address=[::]:41928 Couldn't send to=127.0.0.1:53531 error="Operation Canceled"
        t=2026-09-22T08:51:23+0200 lvl=eror msg=CloseConnect                            =[::]:41928 having error closing conn to=127.0.0.1:55130 error="Connection Closed"
        t=2026-09-22T08:51:24+0200 lvl=info msg="HOTSTUFF PROPOSAL MANIFEST stored"     from=127.0.0.1:39412 number=53 proposalID=0xe5546cb6cb3b756baa120986c9a05168e27be4860ca33b2d275b1c1cbcc766a6 manifestBytes=1219 missing=1 bodyBytes=1653
        t=2026-09-22T08:51:24+0200 lvl=eror msg="OnPropose wait proposal body"          number=53 proposalID=0xe5546cb6cb3b756baa120986c9a05168e27be4860ca33b2d275b1c1cbcc766a6 err="hotstuff view state too old"
        t=2026-09-22T08:51:24+0200 lvl=warn msg="HOTSTUFF PROPOSAL MANIFEST authority rejected" from=127.0.0.1:53531 leader=127.0.0.1:53531 number=54 proposalID=0xd9bffd45a08b89db377c8c1324bf075e0a512794375bdf5cb57ea98e6597d40f err="proposal manifest does not match the current deterministic leader route: manifest key committee is already canonical but is not the current route"
        t=2026-09-22T08:51:25+0200 lvl=eror msg="OnPropose wait proposal body"          number=54 proposalID=0xd9bffd45a08b89db377c8c1324bf075e0a512794375bdf5cb57ea98e6597d40f err="hotstuff view state too old"
        t=2026-09-22T08:51:25+0200 lvl=info msg="HOTSTUFF PROPOSAL REPAIR REQUEST"      to=127.0.0.1:53531 number=54 proposalID=0xd9bffd45a08b89db377c8c1324bf075e0a512794375bdf5cb57ea98e6597d40f missing=0 attempt=0
        t=2026-09-22T08:51:25+0200 lvl=info msg="HOTSTUFF PROPOSAL MANIFEST stored"     from=127.0.0.1:53531 number=54 proposalID=0xd9bffd45a08b89db377c8c1324bf075e0a512794375bdf5cb57ea98e6597d40f manifestBytes=830  missing=0 bodyBytes=830
        t=2026-09-22T08:51:25+0200 lvl=info msg="HOTSTUFF PROPOSAL MANIFEST stored"     from=127.0.0.1:47103 number=55 proposalID=0xe1410f6f8958cae89622e961b8a414498a2b134d0f46610789eddab629b0574c manifestBytes=1219 missing=1 bodyBytes=1653
        t=2026-09-22T08:51:25+0200 lvl=eror msg="OnPropose wait proposal body"          number=55 proposalID=0xe1410f6f8958cae89622e961b8a414498a2b134d0f46610789eddab629b0574c err="hotstuff view state too old"
        t=2026-09-22T08:51:26+0200 lvl=warn msg="HOTSTUFF PROPOSAL MANIFEST authority rejected" from=127.0.0.1:40399 leader=127.0.0.1:40399 number=56 proposalID=0xefae8e785d3b3eabb160987486d6c10b1c0ae6acb2fe21749c8885b6ee02ff93 err="proposal manifest does not match the current deterministic leader route: manifest key committee is already canonical but is not the current route"
        t=2026-09-22T08:51:26+0200 lvl=warn msg="HandleConn drops connection: closed"   address=127.0.0.1:41928 remot=127.0.0.1:40399
        t=2026-09-22T08:51:26+0200 lvl=eror msg="OnPropose wait proposal body"          number=56 proposalID=0xefae8e785d3b3eabb160987486d6c10b1c0ae6acb2fe21749c8885b6ee02ff93 err="hotstuff view state too old"
        t=2026-09-22T08:51:26+0200 lvl=warn msg="reject new-view before storage"        from=127.0.0.1:40399 viewID=0x79ee7112c995aab6f771a8901749f15f09d536cf4adf4ece0f4ca611656e29fd err="hotstuff proposal validation pending"
        t=2026-09-22T08:51:26+0200 lvl=warn msg="reject new-view before storage"        from=127.0.0.1:57323 viewID=0x79ee7112c995aab6f771a8901749f15f09d536cf4adf4ece0f4ca611656e29fd err="hotstuff proposal validation pending"
        t=2026-09-22T08:51:26+0200 lvl=warn msg="reject new-view before storage"        from=127.0.0.1:39412 viewID=0x79ee7112c995aab6f771a8901749f15f09d536cf4adf4ece0f4ca611656e29fd err="hotstuff proposal validation pending"
        t=2026-09-22T08:51:26+0200 lvl=warn msg="reject new-view before storage"        from=127.0.0.1:47103 viewID=0x79ee7112c995aab6f771a8901749f15f09d536cf4adf4ece0f4ca611656e29fd err="hotstuff proposal validation pending"
        t=2026-09-22T08:51:26+0200 lvl=warn msg="reject new-view before storage"        from=127.0.0.1:44623 viewID=0x79ee7112c995aab6f771a8901749f15f09d536cf4adf4ece0f4ca611656e29fd err="hotstuff proposal validation pending"
        t=2026-09-22T08:51:26+0200 lvl=info msg="HOTSTUFF PROPOSAL REPAIR REQUEST"      to=127.0.0.1:40399 number=56 proposalID=0xefae8e785d3b3eabb160987486d6c10b1c0ae6acb2fe21749c8885b6ee02ff93 missing=0 attempt=0
        t=2026-09-22T08:51:26+0200 lvl=info msg="HOTSTUFF PROPOSAL MANIFEST stored"     from=127.0.0.1:40399 number=56 proposalID=0xefae8e785d3b3eabb160987486d6c10b1c0ae6acb2fe21749c8885b6ee02ff93 manifestBytes=830  missing=0 bodyBytes=830
        t=2026-09-22T08:51:26+0200 lvl=info msg="HOTSTUFF PROPOSAL REF"                 number=57 viewID=0x79ee7112c995aab6f771a8901749f15f09d536cf4adf4ece0f4ca611656e29fd proposalID=0xe9c0404fd32fbc8b2bfdf9fa7ea06351bcba5a11379bc1f7396408dbbcf46d13 blockHash=0x228926f033bc4c539a893e3e3342f0ae615b366c282915880c9361c07ddfbe95 bodyHash=0xb33a2a2679c228c3dd9b43037292e8e2d111b4559fa9a9cd92067b08afc36bb6 bodySize=1653 refBytes=442
        t=2026-09-22T08:51:26+0200 lvl=warn msg="Send msg try again"                    address=[::]:41928      Couldn't send to=127.0.0.1:47103 error="Operation Canceled"
        t=2026-09-22T08:51:26+0200 lvl=eror msg=CloseConnect                            =[::]:41928 having error closing conn to=127.0.0.1:35654 error="Connection Closed"
        t=2026-09-22T08:51:27+0200 lvl=info msg="HOTSTUFF PROPOSAL MANIFEST stored"     from=127.0.0.1:40399 number=58 proposalID=0xcda4e24f7c2d75106fe995f3e2088561a1950cd1338b8106567470659e0bbab2 manifestBytes=830  missing=0 bodyBytes=830
        t=2026-09-22T08:51:28+0200 lvl=info msg="HOTSTUFF PROPOSAL MANIFEST stored"     from=127.0.0.1:40399 number=59 proposalID=0xba526793c37ee7c9264782e5cb559ac5f3d111df6aa760001fc717dd1c21b8df manifestBytes=1219 missing=0 bodyBytes=1653
        t=2026-09-22T08:51:28+0200 lvl=info msg="HOTSTUFF PROPOSAL MANIFEST stored"     from=127.0.0.1:39412 number=60 proposalID=0x7bc02b072b4d5ffd0b9d77ef3a36f215731e863bf91d34c3cc1c145985395c53 manifestBytes=830  missing=0 bodyBytes=830
        t=2026-09-22T08:51:28+0200 lvl=info msg="HOTSTUFF PROPOSAL MANIFEST stored"     from=127.0.0.1:39412 number=61 proposalID=0x9f107bf609781631d9dfe7016a50c645e36af59d32eb7eda27d145323cd95293 manifestBytes=1219 missing=0 bodyBytes=1653
        t=2026-09-22T08:51:29+0200 lvl=info msg="HOTSTUFF PROPOSAL MANIFEST stored"     from=127.0.0.1:57323 number=62 proposalID=0xf6d3a10045f3376fb479d0f20a134b04107b973a9058de00fc20afa2cdbd938c manifestBytes=830  missing=0 bodyBytes=830
        t=2026-09-22T08:51:29+0200 lvl=info msg="HOTSTUFF PROPOSAL MANIFEST stored"     from=127.0.0.1:57323 number=63 proposalID=0x161f995d111aafe898b33981c725b8594aae496f6b93dad8ce8544db70dc1b4d manifestBytes=1219 missing=0 bodyBytes=1653
        t=2026-09-22T08:51:29+0200 lvl=info msg="HOTSTUFF PROPOSAL MANIFEST stored"     from=127.0.0.1:40399 number=64 proposalID=0x4b1962b35b6e76dcded0dbd6fcef7c5b6b21a053ab498fd8e614d65fbd308914 manifestBytes=830  missing=0 bodyBytes=830
        t=2026-09-22T08:51:30+0200 lvl=warn msg=GetBlockByNumer                         number=1
        t=2026-09-22T08:51:30+0200 lvl=warn msg=GetBlockByNumer                         number=63
        t=2026-09-22T08:51:30+0200 lvl=warn msg=GetBlockByNumer                         number=1
        t=2026-09-22T08:51:30+0200 lvl=warn msg=GetBlockByNumer                         number=63
        t=2026-09-22T08:51:30+0200 lvl=warn msg=GetBlockByNumer                         number=1
        t=2026-09-22T08:51:30+0200 lvl=warn msg=GetBlockByNumer                         number=63
    fhs_process_recovery_test.go:225: validator 945622 complete log: /tmp/fhs-process-failure-1281700312.log
    fhs_process_recovery_test.go:230: validator 945622 log tail:
        t=2026-09-22T08:50:36+0200 lvl=warn msg=GetBlockByNumer number=0
        t=2026-09-22T08:50:36+0200 lvl=warn msg=GetBlockByNumer number=1
        t=2026-09-22T08:50:36+0200 lvl=warn msg=GetBlockByNumer number=2
        t=2026-09-22T08:50:36+0200 lvl=warn msg=GetBlockByNumer number=3
        t=2026-09-22T08:50:36+0200 lvl=warn msg=GetBlockByNumer number=4
        t=2026-09-22T08:50:36+0200 lvl=warn msg=GetBlockByNumer number=5
        t=2026-09-22T08:50:36+0200 lvl=warn msg=GetBlockByNumer number=6
        t=2026-09-22T08:50:36+0200 lvl=warn msg=GetBlockByNumer number=7
        t=2026-09-22T08:50:36+0200 lvl=warn msg=GetBlockByNumer number=8
        t=2026-09-22T08:50:36+0200 lvl=warn msg=GetBlockByNumer number=9
        t=2026-09-22T08:50:36+0200 lvl=warn msg=GetBlockByNumer number=10
        t=2026-09-22T08:50:36+0200 lvl=warn msg=GetBlockByNumer number=11
        t=2026-09-22T08:50:36+0200 lvl=warn msg=GetBlockByNumer number=12
        t=2026-09-22T08:50:36+0200 lvl=warn msg=GetBlockByNumer number=13
        t=2026-09-22T08:50:36+0200 lvl=warn msg=GetBlockByNumer number=14
        t=2026-09-22T08:50:36+0200 lvl=warn msg=GetBlockByNumer number=15
        t=2026-09-22T08:50:36+0200 lvl=warn msg=GetBlockByNumer number=16
        t=2026-09-22T08:50:36+0200 lvl=warn msg=GetBlockByNumer number=17
        t=2026-09-22T08:50:36+0200 lvl=warn msg=GetBlockByNumer number=18
        t=2026-09-22T08:50:36+0200 lvl=warn msg=GetBlockByNumer number=19
        t=2026-09-22T08:50:36+0200 lvl=warn msg=GetBlockByNumer number=20
        t=2026-09-22T08:50:36+0200 lvl=warn msg=GetBlockByNumer number=21
        t=2026-09-22T08:50:36+0200 lvl=warn msg=GetBlockByNumer number=22
        t=2026-09-22T08:50:36+0200 lvl=warn msg=GetBlockByNumer number=23
        t=2026-09-22T08:50:36+0200 lvl=warn msg=GetBlockByNumer number=24
        t=2026-09-22T08:50:36+0200 lvl=warn msg=GetBlockByNumer number=25
        t=2026-09-22T08:50:36+0200 lvl=warn msg=GetBlockByNumer number=26
        t=2026-09-22T08:50:36+0200 lvl=warn msg=GetBlockByNumer number=27
        t=2026-09-22T08:50:36+0200 lvl=warn msg=GetBlockByNumer number=28
        t=2026-09-22T08:50:36+0200 lvl=warn msg=GetBlockByNumer number=29
        t=2026-09-22T08:50:36+0200 lvl=warn msg=GetBlockByNumer number=30
        t=2026-09-22T08:50:36+0200 lvl=warn msg=GetBlockByNumer number=31
        t=2026-09-22T08:50:36+0200 lvl=warn msg=GetBlockByNumer number=32
        t=2026-09-22T08:50:36+0200 lvl=warn msg=GetBlockByNumer number=33
        t=2026-09-22T08:50:36+0200 lvl=warn msg=GetBlockByNumer number=34
        t=2026-09-22T08:50:36+0200 lvl=warn msg=GetBlockByNumer number=35
        t=2026-09-22T08:50:36+0200 lvl=warn msg=GetBlockByNumer number=36
        t=2026-09-22T08:50:36+0200 lvl=warn msg=GetBlockByNumer number=37
        t=2026-09-22T08:50:36+0200 lvl=warn msg=GetBlockByNumer number=38
        t=2026-09-22T08:50:36+0200 lvl=warn msg=GetBlockByNumer number=39
        t=2026-09-22T08:50:36+0200 lvl=warn msg=GetBlockByNumer number=40
        t=2026-09-22T08:50:36+0200 lvl=warn msg=GetBlockByNumer number=41
        t=2026-09-22T08:50:36+0200 lvl=warn msg=GetBlockByNumer number=42
        t=2026-09-22T08:50:36+0200 lvl=warn msg=GetBlockByNumer number=43
        t=2026-09-22T08:50:36+0200 lvl=warn msg=GetBlockByNumer number=44
        t=2026-09-22T08:50:36+0200 lvl=warn msg=GetBlockByNumer number=45
        t=2026-09-22T08:50:36+0200 lvl=warn msg=GetBlockByNumer number=46
        t=2026-09-22T08:50:36+0200 lvl=warn msg=GetBlockByNumer number=47
        t=2026-09-22T08:50:36+0200 lvl=warn msg=GetBlockByNumer number=1
        t=2026-09-22T08:50:36+0200 lvl=warn msg=GetBlockByNumer number=2
        t=2026-09-22T08:50:36+0200 lvl=warn msg=GetBlockByNumer number=3
        t=2026-09-22T08:50:36+0200 lvl=warn msg=GetBlockByNumer number=4
        t=2026-09-22T08:50:36+0200 lvl=warn msg=GetBlockByNumer number=5
        t=2026-09-22T08:50:36+0200 lvl=warn msg=GetBlockByNumer number=6
        t=2026-09-22T08:50:36+0200 lvl=warn msg=GetBlockByNumer number=7
        t=2026-09-22T08:50:36+0200 lvl=warn msg=GetBlockByNumer number=8
        t=2026-09-22T08:50:36+0200 lvl=warn msg=GetBlockByNumer number=9
        t=2026-09-22T08:50:36+0200 lvl=warn msg=GetBlockByNumer number=10
        t=2026-09-22T08:50:36+0200 lvl=warn msg=GetBlockByNumer number=11
        t=2026-09-22T08:50:36+0200 lvl=warn msg=GetBlockByNumer number=12
        t=2026-09-22T08:50:36+0200 lvl=warn msg=GetBlockByNumer number=13
        t=2026-09-22T08:50:36+0200 lvl=warn msg=GetBlockByNumer number=14
        t=2026-09-22T08:50:36+0200 lvl=warn msg=GetBlockByNumer number=15
        t=2026-09-22T08:50:36+0200 lvl=warn msg=GetBlockByNumer number=16
        t=2026-09-22T08:50:36+0200 lvl=warn msg=GetBlockByNumer number=17
        t=2026-09-22T08:50:36+0200 lvl=warn msg=GetBlockByNumer number=18
        t=2026-09-22T08:50:36+0200 lvl=warn msg=GetBlockByNumer number=19
        t=2026-09-22T08:50:36+0200 lvl=warn msg=GetBlockByNumer number=20
        t=2026-09-22T08:50:36+0200 lvl=warn msg=GetBlockByNumer number=21
        t=2026-09-22T08:50:36+0200 lvl=warn msg=GetBlockByNumer number=22
        t=2026-09-22T08:50:36+0200 lvl=warn msg=GetBlockByNumer number=23
        t=2026-09-22T08:50:36+0200 lvl=warn msg=GetBlockByNumer number=24
        t=2026-09-22T08:50:36+0200 lvl=warn msg=GetBlockByNumer number=25
        t=2026-09-22T08:50:36+0200 lvl=warn msg=GetBlockByNumer number=26
        t=2026-09-22T08:50:36+0200 lvl=warn msg=GetBlockByNumer number=27
        t=2026-09-22T08:50:36+0200 lvl=warn msg=GetBlockByNumer number=28
        t=2026-09-22T08:50:36+0200 lvl=warn msg=GetBlockByNumer number=29
        t=2026-09-22T08:50:36+0200 lvl=warn msg=GetBlockByNumer number=30
        t=2026-09-22T08:50:36+0200 lvl=warn msg=GetBlockByNumer number=31
        t=2026-09-22T08:50:36+0200 lvl=warn msg=GetBlockByNumer number=32
        t=2026-09-22T08:50:36+0200 lvl=warn msg=GetBlockByNumer number=33
        t=2026-09-22T08:50:36+0200 lvl=warn msg=GetBlockByNumer number=34
        t=2026-09-22T08:50:36+0200 lvl=warn msg=GetBlockByNumer number=35
        t=2026-09-22T08:50:36+0200 lvl=warn msg=GetBlockByNumer number=36
        t=2026-09-22T08:50:36+0200 lvl=warn msg=GetBlockByNumer number=37
        t=2026-09-22T08:50:36+0200 lvl=warn msg=GetBlockByNumer number=38
        t=2026-09-22T08:50:36+0200 lvl=warn msg=GetBlockByNumer number=39
        t=2026-09-22T08:50:36+0200 lvl=warn msg=GetBlockByNumer number=40
        t=2026-09-22T08:50:36+0200 lvl=warn msg=GetBlockByNumer number=41
        t=2026-09-22T08:50:36+0200 lvl=warn msg=GetBlockByNumer number=42
        t=2026-09-22T08:50:36+0200 lvl=warn msg=GetBlockByNumer number=43
        t=2026-09-22T08:50:36+0200 lvl=warn msg=GetBlockByNumer number=44
        t=2026-09-22T08:50:36+0200 lvl=warn msg=GetBlockByNumer number=45
        t=2026-09-22T08:50:36+0200 lvl=warn msg=GetBlockByNumer number=46
        t=2026-09-22T08:50:36+0200 lvl=warn msg=GetBlockByNumer number=47
        t=2026-09-22T08:50:36+0200 lvl=warn msg="Failed to load snapshot, regenerating" err="missing or corrupted snapshot journal"
        t=2026-09-22T08:50:36+0200 lvl=warn msg=GetBlockByNumer                         number=1
        t=2026-09-22T08:50:41+0200 lvl=warn msg=GetBlockByNumer                         number=1
        t=2026-09-22T08:50:41+0200 lvl=warn msg=GetBlockByNumer                         number=47
        t=2026-09-22T08:50:41+0200 lvl=warn msg=GetBlockByNumer                         number=1
        t=2026-09-22T08:50:41+0200 lvl=eror msg=Connect                                 Could not connect to=127.0.0.1:41928 error="CRYPTO_ERROR 0x150 (remote): tls: internal error"
        t=2026-09-22T08:50:41+0200 lvl=eror msg=Connect                                 Could not connect to=127.0.0.1:41928 error="CRYPTO_ERROR 0x150 (remote): tls: internal error"
        t=2026-09-22T08:50:41+0200 lvl=warn msg=SendRawData                             couldn't send to=127.0.0.1:41928 error="CRYPTO_ERROR 0x150 (remote): tls: internal error"
        t=2026-09-22T08:50:41+0200 lvl=warn msg=GetBlockByNumer                         number=1
        t=2026-09-22T08:50:41+0200 lvl=warn msg=GetBlockByNumer                         number=1
        t=2026-09-22T08:50:41+0200 lvl=warn msg=GetBlockByNumer                         number=47
        t=2026-09-22T08:50:42+0200 lvl=warn msg=GetBlockByNumer                         number=1
        t=2026-09-22T08:50:42+0200 lvl=warn msg=GetBlockByNumer                         number=47
        t=2026-09-22T08:50:46+0200 lvl=warn msg="HOTSTUFF RECOVERY resend NewView"      number=49 viewID=0xb8e12e0a189ac1e6d0891104fd6036c35c6d47a1665ca9e3da75cbe01bae76ea to=127.0.0.1:41928
        t=2026-09-22T08:50:51+0200 lvl=warn msg="HOTSTUFF RECOVERY resend NewView"      number=49 viewID=0xb8e12e0a189ac1e6d0891104fd6036c35c6d47a1665ca9e3da75cbe01bae76ea to=127.0.0.1:41928
        t=2026-09-22T08:50:56+0200 lvl=warn msg="HOTSTUFF RECOVERY resend NewView"      number=49 viewID=0xb8e12e0a189ac1e6d0891104fd6036c35c6d47a1665ca9e3da75cbe01bae76ea to=127.0.0.1:41928
        t=2026-09-22T08:51:01+0200 lvl=warn msg="HOTSTUFF RECOVERY resend NewView"      number=49 viewID=0xb8e12e0a189ac1e6d0891104fd6036c35c6d47a1665ca9e3da75cbe01bae76ea to=127.0.0.1:41928
        t=2026-09-22T08:51:06+0200 lvl=warn msg="HOTSTUFF RECOVERY resend NewView"      number=49 viewID=0xb8e12e0a189ac1e6d0891104fd6036c35c6d47a1665ca9e3da75cbe01bae76ea to=127.0.0.1:41928
        t=2026-09-22T08:51:11+0200 lvl=warn msg="HOTSTUFF RECOVERY resend NewView"      number=49 viewID=0xb8e12e0a189ac1e6d0891104fd6036c35c6d47a1665ca9e3da75cbe01bae76ea to=127.0.0.1:41928
        t=2026-09-22T08:51:16+0200 lvl=warn msg="HOTSTUFF RECOVERY resend NewView"      number=49 viewID=0xb8e12e0a189ac1e6d0891104fd6036c35c6d47a1665ca9e3da75cbe01bae76ea to=127.0.0.1:41928
        t=2026-09-22T08:51:21+0200 lvl=warn msg="HOTSTUFF RECOVERY resend NewView"      number=49 viewID=0xb8e12e0a189ac1e6d0891104fd6036c35c6d47a1665ca9e3da75cbe01bae76ea to=127.0.0.1:41928
        t=2026-09-22T08:51:22+0200 lvl=info msg="HOTSTUFF PROPOSAL MANIFEST stored"     from=127.0.0.1:41928 number=49 proposalID=0x902e493a6ebeda8b022f8ecd18826c1e03e748686af8ba2b7f5f0091f50d5620 manifestBytes=1219 missing=0 bodyBytes=1557
        t=2026-09-22T08:51:22+0200 lvl=info msg="HOTSTUFF PROPOSAL MANIFEST stored"     from=127.0.0.1:57323 number=50 proposalID=0x1b2ec4b836d39c04fe911c6c8a792d2f62a88fa586075e156c57a3dac359dc5c manifestBytes=830  missing=0 bodyBytes=830
        t=2026-09-22T08:51:23+0200 lvl=info msg="HOTSTUFF PROPOSAL MANIFEST stored"     from=127.0.0.1:41928 number=51 proposalID=0x062bad1ac9157aa3c08914b872571efb0b1bf1ce87743101241acd14b3287520 manifestBytes=1219 missing=1 bodyBytes=1653
        t=2026-09-22T08:51:23+0200 lvl=eror msg="OnPropose wait proposal body"          number=51 proposalID=0x062bad1ac9157aa3c08914b872571efb0b1bf1ce87743101241acd14b3287520 err="hotstuff view state too old"
        t=2026-09-22T08:51:23+0200 lvl=warn msg="HOTSTUFF PROPOSAL MANIFEST authority rejected" from=127.0.0.1:41928 leader=127.0.0.1:41928 number=52 proposalID=0x43911f4dee6fde72132fd23b634a257380ff3895897ca35ee294e03ddb00f598 err="proposal manifest does not match the current deterministic leader route: manifest key committee is already canonical but is not the current route"
        t=2026-09-22T08:51:24+0200 lvl=info msg="HOTSTUFF PROPOSAL REPAIR REQUEST"      to=127.0.0.1:41928 number=52 proposalID=0x43911f4dee6fde72132fd23b634a257380ff3895897ca35ee294e03ddb00f598 missing=0 attempt=0
        t=2026-09-22T08:51:24+0200 lvl=info msg="HOTSTUFF PROPOSAL MANIFEST stored"     from=127.0.0.1:41928 number=52 proposalID=0x43911f4dee6fde72132fd23b634a257380ff3895897ca35ee294e03ddb00f598 manifestBytes=830  missing=0 bodyBytes=830
        t=2026-09-22T08:51:24+0200 lvl=info msg="HOTSTUFF PROPOSAL MANIFEST stored"     from=127.0.0.1:39412 number=53 proposalID=0xe5546cb6cb3b756baa120986c9a05168e27be4860ca33b2d275b1c1cbcc766a6 manifestBytes=1219 missing=1 bodyBytes=1653
        t=2026-09-22T08:51:24+0200 lvl=eror msg="OnPropose wait proposal body"          number=53 proposalID=0xe5546cb6cb3b756baa120986c9a05168e27be4860ca33b2d275b1c1cbcc766a6 err="hotstuff view state too old"
        t=2026-09-22T08:51:24+0200 lvl=warn msg="HOTSTUFF PROPOSAL MANIFEST authority rejected" from=127.0.0.1:53531 leader=127.0.0.1:53531 number=54 proposalID=0xd9bffd45a08b89db377c8c1324bf075e0a512794375bdf5cb57ea98e6597d40f err="proposal manifest does not match the current deterministic leader route: manifest key committee is already canonical but is not the current route"
        t=2026-09-22T08:51:25+0200 lvl=eror msg="OnPropose wait proposal body"          number=54 proposalID=0xd9bffd45a08b89db377c8c1324bf075e0a512794375bdf5cb57ea98e6597d40f err="hotstuff view state too old"
        t=2026-09-22T08:51:25+0200 lvl=info msg="HOTSTUFF PROPOSAL REPAIR REQUEST"      to=127.0.0.1:53531 number=54 proposalID=0xd9bffd45a08b89db377c8c1324bf075e0a512794375bdf5cb57ea98e6597d40f missing=0 attempt=0
        t=2026-09-22T08:51:25+0200 lvl=info msg="HOTSTUFF PROPOSAL MANIFEST stored"     from=127.0.0.1:53531 number=54 proposalID=0xd9bffd45a08b89db377c8c1324bf075e0a512794375bdf5cb57ea98e6597d40f manifestBytes=830  missing=0 bodyBytes=830
        t=2026-09-22T08:51:25+0200 lvl=info msg="HOTSTUFF PROPOSAL MANIFEST stored"     from=127.0.0.1:47103 number=55 proposalID=0xe1410f6f8958cae89622e961b8a414498a2b134d0f46610789eddab629b0574c manifestBytes=1219 missing=0 bodyBytes=1653
        t=2026-09-22T08:51:26+0200 lvl=info msg="HOTSTUFF PROPOSAL MANIFEST stored"     from=127.0.0.1:40399 number=56 proposalID=0xefae8e785d3b3eabb160987486d6c10b1c0ae6acb2fe21749c8885b6ee02ff93 manifestBytes=830  missing=0 bodyBytes=830
        t=2026-09-22T08:51:26+0200 lvl=info msg="HOTSTUFF PROPOSAL MANIFEST stored"     from=127.0.0.1:41928 number=57 proposalID=0xe9c0404fd32fbc8b2bfdf9fa7ea06351bcba5a11379bc1f7396408dbbcf46d13 manifestBytes=1219 missing=0 bodyBytes=1653
        t=2026-09-22T08:51:27+0200 lvl=info msg="HOTSTUFF PROPOSAL MANIFEST stored"     from=127.0.0.1:40399 number=58 proposalID=0xcda4e24f7c2d75106fe995f3e2088561a1950cd1338b8106567470659e0bbab2 manifestBytes=830  missing=0 bodyBytes=830
        t=2026-09-22T08:51:28+0200 lvl=info msg="HOTSTUFF PROPOSAL MANIFEST stored"     from=127.0.0.1:40399 number=59 proposalID=0xba526793c37ee7c9264782e5cb559ac5f3d111df6aa760001fc717dd1c21b8df manifestBytes=1219 missing=0 bodyBytes=1653
        t=2026-09-22T08:51:28+0200 lvl=info msg="HOTSTUFF PROPOSAL MANIFEST stored"     from=127.0.0.1:39412 number=60 proposalID=0x7bc02b072b4d5ffd0b9d77ef3a36f215731e863bf91d34c3cc1c145985395c53 manifestBytes=830  missing=0 bodyBytes=830
        t=2026-09-22T08:51:28+0200 lvl=info msg="HOTSTUFF PROPOSAL MANIFEST stored"     from=127.0.0.1:39412 number=61 proposalID=0x9f107bf609781631d9dfe7016a50c645e36af59d32eb7eda27d145323cd95293 manifestBytes=1219 missing=0 bodyBytes=1653
        t=2026-09-22T08:51:29+0200 lvl=info msg="HOTSTUFF PROPOSAL MANIFEST stored"     from=127.0.0.1:57323 number=62 proposalID=0xf6d3a10045f3376fb479d0f20a134b04107b973a9058de00fc20afa2cdbd938c manifestBytes=830  missing=0 bodyBytes=830
        t=2026-09-22T08:51:29+0200 lvl=info msg="HOTSTUFF PROPOSAL MANIFEST stored"     from=127.0.0.1:57323 number=63 proposalID=0x161f995d111aafe898b33981c725b8594aae496f6b93dad8ce8544db70dc1b4d manifestBytes=1219 missing=0 bodyBytes=1653
        t=2026-09-22T08:51:29+0200 lvl=info msg="HOTSTUFF PROPOSAL MANIFEST stored"     from=127.0.0.1:40399 number=64 proposalID=0x4b1962b35b6e76dcded0dbd6fcef7c5b6b21a053ab498fd8e614d65fbd308914 manifestBytes=830  missing=0 bodyBytes=830
        t=2026-09-22T08:51:30+0200 lvl=warn msg=GetBlockByNumer                         number=1
        t=2026-09-22T08:51:30+0200 lvl=warn msg=GetBlockByNumer                         number=63
        t=2026-09-22T08:51:30+0200 lvl=warn msg=GetBlockByNumer                         number=1
        t=2026-09-22T08:51:30+0200 lvl=warn msg=GetBlockByNumer                         number=63
        t=2026-09-22T08:51:30+0200 lvl=warn msg=GetBlockByNumer                         number=1
        t=2026-09-22T08:51:30+0200 lvl=warn msg=GetBlockByNumer                         number=63
    fhs_process_recovery_test.go:225: validator 945598 complete log: /tmp/fhs-process-failure-2885577533.log
    fhs_process_recovery_test.go:230: validator 945598 log tail:
        t=2026-09-22T08:50:33+0200 lvl=warn msg=GetBlockByNumer number=0
        t=2026-09-22T08:50:33+0200 lvl=warn msg=GetBlockByNumer number=1
        t=2026-09-22T08:50:33+0200 lvl=warn msg=GetBlockByNumer number=2
        t=2026-09-22T08:50:33+0200 lvl=warn msg=GetBlockByNumer number=3
        t=2026-09-22T08:50:33+0200 lvl=warn msg=GetBlockByNumer number=4
        t=2026-09-22T08:50:33+0200 lvl=warn msg=GetBlockByNumer number=5
        t=2026-09-22T08:50:33+0200 lvl=warn msg=GetBlockByNumer number=6
        t=2026-09-22T08:50:33+0200 lvl=warn msg=GetBlockByNumer number=7
        t=2026-09-22T08:50:33+0200 lvl=warn msg=GetBlockByNumer number=8
        t=2026-09-22T08:50:33+0200 lvl=warn msg=GetBlockByNumer number=9
        t=2026-09-22T08:50:33+0200 lvl=warn msg=GetBlockByNumer number=10
        t=2026-09-22T08:50:33+0200 lvl=warn msg=GetBlockByNumer number=11
        t=2026-09-22T08:50:33+0200 lvl=warn msg=GetBlockByNumer number=12
        t=2026-09-22T08:50:33+0200 lvl=warn msg=GetBlockByNumer number=13
        t=2026-09-22T08:50:33+0200 lvl=warn msg=GetBlockByNumer number=14
        t=2026-09-22T08:50:33+0200 lvl=warn msg=GetBlockByNumer number=15
        t=2026-09-22T08:50:33+0200 lvl=warn msg=GetBlockByNumer number=16
        t=2026-09-22T08:50:33+0200 lvl=warn msg=GetBlockByNumer number=17
        t=2026-09-22T08:50:33+0200 lvl=warn msg=GetBlockByNumer number=18
        t=2026-09-22T08:50:33+0200 lvl=warn msg=GetBlockByNumer number=19
        t=2026-09-22T08:50:33+0200 lvl=warn msg=GetBlockByNumer number=20
        t=2026-09-22T08:50:33+0200 lvl=warn msg=GetBlockByNumer number=21
        t=2026-09-22T08:50:33+0200 lvl=warn msg=GetBlockByNumer number=22
        t=2026-09-22T08:50:33+0200 lvl=warn msg=GetBlockByNumer number=23
        t=2026-09-22T08:50:33+0200 lvl=warn msg=GetBlockByNumer number=24
        t=2026-09-22T08:50:33+0200 lvl=warn msg=GetBlockByNumer number=25
        t=2026-09-22T08:50:33+0200 lvl=warn msg=GetBlockByNumer number=26
        t=2026-09-22T08:50:33+0200 lvl=warn msg=GetBlockByNumer number=27
        t=2026-09-22T08:50:33+0200 lvl=warn msg=GetBlockByNumer number=28
        t=2026-09-22T08:50:33+0200 lvl=warn msg=GetBlockByNumer number=29
        t=2026-09-22T08:50:33+0200 lvl=warn msg=GetBlockByNumer number=30
        t=2026-09-22T08:50:33+0200 lvl=warn msg=GetBlockByNumer number=31
        t=2026-09-22T08:50:33+0200 lvl=warn msg=GetBlockByNumer number=32
        t=2026-09-22T08:50:33+0200 lvl=warn msg=GetBlockByNumer number=33
        t=2026-09-22T08:50:33+0200 lvl=warn msg=GetBlockByNumer number=34
        t=2026-09-22T08:50:33+0200 lvl=warn msg=GetBlockByNumer number=35
        t=2026-09-22T08:50:33+0200 lvl=warn msg=GetBlockByNumer number=36
        t=2026-09-22T08:50:33+0200 lvl=warn msg=GetBlockByNumer number=37
        t=2026-09-22T08:50:33+0200 lvl=warn msg=GetBlockByNumer number=38
        t=2026-09-22T08:50:33+0200 lvl=warn msg=GetBlockByNumer number=39
        t=2026-09-22T08:50:33+0200 lvl=warn msg=GetBlockByNumer number=40
        t=2026-09-22T08:50:33+0200 lvl=warn msg=GetBlockByNumer number=41
        t=2026-09-22T08:50:33+0200 lvl=warn msg=GetBlockByNumer number=42
        t=2026-09-22T08:50:33+0200 lvl=warn msg=GetBlockByNumer number=43
        t=2026-09-22T08:50:33+0200 lvl=warn msg=GetBlockByNumer number=44
        t=2026-09-22T08:50:33+0200 lvl=warn msg=GetBlockByNumer number=45
        t=2026-09-22T08:50:33+0200 lvl=warn msg=GetBlockByNumer number=46
        t=2026-09-22T08:50:33+0200 lvl=warn msg=GetBlockByNumer number=47
        t=2026-09-22T08:50:33+0200 lvl=warn msg=GetBlockByNumer number=1
        t=2026-09-22T08:50:33+0200 lvl=warn msg=GetBlockByNumer number=2
        t=2026-09-22T08:50:33+0200 lvl=warn msg=GetBlockByNumer number=3
        t=2026-09-22T08:50:33+0200 lvl=warn msg=GetBlockByNumer number=4
        t=2026-09-22T08:50:33+0200 lvl=warn msg=GetBlockByNumer number=5
        t=2026-09-22T08:50:33+0200 lvl=warn msg=GetBlockByNumer number=6
        t=2026-09-22T08:50:33+0200 lvl=warn msg=GetBlockByNumer number=7
        t=2026-09-22T08:50:33+0200 lvl=warn msg=GetBlockByNumer number=8
        t=2026-09-22T08:50:33+0200 lvl=warn msg=GetBlockByNumer number=9
        t=2026-09-22T08:50:33+0200 lvl=warn msg=GetBlockByNumer number=10
        t=2026-09-22T08:50:33+0200 lvl=warn msg=GetBlockByNumer number=11
        t=2026-09-22T08:50:33+0200 lvl=warn msg=GetBlockByNumer number=12
        t=2026-09-22T08:50:33+0200 lvl=warn msg=GetBlockByNumer number=13
        t=2026-09-22T08:50:33+0200 lvl=warn msg=GetBlockByNumer number=14
        t=2026-09-22T08:50:33+0200 lvl=warn msg=GetBlockByNumer number=15
        t=2026-09-22T08:50:33+0200 lvl=warn msg=GetBlockByNumer number=16
        t=2026-09-22T08:50:33+0200 lvl=warn msg=GetBlockByNumer number=17
        t=2026-09-22T08:50:33+0200 lvl=warn msg=GetBlockByNumer number=18
        t=2026-09-22T08:50:33+0200 lvl=warn msg=GetBlockByNumer number=19
        t=2026-09-22T08:50:33+0200 lvl=warn msg=GetBlockByNumer number=20
        t=2026-09-22T08:50:33+0200 lvl=warn msg=GetBlockByNumer number=21
        t=2026-09-22T08:50:33+0200 lvl=warn msg=GetBlockByNumer number=22
        t=2026-09-22T08:50:33+0200 lvl=warn msg=GetBlockByNumer number=23
        t=2026-09-22T08:50:33+0200 lvl=warn msg=GetBlockByNumer number=24
        t=2026-09-22T08:50:33+0200 lvl=warn msg=GetBlockByNumer number=25
        t=2026-09-22T08:50:33+0200 lvl=warn msg=GetBlockByNumer number=26
        t=2026-09-22T08:50:33+0200 lvl=warn msg=GetBlockByNumer number=27
        t=2026-09-22T08:50:33+0200 lvl=warn msg=GetBlockByNumer number=28
        t=2026-09-22T08:50:33+0200 lvl=warn msg=GetBlockByNumer number=29
        t=2026-09-22T08:50:33+0200 lvl=warn msg=GetBlockByNumer number=30
        t=2026-09-22T08:50:33+0200 lvl=warn msg=GetBlockByNumer number=31
        t=2026-09-22T08:50:33+0200 lvl=warn msg=GetBlockByNumer number=32
        t=2026-09-22T08:50:33+0200 lvl=warn msg=GetBlockByNumer number=33
        t=2026-09-22T08:50:33+0200 lvl=warn msg=GetBlockByNumer number=34
        t=2026-09-22T08:50:33+0200 lvl=warn msg=GetBlockByNumer number=35
        t=2026-09-22T08:50:33+0200 lvl=warn msg=GetBlockByNumer number=36
        t=2026-09-22T08:50:33+0200 lvl=warn msg=GetBlockByNumer number=37
        t=2026-09-22T08:50:33+0200 lvl=warn msg=GetBlockByNumer number=38
        t=2026-09-22T08:50:33+0200 lvl=warn msg=GetBlockByNumer number=39
        t=2026-09-22T08:50:33+0200 lvl=warn msg=GetBlockByNumer number=40
        t=2026-09-22T08:50:33+0200 lvl=warn msg=GetBlockByNumer number=41
        t=2026-09-22T08:50:33+0200 lvl=warn msg=GetBlockByNumer number=42
        t=2026-09-22T08:50:33+0200 lvl=warn msg=GetBlockByNumer number=43
        t=2026-09-22T08:50:33+0200 lvl=warn msg=GetBlockByNumer number=44
        t=2026-09-22T08:50:33+0200 lvl=warn msg=GetBlockByNumer number=45
        t=2026-09-22T08:50:33+0200 lvl=warn msg=GetBlockByNumer number=46
        t=2026-09-22T08:50:33+0200 lvl=warn msg=GetBlockByNumer number=47
        t=2026-09-22T08:50:33+0200 lvl=warn msg="Failed to load snapshot, regenerating" err="missing or corrupted snapshot journal"
        t=2026-09-22T08:50:33+0200 lvl=warn msg=GetBlockByNumer                         number=1
        t=2026-09-22T08:50:41+0200 lvl=warn msg=GetBlockByNumer                         number=1
        t=2026-09-22T08:50:41+0200 lvl=warn msg=GetBlockByNumer                         number=47
        t=2026-09-22T08:50:41+0200 lvl=warn msg=GetBlockByNumer                         number=1
        t=2026-09-22T08:50:41+0200 lvl=eror msg=Connect                                 Could not connect to=127.0.0.1:41928 error="CRYPTO_ERROR 0x150 (remote): tls: internal error"
        t=2026-09-22T08:50:41+0200 lvl=eror msg=Connect                                 Could not connect to=127.0.0.1:41928 error="CRYPTO_ERROR 0x150 (remote): tls: internal error"
        t=2026-09-22T08:50:41+0200 lvl=warn msg=SendRawData                             couldn't send to=127.0.0.1:41928 error="CRYPTO_ERROR 0x150 (remote): tls: internal error"
        t=2026-09-22T08:50:41+0200 lvl=eror msg=Connect                                 Could not connect to=127.0.0.1:41928 error="CRYPTO_ERROR 0x150 (remote): tls: internal error"
        t=2026-09-22T08:50:41+0200 lvl=warn msg=SendRawData                             couldn't send to=127.0.0.1:41928 error="CRYPTO_ERROR 0x150 (remote): tls: internal error"
        t=2026-09-22T08:50:41+0200 lvl=warn msg=GetBlockByNumer                         number=1
        t=2026-09-22T08:50:41+0200 lvl=warn msg=GetBlockByNumer                         number=1
        t=2026-09-22T08:50:41+0200 lvl=warn msg=GetBlockByNumer                         number=47
        t=2026-09-22T08:50:42+0200 lvl=warn msg=GetBlockByNumer                         number=1
        t=2026-09-22T08:50:42+0200 lvl=warn msg=GetBlockByNumer                         number=47
        t=2026-09-22T08:50:46+0200 lvl=warn msg="HOTSTUFF RECOVERY resend NewView"      number=49 viewID=0xb8e12e0a189ac1e6d0891104fd6036c35c6d47a1665ca9e3da75cbe01bae76ea to=127.0.0.1:41928
        t=2026-09-22T08:50:51+0200 lvl=warn msg="HOTSTUFF RECOVERY resend NewView"      number=49 viewID=0xb8e12e0a189ac1e6d0891104fd6036c35c6d47a1665ca9e3da75cbe01bae76ea to=127.0.0.1:41928
        t=2026-09-22T08:50:56+0200 lvl=warn msg="HOTSTUFF RECOVERY resend NewView"      number=49 viewID=0xb8e12e0a189ac1e6d0891104fd6036c35c6d47a1665ca9e3da75cbe01bae76ea to=127.0.0.1:41928
        t=2026-09-22T08:51:01+0200 lvl=warn msg="HOTSTUFF RECOVERY resend NewView"      number=49 viewID=0xb8e12e0a189ac1e6d0891104fd6036c35c6d47a1665ca9e3da75cbe01bae76ea to=127.0.0.1:41928
        t=2026-09-22T08:51:06+0200 lvl=warn msg="HOTSTUFF RECOVERY resend NewView"      number=49 viewID=0xb8e12e0a189ac1e6d0891104fd6036c35c6d47a1665ca9e3da75cbe01bae76ea to=127.0.0.1:41928
        t=2026-09-22T08:51:11+0200 lvl=warn msg="HOTSTUFF RECOVERY resend NewView"      number=49 viewID=0xb8e12e0a189ac1e6d0891104fd6036c35c6d47a1665ca9e3da75cbe01bae76ea to=127.0.0.1:41928
        t=2026-09-22T08:51:16+0200 lvl=warn msg="HOTSTUFF RECOVERY resend NewView"      number=49 viewID=0xb8e12e0a189ac1e6d0891104fd6036c35c6d47a1665ca9e3da75cbe01bae76ea to=127.0.0.1:41928
        t=2026-09-22T08:51:21+0200 lvl=warn msg="HOTSTUFF RECOVERY resend NewView"      number=49 viewID=0xb8e12e0a189ac1e6d0891104fd6036c35c6d47a1665ca9e3da75cbe01bae76ea to=127.0.0.1:41928
        t=2026-09-22T08:51:22+0200 lvl=info msg="HOTSTUFF PROPOSAL MANIFEST stored"     from=127.0.0.1:41928 number=49 proposalID=0x902e493a6ebeda8b022f8ecd18826c1e03e748686af8ba2b7f5f0091f50d5620 manifestBytes=1219 missing=0 bodyBytes=1557
        t=2026-09-22T08:51:22+0200 lvl=warn msg="reject new-view before storage"        from=127.0.0.1:41928 viewID=0x4cfc9a57be3f3f8c5c2b53222a98c0650eebdb25c796702b551bda6699826e14 err="hotstuff proposal validation pending"
        t=2026-09-22T08:51:22+0200 lvl=info msg="HOTSTUFF PROPOSAL REF"                 number=50 viewID=0x4cfc9a57be3f3f8c5c2b53222a98c0650eebdb25c796702b551bda6699826e14 proposalID=0x1b2ec4b836d39c04fe911c6c8a792d2f62a88fa586075e156c57a3dac359dc5c blockHash=0x8e40b16023e69cc1fffad5886328df18c20c6973335ca6f526169e20df21f27c bodyHash=0xf4056c69675827a967eb6bd548d0225b7093e95cf389f7853c690b3ebf3b589b bodySize=830 refBytes=439
        t=2026-09-22T08:51:23+0200 lvl=info msg="HOTSTUFF PROPOSAL MANIFEST stored"     from=127.0.0.1:41928 number=51 proposalID=0x062bad1ac9157aa3c08914b872571efb0b1bf1ce87743101241acd14b3287520 manifestBytes=1219 missing=0 bodyBytes=1653
        t=2026-09-22T08:51:23+0200 lvl=info msg="HOTSTUFF PROPOSAL MANIFEST stored"     from=127.0.0.1:41928 number=52 proposalID=0x43911f4dee6fde72132fd23b634a257380ff3895897ca35ee294e03ddb00f598 manifestBytes=830  missing=0 bodyBytes=830
        t=2026-09-22T08:51:24+0200 lvl=info msg="HOTSTUFF PROPOSAL MANIFEST stored"     from=127.0.0.1:39412 number=53 proposalID=0xe5546cb6cb3b756baa120986c9a05168e27be4860ca33b2d275b1c1cbcc766a6 manifestBytes=1219 missing=0 bodyBytes=1653
        t=2026-09-22T08:51:24+0200 lvl=info msg="HOTSTUFF PROPOSAL MANIFEST stored"     from=127.0.0.1:53531 number=54 proposalID=0xd9bffd45a08b89db377c8c1324bf075e0a512794375bdf5cb57ea98e6597d40f manifestBytes=830  missing=0 bodyBytes=830
        t=2026-09-22T08:51:25+0200 lvl=info msg="HOTSTUFF PROPOSAL MANIFEST stored"     from=127.0.0.1:47103 number=55 proposalID=0xe1410f6f8958cae89622e961b8a414498a2b134d0f46610789eddab629b0574c manifestBytes=1219 missing=0 bodyBytes=1653
        t=2026-09-22T08:51:26+0200 lvl=info msg="HOTSTUFF PROPOSAL MANIFEST stored"     from=127.0.0.1:40399 number=56 proposalID=0xefae8e785d3b3eabb160987486d6c10b1c0ae6acb2fe21749c8885b6ee02ff93 manifestBytes=830  missing=0 bodyBytes=830
        t=2026-09-22T08:51:26+0200 lvl=info msg="HOTSTUFF PROPOSAL MANIFEST stored"     from=127.0.0.1:41928 number=57 proposalID=0xe9c0404fd32fbc8b2bfdf9fa7ea06351bcba5a11379bc1f7396408dbbcf46d13 manifestBytes=1219 missing=0 bodyBytes=1653
        t=2026-09-22T08:51:27+0200 lvl=info msg="HOTSTUFF PROPOSAL MANIFEST stored"     from=127.0.0.1:40399 number=58 proposalID=0xcda4e24f7c2d75106fe995f3e2088561a1950cd1338b8106567470659e0bbab2 manifestBytes=830  missing=0 bodyBytes=830
        t=2026-09-22T08:51:28+0200 lvl=info msg="HOTSTUFF PROPOSAL MANIFEST stored"     from=127.0.0.1:40399 number=59 proposalID=0xba526793c37ee7c9264782e5cb559ac5f3d111df6aa760001fc717dd1c21b8df manifestBytes=1219 missing=0 bodyBytes=1653
        t=2026-09-22T08:51:28+0200 lvl=info msg="HOTSTUFF PROPOSAL MANIFEST stored"     from=127.0.0.1:39412 number=60 proposalID=0x7bc02b072b4d5ffd0b9d77ef3a36f215731e863bf91d34c3cc1c145985395c53 manifestBytes=830  missing=0 bodyBytes=830
        t=2026-09-22T08:51:28+0200 lvl=info msg="HOTSTUFF PROPOSAL MANIFEST stored"     from=127.0.0.1:39412 number=61 proposalID=0x9f107bf609781631d9dfe7016a50c645e36af59d32eb7eda27d145323cd95293 manifestBytes=1219 missing=1 bodyBytes=1653
        t=2026-09-22T08:51:28+0200 lvl=eror msg="OnPropose wait proposal body"          number=61 proposalID=0x9f107bf609781631d9dfe7016a50c645e36af59d32eb7eda27d145323cd95293 err="hotstuff view state too old"
        t=2026-09-22T08:51:28+0200 lvl=warn msg="reject new-view before storage"        from=127.0.0.1:39412 viewID=0x61c35b7805318501fc2a71608f8f1b93633aa205a069a1c1401f77603a5aaf13 err="hotstuff proposal validation pending"
        t=2026-09-22T08:51:28+0200 lvl=warn msg="reject new-view before storage"        from=127.0.0.1:41928 viewID=0x61c35b7805318501fc2a71608f8f1b93633aa205a069a1c1401f77603a5aaf13 err="hotstuff proposal validation pending"
        t=2026-09-22T08:51:28+0200 lvl=warn msg="reject new-view before storage"        from=127.0.0.1:44623 viewID=0x61c35b7805318501fc2a71608f8f1b93633aa205a069a1c1401f77603a5aaf13 err="hotstuff proposal validation pending"
        t=2026-09-22T08:51:28+0200 lvl=warn msg="reject new-view before storage"        from=127.0.0.1:53531 viewID=0x61c35b7805318501fc2a71608f8f1b93633aa205a069a1c1401f77603a5aaf13 err="hotstuff proposal validation pending"
        t=2026-09-22T08:51:28+0200 lvl=warn msg="reject new-view before storage"        from=127.0.0.1:47103 viewID=0x61c35b7805318501fc2a71608f8f1b93633aa205a069a1c1401f77603a5aaf13 err="hotstuff proposal validation pending"
        t=2026-09-22T08:51:29+0200 lvl=info msg="HOTSTUFF PROPOSAL REF"                 number=62 viewID=0x61c35b7805318501fc2a71608f8f1b93633aa205a069a1c1401f77603a5aaf13 proposalID=0xf6d3a10045f3376fb479d0f20a134b04107b973a9058de00fc20afa2cdbd938c blockHash=0xaabdbef0d9d91a54fabfd829e602f22cf3809410649435efe26fbb899eca6cf5 bodyHash=0x57871fe3e0059056a4311cf96dea442fd268de9260d1944c638ee6746ff314e5 bodySize=830 refBytes=439
        t=2026-09-22T08:51:29+0200 lvl=warn msg="Send msg try again"                    address=[::]:57323 Couldn't send to=127.0.0.1:47103 error="Operation Canceled"
        t=2026-09-22T08:51:29+0200 lvl=eror msg=CloseConnect                            =[::]:57323 having error closing conn to=127.0.0.1:47103 error="Connection Closed"
        t=2026-09-22T08:51:29+0200 lvl=info msg="HOTSTUFF PROPOSAL REF"                 number=63 viewID=0x3e025bac8d83257a4feb7a230a64f1669526fbd9bd2a548791ba72db8e8e682b proposalID=0x161f995d111aafe898b33981c725b8594aae496f6b93dad8ce8544db70dc1b4d blockHash=0xc6bc3f95e5e4cc2fe4785c1b3663037b40ca50b33c51ecb73178e605712e8c17 bodyHash=0xafe68180bcdb6b6310dcf99de518c2bfdfff64af47cc3f3931235a2988c23f7a bodySize=1653 refBytes=442
        t=2026-09-22T08:51:29+0200 lvl=info msg="HOTSTUFF PROPOSAL MANIFEST stored"     from=127.0.0.1:40399 number=64 proposalID=0x4b1962b35b6e76dcded0dbd6fcef7c5b6b21a053ab498fd8e614d65fbd308914 manifestBytes=830  missing=0 bodyBytes=830
        t=2026-09-22T08:51:29+0200 lvl=warn msg="HandleConn drops connection: closed"   address=127.0.0.1:57323 remot=127.0.0.1:40399
        t=2026-09-22T08:51:29+0200 lvl=info msg="HOTSTUFF PROPOSAL MANIFEST stored"     from=127.0.0.1:40399 number=64 proposalID=0x4b1962b35b6e76dcded0dbd6fcef7c5b6b21a053ab498fd8e614d65fbd308914 manifestBytes=830  missing=0 bodyBytes=830
        t=2026-09-22T08:51:30+0200 lvl=warn msg=GetBlockByNumer                         number=1
        t=2026-09-22T08:51:30+0200 lvl=warn msg=GetBlockByNumer                         number=63
        t=2026-09-22T08:51:30+0200 lvl=warn msg=GetBlockByNumer                         number=1
        t=2026-09-22T08:51:30+0200 lvl=warn msg=GetBlockByNumer                         number=63
        t=2026-09-22T08:51:30+0200 lvl=warn msg=GetBlockByNumer                         number=1
        t=2026-09-22T08:51:30+0200 lvl=warn msg=GetBlockByNumer                         number=63
    fhs_process_recovery_test.go:225: validator 945471 complete log: /tmp/fhs-process-failure-847556291.log
    fhs_process_recovery_test.go:230: validator 945471 log tail:
        t=2026-09-22T08:50:29+0200 lvl=warn msg=GetBlockByNumer number=0
        t=2026-09-22T08:50:29+0200 lvl=warn msg=GetBlockByNumer number=1
        t=2026-09-22T08:50:29+0200 lvl=warn msg=GetBlockByNumer number=2
        t=2026-09-22T08:50:29+0200 lvl=warn msg=GetBlockByNumer number=3
        t=2026-09-22T08:50:29+0200 lvl=warn msg=GetBlockByNumer number=4
        t=2026-09-22T08:50:29+0200 lvl=warn msg=GetBlockByNumer number=5
        t=2026-09-22T08:50:29+0200 lvl=warn msg=GetBlockByNumer number=6
        t=2026-09-22T08:50:29+0200 lvl=warn msg=GetBlockByNumer number=7
        t=2026-09-22T08:50:29+0200 lvl=warn msg=GetBlockByNumer number=8
        t=2026-09-22T08:50:29+0200 lvl=warn msg=GetBlockByNumer number=9
        t=2026-09-22T08:50:29+0200 lvl=warn msg=GetBlockByNumer number=10
        t=2026-09-22T08:50:29+0200 lvl=warn msg=GetBlockByNumer number=11
        t=2026-09-22T08:50:29+0200 lvl=warn msg=GetBlockByNumer number=12
        t=2026-09-22T08:50:29+0200 lvl=warn msg=GetBlockByNumer number=13
        t=2026-09-22T08:50:29+0200 lvl=warn msg=GetBlockByNumer number=14
        t=2026-09-22T08:50:29+0200 lvl=warn msg=GetBlockByNumer number=15
        t=2026-09-22T08:50:29+0200 lvl=warn msg=GetBlockByNumer number=16
        t=2026-09-22T08:50:29+0200 lvl=warn msg=GetBlockByNumer number=17
        t=2026-09-22T08:50:29+0200 lvl=warn msg=GetBlockByNumer number=18
        t=2026-09-22T08:50:29+0200 lvl=warn msg=GetBlockByNumer number=19
        t=2026-09-22T08:50:29+0200 lvl=warn msg=GetBlockByNumer number=20
        t=2026-09-22T08:50:29+0200 lvl=warn msg=GetBlockByNumer number=21
        t=2026-09-22T08:50:29+0200 lvl=warn msg=GetBlockByNumer number=22
        t=2026-09-22T08:50:29+0200 lvl=warn msg=GetBlockByNumer number=23
        t=2026-09-22T08:50:29+0200 lvl=warn msg=GetBlockByNumer number=24
        t=2026-09-22T08:50:29+0200 lvl=warn msg=GetBlockByNumer number=25
        t=2026-09-22T08:50:29+0200 lvl=warn msg=GetBlockByNumer number=26
        t=2026-09-22T08:50:29+0200 lvl=warn msg=GetBlockByNumer number=27
        t=2026-09-22T08:50:29+0200 lvl=warn msg=GetBlockByNumer number=28
        t=2026-09-22T08:50:29+0200 lvl=warn msg=GetBlockByNumer number=29
        t=2026-09-22T08:50:29+0200 lvl=warn msg=GetBlockByNumer number=30
        t=2026-09-22T08:50:29+0200 lvl=warn msg=GetBlockByNumer number=31
        t=2026-09-22T08:50:29+0200 lvl=warn msg=GetBlockByNumer number=32
        t=2026-09-22T08:50:29+0200 lvl=warn msg=GetBlockByNumer number=33
        t=2026-09-22T08:50:29+0200 lvl=warn msg=GetBlockByNumer number=34
        t=2026-09-22T08:50:29+0200 lvl=warn msg=GetBlockByNumer number=35
        t=2026-09-22T08:50:29+0200 lvl=warn msg=GetBlockByNumer number=36
        t=2026-09-22T08:50:29+0200 lvl=warn msg=GetBlockByNumer number=37
        t=2026-09-22T08:50:29+0200 lvl=warn msg=GetBlockByNumer number=38
        t=2026-09-22T08:50:29+0200 lvl=warn msg=GetBlockByNumer number=39
        t=2026-09-22T08:50:29+0200 lvl=warn msg=GetBlockByNumer number=40
        t=2026-09-22T08:50:29+0200 lvl=warn msg=GetBlockByNumer number=41
        t=2026-09-22T08:50:29+0200 lvl=warn msg=GetBlockByNumer number=42
        t=2026-09-22T08:50:29+0200 lvl=warn msg=GetBlockByNumer number=43
        t=2026-09-22T08:50:29+0200 lvl=warn msg=GetBlockByNumer number=44
        t=2026-09-22T08:50:29+0200 lvl=warn msg=GetBlockByNumer number=45
        t=2026-09-22T08:50:29+0200 lvl=warn msg=GetBlockByNumer number=46
        t=2026-09-22T08:50:29+0200 lvl=warn msg=GetBlockByNumer number=47
        t=2026-09-22T08:50:29+0200 lvl=warn msg=GetBlockByNumer number=1
        t=2026-09-22T08:50:29+0200 lvl=warn msg=GetBlockByNumer number=2
        t=2026-09-22T08:50:29+0200 lvl=warn msg=GetBlockByNumer number=3
        t=2026-09-22T08:50:29+0200 lvl=warn msg=GetBlockByNumer number=4
        t=2026-09-22T08:50:29+0200 lvl=warn msg=GetBlockByNumer number=5
        t=2026-09-22T08:50:29+0200 lvl=warn msg=GetBlockByNumer number=6
        t=2026-09-22T08:50:29+0200 lvl=warn msg=GetBlockByNumer number=7
        t=2026-09-22T08:50:29+0200 lvl=warn msg=GetBlockByNumer number=8
        t=2026-09-22T08:50:29+0200 lvl=warn msg=GetBlockByNumer number=9
        t=2026-09-22T08:50:29+0200 lvl=warn msg=GetBlockByNumer number=10
        t=2026-09-22T08:50:29+0200 lvl=warn msg=GetBlockByNumer number=11
        t=2026-09-22T08:50:29+0200 lvl=warn msg=GetBlockByNumer number=12
        t=2026-09-22T08:50:29+0200 lvl=warn msg=GetBlockByNumer number=13
        t=2026-09-22T08:50:29+0200 lvl=warn msg=GetBlockByNumer number=14
        t=2026-09-22T08:50:29+0200 lvl=warn msg=GetBlockByNumer number=15
        t=2026-09-22T08:50:29+0200 lvl=warn msg=GetBlockByNumer number=16
        t=2026-09-22T08:50:29+0200 lvl=warn msg=GetBlockByNumer number=17
        t=2026-09-22T08:50:29+0200 lvl=warn msg=GetBlockByNumer number=18
        t=2026-09-22T08:50:29+0200 lvl=warn msg=GetBlockByNumer number=19
        t=2026-09-22T08:50:29+0200 lvl=warn msg=GetBlockByNumer number=20
        t=2026-09-22T08:50:29+0200 lvl=warn msg=GetBlockByNumer number=21
        t=2026-09-22T08:50:29+0200 lvl=warn msg=GetBlockByNumer number=22
        t=2026-09-22T08:50:29+0200 lvl=warn msg=GetBlockByNumer number=23
        t=2026-09-22T08:50:29+0200 lvl=warn msg=GetBlockByNumer number=24
        t=2026-09-22T08:50:29+0200 lvl=warn msg=GetBlockByNumer number=25
        t=2026-09-22T08:50:29+0200 lvl=warn msg=GetBlockByNumer number=26
        t=2026-09-22T08:50:29+0200 lvl=warn msg=GetBlockByNumer number=27
        t=2026-09-22T08:50:29+0200 lvl=warn msg=GetBlockByNumer number=28
        t=2026-09-22T08:50:29+0200 lvl=warn msg=GetBlockByNumer number=29
        t=2026-09-22T08:50:29+0200 lvl=warn msg=GetBlockByNumer number=30
        t=2026-09-22T08:50:29+0200 lvl=warn msg=GetBlockByNumer number=31
        t=2026-09-22T08:50:29+0200 lvl=warn msg=GetBlockByNumer number=32
        t=2026-09-22T08:50:29+0200 lvl=warn msg=GetBlockByNumer number=33
        t=2026-09-22T08:50:29+0200 lvl=warn msg=GetBlockByNumer number=34
        t=2026-09-22T08:50:29+0200 lvl=warn msg=GetBlockByNumer number=35
        t=2026-09-22T08:50:29+0200 lvl=warn msg=GetBlockByNumer number=36
        t=2026-09-22T08:50:29+0200 lvl=warn msg=GetBlockByNumer number=37
        t=2026-09-22T08:50:29+0200 lvl=warn msg=GetBlockByNumer number=38
        t=2026-09-22T08:50:29+0200 lvl=warn msg=GetBlockByNumer number=39
        t=2026-09-22T08:50:29+0200 lvl=warn msg=GetBlockByNumer number=40
        t=2026-09-22T08:50:29+0200 lvl=warn msg=GetBlockByNumer number=41
        t=2026-09-22T08:50:29+0200 lvl=warn msg=GetBlockByNumer number=42
        t=2026-09-22T08:50:29+0200 lvl=warn msg=GetBlockByNumer number=43
        t=2026-09-22T08:50:29+0200 lvl=warn msg=GetBlockByNumer number=44
        t=2026-09-22T08:50:29+0200 lvl=warn msg=GetBlockByNumer number=45
        t=2026-09-22T08:50:29+0200 lvl=warn msg=GetBlockByNumer number=46
        t=2026-09-22T08:50:29+0200 lvl=warn msg=GetBlockByNumer number=47
        t=2026-09-22T08:50:29+0200 lvl=warn msg="Failed to load snapshot, regenerating" err="missing or corrupted snapshot journal"
        t=2026-09-22T08:50:29+0200 lvl=warn msg=GetBlockByNumer                         number=1
        t=2026-09-22T08:50:40+0200 lvl=warn msg=GetBlockByNumer                         number=1
        t=2026-09-22T08:50:40+0200 lvl=warn msg=GetBlockByNumer                         number=47
        t=2026-09-22T08:50:41+0200 lvl=warn msg=GetBlockByNumer                         number=1
        t=2026-09-22T08:50:41+0200 lvl=eror msg=Connect                                 Could not connect to=127.0.0.1:57323 error="CRYPTO_ERROR 0x150 (remote): tls: internal error"
        t=2026-09-22T08:50:41+0200 lvl=eror msg=Connect                                 Could not connect to=127.0.0.1:44623 error="CRYPTO_ERROR 0x150 (remote): tls: internal error"
        t=2026-09-22T08:50:41+0200 lvl=eror msg=Connect                                 Could not connect to=127.0.0.1:41928 error="CRYPTO_ERROR 0x150 (remote): tls: internal error"
        t=2026-09-22T08:50:41+0200 lvl=eror msg=Connect                                 Could not connect to=127.0.0.1:44623 error="CRYPTO_ERROR 0x150 (remote): tls: internal error"
        t=2026-09-22T08:50:41+0200 lvl=warn msg=SendRawData                             couldn't send to=127.0.0.1:44623 error="CRYPTO_ERROR 0x150 (remote): tls: internal error"
        t=2026-09-22T08:50:41+0200 lvl=eror msg=Connect                                 Could not connect to=127.0.0.1:41928 error="CRYPTO_ERROR 0x150 (remote): tls: internal error"
        t=2026-09-22T08:50:41+0200 lvl=warn msg=SendRawData                             couldn't send to=127.0.0.1:41928 error="CRYPTO_ERROR 0x150 (remote): tls: internal error"
        t=2026-09-22T08:50:41+0200 lvl=eror msg=Connect                                 Could not connect to=127.0.0.1:44623 error="CRYPTO_ERROR 0x150 (remote): tls: internal error"
        t=2026-09-22T08:50:41+0200 lvl=warn msg=SendRawData                             couldn't send to=127.0.0.1:44623 error="CRYPTO_ERROR 0x150 (remote): tls: internal error"
        t=2026-09-22T08:50:41+0200 lvl=eror msg=Connect                                 Could not connect to=127.0.0.1:41928 error="CRYPTO_ERROR 0x150 (remote): tls: internal error"
        t=2026-09-22T08:50:41+0200 lvl=warn msg=SendRawData                             couldn't send to=127.0.0.1:41928 error="CRYPTO_ERROR 0x150 (remote): tls: internal error"
        t=2026-09-22T08:50:41+0200 lvl=eror msg=Connect                                 Could not connect to=127.0.0.1:41928 error="CRYPTO_ERROR 0x150 (remote): tls: internal error"
        t=2026-09-22T08:50:41+0200 lvl=warn msg=SendRawData                             couldn't send to=127.0.0.1:41928 error="CRYPTO_ERROR 0x150 (remote): tls: internal error"
        t=2026-09-22T08:50:41+0200 lvl=eror msg=Connect                                 Could not connect to=127.0.0.1:41928 error="CRYPTO_ERROR 0x150 (remote): tls: internal error"
        t=2026-09-22T08:50:41+0200 lvl=warn msg=SendRawData                             couldn't send to=127.0.0.1:41928 error="CRYPTO_ERROR 0x150 (remote): tls: internal error"
        t=2026-09-22T08:50:41+0200 lvl=eror msg=Connect                                 Could not connect to=127.0.0.1:41928 error="CRYPTO_ERROR 0x150 (remote): tls: internal error"
        t=2026-09-22T08:50:41+0200 lvl=warn msg=SendRawData                             couldn't send to=127.0.0.1:41928 error="CRYPTO_ERROR 0x150 (remote): tls: internal error"
        t=2026-09-22T08:50:41+0200 lvl=warn msg=GetBlockByNumer                         number=1
        t=2026-09-22T08:50:41+0200 lvl=warn msg=GetBlockByNumer                         number=1
        t=2026-09-22T08:50:41+0200 lvl=warn msg=GetBlockByNumer                         number=47
        t=2026-09-22T08:50:42+0200 lvl=warn msg=GetBlockByNumer                         number=1
        t=2026-09-22T08:50:42+0200 lvl=warn msg=GetBlockByNumer                         number=47
        t=2026-09-22T08:50:46+0200 lvl=warn msg="HOTSTUFF RECOVERY resend NewView"      number=49 viewID=0xb8e12e0a189ac1e6d0891104fd6036c35c6d47a1665ca9e3da75cbe01bae76ea to=127.0.0.1:41928
        t=2026-09-22T08:50:51+0200 lvl=warn msg="HOTSTUFF RECOVERY resend NewView"      number=49 viewID=0xb8e12e0a189ac1e6d0891104fd6036c35c6d47a1665ca9e3da75cbe01bae76ea to=127.0.0.1:41928
        t=2026-09-22T08:50:56+0200 lvl=warn msg="HOTSTUFF RECOVERY resend NewView"      number=49 viewID=0xb8e12e0a189ac1e6d0891104fd6036c35c6d47a1665ca9e3da75cbe01bae76ea to=127.0.0.1:41928
        t=2026-09-22T08:51:01+0200 lvl=warn msg="HOTSTUFF RECOVERY resend NewView"      number=49 viewID=0xb8e12e0a189ac1e6d0891104fd6036c35c6d47a1665ca9e3da75cbe01bae76ea to=127.0.0.1:41928
        t=2026-09-22T08:51:06+0200 lvl=warn msg="HOTSTUFF RECOVERY resend NewView"      number=49 viewID=0xb8e12e0a189ac1e6d0891104fd6036c35c6d47a1665ca9e3da75cbe01bae76ea to=127.0.0.1:41928
        t=2026-09-22T08:51:11+0200 lvl=warn msg="HOTSTUFF RECOVERY resend NewView"      number=49 viewID=0xb8e12e0a189ac1e6d0891104fd6036c35c6d47a1665ca9e3da75cbe01bae76ea to=127.0.0.1:41928
        t=2026-09-22T08:51:16+0200 lvl=warn msg="HOTSTUFF RECOVERY resend NewView"      number=49 viewID=0xb8e12e0a189ac1e6d0891104fd6036c35c6d47a1665ca9e3da75cbe01bae76ea to=127.0.0.1:41928
        t=2026-09-22T08:51:21+0200 lvl=warn msg="HOTSTUFF RECOVERY resend NewView"      number=49 viewID=0xb8e12e0a189ac1e6d0891104fd6036c35c6d47a1665ca9e3da75cbe01bae76ea to=127.0.0.1:41928
        t=2026-09-22T08:51:22+0200 lvl=info msg="HOTSTUFF PROPOSAL MANIFEST stored"     from=127.0.0.1:41928 number=49 proposalID=0x902e493a6ebeda8b022f8ecd18826c1e03e748686af8ba2b7f5f0091f50d5620 manifestBytes=1219 missing=0 bodyBytes=1557
        t=2026-09-22T08:51:22+0200 lvl=info msg="HOTSTUFF PROPOSAL MANIFEST stored"     from=127.0.0.1:57323 number=50 proposalID=0x1b2ec4b836d39c04fe911c6c8a792d2f62a88fa586075e156c57a3dac359dc5c manifestBytes=830  missing=0 bodyBytes=830
        t=2026-09-22T08:51:23+0200 lvl=info msg="HOTSTUFF PROPOSAL MANIFEST stored"     from=127.0.0.1:41928 number=51 proposalID=0x062bad1ac9157aa3c08914b872571efb0b1bf1ce87743101241acd14b3287520 manifestBytes=1219 missing=0 bodyBytes=1653
        t=2026-09-22T08:51:23+0200 lvl=info msg="HOTSTUFF PROPOSAL MANIFEST stored"     from=127.0.0.1:41928 number=52 proposalID=0x43911f4dee6fde72132fd23b634a257380ff3895897ca35ee294e03ddb00f598 manifestBytes=830  missing=0 bodyBytes=830
        t=2026-09-22T08:51:24+0200 lvl=info msg="HOTSTUFF PROPOSAL MANIFEST stored"     from=127.0.0.1:39412 number=53 proposalID=0xe5546cb6cb3b756baa120986c9a05168e27be4860ca33b2d275b1c1cbcc766a6 manifestBytes=1219 missing=0 bodyBytes=1653
        t=2026-09-22T08:51:24+0200 lvl=info msg="HOTSTUFF PROPOSAL MANIFEST stored"     from=127.0.0.1:53531 number=54 proposalID=0xd9bffd45a08b89db377c8c1324bf075e0a512794375bdf5cb57ea98e6597d40f manifestBytes=830  missing=0 bodyBytes=830
        t=2026-09-22T08:51:25+0200 lvl=info msg="HOTSTUFF PROPOSAL MANIFEST stored"     from=127.0.0.1:47103 number=55 proposalID=0xe1410f6f8958cae89622e961b8a414498a2b134d0f46610789eddab629b0574c manifestBytes=1219 missing=0 bodyBytes=1653
        t=2026-09-22T08:51:26+0200 lvl=info msg="HOTSTUFF PROPOSAL REF"                 number=56 viewID=0xa5b7527c15fa5d1d39d002f76241cf2a6106d15a855f969eb84d7f531208b89a proposalID=0xefae8e785d3b3eabb160987486d6c10b1c0ae6acb2fe21749c8885b6ee02ff93 blockHash=0xdae9d42a3653926cf3768a3fe78a0d7ae853f6ffb241a5748b020b0658daf795 bodyHash=0x88131fb03883986131be4aa0d9c32ba801f9ffc8f143d248fbdbe3986f1e633a bodySize=830 refBytes=439
        t=2026-09-22T08:51:26+0200 lvl=warn msg="Send msg try again"                    address=[::]:40399 Couldn't send to=127.0.0.1:41928 error="Operation Canceled"
        t=2026-09-22T08:51:26+0200 lvl=eror msg=CloseConnect                            =[::]:40399 having error closing conn to=127.0.0.1:41928 error="Connection Closed"
        t=2026-09-22T08:51:26+0200 lvl=warn msg="reject new-view before storage"        from=127.0.0.1:41928 viewID=0xa5b7527c15fa5d1d39d002f76241cf2a6106d15a855f969eb84d7f531208b89a err="hotstuff view state too old"
        t=2026-09-22T08:51:26+0200 lvl=info msg="HOTSTUFF PROPOSAL MANIFEST stored"     from=127.0.0.1:41928 number=57 proposalID=0xe9c0404fd32fbc8b2bfdf9fa7ea06351bcba5a11379bc1f7396408dbbcf46d13 manifestBytes=1219 missing=0 bodyBytes=1653
        t=2026-09-22T08:51:27+0200 lvl=info msg="HOTSTUFF PROPOSAL REF"                 number=58 viewID=0x12e1e21f49fc8ec338955d921342c44cb86ce1b3c1c2e7de051f5b1025b788fa proposalID=0xcda4e24f7c2d75106fe995f3e2088561a1950cd1338b8106567470659e0bbab2 blockHash=0xd3921b0b6566dfc0cc245b26f78519323749ee4f18669e117063d03eaf7f4e9b bodyHash=0x0607994af05e215ffff3f717e5af97fd21b04f15630a4787a6a6b7857fe814fb bodySize=830 refBytes=439
        t=2026-09-22T08:51:27+0200 lvl=warn msg="reject new-view before storage"        from=127.0.0.1:39412 viewID=0x12e1e21f49fc8ec338955d921342c44cb86ce1b3c1c2e7de051f5b1025b788fa err="hotstuff view state too old"
        t=2026-09-22T08:51:27+0200 lvl=warn msg="reject new-view before storage"        from=127.0.0.1:53531 viewID=0x12e1e21f49fc8ec338955d921342c44cb86ce1b3c1c2e7de051f5b1025b788fa err="hotstuff view state too old"
        t=2026-09-22T08:51:27+0200 lvl=warn msg="Send msg try again"                    address=[::]:40399 Couldn't send to=127.0.0.1:53531 error="Operation Canceled"
        t=2026-09-22T08:51:27+0200 lvl=eror msg=CloseConnect                            =[::]:40399 having error closing conn to=127.0.0.1:53531 error="Connection Closed"
        t=2026-09-22T08:51:28+0200 lvl=info msg="HOTSTUFF PROPOSAL REF"                 number=59 viewID=0x9c47deeca6796662954c8a07deac0dc7e126bc7ddbbb4abd14dafec2ddc16def proposalID=0xba526793c37ee7c9264782e5cb559ac5f3d111df6aa760001fc717dd1c21b8df blockHash=0x88ed569397e60331c7dc917ed062e5c4a263b5450e3a548f7ee88fcea9d3b53d bodyHash=0xcbb228cdcc780c1b282df508b069a874922b31dc78b106264aa45fe54aae3421 bodySize=1653 refBytes=442
        t=2026-09-22T08:51:28+0200 lvl=info msg="HOTSTUFF PROPOSAL MANIFEST stored"     from=127.0.0.1:39412 number=60 proposalID=0x7bc02b072b4d5ffd0b9d77ef3a36f215731e863bf91d34c3cc1c145985395c53 manifestBytes=830  missing=0 bodyBytes=830
        t=2026-09-22T08:51:28+0200 lvl=info msg="HOTSTUFF PROPOSAL MANIFEST stored"     from=127.0.0.1:39412 number=61 proposalID=0x9f107bf609781631d9dfe7016a50c645e36af59d32eb7eda27d145323cd95293 manifestBytes=1219 missing=1 bodyBytes=1653
        t=2026-09-22T08:51:28+0200 lvl=eror msg="OnPropose wait proposal body"          number=61 proposalID=0x9f107bf609781631d9dfe7016a50c645e36af59d32eb7eda27d145323cd95293 err="hotstuff view state too old"
        t=2026-09-22T08:51:29+0200 lvl=info msg="HOTSTUFF PROPOSAL MANIFEST stored"     from=127.0.0.1:57323 number=62 proposalID=0xf6d3a10045f3376fb479d0f20a134b04107b973a9058de00fc20afa2cdbd938c manifestBytes=830  missing=0 bodyBytes=830
        t=2026-09-22T08:51:29+0200 lvl=info msg="HOTSTUFF PROPOSAL MANIFEST stored"     from=127.0.0.1:57323 number=63 proposalID=0x161f995d111aafe898b33981c725b8594aae496f6b93dad8ce8544db70dc1b4d manifestBytes=1219 missing=0 bodyBytes=1653
        t=2026-09-22T08:51:29+0200 lvl=info msg="HOTSTUFF PROPOSAL REF"                 number=64 viewID=0xb509b6b05bd80396d27a5a3038207960e2e1cd10862bf494d2111ca92431c7b2 proposalID=0x4b1962b35b6e76dcded0dbd6fcef7c5b6b21a053ab498fd8e614d65fbd308914 blockHash=0x2b2a7af109389f61fdd10c17354dbc03c951635e3079290ff73bbf5c4dcf9976 bodyHash=0xb1a241d71cd2cf01cc8a9bf8aa33e06df269b79a086b7d5e65eabaa68dc537eb bodySize=830  refBytes=439
        t=2026-09-22T08:51:29+0200 lvl=warn msg="Send msg try again"                    address=[::]:40399 Couldn't send to=127.0.0.1:39412 error="Operation Canceled"
        t=2026-09-22T08:51:29+0200 lvl=eror msg=CloseConnect                            =[::]:40399 having error closing conn to=127.0.0.1:39412 error="Connection Closed"
        t=2026-09-22T08:51:29+0200 lvl=warn msg="Send msg try again"                    address=[::]:40399 Couldn't send to=127.0.0.1:57323 error="Operation Canceled"
        t=2026-09-22T08:51:29+0200 lvl=eror msg=CloseConnect                            =[::]:40399 having error closing conn to=127.0.0.1:57323 error="Connection Closed"
        t=2026-09-22T08:51:30+0200 lvl=warn msg=GetBlockByNumer                         number=1
        t=2026-09-22T08:51:30+0200 lvl=warn msg=GetBlockByNumer                         number=63
        t=2026-09-22T08:51:30+0200 lvl=warn msg=GetBlockByNumer                         number=1
        t=2026-09-22T08:51:30+0200 lvl=warn msg=GetBlockByNumer                         number=63
        t=2026-09-22T08:51:30+0200 lvl=warn msg=GetBlockByNumer                         number=1
        t=2026-09-22T08:51:30+0200 lvl=warn msg=GetBlockByNumer                         number=63
    fhs_process_recovery_test.go:225: validator 945456 complete log: /tmp/fhs-process-failure-3852484675.log
    fhs_process_recovery_test.go:230: validator 945456 log tail:
        t=2026-09-22T08:50:25+0200 lvl=warn msg=GetBlockByNumer number=0
        t=2026-09-22T08:50:25+0200 lvl=warn msg=GetBlockByNumer number=1
        t=2026-09-22T08:50:25+0200 lvl=warn msg=GetBlockByNumer number=2
        t=2026-09-22T08:50:25+0200 lvl=warn msg=GetBlockByNumer number=3
        t=2026-09-22T08:50:25+0200 lvl=warn msg=GetBlockByNumer number=4
        t=2026-09-22T08:50:25+0200 lvl=warn msg=GetBlockByNumer number=5
        t=2026-09-22T08:50:25+0200 lvl=warn msg=GetBlockByNumer number=6
        t=2026-09-22T08:50:25+0200 lvl=warn msg=GetBlockByNumer number=7
        t=2026-09-22T08:50:25+0200 lvl=warn msg=GetBlockByNumer number=8
        t=2026-09-22T08:50:25+0200 lvl=warn msg=GetBlockByNumer number=9
        t=2026-09-22T08:50:25+0200 lvl=warn msg=GetBlockByNumer number=10
        t=2026-09-22T08:50:25+0200 lvl=warn msg=GetBlockByNumer number=11
        t=2026-09-22T08:50:25+0200 lvl=warn msg=GetBlockByNumer number=12
        t=2026-09-22T08:50:25+0200 lvl=warn msg=GetBlockByNumer number=13
        t=2026-09-22T08:50:25+0200 lvl=warn msg=GetBlockByNumer number=14
        t=2026-09-22T08:50:25+0200 lvl=warn msg=GetBlockByNumer number=15
        t=2026-09-22T08:50:25+0200 lvl=warn msg=GetBlockByNumer number=16
        t=2026-09-22T08:50:25+0200 lvl=warn msg=GetBlockByNumer number=17
        t=2026-09-22T08:50:25+0200 lvl=warn msg=GetBlockByNumer number=18
        t=2026-09-22T08:50:25+0200 lvl=warn msg=GetBlockByNumer number=19
        t=2026-09-22T08:50:25+0200 lvl=warn msg=GetBlockByNumer number=20
        t=2026-09-22T08:50:25+0200 lvl=warn msg=GetBlockByNumer number=21
        t=2026-09-22T08:50:25+0200 lvl=warn msg=GetBlockByNumer number=22
        t=2026-09-22T08:50:25+0200 lvl=warn msg=GetBlockByNumer number=23
        t=2026-09-22T08:50:25+0200 lvl=warn msg=GetBlockByNumer number=24
        t=2026-09-22T08:50:25+0200 lvl=warn msg=GetBlockByNumer number=25
        t=2026-09-22T08:50:25+0200 lvl=warn msg=GetBlockByNumer number=26
        t=2026-09-22T08:50:25+0200 lvl=warn msg=GetBlockByNumer number=27
        t=2026-09-22T08:50:25+0200 lvl=warn msg=GetBlockByNumer number=28
        t=2026-09-22T08:50:25+0200 lvl=warn msg=GetBlockByNumer number=29
        t=2026-09-22T08:50:25+0200 lvl=warn msg=GetBlockByNumer number=30
        t=2026-09-22T08:50:25+0200 lvl=warn msg=GetBlockByNumer number=31
        t=2026-09-22T08:50:25+0200 lvl=warn msg=GetBlockByNumer number=32
        t=2026-09-22T08:50:25+0200 lvl=warn msg=GetBlockByNumer number=33
        t=2026-09-22T08:50:25+0200 lvl=warn msg=GetBlockByNumer number=34
        t=2026-09-22T08:50:25+0200 lvl=warn msg=GetBlockByNumer number=35
        t=2026-09-22T08:50:25+0200 lvl=warn msg=GetBlockByNumer number=36
        t=2026-09-22T08:50:25+0200 lvl=warn msg=GetBlockByNumer number=37
        t=2026-09-22T08:50:25+0200 lvl=warn msg=GetBlockByNumer number=38
        t=2026-09-22T08:50:25+0200 lvl=warn msg=GetBlockByNumer number=39
        t=2026-09-22T08:50:25+0200 lvl=warn msg=GetBlockByNumer number=40
        t=2026-09-22T08:50:25+0200 lvl=warn msg=GetBlockByNumer number=41
        t=2026-09-22T08:50:25+0200 lvl=warn msg=GetBlockByNumer number=42
        t=2026-09-22T08:50:25+0200 lvl=warn msg=GetBlockByNumer number=43
        t=2026-09-22T08:50:25+0200 lvl=warn msg=GetBlockByNumer number=44
        t=2026-09-22T08:50:25+0200 lvl=warn msg=GetBlockByNumer number=45
        t=2026-09-22T08:50:25+0200 lvl=warn msg=GetBlockByNumer number=46
        t=2026-09-22T08:50:25+0200 lvl=warn msg=GetBlockByNumer number=47
        t=2026-09-22T08:50:25+0200 lvl=warn msg=GetBlockByNumer number=1
        t=2026-09-22T08:50:25+0200 lvl=warn msg=GetBlockByNumer number=2
        t=2026-09-22T08:50:25+0200 lvl=warn msg=GetBlockByNumer number=3
        t=2026-09-22T08:50:25+0200 lvl=warn msg=GetBlockByNumer number=4
        t=2026-09-22T08:50:25+0200 lvl=warn msg=GetBlockByNumer number=5
        t=2026-09-22T08:50:25+0200 lvl=warn msg=GetBlockByNumer number=6
        t=2026-09-22T08:50:25+0200 lvl=warn msg=GetBlockByNumer number=7
        t=2026-09-22T08:50:25+0200 lvl=warn msg=GetBlockByNumer number=8
        t=2026-09-22T08:50:25+0200 lvl=warn msg=GetBlockByNumer number=9
        t=2026-09-22T08:50:25+0200 lvl=warn msg=GetBlockByNumer number=10
        t=2026-09-22T08:50:25+0200 lvl=warn msg=GetBlockByNumer number=11
        t=2026-09-22T08:50:25+0200 lvl=warn msg=GetBlockByNumer number=12
        t=2026-09-22T08:50:25+0200 lvl=warn msg=GetBlockByNumer number=13
        t=2026-09-22T08:50:25+0200 lvl=warn msg=GetBlockByNumer number=14
        t=2026-09-22T08:50:25+0200 lvl=warn msg=GetBlockByNumer number=15
        t=2026-09-22T08:50:25+0200 lvl=warn msg=GetBlockByNumer number=16
        t=2026-09-22T08:50:25+0200 lvl=warn msg=GetBlockByNumer number=17
        t=2026-09-22T08:50:25+0200 lvl=warn msg=GetBlockByNumer number=18
        t=2026-09-22T08:50:25+0200 lvl=warn msg=GetBlockByNumer number=19
        t=2026-09-22T08:50:25+0200 lvl=warn msg=GetBlockByNumer number=20
        t=2026-09-22T08:50:25+0200 lvl=warn msg=GetBlockByNumer number=21
        t=2026-09-22T08:50:25+0200 lvl=warn msg=GetBlockByNumer number=22
        t=2026-09-22T08:50:25+0200 lvl=warn msg=GetBlockByNumer number=23
        t=2026-09-22T08:50:25+0200 lvl=warn msg=GetBlockByNumer number=24
        t=2026-09-22T08:50:25+0200 lvl=warn msg=GetBlockByNumer number=25
        t=2026-09-22T08:50:25+0200 lvl=warn msg=GetBlockByNumer number=26
        t=2026-09-22T08:50:25+0200 lvl=warn msg=GetBlockByNumer number=27
        t=2026-09-22T08:50:25+0200 lvl=warn msg=GetBlockByNumer number=28
        t=2026-09-22T08:50:25+0200 lvl=warn msg=GetBlockByNumer number=29
        t=2026-09-22T08:50:25+0200 lvl=warn msg=GetBlockByNumer number=30
        t=2026-09-22T08:50:25+0200 lvl=warn msg=GetBlockByNumer number=31
        t=2026-09-22T08:50:25+0200 lvl=warn msg=GetBlockByNumer number=32
        t=2026-09-22T08:50:25+0200 lvl=warn msg=GetBlockByNumer number=33
        t=2026-09-22T08:50:25+0200 lvl=warn msg=GetBlockByNumer number=34
        t=2026-09-22T08:50:25+0200 lvl=warn msg=GetBlockByNumer number=35
        t=2026-09-22T08:50:25+0200 lvl=warn msg=GetBlockByNumer number=36
        t=2026-09-22T08:50:25+0200 lvl=warn msg=GetBlockByNumer number=37
        t=2026-09-22T08:50:25+0200 lvl=warn msg=GetBlockByNumer number=38
        t=2026-09-22T08:50:25+0200 lvl=warn msg=GetBlockByNumer number=39
        t=2026-09-22T08:50:25+0200 lvl=warn msg=GetBlockByNumer number=40
        t=2026-09-22T08:50:25+0200 lvl=warn msg=GetBlockByNumer number=41
        t=2026-09-22T08:50:25+0200 lvl=warn msg=GetBlockByNumer number=42
        t=2026-09-22T08:50:25+0200 lvl=warn msg=GetBlockByNumer number=43
        t=2026-09-22T08:50:25+0200 lvl=warn msg=GetBlockByNumer number=44
        t=2026-09-22T08:50:25+0200 lvl=warn msg=GetBlockByNumer number=45
        t=2026-09-22T08:50:25+0200 lvl=warn msg=GetBlockByNumer number=46
        t=2026-09-22T08:50:25+0200 lvl=warn msg=GetBlockByNumer number=47
        t=2026-09-22T08:50:25+0200 lvl=warn msg="Failed to load snapshot, regenerating" err="missing or corrupted snapshot journal"
        t=2026-09-22T08:50:25+0200 lvl=warn msg=GetBlockByNumer                         number=1
        t=2026-09-22T08:50:40+0200 lvl=warn msg=GetBlockByNumer                         number=1
        t=2026-09-22T08:50:40+0200 lvl=warn msg=GetBlockByNumer                         number=47
        t=2026-09-22T08:50:40+0200 lvl=warn msg=GetBlockByNumer                         number=1
        t=2026-09-22T08:50:40+0200 lvl=eror msg=Connect                                 Could not connect to=127.0.0.1:44623 error="CRYPTO_ERROR 0x150 (remote): tls: internal error"
        t=2026-09-22T08:50:40+0200 lvl=eror msg=Connect                                 Could not connect to=127.0.0.1:40399 error="CRYPTO_ERROR 0x150 (remote): tls: internal error"
        t=2026-09-22T08:50:40+0200 lvl=eror msg=Connect                                 Could not connect to=127.0.0.1:41928 error="CRYPTO_ERROR 0x150 (remote): tls: internal error"
        t=2026-09-22T08:50:40+0200 lvl=warn msg=SendRawData                             couldn't send to=127.0.0.1:41928 error="CRYPTO_ERROR 0x150 (remote): tls: internal error"
        t=2026-09-22T08:50:41+0200 lvl=eror msg=Connect                                 Could not connect to=127.0.0.1:57323 error="CRYPTO_ERROR 0x150 (remote): tls: internal error"
        t=2026-09-22T08:50:41+0200 lvl=eror msg=Connect                                 Could not connect to=127.0.0.1:41928 error="CRYPTO_ERROR 0x150 (remote): tls: internal error"
        t=2026-09-22T08:50:41+0200 lvl=eror msg=Connect                                 Could not connect to=127.0.0.1:41928 error="CRYPTO_ERROR 0x150 (remote): tls: internal error"
        t=2026-09-22T08:50:41+0200 lvl=warn msg=SendRawData                             couldn't send to=127.0.0.1:41928 error="CRYPTO_ERROR 0x150 (remote): tls: internal error"
        t=2026-09-22T08:50:41+0200 lvl=eror msg=Connect                                 Could not connect to=127.0.0.1:41928 error="CRYPTO_ERROR 0x150 (remote): tls: internal error"
        t=2026-09-22T08:50:41+0200 lvl=warn msg=SendRawData                             couldn't send to=127.0.0.1:41928 error="CRYPTO_ERROR 0x150 (remote): tls: internal error"
        t=2026-09-22T08:50:41+0200 lvl=eror msg=Connect                                 Could not connect to=127.0.0.1:41928 error="CRYPTO_ERROR 0x150 (remote): tls: internal error"
        t=2026-09-22T08:50:41+0200 lvl=warn msg=SendRawData                             couldn't send to=127.0.0.1:41928 error="CRYPTO_ERROR 0x150 (remote): tls: internal error"
        t=2026-09-22T08:50:41+0200 lvl=eror msg=Connect                                 Could not connect to=127.0.0.1:41928 error="CRYPTO_ERROR 0x150 (remote): tls: internal error"
        t=2026-09-22T08:50:41+0200 lvl=warn msg=SendRawData                             couldn't send to=127.0.0.1:41928 error="CRYPTO_ERROR 0x150 (remote): tls: internal error"
        t=2026-09-22T08:50:41+0200 lvl=eror msg=Connect                                 Could not connect to=127.0.0.1:41928 error="CRYPTO_ERROR 0x150 (remote): tls: internal error"
        t=2026-09-22T08:50:41+0200 lvl=warn msg=SendRawData                             couldn't send to=127.0.0.1:41928 error="CRYPTO_ERROR 0x150 (remote): tls: internal error"
        t=2026-09-22T08:50:41+0200 lvl=eror msg=Connect                                 Could not connect to=127.0.0.1:41928 error="CRYPTO_ERROR 0x150 (remote): tls: internal error"
        t=2026-09-22T08:50:41+0200 lvl=warn msg=SendRawData                             couldn't send to=127.0.0.1:41928 error="CRYPTO_ERROR 0x150 (remote): tls: internal error"
        t=2026-09-22T08:50:41+0200 lvl=warn msg=GetBlockByNumer                         number=1
        t=2026-09-22T08:50:41+0200 lvl=warn msg=GetBlockByNumer                         number=1
        t=2026-09-22T08:50:41+0200 lvl=warn msg=GetBlockByNumer                         number=47
        t=2026-09-22T08:50:42+0200 lvl=warn msg=GetBlockByNumer                         number=1
        t=2026-09-22T08:50:42+0200 lvl=warn msg=GetBlockByNumer                         number=47
        t=2026-09-22T08:50:45+0200 lvl=warn msg="HOTSTUFF RECOVERY resend NewView"      number=49 viewID=0xb8e12e0a189ac1e6d0891104fd6036c35c6d47a1665ca9e3da75cbe01bae76ea to=127.0.0.1:41928
        t=2026-09-22T08:50:50+0200 lvl=warn msg="HOTSTUFF RECOVERY resend NewView"      number=49 viewID=0xb8e12e0a189ac1e6d0891104fd6036c35c6d47a1665ca9e3da75cbe01bae76ea to=127.0.0.1:41928
        t=2026-09-22T08:50:55+0200 lvl=warn msg="HOTSTUFF RECOVERY resend NewView"      number=49 viewID=0xb8e12e0a189ac1e6d0891104fd6036c35c6d47a1665ca9e3da75cbe01bae76ea to=127.0.0.1:41928
        t=2026-09-22T08:51:00+0200 lvl=warn msg="HOTSTUFF RECOVERY resend NewView"      number=49 viewID=0xb8e12e0a189ac1e6d0891104fd6036c35c6d47a1665ca9e3da75cbe01bae76ea to=127.0.0.1:41928
        t=2026-09-22T08:51:05+0200 lvl=warn msg="HOTSTUFF RECOVERY resend NewView"      number=49 viewID=0xb8e12e0a189ac1e6d0891104fd6036c35c6d47a1665ca9e3da75cbe01bae76ea to=127.0.0.1:41928
        t=2026-09-22T08:51:10+0200 lvl=warn msg="HOTSTUFF RECOVERY resend NewView"      number=49 viewID=0xb8e12e0a189ac1e6d0891104fd6036c35c6d47a1665ca9e3da75cbe01bae76ea to=127.0.0.1:41928
        t=2026-09-22T08:51:15+0200 lvl=warn msg="HOTSTUFF RECOVERY resend NewView"      number=49 viewID=0xb8e12e0a189ac1e6d0891104fd6036c35c6d47a1665ca9e3da75cbe01bae76ea to=127.0.0.1:41928
        t=2026-09-22T08:51:20+0200 lvl=warn msg="HOTSTUFF RECOVERY resend NewView"      number=49 viewID=0xb8e12e0a189ac1e6d0891104fd6036c35c6d47a1665ca9e3da75cbe01bae76ea to=127.0.0.1:41928
        t=2026-09-22T08:51:22+0200 lvl=info msg="HOTSTUFF PROPOSAL MANIFEST stored"     from=127.0.0.1:41928 number=49 proposalID=0x902e493a6ebeda8b022f8ecd18826c1e03e748686af8ba2b7f5f0091f50d5620 manifestBytes=1219 missing=0 bodyBytes=1557
        t=2026-09-22T08:51:22+0200 lvl=info msg="HOTSTUFF PROPOSAL MANIFEST stored"     from=127.0.0.1:57323 number=50 proposalID=0x1b2ec4b836d39c04fe911c6c8a792d2f62a88fa586075e156c57a3dac359dc5c manifestBytes=830  missing=0 bodyBytes=830
        t=2026-09-22T08:51:23+0200 lvl=info msg="HOTSTUFF PROPOSAL MANIFEST stored"     from=127.0.0.1:41928 number=51 proposalID=0x062bad1ac9157aa3c08914b872571efb0b1bf1ce87743101241acd14b3287520 manifestBytes=1219 missing=0 bodyBytes=1653
        t=2026-09-22T08:51:23+0200 lvl=info msg="HOTSTUFF PROPOSAL MANIFEST stored"     from=127.0.0.1:41928 number=52 proposalID=0x43911f4dee6fde72132fd23b634a257380ff3895897ca35ee294e03ddb00f598 manifestBytes=830  missing=0 bodyBytes=830
        t=2026-09-22T08:51:24+0200 lvl=info msg="HOTSTUFF PROPOSAL MANIFEST stored"     from=127.0.0.1:39412 number=53 proposalID=0xe5546cb6cb3b756baa120986c9a05168e27be4860ca33b2d275b1c1cbcc766a6 manifestBytes=1219 missing=0 bodyBytes=1653
        t=2026-09-22T08:51:24+0200 lvl=info msg="HOTSTUFF PROPOSAL MANIFEST stored"     from=127.0.0.1:53531 number=54 proposalID=0xd9bffd45a08b89db377c8c1324bf075e0a512794375bdf5cb57ea98e6597d40f manifestBytes=830  missing=0 bodyBytes=830
        t=2026-09-22T08:51:25+0200 lvl=warn msg="reject new-view before storage"        from=127.0.0.1:53531 viewID=0xa9c76fa2d882d3f644da3755c7351fa9cac2be949d82f64838b42961580ee1e1 err="hotstuff proposal validation pending"
        t=2026-09-22T08:51:25+0200 lvl=info msg="HOTSTUFF PROPOSAL REF"                 number=55 viewID=0xa9c76fa2d882d3f644da3755c7351fa9cac2be949d82f64838b42961580ee1e1 proposalID=0xe1410f6f8958cae89622e961b8a414498a2b134d0f46610789eddab629b0574c blockHash=0x6d8dc126075703091229ecdedaeb8895dd032cef6453bf3be81c43dc03a65ce9 bodyHash=0xb187afa42c90a6c3a3fa2c9697f5b5c8536cbb910f9b7ffb3cca2635d4840427 bodySize=1653 refBytes=442
        t=2026-09-22T08:51:26+0200 lvl=info msg="HOTSTUFF PROPOSAL MANIFEST stored"     from=127.0.0.1:40399 number=56 proposalID=0xefae8e785d3b3eabb160987486d6c10b1c0ae6acb2fe21749c8885b6ee02ff93 manifestBytes=830  missing=0 bodyBytes=830
        t=2026-09-22T08:51:26+0200 lvl=info msg="HOTSTUFF PROPOSAL MANIFEST stored"     from=127.0.0.1:41928 number=57 proposalID=0xe9c0404fd32fbc8b2bfdf9fa7ea06351bcba5a11379bc1f7396408dbbcf46d13 manifestBytes=1219 missing=0 bodyBytes=1653
        t=2026-09-22T08:51:26+0200 lvl=warn msg="HandleConn drops connection: closed"   address=127.0.0.1:47103 remot=127.0.0.1:41928
        t=2026-09-22T08:51:27+0200 lvl=info msg="HOTSTUFF PROPOSAL MANIFEST stored"     from=127.0.0.1:40399 number=58 proposalID=0xcda4e24f7c2d75106fe995f3e2088561a1950cd1338b8106567470659e0bbab2 manifestBytes=830  missing=0 bodyBytes=830
        t=2026-09-22T08:51:28+0200 lvl=info msg="HOTSTUFF PROPOSAL MANIFEST stored"     from=127.0.0.1:40399 number=59 proposalID=0xba526793c37ee7c9264782e5cb559ac5f3d111df6aa760001fc717dd1c21b8df manifestBytes=1219 missing=0 bodyBytes=1653
        t=2026-09-22T08:51:28+0200 lvl=info msg="HOTSTUFF PROPOSAL MANIFEST stored"     from=127.0.0.1:39412 number=60 proposalID=0x7bc02b072b4d5ffd0b9d77ef3a36f215731e863bf91d34c3cc1c145985395c53 manifestBytes=830  missing=0 bodyBytes=830
        t=2026-09-22T08:51:28+0200 lvl=warn msg="HandleConn drops connection: closed"   address=127.0.0.1:47103 remot=127.0.0.1:39412
        t=2026-09-22T08:51:28+0200 lvl=info msg="HOTSTUFF PROPOSAL MANIFEST stored"     from=127.0.0.1:39412 number=61 proposalID=0x9f107bf609781631d9dfe7016a50c645e36af59d32eb7eda27d145323cd95293 manifestBytes=1219 missing=0 bodyBytes=1653
        t=2026-09-22T08:51:29+0200 lvl=info msg="HOTSTUFF PROPOSAL MANIFEST stored"     from=127.0.0.1:57323 number=62 proposalID=0xf6d3a10045f3376fb479d0f20a134b04107b973a9058de00fc20afa2cdbd938c manifestBytes=830  missing=0 bodyBytes=830
        t=2026-09-22T08:51:29+0200 lvl=warn msg="HandleConn drops connection: closed"   address=127.0.0.1:47103 remot=127.0.0.1:57323
        t=2026-09-22T08:51:29+0200 lvl=info msg="HOTSTUFF PROPOSAL MANIFEST stored"     from=127.0.0.1:57323 number=62 proposalID=0xf6d3a10045f3376fb479d0f20a134b04107b973a9058de00fc20afa2cdbd938c manifestBytes=830  missing=0 bodyBytes=830
        t=2026-09-22T08:51:29+0200 lvl=info msg="HOTSTUFF PROPOSAL MANIFEST stored"     from=127.0.0.1:57323 number=63 proposalID=0x161f995d111aafe898b33981c725b8594aae496f6b93dad8ce8544db70dc1b4d manifestBytes=1219 missing=0 bodyBytes=1653
        t=2026-09-22T08:51:29+0200 lvl=info msg="HOTSTUFF PROPOSAL MANIFEST stored"     from=127.0.0.1:40399 number=64 proposalID=0x4b1962b35b6e76dcded0dbd6fcef7c5b6b21a053ab498fd8e614d65fbd308914 manifestBytes=830  missing=0 bodyBytes=830
        t=2026-09-22T08:51:30+0200 lvl=warn msg=GetBlockByNumer                         number=1
        t=2026-09-22T08:51:30+0200 lvl=warn msg=GetBlockByNumer                         number=63
        t=2026-09-22T08:51:30+0200 lvl=warn msg=GetBlockByNumer                         number=1
        t=2026-09-22T08:51:30+0200 lvl=warn msg=GetBlockByNumer                         number=63
        t=2026-09-22T08:51:30+0200 lvl=warn msg=GetBlockByNumer                         number=1
        t=2026-09-22T08:51:30+0200 lvl=warn msg=GetBlockByNumer                         number=63
    fhs_process_recovery_test.go:225: validator 945417 complete log: /tmp/fhs-process-failure-2869945658.log
    fhs_process_recovery_test.go:230: validator 945417 log tail:
        t=2026-09-22T08:50:20+0200 lvl=warn msg=GetBlockByNumer number=0
        t=2026-09-22T08:50:20+0200 lvl=warn msg=GetBlockByNumer number=1
        t=2026-09-22T08:50:20+0200 lvl=warn msg=GetBlockByNumer number=2
        t=2026-09-22T08:50:20+0200 lvl=warn msg=GetBlockByNumer number=3
        t=2026-09-22T08:50:20+0200 lvl=warn msg=GetBlockByNumer number=4
        t=2026-09-22T08:50:20+0200 lvl=warn msg=GetBlockByNumer number=5
        t=2026-09-22T08:50:20+0200 lvl=warn msg=GetBlockByNumer number=6
        t=2026-09-22T08:50:20+0200 lvl=warn msg=GetBlockByNumer number=7
        t=2026-09-22T08:50:20+0200 lvl=warn msg=GetBlockByNumer number=8
        t=2026-09-22T08:50:20+0200 lvl=warn msg=GetBlockByNumer number=9
        t=2026-09-22T08:50:20+0200 lvl=warn msg=GetBlockByNumer number=10
        t=2026-09-22T08:50:20+0200 lvl=warn msg=GetBlockByNumer number=11
        t=2026-09-22T08:50:20+0200 lvl=warn msg=GetBlockByNumer number=12
        t=2026-09-22T08:50:20+0200 lvl=warn msg=GetBlockByNumer number=13
        t=2026-09-22T08:50:20+0200 lvl=warn msg=GetBlockByNumer number=14
        t=2026-09-22T08:50:20+0200 lvl=warn msg=GetBlockByNumer number=15
        t=2026-09-22T08:50:20+0200 lvl=warn msg=GetBlockByNumer number=16
        t=2026-09-22T08:50:20+0200 lvl=warn msg=GetBlockByNumer number=17
        t=2026-09-22T08:50:20+0200 lvl=warn msg=GetBlockByNumer number=18
        t=2026-09-22T08:50:20+0200 lvl=warn msg=GetBlockByNumer number=19
        t=2026-09-22T08:50:20+0200 lvl=warn msg=GetBlockByNumer number=20
        t=2026-09-22T08:50:20+0200 lvl=warn msg=GetBlockByNumer number=21
        t=2026-09-22T08:50:20+0200 lvl=warn msg=GetBlockByNumer number=22
        t=2026-09-22T08:50:20+0200 lvl=warn msg=GetBlockByNumer number=23
        t=2026-09-22T08:50:20+0200 lvl=warn msg=GetBlockByNumer number=24
        t=2026-09-22T08:50:20+0200 lvl=warn msg=GetBlockByNumer number=25
        t=2026-09-22T08:50:20+0200 lvl=warn msg=GetBlockByNumer number=26
        t=2026-09-22T08:50:20+0200 lvl=warn msg=GetBlockByNumer number=27
        t=2026-09-22T08:50:20+0200 lvl=warn msg=GetBlockByNumer number=28
        t=2026-09-22T08:50:20+0200 lvl=warn msg=GetBlockByNumer number=29
        t=2026-09-22T08:50:20+0200 lvl=warn msg=GetBlockByNumer number=30
        t=2026-09-22T08:50:20+0200 lvl=warn msg=GetBlockByNumer number=31
        t=2026-09-22T08:50:20+0200 lvl=warn msg=GetBlockByNumer number=32
        t=2026-09-22T08:50:20+0200 lvl=warn msg=GetBlockByNumer number=33
        t=2026-09-22T08:50:20+0200 lvl=warn msg=GetBlockByNumer number=34
        t=2026-09-22T08:50:20+0200 lvl=warn msg=GetBlockByNumer number=35
        t=2026-09-22T08:50:20+0200 lvl=warn msg=GetBlockByNumer number=36
        t=2026-09-22T08:50:20+0200 lvl=warn msg=GetBlockByNumer number=37
        t=2026-09-22T08:50:20+0200 lvl=warn msg=GetBlockByNumer number=38
        t=2026-09-22T08:50:20+0200 lvl=warn msg=GetBlockByNumer number=39
        t=2026-09-22T08:50:20+0200 lvl=warn msg=GetBlockByNumer number=40
        t=2026-09-22T08:50:20+0200 lvl=warn msg=GetBlockByNumer number=41
        t=2026-09-22T08:50:20+0200 lvl=warn msg=GetBlockByNumer number=42
        t=2026-09-22T08:50:20+0200 lvl=warn msg=GetBlockByNumer number=43
        t=2026-09-22T08:50:20+0200 lvl=warn msg=GetBlockByNumer number=44
        t=2026-09-22T08:50:20+0200 lvl=warn msg=GetBlockByNumer number=45
        t=2026-09-22T08:50:20+0200 lvl=warn msg=GetBlockByNumer number=46
        t=2026-09-22T08:50:20+0200 lvl=warn msg=GetBlockByNumer number=47
        t=2026-09-22T08:50:20+0200 lvl=warn msg=GetBlockByNumer number=1
        t=2026-09-22T08:50:20+0200 lvl=warn msg=GetBlockByNumer number=2
        t=2026-09-22T08:50:20+0200 lvl=warn msg=GetBlockByNumer number=3
        t=2026-09-22T08:50:20+0200 lvl=warn msg=GetBlockByNumer number=4
        t=2026-09-22T08:50:20+0200 lvl=warn msg=GetBlockByNumer number=5
        t=2026-09-22T08:50:20+0200 lvl=warn msg=GetBlockByNumer number=6
        t=2026-09-22T08:50:20+0200 lvl=warn msg=GetBlockByNumer number=7
        t=2026-09-22T08:50:20+0200 lvl=warn msg=GetBlockByNumer number=8
        t=2026-09-22T08:50:20+0200 lvl=warn msg=GetBlockByNumer number=9
        t=2026-09-22T08:50:20+0200 lvl=warn msg=GetBlockByNumer number=10
        t=2026-09-22T08:50:20+0200 lvl=warn msg=GetBlockByNumer number=11
        t=2026-09-22T08:50:20+0200 lvl=warn msg=GetBlockByNumer number=12
        t=2026-09-22T08:50:20+0200 lvl=warn msg=GetBlockByNumer number=13
        t=2026-09-22T08:50:20+0200 lvl=warn msg=GetBlockByNumer number=14
        t=2026-09-22T08:50:20+0200 lvl=warn msg=GetBlockByNumer number=15
        t=2026-09-22T08:50:20+0200 lvl=warn msg=GetBlockByNumer number=16
        t=2026-09-22T08:50:20+0200 lvl=warn msg=GetBlockByNumer number=17
        t=2026-09-22T08:50:20+0200 lvl=warn msg=GetBlockByNumer number=18
        t=2026-09-22T08:50:20+0200 lvl=warn msg=GetBlockByNumer number=19
        t=2026-09-22T08:50:20+0200 lvl=warn msg=GetBlockByNumer number=20
        t=2026-09-22T08:50:20+0200 lvl=warn msg=GetBlockByNumer number=21
        t=2026-09-22T08:50:20+0200 lvl=warn msg=GetBlockByNumer number=22
        t=2026-09-22T08:50:20+0200 lvl=warn msg=GetBlockByNumer number=23
        t=2026-09-22T08:50:20+0200 lvl=warn msg=GetBlockByNumer number=24
        t=2026-09-22T08:50:20+0200 lvl=warn msg=GetBlockByNumer number=25
        t=2026-09-22T08:50:20+0200 lvl=warn msg=GetBlockByNumer number=26
        t=2026-09-22T08:50:20+0200 lvl=warn msg=GetBlockByNumer number=27
        t=2026-09-22T08:50:20+0200 lvl=warn msg=GetBlockByNumer number=28
        t=2026-09-22T08:50:20+0200 lvl=warn msg=GetBlockByNumer number=29
        t=2026-09-22T08:50:20+0200 lvl=warn msg=GetBlockByNumer number=30
        t=2026-09-22T08:50:20+0200 lvl=warn msg=GetBlockByNumer number=31
        t=2026-09-22T08:50:20+0200 lvl=warn msg=GetBlockByNumer number=32
        t=2026-09-22T08:50:20+0200 lvl=warn msg=GetBlockByNumer number=33
        t=2026-09-22T08:50:20+0200 lvl=warn msg=GetBlockByNumer number=34
        t=2026-09-22T08:50:20+0200 lvl=warn msg=GetBlockByNumer number=35
        t=2026-09-22T08:50:20+0200 lvl=warn msg=GetBlockByNumer number=36
        t=2026-09-22T08:50:20+0200 lvl=warn msg=GetBlockByNumer number=37
        t=2026-09-22T08:50:20+0200 lvl=warn msg=GetBlockByNumer number=38
        t=2026-09-22T08:50:20+0200 lvl=warn msg=GetBlockByNumer number=39
        t=2026-09-22T08:50:20+0200 lvl=warn msg=GetBlockByNumer number=40
        t=2026-09-22T08:50:20+0200 lvl=warn msg=GetBlockByNumer number=41
        t=2026-09-22T08:50:20+0200 lvl=warn msg=GetBlockByNumer number=42
        t=2026-09-22T08:50:20+0200 lvl=warn msg=GetBlockByNumer number=43
        t=2026-09-22T08:50:20+0200 lvl=warn msg=GetBlockByNumer number=44
        t=2026-09-22T08:50:20+0200 lvl=warn msg=GetBlockByNumer number=45
        t=2026-09-22T08:50:20+0200 lvl=warn msg=GetBlockByNumer number=46
        t=2026-09-22T08:50:20+0200 lvl=warn msg=GetBlockByNumer number=47
        t=2026-09-22T08:50:20+0200 lvl=warn msg="Failed to load snapshot, regenerating" err="missing or corrupted snapshot journal"
        t=2026-09-22T08:50:20+0200 lvl=warn msg=GetBlockByNumer                         number=1
        t=2026-09-22T08:50:40+0200 lvl=warn msg=GetBlockByNumer                         number=1
        t=2026-09-22T08:50:40+0200 lvl=warn msg=GetBlockByNumer                         number=47
        t=2026-09-22T08:50:40+0200 lvl=warn msg=GetBlockByNumer                         number=1
        t=2026-09-22T08:50:40+0200 lvl=eror msg=Connect                                 Could not connect to=127.0.0.1:47103 error="CRYPTO_ERROR 0x150 (remote): tls: internal error"
        t=2026-09-22T08:50:40+0200 lvl=eror msg=Connect                                 Could not connect to=127.0.0.1:40399 error="CRYPTO_ERROR 0x150 (remote): tls: internal error"
        t=2026-09-22T08:50:40+0200 lvl=eror msg=Connect                                 Could not connect to=127.0.0.1:41928 error="CRYPTO_ERROR 0x150 (remote): tls: internal error"
        t=2026-09-22T08:50:40+0200 lvl=warn msg=SendRawData                             couldn't send to=127.0.0.1:41928 error="CRYPTO_ERROR 0x150 (remote): tls: internal error"
        t=2026-09-22T08:50:40+0200 lvl=eror msg=Connect                                 Could not connect to=127.0.0.1:44623 error="CRYPTO_ERROR 0x150 (remote): tls: internal error"
        t=2026-09-22T08:50:40+0200 lvl=eror msg=Connect                                 Could not connect to=127.0.0.1:41928 error="CRYPTO_ERROR 0x150 (remote): tls: internal error"
        t=2026-09-22T08:50:40+0200 lvl=eror msg=Connect                                 Could not connect to=127.0.0.1:57323 error="CRYPTO_ERROR 0x150 (remote): tls: internal error"
        t=2026-09-22T08:50:40+0200 lvl=eror msg=Connect                                 Could not connect to=127.0.0.1:41928 error="CRYPTO_ERROR 0x150 (remote): tls: internal error"
        t=2026-09-22T08:50:40+0200 lvl=warn msg=SendRawData                             couldn't send to=127.0.0.1:41928 error="CRYPTO_ERROR 0x150 (remote): tls: internal error"
        t=2026-09-22T08:50:40+0200 lvl=eror msg=Connect                                 Could not connect to=127.0.0.1:41928 error="CRYPTO_ERROR 0x150 (remote): tls: internal error"
        t=2026-09-22T08:50:40+0200 lvl=warn msg=SendRawData                             couldn't send to=127.0.0.1:41928 error="CRYPTO_ERROR 0x150 (remote): tls: internal error"
        t=2026-09-22T08:50:41+0200 lvl=eror msg=Connect                                 Could not connect to=127.0.0.1:41928 error="CRYPTO_ERROR 0x150 (remote): tls: internal error"
        t=2026-09-22T08:50:41+0200 lvl=warn msg=SendRawData                             couldn't send to=127.0.0.1:41928 error="CRYPTO_ERROR 0x150 (remote): tls: internal error"
        t=2026-09-22T08:50:41+0200 lvl=eror msg=Connect                                 Could not connect to=127.0.0.1:41928 error="CRYPTO_ERROR 0x150 (remote): tls: internal error"
        t=2026-09-22T08:50:41+0200 lvl=warn msg=SendRawData                             couldn't send to=127.0.0.1:41928 error="CRYPTO_ERROR 0x150 (remote): tls: internal error"
        t=2026-09-22T08:50:41+0200 lvl=eror msg=Connect                                 Could not connect to=127.0.0.1:41928 error="CRYPTO_ERROR 0x150 (remote): tls: internal error"
        t=2026-09-22T08:50:41+0200 lvl=warn msg=SendRawData                             couldn't send to=127.0.0.1:41928 error="CRYPTO_ERROR 0x150 (remote): tls: internal error"
        t=2026-09-22T08:50:41+0200 lvl=eror msg=Connect                                 Could not connect to=127.0.0.1:41928 error="CRYPTO_ERROR 0x150 (remote): tls: internal error"
        t=2026-09-22T08:50:41+0200 lvl=warn msg=SendRawData                             couldn't send to=127.0.0.1:41928 error="CRYPTO_ERROR 0x150 (remote): tls: internal error"
        t=2026-09-22T08:50:41+0200 lvl=eror msg=Connect                                 Could not connect to=127.0.0.1:41928 error="CRYPTO_ERROR 0x150 (remote): tls: internal error"
        t=2026-09-22T08:50:41+0200 lvl=warn msg=SendRawData                             couldn't send to=127.0.0.1:41928 error="CRYPTO_ERROR 0x150 (remote): tls: internal error"
        t=2026-09-22T08:50:41+0200 lvl=warn msg=GetBlockByNumer                         number=1
        t=2026-09-22T08:50:41+0200 lvl=warn msg=GetBlockByNumer                         number=1
        t=2026-09-22T08:50:41+0200 lvl=warn msg=GetBlockByNumer                         number=47
        t=2026-09-22T08:50:42+0200 lvl=warn msg=GetBlockByNumer                         number=1
        t=2026-09-22T08:50:42+0200 lvl=warn msg=GetBlockByNumer                         number=47
        t=2026-09-22T08:50:45+0200 lvl=warn msg="HOTSTUFF RECOVERY resend NewView"      number=49 viewID=0xb8e12e0a189ac1e6d0891104fd6036c35c6d47a1665ca9e3da75cbe01bae76ea to=127.0.0.1:41928
        t=2026-09-22T08:50:50+0200 lvl=warn msg="HOTSTUFF RECOVERY resend NewView"      number=49 viewID=0xb8e12e0a189ac1e6d0891104fd6036c35c6d47a1665ca9e3da75cbe01bae76ea to=127.0.0.1:41928
        t=2026-09-22T08:50:55+0200 lvl=warn msg="HOTSTUFF RECOVERY resend NewView"      number=49 viewID=0xb8e12e0a189ac1e6d0891104fd6036c35c6d47a1665ca9e3da75cbe01bae76ea to=127.0.0.1:41928
        t=2026-09-22T08:51:00+0200 lvl=warn msg="HOTSTUFF RECOVERY resend NewView"      number=49 viewID=0xb8e12e0a189ac1e6d0891104fd6036c35c6d47a1665ca9e3da75cbe01bae76ea to=127.0.0.1:41928
        t=2026-09-22T08:51:05+0200 lvl=warn msg="HOTSTUFF RECOVERY resend NewView"      number=49 viewID=0xb8e12e0a189ac1e6d0891104fd6036c35c6d47a1665ca9e3da75cbe01bae76ea to=127.0.0.1:41928
        t=2026-09-22T08:51:10+0200 lvl=warn msg="HOTSTUFF RECOVERY resend NewView"      number=49 viewID=0xb8e12e0a189ac1e6d0891104fd6036c35c6d47a1665ca9e3da75cbe01bae76ea to=127.0.0.1:41928
        t=2026-09-22T08:51:15+0200 lvl=warn msg="HOTSTUFF RECOVERY resend NewView"      number=49 viewID=0xb8e12e0a189ac1e6d0891104fd6036c35c6d47a1665ca9e3da75cbe01bae76ea to=127.0.0.1:41928
        t=2026-09-22T08:51:20+0200 lvl=warn msg="HOTSTUFF RECOVERY resend NewView"      number=49 viewID=0xb8e12e0a189ac1e6d0891104fd6036c35c6d47a1665ca9e3da75cbe01bae76ea to=127.0.0.1:41928
        t=2026-09-22T08:51:22+0200 lvl=info msg="HOTSTUFF PROPOSAL MANIFEST stored"     from=127.0.0.1:41928 number=49 proposalID=0x902e493a6ebeda8b022f8ecd18826c1e03e748686af8ba2b7f5f0091f50d5620 manifestBytes=1219 missing=0 bodyBytes=1557
        t=2026-09-22T08:51:22+0200 lvl=info msg="HOTSTUFF PROPOSAL MANIFEST stored"     from=127.0.0.1:57323 number=50 proposalID=0x1b2ec4b836d39c04fe911c6c8a792d2f62a88fa586075e156c57a3dac359dc5c manifestBytes=830  missing=0 bodyBytes=830
        t=2026-09-22T08:51:23+0200 lvl=info msg="HOTSTUFF PROPOSAL MANIFEST stored"     from=127.0.0.1:41928 number=51 proposalID=0x062bad1ac9157aa3c08914b872571efb0b1bf1ce87743101241acd14b3287520 manifestBytes=1219 missing=0 bodyBytes=1653
        t=2026-09-22T08:51:23+0200 lvl=info msg="HOTSTUFF PROPOSAL MANIFEST stored"     from=127.0.0.1:41928 number=52 proposalID=0x43911f4dee6fde72132fd23b634a257380ff3895897ca35ee294e03ddb00f598 manifestBytes=830  missing=0 bodyBytes=830
        t=2026-09-22T08:51:24+0200 lvl=info msg="HOTSTUFF PROPOSAL REF"                 number=53 viewID=0xd3a3b85b0ae3190b9a4a591008a6e543b25dacb04ff4005ecf9cf270443ca18e proposalID=0xe5546cb6cb3b756baa120986c9a05168e27be4860ca33b2d275b1c1cbcc766a6 blockHash=0xe5189ca87866a429cc2eddc54bb02f3acaf2877524f1ad8591c48e3ba1a8ed50 bodyHash=0x04d31de98618d67563f410f2e83b3c92969d4ef86a857320d20931fbdaff6dc2 bodySize=1653 refBytes=442
        t=2026-09-22T08:51:24+0200 lvl=info msg="HOTSTUFF PROPOSAL MANIFEST stored"     from=127.0.0.1:53531 number=54 proposalID=0xd9bffd45a08b89db377c8c1324bf075e0a512794375bdf5cb57ea98e6597d40f manifestBytes=830  missing=0 bodyBytes=830
        t=2026-09-22T08:51:25+0200 lvl=info msg="HOTSTUFF PROPOSAL MANIFEST stored"     from=127.0.0.1:47103 number=55 proposalID=0xe1410f6f8958cae89622e961b8a414498a2b134d0f46610789eddab629b0574c manifestBytes=1219 missing=0 bodyBytes=1653
        t=2026-09-22T08:51:26+0200 lvl=info msg="HOTSTUFF PROPOSAL MANIFEST stored"     from=127.0.0.1:40399 number=56 proposalID=0xefae8e785d3b3eabb160987486d6c10b1c0ae6acb2fe21749c8885b6ee02ff93 manifestBytes=830  missing=0 bodyBytes=830
        t=2026-09-22T08:51:26+0200 lvl=info msg="HOTSTUFF PROPOSAL MANIFEST stored"     from=127.0.0.1:41928 number=57 proposalID=0xe9c0404fd32fbc8b2bfdf9fa7ea06351bcba5a11379bc1f7396408dbbcf46d13 manifestBytes=1219 missing=1 bodyBytes=1653
        t=2026-09-22T08:51:27+0200 lvl=eror msg="OnPropose wait proposal body"          number=57 proposalID=0xe9c0404fd32fbc8b2bfdf9fa7ea06351bcba5a11379bc1f7396408dbbcf46d13 err="hotstuff view state too old"
        t=2026-09-22T08:51:27+0200 lvl=warn msg="HOTSTUFF PROPOSAL MANIFEST authority rejected" from=127.0.0.1:40399 leader=127.0.0.1:40399 number=58 proposalID=0xcda4e24f7c2d75106fe995f3e2088561a1950cd1338b8106567470659e0bbab2 err="proposal manifest does not match the current deterministic leader route: manifest key committee is already canonical but is not the current route"
        t=2026-09-22T08:51:27+0200 lvl=eror msg="OnPropose wait proposal body"          number=58 proposalID=0xcda4e24f7c2d75106fe995f3e2088561a1950cd1338b8106567470659e0bbab2 err="hotstuff view state too old"
        t=2026-09-22T08:51:27+0200 lvl=info msg="HOTSTUFF PROPOSAL REPAIR REQUEST"      to=127.0.0.1:40399 number=58 proposalID=0xcda4e24f7c2d75106fe995f3e2088561a1950cd1338b8106567470659e0bbab2 missing=0 attempt=0
        t=2026-09-22T08:51:27+0200 lvl=info msg="HOTSTUFF PROPOSAL MANIFEST stored"     from=127.0.0.1:40399 number=58 proposalID=0xcda4e24f7c2d75106fe995f3e2088561a1950cd1338b8106567470659e0bbab2 manifestBytes=830  missing=0 bodyBytes=830
        t=2026-09-22T08:51:28+0200 lvl=info msg="HOTSTUFF PROPOSAL MANIFEST stored"     from=127.0.0.1:40399 number=59 proposalID=0xba526793c37ee7c9264782e5cb559ac5f3d111df6aa760001fc717dd1c21b8df manifestBytes=1219 missing=0 bodyBytes=1653
        t=2026-09-22T08:51:28+0200 lvl=info msg="HOTSTUFF PROPOSAL REF"                 number=60 viewID=0x6b48ad7dc5e36ec3eca007619af281233defd9c8dc3df7f8bb71249ecb851b18 proposalID=0x7bc02b072b4d5ffd0b9d77ef3a36f215731e863bf91d34c3cc1c145985395c53 blockHash=0x4499383b6f45024b12d9528baf42d87c0146bb5d1575dc799c61c1878f29cae3 bodyHash=0x01eea41231f3c25c2f33c1a3a9a068f9eea5815f9963564677bc233f62cdd18f bodySize=830  refBytes=439
        t=2026-09-22T08:51:28+0200 lvl=info msg="HOTSTUFF PROPOSAL REF"                 number=61 viewID=0x342c0ed240157791a309898a2923fdb1f07eedeb9cf58e0dffdc55f0ab0ce881 proposalID=0x9f107bf609781631d9dfe7016a50c645e36af59d32eb7eda27d145323cd95293 blockHash=0xaa0c3e4d054568e02535d7122041e34cc2723e665846a5e7ff345a3aefb44d18 bodyHash=0xbb6dfbd1e9e3017d6154f74510778c8b3cfb077cfb494343293d2791916fc8c3 bodySize=1653 refBytes=442
        t=2026-09-22T08:51:28+0200 lvl=warn msg="Send msg try again"                    address=[::]:39412 Couldn't send to=127.0.0.1:47103 error="Operation Canceled"
        t=2026-09-22T08:51:28+0200 lvl=eror msg=CloseConnect                            =[::]:39412 having error closing conn to=127.0.0.1:34561 error="Connection Closed"
        t=2026-09-22T08:51:29+0200 lvl=info msg="HOTSTUFF PROPOSAL MANIFEST stored"     from=127.0.0.1:57323 number=62 proposalID=0xf6d3a10045f3376fb479d0f20a134b04107b973a9058de00fc20afa2cdbd938c manifestBytes=830  missing=0 bodyBytes=830
        t=2026-09-22T08:51:29+0200 lvl=info msg="HOTSTUFF PROPOSAL MANIFEST stored"     from=127.0.0.1:57323 number=63 proposalID=0x161f995d111aafe898b33981c725b8594aae496f6b93dad8ce8544db70dc1b4d manifestBytes=1219 missing=0 bodyBytes=1653
        t=2026-09-22T08:51:29+0200 lvl=warn msg="HandleConn drops connection: closed"   address=127.0.0.1:39412 remot=127.0.0.1:40399
        t=2026-09-22T08:51:29+0200 lvl=eror msg="OnPropose wait proposal body"          number=64 proposalID=0x4b1962b35b6e76dcded0dbd6fcef7c5b6b21a053ab498fd8e614d65fbd308914 err="hotstuff view state too old"
        t=2026-09-22T08:51:30+0200 lvl=info msg="HOTSTUFF PROPOSAL REPAIR REQUEST"      to=127.0.0.1:40399 number=64 proposalID=0x4b1962b35b6e76dcded0dbd6fcef7c5b6b21a053ab498fd8e614d65fbd308914 missing=0 attempt=0
        t=2026-09-22T08:51:30+0200 lvl=info msg="HOTSTUFF PROPOSAL MANIFEST stored"     from=127.0.0.1:40399 number=64 proposalID=0x4b1962b35b6e76dcded0dbd6fcef7c5b6b21a053ab498fd8e614d65fbd308914 manifestBytes=830  missing=0 bodyBytes=830
        t=2026-09-22T08:51:30+0200 lvl=warn msg=GetBlockByNumer                         number=1
        t=2026-09-22T08:51:30+0200 lvl=warn msg=GetBlockByNumer                         number=63
        t=2026-09-22T08:51:30+0200 lvl=warn msg=GetBlockByNumer                         number=1
        t=2026-09-22T08:51:30+0200 lvl=warn msg=GetBlockByNumer                         number=63
        t=2026-09-22T08:51:30+0200 lvl=warn msg=GetBlockByNumer                         number=1
        t=2026-09-22T08:51:30+0200 lvl=warn msg=GetBlockByNumer                         number=63
    fhs_process_recovery_test.go:225: validator 945343 complete log: /tmp/fhs-process-failure-1713724336.log
    fhs_process_recovery_test.go:230: validator 945343 log tail:
        t=2026-09-22T08:50:17+0200 lvl=warn msg=GetBlockByNumer number=0
        t=2026-09-22T08:50:17+0200 lvl=warn msg=GetBlockByNumer number=1
        t=2026-09-22T08:50:17+0200 lvl=warn msg=GetBlockByNumer number=2
        t=2026-09-22T08:50:17+0200 lvl=warn msg=GetBlockByNumer number=3
        t=2026-09-22T08:50:17+0200 lvl=warn msg=GetBlockByNumer number=4
        t=2026-09-22T08:50:17+0200 lvl=warn msg=GetBlockByNumer number=5
        t=2026-09-22T08:50:17+0200 lvl=warn msg=GetBlockByNumer number=6
        t=2026-09-22T08:50:17+0200 lvl=warn msg=GetBlockByNumer number=7
        t=2026-09-22T08:50:17+0200 lvl=warn msg=GetBlockByNumer number=8
        t=2026-09-22T08:50:17+0200 lvl=warn msg=GetBlockByNumer number=9
        t=2026-09-22T08:50:17+0200 lvl=warn msg=GetBlockByNumer number=10
        t=2026-09-22T08:50:17+0200 lvl=warn msg=GetBlockByNumer number=11
        t=2026-09-22T08:50:17+0200 lvl=warn msg=GetBlockByNumer number=12
        t=2026-09-22T08:50:17+0200 lvl=warn msg=GetBlockByNumer number=13
        t=2026-09-22T08:50:17+0200 lvl=warn msg=GetBlockByNumer number=14
        t=2026-09-22T08:50:17+0200 lvl=warn msg=GetBlockByNumer number=15
        t=2026-09-22T08:50:17+0200 lvl=warn msg=GetBlockByNumer number=16
        t=2026-09-22T08:50:17+0200 lvl=warn msg=GetBlockByNumer number=17
        t=2026-09-22T08:50:17+0200 lvl=warn msg=GetBlockByNumer number=18
        t=2026-09-22T08:50:17+0200 lvl=warn msg=GetBlockByNumer number=19
        t=2026-09-22T08:50:17+0200 lvl=warn msg=GetBlockByNumer number=20
        t=2026-09-22T08:50:17+0200 lvl=warn msg=GetBlockByNumer number=21
        t=2026-09-22T08:50:17+0200 lvl=warn msg=GetBlockByNumer number=22
        t=2026-09-22T08:50:17+0200 lvl=warn msg=GetBlockByNumer number=23
        t=2026-09-22T08:50:17+0200 lvl=warn msg=GetBlockByNumer number=24
        t=2026-09-22T08:50:17+0200 lvl=warn msg=GetBlockByNumer number=25
        t=2026-09-22T08:50:17+0200 lvl=warn msg=GetBlockByNumer number=26
        t=2026-09-22T08:50:17+0200 lvl=warn msg=GetBlockByNumer number=27
        t=2026-09-22T08:50:17+0200 lvl=warn msg=GetBlockByNumer number=28
        t=2026-09-22T08:50:17+0200 lvl=warn msg=GetBlockByNumer number=29
        t=2026-09-22T08:50:17+0200 lvl=warn msg=GetBlockByNumer number=30
        t=2026-09-22T08:50:17+0200 lvl=warn msg=GetBlockByNumer number=31
        t=2026-09-22T08:50:17+0200 lvl=warn msg=GetBlockByNumer number=32
        t=2026-09-22T08:50:17+0200 lvl=warn msg=GetBlockByNumer number=33
        t=2026-09-22T08:50:17+0200 lvl=warn msg=GetBlockByNumer number=34
        t=2026-09-22T08:50:17+0200 lvl=warn msg=GetBlockByNumer number=35
        t=2026-09-22T08:50:17+0200 lvl=warn msg=GetBlockByNumer number=36
        t=2026-09-22T08:50:17+0200 lvl=warn msg=GetBlockByNumer number=37
        t=2026-09-22T08:50:17+0200 lvl=warn msg=GetBlockByNumer number=38
        t=2026-09-22T08:50:17+0200 lvl=warn msg=GetBlockByNumer number=39
        t=2026-09-22T08:50:17+0200 lvl=warn msg=GetBlockByNumer number=40
        t=2026-09-22T08:50:17+0200 lvl=warn msg=GetBlockByNumer number=41
        t=2026-09-22T08:50:17+0200 lvl=warn msg=GetBlockByNumer number=42
        t=2026-09-22T08:50:17+0200 lvl=warn msg=GetBlockByNumer number=43
        t=2026-09-22T08:50:17+0200 lvl=warn msg=GetBlockByNumer number=44
        t=2026-09-22T08:50:17+0200 lvl=warn msg=GetBlockByNumer number=45
        t=2026-09-22T08:50:17+0200 lvl=warn msg=GetBlockByNumer number=46
        t=2026-09-22T08:50:17+0200 lvl=warn msg=GetBlockByNumer number=47
        t=2026-09-22T08:50:17+0200 lvl=warn msg=GetBlockByNumer number=1
        t=2026-09-22T08:50:17+0200 lvl=warn msg=GetBlockByNumer number=2
        t=2026-09-22T08:50:17+0200 lvl=warn msg=GetBlockByNumer number=3
        t=2026-09-22T08:50:17+0200 lvl=warn msg=GetBlockByNumer number=4
        t=2026-09-22T08:50:17+0200 lvl=warn msg=GetBlockByNumer number=5
        t=2026-09-22T08:50:17+0200 lvl=warn msg=GetBlockByNumer number=6
        t=2026-09-22T08:50:17+0200 lvl=warn msg=GetBlockByNumer number=7
        t=2026-09-22T08:50:17+0200 lvl=warn msg=GetBlockByNumer number=8
        t=2026-09-22T08:50:17+0200 lvl=warn msg=GetBlockByNumer number=9
        t=2026-09-22T08:50:17+0200 lvl=warn msg=GetBlockByNumer number=10
        t=2026-09-22T08:50:17+0200 lvl=warn msg=GetBlockByNumer number=11
        t=2026-09-22T08:50:17+0200 lvl=warn msg=GetBlockByNumer number=12
        t=2026-09-22T08:50:17+0200 lvl=warn msg=GetBlockByNumer number=13
        t=2026-09-22T08:50:17+0200 lvl=warn msg=GetBlockByNumer number=14
        t=2026-09-22T08:50:17+0200 lvl=warn msg=GetBlockByNumer number=15
        t=2026-09-22T08:50:17+0200 lvl=warn msg=GetBlockByNumer number=16
        t=2026-09-22T08:50:17+0200 lvl=warn msg=GetBlockByNumer number=17
        t=2026-09-22T08:50:17+0200 lvl=warn msg=GetBlockByNumer number=18
        t=2026-09-22T08:50:17+0200 lvl=warn msg=GetBlockByNumer number=19
        t=2026-09-22T08:50:17+0200 lvl=warn msg=GetBlockByNumer number=20
        t=2026-09-22T08:50:17+0200 lvl=warn msg=GetBlockByNumer number=21
        t=2026-09-22T08:50:17+0200 lvl=warn msg=GetBlockByNumer number=22
        t=2026-09-22T08:50:17+0200 lvl=warn msg=GetBlockByNumer number=23
        t=2026-09-22T08:50:17+0200 lvl=warn msg=GetBlockByNumer number=24
        t=2026-09-22T08:50:17+0200 lvl=warn msg=GetBlockByNumer number=25
        t=2026-09-22T08:50:17+0200 lvl=warn msg=GetBlockByNumer number=26
        t=2026-09-22T08:50:17+0200 lvl=warn msg=GetBlockByNumer number=27
        t=2026-09-22T08:50:17+0200 lvl=warn msg=GetBlockByNumer number=28
        t=2026-09-22T08:50:17+0200 lvl=warn msg=GetBlockByNumer number=29
        t=2026-09-22T08:50:17+0200 lvl=warn msg=GetBlockByNumer number=30
        t=2026-09-22T08:50:17+0200 lvl=warn msg=GetBlockByNumer number=31
        t=2026-09-22T08:50:17+0200 lvl=warn msg=GetBlockByNumer number=32
        t=2026-09-22T08:50:17+0200 lvl=warn msg=GetBlockByNumer number=33
        t=2026-09-22T08:50:17+0200 lvl=warn msg=GetBlockByNumer number=34
        t=2026-09-22T08:50:17+0200 lvl=warn msg=GetBlockByNumer number=35
        t=2026-09-22T08:50:17+0200 lvl=warn msg=GetBlockByNumer number=36
        t=2026-09-22T08:50:17+0200 lvl=warn msg=GetBlockByNumer number=37
        t=2026-09-22T08:50:17+0200 lvl=warn msg=GetBlockByNumer number=38
        t=2026-09-22T08:50:17+0200 lvl=warn msg=GetBlockByNumer number=39
        t=2026-09-22T08:50:17+0200 lvl=warn msg=GetBlockByNumer number=40
        t=2026-09-22T08:50:17+0200 lvl=warn msg=GetBlockByNumer number=41
        t=2026-09-22T08:50:17+0200 lvl=warn msg=GetBlockByNumer number=42
        t=2026-09-22T08:50:17+0200 lvl=warn msg=GetBlockByNumer number=43
        t=2026-09-22T08:50:17+0200 lvl=warn msg=GetBlockByNumer number=44
        t=2026-09-22T08:50:17+0200 lvl=warn msg=GetBlockByNumer number=45
        t=2026-09-22T08:50:17+0200 lvl=warn msg=GetBlockByNumer number=46
        t=2026-09-22T08:50:17+0200 lvl=warn msg=GetBlockByNumer number=47
        t=2026-09-22T08:50:17+0200 lvl=warn msg="Failed to load snapshot, regenerating" err="missing or corrupted snapshot journal"
        t=2026-09-22T08:50:17+0200 lvl=warn msg=GetBlockByNumer                         number=1
        t=2026-09-22T08:50:40+0200 lvl=warn msg=GetBlockByNumer                         number=1
        t=2026-09-22T08:50:40+0200 lvl=warn msg=GetBlockByNumer                         number=47
        t=2026-09-22T08:50:40+0200 lvl=warn msg=GetBlockByNumer                         number=1
        t=2026-09-22T08:50:40+0200 lvl=eror msg=Connect                                 Could not connect to=127.0.0.1:39412 error="CRYPTO_ERROR 0x150 (remote): tls: internal error"
        t=2026-09-22T08:50:40+0200 lvl=eror msg=Connect                                 Could not connect to=127.0.0.1:57323 error="CRYPTO_ERROR 0x150 (remote): tls: internal error"
        t=2026-09-22T08:50:40+0200 lvl=eror msg=Connect                                 Could not connect to=127.0.0.1:41928 error="CRYPTO_ERROR 0x150 (remote): tls: internal error"
        t=2026-09-22T08:50:40+0200 lvl=eror msg=Connect                                 Could not connect to=127.0.0.1:44623 error="CRYPTO_ERROR 0x150 (remote): tls: internal error"
        t=2026-09-22T08:50:40+0200 lvl=eror msg=Connect                                 Could not connect to=127.0.0.1:41928 error="CRYPTO_ERROR 0x150 (remote): tls: internal error"
        t=2026-09-22T08:50:40+0200 lvl=warn msg=SendRawData                             couldn't send to=127.0.0.1:41928 error="CRYPTO_ERROR 0x150 (remote): tls: internal error"
        t=2026-09-22T08:50:40+0200 lvl=eror msg=Connect                                 Could not connect to=127.0.0.1:47103 error="CRYPTO_ERROR 0x150 (remote): tls: internal error"
        t=2026-09-22T08:50:40+0200 lvl=eror msg=Connect                                 Could not connect to=127.0.0.1:40399 error="CRYPTO_ERROR 0x150 (remote): tls: internal error"
        t=2026-09-22T08:50:40+0200 lvl=eror msg=Connect                                 Could not connect to=127.0.0.1:41928 error="CRYPTO_ERROR 0x150 (remote): tls: internal error"
        t=2026-09-22T08:50:40+0200 lvl=warn msg=SendRawData                             couldn't send to=127.0.0.1:41928 error="CRYPTO_ERROR 0x150 (remote): tls: internal error"
        t=2026-09-22T08:50:40+0200 lvl=eror msg=Connect                                 Could not connect to=127.0.0.1:41928 error="CRYPTO_ERROR 0x150 (remote): tls: internal error"
        t=2026-09-22T08:50:40+0200 lvl=warn msg=SendRawData                             couldn't send to=127.0.0.1:41928 error="CRYPTO_ERROR 0x150 (remote): tls: internal error"
        t=2026-09-22T08:50:40+0200 lvl=eror msg=Connect                                 Could not connect to=127.0.0.1:41928 error="CRYPTO_ERROR 0x150 (remote): tls: internal error"
        t=2026-09-22T08:50:40+0200 lvl=warn msg=SendRawData                             couldn't send to=127.0.0.1:41928 error="CRYPTO_ERROR 0x150 (remote): tls: internal error"
        t=2026-09-22T08:50:40+0200 lvl=eror msg=Connect                                 Could not connect to=127.0.0.1:41928 error="CRYPTO_ERROR 0x150 (remote): tls: internal error"
        t=2026-09-22T08:50:40+0200 lvl=warn msg=SendRawData                             couldn't send to=127.0.0.1:41928 error="CRYPTO_ERROR 0x150 (remote): tls: internal error"
        t=2026-09-22T08:50:41+0200 lvl=eror msg=Connect                                 Could not connect to=127.0.0.1:41928 error="CRYPTO_ERROR 0x150 (remote): tls: internal error"
        t=2026-09-22T08:50:41+0200 lvl=warn msg=SendRawData                             couldn't send to=127.0.0.1:41928 error="CRYPTO_ERROR 0x150 (remote): tls: internal error"
        t=2026-09-22T08:50:41+0200 lvl=eror msg=Connect                                 Could not connect to=127.0.0.1:41928 error="CRYPTO_ERROR 0x150 (remote): tls: internal error"
        t=2026-09-22T08:50:41+0200 lvl=warn msg=SendRawData                             couldn't send to=127.0.0.1:41928 error="CRYPTO_ERROR 0x150 (remote): tls: internal error"
        t=2026-09-22T08:50:41+0200 lvl=eror msg=Connect                                 Could not connect to=127.0.0.1:41928 error="CRYPTO_ERROR 0x150 (remote): tls: internal error"
        t=2026-09-22T08:50:41+0200 lvl=warn msg=SendRawData                             couldn't send to=127.0.0.1:41928 error="CRYPTO_ERROR 0x150 (remote): tls: internal error"
        t=2026-09-22T08:50:41+0200 lvl=eror msg=Connect                                 Could not connect to=127.0.0.1:41928 error="CRYPTO_ERROR 0x150 (remote): tls: internal error"
        t=2026-09-22T08:50:41+0200 lvl=warn msg=SendRawData                             couldn't send to=127.0.0.1:41928 error="CRYPTO_ERROR 0x150 (remote): tls: internal error"
        t=2026-09-22T08:50:41+0200 lvl=eror msg=Connect                                 Could not connect to=127.0.0.1:41928 error="CRYPTO_ERROR 0x150 (remote): tls: internal error"
        t=2026-09-22T08:50:41+0200 lvl=warn msg=SendRawData                             couldn't send to=127.0.0.1:41928 error="CRYPTO_ERROR 0x150 (remote): tls: internal error"
        t=2026-09-22T08:50:41+0200 lvl=eror msg=Connect                                 Could not connect to=127.0.0.1:41928 error="CRYPTO_ERROR 0x150 (remote): tls: internal error"
        t=2026-09-22T08:50:41+0200 lvl=warn msg=SendRawData                             couldn't send to=127.0.0.1:41928 error="CRYPTO_ERROR 0x150 (remote): tls: internal error"
        t=2026-09-22T08:50:41+0200 lvl=eror msg=Connect                                 Could not connect to=127.0.0.1:41928 error="CRYPTO_ERROR 0x150 (remote): tls: internal error"
        t=2026-09-22T08:50:41+0200 lvl=warn msg=SendRawData                             couldn't send to=127.0.0.1:41928 error="CRYPTO_ERROR 0x150 (remote): tls: internal error"
        t=2026-09-22T08:50:41+0200 lvl=warn msg=GetBlockByNumer                         number=1
        t=2026-09-22T08:50:41+0200 lvl=warn msg=GetBlockByNumer                         number=1
        t=2026-09-22T08:50:41+0200 lvl=warn msg=GetBlockByNumer                         number=47
        t=2026-09-22T08:50:42+0200 lvl=warn msg=GetBlockByNumer                         number=1
        t=2026-09-22T08:50:42+0200 lvl=warn msg=GetBlockByNumer                         number=47
        t=2026-09-22T08:50:42+0200 lvl=warn msg=GetBlockByNumer                         number=47
        t=2026-09-22T08:50:42+0200 lvl=warn msg=GetBlockByNumer                         number=47
        t=2026-09-22T08:50:42+0200 lvl=warn msg=GetBlockByNumer                         number=47
        t=2026-09-22T08:50:42+0200 lvl=warn msg=GetBlockByNumer                         number=47
        t=2026-09-22T08:50:42+0200 lvl=warn msg=GetBlockByNumer                         number=47
        t=2026-09-22T08:50:42+0200 lvl=warn msg=GetBlockByNumer                         number=47
        t=2026-09-22T08:50:42+0200 lvl=warn msg=GetBlockByNumer                         number=47
        t=2026-09-22T08:50:45+0200 lvl=warn msg="HOTSTUFF RECOVERY resend NewView"      number=49 viewID=0xb8e12e0a189ac1e6d0891104fd6036c35c6d47a1665ca9e3da75cbe01bae76ea to=127.0.0.1:41928
        t=2026-09-22T08:50:50+0200 lvl=warn msg="HOTSTUFF RECOVERY resend NewView"      number=49 viewID=0xb8e12e0a189ac1e6d0891104fd6036c35c6d47a1665ca9e3da75cbe01bae76ea to=127.0.0.1:41928
        t=2026-09-22T08:50:55+0200 lvl=warn msg="HOTSTUFF RECOVERY resend NewView"      number=49 viewID=0xb8e12e0a189ac1e6d0891104fd6036c35c6d47a1665ca9e3da75cbe01bae76ea to=127.0.0.1:41928
        t=2026-09-22T08:51:00+0200 lvl=warn msg="HOTSTUFF RECOVERY resend NewView"      number=49 viewID=0xb8e12e0a189ac1e6d0891104fd6036c35c6d47a1665ca9e3da75cbe01bae76ea to=127.0.0.1:41928
        t=2026-09-22T08:51:05+0200 lvl=warn msg="HOTSTUFF RECOVERY resend NewView"      number=49 viewID=0xb8e12e0a189ac1e6d0891104fd6036c35c6d47a1665ca9e3da75cbe01bae76ea to=127.0.0.1:41928
        t=2026-09-22T08:51:10+0200 lvl=warn msg="HOTSTUFF RECOVERY resend NewView"      number=49 viewID=0xb8e12e0a189ac1e6d0891104fd6036c35c6d47a1665ca9e3da75cbe01bae76ea to=127.0.0.1:41928
        t=2026-09-22T08:51:15+0200 lvl=warn msg="HOTSTUFF RECOVERY resend NewView"      number=49 viewID=0xb8e12e0a189ac1e6d0891104fd6036c35c6d47a1665ca9e3da75cbe01bae76ea to=127.0.0.1:41928
        t=2026-09-22T08:51:20+0200 lvl=warn msg="HOTSTUFF RECOVERY resend NewView"      number=49 viewID=0xb8e12e0a189ac1e6d0891104fd6036c35c6d47a1665ca9e3da75cbe01bae76ea to=127.0.0.1:41928
        t=2026-09-22T08:51:22+0200 lvl=info msg="HOTSTUFF PROPOSAL MANIFEST stored"     from=127.0.0.1:41928 number=49 proposalID=0x902e493a6ebeda8b022f8ecd18826c1e03e748686af8ba2b7f5f0091f50d5620 manifestBytes=1219 missing=0 bodyBytes=1557
        t=2026-09-22T08:51:22+0200 lvl=info msg="HOTSTUFF PROPOSAL MANIFEST stored"     from=127.0.0.1:57323 number=50 proposalID=0x1b2ec4b836d39c04fe911c6c8a792d2f62a88fa586075e156c57a3dac359dc5c manifestBytes=830  missing=0 bodyBytes=830
        t=2026-09-22T08:51:23+0200 lvl=info msg="HOTSTUFF PROPOSAL MANIFEST stored"     from=127.0.0.1:41928 number=51 proposalID=0x062bad1ac9157aa3c08914b872571efb0b1bf1ce87743101241acd14b3287520 manifestBytes=1219 missing=0 bodyBytes=1653
        t=2026-09-22T08:51:23+0200 lvl=info msg="HOTSTUFF PROPOSAL MANIFEST stored"     from=127.0.0.1:41928 number=52 proposalID=0x43911f4dee6fde72132fd23b634a257380ff3895897ca35ee294e03ddb00f598 manifestBytes=830  missing=0 bodyBytes=830
        t=2026-09-22T08:51:23+0200 lvl=warn msg="HandleConn drops connection: closed"   address=127.0.0.1:53531 remot=127.0.0.1:41928
        t=2026-09-22T08:51:24+0200 lvl=info msg="HOTSTUFF PROPOSAL MANIFEST stored"     from=127.0.0.1:39412 number=53 proposalID=0xe5546cb6cb3b756baa120986c9a05168e27be4860ca33b2d275b1c1cbcc766a6 manifestBytes=1219 missing=0 bodyBytes=1653
        t=2026-09-22T08:51:24+0200 lvl=info msg="HOTSTUFF PROPOSAL REF"                 number=54 viewID=0x46957dcba788b785cc8a058b418d1c8f0ce95fc1a9405013294b96c11d9e50c4 proposalID=0xd9bffd45a08b89db377c8c1324bf075e0a512794375bdf5cb57ea98e6597d40f blockHash=0x0656f424c9c020113f0fc5c5e76ffff8895bb042e714b56f2f67ae1aa371b218 bodyHash=0xdc568be7d7f4a5c36ff35bb5c4b16114095f7a9df1a8ffd8e737bb0be1d17e22 bodySize=830 refBytes=439
        t=2026-09-22T08:51:25+0200 lvl=warn msg="reject new-view before storage"        from=127.0.0.1:44623 viewID=0x46957dcba788b785cc8a058b418d1c8f0ce95fc1a9405013294b96c11d9e50c4 err="hotstuff view state too old"
        t=2026-09-22T08:51:25+0200 lvl=warn msg="reject new-view before storage"        from=127.0.0.1:41928 viewID=0x46957dcba788b785cc8a058b418d1c8f0ce95fc1a9405013294b96c11d9e50c4 err="hotstuff view state too old"
        t=2026-09-22T08:51:25+0200 lvl=info msg="HOTSTUFF PROPOSAL MANIFEST stored"     from=127.0.0.1:47103 number=55 proposalID=0xe1410f6f8958cae89622e961b8a414498a2b134d0f46610789eddab629b0574c manifestBytes=1219 missing=1 bodyBytes=1653
        t=2026-09-22T08:51:25+0200 lvl=eror msg="OnPropose wait proposal body"          number=55 proposalID=0xe1410f6f8958cae89622e961b8a414498a2b134d0f46610789eddab629b0574c err="hotstuff view state too old"
        t=2026-09-22T08:51:26+0200 lvl=warn msg="HOTSTUFF PROPOSAL MANIFEST authority rejected" from=127.0.0.1:40399 leader=127.0.0.1:40399 number=56 proposalID=0xefae8e785d3b3eabb160987486d6c10b1c0ae6acb2fe21749c8885b6ee02ff93 err="proposal manifest does not match the current deterministic leader route: manifest key committee is already canonical but is not the current route"
        t=2026-09-22T08:51:26+0200 lvl=info msg="HOTSTUFF PROPOSAL REPAIR REQUEST"      to=127.0.0.1:40399 number=56 proposalID=0xefae8e785d3b3eabb160987486d6c10b1c0ae6acb2fe21749c8885b6ee02ff93 missing=0 attempt=0
        t=2026-09-22T08:51:26+0200 lvl=info msg="HOTSTUFF PROPOSAL MANIFEST stored"     from=127.0.0.1:40399 number=56 proposalID=0xefae8e785d3b3eabb160987486d6c10b1c0ae6acb2fe21749c8885b6ee02ff93 manifestBytes=830  missing=0 bodyBytes=830
        t=2026-09-22T08:51:26+0200 lvl=info msg="HOTSTUFF PROPOSAL MANIFEST stored"     from=127.0.0.1:41928 number=57 proposalID=0xe9c0404fd32fbc8b2bfdf9fa7ea06351bcba5a11379bc1f7396408dbbcf46d13 manifestBytes=1219 missing=1 bodyBytes=1653
        t=2026-09-22T08:51:27+0200 lvl=eror msg="OnPropose wait proposal body"          number=57 proposalID=0xe9c0404fd32fbc8b2bfdf9fa7ea06351bcba5a11379bc1f7396408dbbcf46d13 err="hotstuff view state too old"
        t=2026-09-22T08:51:27+0200 lvl=warn msg="HOTSTUFF PROPOSAL MANIFEST authority rejected" from=127.0.0.1:40399 leader=127.0.0.1:40399 number=58 proposalID=0xcda4e24f7c2d75106fe995f3e2088561a1950cd1338b8106567470659e0bbab2 err="proposal manifest does not match the current deterministic leader route: manifest key committee is already canonical but is not the current route"
        t=2026-09-22T08:51:27+0200 lvl=eror msg="OnPropose wait proposal body"          number=58 proposalID=0xcda4e24f7c2d75106fe995f3e2088561a1950cd1338b8106567470659e0bbab2 err="hotstuff view state too old"
        t=2026-09-22T08:51:27+0200 lvl=info msg="HOTSTUFF PROPOSAL REPAIR REQUEST"      to=127.0.0.1:40399 number=58 proposalID=0xcda4e24f7c2d75106fe995f3e2088561a1950cd1338b8106567470659e0bbab2 missing=0 attempt=0
        t=2026-09-22T08:51:27+0200 lvl=info msg="HOTSTUFF PROPOSAL MANIFEST stored"     from=127.0.0.1:40399 number=58 proposalID=0xcda4e24f7c2d75106fe995f3e2088561a1950cd1338b8106567470659e0bbab2 manifestBytes=830  missing=0 bodyBytes=830
        t=2026-09-22T08:51:27+0200 lvl=warn msg="HandleConn drops connection: closed"   address=127.0.0.1:53531 remot=127.0.0.1:40399
        t=2026-09-22T08:51:27+0200 lvl=info msg="HOTSTUFF PROPOSAL MANIFEST stored"     from=127.0.0.1:40399 number=58 proposalID=0xcda4e24f7c2d75106fe995f3e2088561a1950cd1338b8106567470659e0bbab2 manifestBytes=830  missing=0 bodyBytes=830
        t=2026-09-22T08:51:28+0200 lvl=info msg="HOTSTUFF PROPOSAL MANIFEST stored"     from=127.0.0.1:40399 number=59 proposalID=0xba526793c37ee7c9264782e5cb559ac5f3d111df6aa760001fc717dd1c21b8df manifestBytes=1219 missing=0 bodyBytes=1653
        t=2026-09-22T08:51:28+0200 lvl=info msg="HOTSTUFF PROPOSAL MANIFEST stored"     from=127.0.0.1:39412 number=60 proposalID=0x7bc02b072b4d5ffd0b9d77ef3a36f215731e863bf91d34c3cc1c145985395c53 manifestBytes=830  missing=0 bodyBytes=830
        t=2026-09-22T08:51:28+0200 lvl=info msg="HOTSTUFF PROPOSAL MANIFEST stored"     from=127.0.0.1:39412 number=61 proposalID=0x9f107bf609781631d9dfe7016a50c645e36af59d32eb7eda27d145323cd95293 manifestBytes=1219 missing=0 bodyBytes=1653
        t=2026-09-22T08:51:29+0200 lvl=info msg="HOTSTUFF PROPOSAL MANIFEST stored"     from=127.0.0.1:57323 number=62 proposalID=0xf6d3a10045f3376fb479d0f20a134b04107b973a9058de00fc20afa2cdbd938c manifestBytes=830  missing=0 bodyBytes=830
        t=2026-09-22T08:51:29+0200 lvl=info msg="HOTSTUFF PROPOSAL MANIFEST stored"     from=127.0.0.1:57323 number=63 proposalID=0x161f995d111aafe898b33981c725b8594aae496f6b93dad8ce8544db70dc1b4d manifestBytes=1219 missing=0 bodyBytes=1653
        t=2026-09-22T08:51:29+0200 lvl=info msg="HOTSTUFF PROPOSAL MANIFEST stored"     from=127.0.0.1:40399 number=64 proposalID=0x4b1962b35b6e76dcded0dbd6fcef7c5b6b21a053ab498fd8e614d65fbd308914 manifestBytes=830  missing=0 bodyBytes=830
        t=2026-09-22T08:51:30+0200 lvl=warn msg=GetBlockByNumer                         number=1
        t=2026-09-22T08:51:30+0200 lvl=warn msg=GetBlockByNumer                         number=63
        t=2026-09-22T08:51:30+0200 lvl=warn msg=GetBlockByNumer                         number=1
        t=2026-09-22T08:51:30+0200 lvl=warn msg=GetBlockByNumer                         number=63
        t=2026-09-22T08:51:30+0200 lvl=warn msg=GetBlockByNumer                         number=63
        t=2026-09-22T08:51:30+0200 lvl=warn msg=GetBlockByNumer                         number=63
        t=2026-09-22T08:51:30+0200 lvl=warn msg=GetBlockByNumer                         number=63
        t=2026-09-22T08:51:30+0200 lvl=warn msg=GetBlockByNumer                         number=63
        t=2026-09-22T08:51:30+0200 lvl=warn msg=GetBlockByNumer                         number=63
        t=2026-09-22T08:51:30+0200 lvl=warn msg=GetBlockByNumer                         number=63
        t=2026-09-22T08:51:30+0200 lvl=warn msg=GetBlockByNumer                         number=63
        t=2026-09-22T08:51:30+0200 lvl=warn msg=GetBlockByNumer                         number=63
        t=2026-09-22T08:51:30+0200 lvl=warn msg=GetBlockByNumer                         number=63
        t=2026-09-22T08:51:30+0200 lvl=warn msg=GetBlockByNumer                         number=63
        t=2026-09-22T08:51:30+0200 lvl=warn msg=GetBlockByNumer                         number=63
        t=2026-09-22T08:51:30+0200 lvl=warn msg=GetBlockByNumer                         number=63
        t=2026-09-22T08:51:30+0200 lvl=warn msg=GetBlockByNumer                         number=63
        t=2026-09-22T08:51:30+0200 lvl=warn msg=GetBlockByNumer                         number=63
        t=2026-09-22T08:51:30+0200 lvl=warn msg=GetBlockByNumer                         number=63
        t=2026-09-22T08:51:30+0200 lvl=warn msg=GetBlockByNumer                         number=1
        t=2026-09-22T08:51:30+0200 lvl=warn msg=GetBlockByNumer                         number=63
    fhs_process_recovery_test.go:225: validator 943816 complete log: /tmp/fhs-process-failure-2166061825.log
    fhs_process_recovery_test.go:230: validator 943816 log tail:
        t=2026-09-22T08:49:38+0200 lvl=warn msg=GetBlockByNumer number=0
        t=2026-09-22T08:49:38+0200 lvl=warn msg="Failed to load snapshot, regenerating" err="missing or corrupted snapshot"
        t=2026-09-22T08:49:43+0200 lvl=info msg="HOTSTUFF PROPOSAL MANIFEST stored"     from=127.0.0.1:47103 number=1 proposalID=0x903e84a9136e8695befa14c554cf97ad7116f65f849a82378edc07ed75677dbb manifestBytes=1219 missing=1 bodyBytes=1314
        t=2026-09-22T08:49:43+0200 lvl=eror msg="OnPropose wait proposal body"          number=1 proposalID=0x903e84a9136e8695befa14c554cf97ad7116f65f849a82378edc07ed75677dbb err="hotstuff view state too old"
        t=2026-09-22T08:49:43+0200 lvl=warn msg="HOTSTUFF PROPOSAL MANIFEST authority rejected" from=127.0.0.1:47103 leader=127.0.0.1:47103 number=2 proposalID=0xcda764a54f9eb5b67a9ef85bbe44a98ef3220909b1342f811110042427e12985 err="proposal manifest does not match the current deterministic leader route: manifest key committee is already canonical but is not the current route"
        t=2026-09-22T08:49:43+0200 lvl=warn msg="HandleConn drops connection: closed"   address=127.0.0.1:41928 remot=127.0.0.1:47103
        t=2026-09-22T08:49:43+0200 lvl=info msg="HOTSTUFF PROPOSAL REPAIR REQUEST"      to=127.0.0.1:47103 number=2 proposalID=0xcda764a54f9eb5b67a9ef85bbe44a98ef3220909b1342f811110042427e12985 missing=0 attempt=0
        t=2026-09-22T08:49:43+0200 lvl=info msg="HOTSTUFF PROPOSAL MANIFEST stored"     from=127.0.0.1:47103 number=2 proposalID=0xcda764a54f9eb5b67a9ef85bbe44a98ef3220909b1342f811110042427e12985 manifestBytes=830  missing=0 bodyBytes=830
        t=2026-09-22T08:49:44+0200 lvl=info msg="HOTSTUFF PROPOSAL MANIFEST stored"     from=127.0.0.1:47103 number=3 proposalID=0x397ffecb97f97f451550696a111a75c1178917a4d125f7e4f665b604b9f01a7f manifestBytes=1219 missing=1 bodyBytes=1314
        t=2026-09-22T08:49:44+0200 lvl=info msg="HOTSTUFF PROPOSAL MANIFEST stored"     from=127.0.0.1:47103 number=4 proposalID=0xa2c1b0cc4e13aecb9bdac37082d17ca9299c0d9ebd3ed883bb90fe19c29459b7 manifestBytes=830  missing=0 bodyBytes=830
        t=2026-09-22T08:49:44+0200 lvl=info msg="HOTSTUFF PROPOSAL REF"                 number=5 viewID=0x89714340f05625204ddc0472670c82adff1a5d9d669b6571ec6fc8dbe1428f69 proposalID=0xed44a56435e415196e3754a30cd40bb86f9252171250510a1fc518a2b5297b8c blockHash=0xbddf33a15ab8c31f02b03a1b485a2616dec7596c76723905e88cb5dba245d524 bodyHash=0x7e6c37fa3148744901b5fb3bffcf1e88f70726d58b96ea2ce21a745c7f3146cc bodySize=1314 refBytes=442
        t=2026-09-22T08:49:45+0200 lvl=info msg="HOTSTUFF PROPOSAL MANIFEST stored"     from=127.0.0.1:44623 number=6 proposalID=0x6f4305ba0151baad9584e17f56668312eb26bf2e077ad9e9a9c33b89b12ba2f6 manifestBytes=830  missing=0 bodyBytes=830
        t=2026-09-22T08:49:45+0200 lvl=info msg="HOTSTUFF PROPOSAL MANIFEST stored"     from=127.0.0.1:40399 number=7 proposalID=0x75bceace31736aea187cb33a8409ad52f54604023c269b3689a778ece3e08129 manifestBytes=1219 missing=0 bodyBytes=1313
        t=2026-09-22T08:49:45+0200 lvl=info msg="HOTSTUFF PROPOSAL REF"                 number=8 viewID=0x37069d18d8a8a7e30d070895b6fab0b3d1426b4c12a532add788c95f5dbbd061 proposalID=0x58891577fd91c92ee18b49074417ea909a25b63406ab49a1bdbede3f38b416f1 blockHash=0x91e18f45599da3d59af7d8cc4417280d2288c0e522a96ecc47faa49f29db2935 bodyHash=0xbb369ade66c8877bf812a5775f1109bbeed79bfb243e6d8421f6544ec050a01f bodySize=830  refBytes=439
        t=2026-09-22T08:49:45+0200 lvl=warn msg="Send msg try again"                    address=[::]:41928      Couldn't send to=127.0.0.1:47103 error="Operation Canceled"
        t=2026-09-22T08:49:45+0200 lvl=eror msg=CloseConnect                            =[::]:41928 having error closing conn to=127.0.0.1:47103 error="Connection Closed"
        t=2026-09-22T08:49:46+0200 lvl=warn msg=GetBlockByNumer                         number=1
        t=2026-09-22T08:49:46+0200 lvl=warn msg=GetBlockByNumer                         number=7
        t=2026-09-22T08:49:46+0200 lvl=warn msg=GetBlockByNumer                         number=1
        t=2026-09-22T08:49:46+0200 lvl=warn msg=GetBlockByNumer                         number=7
        t=2026-09-22T08:49:51+0200 lvl=warn msg="HOTSTUFF RECOVERY resend NewView"      number=9 viewID=0x695101ee7addaa9e0987cbb0513f9d8fd3ecfd05e50648513ccf701faacfd30c to=127.0.0.1:57323
        t=2026-09-22T08:49:54+0200 lvl=info msg="HOTSTUFF PROPOSAL MANIFEST stored"     from=127.0.0.1:57323 number=9 proposalID=0x3a3711221019ebbe6da662910968febd2b83081c671376ec06648bf2a230209e manifestBytes=1220 missing=0 bodyBytes=20250
        t=2026-09-22T08:49:54+0200 lvl=info msg="HOTSTUFF PROPOSAL REF"                 number=10 viewID=0xa8aad0cbf673577f0a8d271f108ded93885afb5dd943873f5c6abb2373b34675 proposalID=0xae37a2ce35184bbacf9c71254735a26caa8c11c0fcc77505737fec407ba7100a blockHash=0xee3cab78aa2b1e1d3f068d632f024a97e6ada1fd2ad16a232c81d5bade0cef4d bodyHash=0x0daf8ce45d809c1e2068b4dfc23534c8b096f6daf40d554b4395735266061123 bodySize=830  refBytes=439
        t=2026-09-22T08:49:54+0200 lvl=info msg="HOTSTUFF PROPOSAL MANIFEST stored"     from=127.0.0.1:53531 number=11 proposalID=0x5c2e9302e5d7fbc49320a3ad930948e63122559b859963c9572b5340b0d01140 manifestBytes=1220 missing=0 bodyBytes=3350
        t=2026-09-22T08:49:54+0200 lvl=warn msg="HandleConn drops connection: closed"   address=127.0.0.1:41928 remot=127.0.0.1:53531
        t=2026-09-22T08:49:55+0200 lvl=info msg="HOTSTUFF PROPOSAL MANIFEST stored"     from=127.0.0.1:57323 number=12 proposalID=0x28dff2bdbdf5fa74e63f351ea3b3f15d48b8501403792284238c2f9d09f0393f manifestBytes=830  missing=0 bodyBytes=830
        t=2026-09-22T08:49:55+0200 lvl=info msg="HOTSTUFF PROPOSAL MANIFEST stored"     from=127.0.0.1:40399 number=13 proposalID=0x65f54f86176aa6dd160a429e6d43d5aa5b5362bfc28b750dfc68569877301f19 manifestBytes=1220 missing=0 bodyBytes=3350
        t=2026-09-22T08:49:55+0200 lvl=warn msg="HandleConn drops connection: closed"   address=127.0.0.1:41928 remot=127.0.0.1:40399
        t=2026-09-22T08:49:55+0200 lvl=info msg="HOTSTUFF PROPOSAL MANIFEST stored"     from=127.0.0.1:44623 number=14 proposalID=0x6310b82612d607432a3f1d4ae5abc132f5ef813158b9161913bb16eb6f04aaed manifestBytes=830  missing=0 bodyBytes=830
        t=2026-09-22T08:49:56+0200 lvl=info msg="HOTSTUFF PROPOSAL REF"                 number=15 viewID=0x33e7982c2c44646e5d2b69715da110c12c8f15ed95ba82ef60e2d4ee5e34b359 proposalID=0x0fd242c915bd56f3831ee011600953ae20dc084b9d81cf18d0a65c1946193265 blockHash=0xd3ea5802f45d9c4d00d894c24abc92891051a98ddc20afbb1b4e1d1b3a82b6aa bodyHash=0xb3382a5ad162e0e7c109282328f3dd2d37c739051de8c95a6485d0cf786f5efb bodySize=3350 refBytes=442
        t=2026-09-22T08:49:56+0200 lvl=info msg="HOTSTUFF PROPOSAL MANIFEST stored"     from=127.0.0.1:40399 number=16 proposalID=0xa2c2af6814a68be8881f5c391fd42b3e124d1cf5df619793ba24cbbc245f6b03 manifestBytes=830  missing=0 bodyBytes=830
        t=2026-09-22T08:49:56+0200 lvl=warn msg="HandleConn drops connection: closed"   address=127.0.0.1:41928 remot=127.0.0.1:40399
        t=2026-09-22T08:49:56+0200 lvl=info msg="HOTSTUFF PROPOSAL MANIFEST stored"     from=127.0.0.1:40399 number=16 proposalID=0xa2c2af6814a68be8881f5c391fd42b3e124d1cf5df619793ba24cbbc245f6b03 manifestBytes=830  missing=0 bodyBytes=830
        t=2026-09-22T08:49:57+0200 lvl=info msg="HOTSTUFF PROPOSAL MANIFEST stored"     from=127.0.0.1:40399 number=17 proposalID=0x6d70d5522da5725a9f7f0be1a0056f9764e27f82d4c216d2abf1cd6645297019 manifestBytes=1220 missing=0 bodyBytes=3350
        t=2026-09-22T08:49:57+0200 lvl=info msg="HOTSTUFF PROPOSAL MANIFEST stored"     from=127.0.0.1:39412 number=18 proposalID=0x67f4044ba5ce847403cba08bb79121138266fe4fcca63e473b08466853cc348c manifestBytes=830  missing=0 bodyBytes=830
        t=2026-09-22T08:49:58+0200 lvl=info msg="HOTSTUFF PROPOSAL MANIFEST stored"     from=127.0.0.1:40399 number=19 proposalID=0x77d76962e3475436177b41f34f860a7b79545a5c7473c4c494292dd50e4719e8 manifestBytes=1220 missing=0 bodyBytes=3350
        t=2026-09-22T08:49:58+0200 lvl=info msg="HOTSTUFF PROPOSAL MANIFEST stored"     from=127.0.0.1:53531 number=20 proposalID=0x6ea97323bf4c7c0f97c4b81fd0bd2b188a5356abe13c6141cb3a5c41b89e15dc manifestBytes=830  missing=0 bodyBytes=830
        t=2026-09-22T08:49:59+0200 lvl=info msg="HOTSTUFF PROPOSAL MANIFEST stored"     from=127.0.0.1:39412 number=21 proposalID=0xa1156c60d2ac341b7b6ee678cddfeb3bb068ee1a62f1d9510ba7b13857a79f41 manifestBytes=1220 missing=0 bodyBytes=3350
        t=2026-09-22T08:49:59+0200 lvl=info msg="HOTSTUFF PROPOSAL MANIFEST stored"     from=127.0.0.1:44623 number=22 proposalID=0x15970b5ad1ae2fcd6c1aad3912f38cf9e4e62b2d272e8ff2f548854ad5ed114f manifestBytes=830  missing=0 bodyBytes=830
        t=2026-09-22T08:49:59+0200 lvl=info msg="HOTSTUFF PROPOSAL MANIFEST stored"     from=127.0.0.1:47103 number=23 proposalID=0xf03d7ce0aa0a92646376c508fbeb56858939aa9a64dd10e4058bf70dc822117e manifestBytes=1220 missing=0 bodyBytes=3350
        t=2026-09-22T08:50:00+0200 lvl=info msg="HOTSTUFF PROPOSAL MANIFEST stored"     from=127.0.0.1:47103 number=24 proposalID=0xf32e929bfa3f699f70eb170f0c8b3e194372edd30118c510542a308d208febd1 manifestBytes=830  missing=0 bodyBytes=830
        t=2026-09-22T08:50:00+0200 lvl=warn msg="HandleConn drops connection: closed"   address=127.0.0.1:41928 remot=127.0.0.1:47103
        t=2026-09-22T08:50:00+0200 lvl=info msg="HOTSTUFF PROPOSAL MANIFEST stored"     from=127.0.0.1:47103 number=24 proposalID=0xf32e929bfa3f699f70eb170f0c8b3e194372edd30118c510542a308d208febd1 manifestBytes=830  missing=0 bodyBytes=830
        t=2026-09-22T08:50:01+0200 lvl=info msg="HOTSTUFF PROPOSAL REF"                 number=25 viewID=0x95d90d1fc410414878cdc63c1abd848093ae99a852d6b5d61dd01773a5fffdc4 proposalID=0xdf1f660086d42e3f6598b39fecc5cc673efea7236e05f87cbc730748885a00e9 blockHash=0x64b1b4fe08215657588fe94bb2f0c3db3fa839def2ec4c629b30cc7a8f5d15a1 bodyHash=0x7511a05f8dafa442b4b1a11f4b80c4eedc8dce9060943b4fda8c46c4418a623a bodySize=3350 refBytes=442
        t=2026-09-22T08:50:01+0200 lvl=info msg="HOTSTUFF PROPOSAL MANIFEST stored"     from=127.0.0.1:57323 number=26 proposalID=0xf8bc0a963ca89910ace9380fc0dfc9bc00d988fa2c81f0003c6f913ad8f08589 manifestBytes=830  missing=0 bodyBytes=830
        t=2026-09-22T08:50:02+0200 lvl=info msg="HOTSTUFF PROPOSAL MANIFEST stored"     from=127.0.0.1:57323 number=27 proposalID=0x5aafceed88f2d0af196ca7eae78f509cabda3eae4d867fbfd592579d7a296386 manifestBytes=1220 missing=1 bodyBytes=3350
        t=2026-09-22T08:50:02+0200 lvl=eror msg="OnPropose wait proposal body"          number=27 proposalID=0x5aafceed88f2d0af196ca7eae78f509cabda3eae4d867fbfd592579d7a296386 err="hotstuff view state too old"
        t=2026-09-22T08:50:02+0200 lvl=warn msg="HOTSTUFF PROPOSAL MANIFEST authority rejected" from=127.0.0.1:44623 leader=127.0.0.1:44623 number=28 proposalID=0xa56f8488f4c59943cf8e180c1073ba274fac7a31b580cfc838d88fb1074f386f err="proposal manifest does not match the current deterministic leader route: manifest key committee is already canonical but is not the current route"
        t=2026-09-22T08:50:02+0200 lvl=eror msg="OnPropose wait proposal body"          number=28 proposalID=0xa56f8488f4c59943cf8e180c1073ba274fac7a31b580cfc838d88fb1074f386f err="hotstuff view state too old"
        t=2026-09-22T08:50:03+0200 lvl=info msg="HOTSTUFF PROPOSAL REPAIR REQUEST"      to=127.0.0.1:44623 number=28 proposalID=0xa56f8488f4c59943cf8e180c1073ba274fac7a31b580cfc838d88fb1074f386f missing=0 attempt=0
        t=2026-09-22T08:50:03+0200 lvl=info msg="HOTSTUFF PROPOSAL MANIFEST stored"     from=127.0.0.1:44623 number=28 proposalID=0xa56f8488f4c59943cf8e180c1073ba274fac7a31b580cfc838d88fb1074f386f manifestBytes=830  missing=0 bodyBytes=830
        t=2026-09-22T08:50:03+0200 lvl=info msg="HOTSTUFF PROPOSAL MANIFEST stored"     from=127.0.0.1:44623 number=29 proposalID=0x05fb39f52469ee98867cbd5270678e655a13bbe83cb79180cc6456889ea1f34b manifestBytes=1220 missing=0 bodyBytes=3350
        t=2026-09-22T08:50:03+0200 lvl=info msg="HOTSTUFF PROPOSAL MANIFEST stored"     from=127.0.0.1:40399 number=30 proposalID=0xd409ab5133220fe297003802a58ee2f69702d9fb44d9cb0f3a497090329e9d0a manifestBytes=830  missing=0 bodyBytes=830
        t=2026-09-22T08:50:03+0200 lvl=warn msg="HandleConn drops connection: closed"   address=127.0.0.1:41928 remot=127.0.0.1:40399
        t=2026-09-22T08:50:04+0200 lvl=info msg="HOTSTUFF PROPOSAL MANIFEST stored"     from=127.0.0.1:44623 number=31 proposalID=0x46f17dfeb63ed73c61f3fe38c67be1d1e7a7b9ea1b7c71e7ddb33fd3d86b8e91 manifestBytes=1220 missing=0 bodyBytes=3350
        t=2026-09-22T08:50:04+0200 lvl=info msg="HOTSTUFF PROPOSAL MANIFEST stored"     from=127.0.0.1:44623 number=32 proposalID=0xfb608214ad33b5ddae9352c7d690b1db4d853d474635f6de6f0cbb30299df7da manifestBytes=830  missing=0 bodyBytes=830
        t=2026-09-22T08:50:05+0200 lvl=info msg="HOTSTUFF PROPOSAL MANIFEST stored"     from=127.0.0.1:39412 number=33 proposalID=0xee1124b7f92b5b28c29067cc746b8ac51b33bd8cb02fcc869905eb0908266111 manifestBytes=1220 missing=0 bodyBytes=3350
        t=2026-09-22T08:50:05+0200 lvl=info msg="HOTSTUFF PROPOSAL MANIFEST stored"     from=127.0.0.1:39412 number=34 proposalID=0x55c008c40223de98b4ee1b0de65b3f8b49d5c770a08bfcf7ff1b46808ec332e6 manifestBytes=830  missing=0 bodyBytes=830
        t=2026-09-22T08:50:06+0200 lvl=info msg="HOTSTUFF PROPOSAL MANIFEST stored"     from=127.0.0.1:53531 number=35 proposalID=0x45f58095b83d9f8673fb466456866966c820ef065a4e972221af14388f1db1ab manifestBytes=1220 missing=0 bodyBytes=3350
        t=2026-09-22T08:50:06+0200 lvl=warn msg="HandleConn drops connection: closed"   address=127.0.0.1:41928 remot=127.0.0.1:53531
        t=2026-09-22T08:50:06+0200 lvl=info msg="HOTSTUFF PROPOSAL MANIFEST stored"     from=127.0.0.1:47103 number=36 proposalID=0xddb573543e3bf5ec3ca532758fefb971fd1948d39793aacf8aa0e5bdba40d839 manifestBytes=830  missing=0 bodyBytes=830
        t=2026-09-22T08:50:07+0200 lvl=info msg="HOTSTUFF PROPOSAL MANIFEST stored"     from=127.0.0.1:53531 number=37 proposalID=0x79bc4ff319500d6caf055955657752abb1faade8a665cec807ec356894da15d2 manifestBytes=1220 missing=1 bodyBytes=3350
        t=2026-09-22T08:50:07+0200 lvl=warn msg="HandleConn drops connection: closed"   address=127.0.0.1:41928 remot=127.0.0.1:53531
        t=2026-09-22T08:50:07+0200 lvl=eror msg="OnPropose wait proposal body"          number=37 proposalID=0x79bc4ff319500d6caf055955657752abb1faade8a665cec807ec356894da15d2 err="hotstuff view state too old"
        t=2026-09-22T08:50:08+0200 lvl=warn msg="HOTSTUFF PROPOSAL MANIFEST authority rejected" from=127.0.0.1:47103 leader=127.0.0.1:47103 number=38 proposalID=0x680ae0f4a3facf4902f2e6861998230e90adb5e1db0e9d61de457a9923122f9c err="proposal manifest does not match the current deterministic leader route: manifest key committee is already canonical but is not the current route"
        t=2026-09-22T08:50:08+0200 lvl=warn msg="HandleConn drops connection: closed"   address=127.0.0.1:41928 remot=127.0.0.1:47103
        t=2026-09-22T08:50:08+0200 lvl=warn msg="reject new-view before storage"        from=127.0.0.1:47103 viewID=0x0d393cf6d94b85cb23fa44b29904a6039a485b70cab5d4ebf6762e0c9fa3d702 err="hotstuff proposal validation pending"
        t=2026-09-22T08:50:08+0200 lvl=warn msg="reject new-view before storage"        from=127.0.0.1:53531 viewID=0x0d393cf6d94b85cb23fa44b29904a6039a485b70cab5d4ebf6762e0c9fa3d702 err="hotstuff proposal validation pending"
        t=2026-09-22T08:50:08+0200 lvl=warn msg="reject new-view before storage"        from=127.0.0.1:39412 viewID=0x0d393cf6d94b85cb23fa44b29904a6039a485b70cab5d4ebf6762e0c9fa3d702 err="hotstuff proposal validation pending"
        t=2026-09-22T08:50:08+0200 lvl=warn msg="reject new-view before storage"        from=127.0.0.1:40399 viewID=0x0d393cf6d94b85cb23fa44b29904a6039a485b70cab5d4ebf6762e0c9fa3d702 err="hotstuff proposal validation pending"
        t=2026-09-22T08:50:08+0200 lvl=warn msg="reject new-view before storage"        from=127.0.0.1:57323 viewID=0x0d393cf6d94b85cb23fa44b29904a6039a485b70cab5d4ebf6762e0c9fa3d702 err="hotstuff proposal validation pending"
        t=2026-09-22T08:50:08+0200 lvl=warn msg="reject new-view before storage"        from=127.0.0.1:44623 viewID=0x0d393cf6d94b85cb23fa44b29904a6039a485b70cab5d4ebf6762e0c9fa3d702 err="hotstuff proposal validation pending"
        t=2026-09-22T08:50:08+0200 lvl=info msg="HOTSTUFF PROPOSAL REPAIR REQUEST"      to=127.0.0.1:47103 number=38 proposalID=0x680ae0f4a3facf4902f2e6861998230e90adb5e1db0e9d61de457a9923122f9c missing=0 attempt=0
        t=2026-09-22T08:50:08+0200 lvl=info msg="HOTSTUFF PROPOSAL MANIFEST stored"     from=127.0.0.1:47103 number=38 proposalID=0x680ae0f4a3facf4902f2e6861998230e90adb5e1db0e9d61de457a9923122f9c manifestBytes=830  missing=0 bodyBytes=830
        t=2026-09-22T08:50:08+0200 lvl=info msg="HOTSTUFF PROPOSAL REF"                 number=39 viewID=0x0d393cf6d94b85cb23fa44b29904a6039a485b70cab5d4ebf6762e0c9fa3d702 proposalID=0x24df6e90e59bed2001eb25187e1a634430bd474d16f83d1df4c9e3207cfc89ab blockHash=0x4e9f29c81793117fd8525f45fd0a1cc63ffbae503659a83c1044f5c92118789b bodyHash=0xf66e0509031c82fc31499921f8468a912255ac62022079443391f2330bd08b8d bodySize=3350 refBytes=442
        t=2026-09-22T08:50:09+0200 lvl=info msg="HOTSTUFF PROPOSAL REF"                 number=40 viewID=0xc00428447c01bd2172f8d85300369260b4049cbf045013796b5ab8b8599bcbe8 proposalID=0x758e1926821b595007813fd59ef4b726676b641ea76095469a6498db690684ce blockHash=0x3da59000c61bec690ea2749419812ea243b2d935d8ffd3e86f33893bfffdc71f bodyHash=0xe697fcebaddc51dcad91f1785f67f1387b2e6491f6c66ba0b3dbfde2aa869a0a bodySize=830  refBytes=439
        t=2026-09-22T08:50:09+0200 lvl=info msg="HOTSTUFF PROPOSAL MANIFEST stored"     from=127.0.0.1:57323 number=41 proposalID=0xce146a9fce76c04695d7f7c540c1f0df3fb2f7b855145e3d3228476269d3d40c manifestBytes=1220 missing=0 bodyBytes=3350
        t=2026-09-22T08:50:10+0200 lvl=info msg="HOTSTUFF PROPOSAL MANIFEST stored"     from=127.0.0.1:47103 number=42 proposalID=0x15a0bc2d8cca6c27422c0870b2e080ab2902f6cc0f644cc822b4beac22fc1878 manifestBytes=830  missing=0 bodyBytes=830
        t=2026-09-22T08:50:10+0200 lvl=warn msg="HandleConn drops connection: closed"   address=127.0.0.1:41928 remot=127.0.0.1:47103
        t=2026-09-22T08:50:10+0200 lvl=info msg="HOTSTUFF PROPOSAL MANIFEST stored"     from=127.0.0.1:47103 number=42 proposalID=0x15a0bc2d8cca6c27422c0870b2e080ab2902f6cc0f644cc822b4beac22fc1878 manifestBytes=830  missing=0 bodyBytes=830
        t=2026-09-22T08:50:10+0200 lvl=info msg="HOTSTUFF PROPOSAL MANIFEST stored"     from=127.0.0.1:44623 number=43 proposalID=0x47bfcefbb4b8538607f7d8f053927a73e07f4ef69fd5db37442a2f4db8431141 manifestBytes=1220 missing=0 bodyBytes=3350
        t=2026-09-22T08:50:10+0200 lvl=warn msg="HandleConn drops connection: closed"   address=127.0.0.1:41928 remot=127.0.0.1:44623
        t=2026-09-22T08:50:10+0200 lvl=info msg="HOTSTUFF PROPOSAL MANIFEST stored"     from=127.0.0.1:44623 number=43 proposalID=0x47bfcefbb4b8538607f7d8f053927a73e07f4ef69fd5db37442a2f4db8431141 manifestBytes=1220 missing=0 bodyBytes=3350
        t=2026-09-22T08:50:10+0200 lvl=info msg="HOTSTUFF PROPOSAL REF"                 number=44 viewID=0x826b8107544a64d4d912325705b4bff7ae984f1fbbbda0f9ac4bf42452f8aa8b proposalID=0x49811c4d4606f699cf307aca2e33527bef90c34cc923a462c971a74bce855140 blockHash=0xd1af1e618d31678b082bde1dd82bfd3eaed378021b89ef4c5a0f8582964e6226 bodyHash=0x77343ab93825df1fcdaca1db16164729a61fda03b5cda5874e1cbae079484876 bodySize=830  refBytes=439
        t=2026-09-22T08:50:11+0200 lvl=warn msg=GetBlockByNumer                         number=1
        t=2026-09-22T08:50:11+0200 lvl=warn msg=GetBlockByNumer                         number=43
        t=2026-09-22T08:50:11+0200 lvl=info msg="HOTSTUFF PROPOSAL MANIFEST stored"     from=127.0.0.1:39412 number=45 proposalID=0x8be5bcd14c94a63346258cf649f9e99352252669241636b572cf471d2a3e6032 manifestBytes=1220 missing=0 bodyBytes=3350
        t=2026-09-22T08:50:11+0200 lvl=warn msg="HandleConn drops connection: closed"   address=127.0.0.1:41928 remot=127.0.0.1:39412
        t=2026-09-22T08:50:11+0200 lvl=info msg="HOTSTUFF PROPOSAL MANIFEST stored"     from=127.0.0.1:57323 number=46 proposalID=0x0ccb329d44726fba9ea26234188cbcf4ff626b9c8bf5125b7d70d31f79761b8b manifestBytes=830  missing=0 bodyBytes=830
        t=2026-09-22T08:50:12+0200 lvl=info msg="HOTSTUFF PROPOSAL MANIFEST stored"     from=127.0.0.1:57323 number=47 proposalID=0xd4f8311882f91bdd05bb06f271ef8bca799471f9318d7ad9932a1395c27ee4fe manifestBytes=1220 missing=0 bodyBytes=3350
        t=2026-09-22T08:50:12+0200 lvl=info msg="HOTSTUFF PROPOSAL MANIFEST stored"     from=127.0.0.1:40399 number=48 proposalID=0xaeb7b7679b23e1c361c0c77f4685e002f0d7e683dd5117c75ea0648812ac4bfc manifestBytes=830  missing=0 bodyBytes=830
        t=2026-09-22T08:50:12+0200 lvl=warn msg=GetBlockByNumer                         number=1
        t=2026-09-22T08:50:12+0200 lvl=warn msg=GetBlockByNumer                         number=47
        t=2026-09-22T08:50:12+0200 lvl=warn msg=GetBlockByNumer                         number=1
        t=2026-09-22T08:50:12+0200 lvl=warn msg=GetBlockByNumer                         number=47
    fhs_process_recovery_test.go:225: validator 943810 complete log: /tmp/fhs-process-failure-4105317396.log
    fhs_process_recovery_test.go:230: validator 943810 log tail:
        t=2026-09-22T08:49:35+0200 lvl=warn msg=GetBlockByNumer number=0
        t=2026-09-22T08:49:35+0200 lvl=warn msg="Failed to load snapshot, regenerating" err="missing or corrupted snapshot"
        t=2026-09-22T08:49:43+0200 lvl=info msg="HOTSTUFF PROPOSAL MANIFEST stored"     from=127.0.0.1:47103 number=1 proposalID=0x903e84a9136e8695befa14c554cf97ad7116f65f849a82378edc07ed75677dbb manifestBytes=1219 missing=1 bodyBytes=1314
        t=2026-09-22T08:49:43+0200 lvl=eror msg="OnPropose wait proposal body"          number=1 proposalID=0x903e84a9136e8695befa14c554cf97ad7116f65f849a82378edc07ed75677dbb err="hotstuff view state too old"
        t=2026-09-22T08:49:43+0200 lvl=warn msg="HOTSTUFF PROPOSAL MANIFEST authority rejected" from=127.0.0.1:47103 leader=127.0.0.1:47103 number=2 proposalID=0xcda764a54f9eb5b67a9ef85bbe44a98ef3220909b1342f811110042427e12985 err="proposal manifest does not match the current deterministic leader route: manifest key committee is already canonical but is not the current route"
        t=2026-09-22T08:49:43+0200 lvl=info msg="HOTSTUFF PROPOSAL REPAIR REQUEST"      to=127.0.0.1:47103 number=2 proposalID=0xcda764a54f9eb5b67a9ef85bbe44a98ef3220909b1342f811110042427e12985 missing=0 attempt=0
        t=2026-09-22T08:49:43+0200 lvl=info msg="HOTSTUFF PROPOSAL MANIFEST stored"     from=127.0.0.1:47103 number=2 proposalID=0xcda764a54f9eb5b67a9ef85bbe44a98ef3220909b1342f811110042427e12985 manifestBytes=830  missing=0 bodyBytes=830
        t=2026-09-22T08:49:44+0200 lvl=info msg="HOTSTUFF PROPOSAL MANIFEST stored"     from=127.0.0.1:47103 number=3 proposalID=0x397ffecb97f97f451550696a111a75c1178917a4d125f7e4f665b604b9f01a7f manifestBytes=1219 missing=0 bodyBytes=1314
        t=2026-09-22T08:49:44+0200 lvl=info msg="HOTSTUFF PROPOSAL MANIFEST stored"     from=127.0.0.1:47103 number=4 proposalID=0xa2c1b0cc4e13aecb9bdac37082d17ca9299c0d9ebd3ed883bb90fe19c29459b7 manifestBytes=830  missing=0 bodyBytes=830
        t=2026-09-22T08:49:44+0200 lvl=info msg="HOTSTUFF PROPOSAL MANIFEST stored"     from=127.0.0.1:41928 number=5 proposalID=0xed44a56435e415196e3754a30cd40bb86f9252171250510a1fc518a2b5297b8c manifestBytes=1219 missing=0 bodyBytes=1314
        t=2026-09-22T08:49:45+0200 lvl=info msg="HOTSTUFF PROPOSAL REF"                 number=6 viewID=0x8d61badaf56ee38fbef5231465b5e7013f6485cf6c9173259bfbf5f12170bf7b proposalID=0x6f4305ba0151baad9584e17f56668312eb26bf2e077ad9e9a9c33b89b12ba2f6 blockHash=0x0547983a9f9ba25a24e9a78ffb25c0a70ab11d83dccfb554d4faa68c16af74a7 bodyHash=0x988107602e9d5983d0049d645d9343e049a5fb50e6f25eb621a350663acd9e53 bodySize=830 refBytes=439
        t=2026-09-22T08:49:45+0200 lvl=info msg="HOTSTUFF PROPOSAL MANIFEST stored"     from=127.0.0.1:40399 number=7 proposalID=0x75bceace31736aea187cb33a8409ad52f54604023c269b3689a778ece3e08129 manifestBytes=1219 missing=0 bodyBytes=1313
        t=2026-09-22T08:49:45+0200 lvl=info msg="HOTSTUFF PROPOSAL MANIFEST stored"     from=127.0.0.1:41928 number=8 proposalID=0x58891577fd91c92ee18b49074417ea909a25b63406ab49a1bdbede3f38b416f1 manifestBytes=830  missing=0 bodyBytes=830
        t=2026-09-22T08:49:46+0200 lvl=warn msg=GetBlockByNumer                         number=1
        t=2026-09-22T08:49:46+0200 lvl=warn msg=GetBlockByNumer                         number=7
        t=2026-09-22T08:49:46+0200 lvl=warn msg=GetBlockByNumer                         number=1
        t=2026-09-22T08:49:46+0200 lvl=warn msg=GetBlockByNumer                         number=7
        t=2026-09-22T08:49:51+0200 lvl=warn msg="HOTSTUFF RECOVERY resend NewView"      number=9 viewID=0x695101ee7addaa9e0987cbb0513f9d8fd3ecfd05e50648513ccf701faacfd30c to=127.0.0.1:57323
        t=2026-09-22T08:49:54+0200 lvl=info msg="HOTSTUFF PROPOSAL MANIFEST stored"     from=127.0.0.1:57323 number=9 proposalID=0x3a3711221019ebbe6da662910968febd2b83081c671376ec06648bf2a230209e manifestBytes=1220 missing=0 bodyBytes=20250
        t=2026-09-22T08:49:54+0200 lvl=info msg="HOTSTUFF PROPOSAL MANIFEST stored"     from=127.0.0.1:41928 number=10 proposalID=0xae37a2ce35184bbacf9c71254735a26caa8c11c0fcc77505737fec407ba7100a manifestBytes=830  missing=0 bodyBytes=830
        t=2026-09-22T08:49:54+0200 lvl=info msg="HOTSTUFF PROPOSAL MANIFEST stored"     from=127.0.0.1:53531 number=11 proposalID=0x5c2e9302e5d7fbc49320a3ad930948e63122559b859963c9572b5340b0d01140 manifestBytes=1220 missing=0 bodyBytes=3350
        t=2026-09-22T08:49:55+0200 lvl=info msg="HOTSTUFF PROPOSAL MANIFEST stored"     from=127.0.0.1:57323 number=12 proposalID=0x28dff2bdbdf5fa74e63f351ea3b3f15d48b8501403792284238c2f9d09f0393f manifestBytes=830  missing=0 bodyBytes=830
        t=2026-09-22T08:49:55+0200 lvl=info msg="HOTSTUFF PROPOSAL MANIFEST stored"     from=127.0.0.1:40399 number=13 proposalID=0x65f54f86176aa6dd160a429e6d43d5aa5b5362bfc28b750dfc68569877301f19 manifestBytes=1220 missing=0 bodyBytes=3350
        t=2026-09-22T08:49:55+0200 lvl=info msg="HOTSTUFF PROPOSAL REF"                 number=14 viewID=0x8cf88293316c54a7dc6da782521f1fb533ff56f569d4e71e17db612bbb27816e proposalID=0x6310b82612d607432a3f1d4ae5abc132f5ef813158b9161913bb16eb6f04aaed blockHash=0xdd2ba3b37acade7e6f2bc4bc527dbab5faa66d708290e312ada8771fd519470e bodyHash=0x3201f927138238bfd52258f06181120a4a168965bb06a2b5c59ed91da2ef012a bodySize=830 refBytes=439
        t=2026-09-22T08:49:56+0200 lvl=info msg="HOTSTUFF PROPOSAL MANIFEST stored"     from=127.0.0.1:41928 number=15 proposalID=0x0fd242c915bd56f3831ee011600953ae20dc084b9d81cf18d0a65c1946193265 manifestBytes=1220 missing=0 bodyBytes=3350
        t=2026-09-22T08:49:56+0200 lvl=info msg="HOTSTUFF PROPOSAL MANIFEST stored"     from=127.0.0.1:40399 number=16 proposalID=0xa2c2af6814a68be8881f5c391fd42b3e124d1cf5df619793ba24cbbc245f6b03 manifestBytes=830  missing=0 bodyBytes=830
        t=2026-09-22T08:49:57+0200 lvl=info msg="HOTSTUFF PROPOSAL MANIFEST stored"     from=127.0.0.1:40399 number=17 proposalID=0x6d70d5522da5725a9f7f0be1a0056f9764e27f82d4c216d2abf1cd6645297019 manifestBytes=1220 missing=0 bodyBytes=3350
        t=2026-09-22T08:49:57+0200 lvl=info msg="HOTSTUFF PROPOSAL MANIFEST stored"     from=127.0.0.1:39412 number=18 proposalID=0x67f4044ba5ce847403cba08bb79121138266fe4fcca63e473b08466853cc348c manifestBytes=830  missing=0 bodyBytes=830
        t=2026-09-22T08:49:58+0200 lvl=info msg="HOTSTUFF PROPOSAL MANIFEST stored"     from=127.0.0.1:40399 number=19 proposalID=0x77d76962e3475436177b41f34f860a7b79545a5c7473c4c494292dd50e4719e8 manifestBytes=1220 missing=0 bodyBytes=3350
        t=2026-09-22T08:49:58+0200 lvl=info msg="HOTSTUFF PROPOSAL MANIFEST stored"     from=127.0.0.1:53531 number=20 proposalID=0x6ea97323bf4c7c0f97c4b81fd0bd2b188a5356abe13c6141cb3a5c41b89e15dc manifestBytes=830  missing=0 bodyBytes=830
        t=2026-09-22T08:49:59+0200 lvl=info msg="HOTSTUFF PROPOSAL MANIFEST stored"     from=127.0.0.1:39412 number=21 proposalID=0xa1156c60d2ac341b7b6ee678cddfeb3bb068ee1a62f1d9510ba7b13857a79f41 manifestBytes=1220 missing=0 bodyBytes=3350
        t=2026-09-22T08:49:59+0200 lvl=info msg="HOTSTUFF PROPOSAL REF"                 number=22 viewID=0xd8d088d3c0f12466fc4404f9cb40c8e48074aa918269c19ae412d34544e11dcb proposalID=0x15970b5ad1ae2fcd6c1aad3912f38cf9e4e62b2d272e8ff2f548854ad5ed114f blockHash=0x1be1a39b3a739e13abc8931598cd6a569ae2696efde54ce91595094a4f1c4702 bodyHash=0x5a9b4f73a481fa727c145e9ac7da201a220377b9a1bde28737efb3988313d521 bodySize=830 refBytes=439
        t=2026-09-22T08:49:59+0200 lvl=info msg="HOTSTUFF PROPOSAL MANIFEST stored"     from=127.0.0.1:47103 number=23 proposalID=0xf03d7ce0aa0a92646376c508fbeb56858939aa9a64dd10e4058bf70dc822117e manifestBytes=1220 missing=1 bodyBytes=3350
        t=2026-09-22T08:50:00+0200 lvl=eror msg="OnPropose wait proposal body"          number=23 proposalID=0xf03d7ce0aa0a92646376c508fbeb56858939aa9a64dd10e4058bf70dc822117e err="hotstuff view state too old"
        t=2026-09-22T08:50:00+0200 lvl=warn msg="HOTSTUFF PROPOSAL MANIFEST authority rejected" from=127.0.0.1:47103 leader=127.0.0.1:47103 number=24 proposalID=0xf32e929bfa3f699f70eb170f0c8b3e194372edd30118c510542a308d208febd1 err="proposal manifest does not match the current deterministic leader route: manifest key committee is already canonical but is not the current route"
        t=2026-09-22T08:50:00+0200 lvl=info msg="HOTSTUFF PROPOSAL REPAIR REQUEST"      to=127.0.0.1:47103 number=24 proposalID=0xf32e929bfa3f699f70eb170f0c8b3e194372edd30118c510542a308d208febd1 missing=0 attempt=0
        t=2026-09-22T08:50:00+0200 lvl=info msg="HOTSTUFF PROPOSAL MANIFEST stored"     from=127.0.0.1:47103 number=24 proposalID=0xf32e929bfa3f699f70eb170f0c8b3e194372edd30118c510542a308d208febd1 manifestBytes=830  missing=0 bodyBytes=830
        t=2026-09-22T08:50:01+0200 lvl=info msg="HOTSTUFF PROPOSAL MANIFEST stored"     from=127.0.0.1:41928 number=25 proposalID=0xdf1f660086d42e3f6598b39fecc5cc673efea7236e05f87cbc730748885a00e9 manifestBytes=1220 missing=0 bodyBytes=3350
        t=2026-09-22T08:50:01+0200 lvl=info msg="HOTSTUFF PROPOSAL MANIFEST stored"     from=127.0.0.1:57323 number=26 proposalID=0xf8bc0a963ca89910ace9380fc0dfc9bc00d988fa2c81f0003c6f913ad8f08589 manifestBytes=830  missing=0 bodyBytes=830
        t=2026-09-22T08:50:02+0200 lvl=info msg="HOTSTUFF PROPOSAL MANIFEST stored"     from=127.0.0.1:57323 number=27 proposalID=0x5aafceed88f2d0af196ca7eae78f509cabda3eae4d867fbfd592579d7a296386 manifestBytes=1220 missing=0 bodyBytes=3350
        t=2026-09-22T08:50:02+0200 lvl=info msg="HOTSTUFF PROPOSAL REF"                 number=28 viewID=0xf2abbdde0e95d662e404460dae924a0d719e031afb38643cac043d5d28853899 proposalID=0xa56f8488f4c59943cf8e180c1073ba274fac7a31b580cfc838d88fb1074f386f blockHash=0xf73f56e7284db4a7ad20cb95a6a5d92798941d92d0186f2994c731b3f5392b33 bodyHash=0xfa49d48bdce546925d12b84ff89f8831b3dcad1c05a1c8bb1a47c2881121e1bd bodySize=830 refBytes=439
        t=2026-09-22T08:50:02+0200 lvl=warn msg="reject new-view before storage"        from=127.0.0.1:53531 viewID=0xf2abbdde0e95d662e404460dae924a0d719e031afb38643cac043d5d28853899 err="hotstuff view state too old"
        t=2026-09-22T08:50:02+0200 lvl=warn msg="reject new-view before storage"        from=127.0.0.1:41928 viewID=0xf2abbdde0e95d662e404460dae924a0d719e031afb38643cac043d5d28853899 err="hotstuff view state too old"
        t=2026-09-22T08:50:03+0200 lvl=info msg="HOTSTUFF PROPOSAL REF"                 number=29 viewID=0xe47e76c2f746cd7c0eb81db15c427bb01a56106c0595623780347bf200539ee5 proposalID=0x05fb39f52469ee98867cbd5270678e655a13bbe83cb79180cc6456889ea1f34b blockHash=0x9d5ffd5ad805e93233d4f1d8959d19f74c2d3327b44ccc3d9f229234331c8653 bodyHash=0xf9abdf67b173e96b82166f228a517f28947ed1c2364c824b553f171c9b298107 bodySize=3350 refBytes=442
        t=2026-09-22T08:50:03+0200 lvl=info msg="HOTSTUFF PROPOSAL MANIFEST stored"     from=127.0.0.1:40399 number=30 proposalID=0xd409ab5133220fe297003802a58ee2f69702d9fb44d9cb0f3a497090329e9d0a manifestBytes=830  missing=0 bodyBytes=830
        t=2026-09-22T08:50:04+0200 lvl=info msg="HOTSTUFF PROPOSAL REF"                 number=31 viewID=0x6fe8952c9e24fc94fb96b3ec1df46e526f24242fd4eecb50ea4045fd9b639c6a proposalID=0x46f17dfeb63ed73c61f3fe38c67be1d1e7a7b9ea1b7c71e7ddb33fd3d86b8e91 blockHash=0x47b1921eedcf9dd3a43a978e2dbe95aa4566bdbc9718b014d82609732bc6dee6 bodyHash=0x8a7bb795dac729a00ffcf62fa715f55a1138690c37f1d7791612e011b4305e3d bodySize=3350 refBytes=442
        t=2026-09-22T08:50:04+0200 lvl=info msg="HOTSTUFF PROPOSAL REF"                 number=32 viewID=0x3906f21e69a3b20bf9e40683f9e11239b5012974f977527fb61538611c88a93c proposalID=0xfb608214ad33b5ddae9352c7d690b1db4d853d474635f6de6f0cbb30299df7da blockHash=0xf51dd506d58f9984b53cef1418e7b6bed9765061fc3d0c79635602e30ad79de5 bodyHash=0x1195ee2f659a95593dd26f429519063c0f07ddf5707a8675fce82481d097e1de bodySize=830  refBytes=439
        t=2026-09-22T08:50:05+0200 lvl=info msg="HOTSTUFF PROPOSAL MANIFEST stored"     from=127.0.0.1:39412 number=33 proposalID=0xee1124b7f92b5b28c29067cc746b8ac51b33bd8cb02fcc869905eb0908266111 manifestBytes=1220 missing=0 bodyBytes=3350
        t=2026-09-22T08:50:05+0200 lvl=info msg="HOTSTUFF PROPOSAL MANIFEST stored"     from=127.0.0.1:39412 number=34 proposalID=0x55c008c40223de98b4ee1b0de65b3f8b49d5c770a08bfcf7ff1b46808ec332e6 manifestBytes=830  missing=0 bodyBytes=830
        t=2026-09-22T08:50:06+0200 lvl=info msg="HOTSTUFF PROPOSAL MANIFEST stored"     from=127.0.0.1:53531 number=35 proposalID=0x45f58095b83d9f8673fb466456866966c820ef065a4e972221af14388f1db1ab manifestBytes=1220 missing=1 bodyBytes=3350
        t=2026-09-22T08:50:06+0200 lvl=warn msg="HandleConn drops connection: closed"   address=127.0.0.1:44623 remot=127.0.0.1:53531
        t=2026-09-22T08:50:06+0200 lvl=info msg="HOTSTUFF PROPOSAL MANIFEST stored"     from=127.0.0.1:53531 number=35 proposalID=0x45f58095b83d9f8673fb466456866966c820ef065a4e972221af14388f1db1ab manifestBytes=1220 missing=1 bodyBytes=3350
        t=2026-09-22T08:50:06+0200 lvl=eror msg="OnPropose wait proposal body"          number=35 proposalID=0x45f58095b83d9f8673fb466456866966c820ef065a4e972221af14388f1db1ab err="hotstuff view state too old"
        t=2026-09-22T08:50:06+0200 lvl=info msg="HOTSTUFF PROPOSAL MANIFEST stored"     from=127.0.0.1:47103 number=36 proposalID=0xddb573543e3bf5ec3ca532758fefb971fd1948d39793aacf8aa0e5bdba40d839 manifestBytes=830  missing=0 bodyBytes=830
        t=2026-09-22T08:50:07+0200 lvl=info msg="HOTSTUFF PROPOSAL MANIFEST stored"     from=127.0.0.1:53531 number=37 proposalID=0x79bc4ff319500d6caf055955657752abb1faade8a665cec807ec356894da15d2 manifestBytes=1220 missing=0 bodyBytes=3350
        t=2026-09-22T08:50:08+0200 lvl=info msg="HOTSTUFF PROPOSAL MANIFEST stored"     from=127.0.0.1:47103 number=38 proposalID=0x680ae0f4a3facf4902f2e6861998230e90adb5e1db0e9d61de457a9923122f9c manifestBytes=830  missing=0 bodyBytes=830
        t=2026-09-22T08:50:08+0200 lvl=info msg="HOTSTUFF PROPOSAL MANIFEST stored"     from=127.0.0.1:41928 number=39 proposalID=0x24df6e90e59bed2001eb25187e1a634430bd474d16f83d1df4c9e3207cfc89ab manifestBytes=1220 missing=0 bodyBytes=3350
        t=2026-09-22T08:50:09+0200 lvl=info msg="HOTSTUFF PROPOSAL MANIFEST stored"     from=127.0.0.1:41928 number=40 proposalID=0x758e1926821b595007813fd59ef4b726676b641ea76095469a6498db690684ce manifestBytes=830  missing=0 bodyBytes=830
        t=2026-09-22T08:50:09+0200 lvl=info msg="HOTSTUFF PROPOSAL MANIFEST stored"     from=127.0.0.1:57323 number=41 proposalID=0xce146a9fce76c04695d7f7c540c1f0df3fb2f7b855145e3d3228476269d3d40c manifestBytes=1220 missing=0 bodyBytes=3350
        t=2026-09-22T08:50:10+0200 lvl=info msg="HOTSTUFF PROPOSAL MANIFEST stored"     from=127.0.0.1:47103 number=42 proposalID=0x15a0bc2d8cca6c27422c0870b2e080ab2902f6cc0f644cc822b4beac22fc1878 manifestBytes=830  missing=0 bodyBytes=830
        t=2026-09-22T08:50:10+0200 lvl=warn msg="reject new-view before storage"        from=127.0.0.1:39412 viewID=0x3a2c62953e757294f1542bf5add7b2f3d435793a53da863999cd6271557a705e err="hotstuff proposal validation pending"
        t=2026-09-22T08:50:10+0200 lvl=warn msg="reject new-view before storage"        from=127.0.0.1:53531 viewID=0x3a2c62953e757294f1542bf5add7b2f3d435793a53da863999cd6271557a705e err="hotstuff proposal validation pending"
        t=2026-09-22T08:50:10+0200 lvl=info msg="HOTSTUFF PROPOSAL REF"                 number=43 viewID=0x3a2c62953e757294f1542bf5add7b2f3d435793a53da863999cd6271557a705e proposalID=0x47bfcefbb4b8538607f7d8f053927a73e07f4ef69fd5db37442a2f4db8431141 blockHash=0xbbd88eeb62c5898a0ddb7f1d4fbe7c33fecc3b133871ca67afe1eab43d3ad6b1 bodyHash=0x255739e7b011d846652f47c89a5cf4b68ed2d171fc9a7e84cf052c5a40081ad5 bodySize=3350 refBytes=442
        t=2026-09-22T08:50:10+0200 lvl=warn msg="Send msg try again"                    address=[::]:44623      Couldn't send to=127.0.0.1:41928 error="Operation Canceled"
        t=2026-09-22T08:50:10+0200 lvl=eror msg=CloseConnect                            =[::]:44623 having error closing conn to=127.0.0.1:41928 error="Connection Closed"
        t=2026-09-22T08:50:10+0200 lvl=warn msg="Send msg try again"                    address=[::]:44623      Couldn't send to=127.0.0.1:53531 error="Operation Canceled"
        t=2026-09-22T08:50:10+0200 lvl=eror msg=CloseConnect                            =[::]:44623 having error closing conn to=127.0.0.1:37000 error="Connection Closed"
        t=2026-09-22T08:50:10+0200 lvl=info msg="HOTSTUFF PROPOSAL MANIFEST stored"     from=127.0.0.1:41928 number=44 proposalID=0x49811c4d4606f699cf307aca2e33527bef90c34cc923a462c971a74bce855140 manifestBytes=830  missing=0 bodyBytes=830
        t=2026-09-22T08:50:11+0200 lvl=warn msg=GetBlockByNumer                         number=1
        t=2026-09-22T08:50:11+0200 lvl=warn msg=GetBlockByNumer                         number=43
        t=2026-09-22T08:50:11+0200 lvl=info msg="HOTSTUFF PROPOSAL MANIFEST stored"     from=127.0.0.1:39412 number=45 proposalID=0x8be5bcd14c94a63346258cf649f9e99352252669241636b572cf471d2a3e6032 manifestBytes=1220 missing=0 bodyBytes=3350
        t=2026-09-22T08:50:11+0200 lvl=info msg="HOTSTUFF PROPOSAL MANIFEST stored"     from=127.0.0.1:57323 number=46 proposalID=0x0ccb329d44726fba9ea26234188cbcf4ff626b9c8bf5125b7d70d31f79761b8b manifestBytes=830  missing=0 bodyBytes=830
        t=2026-09-22T08:50:12+0200 lvl=info msg="HOTSTUFF PROPOSAL MANIFEST stored"     from=127.0.0.1:57323 number=47 proposalID=0xd4f8311882f91bdd05bb06f271ef8bca799471f9318d7ad9932a1395c27ee4fe manifestBytes=1220 missing=0 bodyBytes=3350
        t=2026-09-22T08:50:12+0200 lvl=info msg="HOTSTUFF PROPOSAL MANIFEST stored"     from=127.0.0.1:40399 number=48 proposalID=0xaeb7b7679b23e1c361c0c77f4685e002f0d7e683dd5117c75ea0648812ac4bfc manifestBytes=830  missing=0 bodyBytes=830
        t=2026-09-22T08:50:12+0200 lvl=warn msg=GetBlockByNumer                         number=1
        t=2026-09-22T08:50:12+0200 lvl=warn msg=GetBlockByNumer                         number=47
        t=2026-09-22T08:50:12+0200 lvl=warn msg=GetBlockByNumer                         number=1
        t=2026-09-22T08:50:12+0200 lvl=warn msg=GetBlockByNumer                         number=47
    fhs_process_recovery_test.go:225: validator 943803 complete log: /tmp/fhs-process-failure-2722121478.log
    fhs_process_recovery_test.go:230: validator 943803 log tail:
        t=2026-09-22T08:49:31+0200 lvl=warn msg=GetBlockByNumer number=0
        t=2026-09-22T08:49:31+0200 lvl=warn msg="Failed to load snapshot, regenerating" err="missing or corrupted snapshot"
        t=2026-09-22T08:49:39+0200 lvl=eror msg=Connect                                 Could not connect to=127.0.0.1:41928 error="CRYPTO_ERROR 0x150 (remote): tls: internal error"
        t=2026-09-22T08:49:43+0200 lvl=info msg="HOTSTUFF PROPOSAL MANIFEST stored"     from=127.0.0.1:47103 number=1 proposalID=0x903e84a9136e8695befa14c554cf97ad7116f65f849a82378edc07ed75677dbb manifestBytes=1219 missing=0 bodyBytes=1314
        t=2026-09-22T08:49:43+0200 lvl=info msg="HOTSTUFF PROPOSAL MANIFEST stored"     from=127.0.0.1:47103 number=2 proposalID=0xcda764a54f9eb5b67a9ef85bbe44a98ef3220909b1342f811110042427e12985 manifestBytes=830  missing=0 bodyBytes=830
        t=2026-09-22T08:49:44+0200 lvl=info msg="HOTSTUFF PROPOSAL MANIFEST stored"     from=127.0.0.1:47103 number=3 proposalID=0x397ffecb97f97f451550696a111a75c1178917a4d125f7e4f665b604b9f01a7f manifestBytes=1219 missing=0 bodyBytes=1314
        t=2026-09-22T08:49:44+0200 lvl=info msg="HOTSTUFF PROPOSAL MANIFEST stored"     from=127.0.0.1:47103 number=4 proposalID=0xa2c1b0cc4e13aecb9bdac37082d17ca9299c0d9ebd3ed883bb90fe19c29459b7 manifestBytes=830  missing=0 bodyBytes=830
        t=2026-09-22T08:49:44+0200 lvl=info msg="HOTSTUFF PROPOSAL MANIFEST stored"     from=127.0.0.1:41928 number=5 proposalID=0xed44a56435e415196e3754a30cd40bb86f9252171250510a1fc518a2b5297b8c manifestBytes=1219 missing=0 bodyBytes=1314
        t=2026-09-22T08:49:45+0200 lvl=info msg="HOTSTUFF PROPOSAL MANIFEST stored"     from=127.0.0.1:44623 number=6 proposalID=0x6f4305ba0151baad9584e17f56668312eb26bf2e077ad9e9a9c33b89b12ba2f6 manifestBytes=830  missing=0 bodyBytes=830
        t=2026-09-22T08:49:45+0200 lvl=info msg="HOTSTUFF PROPOSAL MANIFEST stored"     from=127.0.0.1:40399 number=7 proposalID=0x75bceace31736aea187cb33a8409ad52f54604023c269b3689a778ece3e08129 manifestBytes=1219 missing=0 bodyBytes=1313
        t=2026-09-22T08:49:45+0200 lvl=info msg="HOTSTUFF PROPOSAL MANIFEST stored"     from=127.0.0.1:41928 number=8 proposalID=0x58891577fd91c92ee18b49074417ea909a25b63406ab49a1bdbede3f38b416f1 manifestBytes=830  missing=0 bodyBytes=830
        t=2026-09-22T08:49:46+0200 lvl=warn msg=GetBlockByNumer                         number=1
        t=2026-09-22T08:49:46+0200 lvl=warn msg=GetBlockByNumer                         number=7
        t=2026-09-22T08:49:46+0200 lvl=warn msg=GetBlockByNumer                         number=1
        t=2026-09-22T08:49:46+0200 lvl=warn msg=GetBlockByNumer                         number=7
        t=2026-09-22T08:49:51+0200 lvl=warn msg="HOTSTUFF RECOVERY resend NewView"      number=9 viewID=0x695101ee7addaa9e0987cbb0513f9d8fd3ecfd05e50648513ccf701faacfd30c to=127.0.0.1:57323
        t=2026-09-22T08:49:54+0200 lvl=info msg="HOTSTUFF PROPOSAL REF"                 number=9 viewID=0x695101ee7addaa9e0987cbb0513f9d8fd3ecfd05e50648513ccf701faacfd30c proposalID=0x3a3711221019ebbe6da662910968febd2b83081c671376ec06648bf2a230209e blockHash=0xf53ec059611405cd093a1eb2a0778d91f3bb2a9625ccabef2f602daf8b565502 bodyHash=0xd363a3386c9e4393f677840f3cec1c1cd444c3459f82a1287a1090d2f33d363a bodySize=20250 refBytes=442
        t=2026-09-22T08:49:54+0200 lvl=info msg="HOTSTUFF PROPOSAL MANIFEST stored"     from=127.0.0.1:41928 number=10 proposalID=0xae37a2ce35184bbacf9c71254735a26caa8c11c0fcc77505737fec407ba7100a manifestBytes=830  missing=0 bodyBytes=830
        t=2026-09-22T08:49:54+0200 lvl=info msg="HOTSTUFF PROPOSAL MANIFEST stored"     from=127.0.0.1:53531 number=11 proposalID=0x5c2e9302e5d7fbc49320a3ad930948e63122559b859963c9572b5340b0d01140 manifestBytes=1220 missing=0 bodyBytes=3350
        t=2026-09-22T08:49:55+0200 lvl=info msg="HOTSTUFF PROPOSAL REF"                 number=12 viewID=0xce77ce66abe46a690591e087075f3c94175281b52216c25b6159d70caf630746 proposalID=0x28dff2bdbdf5fa74e63f351ea3b3f15d48b8501403792284238c2f9d09f0393f blockHash=0x1d0196cafd21639af876e17c17a9c33c23a78c1ca1494106adec29048ca7563b bodyHash=0x254fedb60bfcad6ebbe66b109ae485c79934220f3c3824588ea4b90dbb84f895 bodySize=830   refBytes=439
        t=2026-09-22T08:49:55+0200 lvl=info msg="HOTSTUFF PROPOSAL MANIFEST stored"     from=127.0.0.1:40399 number=13 proposalID=0x65f54f86176aa6dd160a429e6d43d5aa5b5362bfc28b750dfc68569877301f19 manifestBytes=1220 missing=0 bodyBytes=3350
        t=2026-09-22T08:49:55+0200 lvl=info msg="HOTSTUFF PROPOSAL MANIFEST stored"     from=127.0.0.1:44623 number=14 proposalID=0x6310b82612d607432a3f1d4ae5abc132f5ef813158b9161913bb16eb6f04aaed manifestBytes=830  missing=0 bodyBytes=830
        t=2026-09-22T08:49:56+0200 lvl=info msg="HOTSTUFF PROPOSAL MANIFEST stored"     from=127.0.0.1:41928 number=15 proposalID=0x0fd242c915bd56f3831ee011600953ae20dc084b9d81cf18d0a65c1946193265 manifestBytes=1220 missing=0 bodyBytes=3350
        t=2026-09-22T08:49:56+0200 lvl=info msg="HOTSTUFF PROPOSAL MANIFEST stored"     from=127.0.0.1:40399 number=16 proposalID=0xa2c2af6814a68be8881f5c391fd42b3e124d1cf5df619793ba24cbbc245f6b03 manifestBytes=830  missing=0 bodyBytes=830
        t=2026-09-22T08:49:57+0200 lvl=info msg="HOTSTUFF PROPOSAL MANIFEST stored"     from=127.0.0.1:40399 number=17 proposalID=0x6d70d5522da5725a9f7f0be1a0056f9764e27f82d4c216d2abf1cd6645297019 manifestBytes=1220 missing=0 bodyBytes=3350
        t=2026-09-22T08:49:57+0200 lvl=info msg="HOTSTUFF PROPOSAL MANIFEST stored"     from=127.0.0.1:39412 number=18 proposalID=0x67f4044ba5ce847403cba08bb79121138266fe4fcca63e473b08466853cc348c manifestBytes=830  missing=0 bodyBytes=830
        t=2026-09-22T08:49:58+0200 lvl=info msg="HOTSTUFF PROPOSAL MANIFEST stored"     from=127.0.0.1:40399 number=19 proposalID=0x77d76962e3475436177b41f34f860a7b79545a5c7473c4c494292dd50e4719e8 manifestBytes=1220 missing=0 bodyBytes=3350
        t=2026-09-22T08:49:58+0200 lvl=info msg="HOTSTUFF PROPOSAL MANIFEST stored"     from=127.0.0.1:53531 number=20 proposalID=0x6ea97323bf4c7c0f97c4b81fd0bd2b188a5356abe13c6141cb3a5c41b89e15dc manifestBytes=830  missing=0 bodyBytes=830
        t=2026-09-22T08:49:59+0200 lvl=info msg="HOTSTUFF PROPOSAL MANIFEST stored"     from=127.0.0.1:39412 number=21 proposalID=0xa1156c60d2ac341b7b6ee678cddfeb3bb068ee1a62f1d9510ba7b13857a79f41 manifestBytes=1220 missing=0 bodyBytes=3350
        t=2026-09-22T08:49:59+0200 lvl=info msg="HOTSTUFF PROPOSAL MANIFEST stored"     from=127.0.0.1:44623 number=22 proposalID=0x15970b5ad1ae2fcd6c1aad3912f38cf9e4e62b2d272e8ff2f548854ad5ed114f manifestBytes=830  missing=0 bodyBytes=830
        t=2026-09-22T08:49:59+0200 lvl=info msg="HOTSTUFF PROPOSAL MANIFEST stored"     from=127.0.0.1:47103 number=23 proposalID=0xf03d7ce0aa0a92646376c508fbeb56858939aa9a64dd10e4058bf70dc822117e manifestBytes=1220 missing=0 bodyBytes=3350
        t=2026-09-22T08:50:00+0200 lvl=info msg="HOTSTUFF PROPOSAL MANIFEST stored"     from=127.0.0.1:47103 number=24 proposalID=0xf32e929bfa3f699f70eb170f0c8b3e194372edd30118c510542a308d208febd1 manifestBytes=830  missing=0 bodyBytes=830
        t=2026-09-22T08:50:01+0200 lvl=info msg="HOTSTUFF PROPOSAL MANIFEST stored"     from=127.0.0.1:41928 number=25 proposalID=0xdf1f660086d42e3f6598b39fecc5cc673efea7236e05f87cbc730748885a00e9 manifestBytes=1220 missing=0 bodyBytes=3350
        t=2026-09-22T08:50:01+0200 lvl=warn msg="reject new-view before storage"        from=127.0.0.1:53531 viewID=0x96519c9b70582834d204aea091d59000fc8373e752f6c90b29af07212d3eddbe err="hotstuff proposal validation pending"
        t=2026-09-22T08:50:01+0200 lvl=info msg="HOTSTUFF PROPOSAL REF"                 number=26 viewID=0x96519c9b70582834d204aea091d59000fc8373e752f6c90b29af07212d3eddbe proposalID=0xf8bc0a963ca89910ace9380fc0dfc9bc00d988fa2c81f0003c6f913ad8f08589 blockHash=0xcca50ac3fa690e8628153974166017623071e0ed2fab7c14363d7e86261cda33 bodyHash=0xd7680f2bbf64f9252d0d7d4894532b3340f3cd479dce9acb3c2e2dd3f747426f bodySize=830   refBytes=439
        t=2026-09-22T08:50:01+0200 lvl=warn msg="Send msg try again"                    address=[::]:57323 Couldn't send to=127.0.0.1:39412 error="Operation Canceled"
        t=2026-09-22T08:50:01+0200 lvl=warn msg="Send msg try again"                    address=[::]:57323 Couldn't send to=127.0.0.1:53531 error="Operation Canceled"
        t=2026-09-22T08:50:01+0200 lvl=warn msg="Send msg try again"                    address=[::]:57323 Couldn't send to=127.0.0.1:39412 error="Operation Canceled"
        t=2026-09-22T08:50:01+0200 lvl=eror msg=CloseConnect                            =[::]:57323 having error closing conn to=127.0.0.1:53531 error="Connection Closed"
        t=2026-09-22T08:50:01+0200 lvl=eror msg=CloseConnect                            =[::]:57323 having error closing conn to=127.0.0.1:39412 error="Connection Closed"
        t=2026-09-22T08:50:02+0200 lvl=info msg="HOTSTUFF PROPOSAL REF"                 number=27 viewID=0xe729671492fac739de0edf50f50bad4234e1b64e35cb17bfd730405c6da2fd9a proposalID=0x5aafceed88f2d0af196ca7eae78f509cabda3eae4d867fbfd592579d7a296386 blockHash=0x48901d64d0907a816861c624c72d64c23cbd9379e15ba47f4f34a7e3961d3b36 bodyHash=0x50083a8ed1eb3bacc75e863163b2fac58876d7f8a0578ba45cd89f37c9c7c772 bodySize=3350  refBytes=442
        t=2026-09-22T08:50:02+0200 lvl=info msg="HOTSTUFF PROPOSAL MANIFEST stored"     from=127.0.0.1:44623 number=28 proposalID=0xa56f8488f4c59943cf8e180c1073ba274fac7a31b580cfc838d88fb1074f386f manifestBytes=830  missing=0 bodyBytes=830
        t=2026-09-22T08:50:03+0200 lvl=info msg="HOTSTUFF PROPOSAL MANIFEST stored"     from=127.0.0.1:44623 number=29 proposalID=0x05fb39f52469ee98867cbd5270678e655a13bbe83cb79180cc6456889ea1f34b manifestBytes=1220 missing=0 bodyBytes=3350
        t=2026-09-22T08:50:03+0200 lvl=info msg="HOTSTUFF PROPOSAL MANIFEST stored"     from=127.0.0.1:40399 number=30 proposalID=0xd409ab5133220fe297003802a58ee2f69702d9fb44d9cb0f3a497090329e9d0a manifestBytes=830  missing=0 bodyBytes=830
        t=2026-09-22T08:50:04+0200 lvl=info msg="HOTSTUFF PROPOSAL MANIFEST stored"     from=127.0.0.1:44623 number=31 proposalID=0x46f17dfeb63ed73c61f3fe38c67be1d1e7a7b9ea1b7c71e7ddb33fd3d86b8e91 manifestBytes=1220 missing=0 bodyBytes=3350
        t=2026-09-22T08:50:04+0200 lvl=info msg="HOTSTUFF PROPOSAL MANIFEST stored"     from=127.0.0.1:44623 number=32 proposalID=0xfb608214ad33b5ddae9352c7d690b1db4d853d474635f6de6f0cbb30299df7da manifestBytes=830  missing=0 bodyBytes=830
        t=2026-09-22T08:50:05+0200 lvl=info msg="HOTSTUFF PROPOSAL MANIFEST stored"     from=127.0.0.1:39412 number=33 proposalID=0xee1124b7f92b5b28c29067cc746b8ac51b33bd8cb02fcc869905eb0908266111 manifestBytes=1220 missing=1 bodyBytes=3350
        t=2026-09-22T08:50:05+0200 lvl=eror msg="OnPropose wait proposal body"          number=33 proposalID=0xee1124b7f92b5b28c29067cc746b8ac51b33bd8cb02fcc869905eb0908266111 err="hotstuff view state too old"
        t=2026-09-22T08:50:05+0200 lvl=warn msg="HOTSTUFF PROPOSAL MANIFEST authority rejected" from=127.0.0.1:39412 leader=127.0.0.1:39412 number=34 proposalID=0x55c008c40223de98b4ee1b0de65b3f8b49d5c770a08bfcf7ff1b46808ec332e6 err="proposal manifest does not match the current deterministic leader route: manifest key committee is already canonical but is not the current route"
        t=2026-09-22T08:50:05+0200 lvl=info msg="HOTSTUFF PROPOSAL REPAIR REQUEST"      to=127.0.0.1:39412 number=34 proposalID=0x55c008c40223de98b4ee1b0de65b3f8b49d5c770a08bfcf7ff1b46808ec332e6 missing=0 attempt=0
        t=2026-09-22T08:50:05+0200 lvl=info msg="HOTSTUFF PROPOSAL MANIFEST stored"     from=127.0.0.1:39412 number=34 proposalID=0x55c008c40223de98b4ee1b0de65b3f8b49d5c770a08bfcf7ff1b46808ec332e6 manifestBytes=830  missing=0 bodyBytes=830
        t=2026-09-22T08:50:06+0200 lvl=info msg="HOTSTUFF PROPOSAL MANIFEST stored"     from=127.0.0.1:53531 number=35 proposalID=0x45f58095b83d9f8673fb466456866966c820ef065a4e972221af14388f1db1ab manifestBytes=1220 missing=0 bodyBytes=3350
        t=2026-09-22T08:50:06+0200 lvl=info msg="HOTSTUFF PROPOSAL MANIFEST stored"     from=127.0.0.1:47103 number=36 proposalID=0xddb573543e3bf5ec3ca532758fefb971fd1948d39793aacf8aa0e5bdba40d839 manifestBytes=830  missing=0 bodyBytes=830
        t=2026-09-22T08:50:07+0200 lvl=info msg="HOTSTUFF PROPOSAL MANIFEST stored"     from=127.0.0.1:53531 number=37 proposalID=0x79bc4ff319500d6caf055955657752abb1faade8a665cec807ec356894da15d2 manifestBytes=1220 missing=0 bodyBytes=3350
        t=2026-09-22T08:50:08+0200 lvl=info msg="HOTSTUFF PROPOSAL MANIFEST stored"     from=127.0.0.1:47103 number=38 proposalID=0x680ae0f4a3facf4902f2e6861998230e90adb5e1db0e9d61de457a9923122f9c manifestBytes=830  missing=0 bodyBytes=830
        t=2026-09-22T08:50:08+0200 lvl=info msg="HOTSTUFF PROPOSAL MANIFEST stored"     from=127.0.0.1:41928 number=39 proposalID=0x24df6e90e59bed2001eb25187e1a634430bd474d16f83d1df4c9e3207cfc89ab manifestBytes=1220 missing=0 bodyBytes=3350
        t=2026-09-22T08:50:09+0200 lvl=info msg="HOTSTUFF PROPOSAL MANIFEST stored"     from=127.0.0.1:41928 number=40 proposalID=0x758e1926821b595007813fd59ef4b726676b641ea76095469a6498db690684ce manifestBytes=830  missing=0 bodyBytes=830
        t=2026-09-22T08:50:09+0200 lvl=info msg="HOTSTUFF PROPOSAL REF"                 number=41 viewID=0x34dfb592b043d162684adf36f270371bd1aca715f0cd88e4aef369e229be6d9b proposalID=0xce146a9fce76c04695d7f7c540c1f0df3fb2f7b855145e3d3228476269d3d40c blockHash=0x7944af95f25c1e2f3d8f761172af7032df57601395b0fd518f3fd1d2fa30576f bodyHash=0x370a79f5d5c016c69c4f396ca2d25bceb6f0fc50d8e2ffd70b071d329b73b382 bodySize=3350  refBytes=442
        t=2026-09-22T08:50:10+0200 lvl=info msg="HOTSTUFF PROPOSAL MANIFEST stored"     from=127.0.0.1:47103 number=42 proposalID=0x15a0bc2d8cca6c27422c0870b2e080ab2902f6cc0f644cc822b4beac22fc1878 manifestBytes=830  missing=0 bodyBytes=830
        t=2026-09-22T08:50:10+0200 lvl=info msg="HOTSTUFF PROPOSAL MANIFEST stored"     from=127.0.0.1:44623 number=43 proposalID=0x47bfcefbb4b8538607f7d8f053927a73e07f4ef69fd5db37442a2f4db8431141 manifestBytes=1220 missing=0 bodyBytes=3350
        t=2026-09-22T08:50:10+0200 lvl=info msg="HOTSTUFF PROPOSAL MANIFEST stored"     from=127.0.0.1:41928 number=44 proposalID=0x49811c4d4606f699cf307aca2e33527bef90c34cc923a462c971a74bce855140 manifestBytes=830  missing=0 bodyBytes=830
        t=2026-09-22T08:50:11+0200 lvl=warn msg=GetBlockByNumer                         number=1
        t=2026-09-22T08:50:11+0200 lvl=warn msg=GetBlockByNumer                         number=43
        t=2026-09-22T08:50:11+0200 lvl=info msg="HOTSTUFF PROPOSAL MANIFEST stored"     from=127.0.0.1:39412 number=45 proposalID=0x8be5bcd14c94a63346258cf649f9e99352252669241636b572cf471d2a3e6032 manifestBytes=1220 missing=1 bodyBytes=3350
        t=2026-09-22T08:50:11+0200 lvl=eror msg="OnPropose wait proposal body"          number=45 proposalID=0x8be5bcd14c94a63346258cf649f9e99352252669241636b572cf471d2a3e6032 err="hotstuff view state too old"
        t=2026-09-22T08:50:11+0200 lvl=warn msg="reject new-view before storage"        from=127.0.0.1:39412 viewID=0xfd01b2a29e5dbde6861881707d19a93db5d23f5e6435d225c4933a5cd8f19ebb err="hotstuff proposal validation pending"
        t=2026-09-22T08:50:11+0200 lvl=warn msg="reject new-view before storage"        from=127.0.0.1:47103 viewID=0xfd01b2a29e5dbde6861881707d19a93db5d23f5e6435d225c4933a5cd8f19ebb err="hotstuff proposal validation pending"
        t=2026-09-22T08:50:11+0200 lvl=warn msg="reject new-view before storage"        from=127.0.0.1:53531 viewID=0xfd01b2a29e5dbde6861881707d19a93db5d23f5e6435d225c4933a5cd8f19ebb err="hotstuff proposal validation pending"
        t=2026-09-22T08:50:11+0200 lvl=warn msg="reject new-view before storage"        from=127.0.0.1:41928 viewID=0xfd01b2a29e5dbde6861881707d19a93db5d23f5e6435d225c4933a5cd8f19ebb err="hotstuff proposal validation pending"
        t=2026-09-22T08:50:11+0200 lvl=warn msg="reject new-view before storage"        from=127.0.0.1:44623 viewID=0xfd01b2a29e5dbde6861881707d19a93db5d23f5e6435d225c4933a5cd8f19ebb err="hotstuff proposal validation pending"
        t=2026-09-22T08:50:11+0200 lvl=info msg="HOTSTUFF PROPOSAL REF"                 number=46 viewID=0xfd01b2a29e5dbde6861881707d19a93db5d23f5e6435d225c4933a5cd8f19ebb proposalID=0x0ccb329d44726fba9ea26234188cbcf4ff626b9c8bf5125b7d70d31f79761b8b blockHash=0x07439fabd163ca50cde06f3d38214837f2e809c11f9a92f3df79f3ba082fa8a0 bodyHash=0xc51f2768eedd8808405d39a4b07e7b7a469f224b00406c8921c757c4e48c3c58 bodySize=830   refBytes=439
        t=2026-09-22T08:50:11+0200 lvl=warn msg="Send msg try again"                    address=[::]:57323 Couldn't send to=127.0.0.1:47103 error="Operation Canceled"
        t=2026-09-22T08:50:11+0200 lvl=eror msg=CloseConnect                            =[::]:57323 having error closing conn to=127.0.0.1:47103 error="Connection Closed"
        t=2026-09-22T08:50:12+0200 lvl=info msg="HOTSTUFF PROPOSAL REF"                 number=47 viewID=0x90475da8ee9b7ba170232cabb4ef9b62b85df51de383bf6e3de769bce4a4524f proposalID=0xd4f8311882f91bdd05bb06f271ef8bca799471f9318d7ad9932a1395c27ee4fe blockHash=0x1b66593c98514005d34ddf07766e4645c4ca4532fe8627a8964b755e9fcebf5b bodyHash=0xa9b6a4a2a8be539b78cd02671d01519cf4b199da8e639266501ded6cf42168aa bodySize=3350  refBytes=442
        t=2026-09-22T08:50:12+0200 lvl=info msg="HOTSTUFF PROPOSAL MANIFEST stored"     from=127.0.0.1:40399 number=48 proposalID=0xaeb7b7679b23e1c361c0c77f4685e002f0d7e683dd5117c75ea0648812ac4bfc manifestBytes=830  missing=0 bodyBytes=830
        t=2026-09-22T08:50:12+0200 lvl=warn msg=GetBlockByNumer                         number=1
        t=2026-09-22T08:50:12+0200 lvl=warn msg=GetBlockByNumer                         number=47
        t=2026-09-22T08:50:12+0200 lvl=warn msg=GetBlockByNumer                         number=1
        t=2026-09-22T08:50:12+0200 lvl=warn msg=GetBlockByNumer                         number=47
    fhs_process_recovery_test.go:225: validator 943797 complete log: /tmp/fhs-process-failure-3056792286.log
    fhs_process_recovery_test.go:230: validator 943797 log tail:
        t=2026-09-22T08:49:28+0200 lvl=warn msg=GetBlockByNumer number=0
        t=2026-09-22T08:49:28+0200 lvl=warn msg="Failed to load snapshot, regenerating" err="missing or corrupted snapshot"
        t=2026-09-22T08:49:39+0200 lvl=eror msg=Connect                                 Could not connect to=127.0.0.1:41928 error="CRYPTO_ERROR 0x150 (remote): tls: internal error"
        t=2026-09-22T08:49:39+0200 lvl=eror msg=Connect                                 Could not connect to=127.0.0.1:44623 error="CRYPTO_ERROR 0x150 (remote): tls: internal error"
        t=2026-09-22T08:49:43+0200 lvl=info msg="HOTSTUFF PROPOSAL MANIFEST stored"     from=127.0.0.1:47103 number=1 proposalID=0x903e84a9136e8695befa14c554cf97ad7116f65f849a82378edc07ed75677dbb manifestBytes=1219 missing=0 bodyBytes=1314
        t=2026-09-22T08:49:43+0200 lvl=info msg="HOTSTUFF PROPOSAL MANIFEST stored"     from=127.0.0.1:47103 number=2 proposalID=0xcda764a54f9eb5b67a9ef85bbe44a98ef3220909b1342f811110042427e12985 manifestBytes=830  missing=0 bodyBytes=830
        t=2026-09-22T08:49:44+0200 lvl=warn msg="HandleConn drops connection: closed"   address=127.0.0.1:40399 remot=127.0.0.1:47103
        t=2026-09-22T08:49:44+0200 lvl=info msg="HOTSTUFF PROPOSAL REPAIR REQUEST"      to=127.0.0.1:47103 number=3 proposalID=0x397ffecb97f97f451550696a111a75c1178917a4d125f7e4f665b604b9f01a7f missing=0 attempt=0
        t=2026-09-22T08:49:44+0200 lvl=info msg="HOTSTUFF PROPOSAL MANIFEST stored"     from=127.0.0.1:47103 number=3 proposalID=0x397ffecb97f97f451550696a111a75c1178917a4d125f7e4f665b604b9f01a7f manifestBytes=1219 missing=0 bodyBytes=1314
        t=2026-09-22T08:49:44+0200 lvl=info msg="HOTSTUFF PROPOSAL MANIFEST stored"     from=127.0.0.1:47103 number=4 proposalID=0xa2c1b0cc4e13aecb9bdac37082d17ca9299c0d9ebd3ed883bb90fe19c29459b7 manifestBytes=830  missing=0 bodyBytes=830
        t=2026-09-22T08:49:44+0200 lvl=info msg="HOTSTUFF PROPOSAL MANIFEST stored"     from=127.0.0.1:41928 number=5 proposalID=0xed44a56435e415196e3754a30cd40bb86f9252171250510a1fc518a2b5297b8c manifestBytes=1219 missing=0 bodyBytes=1314
        t=2026-09-22T08:49:45+0200 lvl=info msg="HOTSTUFF PROPOSAL MANIFEST stored"     from=127.0.0.1:44623 number=6 proposalID=0x6f4305ba0151baad9584e17f56668312eb26bf2e077ad9e9a9c33b89b12ba2f6 manifestBytes=830  missing=0 bodyBytes=830
        t=2026-09-22T08:49:45+0200 lvl=info msg="HOTSTUFF PROPOSAL REF"                 number=7 viewID=0x660dfe825a55d230b438e78294026c2c62c5c14a28a3392c8c8d719a63b82da6 proposalID=0x75bceace31736aea187cb33a8409ad52f54604023c269b3689a778ece3e08129 blockHash=0x842ae670ab86ffd379eb3575b799e1d6f2758184eede29673fe76f23aeea75b4 bodyHash=0x630e690f3fbf0019a03d4e57b6b445e348343444124004a0a0256d28ac2eb227 bodySize=1313 refBytes=442
        t=2026-09-22T08:49:45+0200 lvl=info msg="HOTSTUFF PROPOSAL MANIFEST stored"     from=127.0.0.1:41928 number=8 proposalID=0x58891577fd91c92ee18b49074417ea909a25b63406ab49a1bdbede3f38b416f1 manifestBytes=830  missing=0 bodyBytes=830
        t=2026-09-22T08:49:46+0200 lvl=warn msg=GetBlockByNumer                         number=1
        t=2026-09-22T08:49:46+0200 lvl=warn msg=GetBlockByNumer                         number=7
        t=2026-09-22T08:49:46+0200 lvl=warn msg=GetBlockByNumer                         number=1
        t=2026-09-22T08:49:46+0200 lvl=warn msg=GetBlockByNumer                         number=7
        t=2026-09-22T08:49:51+0200 lvl=warn msg="HOTSTUFF RECOVERY resend NewView"      number=9 viewID=0x695101ee7addaa9e0987cbb0513f9d8fd3ecfd05e50648513ccf701faacfd30c to=127.0.0.1:57323
        t=2026-09-22T08:49:54+0200 lvl=info msg="HOTSTUFF PROPOSAL MANIFEST stored"     from=127.0.0.1:57323 number=9 proposalID=0x3a3711221019ebbe6da662910968febd2b83081c671376ec06648bf2a230209e manifestBytes=1220 missing=0 bodyBytes=20250
        t=2026-09-22T08:49:54+0200 lvl=info msg="HOTSTUFF PROPOSAL MANIFEST stored"     from=127.0.0.1:41928 number=10 proposalID=0xae37a2ce35184bbacf9c71254735a26caa8c11c0fcc77505737fec407ba7100a manifestBytes=830  missing=0 bodyBytes=830
        t=2026-09-22T08:49:54+0200 lvl=info msg="HOTSTUFF PROPOSAL MANIFEST stored"     from=127.0.0.1:53531 number=11 proposalID=0x5c2e9302e5d7fbc49320a3ad930948e63122559b859963c9572b5340b0d01140 manifestBytes=1220 missing=0 bodyBytes=3350
        t=2026-09-22T08:49:55+0200 lvl=info msg="HOTSTUFF PROPOSAL MANIFEST stored"     from=127.0.0.1:57323 number=12 proposalID=0x28dff2bdbdf5fa74e63f351ea3b3f15d48b8501403792284238c2f9d09f0393f manifestBytes=830  missing=0 bodyBytes=830
        t=2026-09-22T08:49:55+0200 lvl=info msg="HOTSTUFF PROPOSAL REF"                 number=13 viewID=0x5c318f35e2021e7bc5c63e25ee3bf68b8a0714449f6da91d516b643c5ce99090 proposalID=0x65f54f86176aa6dd160a429e6d43d5aa5b5362bfc28b750dfc68569877301f19 blockHash=0xfc445674f6f9418e544574deb9cf9dc6e5095ab11f3a4b93e69280078ef4dbd2 bodyHash=0xdf3e8a39a98d46ba253072c1893ff20c34c59263d385eda0094a0e23b6ce6221 bodySize=3350 refBytes=442
        t=2026-09-22T08:49:55+0200 lvl=warn msg="Send msg try again"                    address=[::]:40399      Couldn't send to=127.0.0.1:41928 error="Operation Canceled"
        t=2026-09-22T08:49:55+0200 lvl=eror msg=CloseConnect                            =[::]:40399 having error closing conn to=127.0.0.1:53547 error="Connection Closed"
        t=2026-09-22T08:49:55+0200 lvl=info msg="HOTSTUFF PROPOSAL MANIFEST stored"     from=127.0.0.1:44623 number=14 proposalID=0x6310b82612d607432a3f1d4ae5abc132f5ef813158b9161913bb16eb6f04aaed manifestBytes=830  missing=0 bodyBytes=830
        t=2026-09-22T08:49:56+0200 lvl=info msg="HOTSTUFF PROPOSAL MANIFEST stored"     from=127.0.0.1:41928 number=15 proposalID=0x0fd242c915bd56f3831ee011600953ae20dc084b9d81cf18d0a65c1946193265 manifestBytes=1220 missing=0 bodyBytes=3350
        t=2026-09-22T08:49:56+0200 lvl=warn msg="reject new-view before storage"        from=127.0.0.1:53531 viewID=0x893ad85c5df2d95e338124c6a388381f52893b9c8afcb8578937a8bcd83bd0eb err="hotstuff proposal validation pending"
        t=2026-09-22T08:49:56+0200 lvl=warn msg="reject new-view before storage"        from=127.0.0.1:57323 viewID=0x893ad85c5df2d95e338124c6a388381f52893b9c8afcb8578937a8bcd83bd0eb err="hotstuff proposal validation pending"
        t=2026-09-22T08:49:56+0200 lvl=warn msg="reject new-view before storage"        from=127.0.0.1:41928 viewID=0x893ad85c5df2d95e338124c6a388381f52893b9c8afcb8578937a8bcd83bd0eb err="hotstuff proposal validation pending"
        t=2026-09-22T08:49:56+0200 lvl=warn msg="reject new-view before storage"        from=127.0.0.1:44623 viewID=0x893ad85c5df2d95e338124c6a388381f52893b9c8afcb8578937a8bcd83bd0eb err="hotstuff proposal validation pending"
        t=2026-09-22T08:49:56+0200 lvl=info msg="HOTSTUFF PROPOSAL REF"                 number=16 viewID=0x893ad85c5df2d95e338124c6a388381f52893b9c8afcb8578937a8bcd83bd0eb proposalID=0xa2c2af6814a68be8881f5c391fd42b3e124d1cf5df619793ba24cbbc245f6b03 blockHash=0x8409738157020b7baf49d4227c95c3cb5dc7d0b720b08e9c729a0023afe65413 bodyHash=0x70804f90deb8564bedad5b7e0e5bce761d60b345c6167565b836b5a66447a689 bodySize=830  refBytes=439
        t=2026-09-22T08:49:56+0200 lvl=warn msg="Send msg try again"                    address=[::]:40399      Couldn't send to=127.0.0.1:41928 error="Operation Canceled"
        t=2026-09-22T08:49:56+0200 lvl=eror msg=CloseConnect                            =[::]:40399 having error closing conn to=127.0.0.1:41928 error="Connection Closed"
        t=2026-09-22T08:49:57+0200 lvl=info msg="HOTSTUFF PROPOSAL REF"                 number=17 viewID=0xe1c7d4ee162e548a5d2fe2662fc49447b092c013fa2b59fb719dd6eb17d30578 proposalID=0x6d70d5522da5725a9f7f0be1a0056f9764e27f82d4c216d2abf1cd6645297019 blockHash=0xccd45c042c5a59909aeeda7a1db23931ebbf892cfa300d8599451f784eed560b bodyHash=0x8d3d6afc7502d186f4702095d517bb99639ba2a6c1e683db15eedd0ea79c267e bodySize=3350 refBytes=442
        t=2026-09-22T08:49:57+0200 lvl=info msg="HOTSTUFF PROPOSAL MANIFEST stored"     from=127.0.0.1:39412 number=18 proposalID=0x67f4044ba5ce847403cba08bb79121138266fe4fcca63e473b08466853cc348c manifestBytes=830  missing=0 bodyBytes=830
        t=2026-09-22T08:49:58+0200 lvl=info msg="HOTSTUFF PROPOSAL REF"                 number=19 viewID=0xe3ea9b5c088a5ac4296deb7249417db9b1cab0c29951469754966d508c6d8d3b proposalID=0x77d76962e3475436177b41f34f860a7b79545a5c7473c4c494292dd50e4719e8 blockHash=0x98141c65fbd4b7a3d5fe012d9e510022679cfaa029ef5c972f1bf7edf3d3c22b bodyHash=0x456d0abf7b57cb1a7940d831eb5e2a286f53bd924c7bd52d3be7ae5b7d518c7c bodySize=3350 refBytes=442
        t=2026-09-22T08:49:58+0200 lvl=info msg="HOTSTUFF PROPOSAL MANIFEST stored"     from=127.0.0.1:53531 number=20 proposalID=0x6ea97323bf4c7c0f97c4b81fd0bd2b188a5356abe13c6141cb3a5c41b89e15dc manifestBytes=830  missing=0 bodyBytes=830
        t=2026-09-22T08:49:59+0200 lvl=info msg="HOTSTUFF PROPOSAL MANIFEST stored"     from=127.0.0.1:39412 number=21 proposalID=0xa1156c60d2ac341b7b6ee678cddfeb3bb068ee1a62f1d9510ba7b13857a79f41 manifestBytes=1220 missing=0 bodyBytes=3350
        t=2026-09-22T08:49:59+0200 lvl=info msg="HOTSTUFF PROPOSAL MANIFEST stored"     from=127.0.0.1:44623 number=22 proposalID=0x15970b5ad1ae2fcd6c1aad3912f38cf9e4e62b2d272e8ff2f548854ad5ed114f manifestBytes=830  missing=0 bodyBytes=830
        t=2026-09-22T08:49:59+0200 lvl=info msg="HOTSTUFF PROPOSAL MANIFEST stored"     from=127.0.0.1:47103 number=23 proposalID=0xf03d7ce0aa0a92646376c508fbeb56858939aa9a64dd10e4058bf70dc822117e manifestBytes=1220 missing=0 bodyBytes=3350
        t=2026-09-22T08:50:00+0200 lvl=info msg="HOTSTUFF PROPOSAL MANIFEST stored"     from=127.0.0.1:47103 number=24 proposalID=0xf32e929bfa3f699f70eb170f0c8b3e194372edd30118c510542a308d208febd1 manifestBytes=830  missing=0 bodyBytes=830
        t=2026-09-22T08:50:01+0200 lvl=info msg="HOTSTUFF PROPOSAL MANIFEST stored"     from=127.0.0.1:41928 number=25 proposalID=0xdf1f660086d42e3f6598b39fecc5cc673efea7236e05f87cbc730748885a00e9 manifestBytes=1220 missing=0 bodyBytes=3350
        t=2026-09-22T08:50:01+0200 lvl=info msg="HOTSTUFF PROPOSAL MANIFEST stored"     from=127.0.0.1:57323 number=26 proposalID=0xf8bc0a963ca89910ace9380fc0dfc9bc00d988fa2c81f0003c6f913ad8f08589 manifestBytes=830  missing=0 bodyBytes=830
        t=2026-09-22T08:50:02+0200 lvl=info msg="HOTSTUFF PROPOSAL MANIFEST stored"     from=127.0.0.1:57323 number=27 proposalID=0x5aafceed88f2d0af196ca7eae78f509cabda3eae4d867fbfd592579d7a296386 manifestBytes=1220 missing=0 bodyBytes=3350
        t=2026-09-22T08:50:02+0200 lvl=info msg="HOTSTUFF PROPOSAL MANIFEST stored"     from=127.0.0.1:44623 number=28 proposalID=0xa56f8488f4c59943cf8e180c1073ba274fac7a31b580cfc838d88fb1074f386f manifestBytes=830  missing=0 bodyBytes=830
        t=2026-09-22T08:50:03+0200 lvl=info msg="HOTSTUFF PROPOSAL MANIFEST stored"     from=127.0.0.1:44623 number=29 proposalID=0x05fb39f52469ee98867cbd5270678e655a13bbe83cb79180cc6456889ea1f34b manifestBytes=1220 missing=0 bodyBytes=3350
        t=2026-09-22T08:50:03+0200 lvl=warn msg="reject new-view before storage"        from=127.0.0.1:47103 viewID=0x78135b74780944e8d4c61b36d7fa3cdbf9366fb35fd2dccc698ab1630d8c621e err="hotstuff proposal validation pending"
        t=2026-09-22T08:50:03+0200 lvl=warn msg="reject new-view before storage"        from=127.0.0.1:44623 viewID=0x78135b74780944e8d4c61b36d7fa3cdbf9366fb35fd2dccc698ab1630d8c621e err="hotstuff proposal validation pending"
        t=2026-09-22T08:50:03+0200 lvl=warn msg="reject new-view before storage"        from=127.0.0.1:57323 viewID=0x78135b74780944e8d4c61b36d7fa3cdbf9366fb35fd2dccc698ab1630d8c621e err="hotstuff proposal validation pending"
        t=2026-09-22T08:50:03+0200 lvl=warn msg="reject new-view before storage"        from=127.0.0.1:53531 viewID=0x78135b74780944e8d4c61b36d7fa3cdbf9366fb35fd2dccc698ab1630d8c621e err="hotstuff proposal validation pending"
        t=2026-09-22T08:50:03+0200 lvl=info msg="HOTSTUFF PROPOSAL REF"                 number=30 viewID=0x78135b74780944e8d4c61b36d7fa3cdbf9366fb35fd2dccc698ab1630d8c621e proposalID=0xd409ab5133220fe297003802a58ee2f69702d9fb44d9cb0f3a497090329e9d0a blockHash=0x4ff8f584d5d9963a238146d0df4fbe98321a7073d32b21907e649a58516d9749 bodyHash=0xa2fe0ff49442e9e1c8a8ecea1f4ee0e479a38078522aaacd6c6e6d9039e01c21 bodySize=830  refBytes=439
        t=2026-09-22T08:50:03+0200 lvl=warn msg="Send msg try again"                    address=[::]:40399      Couldn't send to=127.0.0.1:41928 error="Operation Canceled"
        t=2026-09-22T08:50:03+0200 lvl=eror msg=CloseConnect                            =[::]:40399 having error closing conn to=127.0.0.1:41928 error="Connection Closed"
        t=2026-09-22T08:50:04+0200 lvl=info msg="HOTSTUFF PROPOSAL MANIFEST stored"     from=127.0.0.1:44623 number=31 proposalID=0x46f17dfeb63ed73c61f3fe38c67be1d1e7a7b9ea1b7c71e7ddb33fd3d86b8e91 manifestBytes=1220 missing=1 bodyBytes=3350
        t=2026-09-22T08:50:04+0200 lvl=eror msg="OnPropose wait proposal body"          number=31 proposalID=0x46f17dfeb63ed73c61f3fe38c67be1d1e7a7b9ea1b7c71e7ddb33fd3d86b8e91 err="hotstuff view state too old"
        t=2026-09-22T08:50:04+0200 lvl=warn msg="HOTSTUFF PROPOSAL MANIFEST authority rejected" from=127.0.0.1:44623 leader=127.0.0.1:44623 number=32 proposalID=0xfb608214ad33b5ddae9352c7d690b1db4d853d474635f6de6f0cbb30299df7da err="proposal manifest does not match the current deterministic leader route: manifest key committee is already canonical but is not the current route"
        t=2026-09-22T08:50:05+0200 lvl=info msg="HOTSTUFF PROPOSAL REPAIR REQUEST"      to=127.0.0.1:44623 number=32 proposalID=0xfb608214ad33b5ddae9352c7d690b1db4d853d474635f6de6f0cbb30299df7da missing=0 attempt=0
        t=2026-09-22T08:50:05+0200 lvl=info msg="HOTSTUFF PROPOSAL MANIFEST stored"     from=127.0.0.1:44623 number=32 proposalID=0xfb608214ad33b5ddae9352c7d690b1db4d853d474635f6de6f0cbb30299df7da manifestBytes=830  missing=0 bodyBytes=830
        t=2026-09-22T08:50:05+0200 lvl=info msg="HOTSTUFF PROPOSAL MANIFEST stored"     from=127.0.0.1:39412 number=33 proposalID=0xee1124b7f92b5b28c29067cc746b8ac51b33bd8cb02fcc869905eb0908266111 manifestBytes=1220 missing=0 bodyBytes=3350
        t=2026-09-22T08:50:05+0200 lvl=info msg="HOTSTUFF PROPOSAL MANIFEST stored"     from=127.0.0.1:39412 number=34 proposalID=0x55c008c40223de98b4ee1b0de65b3f8b49d5c770a08bfcf7ff1b46808ec332e6 manifestBytes=830  missing=0 bodyBytes=830
        t=2026-09-22T08:50:05+0200 lvl=warn msg="HandleConn drops connection: closed"   address=127.0.0.1:40399 remot=127.0.0.1:39412
        t=2026-09-22T08:50:06+0200 lvl=info msg="HOTSTUFF PROPOSAL MANIFEST stored"     from=127.0.0.1:53531 number=35 proposalID=0x45f58095b83d9f8673fb466456866966c820ef065a4e972221af14388f1db1ab manifestBytes=1220 missing=0 bodyBytes=3350
        t=2026-09-22T08:50:06+0200 lvl=info msg="HOTSTUFF PROPOSAL MANIFEST stored"     from=127.0.0.1:47103 number=36 proposalID=0xddb573543e3bf5ec3ca532758fefb971fd1948d39793aacf8aa0e5bdba40d839 manifestBytes=830  missing=0 bodyBytes=830
        t=2026-09-22T08:50:07+0200 lvl=info msg="HOTSTUFF PROPOSAL MANIFEST stored"     from=127.0.0.1:53531 number=37 proposalID=0x79bc4ff319500d6caf055955657752abb1faade8a665cec807ec356894da15d2 manifestBytes=1220 missing=0 bodyBytes=3350
        t=2026-09-22T08:50:08+0200 lvl=info msg="HOTSTUFF PROPOSAL MANIFEST stored"     from=127.0.0.1:47103 number=38 proposalID=0x680ae0f4a3facf4902f2e6861998230e90adb5e1db0e9d61de457a9923122f9c manifestBytes=830  missing=0 bodyBytes=830
        t=2026-09-22T08:50:08+0200 lvl=info msg="HOTSTUFF PROPOSAL MANIFEST stored"     from=127.0.0.1:41928 number=39 proposalID=0x24df6e90e59bed2001eb25187e1a634430bd474d16f83d1df4c9e3207cfc89ab manifestBytes=1220 missing=0 bodyBytes=3350
        t=2026-09-22T08:50:09+0200 lvl=info msg="HOTSTUFF PROPOSAL MANIFEST stored"     from=127.0.0.1:41928 number=40 proposalID=0x758e1926821b595007813fd59ef4b726676b641ea76095469a6498db690684ce manifestBytes=830  missing=0 bodyBytes=830
        t=2026-09-22T08:50:09+0200 lvl=info msg="HOTSTUFF PROPOSAL MANIFEST stored"     from=127.0.0.1:57323 number=41 proposalID=0xce146a9fce76c04695d7f7c540c1f0df3fb2f7b855145e3d3228476269d3d40c manifestBytes=1220 missing=0 bodyBytes=3350
        t=2026-09-22T08:50:10+0200 lvl=info msg="HOTSTUFF PROPOSAL MANIFEST stored"     from=127.0.0.1:47103 number=42 proposalID=0x15a0bc2d8cca6c27422c0870b2e080ab2902f6cc0f644cc822b4beac22fc1878 manifestBytes=830  missing=0 bodyBytes=830
        t=2026-09-22T08:50:10+0200 lvl=info msg="HOTSTUFF PROPOSAL MANIFEST stored"     from=127.0.0.1:44623 number=43 proposalID=0x47bfcefbb4b8538607f7d8f053927a73e07f4ef69fd5db37442a2f4db8431141 manifestBytes=1220 missing=0 bodyBytes=3350
        t=2026-09-22T08:50:10+0200 lvl=info msg="HOTSTUFF PROPOSAL MANIFEST stored"     from=127.0.0.1:41928 number=44 proposalID=0x49811c4d4606f699cf307aca2e33527bef90c34cc923a462c971a74bce855140 manifestBytes=830  missing=0 bodyBytes=830
        t=2026-09-22T08:50:11+0200 lvl=warn msg=GetBlockByNumer                         number=1
        t=2026-09-22T08:50:11+0200 lvl=warn msg=GetBlockByNumer                         number=43
        t=2026-09-22T08:50:11+0200 lvl=info msg="HOTSTUFF PROPOSAL MANIFEST stored"     from=127.0.0.1:39412 number=45 proposalID=0x8be5bcd14c94a63346258cf649f9e99352252669241636b572cf471d2a3e6032 manifestBytes=1220 missing=1 bodyBytes=3350
        t=2026-09-22T08:50:11+0200 lvl=eror msg="OnPropose wait proposal body"          number=45 proposalID=0x8be5bcd14c94a63346258cf649f9e99352252669241636b572cf471d2a3e6032 err="hotstuff view state too old"
        t=2026-09-22T08:50:11+0200 lvl=info msg="HOTSTUFF PROPOSAL MANIFEST stored"     from=127.0.0.1:57323 number=46 proposalID=0x0ccb329d44726fba9ea26234188cbcf4ff626b9c8bf5125b7d70d31f79761b8b manifestBytes=830  missing=0 bodyBytes=830
        t=2026-09-22T08:50:12+0200 lvl=info msg="HOTSTUFF PROPOSAL MANIFEST stored"     from=127.0.0.1:57323 number=47 proposalID=0xd4f8311882f91bdd05bb06f271ef8bca799471f9318d7ad9932a1395c27ee4fe manifestBytes=1220 missing=0 bodyBytes=3350
        t=2026-09-22T08:50:12+0200 lvl=info msg="HOTSTUFF PROPOSAL REF"                 number=48 viewID=0xc0a99cd3e429f8d1fbc4e65cebf2fc2ebda41d6741c0fb92aec37b5b935f2903 proposalID=0xaeb7b7679b23e1c361c0c77f4685e002f0d7e683dd5117c75ea0648812ac4bfc blockHash=0x2e8cf5e6f2948984eb1148adc29fdba1ca0725b007b50f5ac2390ef2507daf04 bodyHash=0x0fab3a3c5113b736c715f702f2f20c761534191fa170181a10e1a1028403e66a bodySize=830  refBytes=439
        t=2026-09-22T08:50:12+0200 lvl=warn msg=GetBlockByNumer                         number=1
        t=2026-09-22T08:50:12+0200 lvl=warn msg=GetBlockByNumer                         number=47
        t=2026-09-22T08:50:12+0200 lvl=warn msg=GetBlockByNumer                         number=1
        t=2026-09-22T08:50:12+0200 lvl=warn msg=GetBlockByNumer                         number=47
    fhs_process_recovery_test.go:225: validator 943790 complete log: /tmp/fhs-process-failure-3118900933.log
    fhs_process_recovery_test.go:230: validator 943790 log tail:
        t=2026-09-22T08:49:24+0200 lvl=warn msg=GetBlockByNumer number=0
        t=2026-09-22T08:49:24+0200 lvl=warn msg="Failed to load snapshot, regenerating" err="missing or corrupted snapshot"
        t=2026-09-22T08:49:39+0200 lvl=eror msg=Connect                                 Could not connect to=127.0.0.1:41928 error="CRYPTO_ERROR 0x150 (remote): tls: internal error"
        t=2026-09-22T08:49:39+0200 lvl=eror msg=Connect                                 Could not connect to=127.0.0.1:57323 error="CRYPTO_ERROR 0x150 (remote): tls: internal error"
        t=2026-09-22T08:49:39+0200 lvl=eror msg=Connect                                 Could not connect to=127.0.0.1:44623 error="CRYPTO_ERROR 0x150 (remote): tls: internal error"
        t=2026-09-22T08:49:43+0200 lvl=info msg="HOTSTUFF PROPOSAL REF"                 number=1 viewID=0x58561f44747d6ac794ae9efda6f8cead28a53bf100a1995f75d2f63728f1a79a proposalID=0x903e84a9136e8695befa14c554cf97ad7116f65f849a82378edc07ed75677dbb blockHash=0x4d73506414923843e27fb9f54e1c8fab6d53efe8738413c3f343bdafea4061c0 bodyHash=0x1b13c59ca2f9f6138f86012aa48ca4e6015f7cf99f62f9206c49fb9da0976a3d bodySize=1314 refBytes=442
        t=2026-09-22T08:49:43+0200 lvl=info msg="HOTSTUFF PROPOSAL REF"                 number=2 viewID=0x81df495d610a10178f46d6339a63d854f075bd995987a4ecb0207261288b195a proposalID=0xcda764a54f9eb5b67a9ef85bbe44a98ef3220909b1342f811110042427e12985 blockHash=0xe034907c6cb234512a49de5f15faeaf521c9f63bac37468926c6fe7c0057be4b bodyHash=0x25722ebfb29e5a2d28e2bdb85ad481524f9e86acd9d62e65e7905318002dcdab bodySize=830  refBytes=439
        t=2026-09-22T08:49:43+0200 lvl=warn msg="Send msg try again"                    address=[::]:47103 Couldn't send to=127.0.0.1:41928 error="Operation Canceled"
        t=2026-09-22T08:49:43+0200 lvl=eror msg=CloseConnect                            =[::]:47103 having error closing conn to=127.0.0.1:50543 error="Connection Closed"
        t=2026-09-22T08:49:44+0200 lvl=info msg="HOTSTUFF PROPOSAL REF"                 number=3 viewID=0x8389df12848bd683697f9512350696f9bb84d3000bed8c46f27b286d26a5bba1 proposalID=0x397ffecb97f97f451550696a111a75c1178917a4d125f7e4f665b604b9f01a7f blockHash=0x96ab5eb2e8382226061ef5e78b639727c7c0b75f7ec4f79cea245a9721055a98 bodyHash=0xa1030eeb05d96b9cb4e65c22d75d4a0fa6f8f8fa12246fd51e3de00f9f11ae57 bodySize=1314 refBytes=442
        t=2026-09-22T08:49:44+0200 lvl=warn msg="Send msg try again"                    address=[::]:47103 Couldn't send to=127.0.0.1:40399 error="Operation Canceled"
        t=2026-09-22T08:49:44+0200 lvl=eror msg=CloseConnect                            =[::]:47103 having error closing conn to=127.0.0.1:40399 error="Connection Closed"
        t=2026-09-22T08:49:44+0200 lvl=info msg="HOTSTUFF PROPOSAL REF"                 number=4 viewID=0x645ceaf33bd40b73ad989c1ac7db0774aa78b63732cb52414ecc5c4d2bada46c proposalID=0xa2c1b0cc4e13aecb9bdac37082d17ca9299c0d9ebd3ed883bb90fe19c29459b7 blockHash=0x318300f8cc18cb6ebd7a396e3c1ac941064465bca726cfb942d6a8100203add9 bodyHash=0x95daf5eaa97b14cf4a6c091515cfa2d27ea00a99bc8009c80d35efd44aea3442 bodySize=830  refBytes=439
        t=2026-09-22T08:49:44+0200 lvl=info msg="HOTSTUFF PROPOSAL MANIFEST stored"     from=127.0.0.1:41928 number=5 proposalID=0xed44a56435e415196e3754a30cd40bb86f9252171250510a1fc518a2b5297b8c manifestBytes=1219 missing=0 bodyBytes=1314
        t=2026-09-22T08:49:45+0200 lvl=info msg="HOTSTUFF PROPOSAL MANIFEST stored"     from=127.0.0.1:44623 number=6 proposalID=0x6f4305ba0151baad9584e17f56668312eb26bf2e077ad9e9a9c33b89b12ba2f6 manifestBytes=830  missing=0 bodyBytes=830
        t=2026-09-22T08:49:45+0200 lvl=info msg="HOTSTUFF PROPOSAL MANIFEST stored"     from=127.0.0.1:40399 number=7 proposalID=0x75bceace31736aea187cb33a8409ad52f54604023c269b3689a778ece3e08129 manifestBytes=1219 missing=0 bodyBytes=1313
        t=2026-09-22T08:49:45+0200 lvl=info msg="HOTSTUFF PROPOSAL MANIFEST stored"     from=127.0.0.1:41928 number=8 proposalID=0x58891577fd91c92ee18b49074417ea909a25b63406ab49a1bdbede3f38b416f1 manifestBytes=830  missing=0 bodyBytes=830
        t=2026-09-22T08:49:45+0200 lvl=warn msg="HandleConn drops connection: closed"   address=127.0.0.1:47103 remot=127.0.0.1:41928
        t=2026-09-22T08:49:46+0200 lvl=warn msg=GetBlockByNumer                         number=1
        t=2026-09-22T08:49:46+0200 lvl=warn msg=GetBlockByNumer                         number=7
        t=2026-09-22T08:49:46+0200 lvl=warn msg=GetBlockByNumer                         number=1
        t=2026-09-22T08:49:46+0200 lvl=warn msg=GetBlockByNumer                         number=7
        t=2026-09-22T08:49:51+0200 lvl=warn msg="HOTSTUFF RECOVERY resend NewView"      number=9 viewID=0x695101ee7addaa9e0987cbb0513f9d8fd3ecfd05e50648513ccf701faacfd30c to=127.0.0.1:57323
        t=2026-09-22T08:49:54+0200 lvl=info msg="HOTSTUFF PROPOSAL MANIFEST stored"     from=127.0.0.1:57323 number=9 proposalID=0x3a3711221019ebbe6da662910968febd2b83081c671376ec06648bf2a230209e manifestBytes=1220 missing=0 bodyBytes=20250
        t=2026-09-22T08:49:54+0200 lvl=info msg="HOTSTUFF PROPOSAL MANIFEST stored"     from=127.0.0.1:41928 number=10 proposalID=0xae37a2ce35184bbacf9c71254735a26caa8c11c0fcc77505737fec407ba7100a manifestBytes=830  missing=0 bodyBytes=830
        t=2026-09-22T08:49:54+0200 lvl=info msg="HOTSTUFF PROPOSAL MANIFEST stored"     from=127.0.0.1:53531 number=11 proposalID=0x5c2e9302e5d7fbc49320a3ad930948e63122559b859963c9572b5340b0d01140 manifestBytes=1220 missing=0 bodyBytes=3350
        t=2026-09-22T08:49:55+0200 lvl=info msg="HOTSTUFF PROPOSAL MANIFEST stored"     from=127.0.0.1:57323 number=12 proposalID=0x28dff2bdbdf5fa74e63f351ea3b3f15d48b8501403792284238c2f9d09f0393f manifestBytes=830  missing=0 bodyBytes=830
        t=2026-09-22T08:49:55+0200 lvl=info msg="HOTSTUFF PROPOSAL MANIFEST stored"     from=127.0.0.1:40399 number=13 proposalID=0x65f54f86176aa6dd160a429e6d43d5aa5b5362bfc28b750dfc68569877301f19 manifestBytes=1220 missing=0 bodyBytes=3350
        t=2026-09-22T08:49:55+0200 lvl=info msg="HOTSTUFF PROPOSAL MANIFEST stored"     from=127.0.0.1:44623 number=14 proposalID=0x6310b82612d607432a3f1d4ae5abc132f5ef813158b9161913bb16eb6f04aaed manifestBytes=830  missing=0 bodyBytes=830
        t=2026-09-22T08:49:56+0200 lvl=info msg="HOTSTUFF PROPOSAL MANIFEST stored"     from=127.0.0.1:41928 number=15 proposalID=0x0fd242c915bd56f3831ee011600953ae20dc084b9d81cf18d0a65c1946193265 manifestBytes=1220 missing=0 bodyBytes=3350
        t=2026-09-22T08:49:56+0200 lvl=info msg="HOTSTUFF PROPOSAL MANIFEST stored"     from=127.0.0.1:40399 number=16 proposalID=0xa2c2af6814a68be8881f5c391fd42b3e124d1cf5df619793ba24cbbc245f6b03 manifestBytes=830  missing=0 bodyBytes=830
        t=2026-09-22T08:49:57+0200 lvl=info msg="HOTSTUFF PROPOSAL MANIFEST stored"     from=127.0.0.1:40399 number=17 proposalID=0x6d70d5522da5725a9f7f0be1a0056f9764e27f82d4c216d2abf1cd6645297019 manifestBytes=1220 missing=0 bodyBytes=3350
        t=2026-09-22T08:49:57+0200 lvl=info msg="HOTSTUFF PROPOSAL MANIFEST stored"     from=127.0.0.1:39412 number=18 proposalID=0x67f4044ba5ce847403cba08bb79121138266fe4fcca63e473b08466853cc348c manifestBytes=830  missing=0 bodyBytes=830
        t=2026-09-22T08:49:58+0200 lvl=info msg="HOTSTUFF PROPOSAL MANIFEST stored"     from=127.0.0.1:40399 number=19 proposalID=0x77d76962e3475436177b41f34f860a7b79545a5c7473c4c494292dd50e4719e8 manifestBytes=1220 missing=0 bodyBytes=3350
        t=2026-09-22T08:49:58+0200 lvl=info msg="HOTSTUFF PROPOSAL MANIFEST stored"     from=127.0.0.1:53531 number=20 proposalID=0x6ea97323bf4c7c0f97c4b81fd0bd2b188a5356abe13c6141cb3a5c41b89e15dc manifestBytes=830  missing=0 bodyBytes=830
        t=2026-09-22T08:49:59+0200 lvl=info msg="HOTSTUFF PROPOSAL MANIFEST stored"     from=127.0.0.1:39412 number=21 proposalID=0xa1156c60d2ac341b7b6ee678cddfeb3bb068ee1a62f1d9510ba7b13857a79f41 manifestBytes=1220 missing=0 bodyBytes=3350
        t=2026-09-22T08:49:59+0200 lvl=info msg="HOTSTUFF PROPOSAL MANIFEST stored"     from=127.0.0.1:44623 number=22 proposalID=0x15970b5ad1ae2fcd6c1aad3912f38cf9e4e62b2d272e8ff2f548854ad5ed114f manifestBytes=830  missing=0 bodyBytes=830
        t=2026-09-22T08:49:59+0200 lvl=info msg="HOTSTUFF PROPOSAL REF"                 number=23 viewID=0xa783f64a22cab234ab81a05a0cbe0c6c3bd477cd73d3173a926617471d332a20 proposalID=0xf03d7ce0aa0a92646376c508fbeb56858939aa9a64dd10e4058bf70dc822117e blockHash=0xe0a47d97824f9e4909cacb01fdbe3c881b18fba2bd4716efbf9001b057ea0123 bodyHash=0x7467c079e1fe4f01cda7691e997072f1b950f863ee8403b623863185edc91c98 bodySize=3350 refBytes=442
        t=2026-09-22T08:49:59+0200 lvl=warn msg="Send msg try again"                    address=[::]:47103      Couldn't send to=127.0.0.1:39412 error="Operation Canceled"
        t=2026-09-22T08:49:59+0200 lvl=eror msg=CloseConnect                            =[::]:47103 having error closing conn to=127.0.0.1:41819 error="Connection Closed"
        t=2026-09-22T08:50:00+0200 lvl=info msg="HOTSTUFF PROPOSAL REF"                 number=24 viewID=0x150085037ff4ded824a0112af70f9d80bb9a34269f29e45696a2c83bd9c0da94 proposalID=0xf32e929bfa3f699f70eb170f0c8b3e194372edd30118c510542a308d208febd1 blockHash=0x0d726b64d7687616c435e9c173f097867693126489fad05272b236c08edcc6f3 bodyHash=0x1d3eebd20261a51a96e176e80b2d92dbb08db60aac4f92868e7dd13e6ce2822e bodySize=830  refBytes=439
        t=2026-09-22T08:50:00+0200 lvl=warn msg="Send msg try again"                    address=[::]:47103      Couldn't send to=127.0.0.1:41928 error="Operation Canceled"
        t=2026-09-22T08:50:00+0200 lvl=eror msg=CloseConnect                            =[::]:47103 having error closing conn to=127.0.0.1:46497 error="Connection Closed"
        t=2026-09-22T08:50:01+0200 lvl=info msg="HOTSTUFF PROPOSAL MANIFEST stored"     from=127.0.0.1:41928 number=25 proposalID=0xdf1f660086d42e3f6598b39fecc5cc673efea7236e05f87cbc730748885a00e9 manifestBytes=1220 missing=0 bodyBytes=3350
        t=2026-09-22T08:50:01+0200 lvl=info msg="HOTSTUFF PROPOSAL MANIFEST stored"     from=127.0.0.1:57323 number=26 proposalID=0xf8bc0a963ca89910ace9380fc0dfc9bc00d988fa2c81f0003c6f913ad8f08589 manifestBytes=830  missing=0 bodyBytes=830
        t=2026-09-22T08:50:02+0200 lvl=info msg="HOTSTUFF PROPOSAL MANIFEST stored"     from=127.0.0.1:57323 number=27 proposalID=0x5aafceed88f2d0af196ca7eae78f509cabda3eae4d867fbfd592579d7a296386 manifestBytes=1220 missing=0 bodyBytes=3350
        t=2026-09-22T08:50:02+0200 lvl=info msg="HOTSTUFF PROPOSAL MANIFEST stored"     from=127.0.0.1:44623 number=28 proposalID=0xa56f8488f4c59943cf8e180c1073ba274fac7a31b580cfc838d88fb1074f386f manifestBytes=830  missing=0 bodyBytes=830
        t=2026-09-22T08:50:03+0200 lvl=info msg="HOTSTUFF PROPOSAL MANIFEST stored"     from=127.0.0.1:44623 number=29 proposalID=0x05fb39f52469ee98867cbd5270678e655a13bbe83cb79180cc6456889ea1f34b manifestBytes=1220 missing=0 bodyBytes=3350
        t=2026-09-22T08:50:03+0200 lvl=info msg="HOTSTUFF PROPOSAL MANIFEST stored"     from=127.0.0.1:40399 number=30 proposalID=0xd409ab5133220fe297003802a58ee2f69702d9fb44d9cb0f3a497090329e9d0a manifestBytes=830  missing=0 bodyBytes=830
        t=2026-09-22T08:50:04+0200 lvl=info msg="HOTSTUFF PROPOSAL MANIFEST stored"     from=127.0.0.1:44623 number=31 proposalID=0x46f17dfeb63ed73c61f3fe38c67be1d1e7a7b9ea1b7c71e7ddb33fd3d86b8e91 manifestBytes=1220 missing=0 bodyBytes=3350
        t=2026-09-22T08:50:04+0200 lvl=info msg="HOTSTUFF PROPOSAL MANIFEST stored"     from=127.0.0.1:44623 number=32 proposalID=0xfb608214ad33b5ddae9352c7d690b1db4d853d474635f6de6f0cbb30299df7da manifestBytes=830  missing=0 bodyBytes=830
        t=2026-09-22T08:50:05+0200 lvl=info msg="HOTSTUFF PROPOSAL MANIFEST stored"     from=127.0.0.1:39412 number=33 proposalID=0xee1124b7f92b5b28c29067cc746b8ac51b33bd8cb02fcc869905eb0908266111 manifestBytes=1220 missing=0 bodyBytes=3350
        t=2026-09-22T08:50:05+0200 lvl=info msg="HOTSTUFF PROPOSAL MANIFEST stored"     from=127.0.0.1:39412 number=34 proposalID=0x55c008c40223de98b4ee1b0de65b3f8b49d5c770a08bfcf7ff1b46808ec332e6 manifestBytes=830  missing=0 bodyBytes=830
        t=2026-09-22T08:50:06+0200 lvl=info msg="HOTSTUFF PROPOSAL MANIFEST stored"     from=127.0.0.1:53531 number=35 proposalID=0x45f58095b83d9f8673fb466456866966c820ef065a4e972221af14388f1db1ab manifestBytes=1220 missing=0 bodyBytes=3350
        t=2026-09-22T08:50:06+0200 lvl=warn msg="reject new-view before storage"        from=127.0.0.1:39412 viewID=0x997ec48a2b36a0eceb4ccf22bcbba063580b01f71be5b9952dd55966cfd3af70 err="hotstuff proposal validation pending"
        t=2026-09-22T08:50:06+0200 lvl=warn msg="reject new-view before storage"        from=127.0.0.1:41928 viewID=0x997ec48a2b36a0eceb4ccf22bcbba063580b01f71be5b9952dd55966cfd3af70 err="hotstuff proposal validation pending"
        t=2026-09-22T08:50:06+0200 lvl=info msg="HOTSTUFF PROPOSAL REF"                 number=36 viewID=0x997ec48a2b36a0eceb4ccf22bcbba063580b01f71be5b9952dd55966cfd3af70 proposalID=0xddb573543e3bf5ec3ca532758fefb971fd1948d39793aacf8aa0e5bdba40d839 blockHash=0x19d5902e80729f978b8652c5a64829bd3453816c465d407947b68227c85c02c9 bodyHash=0xe099173b2195310832bef7c871b8cc1d697261bad6f80d9cee56c98a8823150f bodySize=830  refBytes=439
        t=2026-09-22T08:50:07+0200 lvl=info msg="HOTSTUFF PROPOSAL MANIFEST stored"     from=127.0.0.1:53531 number=37 proposalID=0x79bc4ff319500d6caf055955657752abb1faade8a665cec807ec356894da15d2 manifestBytes=1220 missing=0 bodyBytes=3350
        t=2026-09-22T08:50:07+0200 lvl=info msg="HOTSTUFF PROPOSAL REF"                 number=38 viewID=0x51ae36f42772e4488ebea094805f8efc4c44847175e62fd777716450503e3e65 proposalID=0x680ae0f4a3facf4902f2e6861998230e90adb5e1db0e9d61de457a9923122f9c blockHash=0x42ef8199aa41e6087ec05d50517f18825f3073a876255d48a9330ea6c2d44001 bodyHash=0xab701ec9443f9dc9045796a41d5487af9c8d27bd6ff59541b3a91087c4ba3d76 bodySize=830  refBytes=439
        t=2026-09-22T08:50:08+0200 lvl=warn msg="Send msg try again"                    address=[::]:47103      Couldn't send to=127.0.0.1:41928 error="Operation Canceled"
        t=2026-09-22T08:50:08+0200 lvl=eror msg=CloseConnect                            =[::]:47103 having error closing conn to=127.0.0.1:41928 error="Connection Closed"
        t=2026-09-22T08:50:08+0200 lvl=info msg="HOTSTUFF PROPOSAL MANIFEST stored"     from=127.0.0.1:41928 number=39 proposalID=0x24df6e90e59bed2001eb25187e1a634430bd474d16f83d1df4c9e3207cfc89ab manifestBytes=1220 missing=0 bodyBytes=3350
        t=2026-09-22T08:50:09+0200 lvl=info msg="HOTSTUFF PROPOSAL MANIFEST stored"     from=127.0.0.1:41928 number=40 proposalID=0x758e1926821b595007813fd59ef4b726676b641ea76095469a6498db690684ce manifestBytes=830  missing=0 bodyBytes=830
        t=2026-09-22T08:50:09+0200 lvl=info msg="HOTSTUFF PROPOSAL MANIFEST stored"     from=127.0.0.1:57323 number=41 proposalID=0xce146a9fce76c04695d7f7c540c1f0df3fb2f7b855145e3d3228476269d3d40c manifestBytes=1220 missing=0 bodyBytes=3350
        t=2026-09-22T08:50:10+0200 lvl=info msg="HOTSTUFF PROPOSAL REF"                 number=42 viewID=0x00d3b571794c47c8a48249d92f4b22cfbf6c113d7483ef3e3cc859ec0088bdc1 proposalID=0x15a0bc2d8cca6c27422c0870b2e080ab2902f6cc0f644cc822b4beac22fc1878 blockHash=0x81dfcbe91d9f756232deca6f03e063c03d53afa945b70b7a596999dca8e9a450 bodyHash=0x58fe70d4735391c3feb192de196b80f14d5ce8d459c0661dc106abbf53c30cc7 bodySize=830  refBytes=439
        t=2026-09-22T08:50:10+0200 lvl=warn msg="Send msg try again"                    address=[::]:47103      Couldn't send to=127.0.0.1:41928 error="Operation Canceled"
        t=2026-09-22T08:50:10+0200 lvl=eror msg=CloseConnect                            =[::]:47103 having error closing conn to=127.0.0.1:41928 error="Connection Closed"
        t=2026-09-22T08:50:10+0200 lvl=info msg="HOTSTUFF PROPOSAL MANIFEST stored"     from=127.0.0.1:44623 number=43 proposalID=0x47bfcefbb4b8538607f7d8f053927a73e07f4ef69fd5db37442a2f4db8431141 manifestBytes=1220 missing=0 bodyBytes=3350
        t=2026-09-22T08:50:10+0200 lvl=info msg="HOTSTUFF PROPOSAL MANIFEST stored"     from=127.0.0.1:41928 number=44 proposalID=0x49811c4d4606f699cf307aca2e33527bef90c34cc923a462c971a74bce855140 manifestBytes=830  missing=0 bodyBytes=830
        t=2026-09-22T08:50:11+0200 lvl=warn msg=GetBlockByNumer                         number=1
        t=2026-09-22T08:50:11+0200 lvl=warn msg=GetBlockByNumer                         number=43
        t=2026-09-22T08:50:11+0200 lvl=info msg="HOTSTUFF PROPOSAL MANIFEST stored"     from=127.0.0.1:39412 number=45 proposalID=0x8be5bcd14c94a63346258cf649f9e99352252669241636b572cf471d2a3e6032 manifestBytes=1220 missing=0 bodyBytes=3350
        t=2026-09-22T08:50:11+0200 lvl=info msg="HOTSTUFF PROPOSAL MANIFEST stored"     from=127.0.0.1:57323 number=46 proposalID=0x0ccb329d44726fba9ea26234188cbcf4ff626b9c8bf5125b7d70d31f79761b8b manifestBytes=830  missing=0 bodyBytes=830
        t=2026-09-22T08:50:11+0200 lvl=warn msg="HandleConn drops connection: closed"   address=127.0.0.1:47103 remot=127.0.0.1:57323
        t=2026-09-22T08:50:11+0200 lvl=info msg="HOTSTUFF PROPOSAL MANIFEST stored"     from=127.0.0.1:57323 number=46 proposalID=0x0ccb329d44726fba9ea26234188cbcf4ff626b9c8bf5125b7d70d31f79761b8b manifestBytes=830  missing=0 bodyBytes=830
        t=2026-09-22T08:50:12+0200 lvl=info msg="HOTSTUFF PROPOSAL MANIFEST stored"     from=127.0.0.1:57323 number=47 proposalID=0xd4f8311882f91bdd05bb06f271ef8bca799471f9318d7ad9932a1395c27ee4fe manifestBytes=1220 missing=0 bodyBytes=3350
        t=2026-09-22T08:50:12+0200 lvl=info msg="HOTSTUFF PROPOSAL MANIFEST stored"     from=127.0.0.1:40399 number=48 proposalID=0xaeb7b7679b23e1c361c0c77f4685e002f0d7e683dd5117c75ea0648812ac4bfc manifestBytes=830  missing=0 bodyBytes=830
        t=2026-09-22T08:50:12+0200 lvl=warn msg=GetBlockByNumer                         number=1
        t=2026-09-22T08:50:12+0200 lvl=warn msg=GetBlockByNumer                         number=47
        t=2026-09-22T08:50:12+0200 lvl=warn msg=GetBlockByNumer                         number=1
        t=2026-09-22T08:50:12+0200 lvl=warn msg=GetBlockByNumer                         number=47
    fhs_process_recovery_test.go:225: validator 943784 complete log: /tmp/fhs-process-failure-3693301214.log
    fhs_process_recovery_test.go:230: validator 943784 log tail:
        t=2026-09-22T08:49:20+0200 lvl=warn msg=GetBlockByNumer number=0
        t=2026-09-22T08:49:20+0200 lvl=warn msg="Failed to load snapshot, regenerating" err="missing or corrupted snapshot"
        t=2026-09-22T08:49:39+0200 lvl=eror msg=Connect                                 Could not connect to=127.0.0.1:44623 error="CRYPTO_ERROR 0x150 (remote): tls: internal error"
        t=2026-09-22T08:49:39+0200 lvl=eror msg=Connect                                 Could not connect to=127.0.0.1:41928 error="CRYPTO_ERROR 0x150 (remote): tls: internal error"
        t=2026-09-22T08:49:39+0200 lvl=eror msg=Connect                                 Could not connect to=127.0.0.1:40399 error="CRYPTO_ERROR 0x150 (remote): tls: internal error"
        t=2026-09-22T08:49:39+0200 lvl=eror msg=Connect                                 Could not connect to=127.0.0.1:57323 error="CRYPTO_ERROR 0x150 (remote): tls: internal error"
        t=2026-09-22T08:49:43+0200 lvl=info msg="HOTSTUFF PROPOSAL MANIFEST stored"     from=127.0.0.1:47103 number=1 proposalID=0x903e84a9136e8695befa14c554cf97ad7116f65f849a82378edc07ed75677dbb manifestBytes=1219 missing=0 bodyBytes=1314
        t=2026-09-22T08:49:43+0200 lvl=info msg="HOTSTUFF PROPOSAL MANIFEST stored"     from=127.0.0.1:47103 number=2 proposalID=0xcda764a54f9eb5b67a9ef85bbe44a98ef3220909b1342f811110042427e12985 manifestBytes=830  missing=0 bodyBytes=830
        t=2026-09-22T08:49:44+0200 lvl=info msg="HOTSTUFF PROPOSAL MANIFEST stored"     from=127.0.0.1:47103 number=3 proposalID=0x397ffecb97f97f451550696a111a75c1178917a4d125f7e4f665b604b9f01a7f manifestBytes=1219 missing=0 bodyBytes=1314
        t=2026-09-22T08:49:44+0200 lvl=info msg="HOTSTUFF PROPOSAL MANIFEST stored"     from=127.0.0.1:47103 number=4 proposalID=0xa2c1b0cc4e13aecb9bdac37082d17ca9299c0d9ebd3ed883bb90fe19c29459b7 manifestBytes=830  missing=0 bodyBytes=830
        t=2026-09-22T08:49:44+0200 lvl=info msg="HOTSTUFF PROPOSAL MANIFEST stored"     from=127.0.0.1:41928 number=5 proposalID=0xed44a56435e415196e3754a30cd40bb86f9252171250510a1fc518a2b5297b8c manifestBytes=1219 missing=0 bodyBytes=1314
        t=2026-09-22T08:49:45+0200 lvl=info msg="HOTSTUFF PROPOSAL MANIFEST stored"     from=127.0.0.1:44623 number=6 proposalID=0x6f4305ba0151baad9584e17f56668312eb26bf2e077ad9e9a9c33b89b12ba2f6 manifestBytes=830  missing=0 bodyBytes=830
        t=2026-09-22T08:49:45+0200 lvl=info msg="HOTSTUFF PROPOSAL MANIFEST stored"     from=127.0.0.1:40399 number=7 proposalID=0x75bceace31736aea187cb33a8409ad52f54604023c269b3689a778ece3e08129 manifestBytes=1219 missing=0 bodyBytes=1313
        t=2026-09-22T08:49:45+0200 lvl=info msg="HOTSTUFF PROPOSAL MANIFEST stored"     from=127.0.0.1:41928 number=8 proposalID=0x58891577fd91c92ee18b49074417ea909a25b63406ab49a1bdbede3f38b416f1 manifestBytes=830  missing=0 bodyBytes=830
        t=2026-09-22T08:49:46+0200 lvl=warn msg=GetBlockByNumer                         number=1
        t=2026-09-22T08:49:46+0200 lvl=warn msg=GetBlockByNumer                         number=7
        t=2026-09-22T08:49:46+0200 lvl=warn msg=GetBlockByNumer                         number=1
        t=2026-09-22T08:49:46+0200 lvl=warn msg=GetBlockByNumer                         number=7
        t=2026-09-22T08:49:51+0200 lvl=warn msg="HOTSTUFF RECOVERY resend NewView"      number=9 viewID=0x695101ee7addaa9e0987cbb0513f9d8fd3ecfd05e50648513ccf701faacfd30c to=127.0.0.1:57323
        t=2026-09-22T08:49:54+0200 lvl=info msg="HOTSTUFF PROPOSAL MANIFEST stored"     from=127.0.0.1:57323 number=9 proposalID=0x3a3711221019ebbe6da662910968febd2b83081c671376ec06648bf2a230209e manifestBytes=1220 missing=0 bodyBytes=20250
        t=2026-09-22T08:49:54+0200 lvl=info msg="HOTSTUFF PROPOSAL MANIFEST stored"     from=127.0.0.1:41928 number=10 proposalID=0xae37a2ce35184bbacf9c71254735a26caa8c11c0fcc77505737fec407ba7100a manifestBytes=830  missing=0 bodyBytes=830
        t=2026-09-22T08:49:54+0200 lvl=info msg="HOTSTUFF PROPOSAL MANIFEST stored"     from=127.0.0.1:53531 number=11 proposalID=0x5c2e9302e5d7fbc49320a3ad930948e63122559b859963c9572b5340b0d01140 manifestBytes=1220 missing=0 bodyBytes=3350
        t=2026-09-22T08:49:55+0200 lvl=info msg="HOTSTUFF PROPOSAL MANIFEST stored"     from=127.0.0.1:57323 number=12 proposalID=0x28dff2bdbdf5fa74e63f351ea3b3f15d48b8501403792284238c2f9d09f0393f manifestBytes=830  missing=0 bodyBytes=830
        t=2026-09-22T08:49:55+0200 lvl=info msg="HOTSTUFF PROPOSAL MANIFEST stored"     from=127.0.0.1:40399 number=13 proposalID=0x65f54f86176aa6dd160a429e6d43d5aa5b5362bfc28b750dfc68569877301f19 manifestBytes=1220 missing=0 bodyBytes=3350
        t=2026-09-22T08:49:56+0200 lvl=info msg="HOTSTUFF PROPOSAL MANIFEST stored"     from=127.0.0.1:44623 number=14 proposalID=0x6310b82612d607432a3f1d4ae5abc132f5ef813158b9161913bb16eb6f04aaed manifestBytes=830  missing=0 bodyBytes=830
        t=2026-09-22T08:49:56+0200 lvl=info msg="HOTSTUFF PROPOSAL MANIFEST stored"     from=127.0.0.1:41928 number=15 proposalID=0x0fd242c915bd56f3831ee011600953ae20dc084b9d81cf18d0a65c1946193265 manifestBytes=1220 missing=0 bodyBytes=3350
        t=2026-09-22T08:49:56+0200 lvl=info msg="HOTSTUFF PROPOSAL MANIFEST stored"     from=127.0.0.1:40399 number=16 proposalID=0xa2c2af6814a68be8881f5c391fd42b3e124d1cf5df619793ba24cbbc245f6b03 manifestBytes=830  missing=0 bodyBytes=830
        t=2026-09-22T08:49:57+0200 lvl=info msg="HOTSTUFF PROPOSAL MANIFEST stored"     from=127.0.0.1:40399 number=17 proposalID=0x6d70d5522da5725a9f7f0be1a0056f9764e27f82d4c216d2abf1cd6645297019 manifestBytes=1220 missing=0 bodyBytes=3350
        t=2026-09-22T08:49:57+0200 lvl=info msg="HOTSTUFF PROPOSAL REF"                 number=18 viewID=0x0a4905b427f02fb3ea3276181c54085a13674b9a4ca93f80a327f5c27edccd22 proposalID=0x67f4044ba5ce847403cba08bb79121138266fe4fcca63e473b08466853cc348c blockHash=0xe55625af9274dd999e12a9ec06e17085237687e4d149ae0f994972de02601019 bodyHash=0xfec8d6e89f6e9974cdb7d0f44fbd0e6d4ee8505eb1ae41d273a1f183f9b438a6 bodySize=830 refBytes=439
        t=2026-09-22T08:49:57+0200 lvl=warn msg="Send msg try again"                    address=[::]:39412 Couldn't send to=127.0.0.1:53531 error="Operation Canceled"
        t=2026-09-22T08:49:57+0200 lvl=eror msg=CloseConnect                            =[::]:39412 having error closing conn to=127.0.0.1:59149 error="Connection Closed"
        t=2026-09-22T08:49:58+0200 lvl=info msg="HOTSTUFF PROPOSAL MANIFEST stored"     from=127.0.0.1:40399 number=19 proposalID=0x77d76962e3475436177b41f34f860a7b79545a5c7473c4c494292dd50e4719e8 manifestBytes=1220 missing=0 bodyBytes=3350
        t=2026-09-22T08:49:58+0200 lvl=info msg="HOTSTUFF PROPOSAL MANIFEST stored"     from=127.0.0.1:53531 number=20 proposalID=0x6ea97323bf4c7c0f97c4b81fd0bd2b188a5356abe13c6141cb3a5c41b89e15dc manifestBytes=830  missing=0 bodyBytes=830
        t=2026-09-22T08:49:59+0200 lvl=info msg="HOTSTUFF PROPOSAL REF"                 number=21 viewID=0xfc8805bb02d2c3dd3c2d9a07ab4297a0b3d4cd3f6dcab0e7fefb7bc7e90cb686 proposalID=0xa1156c60d2ac341b7b6ee678cddfeb3bb068ee1a62f1d9510ba7b13857a79f41 blockHash=0xbe51d11da20f6216344c87a1362beb47c0890160e8252d403f9ba52aa02f6145 bodyHash=0x19708bcfdb28eee8ea17bfb67bc38110f2e639062ce8f6f21db0b47e5b550f33 bodySize=3350 refBytes=442
        t=2026-09-22T08:49:59+0200 lvl=info msg="HOTSTUFF PROPOSAL MANIFEST stored"     from=127.0.0.1:44623 number=22 proposalID=0x15970b5ad1ae2fcd6c1aad3912f38cf9e4e62b2d272e8ff2f548854ad5ed114f manifestBytes=830  missing=0 bodyBytes=830
        t=2026-09-22T08:49:59+0200 lvl=warn msg="HandleConn drops connection: closed"   address=127.0.0.1:39412 remot=127.0.0.1:47103
        t=2026-09-22T08:49:59+0200 lvl=info msg="HOTSTUFF PROPOSAL MANIFEST stored"     from=127.0.0.1:47103 number=23 proposalID=0xf03d7ce0aa0a92646376c508fbeb56858939aa9a64dd10e4058bf70dc822117e manifestBytes=1220 missing=0 bodyBytes=3350
        t=2026-09-22T08:50:00+0200 lvl=info msg="HOTSTUFF PROPOSAL MANIFEST stored"     from=127.0.0.1:47103 number=24 proposalID=0xf32e929bfa3f699f70eb170f0c8b3e194372edd30118c510542a308d208febd1 manifestBytes=830  missing=0 bodyBytes=830
        t=2026-09-22T08:50:01+0200 lvl=info msg="HOTSTUFF PROPOSAL MANIFEST stored"     from=127.0.0.1:41928 number=25 proposalID=0xdf1f660086d42e3f6598b39fecc5cc673efea7236e05f87cbc730748885a00e9 manifestBytes=1220 missing=0 bodyBytes=3350
        t=2026-09-22T08:50:01+0200 lvl=info msg="HOTSTUFF PROPOSAL MANIFEST stored"     from=127.0.0.1:57323 number=26 proposalID=0xf8bc0a963ca89910ace9380fc0dfc9bc00d988fa2c81f0003c6f913ad8f08589 manifestBytes=830  missing=0 bodyBytes=830
        t=2026-09-22T08:50:01+0200 lvl=warn msg="HandleConn drops connection: closed"   address=127.0.0.1:39412 remot=127.0.0.1:57323
        t=2026-09-22T08:50:01+0200 lvl=info msg="HOTSTUFF PROPOSAL MANIFEST stored"     from=127.0.0.1:57323 number=26 proposalID=0xf8bc0a963ca89910ace9380fc0dfc9bc00d988fa2c81f0003c6f913ad8f08589 manifestBytes=830  missing=0 bodyBytes=830
        t=2026-09-22T08:50:02+0200 lvl=info msg="HOTSTUFF PROPOSAL MANIFEST stored"     from=127.0.0.1:57323 number=27 proposalID=0x5aafceed88f2d0af196ca7eae78f509cabda3eae4d867fbfd592579d7a296386 manifestBytes=1220 missing=0 bodyBytes=3350
        t=2026-09-22T08:50:02+0200 lvl=info msg="HOTSTUFF PROPOSAL MANIFEST stored"     from=127.0.0.1:44623 number=28 proposalID=0xa56f8488f4c59943cf8e180c1073ba274fac7a31b580cfc838d88fb1074f386f manifestBytes=830  missing=0 bodyBytes=830
        t=2026-09-22T08:50:03+0200 lvl=info msg="HOTSTUFF PROPOSAL MANIFEST stored"     from=127.0.0.1:44623 number=29 proposalID=0x05fb39f52469ee98867cbd5270678e655a13bbe83cb79180cc6456889ea1f34b manifestBytes=1220 missing=1 bodyBytes=3350
        t=2026-09-22T08:50:03+0200 lvl=eror msg="OnPropose wait proposal body"          number=29 proposalID=0x05fb39f52469ee98867cbd5270678e655a13bbe83cb79180cc6456889ea1f34b err="hotstuff view state too old"
        t=2026-09-22T08:50:03+0200 lvl=info msg="HOTSTUFF PROPOSAL MANIFEST stored"     from=127.0.0.1:40399 number=30 proposalID=0xd409ab5133220fe297003802a58ee2f69702d9fb44d9cb0f3a497090329e9d0a manifestBytes=830  missing=0 bodyBytes=830
        t=2026-09-22T08:50:04+0200 lvl=info msg="HOTSTUFF PROPOSAL MANIFEST stored"     from=127.0.0.1:44623 number=31 proposalID=0x46f17dfeb63ed73c61f3fe38c67be1d1e7a7b9ea1b7c71e7ddb33fd3d86b8e91 manifestBytes=1220 missing=1 bodyBytes=3350
        t=2026-09-22T08:50:04+0200 lvl=eror msg="OnPropose wait proposal body"          number=31 proposalID=0x46f17dfeb63ed73c61f3fe38c67be1d1e7a7b9ea1b7c71e7ddb33fd3d86b8e91 err="hotstuff view state too old"
        t=2026-09-22T08:50:04+0200 lvl=warn msg="HOTSTUFF PROPOSAL MANIFEST authority rejected" from=127.0.0.1:44623 leader=127.0.0.1:44623 number=32 proposalID=0xfb608214ad33b5ddae9352c7d690b1db4d853d474635f6de6f0cbb30299df7da err="proposal manifest does not match the current deterministic leader route: manifest key committee is already canonical but is not the current route"
        t=2026-09-22T08:50:04+0200 lvl=warn msg="reject new-view before storage"        from=127.0.0.1:44623 viewID=0xa3fbc6fdb458fc112995a4832cb9b31c556bdc14a4fed755195f0be3a0f25c58 err="hotstuff proposal validation pending"
        t=2026-09-22T08:50:04+0200 lvl=warn msg="reject new-view before storage"        from=127.0.0.1:47103 viewID=0xa3fbc6fdb458fc112995a4832cb9b31c556bdc14a4fed755195f0be3a0f25c58 err="hotstuff proposal validation pending"
        t=2026-09-22T08:50:04+0200 lvl=warn msg="reject new-view before storage"        from=127.0.0.1:57323 viewID=0xa3fbc6fdb458fc112995a4832cb9b31c556bdc14a4fed755195f0be3a0f25c58 err="hotstuff proposal validation pending"
        t=2026-09-22T08:50:04+0200 lvl=warn msg="reject new-view before storage"        from=127.0.0.1:41928 viewID=0xa3fbc6fdb458fc112995a4832cb9b31c556bdc14a4fed755195f0be3a0f25c58 err="hotstuff proposal validation pending"
        t=2026-09-22T08:50:04+0200 lvl=warn msg="reject new-view before storage"        from=127.0.0.1:53531 viewID=0xa3fbc6fdb458fc112995a4832cb9b31c556bdc14a4fed755195f0be3a0f25c58 err="hotstuff proposal validation pending"
        t=2026-09-22T08:50:05+0200 lvl=info msg="HOTSTUFF PROPOSAL REPAIR REQUEST"      to=127.0.0.1:44623 number=32 proposalID=0xfb608214ad33b5ddae9352c7d690b1db4d853d474635f6de6f0cbb30299df7da missing=0 attempt=0
        t=2026-09-22T08:50:05+0200 lvl=info msg="HOTSTUFF PROPOSAL MANIFEST stored"     from=127.0.0.1:44623 number=32 proposalID=0xfb608214ad33b5ddae9352c7d690b1db4d853d474635f6de6f0cbb30299df7da manifestBytes=830  missing=0 bodyBytes=830
        t=2026-09-22T08:50:05+0200 lvl=info msg="HOTSTUFF PROPOSAL REF"                 number=33 viewID=0xa3fbc6fdb458fc112995a4832cb9b31c556bdc14a4fed755195f0be3a0f25c58 proposalID=0xee1124b7f92b5b28c29067cc746b8ac51b33bd8cb02fcc869905eb0908266111 blockHash=0x80fe39d71ba06d4e9406b741eb7a3330521004bc34735a1b26dac472feb52ef7 bodyHash=0x3132ceba275987b31049c605851edcc0e0595e8370e904d464e5df53a35a488e bodySize=3350 refBytes=442
        t=2026-09-22T08:50:05+0200 lvl=info msg="HOTSTUFF PROPOSAL REF"                 number=34 viewID=0x6a4a1a79ef16005d4cde0136ad4478722aa2735c358b979a65d4b80d9744377b proposalID=0x55c008c40223de98b4ee1b0de65b3f8b49d5c770a08bfcf7ff1b46808ec332e6 blockHash=0xaf54b4e6035a4b26825cbcbf5b5deca3805c376a28183e541f8c01cd7fe11a6f bodyHash=0xdf5b503b5e8969ca5ce6d7cb6e48bafbc1470d07d5b6375c81e06078825944e5 bodySize=830  refBytes=439
        t=2026-09-22T08:50:05+0200 lvl=warn msg="Send msg try again"                    address=[::]:39412      Couldn't send to=127.0.0.1:40399 error="Operation Canceled"
        t=2026-09-22T08:50:05+0200 lvl=eror msg=CloseConnect                            =[::]:39412 having error closing conn to=127.0.0.1:33761 error="Connection Closed"
        t=2026-09-22T08:50:06+0200 lvl=info msg="HOTSTUFF PROPOSAL MANIFEST stored"     from=127.0.0.1:53531 number=35 proposalID=0x45f58095b83d9f8673fb466456866966c820ef065a4e972221af14388f1db1ab manifestBytes=1220 missing=0 bodyBytes=3350
        t=2026-09-22T08:50:06+0200 lvl=info msg="HOTSTUFF PROPOSAL MANIFEST stored"     from=127.0.0.1:47103 number=36 proposalID=0xddb573543e3bf5ec3ca532758fefb971fd1948d39793aacf8aa0e5bdba40d839 manifestBytes=830  missing=0 bodyBytes=830
        t=2026-09-22T08:50:07+0200 lvl=info msg="HOTSTUFF PROPOSAL MANIFEST stored"     from=127.0.0.1:53531 number=37 proposalID=0x79bc4ff319500d6caf055955657752abb1faade8a665cec807ec356894da15d2 manifestBytes=1220 missing=0 bodyBytes=3350
        t=2026-09-22T08:50:08+0200 lvl=info msg="HOTSTUFF PROPOSAL MANIFEST stored"     from=127.0.0.1:47103 number=38 proposalID=0x680ae0f4a3facf4902f2e6861998230e90adb5e1db0e9d61de457a9923122f9c manifestBytes=830  missing=0 bodyBytes=830
        t=2026-09-22T08:50:08+0200 lvl=info msg="HOTSTUFF PROPOSAL MANIFEST stored"     from=127.0.0.1:41928 number=39 proposalID=0x24df6e90e59bed2001eb25187e1a634430bd474d16f83d1df4c9e3207cfc89ab manifestBytes=1220 missing=0 bodyBytes=3350
        t=2026-09-22T08:50:09+0200 lvl=info msg="HOTSTUFF PROPOSAL MANIFEST stored"     from=127.0.0.1:41928 number=40 proposalID=0x758e1926821b595007813fd59ef4b726676b641ea76095469a6498db690684ce manifestBytes=830  missing=0 bodyBytes=830
        t=2026-09-22T08:50:09+0200 lvl=info msg="HOTSTUFF PROPOSAL MANIFEST stored"     from=127.0.0.1:57323 number=41 proposalID=0xce146a9fce76c04695d7f7c540c1f0df3fb2f7b855145e3d3228476269d3d40c manifestBytes=1220 missing=0 bodyBytes=3350
        t=2026-09-22T08:50:10+0200 lvl=info msg="HOTSTUFF PROPOSAL MANIFEST stored"     from=127.0.0.1:47103 number=42 proposalID=0x15a0bc2d8cca6c27422c0870b2e080ab2902f6cc0f644cc822b4beac22fc1878 manifestBytes=830  missing=0 bodyBytes=830
        t=2026-09-22T08:50:10+0200 lvl=info msg="HOTSTUFF PROPOSAL MANIFEST stored"     from=127.0.0.1:44623 number=43 proposalID=0x47bfcefbb4b8538607f7d8f053927a73e07f4ef69fd5db37442a2f4db8431141 manifestBytes=1220 missing=0 bodyBytes=3350
        t=2026-09-22T08:50:10+0200 lvl=info msg="HOTSTUFF PROPOSAL MANIFEST stored"     from=127.0.0.1:41928 number=44 proposalID=0x49811c4d4606f699cf307aca2e33527bef90c34cc923a462c971a74bce855140 manifestBytes=830  missing=0 bodyBytes=830
        t=2026-09-22T08:50:11+0200 lvl=warn msg=GetBlockByNumer                         number=1
        t=2026-09-22T08:50:11+0200 lvl=warn msg=GetBlockByNumer                         number=43
        t=2026-09-22T08:50:11+0200 lvl=info msg="HOTSTUFF PROPOSAL REF"                 number=45 viewID=0xbcbfab9c477e35d7cb6facafa5f6edb689c5272dc4416ab6a43185cf2e861b59 proposalID=0x8be5bcd14c94a63346258cf649f9e99352252669241636b572cf471d2a3e6032 blockHash=0xcacb247a89aa6f076181bac0f4298c4fd81db1c39294b341f80330f98f0c281a bodyHash=0x71bf4763d88be0590a897b883137f197f6385aebee292897f478dfa0d11cdd1e bodySize=3350 refBytes=442
        t=2026-09-22T08:50:11+0200 lvl=warn msg="Send msg try again"                    address=[::]:39412      Couldn't send to=127.0.0.1:41928 error="Operation Canceled"
        t=2026-09-22T08:50:11+0200 lvl=eror msg=CloseConnect                            =[::]:39412 having error closing conn to=127.0.0.1:53876 error="Connection Closed"
        t=2026-09-22T08:50:11+0200 lvl=info msg="HOTSTUFF PROPOSAL MANIFEST stored"     from=127.0.0.1:57323 number=46 proposalID=0x0ccb329d44726fba9ea26234188cbcf4ff626b9c8bf5125b7d70d31f79761b8b manifestBytes=830  missing=0 bodyBytes=830
        t=2026-09-22T08:50:12+0200 lvl=info msg="HOTSTUFF PROPOSAL MANIFEST stored"     from=127.0.0.1:57323 number=47 proposalID=0xd4f8311882f91bdd05bb06f271ef8bca799471f9318d7ad9932a1395c27ee4fe manifestBytes=1220 missing=0 bodyBytes=3350
        t=2026-09-22T08:50:12+0200 lvl=info msg="HOTSTUFF PROPOSAL MANIFEST stored"     from=127.0.0.1:40399 number=48 proposalID=0xaeb7b7679b23e1c361c0c77f4685e002f0d7e683dd5117c75ea0648812ac4bfc manifestBytes=830  missing=0 bodyBytes=830
        t=2026-09-22T08:50:12+0200 lvl=warn msg=GetBlockByNumer                         number=1
        t=2026-09-22T08:50:12+0200 lvl=warn msg=GetBlockByNumer                         number=47
        t=2026-09-22T08:50:12+0200 lvl=warn msg=GetBlockByNumer                         number=1
        t=2026-09-22T08:50:12+0200 lvl=warn msg=GetBlockByNumer                         number=47
    fhs_process_recovery_test.go:225: validator 943775 complete log: /tmp/fhs-process-failure-2979381787.log
    fhs_process_recovery_test.go:230: validator 943775 log tail:
        t=2026-09-22T08:49:17+0200 lvl=warn msg=GetBlockByNumer number=0
        t=2026-09-22T08:49:17+0200 lvl=warn msg="Failed to load snapshot, regenerating" err="missing or corrupted snapshot"
        t=2026-09-22T08:49:39+0200 lvl=eror msg=Connect                                 Could not connect to=127.0.0.1:41928 error="CRYPTO_ERROR 0x150 (remote): tls: internal error"
        t=2026-09-22T08:49:39+0200 lvl=eror msg=Connect                                 Could not connect to=127.0.0.1:47103 error="CRYPTO_ERROR 0x150 (remote): tls: internal error"
        t=2026-09-22T08:49:39+0200 lvl=warn msg=SendRawData                             couldn't send to=127.0.0.1:47103 error="CRYPTO_ERROR 0x150 (remote): tls: internal error"
        t=2026-09-22T08:49:39+0200 lvl=eror msg=Connect                                 Could not connect to=127.0.0.1:44623 error="CRYPTO_ERROR 0x150 (remote): tls: internal error"
        t=2026-09-22T08:49:39+0200 lvl=eror msg=Connect                                 Could not connect to=127.0.0.1:47103 error="CRYPTO_ERROR 0x150 (remote): tls: internal error"
        t=2026-09-22T08:49:39+0200 lvl=eror msg=Connect                                 Could not connect to=127.0.0.1:40399 error="CRYPTO_ERROR 0x150 (remote): tls: internal error"
        t=2026-09-22T08:49:39+0200 lvl=eror msg=Connect                                 Could not connect to=127.0.0.1:57323 error="CRYPTO_ERROR 0x150 (remote): tls: internal error"
        t=2026-09-22T08:49:43+0200 lvl=info msg="HOTSTUFF PROPOSAL MANIFEST stored"     from=127.0.0.1:47103 number=1 proposalID=0x903e84a9136e8695befa14c554cf97ad7116f65f849a82378edc07ed75677dbb manifestBytes=1219 missing=0 bodyBytes=1314
        t=2026-09-22T08:49:43+0200 lvl=info msg="HOTSTUFF PROPOSAL MANIFEST stored"     from=127.0.0.1:47103 number=2 proposalID=0xcda764a54f9eb5b67a9ef85bbe44a98ef3220909b1342f811110042427e12985 manifestBytes=830  missing=0 bodyBytes=830
        t=2026-09-22T08:49:44+0200 lvl=info msg="HOTSTUFF PROPOSAL MANIFEST stored"     from=127.0.0.1:47103 number=3 proposalID=0x397ffecb97f97f451550696a111a75c1178917a4d125f7e4f665b604b9f01a7f manifestBytes=1219 missing=1 bodyBytes=1314
        t=2026-09-22T08:49:44+0200 lvl=info msg="HOTSTUFF PROPOSAL MANIFEST stored"     from=127.0.0.1:47103 number=4 proposalID=0xa2c1b0cc4e13aecb9bdac37082d17ca9299c0d9ebd3ed883bb90fe19c29459b7 manifestBytes=830  missing=0 bodyBytes=830
        t=2026-09-22T08:49:44+0200 lvl=info msg="HOTSTUFF PROPOSAL MANIFEST stored"     from=127.0.0.1:41928 number=5 proposalID=0xed44a56435e415196e3754a30cd40bb86f9252171250510a1fc518a2b5297b8c manifestBytes=1219 missing=0 bodyBytes=1314
        t=2026-09-22T08:49:45+0200 lvl=info msg="HOTSTUFF PROPOSAL MANIFEST stored"     from=127.0.0.1:44623 number=6 proposalID=0x6f4305ba0151baad9584e17f56668312eb26bf2e077ad9e9a9c33b89b12ba2f6 manifestBytes=830  missing=0 bodyBytes=830
        t=2026-09-22T08:49:45+0200 lvl=info msg="HOTSTUFF PROPOSAL MANIFEST stored"     from=127.0.0.1:40399 number=7 proposalID=0x75bceace31736aea187cb33a8409ad52f54604023c269b3689a778ece3e08129 manifestBytes=1219 missing=0 bodyBytes=1313
        t=2026-09-22T08:49:45+0200 lvl=info msg="HOTSTUFF PROPOSAL MANIFEST stored"     from=127.0.0.1:41928 number=8 proposalID=0x58891577fd91c92ee18b49074417ea909a25b63406ab49a1bdbede3f38b416f1 manifestBytes=830  missing=0 bodyBytes=830
        t=2026-09-22T08:49:46+0200 lvl=warn msg=GetBlockByNumer                         number=1
        t=2026-09-22T08:49:46+0200 lvl=warn msg=GetBlockByNumer                         number=7
        t=2026-09-22T08:49:46+0200 lvl=warn msg=GetBlockByNumer                         number=1
        t=2026-09-22T08:49:46+0200 lvl=warn msg=GetBlockByNumer                         number=7
        t=2026-09-22T08:49:46+0200 lvl=warn msg=GetBlockByNumer                         number=7
        t=2026-09-22T08:49:46+0200 lvl=warn msg=GetBlockByNumer                         number=7
        t=2026-09-22T08:49:46+0200 lvl=warn msg=GetBlockByNumer                         number=7
        t=2026-09-22T08:49:46+0200 lvl=warn msg=GetBlockByNumer                         number=7
        t=2026-09-22T08:49:46+0200 lvl=warn msg=GetBlockByNumer                         number=7
        t=2026-09-22T08:49:46+0200 lvl=warn msg=GetBlockByNumer                         number=7
        t=2026-09-22T08:49:46+0200 lvl=warn msg=GetBlockByNumer                         number=7
        t=2026-09-22T08:49:46+0200 lvl=warn msg=GetBlockByNumer                         number=1
        t=2026-09-22T08:49:46+0200 lvl=warn msg=GetBlockByNumer                         number=2
        t=2026-09-22T08:49:46+0200 lvl=warn msg=GetBlockByNumer                         number=3
        t=2026-09-22T08:49:46+0200 lvl=warn msg=GetBlockByNumer                         number=4
        t=2026-09-22T08:49:46+0200 lvl=warn msg=GetBlockByNumer                         number=5
        t=2026-09-22T08:49:46+0200 lvl=warn msg=GetBlockByNumer                         number=6
        t=2026-09-22T08:49:46+0200 lvl=warn msg=GetBlockByNumer                         number=7
        t=2026-09-22T08:49:51+0200 lvl=warn msg="HOTSTUFF RECOVERY resend NewView"      number=9 viewID=0x695101ee7addaa9e0987cbb0513f9d8fd3ecfd05e50648513ccf701faacfd30c to=127.0.0.1:57323
        t=2026-09-22T08:49:54+0200 lvl=info msg="HOTSTUFF PROPOSAL MANIFEST stored"     from=127.0.0.1:57323 number=9 proposalID=0x3a3711221019ebbe6da662910968febd2b83081c671376ec06648bf2a230209e manifestBytes=1220 missing=0 bodyBytes=20250
        t=2026-09-22T08:49:54+0200 lvl=info msg="HOTSTUFF PROPOSAL MANIFEST stored"     from=127.0.0.1:41928 number=10 proposalID=0xae37a2ce35184bbacf9c71254735a26caa8c11c0fcc77505737fec407ba7100a manifestBytes=830  missing=0 bodyBytes=830
        t=2026-09-22T08:49:54+0200 lvl=warn msg="reject new-view before storage"        from=127.0.0.1:41928 viewID=0x80d24bc0e6a10b43ba2eb3d1b3af69e6006528acfbd6f51a77015283d69b1843 err="hotstuff proposal validation pending"
        t=2026-09-22T08:49:54+0200 lvl=info msg="HOTSTUFF PROPOSAL REF"                 number=11 viewID=0x80d24bc0e6a10b43ba2eb3d1b3af69e6006528acfbd6f51a77015283d69b1843 proposalID=0x5c2e9302e5d7fbc49320a3ad930948e63122559b859963c9572b5340b0d01140 blockHash=0xd40dd838513dbb380a864b159dc457c20d8c5e999e07a5970a032e8363d84752 bodyHash=0x6525e67f74b8ec861deef30f79fbdd58009624f324b01bb784dc40d9dec9ae37 bodySize=3350 refBytes=442
        t=2026-09-22T08:49:54+0200 lvl=warn msg="Send msg try again"                    address=[::]:53531 Couldn't send to=127.0.0.1:41928 error="Operation Canceled"
        t=2026-09-22T08:49:54+0200 lvl=eror msg=CloseConnect                            =[::]:53531 having error closing conn to=127.0.0.1:34880 error="Connection Closed"
        t=2026-09-22T08:49:55+0200 lvl=info msg="HOTSTUFF PROPOSAL MANIFEST stored"     from=127.0.0.1:57323 number=12 proposalID=0x28dff2bdbdf5fa74e63f351ea3b3f15d48b8501403792284238c2f9d09f0393f manifestBytes=830  missing=0 bodyBytes=830
        t=2026-09-22T08:49:55+0200 lvl=info msg="HOTSTUFF PROPOSAL MANIFEST stored"     from=127.0.0.1:40399 number=13 proposalID=0x65f54f86176aa6dd160a429e6d43d5aa5b5362bfc28b750dfc68569877301f19 manifestBytes=1220 missing=0 bodyBytes=3350
        t=2026-09-22T08:49:55+0200 lvl=info msg="HOTSTUFF PROPOSAL MANIFEST stored"     from=127.0.0.1:44623 number=14 proposalID=0x6310b82612d607432a3f1d4ae5abc132f5ef813158b9161913bb16eb6f04aaed manifestBytes=830  missing=0 bodyBytes=830
        t=2026-09-22T08:49:56+0200 lvl=info msg="HOTSTUFF PROPOSAL MANIFEST stored"     from=127.0.0.1:41928 number=15 proposalID=0x0fd242c915bd56f3831ee011600953ae20dc084b9d81cf18d0a65c1946193265 manifestBytes=1220 missing=0 bodyBytes=3350
        t=2026-09-22T08:49:56+0200 lvl=info msg="HOTSTUFF PROPOSAL MANIFEST stored"     from=127.0.0.1:40399 number=16 proposalID=0xa2c2af6814a68be8881f5c391fd42b3e124d1cf5df619793ba24cbbc245f6b03 manifestBytes=830  missing=0 bodyBytes=830
        t=2026-09-22T08:49:57+0200 lvl=info msg="HOTSTUFF PROPOSAL MANIFEST stored"     from=127.0.0.1:40399 number=17 proposalID=0x6d70d5522da5725a9f7f0be1a0056f9764e27f82d4c216d2abf1cd6645297019 manifestBytes=1220 missing=0 bodyBytes=3350
        t=2026-09-22T08:49:57+0200 lvl=warn msg="HandleConn drops connection: closed"   address=127.0.0.1:53531 remot=127.0.0.1:39412
        t=2026-09-22T08:49:57+0200 lvl=eror msg="OnPropose wait proposal body"          number=18 proposalID=0x67f4044ba5ce847403cba08bb79121138266fe4fcca63e473b08466853cc348c err="hotstuff view state too old"
        t=2026-09-22T08:49:57+0200 lvl=info msg="HOTSTUFF PROPOSAL REPAIR REQUEST"      to=127.0.0.1:39412 number=18 proposalID=0x67f4044ba5ce847403cba08bb79121138266fe4fcca63e473b08466853cc348c missing=0 attempt=0
        t=2026-09-22T08:49:57+0200 lvl=info msg="HOTSTUFF PROPOSAL MANIFEST stored"     from=127.0.0.1:39412 number=18 proposalID=0x67f4044ba5ce847403cba08bb79121138266fe4fcca63e473b08466853cc348c manifestBytes=830  missing=0 bodyBytes=830
        t=2026-09-22T08:49:58+0200 lvl=info msg="HOTSTUFF PROPOSAL MANIFEST stored"     from=127.0.0.1:40399 number=19 proposalID=0x77d76962e3475436177b41f34f860a7b79545a5c7473c4c494292dd50e4719e8 manifestBytes=1220 missing=0 bodyBytes=3350
        t=2026-09-22T08:49:58+0200 lvl=info msg="HOTSTUFF PROPOSAL REF"                 number=20 viewID=0xaf5f84bd2c12042db118332eea98a2650814df2e683b0aef4e42d77c9b24c8ce proposalID=0x6ea97323bf4c7c0f97c4b81fd0bd2b188a5356abe13c6141cb3a5c41b89e15dc blockHash=0xf1246baeeabf2f264b8b273cf0a85dc4964f1fc4fda0c2794482416d17af1e25 bodyHash=0x6913c632968c330d24c9b1c9ffc8ebcf8083e9b4b4feb8649241dea75d0ad0f4 bodySize=830  refBytes=439
        t=2026-09-22T08:49:59+0200 lvl=info msg="HOTSTUFF PROPOSAL MANIFEST stored"     from=127.0.0.1:39412 number=21 proposalID=0xa1156c60d2ac341b7b6ee678cddfeb3bb068ee1a62f1d9510ba7b13857a79f41 manifestBytes=1220 missing=0 bodyBytes=3350
        t=2026-09-22T08:49:59+0200 lvl=info msg="HOTSTUFF PROPOSAL MANIFEST stored"     from=127.0.0.1:44623 number=22 proposalID=0x15970b5ad1ae2fcd6c1aad3912f38cf9e4e62b2d272e8ff2f548854ad5ed114f manifestBytes=830  missing=0 bodyBytes=830
        t=2026-09-22T08:49:59+0200 lvl=info msg="HOTSTUFF PROPOSAL MANIFEST stored"     from=127.0.0.1:47103 number=23 proposalID=0xf03d7ce0aa0a92646376c508fbeb56858939aa9a64dd10e4058bf70dc822117e manifestBytes=1220 missing=0 bodyBytes=3350
        t=2026-09-22T08:50:00+0200 lvl=info msg="HOTSTUFF PROPOSAL MANIFEST stored"     from=127.0.0.1:47103 number=24 proposalID=0xf32e929bfa3f699f70eb170f0c8b3e194372edd30118c510542a308d208febd1 manifestBytes=830  missing=0 bodyBytes=830
        t=2026-09-22T08:50:01+0200 lvl=info msg="HOTSTUFF PROPOSAL MANIFEST stored"     from=127.0.0.1:41928 number=25 proposalID=0xdf1f660086d42e3f6598b39fecc5cc673efea7236e05f87cbc730748885a00e9 manifestBytes=1220 missing=0 bodyBytes=3350
        t=2026-09-22T08:50:01+0200 lvl=info msg="HOTSTUFF PROPOSAL MANIFEST stored"     from=127.0.0.1:57323 number=26 proposalID=0xf8bc0a963ca89910ace9380fc0dfc9bc00d988fa2c81f0003c6f913ad8f08589 manifestBytes=830  missing=0 bodyBytes=830
        t=2026-09-22T08:50:01+0200 lvl=warn msg="HandleConn drops connection: closed"   address=127.0.0.1:53531 remot=127.0.0.1:57323
        t=2026-09-22T08:50:01+0200 lvl=info msg="HOTSTUFF PROPOSAL MANIFEST stored"     from=127.0.0.1:57323 number=26 proposalID=0xf8bc0a963ca89910ace9380fc0dfc9bc00d988fa2c81f0003c6f913ad8f08589 manifestBytes=830  missing=0 bodyBytes=830
        t=2026-09-22T08:50:02+0200 lvl=info msg="HOTSTUFF PROPOSAL MANIFEST stored"     from=127.0.0.1:57323 number=27 proposalID=0x5aafceed88f2d0af196ca7eae78f509cabda3eae4d867fbfd592579d7a296386 manifestBytes=1220 missing=1 bodyBytes=3350
        t=2026-09-22T08:50:02+0200 lvl=eror msg="OnPropose wait proposal body"          number=27 proposalID=0x5aafceed88f2d0af196ca7eae78f509cabda3eae4d867fbfd592579d7a296386 err="hotstuff view state too old"
        t=2026-09-22T08:50:02+0200 lvl=warn msg="HOTSTUFF PROPOSAL MANIFEST authority rejected" from=127.0.0.1:44623 leader=127.0.0.1:44623 number=28 proposalID=0xa56f8488f4c59943cf8e180c1073ba274fac7a31b580cfc838d88fb1074f386f err="proposal manifest does not match the current deterministic leader route: manifest key committee is already canonical but is not the current route"
        t=2026-09-22T08:50:02+0200 lvl=eror msg="OnPropose wait proposal body"          number=28 proposalID=0xa56f8488f4c59943cf8e180c1073ba274fac7a31b580cfc838d88fb1074f386f err="hotstuff view state too old"
        t=2026-09-22T08:50:03+0200 lvl=info msg="HOTSTUFF PROPOSAL REPAIR REQUEST"      to=127.0.0.1:44623 number=28 proposalID=0xa56f8488f4c59943cf8e180c1073ba274fac7a31b580cfc838d88fb1074f386f missing=0 attempt=0
        t=2026-09-22T08:50:03+0200 lvl=info msg="HOTSTUFF PROPOSAL MANIFEST stored"     from=127.0.0.1:44623 number=28 proposalID=0xa56f8488f4c59943cf8e180c1073ba274fac7a31b580cfc838d88fb1074f386f manifestBytes=830  missing=0 bodyBytes=830
        t=2026-09-22T08:50:03+0200 lvl=info msg="HOTSTUFF PROPOSAL MANIFEST stored"     from=127.0.0.1:44623 number=29 proposalID=0x05fb39f52469ee98867cbd5270678e655a13bbe83cb79180cc6456889ea1f34b manifestBytes=1220 missing=0 bodyBytes=3350
        t=2026-09-22T08:50:03+0200 lvl=info msg="HOTSTUFF PROPOSAL MANIFEST stored"     from=127.0.0.1:40399 number=30 proposalID=0xd409ab5133220fe297003802a58ee2f69702d9fb44d9cb0f3a497090329e9d0a manifestBytes=830  missing=0 bodyBytes=830
        t=2026-09-22T08:50:04+0200 lvl=info msg="HOTSTUFF PROPOSAL MANIFEST stored"     from=127.0.0.1:44623 number=31 proposalID=0x46f17dfeb63ed73c61f3fe38c67be1d1e7a7b9ea1b7c71e7ddb33fd3d86b8e91 manifestBytes=1220 missing=0 bodyBytes=3350
        t=2026-09-22T08:50:04+0200 lvl=info msg="HOTSTUFF PROPOSAL MANIFEST stored"     from=127.0.0.1:44623 number=32 proposalID=0xfb608214ad33b5ddae9352c7d690b1db4d853d474635f6de6f0cbb30299df7da manifestBytes=830  missing=0 bodyBytes=830
        t=2026-09-22T08:50:05+0200 lvl=info msg="HOTSTUFF PROPOSAL MANIFEST stored"     from=127.0.0.1:39412 number=33 proposalID=0xee1124b7f92b5b28c29067cc746b8ac51b33bd8cb02fcc869905eb0908266111 manifestBytes=1220 missing=0 bodyBytes=3350
        t=2026-09-22T08:50:05+0200 lvl=info msg="HOTSTUFF PROPOSAL MANIFEST stored"     from=127.0.0.1:39412 number=34 proposalID=0x55c008c40223de98b4ee1b0de65b3f8b49d5c770a08bfcf7ff1b46808ec332e6 manifestBytes=830  missing=0 bodyBytes=830
        t=2026-09-22T08:50:06+0200 lvl=info msg="HOTSTUFF PROPOSAL REF"                 number=35 viewID=0x0d1d441d0e8199a7e98f808c880ac49517b61ea23df69dde8789c59564b8110b proposalID=0x45f58095b83d9f8673fb466456866966c820ef065a4e972221af14388f1db1ab blockHash=0x1142d192f7d1cb85ea72175fe0cedb06ef1e76083b66847f481d24fa277a20b7 bodyHash=0x21251711a434735a15fe9869d477cb7dd00039ef4ddfabc449cdaeb352e76bea bodySize=3350 refBytes=442
        t=2026-09-22T08:50:06+0200 lvl=warn msg="Send msg try again"                    address=[::]:53531      Couldn't send to=127.0.0.1:41928 error="Operation Canceled"
        t=2026-09-22T08:50:06+0200 lvl=warn msg="Send msg try again"                    address=[::]:53531      Couldn't send to=127.0.0.1:44623 error="Operation Canceled"
        t=2026-09-22T08:50:06+0200 lvl=eror msg=CloseConnect                            =[::]:53531 having error closing conn to=127.0.0.1:41928 error="Connection Closed"
        t=2026-09-22T08:50:06+0200 lvl=eror msg=CloseConnect                            =[::]:53531 having error closing conn to=127.0.0.1:56189 error="Connection Closed"
        t=2026-09-22T08:50:06+0200 lvl=warn msg="Send msg try again"                    address=[::]:53531      Couldn't send to=127.0.0.1:44623 error="Operation Canceled"
        t=2026-09-22T08:50:06+0200 lvl=info msg="HOTSTUFF PROPOSAL MANIFEST stored"     from=127.0.0.1:47103 number=36 proposalID=0xddb573543e3bf5ec3ca532758fefb971fd1948d39793aacf8aa0e5bdba40d839 manifestBytes=830  missing=0 bodyBytes=830
        t=2026-09-22T08:50:06+0200 lvl=warn msg="reject new-view before storage"        from=127.0.0.1:47103 viewID=0x482350625ef5f8483ab327b6bbb7319ebfc10bf9f4206796d3bbaeed9d2ec07d err="hotstuff proposal validation pending"
        t=2026-09-22T08:50:07+0200 lvl=info msg="HOTSTUFF PROPOSAL REF"                 number=37 viewID=0x482350625ef5f8483ab327b6bbb7319ebfc10bf9f4206796d3bbaeed9d2ec07d proposalID=0x79bc4ff319500d6caf055955657752abb1faade8a665cec807ec356894da15d2 blockHash=0x795b38243e6c4fec79932b7beb68f67ecd91ab12d038b73aa33d88ece9bf86f5 bodyHash=0x8eeb2485325654fa712f9c019ba0191361f5ab3dfc577e6dc7cc77411cd1a205 bodySize=3350 refBytes=442
        t=2026-09-22T08:50:07+0200 lvl=warn msg="Send msg try again"                    address=[::]:53531      Couldn't send to=127.0.0.1:41928 error="Operation Canceled"
        t=2026-09-22T08:50:07+0200 lvl=eror msg=CloseConnect                            =[::]:53531 having error closing conn to=127.0.0.1:41928 error="Connection Closed"
        t=2026-09-22T08:50:08+0200 lvl=info msg="HOTSTUFF PROPOSAL MANIFEST stored"     from=127.0.0.1:47103 number=38 proposalID=0x680ae0f4a3facf4902f2e6861998230e90adb5e1db0e9d61de457a9923122f9c manifestBytes=830  missing=0 bodyBytes=830
        t=2026-09-22T08:50:08+0200 lvl=info msg="HOTSTUFF PROPOSAL MANIFEST stored"     from=127.0.0.1:41928 number=39 proposalID=0x24df6e90e59bed2001eb25187e1a634430bd474d16f83d1df4c9e3207cfc89ab manifestBytes=1220 missing=0 bodyBytes=3350
        t=2026-09-22T08:50:09+0200 lvl=info msg="HOTSTUFF PROPOSAL MANIFEST stored"     from=127.0.0.1:41928 number=40 proposalID=0x758e1926821b595007813fd59ef4b726676b641ea76095469a6498db690684ce manifestBytes=830  missing=0 bodyBytes=830
        t=2026-09-22T08:50:09+0200 lvl=info msg="HOTSTUFF PROPOSAL MANIFEST stored"     from=127.0.0.1:57323 number=41 proposalID=0xce146a9fce76c04695d7f7c540c1f0df3fb2f7b855145e3d3228476269d3d40c manifestBytes=1220 missing=0 bodyBytes=3350
        t=2026-09-22T08:50:10+0200 lvl=info msg="HOTSTUFF PROPOSAL MANIFEST stored"     from=127.0.0.1:47103 number=42 proposalID=0x15a0bc2d8cca6c27422c0870b2e080ab2902f6cc0f644cc822b4beac22fc1878 manifestBytes=830  missing=0 bodyBytes=830
        t=2026-09-22T08:50:10+0200 lvl=info msg="HOTSTUFF PROPOSAL MANIFEST stored"     from=127.0.0.1:44623 number=43 proposalID=0x47bfcefbb4b8538607f7d8f053927a73e07f4ef69fd5db37442a2f4db8431141 manifestBytes=1220 missing=0 bodyBytes=3350
        t=2026-09-22T08:50:10+0200 lvl=warn msg="HandleConn drops connection: closed"   address=127.0.0.1:53531 remot=127.0.0.1:44623
        t=2026-09-22T08:50:10+0200 lvl=info msg="HOTSTUFF PROPOSAL MANIFEST stored"     from=127.0.0.1:44623 number=43 proposalID=0x47bfcefbb4b8538607f7d8f053927a73e07f4ef69fd5db37442a2f4db8431141 manifestBytes=1220 missing=0 bodyBytes=3350
        t=2026-09-22T08:50:10+0200 lvl=info msg="HOTSTUFF PROPOSAL MANIFEST stored"     from=127.0.0.1:41928 number=44 proposalID=0x49811c4d4606f699cf307aca2e33527bef90c34cc923a462c971a74bce855140 manifestBytes=830  missing=0 bodyBytes=830
        t=2026-09-22T08:50:11+0200 lvl=warn msg=GetBlockByNumer                         number=1
        t=2026-09-22T08:50:11+0200 lvl=warn msg=GetBlockByNumer                         number=43
        t=2026-09-22T08:50:11+0200 lvl=info msg="HOTSTUFF PROPOSAL MANIFEST stored"     from=127.0.0.1:39412 number=45 proposalID=0x8be5bcd14c94a63346258cf649f9e99352252669241636b572cf471d2a3e6032 manifestBytes=1220 missing=0 bodyBytes=3350
        t=2026-09-22T08:50:11+0200 lvl=info msg="HOTSTUFF PROPOSAL MANIFEST stored"     from=127.0.0.1:57323 number=46 proposalID=0x0ccb329d44726fba9ea26234188cbcf4ff626b9c8bf5125b7d70d31f79761b8b manifestBytes=830  missing=0 bodyBytes=830
        t=2026-09-22T08:50:12+0200 lvl=info msg="HOTSTUFF PROPOSAL MANIFEST stored"     from=127.0.0.1:57323 number=47 proposalID=0xd4f8311882f91bdd05bb06f271ef8bca799471f9318d7ad9932a1395c27ee4fe manifestBytes=1220 missing=0 bodyBytes=3350
        t=2026-09-22T08:50:12+0200 lvl=info msg="HOTSTUFF PROPOSAL MANIFEST stored"     from=127.0.0.1:40399 number=48 proposalID=0xaeb7b7679b23e1c361c0c77f4685e002f0d7e683dd5117c75ea0648812ac4bfc manifestBytes=830  missing=0 bodyBytes=830
        t=2026-09-22T08:50:12+0200 lvl=warn msg=GetBlockByNumer                         number=1
        t=2026-09-22T08:50:12+0200 lvl=warn msg=GetBlockByNumer                         number=47
        t=2026-09-22T08:50:12+0200 lvl=warn msg=GetBlockByNumer                         number=1
        t=2026-09-22T08:50:12+0200 lvl=warn msg=GetBlockByNumer                         number=47
    dex_financial_process_test.go:104: DEX child6 full log /tmp/dex-financial-failure-2136072621.log
    dex_financial_process_test.go:109: DEX child6 log: 
    dex_financial_process_test.go:104: DEX child5 full log /tmp/dex-financial-failure-363835537.log
    dex_financial_process_test.go:109: DEX child5 log: 
    dex_financial_process_test.go:104: DEX child4 full log /tmp/dex-financial-failure-2847021566.log
    dex_financial_process_test.go:109: DEX child4 log: 
    dex_financial_process_test.go:104: DEX child3 full log /tmp/dex-financial-failure-3069120375.log
    dex_financial_process_test.go:109: DEX child3 log: 
    dex_financial_process_test.go:104: DEX child2 full log /tmp/dex-financial-failure-2988245020.log
    dex_financial_process_test.go:109: DEX child2 log: 
    dex_financial_process_test.go:104: DEX child1 full log /tmp/dex-financial-failure-2231920949.log
    dex_financial_process_test.go:109: DEX child1 log: 
    dex_financial_process_test.go:104: DEX child0 full log /tmp/dex-financial-failure-1863237286.log
    dex_financial_process_test.go:109: DEX child0 log: 
--- FAIL: TestFHSNativeFinancialTwoDomainSockets (228.32s)
FAIL
