=== RUN   TestFHSNativeFinancialOrdinaryCLI
    dex_financial_network_test.go:267: CLX_FINALIZED tx=0xe744f225ffd5fc7914bb5691b429a17dd24fc9c913b56871c7b8f8a64daded86 height=1 hash=0x283f71092e7c539f034ea5339dbb47f648d71a7e0346900f5b76124935897393 status=1 payer=0x41Bef76F3A5D257166b5F0D6C4B46Ed49369e110 gas=271600 value=100000000000000000000
    dex_financial_network_test.go:267: CLX_FINALIZED tx=0x3d79683e81787ae2e712fa4d9bc9b83354699efce7a0daef7842d9a662d2f16f height=3 hash=0x06fde2f00ae6e286f09f4b3533b698ff67cf8e26c8ebb77bd5f513417adf9fd8 status=1 payer=0x3E4A428F8Bb24D14a00848634f7b4286ED1500fC gas=271600 value=100000000000000000000
    dex_financial_network_test.go:267: CLX_FINALIZED tx=0x9dd6544915cab85196efc83782e8e9835cbd4d412d4f8fa9f4c2d3066686a272 height=5 hash=0x24a7c55bb7b81181ac1f36b0e8cf9480e6cfe56a3282da6ebeeb6b6278b0eb84 status=1 payer=0x0746516fbaBA5CA1cdb50502EC7b9006e9b2F1F4 gas=271600 value=20000000000000000000
    dex_financial_network_test.go:267: CLX_FINALIZED tx=0x4376a63d01590d434ee75ca9572bd191ab239799e4f64da8da70f738cd7302be height=7 hash=0xca65d11fc779f10ab456799b1a9f06ea35c777a6c9110e298254133c39d2493d status=1 payer=0x0746516fbaBA5CA1cdb50502EC7b9006e9b2F1F4 gas=271600 value=5000000000000000000
    dex_financial_network_test.go:276: NATIVE_LEDGER_RECONCILED height=7 custody=225000000000000000000 gas=1738240000000000 commonReward=347648000000000 burn=1390592000000000 accounts=7 engine=0/0/0
    dex_financial_network_test.go:303: NORMAL_FINANCIAL_ROLES index=0 CommonPID=935129 DEXSidecarPID=935281 api=127.0.0.2:44275 pow=false rpcReward=false
    dex_financial_network_test.go:303: NORMAL_FINANCIAL_ROLES index=1 CommonPID=935298 DEXSidecarPID=935553 api=127.0.0.3:38859 pow=false rpcReward=false
    dex_financial_network_test.go:303: NORMAL_FINANCIAL_ROLES index=2 CommonPID=935573 DEXSidecarPID=935683 api=127.0.0.4:44441 pow=false rpcReward=false
    dex_financial_network_test.go:303: NORMAL_FINANCIAL_ROLES index=3 CommonPID=935700 DEXSidecarPID=935772 api=127.0.0.5:45201 pow=false rpcReward=false
    dex_financial_network_test.go:303: NORMAL_FINANCIAL_ROLES index=4 CommonPID=935788 DEXSidecarPID=935931 api=127.0.0.6:38121 pow=false rpcReward=false
    dex_financial_network_test.go:303: NORMAL_FINANCIAL_ROLES index=5 CommonPID=935961 DEXSidecarPID=936077 api=127.0.0.7:37569 pow=false rpcReward=false
    dex_financial_network_test.go:303: NORMAL_FINANCIAL_ROLES index=6 CommonPID=936100 DEXSidecarPID=936176 api=127.0.0.8:40515 pow=false rpcReward=false
    dex_financial_network_test.go:456: CLX_FINALIZED tx=0x034c02ee2293f9b11fbfaeeb57b3fab3b7363c6643f43e28a7b49f2d824c8bcf height=9 hash=0x773fb3689505b7743b4b5034a41650e2f71717c67ed5ff66885c4e50fc2c4359 status=1 payer=0x00526680002073498cD21E24EE014874CDF2eb11 gas=13028984 value=0
    dex_financial_network_test.go:470: DEX_FINALIZED_AND_CLX_SETTLED sequence=1 checkpoint=89bc783aa62d001df17fed58dd011c8947587542a4a509cfc0a57b426141c5e1 root=c6c315cbcf42fd8a783dc8c284572dc65c110688dc59185b5866edd43ea0a66c clxAnchor=ca65d11fc779f10ab456799b1a9f06ea35c777a6c9110e298254133c39d2493d finance=b4fd83c164141a84af3a639f0a1114394ab855414d4e938c09aada4770fcc692
    dex_financial_network_test.go:456: CLX_FINALIZED tx=0xda8185772aa78f01274bf31dd4071a2bd4180d918b74ba5a60a4bfe10ea979c5 height=11 hash=0xa22cf3381229d81ce5de1a773803ae8f2cba515525d03b76941cf136cb01c9e8 status=1 payer=0x00526680002073498cD21E24EE014874CDF2eb11 gas=12126120 value=0
    dex_financial_network_test.go:470: DEX_FINALIZED_AND_CLX_SETTLED sequence=2 checkpoint=2603a381ba51286e211140c3c38cd5aa6f02a00581936db17b7309db53fd58be root=ea635d1a2e5fbe078908777783bae52c4ab671e48bc1511cf99cab6be30cc7f4 clxAnchor=ca65d11fc779f10ab456799b1a9f06ea35c777a6c9110e298254133c39d2493d finance=1dd6d60dc132acdf298e0c353c38e74f826a00b02204f7890af4eebbc966faad
    dex_financial_network_test.go:456: CLX_FINALIZED tx=0xf656695b5da8d112e36a6493f697b2cccea5c33f6f767d6632a3d20695146932 height=13 hash=0x67711c65bcd1ba9dc009d526592a45c7165c5d02435b0b24d1b599e913c890be status=1 payer=0x00526680002073498cD21E24EE014874CDF2eb11 gas=12126168 value=0
    dex_financial_network_test.go:470: DEX_FINALIZED_AND_CLX_SETTLED sequence=3 checkpoint=3ec4b7b3388d4614348aac64d17dcb80e28f3965b3553abc8fcde70c675cb719 root=56fa0da27dc8ad3c7109309a7886b6cc55a517cdf049a97e695d429bc5dfbd64 clxAnchor=ca65d11fc779f10ab456799b1a9f06ea35c777a6c9110e298254133c39d2493d finance=154b1a830c5b51aac22b4adb890e04aa117748e3b06bbd881af8ab72a01f7c45
    dex_financial_network_test.go:456: CLX_FINALIZED tx=0x2fad2f9ffa5af3273232f4372fe8d2f480a15c003adb1ce0a6a0bd314e392dbc height=15 hash=0x02d1937f4d0ccac31aca5c274024378b30a3a036d4c3ce0908d5efdbade2e0e3 status=1 payer=0x00526680002073498cD21E24EE014874CDF2eb11 gas=12126168 value=0
    dex_financial_network_test.go:470: DEX_FINALIZED_AND_CLX_SETTLED sequence=4 checkpoint=17c7b0f783974905e560f3c71a113fcd8ed0244907f6b2e3981c5451f99d4732 root=0e3b9267f80582e059642fe112b03f861114ed8029a7432d3397d1bb2bdbe29b clxAnchor=ca65d11fc779f10ab456799b1a9f06ea35c777a6c9110e298254133c39d2493d finance=4a643a829636e821bfb7e2e43caa247a6ca37689b06a52055c7976b41ebbab04
    dex_financial_network_test.go:456: CLX_FINALIZED tx=0x4dcaebe1ba8acd7b35d5c874dcce50ae636da297e9fa8bfa4097d229d22fcd7a height=17 hash=0x763120317df806b72fe6984c8188f9422d21d909025756ef9d8a163f2c19f58f status=1 payer=0x00526680002073498cD21E24EE014874CDF2eb11 gas=12126216 value=0
    dex_financial_network_test.go:470: DEX_FINALIZED_AND_CLX_SETTLED sequence=5 checkpoint=9fd5e500debe108a34521d1be54b0202ddadda10756559736bf8b5270d130273 root=0d70d6ac1222589559baf79c856624f580cefa8d277654d64b91e83e18870d9b clxAnchor=ca65d11fc779f10ab456799b1a9f06ea35c777a6c9110e298254133c39d2493d finance=32e72971f9e6a31314e90d0a84bcd7824c2b0bcdffdd47cbb7ba480439ebe360
    dex_financial_network_test.go:456: CLX_FINALIZED tx=0x536b448fd9bdb80c5f5bb9d23a8001c5137712b2f4c11e5c5a22b270572d172b height=19 hash=0xf8fdaeb0f10898677f7839f5c67854a6586e0f4488555b1a28f7f1145b1ce81a status=1 payer=0x00526680002073498cD21E24EE014874CDF2eb11 gas=12126156 value=0
    dex_financial_network_test.go:470: DEX_FINALIZED_AND_CLX_SETTLED sequence=6 checkpoint=90338d05f6417f07d1c4b0775e03c467eccd125e049697c60bb2488a554702e4 root=781034cb8f38a8b25558bb5484bba1536c9b9234a19c8f881b5e53a76aeab37f clxAnchor=ca65d11fc779f10ab456799b1a9f06ea35c777a6c9110e298254133c39d2493d finance=84d6b98a1462029b0a361d14e2b1ebf680f023bcfde442f5ff9f9faa389e4724
    dex_financial_network_test.go:456: CLX_FINALIZED tx=0x567c6c6a48b9cb7e4ba5de794de8f8b889481f832986522fc0ed3419577508f0 height=21 hash=0xce08fce6e187264e38008c648d68dbddb87a5ebf1abc83edc220e30809daffdd status=1 payer=0x00526680002073498cD21E24EE014874CDF2eb11 gas=12126180 value=0
    dex_financial_network_test.go:470: DEX_FINALIZED_AND_CLX_SETTLED sequence=7 checkpoint=599ebc157b3f6ac7dda0174fcdc6ec7c052635baaa24f3a262a08f7690cd9d44 root=97c1ba63ff49ed7186ce05607db527221d8eadf073c3d04cb0faa0bdb24754e7 clxAnchor=ca65d11fc779f10ab456799b1a9f06ea35c777a6c9110e298254133c39d2493d finance=8495efbe53e0408cd16e9f1f83a6f3953db10a131ae9a567e2cef2f921f7c0b2
    dex_financial_network_test.go:456: CLX_FINALIZED tx=0x8015df4b5e7a5befba86488615c8bb92980f6c7427351b35516b211f0034465c height=23 hash=0xe52e9f2b17e2fe693f40a6c5901f77a70863760ddae7d574dda570fdfd311707 status=1 payer=0x00526680002073498cD21E24EE014874CDF2eb11 gas=12126156 value=0
    dex_financial_network_test.go:470: DEX_FINALIZED_AND_CLX_SETTLED sequence=8 checkpoint=3e304b0ae2558ef4219d883e8a29e790a5e5408f0bc21ffde26a88bcccdb94d5 root=f4558efa0d26725b2f63cf80c281cc0a357b4da77f7bda4eb9cca2b05c75f6b0 clxAnchor=ca65d11fc779f10ab456799b1a9f06ea35c777a6c9110e298254133c39d2493d finance=7ee7adfa18d7989c43e7daf29e13b44631efe868a4aad1f4232d52e65190cbff
    dex_financial_network_test.go:456: CLX_FINALIZED tx=0xb4c23f3d175afa41e3b70436a6fff9c9419d74861e6a4e14a4dcac6c17f68c4e height=25 hash=0x966f46cdcbc89f067a5b83f7668ae591c01286e5eab1ca43dc1edcf167a5cb6e status=1 payer=0x00526680002073498cD21E24EE014874CDF2eb11 gas=12126108 value=0
    dex_financial_network_test.go:470: DEX_FINALIZED_AND_CLX_SETTLED sequence=9 checkpoint=63e1c7feaf4a55bc6e6757a650a2cc64e54f7a48678e8cb012767108eec6fe35 root=e422b229040e58f61935047a5d62ea913ab00659d7ef4575c247f3f4e2d09738 clxAnchor=ca65d11fc779f10ab456799b1a9f06ea35c777a6c9110e298254133c39d2493d finance=34f0cd2188ee96d10cdd38235616199a6fba285dc1cce0d50ac59d8ee2c42069
    dex_financial_network_test.go:456: CLX_FINALIZED tx=0x0fa967f14a6d52be536ff9a221598240960dd862be61f37cbc42bbe4d8a05695 height=27 hash=0xb6178d08b08a2271d87e1b9d76a5fb3d9cb2ea97b57960c32e43b72d4477bd51 status=1 payer=0x00526680002073498cD21E24EE014874CDF2eb11 gas=12126096 value=0
    dex_financial_network_test.go:470: DEX_FINALIZED_AND_CLX_SETTLED sequence=10 checkpoint=0092b2820a5ee1a17a50705ede4a65d0930950b75b7f4f0fa9c352ce0014385d root=bd2b6a36953bc92a1fda6def17083fe5cc8b55f9fc20eec4d9f819da7f81066c clxAnchor=ca65d11fc779f10ab456799b1a9f06ea35c777a6c9110e298254133c39d2493d finance=bbcddffdc996e5bf2a2299f3b6ad633fd4cb66443000ba9cffebe09651ca7801
    dex_financial_network_test.go:456: CLX_FINALIZED tx=0x8e69e25ade239b4f218d3102214cb791ed7eb51ea813bb3a0c5f253086ff6790 height=29 hash=0x9915d760da3f65bfa3c9bd8696c5b5505bda36b02858e033b1a6a92670f7a016 status=1 payer=0x00526680002073498cD21E24EE014874CDF2eb11 gas=12126072 value=0
    dex_financial_network_test.go:470: DEX_FINALIZED_AND_CLX_SETTLED sequence=11 checkpoint=e553b0998fa33e826b7356df8890c2c2b7f608749153a827e66c2ae50adb1746 root=cc9c723e77a6913a008cf16e0d843db023b937fdcbcf82fce42fd1d7813cc6c8 clxAnchor=ca65d11fc779f10ab456799b1a9f06ea35c777a6c9110e298254133c39d2493d finance=a6de0e021177e926905a16587500f1862c7b4cede93b73eacb24fa4d6d3e925d
    dex_financial_network_test.go:456: CLX_FINALIZED tx=0xb33580a4522ca0cd3a5fcdf7f65a4e9332d133ddd6e21f3b5744d9351451a5d6 height=31 hash=0x5184b840c065abaeef7af1ee7e3b9d22bde034d82508b50d4c77ea55322989c3 status=1 payer=0x00526680002073498cD21E24EE014874CDF2eb11 gas=12126132 value=0
    dex_financial_network_test.go:470: DEX_FINALIZED_AND_CLX_SETTLED sequence=12 checkpoint=88dc1aed57d05c9a3eddf009ee4ed2257d041730595e346a490f934614b97a8d root=ad3d912e43c722e9c63c461958fa62bc6f0117266968ca95a3c8b79a7b18cc04 clxAnchor=ca65d11fc779f10ab456799b1a9f06ea35c777a6c9110e298254133c39d2493d finance=c75a8a352b6cd4d587690f48358799b5f9e2942744fd99115d692cf4487819a9
    dex_financial_network_test.go:456: CLX_FINALIZED tx=0xd58d563a73b7a55f375b9df35f9464bfd5d04be16209539caefff217dafa849e height=33 hash=0x92ecbfb6426fc858ec085ed0e5dfa2e774bb41b0f15f948da733184832268430 status=1 payer=0x00526680002073498cD21E24EE014874CDF2eb11 gas=12126192 value=0
    dex_financial_network_test.go:470: DEX_FINALIZED_AND_CLX_SETTLED sequence=13 checkpoint=088a5fc3ee28d9b6ffdb16219e1b60d439d8a359c4a2b6672794c0dd08d4006b root=4cbc35dc5f9e16ac9a5207e74f0b58c9358d39a45a398aa69609d3bfe91d2be7 clxAnchor=ca65d11fc779f10ab456799b1a9f06ea35c777a6c9110e298254133c39d2493d finance=41505238840ca60de4e4dd859dbfdab3962f33031efcac8a9e1ac615b40e1649
    dex_financial_network_test.go:456: CLX_FINALIZED tx=0x5d9a4d42cfbd80153f333a4a4adf9302e9a90141afe9b7099086967e036a3b64 height=35 hash=0x58f25e73bfd7aa73500c8eaa3914297fcc1f519b945a973c8485e15140bb731e status=1 payer=0x00526680002073498cD21E24EE014874CDF2eb11 gas=12126648 value=0
    dex_financial_network_test.go:470: DEX_FINALIZED_AND_CLX_SETTLED sequence=14 checkpoint=ee710e35b95e481a35e0d0d73263cb21a0a4258dec656e4b8bea8d8b005aac48 root=3acdc9d262232aa5025fdd6f5996ed5840c8aac19621296f869ba8bfe2a21a3f clxAnchor=ca65d11fc779f10ab456799b1a9f06ea35c777a6c9110e298254133c39d2493d finance=c1a59bf9cba409a9dbafe470cc733635efd7d1ccf15939f08f7ca1843a286f5a
    dex_financial_network_test.go:456: CLX_FINALIZED tx=0xb1137864a350280f522482f5da0d648e293d2a06b027a5aad34c4eef6fd52487 height=37 hash=0x9cac606597093c8d37b4b3176a2f8caf5cf4ea516aaf5211ddded4860e7c3c5f status=1 payer=0x00526680002073498cD21E24EE014874CDF2eb11 gas=12126132 value=0
    dex_financial_network_test.go:470: DEX_FINALIZED_AND_CLX_SETTLED sequence=15 checkpoint=4983951a8271629bc2f4da34df2d5fb081b0a12e477001a740229e9b8c09ded4 root=c497d6ba3c89b88e136f7c65884e765dddeb53508040b6c227c62c82c8b75c2a clxAnchor=ca65d11fc779f10ab456799b1a9f06ea35c777a6c9110e298254133c39d2493d finance=b564ff772c74f5bb9a66e17c43f94cb83e6575690880b3d651ed51b8710726bd
    dex_financial_network_test.go:456: CLX_FINALIZED tx=0xbb437f6168ece9518158e81f031433077c149580984ddec6a2b41f334aea4e4f height=39 hash=0x27008d0dc5ab3078b9836d4b7de20b55062a612ad7ca296347d2e9474a65644d status=1 payer=0x00526680002073498cD21E24EE014874CDF2eb11 gas=12126156 value=0
    dex_financial_network_test.go:470: DEX_FINALIZED_AND_CLX_SETTLED sequence=16 checkpoint=c1528673f8820f9780357c2ed32f1db549662b04fe075c282ee33d6012511d74 root=dedcb87b8241c75409e14a1c6672186d58568ad9454a89326b83b17acd3e4ee2 clxAnchor=ca65d11fc779f10ab456799b1a9f06ea35c777a6c9110e298254133c39d2493d finance=70234818573793ba0d7a2c4f0850cf33cb44758770839e5ff62e47c426a7fce8
    dex_financial_network_test.go:456: CLX_FINALIZED tx=0x70a7a728404c0183e7e97b8331b684bfb4b31c781d99ef5ef4a848cce4ae17b3 height=41 hash=0xccf9b9a8f2be7f54b1bac149a5c3a6f875bba21e0f2bace0b364155f90b2d697 status=1 payer=0x00526680002073498cD21E24EE014874CDF2eb11 gas=12126168 value=0
    dex_financial_network_test.go:470: DEX_FINALIZED_AND_CLX_SETTLED sequence=17 checkpoint=50f501e4bd24e567a0bdf03a773ba6a2cc1116cef9882b4e60d7fadd983bc76c root=ee119c0cced025800b83d6f1cef1fd2290feef7841cfe7e2f534ccdc57d04486 clxAnchor=ca65d11fc779f10ab456799b1a9f06ea35c777a6c9110e298254133c39d2493d finance=fc12125bc3a683c3d2a31259ac435d1e9396801552fb95f5f34d4e1319478b97
    dex_financial_network_test.go:456: CLX_FINALIZED tx=0xf9915a633783a7578cc518736840ec4e572e7e6ad661bd2c700de0b55c9cb4b7 height=43 hash=0x953ceb5e45ad0ecc95151c4fdcac8865b2cff6c4c407fe9da7ba1782dd3f1ae9 status=1 payer=0x00526680002073498cD21E24EE014874CDF2eb11 gas=12127152 value=0
    dex_financial_network_test.go:470: DEX_FINALIZED_AND_CLX_SETTLED sequence=18 checkpoint=93032a54a226118443687df4e6d5cb5d337f4f4fcab750be21273b472a97c0b4 root=a1a2216110b4a9a9b7fc4e3297f207ddcfc6d22afff4a5e385e94871567897d7 clxAnchor=ca65d11fc779f10ab456799b1a9f06ea35c777a6c9110e298254133c39d2493d finance=d0e25e4f1090f757f715e073353a5ef6147713a49da45a9ef4fcb5fe79590817
    dex_financial_network_test.go:478: CLX_FINALIZED tx=0xc7a30785cbb522f6dea0a0d522c709351bf8c26fd958fff6a2ea15fe44ad4939 height=45 hash=0x84b82e1358bdae66b7fffab1b7dfc31aa144317918bd357b9ac867701ceb91a2 status=1 payer=0x41Bef76F3A5D257166b5F0D6C4B46Ed49369e110 gas=12127152 value=0
    dex_financial_network_test.go:479: CLX_FINALIZED tx=0x1483d4b749f6a46bec302f5bcc0a1183991d0e9b6dc44459580970e8976ea980 height=47 hash=0x2d5df84d656740852e4c228ffebb907fc63f4a756761bd43e9dfb77e85763f4b status=0 payer=0x3E4A428F8Bb24D14a00848634f7b4286ED1500fC gas=12127152 value=0
    dex_financial_network_test.go:484: NATIVE_LEDGER_RECONCILED height=47 custody=225000000000000000000 gas=391225132800000000 commonReward=78245026560000000 burn=312980106240000000 accounts=7 engine=0/0/0
    dex_financial_network_test.go:484: CLX_CRASH_REOPEN height=47 oldPIDs=[934412 934423 934432 934445 934451 934457 934465] newPIDs=[936809 936815 936913 936961 936970 937018 937168] root=0x2d9ca52a5ddb93fb19f65b7ed4ff94c1dd006a1b60f68b4a5fd73771658f7303
    dex_financial_network_test.go:502: CLX_FINALIZED tx=0x7ebd4f9c8ca044054d0841ebc3f71ac868af2aa1810f0973680446a20e0774c0 height=49 hash=0x81eba789af4ae5be51e8a1af3b5265ad39e029613377db00321259bae28ef60e status=1 payer=0x00526680002073498cD21E24EE014874CDF2eb11 gas=384696 value=0
    dex_financial_network_test.go:505: CLAIM_PAID id=b9654480e3b2580ec3ebe9b5b02ab7b6beb6f2a48c7040cd2846d36a16b79b0d recipient=0xeB7117D4Fe7Ec7531f1237717F18985010fC396f amount=10000000000000000000 kind=1
    dex_financial_network_test.go:502: CLX_FINALIZED tx=0xe47729b17711e717e3b64893c0a296411bd4119d91a33dc642048618f23333f8 height=51 hash=0x27aaf0bffede6e2dcf830c3399e9ec2c8fa39c25f77574a27c328b503ceee0d6 status=1 payer=0x00526680002073498cD21E24EE014874CDF2eb11 gas=390120 value=0
    dex_financial_network_test.go:505: CLAIM_PAID id=19ee74fda2b7a561b104272029b3011d2c095c8bd6f08ebbf7ed6b18c674c5b1 recipient=0x908F62B8B94E384611717b81Fd4BEc3bCEb0aDA5 amount=142857142857142857 kind=2
    dex_financial_network_test.go:502: CLX_FINALIZED tx=0x535d9f850611035e02b9350290135ed255ed9283217216fbf0d183589b6ba5c6 height=53 hash=0x3fdfc6b7dc40c73c0b8cb325eb377cc9d33be5025ece665c99eabf43123cab3a status=1 payer=0x00526680002073498cD21E24EE014874CDF2eb11 gas=390132 value=0
    dex_financial_network_test.go:505: CLAIM_PAID id=323455827a815fc7e52ef91a7da0a508de24dc4020857d2afd8f6b6600c2c2af recipient=0x77F696F66eF9B273E04ec17AB4F2eDE50C726787 amount=142857142857142858 kind=2
    dex_financial_network_test.go:502: CLX_FINALIZED tx=0xa441bba2f87e584b4f141da4463a0b16414a2cfd0f6092e995e59b91953dd3f6 height=55 hash=0x8756bfb24e5671179cbb379ea4c7b870ae84fe6cdbcf61ed04779128088f12de status=1 payer=0x00526680002073498cD21E24EE014874CDF2eb11 gas=390144 value=0
    dex_financial_network_test.go:505: CLAIM_PAID id=358d5b7b10e437a23cf737cac6afffde4e3d5b31b892032453e9097585f3b53c recipient=0xba36deCfB05b9495D3876de632346a3d40f931c6 amount=142857142857142857 kind=2
    dex_financial_network_test.go:502: CLX_FINALIZED tx=0xd5cd855a899d77a9573a9e3195176bd9d780b1f86f7e67e2fa27ea60253ec9c3 height=57 hash=0x566b22c0ba945fbb87d771252358ccc9c73c3e0f62d7c0df17b743ad40824556 status=1 payer=0x00526680002073498cD21E24EE014874CDF2eb11 gas=390144 value=0
    dex_financial_network_test.go:505: CLAIM_PAID id=653b46cd43359b85422ad2ae397013b6672881e5fb26869a4263f807e9041492 recipient=0x170d1edE78a33937E88449e4303B3d048af38D42 amount=142857142857142857 kind=2
    dex_financial_network_test.go:502: CLX_FINALIZED tx=0xdeddbdd135e19a25df3f5b841b2505568bb0e0500245da507c011ace284dd10a height=59 hash=0x8f0a189d2ca4be7b51656e7f256b1950383047e47a3665d27d77c13aa5044032 status=1 payer=0x00526680002073498cD21E24EE014874CDF2eb11 gas=390132 value=0
    dex_financial_network_test.go:505: CLAIM_PAID id=6904c8384952a3b3eac950a024348d4ca901a779e54f54a0da02a4f9c7473e8f recipient=0xF6f7D30AB9d65dC5A480212E6F62eD4585a4F1a1 amount=142857142857142857 kind=2
    dex_financial_network_test.go:502: CLX_FINALIZED tx=0x9c2b8d2d50040921ae3fc88a540f118f25055c052e2b377c5b36d1c2a61fabed height=61 hash=0x481f20b83195d1d29017fd7c16efdfe5df06c158b32f5ca5e1191b0aa9fd0769 status=1 payer=0x00526680002073498cD21E24EE014874CDF2eb11 gas=390144 value=0
    dex_financial_network_test.go:505: CLAIM_PAID id=84c0688e83f17c6b527501c6e7f2c8b8113d850483bc2b85cbfaa4903f4d4996 recipient=0x2d0aB8f1beb0F4C88A19701250a6fC7886Beb0EF amount=142857142857142857 kind=2
    dex_financial_network_test.go:502: CLX_FINALIZED tx=0x53b15702dd95fa222907958a7719fe600e9a1ff53f3bb8da054b864b91c5417d height=63 hash=0x5eebc11ab36d0af13c6d5966de56312ae43bf9c4d7c9d95d8b2ee29dc8bba1db status=1 payer=0x00526680002073498cD21E24EE014874CDF2eb11 gas=390108 value=0
    dex_financial_network_test.go:505: CLAIM_PAID id=b539e56801c47bbb8f5c7c563df432b720fedd8b81a939f65ae1f374aecd811f recipient=0xB76701fCd2466E34894f81ab945D12398300EB3a amount=142857142857142857 kind=2
    dex_financial_network_test.go:515: NATIVE_LEDGER_RECONCILED height=63 custody=214000000000000000000 gas=396210124800000000 commonReward=79242024960000000 burn=316968099840000000 accounts=15 engine=0/0/0
    dex_financial_network_test.go:531: CLX_ALL_STOPPED DEX_finalized>=22 CLX_accepted_sequence=18; no native payout callback; finite retention horizon=128
    dex_financial_network_test.go:516: NATIVE_LEDGER_RECONCILED height=63 custody=214000000000000000000 gas=396210124800000000 commonReward=79242024960000000 burn=316968099840000000 accounts=15 engine=0/0/0
    dex_financial_network_test.go:516: CLX_CRASH_REOPEN height=63 oldPIDs=[936809 936815 936913 936961 936970 937018 937168] newPIDs=[937648 937684 937750 937827 937904 937911 937918] root=0xdb97e2f44c98a8f6421dd0e43523cfb32ee1fc81e70d15612933ea22b54abdf8
    dex_financial_faults_test.go:118: DEX_FINANCIAL_FAULT stage=one-stopped live=6 finalized=25 root=8110a35c95f2cae1161064c31adf1aaceaa5e5c783f7b7930300af2d4f3b3bf7 total=225CLX reserved=11CLX
    dex_financial_faults_test.go:118: DEX_FINANCIAL_FAULT stage=two-stopped live=5 finalized=28 root=ce61f90a5fb7a1825ebe557852ae7b6c71de5e0da8172924de0e2146ae51b410 total=225CLX reserved=11CLX
    dex_financial_faults_test.go:139: CLI restart exit exit status 2: panic: Writing genesis key block error!
        
        goroutine 1 [running]:
        github.com/cypherium/cypher/core.SetupGenesisKeyBlock({0x26e8550, 0x27d9dd817620}, 0x0)
        	/root/work/cypher-FHS-D-ExchangeCore/core/key_genesis.go:151 +0x2a8
        github.com/cypherium/cypher/eth.New(0x27d9dd7ce680, 0x27d9dd9f2008)
        	/root/work/cypher-FHS-D-ExchangeCore/eth/backend.go:194 +0x634
        github.com/cypherium/cypher/cmd/utils.RegisterEthService(0x0?, 0x0?)
        	/root/work/cypher-FHS-D-ExchangeCore/cmd/utils/flags.go:1745 +0x1d
        main.makeFullNode(0x27d9dd97a580)
        	/root/work/cypher-FHS-D-ExchangeCore/cmd/cypher/config.go:141 +0xeb
        main.cypher(0x27d9dd97a580)
        	/root/work/cypher-FHS-D-ExchangeCore/cmd/cypher/main.go:360 +0xdc
        gopkg.in/urfave/cli%2ev1.HandleAction({0x24aca50?, 0x26ef7f0?}, 0x27d9dd7e4008?)
        	/root/go/pkg/mod/gopkg.in/urfave/cli.v1@v1.20.0/app.go:490 +0x50
        gopkg.in/urfave/cli%2ev1.(*App).Run(0x27d9dd807a00, {0x27d9dd6c21a0, 0x19, 0x1a})
        	/root/go/pkg/mod/gopkg.in/urfave/cli.v1@v1.20.0/app.go:264 +0x678
        main.main()
        	/root/work/cypher-FHS-D-ExchangeCore/cmd/cypher/main.go:278 +0x2f
    fhs_process_recovery_test.go:225: validator 937918 complete log: /tmp/fhs-process-failure-670436763.log
    fhs_process_recovery_test.go:230: validator 937918 log tail:
        t=2026-09-22T08:38:19+0200 lvl=warn msg=GetBlockByNumer number=0
        t=2026-09-22T08:38:19+0200 lvl=warn msg=GetBlockByNumer number=1
        t=2026-09-22T08:38:19+0200 lvl=warn msg=GetBlockByNumer number=2
        t=2026-09-22T08:38:19+0200 lvl=warn msg=GetBlockByNumer number=3
        t=2026-09-22T08:38:19+0200 lvl=warn msg=GetBlockByNumer number=4
        t=2026-09-22T08:38:19+0200 lvl=warn msg=GetBlockByNumer number=5
        t=2026-09-22T08:38:19+0200 lvl=warn msg=GetBlockByNumer number=6
        t=2026-09-22T08:38:19+0200 lvl=warn msg=GetBlockByNumer number=7
        t=2026-09-22T08:38:19+0200 lvl=warn msg=GetBlockByNumer number=8
        t=2026-09-22T08:38:19+0200 lvl=warn msg=GetBlockByNumer number=9
        t=2026-09-22T08:38:19+0200 lvl=warn msg=GetBlockByNumer number=10
        t=2026-09-22T08:38:19+0200 lvl=warn msg=GetBlockByNumer number=11
        t=2026-09-22T08:38:19+0200 lvl=warn msg=GetBlockByNumer number=12
        t=2026-09-22T08:38:19+0200 lvl=warn msg=GetBlockByNumer number=13
        t=2026-09-22T08:38:19+0200 lvl=warn msg=GetBlockByNumer number=14
        t=2026-09-22T08:38:19+0200 lvl=warn msg=GetBlockByNumer number=15
        t=2026-09-22T08:38:19+0200 lvl=warn msg=GetBlockByNumer number=16
        t=2026-09-22T08:38:19+0200 lvl=warn msg=GetBlockByNumer number=17
        t=2026-09-22T08:38:19+0200 lvl=warn msg=GetBlockByNumer number=18
        t=2026-09-22T08:38:19+0200 lvl=warn msg=GetBlockByNumer number=19
        t=2026-09-22T08:38:19+0200 lvl=warn msg=GetBlockByNumer number=20
        t=2026-09-22T08:38:19+0200 lvl=warn msg=GetBlockByNumer number=21
        t=2026-09-22T08:38:19+0200 lvl=warn msg=GetBlockByNumer number=22
        t=2026-09-22T08:38:19+0200 lvl=warn msg=GetBlockByNumer number=23
        t=2026-09-22T08:38:19+0200 lvl=warn msg=GetBlockByNumer number=24
        t=2026-09-22T08:38:19+0200 lvl=warn msg=GetBlockByNumer number=25
        t=2026-09-22T08:38:19+0200 lvl=warn msg=GetBlockByNumer number=26
        t=2026-09-22T08:38:19+0200 lvl=warn msg=GetBlockByNumer number=27
        t=2026-09-22T08:38:19+0200 lvl=warn msg=GetBlockByNumer number=28
        t=2026-09-22T08:38:19+0200 lvl=warn msg=GetBlockByNumer number=29
        t=2026-09-22T08:38:19+0200 lvl=warn msg=GetBlockByNumer number=30
        t=2026-09-22T08:38:19+0200 lvl=warn msg=GetBlockByNumer number=31
        t=2026-09-22T08:38:19+0200 lvl=warn msg=GetBlockByNumer number=32
        t=2026-09-22T08:38:19+0200 lvl=warn msg=GetBlockByNumer number=33
        t=2026-09-22T08:38:19+0200 lvl=warn msg=GetBlockByNumer number=34
        t=2026-09-22T08:38:19+0200 lvl=warn msg=GetBlockByNumer number=35
        t=2026-09-22T08:38:19+0200 lvl=warn msg=GetBlockByNumer number=36
        t=2026-09-22T08:38:19+0200 lvl=warn msg=GetBlockByNumer number=37
        t=2026-09-22T08:38:19+0200 lvl=warn msg=GetBlockByNumer number=38
        t=2026-09-22T08:38:19+0200 lvl=warn msg=GetBlockByNumer number=39
        t=2026-09-22T08:38:19+0200 lvl=warn msg=GetBlockByNumer number=40
        t=2026-09-22T08:38:19+0200 lvl=warn msg=GetBlockByNumer number=41
        t=2026-09-22T08:38:19+0200 lvl=warn msg=GetBlockByNumer number=42
        t=2026-09-22T08:38:19+0200 lvl=warn msg=GetBlockByNumer number=43
        t=2026-09-22T08:38:19+0200 lvl=warn msg=GetBlockByNumer number=44
        t=2026-09-22T08:38:19+0200 lvl=warn msg=GetBlockByNumer number=45
        t=2026-09-22T08:38:19+0200 lvl=warn msg=GetBlockByNumer number=46
        t=2026-09-22T08:38:19+0200 lvl=warn msg=GetBlockByNumer number=47
        t=2026-09-22T08:38:19+0200 lvl=warn msg=GetBlockByNumer number=48
        t=2026-09-22T08:38:19+0200 lvl=warn msg=GetBlockByNumer number=49
        t=2026-09-22T08:38:19+0200 lvl=warn msg=GetBlockByNumer number=50
        t=2026-09-22T08:38:19+0200 lvl=warn msg=GetBlockByNumer number=51
        t=2026-09-22T08:38:19+0200 lvl=warn msg=GetBlockByNumer number=52
        t=2026-09-22T08:38:19+0200 lvl=warn msg=GetBlockByNumer number=53
        t=2026-09-22T08:38:19+0200 lvl=warn msg=GetBlockByNumer number=54
        t=2026-09-22T08:38:19+0200 lvl=warn msg=GetBlockByNumer number=55
        t=2026-09-22T08:38:19+0200 lvl=warn msg=GetBlockByNumer number=56
        t=2026-09-22T08:38:19+0200 lvl=warn msg=GetBlockByNumer number=57
        t=2026-09-22T08:38:19+0200 lvl=warn msg=GetBlockByNumer number=58
        t=2026-09-22T08:38:19+0200 lvl=warn msg=GetBlockByNumer number=59
        t=2026-09-22T08:38:19+0200 lvl=warn msg=GetBlockByNumer number=60
        t=2026-09-22T08:38:19+0200 lvl=warn msg=GetBlockByNumer number=61
        t=2026-09-22T08:38:19+0200 lvl=warn msg=GetBlockByNumer number=62
        t=2026-09-22T08:38:19+0200 lvl=warn msg=GetBlockByNumer number=63
        t=2026-09-22T08:38:19+0200 lvl=warn msg=GetBlockByNumer number=1
        t=2026-09-22T08:38:19+0200 lvl=warn msg=GetBlockByNumer number=2
        t=2026-09-22T08:38:19+0200 lvl=warn msg=GetBlockByNumer number=3
        t=2026-09-22T08:38:19+0200 lvl=warn msg=GetBlockByNumer number=4
        t=2026-09-22T08:38:19+0200 lvl=warn msg=GetBlockByNumer number=5
        t=2026-09-22T08:38:19+0200 lvl=warn msg=GetBlockByNumer number=6
        t=2026-09-22T08:38:19+0200 lvl=warn msg=GetBlockByNumer number=7
        t=2026-09-22T08:38:19+0200 lvl=warn msg=GetBlockByNumer number=8
        t=2026-09-22T08:38:19+0200 lvl=warn msg=GetBlockByNumer number=9
        t=2026-09-22T08:38:19+0200 lvl=warn msg=GetBlockByNumer number=10
        t=2026-09-22T08:38:19+0200 lvl=warn msg=GetBlockByNumer number=11
        t=2026-09-22T08:38:19+0200 lvl=warn msg=GetBlockByNumer number=12
        t=2026-09-22T08:38:19+0200 lvl=warn msg=GetBlockByNumer number=13
        t=2026-09-22T08:38:19+0200 lvl=warn msg=GetBlockByNumer number=14
        t=2026-09-22T08:38:19+0200 lvl=warn msg=GetBlockByNumer number=15
        t=2026-09-22T08:38:19+0200 lvl=warn msg=GetBlockByNumer number=16
        t=2026-09-22T08:38:19+0200 lvl=warn msg=GetBlockByNumer number=17
        t=2026-09-22T08:38:19+0200 lvl=warn msg=GetBlockByNumer number=18
        t=2026-09-22T08:38:19+0200 lvl=warn msg=GetBlockByNumer number=19
        t=2026-09-22T08:38:19+0200 lvl=warn msg=GetBlockByNumer number=20
        t=2026-09-22T08:38:19+0200 lvl=warn msg=GetBlockByNumer number=21
        t=2026-09-22T08:38:19+0200 lvl=warn msg=GetBlockByNumer number=22
        t=2026-09-22T08:38:19+0200 lvl=warn msg=GetBlockByNumer number=23
        t=2026-09-22T08:38:19+0200 lvl=warn msg=GetBlockByNumer number=24
        t=2026-09-22T08:38:19+0200 lvl=warn msg=GetBlockByNumer number=25
        t=2026-09-22T08:38:19+0200 lvl=warn msg=GetBlockByNumer number=26
        t=2026-09-22T08:38:19+0200 lvl=warn msg=GetBlockByNumer number=27
        t=2026-09-22T08:38:19+0200 lvl=warn msg=GetBlockByNumer number=28
        t=2026-09-22T08:38:19+0200 lvl=warn msg=GetBlockByNumer number=29
        t=2026-09-22T08:38:19+0200 lvl=warn msg=GetBlockByNumer number=30
        t=2026-09-22T08:38:19+0200 lvl=warn msg=GetBlockByNumer number=31
        t=2026-09-22T08:38:19+0200 lvl=warn msg=GetBlockByNumer number=32
        t=2026-09-22T08:38:19+0200 lvl=warn msg=GetBlockByNumer number=33
        t=2026-09-22T08:38:19+0200 lvl=warn msg=GetBlockByNumer number=34
        t=2026-09-22T08:38:19+0200 lvl=warn msg=GetBlockByNumer number=35
        t=2026-09-22T08:38:19+0200 lvl=warn msg=GetBlockByNumer number=36
        t=2026-09-22T08:38:19+0200 lvl=warn msg=GetBlockByNumer number=37
        t=2026-09-22T08:38:19+0200 lvl=warn msg=GetBlockByNumer number=38
        t=2026-09-22T08:38:19+0200 lvl=warn msg=GetBlockByNumer number=39
        t=2026-09-22T08:38:19+0200 lvl=warn msg=GetBlockByNumer number=40
        t=2026-09-22T08:38:19+0200 lvl=warn msg=GetBlockByNumer number=41
        t=2026-09-22T08:38:19+0200 lvl=warn msg=GetBlockByNumer number=42
        t=2026-09-22T08:38:19+0200 lvl=warn msg=GetBlockByNumer number=43
        t=2026-09-22T08:38:19+0200 lvl=warn msg=GetBlockByNumer number=44
        t=2026-09-22T08:38:19+0200 lvl=warn msg=GetBlockByNumer number=45
        t=2026-09-22T08:38:19+0200 lvl=warn msg=GetBlockByNumer number=46
        t=2026-09-22T08:38:19+0200 lvl=warn msg=GetBlockByNumer number=47
        t=2026-09-22T08:38:19+0200 lvl=warn msg=GetBlockByNumer number=48
        t=2026-09-22T08:38:19+0200 lvl=warn msg=GetBlockByNumer number=49
        t=2026-09-22T08:38:19+0200 lvl=warn msg=GetBlockByNumer number=50
        t=2026-09-22T08:38:19+0200 lvl=warn msg=GetBlockByNumer number=51
        t=2026-09-22T08:38:19+0200 lvl=warn msg=GetBlockByNumer number=52
        t=2026-09-22T08:38:19+0200 lvl=warn msg=GetBlockByNumer number=53
        t=2026-09-22T08:38:19+0200 lvl=warn msg=GetBlockByNumer number=54
        t=2026-09-22T08:38:19+0200 lvl=warn msg=GetBlockByNumer number=55
        t=2026-09-22T08:38:19+0200 lvl=warn msg=GetBlockByNumer number=56
        t=2026-09-22T08:38:19+0200 lvl=warn msg=GetBlockByNumer number=57
        t=2026-09-22T08:38:19+0200 lvl=warn msg=GetBlockByNumer number=58
        t=2026-09-22T08:38:19+0200 lvl=warn msg=GetBlockByNumer number=59
        t=2026-09-22T08:38:19+0200 lvl=warn msg=GetBlockByNumer number=60
        t=2026-09-22T08:38:19+0200 lvl=warn msg=GetBlockByNumer number=61
        t=2026-09-22T08:38:19+0200 lvl=warn msg=GetBlockByNumer number=62
        t=2026-09-22T08:38:19+0200 lvl=warn msg=GetBlockByNumer number=63
        t=2026-09-22T08:38:19+0200 lvl=warn msg="Failed to load snapshot, regenerating" err="missing or corrupted snapshot journal"
        t=2026-09-22T08:38:19+0200 lvl=warn msg=GetBlockByNumer                         number=1
        t=2026-09-22T08:38:20+0200 lvl=warn msg=GetBlockByNumer                         number=1
        t=2026-09-22T08:38:20+0200 lvl=warn msg=GetBlockByNumer                         number=63
        t=2026-09-22T08:38:20+0200 lvl=warn msg=GetBlockByNumer                         number=1
        t=2026-09-22T08:38:20+0200 lvl=warn msg=GetBlockByNumer                         number=1
        t=2026-09-22T08:38:20+0200 lvl=warn msg=GetBlockByNumer                         number=1
        t=2026-09-22T08:38:20+0200 lvl=warn msg=GetBlockByNumer                         number=63
        t=2026-09-22T08:38:20+0200 lvl=warn msg=GetBlockByNumer                         number=1
        t=2026-09-22T08:38:20+0200 lvl=warn msg=GetBlockByNumer                         number=63
        t=2026-09-22T08:38:25+0200 lvl=warn msg="HOTSTUFF RECOVERY resend NewView"      number=65 viewID=0x42fa11eb9f84699570830017f9784cf16db669176da7a9cc7bb42e705552803a to=127.0.0.1:41299
    fhs_process_recovery_test.go:225: validator 937911 complete log: /tmp/fhs-process-failure-1599252983.log
    fhs_process_recovery_test.go:230: validator 937911 log tail:
        t=2026-09-22T08:38:16+0200 lvl=warn msg=GetBlockByNumer number=0
        t=2026-09-22T08:38:16+0200 lvl=warn msg=GetBlockByNumer number=1
        t=2026-09-22T08:38:16+0200 lvl=warn msg=GetBlockByNumer number=2
        t=2026-09-22T08:38:16+0200 lvl=warn msg=GetBlockByNumer number=3
        t=2026-09-22T08:38:16+0200 lvl=warn msg=GetBlockByNumer number=4
        t=2026-09-22T08:38:16+0200 lvl=warn msg=GetBlockByNumer number=5
        t=2026-09-22T08:38:16+0200 lvl=warn msg=GetBlockByNumer number=6
        t=2026-09-22T08:38:16+0200 lvl=warn msg=GetBlockByNumer number=7
        t=2026-09-22T08:38:16+0200 lvl=warn msg=GetBlockByNumer number=8
        t=2026-09-22T08:38:16+0200 lvl=warn msg=GetBlockByNumer number=9
        t=2026-09-22T08:38:16+0200 lvl=warn msg=GetBlockByNumer number=10
        t=2026-09-22T08:38:16+0200 lvl=warn msg=GetBlockByNumer number=11
        t=2026-09-22T08:38:16+0200 lvl=warn msg=GetBlockByNumer number=12
        t=2026-09-22T08:38:16+0200 lvl=warn msg=GetBlockByNumer number=13
        t=2026-09-22T08:38:16+0200 lvl=warn msg=GetBlockByNumer number=14
        t=2026-09-22T08:38:16+0200 lvl=warn msg=GetBlockByNumer number=15
        t=2026-09-22T08:38:16+0200 lvl=warn msg=GetBlockByNumer number=16
        t=2026-09-22T08:38:16+0200 lvl=warn msg=GetBlockByNumer number=17
        t=2026-09-22T08:38:16+0200 lvl=warn msg=GetBlockByNumer number=18
        t=2026-09-22T08:38:16+0200 lvl=warn msg=GetBlockByNumer number=19
        t=2026-09-22T08:38:16+0200 lvl=warn msg=GetBlockByNumer number=20
        t=2026-09-22T08:38:16+0200 lvl=warn msg=GetBlockByNumer number=21
        t=2026-09-22T08:38:16+0200 lvl=warn msg=GetBlockByNumer number=22
        t=2026-09-22T08:38:16+0200 lvl=warn msg=GetBlockByNumer number=23
        t=2026-09-22T08:38:16+0200 lvl=warn msg=GetBlockByNumer number=24
        t=2026-09-22T08:38:16+0200 lvl=warn msg=GetBlockByNumer number=25
        t=2026-09-22T08:38:16+0200 lvl=warn msg=GetBlockByNumer number=26
        t=2026-09-22T08:38:16+0200 lvl=warn msg=GetBlockByNumer number=27
        t=2026-09-22T08:38:16+0200 lvl=warn msg=GetBlockByNumer number=28
        t=2026-09-22T08:38:16+0200 lvl=warn msg=GetBlockByNumer number=29
        t=2026-09-22T08:38:16+0200 lvl=warn msg=GetBlockByNumer number=30
        t=2026-09-22T08:38:16+0200 lvl=warn msg=GetBlockByNumer number=31
        t=2026-09-22T08:38:16+0200 lvl=warn msg=GetBlockByNumer number=32
        t=2026-09-22T08:38:16+0200 lvl=warn msg=GetBlockByNumer number=33
        t=2026-09-22T08:38:16+0200 lvl=warn msg=GetBlockByNumer number=34
        t=2026-09-22T08:38:16+0200 lvl=warn msg=GetBlockByNumer number=35
        t=2026-09-22T08:38:16+0200 lvl=warn msg=GetBlockByNumer number=36
        t=2026-09-22T08:38:16+0200 lvl=warn msg=GetBlockByNumer number=37
        t=2026-09-22T08:38:16+0200 lvl=warn msg=GetBlockByNumer number=38
        t=2026-09-22T08:38:16+0200 lvl=warn msg=GetBlockByNumer number=39
        t=2026-09-22T08:38:16+0200 lvl=warn msg=GetBlockByNumer number=40
        t=2026-09-22T08:38:16+0200 lvl=warn msg=GetBlockByNumer number=41
        t=2026-09-22T08:38:16+0200 lvl=warn msg=GetBlockByNumer number=42
        t=2026-09-22T08:38:16+0200 lvl=warn msg=GetBlockByNumer number=43
        t=2026-09-22T08:38:16+0200 lvl=warn msg=GetBlockByNumer number=44
        t=2026-09-22T08:38:16+0200 lvl=warn msg=GetBlockByNumer number=45
        t=2026-09-22T08:38:16+0200 lvl=warn msg=GetBlockByNumer number=46
        t=2026-09-22T08:38:16+0200 lvl=warn msg=GetBlockByNumer number=47
        t=2026-09-22T08:38:16+0200 lvl=warn msg=GetBlockByNumer number=48
        t=2026-09-22T08:38:16+0200 lvl=warn msg=GetBlockByNumer number=49
        t=2026-09-22T08:38:16+0200 lvl=warn msg=GetBlockByNumer number=50
        t=2026-09-22T08:38:16+0200 lvl=warn msg=GetBlockByNumer number=51
        t=2026-09-22T08:38:16+0200 lvl=warn msg=GetBlockByNumer number=52
        t=2026-09-22T08:38:16+0200 lvl=warn msg=GetBlockByNumer number=53
        t=2026-09-22T08:38:16+0200 lvl=warn msg=GetBlockByNumer number=54
        t=2026-09-22T08:38:16+0200 lvl=warn msg=GetBlockByNumer number=55
        t=2026-09-22T08:38:16+0200 lvl=warn msg=GetBlockByNumer number=56
        t=2026-09-22T08:38:16+0200 lvl=warn msg=GetBlockByNumer number=57
        t=2026-09-22T08:38:16+0200 lvl=warn msg=GetBlockByNumer number=58
        t=2026-09-22T08:38:16+0200 lvl=warn msg=GetBlockByNumer number=59
        t=2026-09-22T08:38:16+0200 lvl=warn msg=GetBlockByNumer number=60
        t=2026-09-22T08:38:16+0200 lvl=warn msg=GetBlockByNumer number=61
        t=2026-09-22T08:38:16+0200 lvl=warn msg=GetBlockByNumer number=62
        t=2026-09-22T08:38:16+0200 lvl=warn msg=GetBlockByNumer number=63
        t=2026-09-22T08:38:16+0200 lvl=warn msg=GetBlockByNumer number=1
        t=2026-09-22T08:38:16+0200 lvl=warn msg=GetBlockByNumer number=2
        t=2026-09-22T08:38:16+0200 lvl=warn msg=GetBlockByNumer number=3
        t=2026-09-22T08:38:16+0200 lvl=warn msg=GetBlockByNumer number=4
        t=2026-09-22T08:38:16+0200 lvl=warn msg=GetBlockByNumer number=5
        t=2026-09-22T08:38:16+0200 lvl=warn msg=GetBlockByNumer number=6
        t=2026-09-22T08:38:16+0200 lvl=warn msg=GetBlockByNumer number=7
        t=2026-09-22T08:38:16+0200 lvl=warn msg=GetBlockByNumer number=8
        t=2026-09-22T08:38:16+0200 lvl=warn msg=GetBlockByNumer number=9
        t=2026-09-22T08:38:16+0200 lvl=warn msg=GetBlockByNumer number=10
        t=2026-09-22T08:38:16+0200 lvl=warn msg=GetBlockByNumer number=11
        t=2026-09-22T08:38:16+0200 lvl=warn msg=GetBlockByNumer number=12
        t=2026-09-22T08:38:16+0200 lvl=warn msg=GetBlockByNumer number=13
        t=2026-09-22T08:38:16+0200 lvl=warn msg=GetBlockByNumer number=14
        t=2026-09-22T08:38:16+0200 lvl=warn msg=GetBlockByNumer number=15
        t=2026-09-22T08:38:16+0200 lvl=warn msg=GetBlockByNumer number=16
        t=2026-09-22T08:38:16+0200 lvl=warn msg=GetBlockByNumer number=17
        t=2026-09-22T08:38:16+0200 lvl=warn msg=GetBlockByNumer number=18
        t=2026-09-22T08:38:16+0200 lvl=warn msg=GetBlockByNumer number=19
        t=2026-09-22T08:38:16+0200 lvl=warn msg=GetBlockByNumer number=20
        t=2026-09-22T08:38:16+0200 lvl=warn msg=GetBlockByNumer number=21
        t=2026-09-22T08:38:16+0200 lvl=warn msg=GetBlockByNumer number=22
        t=2026-09-22T08:38:16+0200 lvl=warn msg=GetBlockByNumer number=23
        t=2026-09-22T08:38:16+0200 lvl=warn msg=GetBlockByNumer number=24
        t=2026-09-22T08:38:16+0200 lvl=warn msg=GetBlockByNumer number=25
        t=2026-09-22T08:38:16+0200 lvl=warn msg=GetBlockByNumer number=26
        t=2026-09-22T08:38:16+0200 lvl=warn msg=GetBlockByNumer number=27
        t=2026-09-22T08:38:16+0200 lvl=warn msg=GetBlockByNumer number=28
        t=2026-09-22T08:38:16+0200 lvl=warn msg=GetBlockByNumer number=29
        t=2026-09-22T08:38:16+0200 lvl=warn msg=GetBlockByNumer number=30
        t=2026-09-22T08:38:16+0200 lvl=warn msg=GetBlockByNumer number=31
        t=2026-09-22T08:38:16+0200 lvl=warn msg=GetBlockByNumer number=32
        t=2026-09-22T08:38:16+0200 lvl=warn msg=GetBlockByNumer number=33
        t=2026-09-22T08:38:16+0200 lvl=warn msg=GetBlockByNumer number=34
        t=2026-09-22T08:38:16+0200 lvl=warn msg=GetBlockByNumer number=35
        t=2026-09-22T08:38:16+0200 lvl=warn msg=GetBlockByNumer number=36
        t=2026-09-22T08:38:16+0200 lvl=warn msg=GetBlockByNumer number=37
        t=2026-09-22T08:38:16+0200 lvl=warn msg=GetBlockByNumer number=38
        t=2026-09-22T08:38:16+0200 lvl=warn msg=GetBlockByNumer number=39
        t=2026-09-22T08:38:16+0200 lvl=warn msg=GetBlockByNumer number=40
        t=2026-09-22T08:38:16+0200 lvl=warn msg=GetBlockByNumer number=41
        t=2026-09-22T08:38:16+0200 lvl=warn msg=GetBlockByNumer number=42
        t=2026-09-22T08:38:16+0200 lvl=warn msg=GetBlockByNumer number=43
        t=2026-09-22T08:38:16+0200 lvl=warn msg=GetBlockByNumer number=44
        t=2026-09-22T08:38:16+0200 lvl=warn msg=GetBlockByNumer number=45
        t=2026-09-22T08:38:16+0200 lvl=warn msg=GetBlockByNumer number=46
        t=2026-09-22T08:38:16+0200 lvl=warn msg=GetBlockByNumer number=47
        t=2026-09-22T08:38:16+0200 lvl=warn msg=GetBlockByNumer number=48
        t=2026-09-22T08:38:16+0200 lvl=warn msg=GetBlockByNumer number=49
        t=2026-09-22T08:38:16+0200 lvl=warn msg=GetBlockByNumer number=50
        t=2026-09-22T08:38:16+0200 lvl=warn msg=GetBlockByNumer number=51
        t=2026-09-22T08:38:16+0200 lvl=warn msg=GetBlockByNumer number=52
        t=2026-09-22T08:38:16+0200 lvl=warn msg=GetBlockByNumer number=53
        t=2026-09-22T08:38:16+0200 lvl=warn msg=GetBlockByNumer number=54
        t=2026-09-22T08:38:16+0200 lvl=warn msg=GetBlockByNumer number=55
        t=2026-09-22T08:38:16+0200 lvl=warn msg=GetBlockByNumer number=56
        t=2026-09-22T08:38:16+0200 lvl=warn msg=GetBlockByNumer number=57
        t=2026-09-22T08:38:16+0200 lvl=warn msg=GetBlockByNumer number=58
        t=2026-09-22T08:38:16+0200 lvl=warn msg=GetBlockByNumer number=59
        t=2026-09-22T08:38:16+0200 lvl=warn msg=GetBlockByNumer number=60
        t=2026-09-22T08:38:16+0200 lvl=warn msg=GetBlockByNumer number=61
        t=2026-09-22T08:38:16+0200 lvl=warn msg=GetBlockByNumer number=62
        t=2026-09-22T08:38:16+0200 lvl=warn msg=GetBlockByNumer number=63
        t=2026-09-22T08:38:16+0200 lvl=warn msg="Failed to load snapshot, regenerating" err="missing or corrupted snapshot journal"
        t=2026-09-22T08:38:16+0200 lvl=warn msg=GetBlockByNumer                         number=1
        t=2026-09-22T08:38:20+0200 lvl=warn msg=GetBlockByNumer                         number=1
        t=2026-09-22T08:38:20+0200 lvl=warn msg=GetBlockByNumer                         number=63
        t=2026-09-22T08:38:20+0200 lvl=warn msg=GetBlockByNumer                         number=1
        t=2026-09-22T08:38:20+0200 lvl=eror msg=Connect                                 Could not connect to=127.0.0.1:58506 error="CRYPTO_ERROR 0x150 (remote): tls: internal error"
        t=2026-09-22T08:38:20+0200 lvl=warn msg=GetBlockByNumer                         number=1
        t=2026-09-22T08:38:20+0200 lvl=warn msg=GetBlockByNumer                         number=1
        t=2026-09-22T08:38:20+0200 lvl=warn msg=GetBlockByNumer                         number=63
        t=2026-09-22T08:38:20+0200 lvl=warn msg=GetBlockByNumer                         number=1
        t=2026-09-22T08:38:20+0200 lvl=warn msg=GetBlockByNumer                         number=63
        t=2026-09-22T08:38:25+0200 lvl=warn msg="HOTSTUFF RECOVERY resend NewView"      number=65 viewID=0x42fa11eb9f84699570830017f9784cf16db669176da7a9cc7bb42e705552803a to=127.0.0.1:41299
    fhs_process_recovery_test.go:225: validator 937904 complete log: /tmp/fhs-process-failure-1253395647.log
    fhs_process_recovery_test.go:230: validator 937904 log tail:
        t=2026-09-22T08:38:12+0200 lvl=warn msg=GetBlockByNumer number=0
        t=2026-09-22T08:38:12+0200 lvl=warn msg=GetBlockByNumer number=1
        t=2026-09-22T08:38:12+0200 lvl=warn msg=GetBlockByNumer number=2
        t=2026-09-22T08:38:12+0200 lvl=warn msg=GetBlockByNumer number=3
        t=2026-09-22T08:38:12+0200 lvl=warn msg=GetBlockByNumer number=4
        t=2026-09-22T08:38:12+0200 lvl=warn msg=GetBlockByNumer number=5
        t=2026-09-22T08:38:12+0200 lvl=warn msg=GetBlockByNumer number=6
        t=2026-09-22T08:38:12+0200 lvl=warn msg=GetBlockByNumer number=7
        t=2026-09-22T08:38:12+0200 lvl=warn msg=GetBlockByNumer number=8
        t=2026-09-22T08:38:12+0200 lvl=warn msg=GetBlockByNumer number=9
        t=2026-09-22T08:38:12+0200 lvl=warn msg=GetBlockByNumer number=10
        t=2026-09-22T08:38:12+0200 lvl=warn msg=GetBlockByNumer number=11
        t=2026-09-22T08:38:12+0200 lvl=warn msg=GetBlockByNumer number=12
        t=2026-09-22T08:38:12+0200 lvl=warn msg=GetBlockByNumer number=13
        t=2026-09-22T08:38:12+0200 lvl=warn msg=GetBlockByNumer number=14
        t=2026-09-22T08:38:12+0200 lvl=warn msg=GetBlockByNumer number=15
        t=2026-09-22T08:38:12+0200 lvl=warn msg=GetBlockByNumer number=16
        t=2026-09-22T08:38:12+0200 lvl=warn msg=GetBlockByNumer number=17
        t=2026-09-22T08:38:12+0200 lvl=warn msg=GetBlockByNumer number=18
        t=2026-09-22T08:38:12+0200 lvl=warn msg=GetBlockByNumer number=19
        t=2026-09-22T08:38:12+0200 lvl=warn msg=GetBlockByNumer number=20
        t=2026-09-22T08:38:12+0200 lvl=warn msg=GetBlockByNumer number=21
        t=2026-09-22T08:38:12+0200 lvl=warn msg=GetBlockByNumer number=22
        t=2026-09-22T08:38:12+0200 lvl=warn msg=GetBlockByNumer number=23
        t=2026-09-22T08:38:12+0200 lvl=warn msg=GetBlockByNumer number=24
        t=2026-09-22T08:38:12+0200 lvl=warn msg=GetBlockByNumer number=25
        t=2026-09-22T08:38:12+0200 lvl=warn msg=GetBlockByNumer number=26
        t=2026-09-22T08:38:12+0200 lvl=warn msg=GetBlockByNumer number=27
        t=2026-09-22T08:38:12+0200 lvl=warn msg=GetBlockByNumer number=28
        t=2026-09-22T08:38:12+0200 lvl=warn msg=GetBlockByNumer number=29
        t=2026-09-22T08:38:12+0200 lvl=warn msg=GetBlockByNumer number=30
        t=2026-09-22T08:38:12+0200 lvl=warn msg=GetBlockByNumer number=31
        t=2026-09-22T08:38:12+0200 lvl=warn msg=GetBlockByNumer number=32
        t=2026-09-22T08:38:12+0200 lvl=warn msg=GetBlockByNumer number=33
        t=2026-09-22T08:38:12+0200 lvl=warn msg=GetBlockByNumer number=34
        t=2026-09-22T08:38:12+0200 lvl=warn msg=GetBlockByNumer number=35
        t=2026-09-22T08:38:12+0200 lvl=warn msg=GetBlockByNumer number=36
        t=2026-09-22T08:38:12+0200 lvl=warn msg=GetBlockByNumer number=37
        t=2026-09-22T08:38:12+0200 lvl=warn msg=GetBlockByNumer number=38
        t=2026-09-22T08:38:12+0200 lvl=warn msg=GetBlockByNumer number=39
        t=2026-09-22T08:38:12+0200 lvl=warn msg=GetBlockByNumer number=40
        t=2026-09-22T08:38:12+0200 lvl=warn msg=GetBlockByNumer number=41
        t=2026-09-22T08:38:12+0200 lvl=warn msg=GetBlockByNumer number=42
        t=2026-09-22T08:38:12+0200 lvl=warn msg=GetBlockByNumer number=43
        t=2026-09-22T08:38:12+0200 lvl=warn msg=GetBlockByNumer number=44
        t=2026-09-22T08:38:12+0200 lvl=warn msg=GetBlockByNumer number=45
        t=2026-09-22T08:38:12+0200 lvl=warn msg=GetBlockByNumer number=46
        t=2026-09-22T08:38:12+0200 lvl=warn msg=GetBlockByNumer number=47
        t=2026-09-22T08:38:12+0200 lvl=warn msg=GetBlockByNumer number=48
        t=2026-09-22T08:38:12+0200 lvl=warn msg=GetBlockByNumer number=49
        t=2026-09-22T08:38:12+0200 lvl=warn msg=GetBlockByNumer number=50
        t=2026-09-22T08:38:12+0200 lvl=warn msg=GetBlockByNumer number=51
        t=2026-09-22T08:38:12+0200 lvl=warn msg=GetBlockByNumer number=52
        t=2026-09-22T08:38:12+0200 lvl=warn msg=GetBlockByNumer number=53
        t=2026-09-22T08:38:12+0200 lvl=warn msg=GetBlockByNumer number=54
        t=2026-09-22T08:38:12+0200 lvl=warn msg=GetBlockByNumer number=55
        t=2026-09-22T08:38:12+0200 lvl=warn msg=GetBlockByNumer number=56
        t=2026-09-22T08:38:12+0200 lvl=warn msg=GetBlockByNumer number=57
        t=2026-09-22T08:38:12+0200 lvl=warn msg=GetBlockByNumer number=58
        t=2026-09-22T08:38:12+0200 lvl=warn msg=GetBlockByNumer number=59
        t=2026-09-22T08:38:12+0200 lvl=warn msg=GetBlockByNumer number=60
        t=2026-09-22T08:38:12+0200 lvl=warn msg=GetBlockByNumer number=61
        t=2026-09-22T08:38:12+0200 lvl=warn msg=GetBlockByNumer number=62
        t=2026-09-22T08:38:12+0200 lvl=warn msg=GetBlockByNumer number=63
        t=2026-09-22T08:38:12+0200 lvl=warn msg=GetBlockByNumer number=1
        t=2026-09-22T08:38:12+0200 lvl=warn msg=GetBlockByNumer number=2
        t=2026-09-22T08:38:12+0200 lvl=warn msg=GetBlockByNumer number=3
        t=2026-09-22T08:38:12+0200 lvl=warn msg=GetBlockByNumer number=4
        t=2026-09-22T08:38:12+0200 lvl=warn msg=GetBlockByNumer number=5
        t=2026-09-22T08:38:12+0200 lvl=warn msg=GetBlockByNumer number=6
        t=2026-09-22T08:38:12+0200 lvl=warn msg=GetBlockByNumer number=7
        t=2026-09-22T08:38:12+0200 lvl=warn msg=GetBlockByNumer number=8
        t=2026-09-22T08:38:12+0200 lvl=warn msg=GetBlockByNumer number=9
        t=2026-09-22T08:38:12+0200 lvl=warn msg=GetBlockByNumer number=10
        t=2026-09-22T08:38:12+0200 lvl=warn msg=GetBlockByNumer number=11
        t=2026-09-22T08:38:12+0200 lvl=warn msg=GetBlockByNumer number=12
        t=2026-09-22T08:38:12+0200 lvl=warn msg=GetBlockByNumer number=13
        t=2026-09-22T08:38:12+0200 lvl=warn msg=GetBlockByNumer number=14
        t=2026-09-22T08:38:12+0200 lvl=warn msg=GetBlockByNumer number=15
        t=2026-09-22T08:38:12+0200 lvl=warn msg=GetBlockByNumer number=16
        t=2026-09-22T08:38:12+0200 lvl=warn msg=GetBlockByNumer number=17
        t=2026-09-22T08:38:12+0200 lvl=warn msg=GetBlockByNumer number=18
        t=2026-09-22T08:38:12+0200 lvl=warn msg=GetBlockByNumer number=19
        t=2026-09-22T08:38:12+0200 lvl=warn msg=GetBlockByNumer number=20
        t=2026-09-22T08:38:12+0200 lvl=warn msg=GetBlockByNumer number=21
        t=2026-09-22T08:38:12+0200 lvl=warn msg=GetBlockByNumer number=22
        t=2026-09-22T08:38:12+0200 lvl=warn msg=GetBlockByNumer number=23
        t=2026-09-22T08:38:12+0200 lvl=warn msg=GetBlockByNumer number=24
        t=2026-09-22T08:38:12+0200 lvl=warn msg=GetBlockByNumer number=25
        t=2026-09-22T08:38:12+0200 lvl=warn msg=GetBlockByNumer number=26
        t=2026-09-22T08:38:12+0200 lvl=warn msg=GetBlockByNumer number=27
        t=2026-09-22T08:38:12+0200 lvl=warn msg=GetBlockByNumer number=28
        t=2026-09-22T08:38:12+0200 lvl=warn msg=GetBlockByNumer number=29
        t=2026-09-22T08:38:12+0200 lvl=warn msg=GetBlockByNumer number=30
        t=2026-09-22T08:38:12+0200 lvl=warn msg=GetBlockByNumer number=31
        t=2026-09-22T08:38:12+0200 lvl=warn msg=GetBlockByNumer number=32
        t=2026-09-22T08:38:12+0200 lvl=warn msg=GetBlockByNumer number=33
        t=2026-09-22T08:38:12+0200 lvl=warn msg=GetBlockByNumer number=34
        t=2026-09-22T08:38:12+0200 lvl=warn msg=GetBlockByNumer number=35
        t=2026-09-22T08:38:12+0200 lvl=warn msg=GetBlockByNumer number=36
        t=2026-09-22T08:38:12+0200 lvl=warn msg=GetBlockByNumer number=37
        t=2026-09-22T08:38:12+0200 lvl=warn msg=GetBlockByNumer number=38
        t=2026-09-22T08:38:12+0200 lvl=warn msg=GetBlockByNumer number=39
        t=2026-09-22T08:38:12+0200 lvl=warn msg=GetBlockByNumer number=40
        t=2026-09-22T08:38:12+0200 lvl=warn msg=GetBlockByNumer number=41
        t=2026-09-22T08:38:12+0200 lvl=warn msg=GetBlockByNumer number=42
        t=2026-09-22T08:38:12+0200 lvl=warn msg=GetBlockByNumer number=43
        t=2026-09-22T08:38:12+0200 lvl=warn msg=GetBlockByNumer number=44
        t=2026-09-22T08:38:12+0200 lvl=warn msg=GetBlockByNumer number=45
        t=2026-09-22T08:38:12+0200 lvl=warn msg=GetBlockByNumer number=46
        t=2026-09-22T08:38:12+0200 lvl=warn msg=GetBlockByNumer number=47
        t=2026-09-22T08:38:12+0200 lvl=warn msg=GetBlockByNumer number=48
        t=2026-09-22T08:38:12+0200 lvl=warn msg=GetBlockByNumer number=49
        t=2026-09-22T08:38:12+0200 lvl=warn msg=GetBlockByNumer number=50
        t=2026-09-22T08:38:12+0200 lvl=warn msg=GetBlockByNumer number=51
        t=2026-09-22T08:38:12+0200 lvl=warn msg=GetBlockByNumer number=52
        t=2026-09-22T08:38:12+0200 lvl=warn msg=GetBlockByNumer number=53
        t=2026-09-22T08:38:12+0200 lvl=warn msg=GetBlockByNumer number=54
        t=2026-09-22T08:38:12+0200 lvl=warn msg=GetBlockByNumer number=55
        t=2026-09-22T08:38:12+0200 lvl=warn msg=GetBlockByNumer number=56
        t=2026-09-22T08:38:12+0200 lvl=warn msg=GetBlockByNumer number=57
        t=2026-09-22T08:38:12+0200 lvl=warn msg=GetBlockByNumer number=58
        t=2026-09-22T08:38:12+0200 lvl=warn msg=GetBlockByNumer number=59
        t=2026-09-22T08:38:12+0200 lvl=warn msg=GetBlockByNumer number=60
        t=2026-09-22T08:38:12+0200 lvl=warn msg=GetBlockByNumer number=61
        t=2026-09-22T08:38:12+0200 lvl=warn msg=GetBlockByNumer number=62
        t=2026-09-22T08:38:12+0200 lvl=warn msg=GetBlockByNumer number=63
        t=2026-09-22T08:38:12+0200 lvl=warn msg="Failed to load snapshot, regenerating" err="missing or corrupted snapshot journal"
        t=2026-09-22T08:38:12+0200 lvl=warn msg=GetBlockByNumer                         number=1
        t=2026-09-22T08:38:19+0200 lvl=warn msg=GetBlockByNumer                         number=1
        t=2026-09-22T08:38:19+0200 lvl=warn msg=GetBlockByNumer                         number=63
        t=2026-09-22T08:38:20+0200 lvl=warn msg=GetBlockByNumer                         number=1
        t=2026-09-22T08:38:20+0200 lvl=eror msg=Connect                                 Could not connect to=127.0.0.1:58506 error="CRYPTO_ERROR 0x150 (remote): tls: internal error"
        t=2026-09-22T08:38:20+0200 lvl=warn msg=GetBlockByNumer                         number=1
        t=2026-09-22T08:38:20+0200 lvl=warn msg=GetBlockByNumer                         number=1
        t=2026-09-22T08:38:20+0200 lvl=warn msg=GetBlockByNumer                         number=63
        t=2026-09-22T08:38:20+0200 lvl=warn msg=GetBlockByNumer                         number=1
        t=2026-09-22T08:38:20+0200 lvl=warn msg=GetBlockByNumer                         number=63
        t=2026-09-22T08:38:24+0200 lvl=warn msg="HOTSTUFF RECOVERY resend NewView"      number=65 viewID=0x42fa11eb9f84699570830017f9784cf16db669176da7a9cc7bb42e705552803a to=127.0.0.1:41299
    fhs_process_recovery_test.go:225: validator 937827 complete log: /tmp/fhs-process-failure-2915686026.log
    fhs_process_recovery_test.go:230: validator 937827 log tail:
        t=2026-09-22T08:38:09+0200 lvl=warn msg=GetBlockByNumer number=0
        t=2026-09-22T08:38:09+0200 lvl=warn msg=GetBlockByNumer number=1
        t=2026-09-22T08:38:09+0200 lvl=warn msg=GetBlockByNumer number=2
        t=2026-09-22T08:38:09+0200 lvl=warn msg=GetBlockByNumer number=3
        t=2026-09-22T08:38:09+0200 lvl=warn msg=GetBlockByNumer number=4
        t=2026-09-22T08:38:09+0200 lvl=warn msg=GetBlockByNumer number=5
        t=2026-09-22T08:38:09+0200 lvl=warn msg=GetBlockByNumer number=6
        t=2026-09-22T08:38:09+0200 lvl=warn msg=GetBlockByNumer number=7
        t=2026-09-22T08:38:09+0200 lvl=warn msg=GetBlockByNumer number=8
        t=2026-09-22T08:38:09+0200 lvl=warn msg=GetBlockByNumer number=9
        t=2026-09-22T08:38:09+0200 lvl=warn msg=GetBlockByNumer number=10
        t=2026-09-22T08:38:09+0200 lvl=warn msg=GetBlockByNumer number=11
        t=2026-09-22T08:38:09+0200 lvl=warn msg=GetBlockByNumer number=12
        t=2026-09-22T08:38:09+0200 lvl=warn msg=GetBlockByNumer number=13
        t=2026-09-22T08:38:09+0200 lvl=warn msg=GetBlockByNumer number=14
        t=2026-09-22T08:38:09+0200 lvl=warn msg=GetBlockByNumer number=15
        t=2026-09-22T08:38:09+0200 lvl=warn msg=GetBlockByNumer number=16
        t=2026-09-22T08:38:09+0200 lvl=warn msg=GetBlockByNumer number=17
        t=2026-09-22T08:38:09+0200 lvl=warn msg=GetBlockByNumer number=18
        t=2026-09-22T08:38:09+0200 lvl=warn msg=GetBlockByNumer number=19
        t=2026-09-22T08:38:09+0200 lvl=warn msg=GetBlockByNumer number=20
        t=2026-09-22T08:38:09+0200 lvl=warn msg=GetBlockByNumer number=21
        t=2026-09-22T08:38:09+0200 lvl=warn msg=GetBlockByNumer number=22
        t=2026-09-22T08:38:09+0200 lvl=warn msg=GetBlockByNumer number=23
        t=2026-09-22T08:38:09+0200 lvl=warn msg=GetBlockByNumer number=24
        t=2026-09-22T08:38:09+0200 lvl=warn msg=GetBlockByNumer number=25
        t=2026-09-22T08:38:09+0200 lvl=warn msg=GetBlockByNumer number=26
        t=2026-09-22T08:38:09+0200 lvl=warn msg=GetBlockByNumer number=27
        t=2026-09-22T08:38:09+0200 lvl=warn msg=GetBlockByNumer number=28
        t=2026-09-22T08:38:09+0200 lvl=warn msg=GetBlockByNumer number=29
        t=2026-09-22T08:38:09+0200 lvl=warn msg=GetBlockByNumer number=30
        t=2026-09-22T08:38:09+0200 lvl=warn msg=GetBlockByNumer number=31
        t=2026-09-22T08:38:09+0200 lvl=warn msg=GetBlockByNumer number=32
        t=2026-09-22T08:38:09+0200 lvl=warn msg=GetBlockByNumer number=33
        t=2026-09-22T08:38:09+0200 lvl=warn msg=GetBlockByNumer number=34
        t=2026-09-22T08:38:09+0200 lvl=warn msg=GetBlockByNumer number=35
        t=2026-09-22T08:38:09+0200 lvl=warn msg=GetBlockByNumer number=36
        t=2026-09-22T08:38:09+0200 lvl=warn msg=GetBlockByNumer number=37
        t=2026-09-22T08:38:09+0200 lvl=warn msg=GetBlockByNumer number=38
        t=2026-09-22T08:38:09+0200 lvl=warn msg=GetBlockByNumer number=39
        t=2026-09-22T08:38:09+0200 lvl=warn msg=GetBlockByNumer number=40
        t=2026-09-22T08:38:09+0200 lvl=warn msg=GetBlockByNumer number=41
        t=2026-09-22T08:38:09+0200 lvl=warn msg=GetBlockByNumer number=42
        t=2026-09-22T08:38:09+0200 lvl=warn msg=GetBlockByNumer number=43
        t=2026-09-22T08:38:09+0200 lvl=warn msg=GetBlockByNumer number=44
        t=2026-09-22T08:38:09+0200 lvl=warn msg=GetBlockByNumer number=45
        t=2026-09-22T08:38:09+0200 lvl=warn msg=GetBlockByNumer number=46
        t=2026-09-22T08:38:09+0200 lvl=warn msg=GetBlockByNumer number=47
        t=2026-09-22T08:38:09+0200 lvl=warn msg=GetBlockByNumer number=48
        t=2026-09-22T08:38:09+0200 lvl=warn msg=GetBlockByNumer number=49
        t=2026-09-22T08:38:09+0200 lvl=warn msg=GetBlockByNumer number=50
        t=2026-09-22T08:38:09+0200 lvl=warn msg=GetBlockByNumer number=51
        t=2026-09-22T08:38:09+0200 lvl=warn msg=GetBlockByNumer number=52
        t=2026-09-22T08:38:09+0200 lvl=warn msg=GetBlockByNumer number=53
        t=2026-09-22T08:38:09+0200 lvl=warn msg=GetBlockByNumer number=54
        t=2026-09-22T08:38:09+0200 lvl=warn msg=GetBlockByNumer number=55
        t=2026-09-22T08:38:09+0200 lvl=warn msg=GetBlockByNumer number=56
        t=2026-09-22T08:38:09+0200 lvl=warn msg=GetBlockByNumer number=57
        t=2026-09-22T08:38:09+0200 lvl=warn msg=GetBlockByNumer number=58
        t=2026-09-22T08:38:09+0200 lvl=warn msg=GetBlockByNumer number=59
        t=2026-09-22T08:38:09+0200 lvl=warn msg=GetBlockByNumer number=60
        t=2026-09-22T08:38:09+0200 lvl=warn msg=GetBlockByNumer number=61
        t=2026-09-22T08:38:09+0200 lvl=warn msg=GetBlockByNumer number=62
        t=2026-09-22T08:38:09+0200 lvl=warn msg=GetBlockByNumer number=63
        t=2026-09-22T08:38:09+0200 lvl=warn msg=GetBlockByNumer number=1
        t=2026-09-22T08:38:09+0200 lvl=warn msg=GetBlockByNumer number=2
        t=2026-09-22T08:38:09+0200 lvl=warn msg=GetBlockByNumer number=3
        t=2026-09-22T08:38:09+0200 lvl=warn msg=GetBlockByNumer number=4
        t=2026-09-22T08:38:09+0200 lvl=warn msg=GetBlockByNumer number=5
        t=2026-09-22T08:38:09+0200 lvl=warn msg=GetBlockByNumer number=6
        t=2026-09-22T08:38:09+0200 lvl=warn msg=GetBlockByNumer number=7
        t=2026-09-22T08:38:09+0200 lvl=warn msg=GetBlockByNumer number=8
        t=2026-09-22T08:38:09+0200 lvl=warn msg=GetBlockByNumer number=9
        t=2026-09-22T08:38:09+0200 lvl=warn msg=GetBlockByNumer number=10
        t=2026-09-22T08:38:09+0200 lvl=warn msg=GetBlockByNumer number=11
        t=2026-09-22T08:38:09+0200 lvl=warn msg=GetBlockByNumer number=12
        t=2026-09-22T08:38:09+0200 lvl=warn msg=GetBlockByNumer number=13
        t=2026-09-22T08:38:09+0200 lvl=warn msg=GetBlockByNumer number=14
        t=2026-09-22T08:38:09+0200 lvl=warn msg=GetBlockByNumer number=15
        t=2026-09-22T08:38:09+0200 lvl=warn msg=GetBlockByNumer number=16
        t=2026-09-22T08:38:09+0200 lvl=warn msg=GetBlockByNumer number=17
        t=2026-09-22T08:38:09+0200 lvl=warn msg=GetBlockByNumer number=18
        t=2026-09-22T08:38:09+0200 lvl=warn msg=GetBlockByNumer number=19
        t=2026-09-22T08:38:09+0200 lvl=warn msg=GetBlockByNumer number=20
        t=2026-09-22T08:38:09+0200 lvl=warn msg=GetBlockByNumer number=21
        t=2026-09-22T08:38:09+0200 lvl=warn msg=GetBlockByNumer number=22
        t=2026-09-22T08:38:09+0200 lvl=warn msg=GetBlockByNumer number=23
        t=2026-09-22T08:38:09+0200 lvl=warn msg=GetBlockByNumer number=24
        t=2026-09-22T08:38:09+0200 lvl=warn msg=GetBlockByNumer number=25
        t=2026-09-22T08:38:09+0200 lvl=warn msg=GetBlockByNumer number=26
        t=2026-09-22T08:38:09+0200 lvl=warn msg=GetBlockByNumer number=27
        t=2026-09-22T08:38:09+0200 lvl=warn msg=GetBlockByNumer number=28
        t=2026-09-22T08:38:09+0200 lvl=warn msg=GetBlockByNumer number=29
        t=2026-09-22T08:38:09+0200 lvl=warn msg=GetBlockByNumer number=30
        t=2026-09-22T08:38:09+0200 lvl=warn msg=GetBlockByNumer number=31
        t=2026-09-22T08:38:09+0200 lvl=warn msg=GetBlockByNumer number=32
        t=2026-09-22T08:38:09+0200 lvl=warn msg=GetBlockByNumer number=33
        t=2026-09-22T08:38:09+0200 lvl=warn msg=GetBlockByNumer number=34
        t=2026-09-22T08:38:09+0200 lvl=warn msg=GetBlockByNumer number=35
        t=2026-09-22T08:38:09+0200 lvl=warn msg=GetBlockByNumer number=36
        t=2026-09-22T08:38:09+0200 lvl=warn msg=GetBlockByNumer number=37
        t=2026-09-22T08:38:09+0200 lvl=warn msg=GetBlockByNumer number=38
        t=2026-09-22T08:38:09+0200 lvl=warn msg=GetBlockByNumer number=39
        t=2026-09-22T08:38:09+0200 lvl=warn msg=GetBlockByNumer number=40
        t=2026-09-22T08:38:09+0200 lvl=warn msg=GetBlockByNumer number=41
        t=2026-09-22T08:38:09+0200 lvl=warn msg=GetBlockByNumer number=42
        t=2026-09-22T08:38:09+0200 lvl=warn msg=GetBlockByNumer number=43
        t=2026-09-22T08:38:09+0200 lvl=warn msg=GetBlockByNumer number=44
        t=2026-09-22T08:38:09+0200 lvl=warn msg=GetBlockByNumer number=45
        t=2026-09-22T08:38:09+0200 lvl=warn msg=GetBlockByNumer number=46
        t=2026-09-22T08:38:09+0200 lvl=warn msg=GetBlockByNumer number=47
        t=2026-09-22T08:38:09+0200 lvl=warn msg=GetBlockByNumer number=48
        t=2026-09-22T08:38:09+0200 lvl=warn msg=GetBlockByNumer number=49
        t=2026-09-22T08:38:09+0200 lvl=warn msg=GetBlockByNumer number=50
        t=2026-09-22T08:38:09+0200 lvl=warn msg=GetBlockByNumer number=51
        t=2026-09-22T08:38:09+0200 lvl=warn msg=GetBlockByNumer number=52
        t=2026-09-22T08:38:09+0200 lvl=warn msg=GetBlockByNumer number=53
        t=2026-09-22T08:38:09+0200 lvl=warn msg=GetBlockByNumer number=54
        t=2026-09-22T08:38:09+0200 lvl=warn msg=GetBlockByNumer number=55
        t=2026-09-22T08:38:09+0200 lvl=warn msg=GetBlockByNumer number=56
        t=2026-09-22T08:38:09+0200 lvl=warn msg=GetBlockByNumer number=57
        t=2026-09-22T08:38:09+0200 lvl=warn msg=GetBlockByNumer number=58
        t=2026-09-22T08:38:09+0200 lvl=warn msg=GetBlockByNumer number=59
        t=2026-09-22T08:38:09+0200 lvl=warn msg=GetBlockByNumer number=60
        t=2026-09-22T08:38:09+0200 lvl=warn msg=GetBlockByNumer number=61
        t=2026-09-22T08:38:09+0200 lvl=warn msg=GetBlockByNumer number=62
        t=2026-09-22T08:38:09+0200 lvl=warn msg=GetBlockByNumer number=63
        t=2026-09-22T08:38:09+0200 lvl=warn msg="Failed to load snapshot, regenerating" err="missing or corrupted snapshot journal"
        t=2026-09-22T08:38:09+0200 lvl=warn msg=GetBlockByNumer                         number=1
        t=2026-09-22T08:38:19+0200 lvl=warn msg=GetBlockByNumer                         number=1
        t=2026-09-22T08:38:19+0200 lvl=warn msg=GetBlockByNumer                         number=63
        t=2026-09-22T08:38:19+0200 lvl=warn msg=GetBlockByNumer                         number=1
        t=2026-09-22T08:38:19+0200 lvl=eror msg=Connect                                 Could not connect to=127.0.0.1:58506 error="CRYPTO_ERROR 0x150 (remote): tls: internal error"
        t=2026-09-22T08:38:19+0200 lvl=eror msg=Connect                                 Could not connect to=127.0.0.1:46372 error="CRYPTO_ERROR 0x150 (remote): tls: internal error"
        t=2026-09-22T08:38:19+0200 lvl=eror msg=Connect                                 Could not connect to=127.0.0.1:51703 error="CRYPTO_ERROR 0x150 (remote): tls: internal error"
        t=2026-09-22T08:38:20+0200 lvl=warn msg=GetBlockByNumer                         number=1
        t=2026-09-22T08:38:20+0200 lvl=warn msg=GetBlockByNumer                         number=1
        t=2026-09-22T08:38:20+0200 lvl=warn msg=GetBlockByNumer                         number=63
        t=2026-09-22T08:38:20+0200 lvl=warn msg=GetBlockByNumer                         number=1
        t=2026-09-22T08:38:20+0200 lvl=warn msg=GetBlockByNumer                         number=63
        t=2026-09-22T08:38:24+0200 lvl=warn msg="HOTSTUFF RECOVERY resend NewView"      number=65 viewID=0x42fa11eb9f84699570830017f9784cf16db669176da7a9cc7bb42e705552803a to=127.0.0.1:41299
    fhs_process_recovery_test.go:225: validator 937750 complete log: /tmp/fhs-process-failure-3235800721.log
    fhs_process_recovery_test.go:230: validator 937750 log tail:
        t=2026-09-22T08:38:05+0200 lvl=warn msg=GetBlockByNumer number=0
        t=2026-09-22T08:38:05+0200 lvl=warn msg=GetBlockByNumer number=1
        t=2026-09-22T08:38:05+0200 lvl=warn msg=GetBlockByNumer number=2
        t=2026-09-22T08:38:05+0200 lvl=warn msg=GetBlockByNumer number=3
        t=2026-09-22T08:38:05+0200 lvl=warn msg=GetBlockByNumer number=4
        t=2026-09-22T08:38:05+0200 lvl=warn msg=GetBlockByNumer number=5
        t=2026-09-22T08:38:05+0200 lvl=warn msg=GetBlockByNumer number=6
        t=2026-09-22T08:38:05+0200 lvl=warn msg=GetBlockByNumer number=7
        t=2026-09-22T08:38:05+0200 lvl=warn msg=GetBlockByNumer number=8
        t=2026-09-22T08:38:05+0200 lvl=warn msg=GetBlockByNumer number=9
        t=2026-09-22T08:38:05+0200 lvl=warn msg=GetBlockByNumer number=10
        t=2026-09-22T08:38:05+0200 lvl=warn msg=GetBlockByNumer number=11
        t=2026-09-22T08:38:05+0200 lvl=warn msg=GetBlockByNumer number=12
        t=2026-09-22T08:38:05+0200 lvl=warn msg=GetBlockByNumer number=13
        t=2026-09-22T08:38:05+0200 lvl=warn msg=GetBlockByNumer number=14
        t=2026-09-22T08:38:05+0200 lvl=warn msg=GetBlockByNumer number=15
        t=2026-09-22T08:38:05+0200 lvl=warn msg=GetBlockByNumer number=16
        t=2026-09-22T08:38:05+0200 lvl=warn msg=GetBlockByNumer number=17
        t=2026-09-22T08:38:05+0200 lvl=warn msg=GetBlockByNumer number=18
        t=2026-09-22T08:38:05+0200 lvl=warn msg=GetBlockByNumer number=19
        t=2026-09-22T08:38:05+0200 lvl=warn msg=GetBlockByNumer number=20
        t=2026-09-22T08:38:05+0200 lvl=warn msg=GetBlockByNumer number=21
        t=2026-09-22T08:38:05+0200 lvl=warn msg=GetBlockByNumer number=22
        t=2026-09-22T08:38:05+0200 lvl=warn msg=GetBlockByNumer number=23
        t=2026-09-22T08:38:05+0200 lvl=warn msg=GetBlockByNumer number=24
        t=2026-09-22T08:38:05+0200 lvl=warn msg=GetBlockByNumer number=25
        t=2026-09-22T08:38:05+0200 lvl=warn msg=GetBlockByNumer number=26
        t=2026-09-22T08:38:05+0200 lvl=warn msg=GetBlockByNumer number=27
        t=2026-09-22T08:38:05+0200 lvl=warn msg=GetBlockByNumer number=28
        t=2026-09-22T08:38:05+0200 lvl=warn msg=GetBlockByNumer number=29
        t=2026-09-22T08:38:05+0200 lvl=warn msg=GetBlockByNumer number=30
        t=2026-09-22T08:38:05+0200 lvl=warn msg=GetBlockByNumer number=31
        t=2026-09-22T08:38:05+0200 lvl=warn msg=GetBlockByNumer number=32
        t=2026-09-22T08:38:05+0200 lvl=warn msg=GetBlockByNumer number=33
        t=2026-09-22T08:38:05+0200 lvl=warn msg=GetBlockByNumer number=34
        t=2026-09-22T08:38:05+0200 lvl=warn msg=GetBlockByNumer number=35
        t=2026-09-22T08:38:05+0200 lvl=warn msg=GetBlockByNumer number=36
        t=2026-09-22T08:38:05+0200 lvl=warn msg=GetBlockByNumer number=37
        t=2026-09-22T08:38:05+0200 lvl=warn msg=GetBlockByNumer number=38
        t=2026-09-22T08:38:05+0200 lvl=warn msg=GetBlockByNumer number=39
        t=2026-09-22T08:38:05+0200 lvl=warn msg=GetBlockByNumer number=40
        t=2026-09-22T08:38:05+0200 lvl=warn msg=GetBlockByNumer number=41
        t=2026-09-22T08:38:05+0200 lvl=warn msg=GetBlockByNumer number=42
        t=2026-09-22T08:38:05+0200 lvl=warn msg=GetBlockByNumer number=43
        t=2026-09-22T08:38:05+0200 lvl=warn msg=GetBlockByNumer number=44
        t=2026-09-22T08:38:05+0200 lvl=warn msg=GetBlockByNumer number=45
        t=2026-09-22T08:38:05+0200 lvl=warn msg=GetBlockByNumer number=46
        t=2026-09-22T08:38:05+0200 lvl=warn msg=GetBlockByNumer number=47
        t=2026-09-22T08:38:05+0200 lvl=warn msg=GetBlockByNumer number=48
        t=2026-09-22T08:38:05+0200 lvl=warn msg=GetBlockByNumer number=49
        t=2026-09-22T08:38:05+0200 lvl=warn msg=GetBlockByNumer number=50
        t=2026-09-22T08:38:05+0200 lvl=warn msg=GetBlockByNumer number=51
        t=2026-09-22T08:38:05+0200 lvl=warn msg=GetBlockByNumer number=52
        t=2026-09-22T08:38:05+0200 lvl=warn msg=GetBlockByNumer number=53
        t=2026-09-22T08:38:05+0200 lvl=warn msg=GetBlockByNumer number=54
        t=2026-09-22T08:38:05+0200 lvl=warn msg=GetBlockByNumer number=55
        t=2026-09-22T08:38:05+0200 lvl=warn msg=GetBlockByNumer number=56
        t=2026-09-22T08:38:05+0200 lvl=warn msg=GetBlockByNumer number=57
        t=2026-09-22T08:38:05+0200 lvl=warn msg=GetBlockByNumer number=58
        t=2026-09-22T08:38:05+0200 lvl=warn msg=GetBlockByNumer number=59
        t=2026-09-22T08:38:05+0200 lvl=warn msg=GetBlockByNumer number=60
        t=2026-09-22T08:38:05+0200 lvl=warn msg=GetBlockByNumer number=61
        t=2026-09-22T08:38:05+0200 lvl=warn msg=GetBlockByNumer number=62
        t=2026-09-22T08:38:05+0200 lvl=warn msg=GetBlockByNumer number=63
        t=2026-09-22T08:38:05+0200 lvl=warn msg=GetBlockByNumer number=1
        t=2026-09-22T08:38:05+0200 lvl=warn msg=GetBlockByNumer number=2
        t=2026-09-22T08:38:05+0200 lvl=warn msg=GetBlockByNumer number=3
        t=2026-09-22T08:38:05+0200 lvl=warn msg=GetBlockByNumer number=4
        t=2026-09-22T08:38:05+0200 lvl=warn msg=GetBlockByNumer number=5
        t=2026-09-22T08:38:05+0200 lvl=warn msg=GetBlockByNumer number=6
        t=2026-09-22T08:38:05+0200 lvl=warn msg=GetBlockByNumer number=7
        t=2026-09-22T08:38:05+0200 lvl=warn msg=GetBlockByNumer number=8
        t=2026-09-22T08:38:05+0200 lvl=warn msg=GetBlockByNumer number=9
        t=2026-09-22T08:38:05+0200 lvl=warn msg=GetBlockByNumer number=10
        t=2026-09-22T08:38:05+0200 lvl=warn msg=GetBlockByNumer number=11
        t=2026-09-22T08:38:05+0200 lvl=warn msg=GetBlockByNumer number=12
        t=2026-09-22T08:38:05+0200 lvl=warn msg=GetBlockByNumer number=13
        t=2026-09-22T08:38:05+0200 lvl=warn msg=GetBlockByNumer number=14
        t=2026-09-22T08:38:05+0200 lvl=warn msg=GetBlockByNumer number=15
        t=2026-09-22T08:38:05+0200 lvl=warn msg=GetBlockByNumer number=16
        t=2026-09-22T08:38:05+0200 lvl=warn msg=GetBlockByNumer number=17
        t=2026-09-22T08:38:05+0200 lvl=warn msg=GetBlockByNumer number=18
        t=2026-09-22T08:38:05+0200 lvl=warn msg=GetBlockByNumer number=19
        t=2026-09-22T08:38:05+0200 lvl=warn msg=GetBlockByNumer number=20
        t=2026-09-22T08:38:05+0200 lvl=warn msg=GetBlockByNumer number=21
        t=2026-09-22T08:38:05+0200 lvl=warn msg=GetBlockByNumer number=22
        t=2026-09-22T08:38:05+0200 lvl=warn msg=GetBlockByNumer number=23
        t=2026-09-22T08:38:05+0200 lvl=warn msg=GetBlockByNumer number=24
        t=2026-09-22T08:38:05+0200 lvl=warn msg=GetBlockByNumer number=25
        t=2026-09-22T08:38:05+0200 lvl=warn msg=GetBlockByNumer number=26
        t=2026-09-22T08:38:05+0200 lvl=warn msg=GetBlockByNumer number=27
        t=2026-09-22T08:38:05+0200 lvl=warn msg=GetBlockByNumer number=28
        t=2026-09-22T08:38:05+0200 lvl=warn msg=GetBlockByNumer number=29
        t=2026-09-22T08:38:05+0200 lvl=warn msg=GetBlockByNumer number=30
        t=2026-09-22T08:38:05+0200 lvl=warn msg=GetBlockByNumer number=31
        t=2026-09-22T08:38:05+0200 lvl=warn msg=GetBlockByNumer number=32
        t=2026-09-22T08:38:05+0200 lvl=warn msg=GetBlockByNumer number=33
        t=2026-09-22T08:38:05+0200 lvl=warn msg=GetBlockByNumer number=34
        t=2026-09-22T08:38:05+0200 lvl=warn msg=GetBlockByNumer number=35
        t=2026-09-22T08:38:05+0200 lvl=warn msg=GetBlockByNumer number=36
        t=2026-09-22T08:38:05+0200 lvl=warn msg=GetBlockByNumer number=37
        t=2026-09-22T08:38:05+0200 lvl=warn msg=GetBlockByNumer number=38
        t=2026-09-22T08:38:05+0200 lvl=warn msg=GetBlockByNumer number=39
        t=2026-09-22T08:38:05+0200 lvl=warn msg=GetBlockByNumer number=40
        t=2026-09-22T08:38:05+0200 lvl=warn msg=GetBlockByNumer number=41
        t=2026-09-22T08:38:05+0200 lvl=warn msg=GetBlockByNumer number=42
        t=2026-09-22T08:38:05+0200 lvl=warn msg=GetBlockByNumer number=43
        t=2026-09-22T08:38:05+0200 lvl=warn msg=GetBlockByNumer number=44
        t=2026-09-22T08:38:05+0200 lvl=warn msg=GetBlockByNumer number=45
        t=2026-09-22T08:38:05+0200 lvl=warn msg=GetBlockByNumer number=46
        t=2026-09-22T08:38:05+0200 lvl=warn msg=GetBlockByNumer number=47
        t=2026-09-22T08:38:05+0200 lvl=warn msg=GetBlockByNumer number=48
        t=2026-09-22T08:38:05+0200 lvl=warn msg=GetBlockByNumer number=49
        t=2026-09-22T08:38:05+0200 lvl=warn msg=GetBlockByNumer number=50
        t=2026-09-22T08:38:05+0200 lvl=warn msg=GetBlockByNumer number=51
        t=2026-09-22T08:38:05+0200 lvl=warn msg=GetBlockByNumer number=52
        t=2026-09-22T08:38:05+0200 lvl=warn msg=GetBlockByNumer number=53
        t=2026-09-22T08:38:05+0200 lvl=warn msg=GetBlockByNumer number=54
        t=2026-09-22T08:38:05+0200 lvl=warn msg=GetBlockByNumer number=55
        t=2026-09-22T08:38:05+0200 lvl=warn msg=GetBlockByNumer number=56
        t=2026-09-22T08:38:05+0200 lvl=warn msg=GetBlockByNumer number=57
        t=2026-09-22T08:38:05+0200 lvl=warn msg=GetBlockByNumer number=58
        t=2026-09-22T08:38:05+0200 lvl=warn msg=GetBlockByNumer number=59
        t=2026-09-22T08:38:05+0200 lvl=warn msg=GetBlockByNumer number=60
        t=2026-09-22T08:38:05+0200 lvl=warn msg=GetBlockByNumer number=61
        t=2026-09-22T08:38:05+0200 lvl=warn msg=GetBlockByNumer number=62
        t=2026-09-22T08:38:05+0200 lvl=warn msg=GetBlockByNumer number=63
        t=2026-09-22T08:38:05+0200 lvl=warn msg="Failed to load snapshot, regenerating" err="missing or corrupted snapshot journal"
        t=2026-09-22T08:38:05+0200 lvl=warn msg=GetBlockByNumer                         number=1
        t=2026-09-22T08:38:19+0200 lvl=warn msg=GetBlockByNumer                         number=1
        t=2026-09-22T08:38:19+0200 lvl=warn msg=GetBlockByNumer                         number=63
        t=2026-09-22T08:38:19+0200 lvl=warn msg=GetBlockByNumer                         number=1
        t=2026-09-22T08:38:19+0200 lvl=eror msg=Connect                                 Could not connect to=127.0.0.1:41299 error="CRYPTO_ERROR 0x150 (remote): tls: internal error"
        t=2026-09-22T08:38:19+0200 lvl=eror msg=Connect                                 Could not connect to=127.0.0.1:51703 error="CRYPTO_ERROR 0x150 (remote): tls: internal error"
        t=2026-09-22T08:38:19+0200 lvl=eror msg=Connect                                 Could not connect to=127.0.0.1:46372 error="CRYPTO_ERROR 0x150 (remote): tls: internal error"
        t=2026-09-22T08:38:19+0200 lvl=eror msg=Connect                                 Could not connect to=127.0.0.1:58506 error="CRYPTO_ERROR 0x150 (remote): tls: internal error"
        t=2026-09-22T08:38:19+0200 lvl=eror msg=Connect                                 Could not connect to=127.0.0.1:51703 error="CRYPTO_ERROR 0x150 (remote): tls: internal error"
        t=2026-09-22T08:38:19+0200 lvl=warn msg=SendRawData                             couldn't send to=127.0.0.1:51703 error="CRYPTO_ERROR 0x150 (remote): tls: internal error"
        t=2026-09-22T08:38:19+0200 lvl=eror msg=Connect                                 Could not connect to=127.0.0.1:46372 error="CRYPTO_ERROR 0x150 (remote): tls: internal error"
        t=2026-09-22T08:38:19+0200 lvl=warn msg=SendRawData                             couldn't send to=127.0.0.1:46372 error="CRYPTO_ERROR 0x150 (remote): tls: internal error"
        t=2026-09-22T08:38:19+0200 lvl=eror msg=Connect                                 Could not connect to=127.0.0.1:41299 error="CRYPTO_ERROR 0x150 (remote): tls: internal error"
        t=2026-09-22T08:38:19+0200 lvl=warn msg=SendRawData                             couldn't send to=127.0.0.1:41299 error="CRYPTO_ERROR 0x150 (remote): tls: internal error"
        t=2026-09-22T08:38:19+0200 lvl=eror msg=Connect                                 Could not connect to=127.0.0.1:58506 error="CRYPTO_ERROR 0x150 (remote): tls: internal error"
        t=2026-09-22T08:38:19+0200 lvl=warn msg=SendRawData                             couldn't send to=127.0.0.1:58506 error="CRYPTO_ERROR 0x150 (remote): tls: internal error"
        t=2026-09-22T08:38:19+0200 lvl=eror msg=Connect                                 Could not connect to=127.0.0.1:51703 error="CRYPTO_ERROR 0x150 (remote): tls: internal error"
        t=2026-09-22T08:38:19+0200 lvl=warn msg=SendRawData                             couldn't send to=127.0.0.1:51703 error="CRYPTO_ERROR 0x150 (remote): tls: internal error"
        t=2026-09-22T08:38:19+0200 lvl=eror msg=Connect                                 Could not connect to=127.0.0.1:58506 error="CRYPTO_ERROR 0x150 (remote): tls: internal error"
        t=2026-09-22T08:38:19+0200 lvl=warn msg=SendRawData                             couldn't send to=127.0.0.1:58506 error="CRYPTO_ERROR 0x150 (remote): tls: internal error"
        t=2026-09-22T08:38:19+0200 lvl=eror msg=Connect                                 Could not connect to=127.0.0.1:46372 error="CRYPTO_ERROR 0x150 (remote): tls: internal error"
        t=2026-09-22T08:38:19+0200 lvl=warn msg=SendRawData                             couldn't send to=127.0.0.1:46372 error="CRYPTO_ERROR 0x150 (remote): tls: internal error"
        t=2026-09-22T08:38:19+0200 lvl=eror msg=Connect                                 Could not connect to=127.0.0.1:51703 error="CRYPTO_ERROR 0x150 (remote): tls: internal error"
        t=2026-09-22T08:38:19+0200 lvl=warn msg=SendRawData                             couldn't send to=127.0.0.1:51703 error="CRYPTO_ERROR 0x150 (remote): tls: internal error"
        t=2026-09-22T08:38:19+0200 lvl=eror msg=Connect                                 Could not connect to=127.0.0.1:58506 error="CRYPTO_ERROR 0x150 (remote): tls: internal error"
        t=2026-09-22T08:38:19+0200 lvl=warn msg=SendRawData                             couldn't send to=127.0.0.1:58506 error="CRYPTO_ERROR 0x150 (remote): tls: internal error"
        t=2026-09-22T08:38:19+0200 lvl=eror msg=Connect                                 Could not connect to=127.0.0.1:46372 error="CRYPTO_ERROR 0x150 (remote): tls: internal error"
        t=2026-09-22T08:38:19+0200 lvl=warn msg=SendRawData                             couldn't send to=127.0.0.1:46372 error="CRYPTO_ERROR 0x150 (remote): tls: internal error"
        t=2026-09-22T08:38:19+0200 lvl=eror msg=Connect                                 Could not connect to=127.0.0.1:51703 error="CRYPTO_ERROR 0x150 (remote): tls: internal error"
        t=2026-09-22T08:38:19+0200 lvl=warn msg=SendRawData                             couldn't send to=127.0.0.1:51703 error="CRYPTO_ERROR 0x150 (remote): tls: internal error"
        t=2026-09-22T08:38:19+0200 lvl=eror msg=Connect                                 Could not connect to=127.0.0.1:58506 error="CRYPTO_ERROR 0x150 (remote): tls: internal error"
        t=2026-09-22T08:38:19+0200 lvl=warn msg=SendRawData                             couldn't send to=127.0.0.1:58506 error="CRYPTO_ERROR 0x150 (remote): tls: internal error"
        t=2026-09-22T08:38:20+0200 lvl=eror msg=Connect                                 Could not connect to=127.0.0.1:51703 error="CRYPTO_ERROR 0x150 (remote): tls: internal error"
        t=2026-09-22T08:38:20+0200 lvl=warn msg=SendRawData                             couldn't send to=127.0.0.1:51703 error="CRYPTO_ERROR 0x150 (remote): tls: internal error"
        t=2026-09-22T08:38:20+0200 lvl=eror msg=Connect                                 Could not connect to=127.0.0.1:58506 error="CRYPTO_ERROR 0x150 (remote): tls: internal error"
        t=2026-09-22T08:38:20+0200 lvl=warn msg=SendRawData                             couldn't send to=127.0.0.1:58506 error="CRYPTO_ERROR 0x150 (remote): tls: internal error"
        t=2026-09-22T08:38:20+0200 lvl=eror msg=Connect                                 Could not connect to=127.0.0.1:58506 error="CRYPTO_ERROR 0x150 (remote): tls: internal error"
        t=2026-09-22T08:38:20+0200 lvl=warn msg=SendRawData                             couldn't send to=127.0.0.1:58506 error="CRYPTO_ERROR 0x150 (remote): tls: internal error"
        t=2026-09-22T08:38:20+0200 lvl=eror msg=Connect                                 Could not connect to=127.0.0.1:58506 error="CRYPTO_ERROR 0x150 (remote): tls: internal error"
        t=2026-09-22T08:38:20+0200 lvl=warn msg=SendRawData                             couldn't send to=127.0.0.1:58506 error="CRYPTO_ERROR 0x150 (remote): tls: internal error"
        t=2026-09-22T08:38:20+0200 lvl=warn msg=GetBlockByNumer                         number=1
        t=2026-09-22T08:38:20+0200 lvl=warn msg=GetBlockByNumer                         number=1
        t=2026-09-22T08:38:20+0200 lvl=warn msg=GetBlockByNumer                         number=63
        t=2026-09-22T08:38:20+0200 lvl=warn msg=GetBlockByNumer                         number=1
        t=2026-09-22T08:38:20+0200 lvl=warn msg=GetBlockByNumer                         number=63
        t=2026-09-22T08:38:24+0200 lvl=warn msg="HOTSTUFF RECOVERY resend NewView"      number=65 viewID=0x42fa11eb9f84699570830017f9784cf16db669176da7a9cc7bb42e705552803a to=127.0.0.1:41299
    fhs_process_recovery_test.go:225: validator 937684 complete log: /tmp/fhs-process-failure-3969366611.log
    fhs_process_recovery_test.go:230: validator 937684 log tail:
        t=2026-09-22T08:38:01+0200 lvl=warn msg=GetBlockByNumer number=0
        t=2026-09-22T08:38:01+0200 lvl=warn msg=GetBlockByNumer number=1
        t=2026-09-22T08:38:01+0200 lvl=warn msg=GetBlockByNumer number=2
        t=2026-09-22T08:38:01+0200 lvl=warn msg=GetBlockByNumer number=3
        t=2026-09-22T08:38:01+0200 lvl=warn msg=GetBlockByNumer number=4
        t=2026-09-22T08:38:01+0200 lvl=warn msg=GetBlockByNumer number=5
        t=2026-09-22T08:38:01+0200 lvl=warn msg=GetBlockByNumer number=6
        t=2026-09-22T08:38:01+0200 lvl=warn msg=GetBlockByNumer number=7
        t=2026-09-22T08:38:01+0200 lvl=warn msg=GetBlockByNumer number=8
        t=2026-09-22T08:38:01+0200 lvl=warn msg=GetBlockByNumer number=9
        t=2026-09-22T08:38:01+0200 lvl=warn msg=GetBlockByNumer number=10
        t=2026-09-22T08:38:01+0200 lvl=warn msg=GetBlockByNumer number=11
        t=2026-09-22T08:38:01+0200 lvl=warn msg=GetBlockByNumer number=12
        t=2026-09-22T08:38:01+0200 lvl=warn msg=GetBlockByNumer number=13
        t=2026-09-22T08:38:01+0200 lvl=warn msg=GetBlockByNumer number=14
        t=2026-09-22T08:38:01+0200 lvl=warn msg=GetBlockByNumer number=15
        t=2026-09-22T08:38:01+0200 lvl=warn msg=GetBlockByNumer number=16
        t=2026-09-22T08:38:01+0200 lvl=warn msg=GetBlockByNumer number=17
        t=2026-09-22T08:38:01+0200 lvl=warn msg=GetBlockByNumer number=18
        t=2026-09-22T08:38:01+0200 lvl=warn msg=GetBlockByNumer number=19
        t=2026-09-22T08:38:01+0200 lvl=warn msg=GetBlockByNumer number=20
        t=2026-09-22T08:38:01+0200 lvl=warn msg=GetBlockByNumer number=21
        t=2026-09-22T08:38:01+0200 lvl=warn msg=GetBlockByNumer number=22
        t=2026-09-22T08:38:01+0200 lvl=warn msg=GetBlockByNumer number=23
        t=2026-09-22T08:38:01+0200 lvl=warn msg=GetBlockByNumer number=24
        t=2026-09-22T08:38:01+0200 lvl=warn msg=GetBlockByNumer number=25
        t=2026-09-22T08:38:01+0200 lvl=warn msg=GetBlockByNumer number=26
        t=2026-09-22T08:38:01+0200 lvl=warn msg=GetBlockByNumer number=27
        t=2026-09-22T08:38:01+0200 lvl=warn msg=GetBlockByNumer number=28
        t=2026-09-22T08:38:01+0200 lvl=warn msg=GetBlockByNumer number=29
        t=2026-09-22T08:38:01+0200 lvl=warn msg=GetBlockByNumer number=30
        t=2026-09-22T08:38:01+0200 lvl=warn msg=GetBlockByNumer number=31
        t=2026-09-22T08:38:01+0200 lvl=warn msg=GetBlockByNumer number=32
        t=2026-09-22T08:38:01+0200 lvl=warn msg=GetBlockByNumer number=33
        t=2026-09-22T08:38:01+0200 lvl=warn msg=GetBlockByNumer number=34
        t=2026-09-22T08:38:01+0200 lvl=warn msg=GetBlockByNumer number=35
        t=2026-09-22T08:38:01+0200 lvl=warn msg=GetBlockByNumer number=36
        t=2026-09-22T08:38:01+0200 lvl=warn msg=GetBlockByNumer number=37
        t=2026-09-22T08:38:01+0200 lvl=warn msg=GetBlockByNumer number=38
        t=2026-09-22T08:38:01+0200 lvl=warn msg=GetBlockByNumer number=39
        t=2026-09-22T08:38:01+0200 lvl=warn msg=GetBlockByNumer number=40
        t=2026-09-22T08:38:01+0200 lvl=warn msg=GetBlockByNumer number=41
        t=2026-09-22T08:38:01+0200 lvl=warn msg=GetBlockByNumer number=42
        t=2026-09-22T08:38:01+0200 lvl=warn msg=GetBlockByNumer number=43
        t=2026-09-22T08:38:01+0200 lvl=warn msg=GetBlockByNumer number=44
        t=2026-09-22T08:38:01+0200 lvl=warn msg=GetBlockByNumer number=45
        t=2026-09-22T08:38:01+0200 lvl=warn msg=GetBlockByNumer number=46
        t=2026-09-22T08:38:01+0200 lvl=warn msg=GetBlockByNumer number=47
        t=2026-09-22T08:38:01+0200 lvl=warn msg=GetBlockByNumer number=48
        t=2026-09-22T08:38:01+0200 lvl=warn msg=GetBlockByNumer number=49
        t=2026-09-22T08:38:01+0200 lvl=warn msg=GetBlockByNumer number=50
        t=2026-09-22T08:38:01+0200 lvl=warn msg=GetBlockByNumer number=51
        t=2026-09-22T08:38:01+0200 lvl=warn msg=GetBlockByNumer number=52
        t=2026-09-22T08:38:01+0200 lvl=warn msg=GetBlockByNumer number=53
        t=2026-09-22T08:38:01+0200 lvl=warn msg=GetBlockByNumer number=54
        t=2026-09-22T08:38:01+0200 lvl=warn msg=GetBlockByNumer number=55
        t=2026-09-22T08:38:01+0200 lvl=warn msg=GetBlockByNumer number=56
        t=2026-09-22T08:38:01+0200 lvl=warn msg=GetBlockByNumer number=57
        t=2026-09-22T08:38:01+0200 lvl=warn msg=GetBlockByNumer number=58
        t=2026-09-22T08:38:01+0200 lvl=warn msg=GetBlockByNumer number=59
        t=2026-09-22T08:38:01+0200 lvl=warn msg=GetBlockByNumer number=60
        t=2026-09-22T08:38:01+0200 lvl=warn msg=GetBlockByNumer number=61
        t=2026-09-22T08:38:01+0200 lvl=warn msg=GetBlockByNumer number=62
        t=2026-09-22T08:38:01+0200 lvl=warn msg=GetBlockByNumer number=63
        t=2026-09-22T08:38:01+0200 lvl=warn msg=GetBlockByNumer number=1
        t=2026-09-22T08:38:01+0200 lvl=warn msg=GetBlockByNumer number=2
        t=2026-09-22T08:38:01+0200 lvl=warn msg=GetBlockByNumer number=3
        t=2026-09-22T08:38:01+0200 lvl=warn msg=GetBlockByNumer number=4
        t=2026-09-22T08:38:01+0200 lvl=warn msg=GetBlockByNumer number=5
        t=2026-09-22T08:38:01+0200 lvl=warn msg=GetBlockByNumer number=6
        t=2026-09-22T08:38:01+0200 lvl=warn msg=GetBlockByNumer number=7
        t=2026-09-22T08:38:01+0200 lvl=warn msg=GetBlockByNumer number=8
        t=2026-09-22T08:38:01+0200 lvl=warn msg=GetBlockByNumer number=9
        t=2026-09-22T08:38:01+0200 lvl=warn msg=GetBlockByNumer number=10
        t=2026-09-22T08:38:01+0200 lvl=warn msg=GetBlockByNumer number=11
        t=2026-09-22T08:38:01+0200 lvl=warn msg=GetBlockByNumer number=12
        t=2026-09-22T08:38:01+0200 lvl=warn msg=GetBlockByNumer number=13
        t=2026-09-22T08:38:01+0200 lvl=warn msg=GetBlockByNumer number=14
        t=2026-09-22T08:38:01+0200 lvl=warn msg=GetBlockByNumer number=15
        t=2026-09-22T08:38:01+0200 lvl=warn msg=GetBlockByNumer number=16
        t=2026-09-22T08:38:01+0200 lvl=warn msg=GetBlockByNumer number=17
        t=2026-09-22T08:38:01+0200 lvl=warn msg=GetBlockByNumer number=18
        t=2026-09-22T08:38:01+0200 lvl=warn msg=GetBlockByNumer number=19
        t=2026-09-22T08:38:01+0200 lvl=warn msg=GetBlockByNumer number=20
        t=2026-09-22T08:38:01+0200 lvl=warn msg=GetBlockByNumer number=21
        t=2026-09-22T08:38:01+0200 lvl=warn msg=GetBlockByNumer number=22
        t=2026-09-22T08:38:01+0200 lvl=warn msg=GetBlockByNumer number=23
        t=2026-09-22T08:38:01+0200 lvl=warn msg=GetBlockByNumer number=24
        t=2026-09-22T08:38:01+0200 lvl=warn msg=GetBlockByNumer number=25
        t=2026-09-22T08:38:01+0200 lvl=warn msg=GetBlockByNumer number=26
        t=2026-09-22T08:38:01+0200 lvl=warn msg=GetBlockByNumer number=27
        t=2026-09-22T08:38:01+0200 lvl=warn msg=GetBlockByNumer number=28
        t=2026-09-22T08:38:01+0200 lvl=warn msg=GetBlockByNumer number=29
        t=2026-09-22T08:38:01+0200 lvl=warn msg=GetBlockByNumer number=30
        t=2026-09-22T08:38:01+0200 lvl=warn msg=GetBlockByNumer number=31
        t=2026-09-22T08:38:01+0200 lvl=warn msg=GetBlockByNumer number=32
        t=2026-09-22T08:38:01+0200 lvl=warn msg=GetBlockByNumer number=33
        t=2026-09-22T08:38:01+0200 lvl=warn msg=GetBlockByNumer number=34
        t=2026-09-22T08:38:01+0200 lvl=warn msg=GetBlockByNumer number=35
        t=2026-09-22T08:38:01+0200 lvl=warn msg=GetBlockByNumer number=36
        t=2026-09-22T08:38:01+0200 lvl=warn msg=GetBlockByNumer number=37
        t=2026-09-22T08:38:01+0200 lvl=warn msg=GetBlockByNumer number=38
        t=2026-09-22T08:38:01+0200 lvl=warn msg=GetBlockByNumer number=39
        t=2026-09-22T08:38:01+0200 lvl=warn msg=GetBlockByNumer number=40
        t=2026-09-22T08:38:01+0200 lvl=warn msg=GetBlockByNumer number=41
        t=2026-09-22T08:38:01+0200 lvl=warn msg=GetBlockByNumer number=42
        t=2026-09-22T08:38:01+0200 lvl=warn msg=GetBlockByNumer number=43
        t=2026-09-22T08:38:01+0200 lvl=warn msg=GetBlockByNumer number=44
        t=2026-09-22T08:38:01+0200 lvl=warn msg=GetBlockByNumer number=45
        t=2026-09-22T08:38:01+0200 lvl=warn msg=GetBlockByNumer number=46
        t=2026-09-22T08:38:01+0200 lvl=warn msg=GetBlockByNumer number=47
        t=2026-09-22T08:38:01+0200 lvl=warn msg=GetBlockByNumer number=48
        t=2026-09-22T08:38:01+0200 lvl=warn msg=GetBlockByNumer number=49
        t=2026-09-22T08:38:01+0200 lvl=warn msg=GetBlockByNumer number=50
        t=2026-09-22T08:38:01+0200 lvl=warn msg=GetBlockByNumer number=51
        t=2026-09-22T08:38:01+0200 lvl=warn msg=GetBlockByNumer number=52
        t=2026-09-22T08:38:01+0200 lvl=warn msg=GetBlockByNumer number=53
        t=2026-09-22T08:38:01+0200 lvl=warn msg=GetBlockByNumer number=54
        t=2026-09-22T08:38:01+0200 lvl=warn msg=GetBlockByNumer number=55
        t=2026-09-22T08:38:01+0200 lvl=warn msg=GetBlockByNumer number=56
        t=2026-09-22T08:38:01+0200 lvl=warn msg=GetBlockByNumer number=57
        t=2026-09-22T08:38:01+0200 lvl=warn msg=GetBlockByNumer number=58
        t=2026-09-22T08:38:01+0200 lvl=warn msg=GetBlockByNumer number=59
        t=2026-09-22T08:38:01+0200 lvl=warn msg=GetBlockByNumer number=60
        t=2026-09-22T08:38:01+0200 lvl=warn msg=GetBlockByNumer number=61
        t=2026-09-22T08:38:01+0200 lvl=warn msg=GetBlockByNumer number=62
        t=2026-09-22T08:38:01+0200 lvl=warn msg=GetBlockByNumer number=63
        t=2026-09-22T08:38:01+0200 lvl=warn msg="Failed to load snapshot, regenerating" err="missing or corrupted snapshot journal"
        t=2026-09-22T08:38:02+0200 lvl=warn msg=GetBlockByNumer                         number=1
        t=2026-09-22T08:38:19+0200 lvl=warn msg=GetBlockByNumer                         number=1
        t=2026-09-22T08:38:19+0200 lvl=warn msg=GetBlockByNumer                         number=63
        t=2026-09-22T08:38:19+0200 lvl=warn msg=GetBlockByNumer                         number=1
        t=2026-09-22T08:38:19+0200 lvl=eror msg=Connect                                 Could not connect to=127.0.0.1:46372 error="CRYPTO_ERROR 0x150 (remote): tls: internal error"
        t=2026-09-22T08:38:19+0200 lvl=eror msg=Connect                                 Could not connect to=127.0.0.1:51703 error="CRYPTO_ERROR 0x150 (remote): tls: internal error"
        t=2026-09-22T08:38:19+0200 lvl=eror msg=Connect                                 Could not connect to=127.0.0.1:48722 error="CRYPTO_ERROR 0x150 (remote): tls: internal error"
        t=2026-09-22T08:38:19+0200 lvl=eror msg=Connect                                 Could not connect to=127.0.0.1:41299 error="CRYPTO_ERROR 0x150 (remote): tls: internal error"
        t=2026-09-22T08:38:19+0200 lvl=eror msg=Connect                                 Could not connect to=127.0.0.1:58506 error="CRYPTO_ERROR 0x150 (remote): tls: internal error"
        t=2026-09-22T08:38:19+0200 lvl=eror msg=Connect                                 Could not connect to=127.0.0.1:41299 error="CRYPTO_ERROR 0x150 (remote): tls: internal error"
        t=2026-09-22T08:38:19+0200 lvl=warn msg=SendRawData                             couldn't send to=127.0.0.1:41299 error="CRYPTO_ERROR 0x150 (remote): tls: internal error"
        t=2026-09-22T08:38:19+0200 lvl=eror msg=Connect                                 Could not connect to=127.0.0.1:41299 error="CRYPTO_ERROR 0x150 (remote): tls: internal error"
        t=2026-09-22T08:38:19+0200 lvl=warn msg=SendRawData                             couldn't send to=127.0.0.1:41299 error="CRYPTO_ERROR 0x150 (remote): tls: internal error"
        t=2026-09-22T08:38:19+0200 lvl=eror msg=Connect                                 Could not connect to=127.0.0.1:41299 error="CRYPTO_ERROR 0x150 (remote): tls: internal error"
        t=2026-09-22T08:38:19+0200 lvl=warn msg=SendRawData                             couldn't send to=127.0.0.1:41299 error="CRYPTO_ERROR 0x150 (remote): tls: internal error"
        t=2026-09-22T08:38:20+0200 lvl=warn msg=GetBlockByNumer                         number=1
        t=2026-09-22T08:38:20+0200 lvl=warn msg=GetBlockByNumer                         number=1
        t=2026-09-22T08:38:20+0200 lvl=warn msg=GetBlockByNumer                         number=63
        t=2026-09-22T08:38:20+0200 lvl=warn msg=GetBlockByNumer                         number=1
        t=2026-09-22T08:38:20+0200 lvl=warn msg=GetBlockByNumer                         number=63
        t=2026-09-22T08:38:24+0200 lvl=warn msg="HOTSTUFF RECOVERY resend NewView"      number=65 viewID=0x42fa11eb9f84699570830017f9784cf16db669176da7a9cc7bb42e705552803a to=127.0.0.1:41299
    fhs_process_recovery_test.go:225: validator 937648 complete log: /tmp/fhs-process-failure-2251981498.log
    fhs_process_recovery_test.go:230: validator 937648 log tail:
        t=2026-09-22T08:37:58+0200 lvl=warn msg=GetBlockByNumer number=0
        t=2026-09-22T08:37:58+0200 lvl=warn msg=GetBlockByNumer number=1
        t=2026-09-22T08:37:58+0200 lvl=warn msg=GetBlockByNumer number=2
        t=2026-09-22T08:37:58+0200 lvl=warn msg=GetBlockByNumer number=3
        t=2026-09-22T08:37:58+0200 lvl=warn msg=GetBlockByNumer number=4
        t=2026-09-22T08:37:58+0200 lvl=warn msg=GetBlockByNumer number=5
        t=2026-09-22T08:37:58+0200 lvl=warn msg=GetBlockByNumer number=6
        t=2026-09-22T08:37:58+0200 lvl=warn msg=GetBlockByNumer number=7
        t=2026-09-22T08:37:58+0200 lvl=warn msg=GetBlockByNumer number=8
        t=2026-09-22T08:37:58+0200 lvl=warn msg=GetBlockByNumer number=9
        t=2026-09-22T08:37:58+0200 lvl=warn msg=GetBlockByNumer number=10
        t=2026-09-22T08:37:58+0200 lvl=warn msg=GetBlockByNumer number=11
        t=2026-09-22T08:37:58+0200 lvl=warn msg=GetBlockByNumer number=12
        t=2026-09-22T08:37:58+0200 lvl=warn msg=GetBlockByNumer number=13
        t=2026-09-22T08:37:58+0200 lvl=warn msg=GetBlockByNumer number=14
        t=2026-09-22T08:37:58+0200 lvl=warn msg=GetBlockByNumer number=15
        t=2026-09-22T08:37:58+0200 lvl=warn msg=GetBlockByNumer number=16
        t=2026-09-22T08:37:58+0200 lvl=warn msg=GetBlockByNumer number=17
        t=2026-09-22T08:37:58+0200 lvl=warn msg=GetBlockByNumer number=18
        t=2026-09-22T08:37:58+0200 lvl=warn msg=GetBlockByNumer number=19
        t=2026-09-22T08:37:58+0200 lvl=warn msg=GetBlockByNumer number=20
        t=2026-09-22T08:37:58+0200 lvl=warn msg=GetBlockByNumer number=21
        t=2026-09-22T08:37:58+0200 lvl=warn msg=GetBlockByNumer number=22
        t=2026-09-22T08:37:58+0200 lvl=warn msg=GetBlockByNumer number=23
        t=2026-09-22T08:37:58+0200 lvl=warn msg=GetBlockByNumer number=24
        t=2026-09-22T08:37:58+0200 lvl=warn msg=GetBlockByNumer number=25
        t=2026-09-22T08:37:58+0200 lvl=warn msg=GetBlockByNumer number=26
        t=2026-09-22T08:37:58+0200 lvl=warn msg=GetBlockByNumer number=27
        t=2026-09-22T08:37:58+0200 lvl=warn msg=GetBlockByNumer number=28
        t=2026-09-22T08:37:58+0200 lvl=warn msg=GetBlockByNumer number=29
        t=2026-09-22T08:37:58+0200 lvl=warn msg=GetBlockByNumer number=30
        t=2026-09-22T08:37:58+0200 lvl=warn msg=GetBlockByNumer number=31
        t=2026-09-22T08:37:58+0200 lvl=warn msg=GetBlockByNumer number=32
        t=2026-09-22T08:37:58+0200 lvl=warn msg=GetBlockByNumer number=33
        t=2026-09-22T08:37:58+0200 lvl=warn msg=GetBlockByNumer number=34
        t=2026-09-22T08:37:58+0200 lvl=warn msg=GetBlockByNumer number=35
        t=2026-09-22T08:37:58+0200 lvl=warn msg=GetBlockByNumer number=36
        t=2026-09-22T08:37:58+0200 lvl=warn msg=GetBlockByNumer number=37
        t=2026-09-22T08:37:58+0200 lvl=warn msg=GetBlockByNumer number=38
        t=2026-09-22T08:37:58+0200 lvl=warn msg=GetBlockByNumer number=39
        t=2026-09-22T08:37:58+0200 lvl=warn msg=GetBlockByNumer number=40
        t=2026-09-22T08:37:58+0200 lvl=warn msg=GetBlockByNumer number=41
        t=2026-09-22T08:37:58+0200 lvl=warn msg=GetBlockByNumer number=42
        t=2026-09-22T08:37:58+0200 lvl=warn msg=GetBlockByNumer number=43
        t=2026-09-22T08:37:58+0200 lvl=warn msg=GetBlockByNumer number=44
        t=2026-09-22T08:37:58+0200 lvl=warn msg=GetBlockByNumer number=45
        t=2026-09-22T08:37:58+0200 lvl=warn msg=GetBlockByNumer number=46
        t=2026-09-22T08:37:58+0200 lvl=warn msg=GetBlockByNumer number=47
        t=2026-09-22T08:37:58+0200 lvl=warn msg=GetBlockByNumer number=48
        t=2026-09-22T08:37:58+0200 lvl=warn msg=GetBlockByNumer number=49
        t=2026-09-22T08:37:58+0200 lvl=warn msg=GetBlockByNumer number=50
        t=2026-09-22T08:37:58+0200 lvl=warn msg=GetBlockByNumer number=51
        t=2026-09-22T08:37:58+0200 lvl=warn msg=GetBlockByNumer number=52
        t=2026-09-22T08:37:58+0200 lvl=warn msg=GetBlockByNumer number=53
        t=2026-09-22T08:37:58+0200 lvl=warn msg=GetBlockByNumer number=54
        t=2026-09-22T08:37:58+0200 lvl=warn msg=GetBlockByNumer number=55
        t=2026-09-22T08:37:58+0200 lvl=warn msg=GetBlockByNumer number=56
        t=2026-09-22T08:37:58+0200 lvl=warn msg=GetBlockByNumer number=57
        t=2026-09-22T08:37:58+0200 lvl=warn msg=GetBlockByNumer number=58
        t=2026-09-22T08:37:58+0200 lvl=warn msg=GetBlockByNumer number=59
        t=2026-09-22T08:37:58+0200 lvl=warn msg=GetBlockByNumer number=60
        t=2026-09-22T08:37:58+0200 lvl=warn msg=GetBlockByNumer number=61
        t=2026-09-22T08:37:58+0200 lvl=warn msg=GetBlockByNumer number=62
        t=2026-09-22T08:37:58+0200 lvl=warn msg=GetBlockByNumer number=63
        t=2026-09-22T08:37:58+0200 lvl=warn msg=GetBlockByNumer number=1
        t=2026-09-22T08:37:58+0200 lvl=warn msg=GetBlockByNumer number=2
        t=2026-09-22T08:37:58+0200 lvl=warn msg=GetBlockByNumer number=3
        t=2026-09-22T08:37:58+0200 lvl=warn msg=GetBlockByNumer number=4
        t=2026-09-22T08:37:58+0200 lvl=warn msg=GetBlockByNumer number=5
        t=2026-09-22T08:37:58+0200 lvl=warn msg=GetBlockByNumer number=6
        t=2026-09-22T08:37:58+0200 lvl=warn msg=GetBlockByNumer number=7
        t=2026-09-22T08:37:58+0200 lvl=warn msg=GetBlockByNumer number=8
        t=2026-09-22T08:37:58+0200 lvl=warn msg=GetBlockByNumer number=9
        t=2026-09-22T08:37:58+0200 lvl=warn msg=GetBlockByNumer number=10
        t=2026-09-22T08:37:58+0200 lvl=warn msg=GetBlockByNumer number=11
        t=2026-09-22T08:37:58+0200 lvl=warn msg=GetBlockByNumer number=12
        t=2026-09-22T08:37:58+0200 lvl=warn msg=GetBlockByNumer number=13
        t=2026-09-22T08:37:58+0200 lvl=warn msg=GetBlockByNumer number=14
        t=2026-09-22T08:37:58+0200 lvl=warn msg=GetBlockByNumer number=15
        t=2026-09-22T08:37:58+0200 lvl=warn msg=GetBlockByNumer number=16
        t=2026-09-22T08:37:58+0200 lvl=warn msg=GetBlockByNumer number=17
        t=2026-09-22T08:37:58+0200 lvl=warn msg=GetBlockByNumer number=18
        t=2026-09-22T08:37:58+0200 lvl=warn msg=GetBlockByNumer number=19
        t=2026-09-22T08:37:58+0200 lvl=warn msg=GetBlockByNumer number=20
        t=2026-09-22T08:37:58+0200 lvl=warn msg=GetBlockByNumer number=21
        t=2026-09-22T08:37:58+0200 lvl=warn msg=GetBlockByNumer number=22
        t=2026-09-22T08:37:58+0200 lvl=warn msg=GetBlockByNumer number=23
        t=2026-09-22T08:37:58+0200 lvl=warn msg=GetBlockByNumer number=24
        t=2026-09-22T08:37:58+0200 lvl=warn msg=GetBlockByNumer number=25
        t=2026-09-22T08:37:58+0200 lvl=warn msg=GetBlockByNumer number=26
        t=2026-09-22T08:37:58+0200 lvl=warn msg=GetBlockByNumer number=27
        t=2026-09-22T08:37:58+0200 lvl=warn msg=GetBlockByNumer number=28
        t=2026-09-22T08:37:58+0200 lvl=warn msg=GetBlockByNumer number=29
        t=2026-09-22T08:37:58+0200 lvl=warn msg=GetBlockByNumer number=30
        t=2026-09-22T08:37:58+0200 lvl=warn msg=GetBlockByNumer number=31
        t=2026-09-22T08:37:58+0200 lvl=warn msg=GetBlockByNumer number=32
        t=2026-09-22T08:37:58+0200 lvl=warn msg=GetBlockByNumer number=33
        t=2026-09-22T08:37:58+0200 lvl=warn msg=GetBlockByNumer number=34
        t=2026-09-22T08:37:58+0200 lvl=warn msg=GetBlockByNumer number=35
        t=2026-09-22T08:37:58+0200 lvl=warn msg=GetBlockByNumer number=36
        t=2026-09-22T08:37:58+0200 lvl=warn msg=GetBlockByNumer number=37
        t=2026-09-22T08:37:58+0200 lvl=warn msg=GetBlockByNumer number=38
        t=2026-09-22T08:37:58+0200 lvl=warn msg=GetBlockByNumer number=39
        t=2026-09-22T08:37:58+0200 lvl=warn msg=GetBlockByNumer number=40
        t=2026-09-22T08:37:58+0200 lvl=warn msg=GetBlockByNumer number=41
        t=2026-09-22T08:37:58+0200 lvl=warn msg=GetBlockByNumer number=42
        t=2026-09-22T08:37:58+0200 lvl=warn msg=GetBlockByNumer number=43
        t=2026-09-22T08:37:58+0200 lvl=warn msg=GetBlockByNumer number=44
        t=2026-09-22T08:37:58+0200 lvl=warn msg=GetBlockByNumer number=45
        t=2026-09-22T08:37:58+0200 lvl=warn msg=GetBlockByNumer number=46
        t=2026-09-22T08:37:58+0200 lvl=warn msg=GetBlockByNumer number=47
        t=2026-09-22T08:37:58+0200 lvl=warn msg=GetBlockByNumer number=48
        t=2026-09-22T08:37:58+0200 lvl=warn msg=GetBlockByNumer number=49
        t=2026-09-22T08:37:58+0200 lvl=warn msg=GetBlockByNumer number=50
        t=2026-09-22T08:37:58+0200 lvl=warn msg=GetBlockByNumer number=51
        t=2026-09-22T08:37:58+0200 lvl=warn msg=GetBlockByNumer number=52
        t=2026-09-22T08:37:58+0200 lvl=warn msg=GetBlockByNumer number=53
        t=2026-09-22T08:37:58+0200 lvl=warn msg=GetBlockByNumer number=54
        t=2026-09-22T08:37:58+0200 lvl=warn msg=GetBlockByNumer number=55
        t=2026-09-22T08:37:58+0200 lvl=warn msg=GetBlockByNumer number=56
        t=2026-09-22T08:37:58+0200 lvl=warn msg=GetBlockByNumer number=57
        t=2026-09-22T08:37:58+0200 lvl=warn msg=GetBlockByNumer number=58
        t=2026-09-22T08:37:58+0200 lvl=warn msg=GetBlockByNumer number=59
        t=2026-09-22T08:37:58+0200 lvl=warn msg=GetBlockByNumer number=60
        t=2026-09-22T08:37:58+0200 lvl=warn msg=GetBlockByNumer number=61
        t=2026-09-22T08:37:58+0200 lvl=warn msg=GetBlockByNumer number=62
        t=2026-09-22T08:37:58+0200 lvl=warn msg=GetBlockByNumer number=63
        t=2026-09-22T08:37:58+0200 lvl=warn msg="Failed to load snapshot, regenerating" err="missing or corrupted snapshot journal"
        t=2026-09-22T08:37:58+0200 lvl=warn msg=GetBlockByNumer                         number=1
        t=2026-09-22T08:38:19+0200 lvl=warn msg=GetBlockByNumer                         number=1
        t=2026-09-22T08:38:19+0200 lvl=warn msg=GetBlockByNumer                         number=63
        t=2026-09-22T08:38:19+0200 lvl=warn msg=GetBlockByNumer                         number=1
        t=2026-09-22T08:38:19+0200 lvl=eror msg=Connect                                 Could not connect to=127.0.0.1:41299 error="CRYPTO_ERROR 0x150 (remote): tls: internal error"
        t=2026-09-22T08:38:19+0200 lvl=eror msg=Connect                                 Could not connect to=127.0.0.1:58506 error="CRYPTO_ERROR 0x150 (remote): tls: internal error"
        t=2026-09-22T08:38:19+0200 lvl=eror msg=Connect                                 Could not connect to=127.0.0.1:48722 error="CRYPTO_ERROR 0x150 (remote): tls: internal error"
        t=2026-09-22T08:38:19+0200 lvl=eror msg=Connect                                 Could not connect to=127.0.0.1:52869 error="CRYPTO_ERROR 0x150 (remote): tls: internal error"
        t=2026-09-22T08:38:19+0200 lvl=eror msg=Connect                                 Could not connect to=127.0.0.1:41299 error="CRYPTO_ERROR 0x150 (remote): tls: internal error"
        t=2026-09-22T08:38:19+0200 lvl=warn msg=SendRawData                             couldn't send to=127.0.0.1:41299 error="CRYPTO_ERROR 0x150 (remote): tls: internal error"
        t=2026-09-22T08:38:19+0200 lvl=eror msg=Connect                                 Could not connect to=127.0.0.1:46372 error="CRYPTO_ERROR 0x150 (remote): tls: internal error"
        t=2026-09-22T08:38:19+0200 lvl=eror msg=Connect                                 Could not connect to=127.0.0.1:51703 error="CRYPTO_ERROR 0x150 (remote): tls: internal error"
        t=2026-09-22T08:38:19+0200 lvl=eror msg=Connect                                 Could not connect to=127.0.0.1:41299 error="CRYPTO_ERROR 0x150 (remote): tls: internal error"
        t=2026-09-22T08:38:19+0200 lvl=warn msg=SendRawData                             couldn't send to=127.0.0.1:41299 error="CRYPTO_ERROR 0x150 (remote): tls: internal error"
        t=2026-09-22T08:38:19+0200 lvl=eror msg=Connect                                 Could not connect to=127.0.0.1:41299 error="CRYPTO_ERROR 0x150 (remote): tls: internal error"
        t=2026-09-22T08:38:19+0200 lvl=warn msg=SendRawData                             couldn't send to=127.0.0.1:41299 error="CRYPTO_ERROR 0x150 (remote): tls: internal error"
        t=2026-09-22T08:38:19+0200 lvl=eror msg=Connect                                 Could not connect to=127.0.0.1:41299 error="CRYPTO_ERROR 0x150 (remote): tls: internal error"
        t=2026-09-22T08:38:19+0200 lvl=warn msg=SendRawData                             couldn't send to=127.0.0.1:41299 error="CRYPTO_ERROR 0x150 (remote): tls: internal error"
        t=2026-09-22T08:38:19+0200 lvl=eror msg=Connect                                 Could not connect to=127.0.0.1:41299 error="CRYPTO_ERROR 0x150 (remote): tls: internal error"
        t=2026-09-22T08:38:19+0200 lvl=warn msg=SendRawData                             couldn't send to=127.0.0.1:41299 error="CRYPTO_ERROR 0x150 (remote): tls: internal error"
        t=2026-09-22T08:38:20+0200 lvl=warn msg=GetBlockByNumer                         number=1
        t=2026-09-22T08:38:20+0200 lvl=warn msg=GetBlockByNumer                         number=1
        t=2026-09-22T08:38:20+0200 lvl=warn msg=GetBlockByNumer                         number=63
        t=2026-09-22T08:38:20+0200 lvl=warn msg=GetBlockByNumer                         number=1
        t=2026-09-22T08:38:20+0200 lvl=warn msg=GetBlockByNumer                         number=63
        t=2026-09-22T08:38:20+0200 lvl=warn msg=GetBlockByNumer                         number=63
        t=2026-09-22T08:38:20+0200 lvl=warn msg=GetBlockByNumer                         number=63
        t=2026-09-22T08:38:20+0200 lvl=warn msg=GetBlockByNumer                         number=63
        t=2026-09-22T08:38:20+0200 lvl=warn msg=GetBlockByNumer                         number=63
        t=2026-09-22T08:38:20+0200 lvl=warn msg=GetBlockByNumer                         number=63
        t=2026-09-22T08:38:20+0200 lvl=warn msg=GetBlockByNumer                         number=63
        t=2026-09-22T08:38:20+0200 lvl=warn msg=GetBlockByNumer                         number=63
        t=2026-09-22T08:38:20+0200 lvl=warn msg=GetBlockByNumer                         number=63
        t=2026-09-22T08:38:20+0200 lvl=warn msg=GetBlockByNumer                         number=63
        t=2026-09-22T08:38:20+0200 lvl=warn msg=GetBlockByNumer                         number=63
        t=2026-09-22T08:38:20+0200 lvl=warn msg=GetBlockByNumer                         number=63
        t=2026-09-22T08:38:20+0200 lvl=warn msg=GetBlockByNumer                         number=63
        t=2026-09-22T08:38:20+0200 lvl=warn msg=GetBlockByNumer                         number=63
        t=2026-09-22T08:38:20+0200 lvl=warn msg=GetBlockByNumer                         number=63
        t=2026-09-22T08:38:20+0200 lvl=warn msg=GetBlockByNumer                         number=63
        t=2026-09-22T08:38:24+0200 lvl=warn msg="HOTSTUFF RECOVERY resend NewView"      number=65 viewID=0x42fa11eb9f84699570830017f9784cf16db669176da7a9cc7bb42e705552803a to=127.0.0.1:41299
    fhs_process_recovery_test.go:225: validator 937168 complete log: /tmp/fhs-process-failure-2321614443.log
    fhs_process_recovery_test.go:230: validator 937168 log tail:
        t=2026-09-22T08:37:02+0200 lvl=warn msg=GetBlockByNumer number=0
        t=2026-09-22T08:37:02+0200 lvl=warn msg=GetBlockByNumer number=1
        t=2026-09-22T08:37:02+0200 lvl=warn msg=GetBlockByNumer number=2
        t=2026-09-22T08:37:02+0200 lvl=warn msg=GetBlockByNumer number=3
        t=2026-09-22T08:37:02+0200 lvl=warn msg=GetBlockByNumer number=4
        t=2026-09-22T08:37:02+0200 lvl=warn msg=GetBlockByNumer number=5
        t=2026-09-22T08:37:02+0200 lvl=warn msg=GetBlockByNumer number=6
        t=2026-09-22T08:37:02+0200 lvl=warn msg=GetBlockByNumer number=7
        t=2026-09-22T08:37:02+0200 lvl=warn msg=GetBlockByNumer number=8
        t=2026-09-22T08:37:02+0200 lvl=warn msg=GetBlockByNumer number=9
        t=2026-09-22T08:37:02+0200 lvl=warn msg=GetBlockByNumer number=10
        t=2026-09-22T08:37:02+0200 lvl=warn msg=GetBlockByNumer number=11
        t=2026-09-22T08:37:02+0200 lvl=warn msg=GetBlockByNumer number=12
        t=2026-09-22T08:37:02+0200 lvl=warn msg=GetBlockByNumer number=13
        t=2026-09-22T08:37:02+0200 lvl=warn msg=GetBlockByNumer number=14
        t=2026-09-22T08:37:02+0200 lvl=warn msg=GetBlockByNumer number=15
        t=2026-09-22T08:37:02+0200 lvl=warn msg=GetBlockByNumer number=16
        t=2026-09-22T08:37:02+0200 lvl=warn msg=GetBlockByNumer number=17
        t=2026-09-22T08:37:02+0200 lvl=warn msg=GetBlockByNumer number=18
        t=2026-09-22T08:37:02+0200 lvl=warn msg=GetBlockByNumer number=19
        t=2026-09-22T08:37:02+0200 lvl=warn msg=GetBlockByNumer number=20
        t=2026-09-22T08:37:02+0200 lvl=warn msg=GetBlockByNumer number=21
        t=2026-09-22T08:37:02+0200 lvl=warn msg=GetBlockByNumer number=22
        t=2026-09-22T08:37:02+0200 lvl=warn msg=GetBlockByNumer number=23
        t=2026-09-22T08:37:02+0200 lvl=warn msg=GetBlockByNumer number=24
        t=2026-09-22T08:37:02+0200 lvl=warn msg=GetBlockByNumer number=25
        t=2026-09-22T08:37:02+0200 lvl=warn msg=GetBlockByNumer number=26
        t=2026-09-22T08:37:02+0200 lvl=warn msg=GetBlockByNumer number=27
        t=2026-09-22T08:37:02+0200 lvl=warn msg=GetBlockByNumer number=28
        t=2026-09-22T08:37:02+0200 lvl=warn msg=GetBlockByNumer number=29
        t=2026-09-22T08:37:02+0200 lvl=warn msg=GetBlockByNumer number=30
        t=2026-09-22T08:37:02+0200 lvl=warn msg=GetBlockByNumer number=31
        t=2026-09-22T08:37:02+0200 lvl=warn msg=GetBlockByNumer number=32
        t=2026-09-22T08:37:02+0200 lvl=warn msg=GetBlockByNumer number=33
        t=2026-09-22T08:37:02+0200 lvl=warn msg=GetBlockByNumer number=34
        t=2026-09-22T08:37:02+0200 lvl=warn msg=GetBlockByNumer number=35
        t=2026-09-22T08:37:02+0200 lvl=warn msg=GetBlockByNumer number=36
        t=2026-09-22T08:37:02+0200 lvl=warn msg=GetBlockByNumer number=37
        t=2026-09-22T08:37:02+0200 lvl=warn msg=GetBlockByNumer number=38
        t=2026-09-22T08:37:02+0200 lvl=warn msg=GetBlockByNumer number=39
        t=2026-09-22T08:37:02+0200 lvl=warn msg=GetBlockByNumer number=40
        t=2026-09-22T08:37:02+0200 lvl=warn msg=GetBlockByNumer number=41
        t=2026-09-22T08:37:02+0200 lvl=warn msg=GetBlockByNumer number=42
        t=2026-09-22T08:37:02+0200 lvl=warn msg=GetBlockByNumer number=43
        t=2026-09-22T08:37:02+0200 lvl=warn msg=GetBlockByNumer number=44
        t=2026-09-22T08:37:02+0200 lvl=warn msg=GetBlockByNumer number=45
        t=2026-09-22T08:37:02+0200 lvl=warn msg=GetBlockByNumer number=46
        t=2026-09-22T08:37:02+0200 lvl=warn msg=GetBlockByNumer number=47
        t=2026-09-22T08:37:02+0200 lvl=warn msg=GetBlockByNumer number=1
        t=2026-09-22T08:37:02+0200 lvl=warn msg=GetBlockByNumer number=2
        t=2026-09-22T08:37:02+0200 lvl=warn msg=GetBlockByNumer number=3
        t=2026-09-22T08:37:02+0200 lvl=warn msg=GetBlockByNumer number=4
        t=2026-09-22T08:37:02+0200 lvl=warn msg=GetBlockByNumer number=5
        t=2026-09-22T08:37:02+0200 lvl=warn msg=GetBlockByNumer number=6
        t=2026-09-22T08:37:02+0200 lvl=warn msg=GetBlockByNumer number=7
        t=2026-09-22T08:37:02+0200 lvl=warn msg=GetBlockByNumer number=8
        t=2026-09-22T08:37:02+0200 lvl=warn msg=GetBlockByNumer number=9
        t=2026-09-22T08:37:02+0200 lvl=warn msg=GetBlockByNumer number=10
        t=2026-09-22T08:37:02+0200 lvl=warn msg=GetBlockByNumer number=11
        t=2026-09-22T08:37:02+0200 lvl=warn msg=GetBlockByNumer number=12
        t=2026-09-22T08:37:02+0200 lvl=warn msg=GetBlockByNumer number=13
        t=2026-09-22T08:37:02+0200 lvl=warn msg=GetBlockByNumer number=14
        t=2026-09-22T08:37:02+0200 lvl=warn msg=GetBlockByNumer number=15
        t=2026-09-22T08:37:02+0200 lvl=warn msg=GetBlockByNumer number=16
        t=2026-09-22T08:37:02+0200 lvl=warn msg=GetBlockByNumer number=17
        t=2026-09-22T08:37:02+0200 lvl=warn msg=GetBlockByNumer number=18
        t=2026-09-22T08:37:02+0200 lvl=warn msg=GetBlockByNumer number=19
        t=2026-09-22T08:37:02+0200 lvl=warn msg=GetBlockByNumer number=20
        t=2026-09-22T08:37:02+0200 lvl=warn msg=GetBlockByNumer number=21
        t=2026-09-22T08:37:02+0200 lvl=warn msg=GetBlockByNumer number=22
        t=2026-09-22T08:37:02+0200 lvl=warn msg=GetBlockByNumer number=23
        t=2026-09-22T08:37:02+0200 lvl=warn msg=GetBlockByNumer number=24
        t=2026-09-22T08:37:02+0200 lvl=warn msg=GetBlockByNumer number=25
        t=2026-09-22T08:37:02+0200 lvl=warn msg=GetBlockByNumer number=26
        t=2026-09-22T08:37:02+0200 lvl=warn msg=GetBlockByNumer number=27
        t=2026-09-22T08:37:02+0200 lvl=warn msg=GetBlockByNumer number=28
        t=2026-09-22T08:37:02+0200 lvl=warn msg=GetBlockByNumer number=29
        t=2026-09-22T08:37:02+0200 lvl=warn msg=GetBlockByNumer number=30
        t=2026-09-22T08:37:02+0200 lvl=warn msg=GetBlockByNumer number=31
        t=2026-09-22T08:37:02+0200 lvl=warn msg=GetBlockByNumer number=32
        t=2026-09-22T08:37:02+0200 lvl=warn msg=GetBlockByNumer number=33
        t=2026-09-22T08:37:02+0200 lvl=warn msg=GetBlockByNumer number=34
        t=2026-09-22T08:37:02+0200 lvl=warn msg=GetBlockByNumer number=35
        t=2026-09-22T08:37:02+0200 lvl=warn msg=GetBlockByNumer number=36
        t=2026-09-22T08:37:02+0200 lvl=warn msg=GetBlockByNumer number=37
        t=2026-09-22T08:37:02+0200 lvl=warn msg=GetBlockByNumer number=38
        t=2026-09-22T08:37:02+0200 lvl=warn msg=GetBlockByNumer number=39
        t=2026-09-22T08:37:02+0200 lvl=warn msg=GetBlockByNumer number=40
        t=2026-09-22T08:37:02+0200 lvl=warn msg=GetBlockByNumer number=41
        t=2026-09-22T08:37:02+0200 lvl=warn msg=GetBlockByNumer number=42
        t=2026-09-22T08:37:02+0200 lvl=warn msg=GetBlockByNumer number=43
        t=2026-09-22T08:37:02+0200 lvl=warn msg=GetBlockByNumer number=44
        t=2026-09-22T08:37:02+0200 lvl=warn msg=GetBlockByNumer number=45
        t=2026-09-22T08:37:02+0200 lvl=warn msg=GetBlockByNumer number=46
        t=2026-09-22T08:37:02+0200 lvl=warn msg=GetBlockByNumer number=47
        t=2026-09-22T08:37:02+0200 lvl=warn msg="Failed to load snapshot, regenerating" err="missing or corrupted snapshot journal"
        t=2026-09-22T08:37:02+0200 lvl=warn msg=GetBlockByNumer                         number=1
        t=2026-09-22T08:37:03+0200 lvl=warn msg=GetBlockByNumer                         number=1
        t=2026-09-22T08:37:03+0200 lvl=warn msg=GetBlockByNumer                         number=47
        t=2026-09-22T08:37:03+0200 lvl=warn msg=GetBlockByNumer                         number=1
        t=2026-09-22T08:37:03+0200 lvl=warn msg=GetBlockByNumer                         number=1
        t=2026-09-22T08:37:03+0200 lvl=warn msg=GetBlockByNumer                         number=1
        t=2026-09-22T08:37:03+0200 lvl=warn msg=GetBlockByNumer                         number=47
        t=2026-09-22T08:37:03+0200 lvl=warn msg=GetBlockByNumer                         number=1
        t=2026-09-22T08:37:03+0200 lvl=warn msg=GetBlockByNumer                         number=47
        t=2026-09-22T08:37:08+0200 lvl=warn msg="HOTSTUFF RECOVERY resend NewView"      number=49 viewID=0x186aadaef4f9a796d4332aca30ecf2d875caefeffec8120019eeba144cd422ab to=127.0.0.1:41299
        t=2026-09-22T08:37:13+0200 lvl=warn msg="HOTSTUFF RECOVERY resend NewView"      number=49 viewID=0x186aadaef4f9a796d4332aca30ecf2d875caefeffec8120019eeba144cd422ab to=127.0.0.1:41299
        t=2026-09-22T08:37:18+0200 lvl=warn msg="HOTSTUFF RECOVERY resend NewView"      number=49 viewID=0x186aadaef4f9a796d4332aca30ecf2d875caefeffec8120019eeba144cd422ab to=127.0.0.1:41299
        t=2026-09-22T08:37:23+0200 lvl=warn msg="HOTSTUFF RECOVERY resend NewView"      number=49 viewID=0x186aadaef4f9a796d4332aca30ecf2d875caefeffec8120019eeba144cd422ab to=127.0.0.1:41299
        t=2026-09-22T08:37:28+0200 lvl=warn msg="HOTSTUFF RECOVERY resend NewView"      number=49 viewID=0x186aadaef4f9a796d4332aca30ecf2d875caefeffec8120019eeba144cd422ab to=127.0.0.1:41299
        t=2026-09-22T08:37:33+0200 lvl=warn msg="HOTSTUFF RECOVERY resend NewView"      number=49 viewID=0x186aadaef4f9a796d4332aca30ecf2d875caefeffec8120019eeba144cd422ab to=127.0.0.1:41299
        t=2026-09-22T08:37:38+0200 lvl=warn msg="HOTSTUFF RECOVERY resend NewView"      number=49 viewID=0x186aadaef4f9a796d4332aca30ecf2d875caefeffec8120019eeba144cd422ab to=127.0.0.1:41299
        t=2026-09-22T08:37:43+0200 lvl=warn msg="HOTSTUFF RECOVERY resend NewView"      number=49 viewID=0x186aadaef4f9a796d4332aca30ecf2d875caefeffec8120019eeba144cd422ab to=127.0.0.1:41299
        t=2026-09-22T08:37:46+0200 lvl=info msg="HOTSTUFF PROPOSAL MANIFEST stored"     from=127.0.0.1:41299 number=49 proposalID=0x33fc93baffd9427027ff9ea8b427b4ce4a6597127ec6337080b13e0cfaa550ec manifestBytes=1219 missing=0 bodyBytes=1557
        t=2026-09-22T08:37:47+0200 lvl=info msg="HOTSTUFF PROPOSAL MANIFEST stored"     from=127.0.0.1:41299 number=50 proposalID=0xa50d2a3a7b256946df0936bb221d092435febcc19510dc6734c556ad3f2a52ab manifestBytes=830  missing=0 bodyBytes=830
        t=2026-09-22T08:37:47+0200 lvl=info msg="HOTSTUFF PROPOSAL MANIFEST stored"     from=127.0.0.1:52869 number=51 proposalID=0xfe989dfe2a4ab6f29602f43b934ffbc10641689c9c96656128620ef458543325 manifestBytes=1219 missing=1 bodyBytes=1653
        t=2026-09-22T08:37:48+0200 lvl=eror msg="OnPropose wait proposal body"          number=51 proposalID=0xfe989dfe2a4ab6f29602f43b934ffbc10641689c9c96656128620ef458543325 err="hotstuff view state too old"
        t=2026-09-22T08:37:48+0200 lvl=warn msg="HOTSTUFF PROPOSAL MANIFEST authority rejected" from=127.0.0.1:41299 leader=127.0.0.1:41299 number=52 proposalID=0xfb3c2e15d95d253d9f80e91832b0583d8a5d5cf711703f33bb4201ef8fb3dbb1 err="proposal manifest does not match the current deterministic leader route: manifest key committee is already canonical but is not the current route"
        t=2026-09-22T08:37:48+0200 lvl=info msg="HOTSTUFF PROPOSAL REPAIR REQUEST"      to=127.0.0.1:41299 number=52 proposalID=0xfb3c2e15d95d253d9f80e91832b0583d8a5d5cf711703f33bb4201ef8fb3dbb1 missing=0 attempt=0
        t=2026-09-22T08:37:48+0200 lvl=info msg="HOTSTUFF PROPOSAL MANIFEST stored"     from=127.0.0.1:41299 number=52 proposalID=0xfb3c2e15d95d253d9f80e91832b0583d8a5d5cf711703f33bb4201ef8fb3dbb1 manifestBytes=830  missing=0 bodyBytes=830
        t=2026-09-22T08:37:48+0200 lvl=info msg="HOTSTUFF PROPOSAL MANIFEST stored"     from=127.0.0.1:46372 number=53 proposalID=0x4dfce70862559fad52ad9c8ea0cf37a118d9a448e2ac82bda38a741c6374306e manifestBytes=1219 missing=1 bodyBytes=1653
        t=2026-09-22T08:37:49+0200 lvl=info msg="HOTSTUFF PROPOSAL MANIFEST stored"     from=127.0.0.1:51703 number=54 proposalID=0x9b637be26b46a134aa87baa8212eca9d01bd2eca7c825acd9ead91a66a4307b3 manifestBytes=830  missing=0 bodyBytes=830
        t=2026-09-22T08:37:49+0200 lvl=info msg="HOTSTUFF PROPOSAL MANIFEST stored"     from=127.0.0.1:51703 number=55 proposalID=0x87818601637f8bbd1bb1269a4c0b3b24ce5d4c51ec1b4c411313fb2c1dde0f9d manifestBytes=1219 missing=0 bodyBytes=1653
        t=2026-09-22T08:37:50+0200 lvl=info msg="HOTSTUFF PROPOSAL MANIFEST stored"     from=127.0.0.1:52869 number=56 proposalID=0x37146efcf5123b2ff50f0fd6b7bc520cbf7ea0721fe5ff9d065ea9505336dbf8 manifestBytes=830  missing=0 bodyBytes=830
        t=2026-09-22T08:37:50+0200 lvl=warn msg="HandleConn drops connection: closed"   address=127.0.0.1:58506 remot=127.0.0.1:52869
        t=2026-09-22T08:37:50+0200 lvl=info msg="HOTSTUFF PROPOSAL MANIFEST stored"     from=127.0.0.1:38817 number=57 proposalID=0xda6cd7ad41765ed5fd83e1dccbe1fd3faf317ed2082bdc2c2005fba7af73293b manifestBytes=1219 missing=0 bodyBytes=1653
        t=2026-09-22T08:37:50+0200 lvl=info msg="HOTSTUFF PROPOSAL REF"                 number=58 viewID=0x5e83a790f2e37ada7bd9e499e7052422348dfd8710df8ce2f27761bda1378669 proposalID=0x5db6cdcf05128684d2516e17f6146a1388b66bfb62f3ce4908921c0b595718db blockHash=0x5714dd49afcd525a42b3f0540240a1b10f52fe06be62145c8ab71b59a388cb9a bodyHash=0x27853af3e6bb42a6c3c79c37ddc05914d65c6264d9614172ef47617f0ceae7c1 bodySize=830 refBytes=439
        t=2026-09-22T08:37:50+0200 lvl=warn msg="Send msg try again"                    address=[::]:58506      Couldn't send to=127.0.0.1:51703 error="Operation Canceled"
        t=2026-09-22T08:37:50+0200 lvl=eror msg=CloseConnect                            =[::]:58506 having error closing conn to=127.0.0.1:48579 error="Connection Closed"
        t=2026-09-22T08:37:51+0200 lvl=info msg="HOTSTUFF PROPOSAL MANIFEST stored"     from=127.0.0.1:52869 number=59 proposalID=0x7552d763947f3fa4846bae7f2ddc4ca7b5013b3e7c3f3c8ecf538f68c2490874 manifestBytes=1219 missing=0 bodyBytes=1653
        t=2026-09-22T08:37:51+0200 lvl=info msg="HOTSTUFF PROPOSAL MANIFEST stored"     from=127.0.0.1:48722 number=60 proposalID=0xed3d234fe9dcaf7db03f93517fc2fe202a91529a8b991e98de5f1f0d0aaafea0 manifestBytes=830  missing=0 bodyBytes=830
        t=2026-09-22T08:37:51+0200 lvl=warn msg="HandleConn drops connection: closed"   address=127.0.0.1:58506 remot=127.0.0.1:48722
        t=2026-09-22T08:37:51+0200 lvl=info msg="HOTSTUFF PROPOSAL MANIFEST stored"     from=127.0.0.1:48722 number=60 proposalID=0xed3d234fe9dcaf7db03f93517fc2fe202a91529a8b991e98de5f1f0d0aaafea0 manifestBytes=830  missing=0 bodyBytes=830
        t=2026-09-22T08:37:52+0200 lvl=info msg="HOTSTUFF PROPOSAL MANIFEST stored"     from=127.0.0.1:52869 number=61 proposalID=0xe39d1e0245852b35bfbab19e98afb4cdfffe65d1acf9d346923071e7d4bf72f1 manifestBytes=1219 missing=0 bodyBytes=1653
        t=2026-09-22T08:37:52+0200 lvl=info msg="HOTSTUFF PROPOSAL MANIFEST stored"     from=127.0.0.1:51703 number=62 proposalID=0x5059d548f692d06218029276392fa420bb6b8fe27a32dcfac1d3c64fd113348f manifestBytes=830  missing=0 bodyBytes=830
        t=2026-09-22T08:37:53+0200 lvl=info msg="HOTSTUFF PROPOSAL MANIFEST stored"     from=127.0.0.1:52869 number=63 proposalID=0x545cbbf9f513cfae35c2c354e0c91ba015ce0a7170dfc5a4bdb084344d8bb481 manifestBytes=1219 missing=1 bodyBytes=1653
        t=2026-09-22T08:37:53+0200 lvl=eror msg="OnPropose wait proposal body"          number=63 proposalID=0x545cbbf9f513cfae35c2c354e0c91ba015ce0a7170dfc5a4bdb084344d8bb481 err="hotstuff view state too old"
        t=2026-09-22T08:37:53+0200 lvl=warn msg="HOTSTUFF PROPOSAL MANIFEST authority rejected" from=127.0.0.1:48722 leader=127.0.0.1:48722 number=64 proposalID=0x455735c3462fc8f4212181e0df0806fd1124346abe13ff068ad61327362382d4 err="proposal manifest does not match the current deterministic leader route: manifest key committee is already canonical but is not the current route"
        t=2026-09-22T08:37:53+0200 lvl=info msg="HOTSTUFF PROPOSAL REPAIR REQUEST"      to=127.0.0.1:48722 number=64 proposalID=0x455735c3462fc8f4212181e0df0806fd1124346abe13ff068ad61327362382d4 missing=0 attempt=0
        t=2026-09-22T08:37:53+0200 lvl=info msg="HOTSTUFF PROPOSAL MANIFEST stored"     from=127.0.0.1:48722 number=64 proposalID=0x455735c3462fc8f4212181e0df0806fd1124346abe13ff068ad61327362382d4 manifestBytes=830  missing=0 bodyBytes=830
        t=2026-09-22T08:37:53+0200 lvl=warn msg=GetBlockByNumer                         number=1
        t=2026-09-22T08:37:53+0200 lvl=warn msg=GetBlockByNumer                         number=63
        t=2026-09-22T08:37:53+0200 lvl=warn msg=GetBlockByNumer                         number=1
        t=2026-09-22T08:37:53+0200 lvl=warn msg=GetBlockByNumer                         number=63
        t=2026-09-22T08:37:54+0200 lvl=warn msg=GetBlockByNumer                         number=1
        t=2026-09-22T08:37:54+0200 lvl=warn msg=GetBlockByNumer                         number=63
    fhs_process_recovery_test.go:225: validator 937018 complete log: /tmp/fhs-process-failure-2027217358.log
    fhs_process_recovery_test.go:230: validator 937018 log tail:
        t=2026-09-22T08:36:58+0200 lvl=warn msg=GetBlockByNumer number=0
        t=2026-09-22T08:36:58+0200 lvl=warn msg=GetBlockByNumer number=1
        t=2026-09-22T08:36:58+0200 lvl=warn msg=GetBlockByNumer number=2
        t=2026-09-22T08:36:58+0200 lvl=warn msg=GetBlockByNumer number=3
        t=2026-09-22T08:36:58+0200 lvl=warn msg=GetBlockByNumer number=4
        t=2026-09-22T08:36:58+0200 lvl=warn msg=GetBlockByNumer number=5
        t=2026-09-22T08:36:58+0200 lvl=warn msg=GetBlockByNumer number=6
        t=2026-09-22T08:36:58+0200 lvl=warn msg=GetBlockByNumer number=7
        t=2026-09-22T08:36:58+0200 lvl=warn msg=GetBlockByNumer number=8
        t=2026-09-22T08:36:58+0200 lvl=warn msg=GetBlockByNumer number=9
        t=2026-09-22T08:36:58+0200 lvl=warn msg=GetBlockByNumer number=10
        t=2026-09-22T08:36:58+0200 lvl=warn msg=GetBlockByNumer number=11
        t=2026-09-22T08:36:58+0200 lvl=warn msg=GetBlockByNumer number=12
        t=2026-09-22T08:36:58+0200 lvl=warn msg=GetBlockByNumer number=13
        t=2026-09-22T08:36:58+0200 lvl=warn msg=GetBlockByNumer number=14
        t=2026-09-22T08:36:58+0200 lvl=warn msg=GetBlockByNumer number=15
        t=2026-09-22T08:36:58+0200 lvl=warn msg=GetBlockByNumer number=16
        t=2026-09-22T08:36:58+0200 lvl=warn msg=GetBlockByNumer number=17
        t=2026-09-22T08:36:58+0200 lvl=warn msg=GetBlockByNumer number=18
        t=2026-09-22T08:36:58+0200 lvl=warn msg=GetBlockByNumer number=19
        t=2026-09-22T08:36:58+0200 lvl=warn msg=GetBlockByNumer number=20
        t=2026-09-22T08:36:58+0200 lvl=warn msg=GetBlockByNumer number=21
        t=2026-09-22T08:36:58+0200 lvl=warn msg=GetBlockByNumer number=22
        t=2026-09-22T08:36:58+0200 lvl=warn msg=GetBlockByNumer number=23
        t=2026-09-22T08:36:58+0200 lvl=warn msg=GetBlockByNumer number=24
        t=2026-09-22T08:36:58+0200 lvl=warn msg=GetBlockByNumer number=25
        t=2026-09-22T08:36:58+0200 lvl=warn msg=GetBlockByNumer number=26
        t=2026-09-22T08:36:58+0200 lvl=warn msg=GetBlockByNumer number=27
        t=2026-09-22T08:36:58+0200 lvl=warn msg=GetBlockByNumer number=28
        t=2026-09-22T08:36:58+0200 lvl=warn msg=GetBlockByNumer number=29
        t=2026-09-22T08:36:58+0200 lvl=warn msg=GetBlockByNumer number=30
        t=2026-09-22T08:36:58+0200 lvl=warn msg=GetBlockByNumer number=31
        t=2026-09-22T08:36:58+0200 lvl=warn msg=GetBlockByNumer number=32
        t=2026-09-22T08:36:58+0200 lvl=warn msg=GetBlockByNumer number=33
        t=2026-09-22T08:36:58+0200 lvl=warn msg=GetBlockByNumer number=34
        t=2026-09-22T08:36:58+0200 lvl=warn msg=GetBlockByNumer number=35
        t=2026-09-22T08:36:58+0200 lvl=warn msg=GetBlockByNumer number=36
        t=2026-09-22T08:36:58+0200 lvl=warn msg=GetBlockByNumer number=37
        t=2026-09-22T08:36:58+0200 lvl=warn msg=GetBlockByNumer number=38
        t=2026-09-22T08:36:58+0200 lvl=warn msg=GetBlockByNumer number=39
        t=2026-09-22T08:36:58+0200 lvl=warn msg=GetBlockByNumer number=40
        t=2026-09-22T08:36:58+0200 lvl=warn msg=GetBlockByNumer number=41
        t=2026-09-22T08:36:58+0200 lvl=warn msg=GetBlockByNumer number=42
        t=2026-09-22T08:36:58+0200 lvl=warn msg=GetBlockByNumer number=43
        t=2026-09-22T08:36:58+0200 lvl=warn msg=GetBlockByNumer number=44
        t=2026-09-22T08:36:58+0200 lvl=warn msg=GetBlockByNumer number=45
        t=2026-09-22T08:36:58+0200 lvl=warn msg=GetBlockByNumer number=46
        t=2026-09-22T08:36:58+0200 lvl=warn msg=GetBlockByNumer number=47
        t=2026-09-22T08:36:58+0200 lvl=warn msg=GetBlockByNumer number=1
        t=2026-09-22T08:36:58+0200 lvl=warn msg=GetBlockByNumer number=2
        t=2026-09-22T08:36:58+0200 lvl=warn msg=GetBlockByNumer number=3
        t=2026-09-22T08:36:58+0200 lvl=warn msg=GetBlockByNumer number=4
        t=2026-09-22T08:36:58+0200 lvl=warn msg=GetBlockByNumer number=5
        t=2026-09-22T08:36:58+0200 lvl=warn msg=GetBlockByNumer number=6
        t=2026-09-22T08:36:58+0200 lvl=warn msg=GetBlockByNumer number=7
        t=2026-09-22T08:36:58+0200 lvl=warn msg=GetBlockByNumer number=8
        t=2026-09-22T08:36:58+0200 lvl=warn msg=GetBlockByNumer number=9
        t=2026-09-22T08:36:58+0200 lvl=warn msg=GetBlockByNumer number=10
        t=2026-09-22T08:36:58+0200 lvl=warn msg=GetBlockByNumer number=11
        t=2026-09-22T08:36:58+0200 lvl=warn msg=GetBlockByNumer number=12
        t=2026-09-22T08:36:58+0200 lvl=warn msg=GetBlockByNumer number=13
        t=2026-09-22T08:36:58+0200 lvl=warn msg=GetBlockByNumer number=14
        t=2026-09-22T08:36:58+0200 lvl=warn msg=GetBlockByNumer number=15
        t=2026-09-22T08:36:58+0200 lvl=warn msg=GetBlockByNumer number=16
        t=2026-09-22T08:36:58+0200 lvl=warn msg=GetBlockByNumer number=17
        t=2026-09-22T08:36:58+0200 lvl=warn msg=GetBlockByNumer number=18
        t=2026-09-22T08:36:58+0200 lvl=warn msg=GetBlockByNumer number=19
        t=2026-09-22T08:36:58+0200 lvl=warn msg=GetBlockByNumer number=20
        t=2026-09-22T08:36:58+0200 lvl=warn msg=GetBlockByNumer number=21
        t=2026-09-22T08:36:58+0200 lvl=warn msg=GetBlockByNumer number=22
        t=2026-09-22T08:36:58+0200 lvl=warn msg=GetBlockByNumer number=23
        t=2026-09-22T08:36:58+0200 lvl=warn msg=GetBlockByNumer number=24
        t=2026-09-22T08:36:58+0200 lvl=warn msg=GetBlockByNumer number=25
        t=2026-09-22T08:36:58+0200 lvl=warn msg=GetBlockByNumer number=26
        t=2026-09-22T08:36:58+0200 lvl=warn msg=GetBlockByNumer number=27
        t=2026-09-22T08:36:58+0200 lvl=warn msg=GetBlockByNumer number=28
        t=2026-09-22T08:36:58+0200 lvl=warn msg=GetBlockByNumer number=29
        t=2026-09-22T08:36:58+0200 lvl=warn msg=GetBlockByNumer number=30
        t=2026-09-22T08:36:58+0200 lvl=warn msg=GetBlockByNumer number=31
        t=2026-09-22T08:36:58+0200 lvl=warn msg=GetBlockByNumer number=32
        t=2026-09-22T08:36:58+0200 lvl=warn msg=GetBlockByNumer number=33
        t=2026-09-22T08:36:58+0200 lvl=warn msg=GetBlockByNumer number=34
        t=2026-09-22T08:36:58+0200 lvl=warn msg=GetBlockByNumer number=35
        t=2026-09-22T08:36:58+0200 lvl=warn msg=GetBlockByNumer number=36
        t=2026-09-22T08:36:58+0200 lvl=warn msg=GetBlockByNumer number=37
        t=2026-09-22T08:36:58+0200 lvl=warn msg=GetBlockByNumer number=38
        t=2026-09-22T08:36:58+0200 lvl=warn msg=GetBlockByNumer number=39
        t=2026-09-22T08:36:58+0200 lvl=warn msg=GetBlockByNumer number=40
        t=2026-09-22T08:36:58+0200 lvl=warn msg=GetBlockByNumer number=41
        t=2026-09-22T08:36:58+0200 lvl=warn msg=GetBlockByNumer number=42
        t=2026-09-22T08:36:58+0200 lvl=warn msg=GetBlockByNumer number=43
        t=2026-09-22T08:36:58+0200 lvl=warn msg=GetBlockByNumer number=44
        t=2026-09-22T08:36:58+0200 lvl=warn msg=GetBlockByNumer number=45
        t=2026-09-22T08:36:58+0200 lvl=warn msg=GetBlockByNumer number=46
        t=2026-09-22T08:36:58+0200 lvl=warn msg=GetBlockByNumer number=47
        t=2026-09-22T08:36:58+0200 lvl=warn msg="Failed to load snapshot, regenerating" err="missing or corrupted snapshot journal"
        t=2026-09-22T08:36:58+0200 lvl=warn msg=GetBlockByNumer                         number=1
        t=2026-09-22T08:37:03+0200 lvl=warn msg=GetBlockByNumer                         number=1
        t=2026-09-22T08:37:03+0200 lvl=warn msg=GetBlockByNumer                         number=47
        t=2026-09-22T08:37:03+0200 lvl=warn msg=GetBlockByNumer                         number=1
        t=2026-09-22T08:37:03+0200 lvl=warn msg=GetBlockByNumer                         number=1
        t=2026-09-22T08:37:03+0200 lvl=warn msg=GetBlockByNumer                         number=1
        t=2026-09-22T08:37:03+0200 lvl=warn msg=GetBlockByNumer                         number=47
        t=2026-09-22T08:37:03+0200 lvl=warn msg=GetBlockByNumer                         number=1
        t=2026-09-22T08:37:03+0200 lvl=warn msg=GetBlockByNumer                         number=47
        t=2026-09-22T08:37:08+0200 lvl=warn msg="HOTSTUFF RECOVERY resend NewView"      number=49 viewID=0x186aadaef4f9a796d4332aca30ecf2d875caefeffec8120019eeba144cd422ab to=127.0.0.1:41299
        t=2026-09-22T08:37:13+0200 lvl=warn msg="HOTSTUFF RECOVERY resend NewView"      number=49 viewID=0x186aadaef4f9a796d4332aca30ecf2d875caefeffec8120019eeba144cd422ab to=127.0.0.1:41299
        t=2026-09-22T08:37:18+0200 lvl=warn msg="HOTSTUFF RECOVERY resend NewView"      number=49 viewID=0x186aadaef4f9a796d4332aca30ecf2d875caefeffec8120019eeba144cd422ab to=127.0.0.1:41299
        t=2026-09-22T08:37:23+0200 lvl=warn msg="HOTSTUFF RECOVERY resend NewView"      number=49 viewID=0x186aadaef4f9a796d4332aca30ecf2d875caefeffec8120019eeba144cd422ab to=127.0.0.1:41299
        t=2026-09-22T08:37:28+0200 lvl=warn msg="HOTSTUFF RECOVERY resend NewView"      number=49 viewID=0x186aadaef4f9a796d4332aca30ecf2d875caefeffec8120019eeba144cd422ab to=127.0.0.1:41299
        t=2026-09-22T08:37:33+0200 lvl=warn msg="HOTSTUFF RECOVERY resend NewView"      number=49 viewID=0x186aadaef4f9a796d4332aca30ecf2d875caefeffec8120019eeba144cd422ab to=127.0.0.1:41299
        t=2026-09-22T08:37:38+0200 lvl=warn msg="HOTSTUFF RECOVERY resend NewView"      number=49 viewID=0x186aadaef4f9a796d4332aca30ecf2d875caefeffec8120019eeba144cd422ab to=127.0.0.1:41299
        t=2026-09-22T08:37:43+0200 lvl=warn msg="HOTSTUFF RECOVERY resend NewView"      number=49 viewID=0x186aadaef4f9a796d4332aca30ecf2d875caefeffec8120019eeba144cd422ab to=127.0.0.1:41299
        t=2026-09-22T08:37:46+0200 lvl=info msg="HOTSTUFF PROPOSAL MANIFEST stored"     from=127.0.0.1:41299 number=49 proposalID=0x33fc93baffd9427027ff9ea8b427b4ce4a6597127ec6337080b13e0cfaa550ec manifestBytes=1219 missing=1 bodyBytes=1557
        t=2026-09-22T08:37:47+0200 lvl=eror msg="OnPropose wait proposal body"          number=49 proposalID=0x33fc93baffd9427027ff9ea8b427b4ce4a6597127ec6337080b13e0cfaa550ec err="hotstuff view state too old"
        t=2026-09-22T08:37:47+0200 lvl=warn msg="HOTSTUFF PROPOSAL MANIFEST authority rejected" from=127.0.0.1:41299 leader=127.0.0.1:41299 number=50 proposalID=0xa50d2a3a7b256946df0936bb221d092435febcc19510dc6734c556ad3f2a52ab err="proposal manifest does not match the current deterministic leader route: manifest key committee is already canonical but is not the current route"
        t=2026-09-22T08:37:47+0200 lvl=info msg="HOTSTUFF PROPOSAL REPAIR REQUEST"      to=127.0.0.1:41299 number=50 proposalID=0xa50d2a3a7b256946df0936bb221d092435febcc19510dc6734c556ad3f2a52ab missing=0 attempt=0
        t=2026-09-22T08:37:47+0200 lvl=info msg="HOTSTUFF PROPOSAL MANIFEST stored"     from=127.0.0.1:41299 number=50 proposalID=0xa50d2a3a7b256946df0936bb221d092435febcc19510dc6734c556ad3f2a52ab manifestBytes=830  missing=0 bodyBytes=830
        t=2026-09-22T08:37:47+0200 lvl=info msg="HOTSTUFF PROPOSAL MANIFEST stored"     from=127.0.0.1:52869 number=51 proposalID=0xfe989dfe2a4ab6f29602f43b934ffbc10641689c9c96656128620ef458543325 manifestBytes=1219 missing=1 bodyBytes=1653
        t=2026-09-22T08:37:47+0200 lvl=eror msg="OnPropose wait proposal body"          number=51 proposalID=0xfe989dfe2a4ab6f29602f43b934ffbc10641689c9c96656128620ef458543325 err="hotstuff view state too old"
        t=2026-09-22T08:37:48+0200 lvl=warn msg="HOTSTUFF PROPOSAL MANIFEST authority rejected" from=127.0.0.1:41299 leader=127.0.0.1:41299 number=52 proposalID=0xfb3c2e15d95d253d9f80e91832b0583d8a5d5cf711703f33bb4201ef8fb3dbb1 err="proposal manifest does not match the current deterministic leader route: manifest key committee is already canonical but is not the current route"
        t=2026-09-22T08:37:48+0200 lvl=info msg="HOTSTUFF PROPOSAL REPAIR REQUEST"      to=127.0.0.1:41299 number=52 proposalID=0xfb3c2e15d95d253d9f80e91832b0583d8a5d5cf711703f33bb4201ef8fb3dbb1 missing=0 attempt=0
        t=2026-09-22T08:37:48+0200 lvl=info msg="HOTSTUFF PROPOSAL MANIFEST stored"     from=127.0.0.1:41299 number=52 proposalID=0xfb3c2e15d95d253d9f80e91832b0583d8a5d5cf711703f33bb4201ef8fb3dbb1 manifestBytes=830  missing=0 bodyBytes=830
        t=2026-09-22T08:37:48+0200 lvl=warn msg="HandleConn drops connection: closed"   address=127.0.0.1:51703 remot=127.0.0.1:46372
        t=2026-09-22T08:37:49+0200 lvl=info msg="HOTSTUFF PROPOSAL REPAIR REQUEST"      to=127.0.0.1:46372 number=53 proposalID=0x4dfce70862559fad52ad9c8ea0cf37a118d9a448e2ac82bda38a741c6374306e missing=0 attempt=0
        t=2026-09-22T08:37:49+0200 lvl=info msg="HOTSTUFF PROPOSAL MANIFEST stored"     from=127.0.0.1:46372 number=53 proposalID=0x4dfce70862559fad52ad9c8ea0cf37a118d9a448e2ac82bda38a741c6374306e manifestBytes=1219 missing=0 bodyBytes=1653
        t=2026-09-22T08:37:49+0200 lvl=info msg="HOTSTUFF PROPOSAL REF"                 number=54 viewID=0x985ff17b1671d046bd621d92361eaf1272444d7561552a76a244ec5820fc52c3 proposalID=0x9b637be26b46a134aa87baa8212eca9d01bd2eca7c825acd9ead91a66a4307b3 blockHash=0x3685538af656e74faf8dc244f8711cd3efc9ef66dd153fb71e24a398359e8467 bodyHash=0x668bd773be5f977abde102ef324c84f43b3226bbf6ef98940d678c5455c993b5 bodySize=830 refBytes=439
        t=2026-09-22T08:37:49+0200 lvl=info msg="HOTSTUFF PROPOSAL REF"                 number=55 viewID=0x5a751af6aa9f160b4d224ada8b572947616654a8170603653bf336cff6aa2ff4 proposalID=0x87818601637f8bbd1bb1269a4c0b3b24ce5d4c51ec1b4c411313fb2c1dde0f9d blockHash=0x8756bfb24e5671179cbb379ea4c7b870ae84fe6cdbcf61ed04779128088f12de bodyHash=0x4f372811cace2941fdd16571477fab6744e75d54382b66f4f0efaff240c6bce2 bodySize=1653 refBytes=442
        t=2026-09-22T08:37:50+0200 lvl=info msg="HOTSTUFF PROPOSAL MANIFEST stored"     from=127.0.0.1:52869 number=56 proposalID=0x37146efcf5123b2ff50f0fd6b7bc520cbf7ea0721fe5ff9d065ea9505336dbf8 manifestBytes=830  missing=0 bodyBytes=830
        t=2026-09-22T08:37:50+0200 lvl=info msg="HOTSTUFF PROPOSAL MANIFEST stored"     from=127.0.0.1:38817 number=57 proposalID=0xda6cd7ad41765ed5fd83e1dccbe1fd3faf317ed2082bdc2c2005fba7af73293b manifestBytes=1219 missing=0 bodyBytes=1653
        t=2026-09-22T08:37:50+0200 lvl=warn msg="HandleConn drops connection: closed"   address=127.0.0.1:51703 remot=127.0.0.1:58506
        t=2026-09-22T08:37:50+0200 lvl=info msg="HOTSTUFF PROPOSAL MANIFEST stored"     from=127.0.0.1:58506 number=58 proposalID=0x5db6cdcf05128684d2516e17f6146a1388b66bfb62f3ce4908921c0b595718db manifestBytes=830  missing=0 bodyBytes=830
        t=2026-09-22T08:37:51+0200 lvl=info msg="HOTSTUFF PROPOSAL MANIFEST stored"     from=127.0.0.1:52869 number=59 proposalID=0x7552d763947f3fa4846bae7f2ddc4ca7b5013b3e7c3f3c8ecf538f68c2490874 manifestBytes=1219 missing=0 bodyBytes=1653
        t=2026-09-22T08:37:51+0200 lvl=info msg="HOTSTUFF PROPOSAL MANIFEST stored"     from=127.0.0.1:48722 number=60 proposalID=0xed3d234fe9dcaf7db03f93517fc2fe202a91529a8b991e98de5f1f0d0aaafea0 manifestBytes=830  missing=0 bodyBytes=830
        t=2026-09-22T08:37:52+0200 lvl=info msg="HOTSTUFF PROPOSAL MANIFEST stored"     from=127.0.0.1:52869 number=61 proposalID=0xe39d1e0245852b35bfbab19e98afb4cdfffe65d1acf9d346923071e7d4bf72f1 manifestBytes=1219 missing=1 bodyBytes=1653
        t=2026-09-22T08:37:52+0200 lvl=eror msg="OnPropose wait proposal body"          number=61 proposalID=0xe39d1e0245852b35bfbab19e98afb4cdfffe65d1acf9d346923071e7d4bf72f1 err="hotstuff view state too old"
        t=2026-09-22T08:37:52+0200 lvl=warn msg="reject new-view before storage"        from=127.0.0.1:52869 viewID=0x48423774ba01d1da4a9d2a8716a8c3d921340af209b49237dcd4480a34294d17 err="hotstuff proposal validation pending"
        t=2026-09-22T08:37:52+0200 lvl=warn msg="reject new-view before storage"        from=127.0.0.1:58506 viewID=0x48423774ba01d1da4a9d2a8716a8c3d921340af209b49237dcd4480a34294d17 err="hotstuff proposal validation pending"
        t=2026-09-22T08:37:52+0200 lvl=warn msg="reject new-view before storage"        from=127.0.0.1:38817 viewID=0x48423774ba01d1da4a9d2a8716a8c3d921340af209b49237dcd4480a34294d17 err="hotstuff proposal validation pending"
        t=2026-09-22T08:37:52+0200 lvl=warn msg="reject new-view before storage"        from=127.0.0.1:48722 viewID=0x48423774ba01d1da4a9d2a8716a8c3d921340af209b49237dcd4480a34294d17 err="hotstuff proposal validation pending"
        t=2026-09-22T08:37:52+0200 lvl=warn msg="reject new-view before storage"        from=127.0.0.1:41299 viewID=0x48423774ba01d1da4a9d2a8716a8c3d921340af209b49237dcd4480a34294d17 err="hotstuff proposal validation pending"
        t=2026-09-22T08:37:52+0200 lvl=info msg="HOTSTUFF PROPOSAL REF"                 number=62 viewID=0x48423774ba01d1da4a9d2a8716a8c3d921340af209b49237dcd4480a34294d17 proposalID=0x5059d548f692d06218029276392fa420bb6b8fe27a32dcfac1d3c64fd113348f blockHash=0x207e40f71e45a761149dfdc23c5ef98aebda52fa0b950ac028c5c12483a00e2f bodyHash=0x9779c13f0e71208ed6c115a8408e62d379f107ae2efb518094c0d9018774b6fb bodySize=830  refBytes=439
        t=2026-09-22T08:37:53+0200 lvl=info msg="HOTSTUFF PROPOSAL MANIFEST stored"     from=127.0.0.1:52869 number=63 proposalID=0x545cbbf9f513cfae35c2c354e0c91ba015ce0a7170dfc5a4bdb084344d8bb481 manifestBytes=1219 missing=1 bodyBytes=1653
        t=2026-09-22T08:37:53+0200 lvl=eror msg="OnPropose wait proposal body"          number=63 proposalID=0x545cbbf9f513cfae35c2c354e0c91ba015ce0a7170dfc5a4bdb084344d8bb481 err="hotstuff view state too old"
        t=2026-09-22T08:37:53+0200 lvl=warn msg="HOTSTUFF PROPOSAL MANIFEST authority rejected" from=127.0.0.1:48722 leader=127.0.0.1:48722 number=64 proposalID=0x455735c3462fc8f4212181e0df0806fd1124346abe13ff068ad61327362382d4 err="proposal manifest does not match the current deterministic leader route: manifest key committee is already canonical but is not the current route"
        t=2026-09-22T08:37:53+0200 lvl=info msg="HOTSTUFF PROPOSAL REPAIR REQUEST"      to=127.0.0.1:48722 number=64 proposalID=0x455735c3462fc8f4212181e0df0806fd1124346abe13ff068ad61327362382d4 missing=0 attempt=0
        t=2026-09-22T08:37:53+0200 lvl=info msg="HOTSTUFF PROPOSAL MANIFEST stored"     from=127.0.0.1:48722 number=64 proposalID=0x455735c3462fc8f4212181e0df0806fd1124346abe13ff068ad61327362382d4 manifestBytes=830  missing=0 bodyBytes=830
        t=2026-09-22T08:37:53+0200 lvl=warn msg=GetBlockByNumer                         number=1
        t=2026-09-22T08:37:53+0200 lvl=warn msg=GetBlockByNumer                         number=63
        t=2026-09-22T08:37:53+0200 lvl=warn msg=GetBlockByNumer                         number=1
        t=2026-09-22T08:37:53+0200 lvl=warn msg=GetBlockByNumer                         number=63
        t=2026-09-22T08:37:54+0200 lvl=warn msg=GetBlockByNumer                         number=1
        t=2026-09-22T08:37:54+0200 lvl=warn msg=GetBlockByNumer                         number=63
    fhs_process_recovery_test.go:225: validator 936970 complete log: /tmp/fhs-process-failure-114449429.log
    fhs_process_recovery_test.go:230: validator 936970 log tail:
        t=2026-09-22T08:36:55+0200 lvl=warn msg=GetBlockByNumer number=0
        t=2026-09-22T08:36:55+0200 lvl=warn msg=GetBlockByNumer number=1
        t=2026-09-22T08:36:55+0200 lvl=warn msg=GetBlockByNumer number=2
        t=2026-09-22T08:36:55+0200 lvl=warn msg=GetBlockByNumer number=3
        t=2026-09-22T08:36:55+0200 lvl=warn msg=GetBlockByNumer number=4
        t=2026-09-22T08:36:55+0200 lvl=warn msg=GetBlockByNumer number=5
        t=2026-09-22T08:36:55+0200 lvl=warn msg=GetBlockByNumer number=6
        t=2026-09-22T08:36:55+0200 lvl=warn msg=GetBlockByNumer number=7
        t=2026-09-22T08:36:55+0200 lvl=warn msg=GetBlockByNumer number=8
        t=2026-09-22T08:36:55+0200 lvl=warn msg=GetBlockByNumer number=9
        t=2026-09-22T08:36:55+0200 lvl=warn msg=GetBlockByNumer number=10
        t=2026-09-22T08:36:55+0200 lvl=warn msg=GetBlockByNumer number=11
        t=2026-09-22T08:36:55+0200 lvl=warn msg=GetBlockByNumer number=12
        t=2026-09-22T08:36:55+0200 lvl=warn msg=GetBlockByNumer number=13
        t=2026-09-22T08:36:55+0200 lvl=warn msg=GetBlockByNumer number=14
        t=2026-09-22T08:36:55+0200 lvl=warn msg=GetBlockByNumer number=15
        t=2026-09-22T08:36:55+0200 lvl=warn msg=GetBlockByNumer number=16
        t=2026-09-22T08:36:55+0200 lvl=warn msg=GetBlockByNumer number=17
        t=2026-09-22T08:36:55+0200 lvl=warn msg=GetBlockByNumer number=18
        t=2026-09-22T08:36:55+0200 lvl=warn msg=GetBlockByNumer number=19
        t=2026-09-22T08:36:55+0200 lvl=warn msg=GetBlockByNumer number=20
        t=2026-09-22T08:36:55+0200 lvl=warn msg=GetBlockByNumer number=21
        t=2026-09-22T08:36:55+0200 lvl=warn msg=GetBlockByNumer number=22
        t=2026-09-22T08:36:55+0200 lvl=warn msg=GetBlockByNumer number=23
        t=2026-09-22T08:36:55+0200 lvl=warn msg=GetBlockByNumer number=24
        t=2026-09-22T08:36:55+0200 lvl=warn msg=GetBlockByNumer number=25
        t=2026-09-22T08:36:55+0200 lvl=warn msg=GetBlockByNumer number=26
        t=2026-09-22T08:36:55+0200 lvl=warn msg=GetBlockByNumer number=27
        t=2026-09-22T08:36:55+0200 lvl=warn msg=GetBlockByNumer number=28
        t=2026-09-22T08:36:55+0200 lvl=warn msg=GetBlockByNumer number=29
        t=2026-09-22T08:36:55+0200 lvl=warn msg=GetBlockByNumer number=30
        t=2026-09-22T08:36:55+0200 lvl=warn msg=GetBlockByNumer number=31
        t=2026-09-22T08:36:55+0200 lvl=warn msg=GetBlockByNumer number=32
        t=2026-09-22T08:36:55+0200 lvl=warn msg=GetBlockByNumer number=33
        t=2026-09-22T08:36:55+0200 lvl=warn msg=GetBlockByNumer number=34
        t=2026-09-22T08:36:55+0200 lvl=warn msg=GetBlockByNumer number=35
        t=2026-09-22T08:36:55+0200 lvl=warn msg=GetBlockByNumer number=36
        t=2026-09-22T08:36:55+0200 lvl=warn msg=GetBlockByNumer number=37
        t=2026-09-22T08:36:55+0200 lvl=warn msg=GetBlockByNumer number=38
        t=2026-09-22T08:36:55+0200 lvl=warn msg=GetBlockByNumer number=39
        t=2026-09-22T08:36:55+0200 lvl=warn msg=GetBlockByNumer number=40
        t=2026-09-22T08:36:55+0200 lvl=warn msg=GetBlockByNumer number=41
        t=2026-09-22T08:36:55+0200 lvl=warn msg=GetBlockByNumer number=42
        t=2026-09-22T08:36:55+0200 lvl=warn msg=GetBlockByNumer number=43
        t=2026-09-22T08:36:55+0200 lvl=warn msg=GetBlockByNumer number=44
        t=2026-09-22T08:36:55+0200 lvl=warn msg=GetBlockByNumer number=45
        t=2026-09-22T08:36:55+0200 lvl=warn msg=GetBlockByNumer number=46
        t=2026-09-22T08:36:55+0200 lvl=warn msg=GetBlockByNumer number=47
        t=2026-09-22T08:36:55+0200 lvl=warn msg=GetBlockByNumer number=1
        t=2026-09-22T08:36:55+0200 lvl=warn msg=GetBlockByNumer number=2
        t=2026-09-22T08:36:55+0200 lvl=warn msg=GetBlockByNumer number=3
        t=2026-09-22T08:36:55+0200 lvl=warn msg=GetBlockByNumer number=4
        t=2026-09-22T08:36:55+0200 lvl=warn msg=GetBlockByNumer number=5
        t=2026-09-22T08:36:55+0200 lvl=warn msg=GetBlockByNumer number=6
        t=2026-09-22T08:36:55+0200 lvl=warn msg=GetBlockByNumer number=7
        t=2026-09-22T08:36:55+0200 lvl=warn msg=GetBlockByNumer number=8
        t=2026-09-22T08:36:55+0200 lvl=warn msg=GetBlockByNumer number=9
        t=2026-09-22T08:36:55+0200 lvl=warn msg=GetBlockByNumer number=10
        t=2026-09-22T08:36:55+0200 lvl=warn msg=GetBlockByNumer number=11
        t=2026-09-22T08:36:55+0200 lvl=warn msg=GetBlockByNumer number=12
        t=2026-09-22T08:36:55+0200 lvl=warn msg=GetBlockByNumer number=13
        t=2026-09-22T08:36:55+0200 lvl=warn msg=GetBlockByNumer number=14
        t=2026-09-22T08:36:55+0200 lvl=warn msg=GetBlockByNumer number=15
        t=2026-09-22T08:36:55+0200 lvl=warn msg=GetBlockByNumer number=16
        t=2026-09-22T08:36:55+0200 lvl=warn msg=GetBlockByNumer number=17
        t=2026-09-22T08:36:55+0200 lvl=warn msg=GetBlockByNumer number=18
        t=2026-09-22T08:36:55+0200 lvl=warn msg=GetBlockByNumer number=19
        t=2026-09-22T08:36:55+0200 lvl=warn msg=GetBlockByNumer number=20
        t=2026-09-22T08:36:55+0200 lvl=warn msg=GetBlockByNumer number=21
        t=2026-09-22T08:36:55+0200 lvl=warn msg=GetBlockByNumer number=22
        t=2026-09-22T08:36:55+0200 lvl=warn msg=GetBlockByNumer number=23
        t=2026-09-22T08:36:55+0200 lvl=warn msg=GetBlockByNumer number=24
        t=2026-09-22T08:36:55+0200 lvl=warn msg=GetBlockByNumer number=25
        t=2026-09-22T08:36:55+0200 lvl=warn msg=GetBlockByNumer number=26
        t=2026-09-22T08:36:55+0200 lvl=warn msg=GetBlockByNumer number=27
        t=2026-09-22T08:36:55+0200 lvl=warn msg=GetBlockByNumer number=28
        t=2026-09-22T08:36:55+0200 lvl=warn msg=GetBlockByNumer number=29
        t=2026-09-22T08:36:55+0200 lvl=warn msg=GetBlockByNumer number=30
        t=2026-09-22T08:36:55+0200 lvl=warn msg=GetBlockByNumer number=31
        t=2026-09-22T08:36:55+0200 lvl=warn msg=GetBlockByNumer number=32
        t=2026-09-22T08:36:55+0200 lvl=warn msg=GetBlockByNumer number=33
        t=2026-09-22T08:36:55+0200 lvl=warn msg=GetBlockByNumer number=34
        t=2026-09-22T08:36:55+0200 lvl=warn msg=GetBlockByNumer number=35
        t=2026-09-22T08:36:55+0200 lvl=warn msg=GetBlockByNumer number=36
        t=2026-09-22T08:36:55+0200 lvl=warn msg=GetBlockByNumer number=37
        t=2026-09-22T08:36:55+0200 lvl=warn msg=GetBlockByNumer number=38
        t=2026-09-22T08:36:55+0200 lvl=warn msg=GetBlockByNumer number=39
        t=2026-09-22T08:36:55+0200 lvl=warn msg=GetBlockByNumer number=40
        t=2026-09-22T08:36:55+0200 lvl=warn msg=GetBlockByNumer number=41
        t=2026-09-22T08:36:55+0200 lvl=warn msg=GetBlockByNumer number=42
        t=2026-09-22T08:36:55+0200 lvl=warn msg=GetBlockByNumer number=43
        t=2026-09-22T08:36:55+0200 lvl=warn msg=GetBlockByNumer number=44
        t=2026-09-22T08:36:55+0200 lvl=warn msg=GetBlockByNumer number=45
        t=2026-09-22T08:36:55+0200 lvl=warn msg=GetBlockByNumer number=46
        t=2026-09-22T08:36:55+0200 lvl=warn msg=GetBlockByNumer number=47
        t=2026-09-22T08:36:55+0200 lvl=warn msg="Failed to load snapshot, regenerating" err="missing or corrupted snapshot journal"
        t=2026-09-22T08:36:55+0200 lvl=warn msg=GetBlockByNumer                         number=1
        t=2026-09-22T08:37:03+0200 lvl=warn msg=GetBlockByNumer                         number=1
        t=2026-09-22T08:37:03+0200 lvl=warn msg=GetBlockByNumer                         number=47
        t=2026-09-22T08:37:03+0200 lvl=warn msg=GetBlockByNumer                         number=1
        t=2026-09-22T08:37:03+0200 lvl=eror msg=Connect                                 Could not connect to=127.0.0.1:58506 error="CRYPTO_ERROR 0x150 (remote): tls: internal error"
        t=2026-09-22T08:37:03+0200 lvl=warn msg=GetBlockByNumer                         number=1
        t=2026-09-22T08:37:03+0200 lvl=warn msg=GetBlockByNumer                         number=1
        t=2026-09-22T08:37:03+0200 lvl=warn msg=GetBlockByNumer                         number=47
        t=2026-09-22T08:37:03+0200 lvl=warn msg=GetBlockByNumer                         number=1
        t=2026-09-22T08:37:03+0200 lvl=warn msg=GetBlockByNumer                         number=47
        t=2026-09-22T08:37:08+0200 lvl=warn msg="HOTSTUFF RECOVERY resend NewView"      number=49 viewID=0x186aadaef4f9a796d4332aca30ecf2d875caefeffec8120019eeba144cd422ab to=127.0.0.1:41299
        t=2026-09-22T08:37:13+0200 lvl=warn msg="HOTSTUFF RECOVERY resend NewView"      number=49 viewID=0x186aadaef4f9a796d4332aca30ecf2d875caefeffec8120019eeba144cd422ab to=127.0.0.1:41299
        t=2026-09-22T08:37:18+0200 lvl=warn msg="HOTSTUFF RECOVERY resend NewView"      number=49 viewID=0x186aadaef4f9a796d4332aca30ecf2d875caefeffec8120019eeba144cd422ab to=127.0.0.1:41299
        t=2026-09-22T08:37:23+0200 lvl=warn msg="HOTSTUFF RECOVERY resend NewView"      number=49 viewID=0x186aadaef4f9a796d4332aca30ecf2d875caefeffec8120019eeba144cd422ab to=127.0.0.1:41299
        t=2026-09-22T08:37:28+0200 lvl=warn msg="HOTSTUFF RECOVERY resend NewView"      number=49 viewID=0x186aadaef4f9a796d4332aca30ecf2d875caefeffec8120019eeba144cd422ab to=127.0.0.1:41299
        t=2026-09-22T08:37:33+0200 lvl=warn msg="HOTSTUFF RECOVERY resend NewView"      number=49 viewID=0x186aadaef4f9a796d4332aca30ecf2d875caefeffec8120019eeba144cd422ab to=127.0.0.1:41299
        t=2026-09-22T08:37:38+0200 lvl=warn msg="HOTSTUFF RECOVERY resend NewView"      number=49 viewID=0x186aadaef4f9a796d4332aca30ecf2d875caefeffec8120019eeba144cd422ab to=127.0.0.1:41299
        t=2026-09-22T08:37:43+0200 lvl=warn msg="HOTSTUFF RECOVERY resend NewView"      number=49 viewID=0x186aadaef4f9a796d4332aca30ecf2d875caefeffec8120019eeba144cd422ab to=127.0.0.1:41299
        t=2026-09-22T08:37:46+0200 lvl=info msg="HOTSTUFF PROPOSAL MANIFEST stored"     from=127.0.0.1:41299 number=49 proposalID=0x33fc93baffd9427027ff9ea8b427b4ce4a6597127ec6337080b13e0cfaa550ec manifestBytes=1219 missing=1 bodyBytes=1557
        t=2026-09-22T08:37:47+0200 lvl=eror msg="OnPropose wait proposal body"          number=49 proposalID=0x33fc93baffd9427027ff9ea8b427b4ce4a6597127ec6337080b13e0cfaa550ec err="hotstuff view state too old"
        t=2026-09-22T08:37:47+0200 lvl=warn msg="HOTSTUFF PROPOSAL MANIFEST authority rejected" from=127.0.0.1:41299 leader=127.0.0.1:41299 number=50 proposalID=0xa50d2a3a7b256946df0936bb221d092435febcc19510dc6734c556ad3f2a52ab err="proposal manifest does not match the current deterministic leader route: manifest key committee is already canonical but is not the current route"
        t=2026-09-22T08:37:47+0200 lvl=info msg="HOTSTUFF PROPOSAL REPAIR REQUEST"      to=127.0.0.1:41299 number=50 proposalID=0xa50d2a3a7b256946df0936bb221d092435febcc19510dc6734c556ad3f2a52ab missing=0 attempt=0
        t=2026-09-22T08:37:47+0200 lvl=info msg="HOTSTUFF PROPOSAL MANIFEST stored"     from=127.0.0.1:41299 number=50 proposalID=0xa50d2a3a7b256946df0936bb221d092435febcc19510dc6734c556ad3f2a52ab manifestBytes=830  missing=0 bodyBytes=830
        t=2026-09-22T08:37:47+0200 lvl=info msg="HOTSTUFF PROPOSAL MANIFEST stored"     from=127.0.0.1:52869 number=51 proposalID=0xfe989dfe2a4ab6f29602f43b934ffbc10641689c9c96656128620ef458543325 manifestBytes=1219 missing=0 bodyBytes=1653
        t=2026-09-22T08:37:48+0200 lvl=info msg="HOTSTUFF PROPOSAL MANIFEST stored"     from=127.0.0.1:41299 number=52 proposalID=0xfb3c2e15d95d253d9f80e91832b0583d8a5d5cf711703f33bb4201ef8fb3dbb1 manifestBytes=830  missing=0 bodyBytes=830
        t=2026-09-22T08:37:48+0200 lvl=info msg="HOTSTUFF PROPOSAL REF"                 number=53 viewID=0xdc5e27383390eb4b005a10816628c8f647d688626878c66f03c259de74f5fc9c proposalID=0x4dfce70862559fad52ad9c8ea0cf37a118d9a448e2ac82bda38a741c6374306e blockHash=0x3fdfc6b7dc40c73c0b8cb325eb377cc9d33be5025ece665c99eabf43123cab3a bodyHash=0xee1072e55dbbf73b8fc9181f4c1fa7cd612762b3329ac2d88f249971071d9750 bodySize=1653 refBytes=442
        t=2026-09-22T08:37:48+0200 lvl=warn msg="Send msg try again"                    address=[::]:46372 Couldn't send to=127.0.0.1:51703 error="Operation Canceled"
        t=2026-09-22T08:37:48+0200 lvl=eror msg=CloseConnect                            =[::]:46372 having error closing conn to=127.0.0.1:51703 error="Connection Closed"
        t=2026-09-22T08:37:49+0200 lvl=info msg="HOTSTUFF PROPOSAL MANIFEST stored"     from=127.0.0.1:51703 number=54 proposalID=0x9b637be26b46a134aa87baa8212eca9d01bd2eca7c825acd9ead91a66a4307b3 manifestBytes=830  missing=0 bodyBytes=830
        t=2026-09-22T08:37:49+0200 lvl=info msg="HOTSTUFF PROPOSAL MANIFEST stored"     from=127.0.0.1:51703 number=55 proposalID=0x87818601637f8bbd1bb1269a4c0b3b24ce5d4c51ec1b4c411313fb2c1dde0f9d manifestBytes=1219 missing=0 bodyBytes=1653
        t=2026-09-22T08:37:50+0200 lvl=info msg="HOTSTUFF PROPOSAL MANIFEST stored"     from=127.0.0.1:52869 number=56 proposalID=0x37146efcf5123b2ff50f0fd6b7bc520cbf7ea0721fe5ff9d065ea9505336dbf8 manifestBytes=830  missing=0 bodyBytes=830
        t=2026-09-22T08:37:50+0200 lvl=info msg="HOTSTUFF PROPOSAL MANIFEST stored"     from=127.0.0.1:38817 number=57 proposalID=0xda6cd7ad41765ed5fd83e1dccbe1fd3faf317ed2082bdc2c2005fba7af73293b manifestBytes=1219 missing=0 bodyBytes=1653
        t=2026-09-22T08:37:50+0200 lvl=info msg="HOTSTUFF PROPOSAL MANIFEST stored"     from=127.0.0.1:58506 number=58 proposalID=0x5db6cdcf05128684d2516e17f6146a1388b66bfb62f3ce4908921c0b595718db manifestBytes=830  missing=0 bodyBytes=830
        t=2026-09-22T08:37:51+0200 lvl=info msg="HOTSTUFF PROPOSAL MANIFEST stored"     from=127.0.0.1:52869 number=59 proposalID=0x7552d763947f3fa4846bae7f2ddc4ca7b5013b3e7c3f3c8ecf538f68c2490874 manifestBytes=1219 missing=1 bodyBytes=1653
        t=2026-09-22T08:37:51+0200 lvl=eror msg="OnPropose wait proposal body"          number=59 proposalID=0x7552d763947f3fa4846bae7f2ddc4ca7b5013b3e7c3f3c8ecf538f68c2490874 err="hotstuff view state too old"
        t=2026-09-22T08:37:51+0200 lvl=warn msg="HOTSTUFF PROPOSAL MANIFEST authority rejected" from=127.0.0.1:48722 leader=127.0.0.1:48722 number=60 proposalID=0xed3d234fe9dcaf7db03f93517fc2fe202a91529a8b991e98de5f1f0d0aaafea0 err="proposal manifest does not match the current deterministic leader route: manifest key committee is already canonical but is not the current route"
        t=2026-09-22T08:37:51+0200 lvl=info msg="HOTSTUFF PROPOSAL REPAIR REQUEST"      to=127.0.0.1:48722 number=60 proposalID=0xed3d234fe9dcaf7db03f93517fc2fe202a91529a8b991e98de5f1f0d0aaafea0 missing=0 attempt=0
        t=2026-09-22T08:37:51+0200 lvl=info msg="HOTSTUFF PROPOSAL MANIFEST stored"     from=127.0.0.1:48722 number=60 proposalID=0xed3d234fe9dcaf7db03f93517fc2fe202a91529a8b991e98de5f1f0d0aaafea0 manifestBytes=830  missing=0 bodyBytes=830
        t=2026-09-22T08:37:52+0200 lvl=info msg="HOTSTUFF PROPOSAL MANIFEST stored"     from=127.0.0.1:52869 number=61 proposalID=0xe39d1e0245852b35bfbab19e98afb4cdfffe65d1acf9d346923071e7d4bf72f1 manifestBytes=1219 missing=1 bodyBytes=1653
        t=2026-09-22T08:37:52+0200 lvl=eror msg="OnPropose wait proposal body"          number=61 proposalID=0xe39d1e0245852b35bfbab19e98afb4cdfffe65d1acf9d346923071e7d4bf72f1 err="hotstuff view state too old"
        t=2026-09-22T08:37:52+0200 lvl=info msg="HOTSTUFF PROPOSAL MANIFEST stored"     from=127.0.0.1:51703 number=62 proposalID=0x5059d548f692d06218029276392fa420bb6b8fe27a32dcfac1d3c64fd113348f manifestBytes=830  missing=0 bodyBytes=830
        t=2026-09-22T08:37:53+0200 lvl=info msg="HOTSTUFF PROPOSAL MANIFEST stored"     from=127.0.0.1:52869 number=63 proposalID=0x545cbbf9f513cfae35c2c354e0c91ba015ce0a7170dfc5a4bdb084344d8bb481 manifestBytes=1219 missing=0 bodyBytes=1653
        t=2026-09-22T08:37:53+0200 lvl=info msg="HOTSTUFF PROPOSAL MANIFEST stored"     from=127.0.0.1:48722 number=64 proposalID=0x455735c3462fc8f4212181e0df0806fd1124346abe13ff068ad61327362382d4 manifestBytes=830  missing=0 bodyBytes=830
        t=2026-09-22T08:37:53+0200 lvl=warn msg=GetBlockByNumer                         number=1
        t=2026-09-22T08:37:53+0200 lvl=warn msg=GetBlockByNumer                         number=63
        t=2026-09-22T08:37:53+0200 lvl=warn msg=GetBlockByNumer                         number=1
        t=2026-09-22T08:37:53+0200 lvl=warn msg=GetBlockByNumer                         number=63
        t=2026-09-22T08:37:54+0200 lvl=warn msg=GetBlockByNumer                         number=1
        t=2026-09-22T08:37:54+0200 lvl=warn msg=GetBlockByNumer                         number=63
    fhs_process_recovery_test.go:225: validator 936961 complete log: /tmp/fhs-process-failure-5633801.log
    fhs_process_recovery_test.go:230: validator 936961 log tail:
        t=2026-09-22T08:36:51+0200 lvl=warn msg=GetBlockByNumer number=0
        t=2026-09-22T08:36:51+0200 lvl=warn msg=GetBlockByNumer number=1
        t=2026-09-22T08:36:51+0200 lvl=warn msg=GetBlockByNumer number=2
        t=2026-09-22T08:36:51+0200 lvl=warn msg=GetBlockByNumer number=3
        t=2026-09-22T08:36:51+0200 lvl=warn msg=GetBlockByNumer number=4
        t=2026-09-22T08:36:51+0200 lvl=warn msg=GetBlockByNumer number=5
        t=2026-09-22T08:36:51+0200 lvl=warn msg=GetBlockByNumer number=6
        t=2026-09-22T08:36:51+0200 lvl=warn msg=GetBlockByNumer number=7
        t=2026-09-22T08:36:51+0200 lvl=warn msg=GetBlockByNumer number=8
        t=2026-09-22T08:36:51+0200 lvl=warn msg=GetBlockByNumer number=9
        t=2026-09-22T08:36:51+0200 lvl=warn msg=GetBlockByNumer number=10
        t=2026-09-22T08:36:51+0200 lvl=warn msg=GetBlockByNumer number=11
        t=2026-09-22T08:36:51+0200 lvl=warn msg=GetBlockByNumer number=12
        t=2026-09-22T08:36:51+0200 lvl=warn msg=GetBlockByNumer number=13
        t=2026-09-22T08:36:51+0200 lvl=warn msg=GetBlockByNumer number=14
        t=2026-09-22T08:36:51+0200 lvl=warn msg=GetBlockByNumer number=15
        t=2026-09-22T08:36:51+0200 lvl=warn msg=GetBlockByNumer number=16
        t=2026-09-22T08:36:51+0200 lvl=warn msg=GetBlockByNumer number=17
        t=2026-09-22T08:36:51+0200 lvl=warn msg=GetBlockByNumer number=18
        t=2026-09-22T08:36:51+0200 lvl=warn msg=GetBlockByNumer number=19
        t=2026-09-22T08:36:51+0200 lvl=warn msg=GetBlockByNumer number=20
        t=2026-09-22T08:36:51+0200 lvl=warn msg=GetBlockByNumer number=21
        t=2026-09-22T08:36:51+0200 lvl=warn msg=GetBlockByNumer number=22
        t=2026-09-22T08:36:51+0200 lvl=warn msg=GetBlockByNumer number=23
        t=2026-09-22T08:36:51+0200 lvl=warn msg=GetBlockByNumer number=24
        t=2026-09-22T08:36:51+0200 lvl=warn msg=GetBlockByNumer number=25
        t=2026-09-22T08:36:51+0200 lvl=warn msg=GetBlockByNumer number=26
        t=2026-09-22T08:36:51+0200 lvl=warn msg=GetBlockByNumer number=27
        t=2026-09-22T08:36:51+0200 lvl=warn msg=GetBlockByNumer number=28
        t=2026-09-22T08:36:51+0200 lvl=warn msg=GetBlockByNumer number=29
        t=2026-09-22T08:36:51+0200 lvl=warn msg=GetBlockByNumer number=30
        t=2026-09-22T08:36:51+0200 lvl=warn msg=GetBlockByNumer number=31
        t=2026-09-22T08:36:51+0200 lvl=warn msg=GetBlockByNumer number=32
        t=2026-09-22T08:36:51+0200 lvl=warn msg=GetBlockByNumer number=33
        t=2026-09-22T08:36:51+0200 lvl=warn msg=GetBlockByNumer number=34
        t=2026-09-22T08:36:51+0200 lvl=warn msg=GetBlockByNumer number=35
        t=2026-09-22T08:36:51+0200 lvl=warn msg=GetBlockByNumer number=36
        t=2026-09-22T08:36:51+0200 lvl=warn msg=GetBlockByNumer number=37
        t=2026-09-22T08:36:51+0200 lvl=warn msg=GetBlockByNumer number=38
        t=2026-09-22T08:36:51+0200 lvl=warn msg=GetBlockByNumer number=39
        t=2026-09-22T08:36:51+0200 lvl=warn msg=GetBlockByNumer number=40
        t=2026-09-22T08:36:51+0200 lvl=warn msg=GetBlockByNumer number=41
        t=2026-09-22T08:36:51+0200 lvl=warn msg=GetBlockByNumer number=42
        t=2026-09-22T08:36:51+0200 lvl=warn msg=GetBlockByNumer number=43
        t=2026-09-22T08:36:51+0200 lvl=warn msg=GetBlockByNumer number=44
        t=2026-09-22T08:36:51+0200 lvl=warn msg=GetBlockByNumer number=45
        t=2026-09-22T08:36:51+0200 lvl=warn msg=GetBlockByNumer number=46
        t=2026-09-22T08:36:51+0200 lvl=warn msg=GetBlockByNumer number=47
        t=2026-09-22T08:36:51+0200 lvl=warn msg=GetBlockByNumer number=1
        t=2026-09-22T08:36:51+0200 lvl=warn msg=GetBlockByNumer number=2
        t=2026-09-22T08:36:51+0200 lvl=warn msg=GetBlockByNumer number=3
        t=2026-09-22T08:36:51+0200 lvl=warn msg=GetBlockByNumer number=4
        t=2026-09-22T08:36:51+0200 lvl=warn msg=GetBlockByNumer number=5
        t=2026-09-22T08:36:51+0200 lvl=warn msg=GetBlockByNumer number=6
        t=2026-09-22T08:36:51+0200 lvl=warn msg=GetBlockByNumer number=7
        t=2026-09-22T08:36:51+0200 lvl=warn msg=GetBlockByNumer number=8
        t=2026-09-22T08:36:51+0200 lvl=warn msg=GetBlockByNumer number=9
        t=2026-09-22T08:36:51+0200 lvl=warn msg=GetBlockByNumer number=10
        t=2026-09-22T08:36:51+0200 lvl=warn msg=GetBlockByNumer number=11
        t=2026-09-22T08:36:51+0200 lvl=warn msg=GetBlockByNumer number=12
        t=2026-09-22T08:36:51+0200 lvl=warn msg=GetBlockByNumer number=13
        t=2026-09-22T08:36:51+0200 lvl=warn msg=GetBlockByNumer number=14
        t=2026-09-22T08:36:51+0200 lvl=warn msg=GetBlockByNumer number=15
        t=2026-09-22T08:36:51+0200 lvl=warn msg=GetBlockByNumer number=16
        t=2026-09-22T08:36:51+0200 lvl=warn msg=GetBlockByNumer number=17
        t=2026-09-22T08:36:51+0200 lvl=warn msg=GetBlockByNumer number=18
        t=2026-09-22T08:36:51+0200 lvl=warn msg=GetBlockByNumer number=19
        t=2026-09-22T08:36:51+0200 lvl=warn msg=GetBlockByNumer number=20
        t=2026-09-22T08:36:51+0200 lvl=warn msg=GetBlockByNumer number=21
        t=2026-09-22T08:36:51+0200 lvl=warn msg=GetBlockByNumer number=22
        t=2026-09-22T08:36:51+0200 lvl=warn msg=GetBlockByNumer number=23
        t=2026-09-22T08:36:51+0200 lvl=warn msg=GetBlockByNumer number=24
        t=2026-09-22T08:36:51+0200 lvl=warn msg=GetBlockByNumer number=25
        t=2026-09-22T08:36:51+0200 lvl=warn msg=GetBlockByNumer number=26
        t=2026-09-22T08:36:51+0200 lvl=warn msg=GetBlockByNumer number=27
        t=2026-09-22T08:36:51+0200 lvl=warn msg=GetBlockByNumer number=28
        t=2026-09-22T08:36:51+0200 lvl=warn msg=GetBlockByNumer number=29
        t=2026-09-22T08:36:51+0200 lvl=warn msg=GetBlockByNumer number=30
        t=2026-09-22T08:36:51+0200 lvl=warn msg=GetBlockByNumer number=31
        t=2026-09-22T08:36:51+0200 lvl=warn msg=GetBlockByNumer number=32
        t=2026-09-22T08:36:51+0200 lvl=warn msg=GetBlockByNumer number=33
        t=2026-09-22T08:36:51+0200 lvl=warn msg=GetBlockByNumer number=34
        t=2026-09-22T08:36:51+0200 lvl=warn msg=GetBlockByNumer number=35
        t=2026-09-22T08:36:51+0200 lvl=warn msg=GetBlockByNumer number=36
        t=2026-09-22T08:36:51+0200 lvl=warn msg=GetBlockByNumer number=37
        t=2026-09-22T08:36:51+0200 lvl=warn msg=GetBlockByNumer number=38
        t=2026-09-22T08:36:51+0200 lvl=warn msg=GetBlockByNumer number=39
        t=2026-09-22T08:36:51+0200 lvl=warn msg=GetBlockByNumer number=40
        t=2026-09-22T08:36:51+0200 lvl=warn msg=GetBlockByNumer number=41
        t=2026-09-22T08:36:51+0200 lvl=warn msg=GetBlockByNumer number=42
        t=2026-09-22T08:36:51+0200 lvl=warn msg=GetBlockByNumer number=43
        t=2026-09-22T08:36:51+0200 lvl=warn msg=GetBlockByNumer number=44
        t=2026-09-22T08:36:51+0200 lvl=warn msg=GetBlockByNumer number=45
        t=2026-09-22T08:36:51+0200 lvl=warn msg=GetBlockByNumer number=46
        t=2026-09-22T08:36:51+0200 lvl=warn msg=GetBlockByNumer number=47
        t=2026-09-22T08:36:51+0200 lvl=warn msg="Failed to load snapshot, regenerating" err="missing or corrupted snapshot journal"
        t=2026-09-22T08:36:51+0200 lvl=warn msg=GetBlockByNumer                         number=1
        t=2026-09-22T08:37:02+0200 lvl=warn msg=GetBlockByNumer                         number=1
        t=2026-09-22T08:37:02+0200 lvl=warn msg=GetBlockByNumer                         number=47
        t=2026-09-22T08:37:03+0200 lvl=warn msg=GetBlockByNumer                         number=1
        t=2026-09-22T08:37:03+0200 lvl=eror msg=Connect                                 Could not connect to=127.0.0.1:46372 error="CRYPTO_ERROR 0x150 (remote): tls: internal error"
        t=2026-09-22T08:37:03+0200 lvl=eror msg=Connect                                 Could not connect to=127.0.0.1:51703 error="CRYPTO_ERROR 0x150 (remote): tls: internal error"
        t=2026-09-22T08:37:03+0200 lvl=eror msg=Connect                                 Could not connect to=127.0.0.1:58506 error="CRYPTO_ERROR 0x150 (remote): tls: internal error"
        t=2026-09-22T08:37:03+0200 lvl=warn msg=GetBlockByNumer                         number=1
        t=2026-09-22T08:37:03+0200 lvl=warn msg=GetBlockByNumer                         number=1
        t=2026-09-22T08:37:03+0200 lvl=warn msg=GetBlockByNumer                         number=47
        t=2026-09-22T08:37:03+0200 lvl=warn msg=GetBlockByNumer                         number=1
        t=2026-09-22T08:37:03+0200 lvl=warn msg=GetBlockByNumer                         number=47
        t=2026-09-22T08:37:08+0200 lvl=warn msg="HOTSTUFF RECOVERY resend NewView"      number=49 viewID=0x186aadaef4f9a796d4332aca30ecf2d875caefeffec8120019eeba144cd422ab to=127.0.0.1:41299
        t=2026-09-22T08:37:13+0200 lvl=warn msg="HOTSTUFF RECOVERY resend NewView"      number=49 viewID=0x186aadaef4f9a796d4332aca30ecf2d875caefeffec8120019eeba144cd422ab to=127.0.0.1:41299
        t=2026-09-22T08:37:18+0200 lvl=warn msg="HOTSTUFF RECOVERY resend NewView"      number=49 viewID=0x186aadaef4f9a796d4332aca30ecf2d875caefeffec8120019eeba144cd422ab to=127.0.0.1:41299
        t=2026-09-22T08:37:23+0200 lvl=warn msg="HOTSTUFF RECOVERY resend NewView"      number=49 viewID=0x186aadaef4f9a796d4332aca30ecf2d875caefeffec8120019eeba144cd422ab to=127.0.0.1:41299
        t=2026-09-22T08:37:28+0200 lvl=warn msg="HOTSTUFF RECOVERY resend NewView"      number=49 viewID=0x186aadaef4f9a796d4332aca30ecf2d875caefeffec8120019eeba144cd422ab to=127.0.0.1:41299
        t=2026-09-22T08:37:33+0200 lvl=warn msg="HOTSTUFF RECOVERY resend NewView"      number=49 viewID=0x186aadaef4f9a796d4332aca30ecf2d875caefeffec8120019eeba144cd422ab to=127.0.0.1:41299
        t=2026-09-22T08:37:38+0200 lvl=warn msg="HOTSTUFF RECOVERY resend NewView"      number=49 viewID=0x186aadaef4f9a796d4332aca30ecf2d875caefeffec8120019eeba144cd422ab to=127.0.0.1:41299
        t=2026-09-22T08:37:43+0200 lvl=warn msg="HOTSTUFF RECOVERY resend NewView"      number=49 viewID=0x186aadaef4f9a796d4332aca30ecf2d875caefeffec8120019eeba144cd422ab to=127.0.0.1:41299
        t=2026-09-22T08:37:46+0200 lvl=info msg="HOTSTUFF PROPOSAL REF"                 number=49 viewID=0x186aadaef4f9a796d4332aca30ecf2d875caefeffec8120019eeba144cd422ab proposalID=0x33fc93baffd9427027ff9ea8b427b4ce4a6597127ec6337080b13e0cfaa550ec blockHash=0x81eba789af4ae5be51e8a1af3b5265ad39e029613377db00321259bae28ef60e bodyHash=0x2a8f1582ad60597ff50fd7cc3209edfcea3af30c8c9cdb06a130d3741da3f2fb bodySize=1557 refBytes=442
        t=2026-09-22T08:37:47+0200 lvl=info msg="HOTSTUFF PROPOSAL REF"                 number=50 viewID=0x80b1cac62e985c714b2273371078b5c641bb817914ccd998a4d71db2762004d2 proposalID=0xa50d2a3a7b256946df0936bb221d092435febcc19510dc6734c556ad3f2a52ab blockHash=0x705400097111d5cf92a31ec2d1acc644c3a93a662fb7ac0af82069b9fc0d7ab3 bodyHash=0xbec411bb6aee20067ef015fe4d9aaf0915910c0e5984f205a91798d06ab63728 bodySize=830  refBytes=439
        t=2026-09-22T08:37:47+0200 lvl=info msg="HOTSTUFF PROPOSAL MANIFEST stored"     from=127.0.0.1:52869 number=51 proposalID=0xfe989dfe2a4ab6f29602f43b934ffbc10641689c9c96656128620ef458543325 manifestBytes=1219 missing=0 bodyBytes=1653
        t=2026-09-22T08:37:48+0200 lvl=info msg="HOTSTUFF PROPOSAL REF"                 number=52 viewID=0x7e3b254a3543e8a705dc7ac9a95fea68d7b61bbb735ce16c1b29ce13af78be9e proposalID=0xfb3c2e15d95d253d9f80e91832b0583d8a5d5cf711703f33bb4201ef8fb3dbb1 blockHash=0x030923f8dac201656f7c1fbdb1517c9ff761cd7b6b3cd1bc49cb0bb88de17c21 bodyHash=0xb54e48a122f92edc294d96b111f97ec716886bf988ebdca450970ab7c25574f8 bodySize=830  refBytes=439
        t=2026-09-22T08:37:48+0200 lvl=info msg="HOTSTUFF PROPOSAL MANIFEST stored"     from=127.0.0.1:46372 number=53 proposalID=0x4dfce70862559fad52ad9c8ea0cf37a118d9a448e2ac82bda38a741c6374306e manifestBytes=1219 missing=0 bodyBytes=1653
        t=2026-09-22T08:37:49+0200 lvl=info msg="HOTSTUFF PROPOSAL MANIFEST stored"     from=127.0.0.1:51703 number=54 proposalID=0x9b637be26b46a134aa87baa8212eca9d01bd2eca7c825acd9ead91a66a4307b3 manifestBytes=830  missing=0 bodyBytes=830
        t=2026-09-22T08:37:49+0200 lvl=info msg="HOTSTUFF PROPOSAL MANIFEST stored"     from=127.0.0.1:51703 number=55 proposalID=0x87818601637f8bbd1bb1269a4c0b3b24ce5d4c51ec1b4c411313fb2c1dde0f9d manifestBytes=1219 missing=0 bodyBytes=1653
        t=2026-09-22T08:37:50+0200 lvl=info msg="HOTSTUFF PROPOSAL MANIFEST stored"     from=127.0.0.1:52869 number=56 proposalID=0x37146efcf5123b2ff50f0fd6b7bc520cbf7ea0721fe5ff9d065ea9505336dbf8 manifestBytes=830  missing=0 bodyBytes=830
        t=2026-09-22T08:37:50+0200 lvl=info msg="HOTSTUFF PROPOSAL MANIFEST stored"     from=127.0.0.1:38817 number=57 proposalID=0xda6cd7ad41765ed5fd83e1dccbe1fd3faf317ed2082bdc2c2005fba7af73293b manifestBytes=1219 missing=1 bodyBytes=1653
        t=2026-09-22T08:37:50+0200 lvl=eror msg="OnPropose wait proposal body"          number=57 proposalID=0xda6cd7ad41765ed5fd83e1dccbe1fd3faf317ed2082bdc2c2005fba7af73293b err="hotstuff view state too old"
        t=2026-09-22T08:37:50+0200 lvl=warn msg="HOTSTUFF PROPOSAL MANIFEST authority rejected" from=127.0.0.1:58506 leader=127.0.0.1:58506 number=58 proposalID=0x5db6cdcf05128684d2516e17f6146a1388b66bfb62f3ce4908921c0b595718db err="proposal manifest does not match the current deterministic leader route: manifest key committee is already canonical but is not the current route"
        t=2026-09-22T08:37:50+0200 lvl=info msg="HOTSTUFF PROPOSAL REPAIR REQUEST"      to=127.0.0.1:58506 number=58 proposalID=0x5db6cdcf05128684d2516e17f6146a1388b66bfb62f3ce4908921c0b595718db missing=0 attempt=0
        t=2026-09-22T08:37:50+0200 lvl=info msg="HOTSTUFF PROPOSAL MANIFEST stored"     from=127.0.0.1:58506 number=58 proposalID=0x5db6cdcf05128684d2516e17f6146a1388b66bfb62f3ce4908921c0b595718db manifestBytes=830  missing=0 bodyBytes=830
        t=2026-09-22T08:37:51+0200 lvl=info msg="HOTSTUFF PROPOSAL MANIFEST stored"     from=127.0.0.1:52869 number=59 proposalID=0x7552d763947f3fa4846bae7f2ddc4ca7b5013b3e7c3f3c8ecf538f68c2490874 manifestBytes=1219 missing=1 bodyBytes=1653
        t=2026-09-22T08:37:51+0200 lvl=eror msg="OnPropose wait proposal body"          number=59 proposalID=0x7552d763947f3fa4846bae7f2ddc4ca7b5013b3e7c3f3c8ecf538f68c2490874 err="hotstuff view state too old"
        t=2026-09-22T08:37:51+0200 lvl=warn msg="HOTSTUFF PROPOSAL MANIFEST authority rejected" from=127.0.0.1:48722 leader=127.0.0.1:48722 number=60 proposalID=0xed3d234fe9dcaf7db03f93517fc2fe202a91529a8b991e98de5f1f0d0aaafea0 err="proposal manifest does not match the current deterministic leader route: manifest key committee is already canonical but is not the current route"
        t=2026-09-22T08:37:51+0200 lvl=info msg="HOTSTUFF PROPOSAL REPAIR REQUEST"      to=127.0.0.1:48722 number=60 proposalID=0xed3d234fe9dcaf7db03f93517fc2fe202a91529a8b991e98de5f1f0d0aaafea0 missing=0 attempt=0
        t=2026-09-22T08:37:51+0200 lvl=info msg="HOTSTUFF PROPOSAL MANIFEST stored"     from=127.0.0.1:48722 number=60 proposalID=0xed3d234fe9dcaf7db03f93517fc2fe202a91529a8b991e98de5f1f0d0aaafea0 manifestBytes=830  missing=0 bodyBytes=830
        t=2026-09-22T08:37:52+0200 lvl=info msg="HOTSTUFF PROPOSAL MANIFEST stored"     from=127.0.0.1:52869 number=61 proposalID=0xe39d1e0245852b35bfbab19e98afb4cdfffe65d1acf9d346923071e7d4bf72f1 manifestBytes=1219 missing=0 bodyBytes=1653
        t=2026-09-22T08:37:52+0200 lvl=info msg="HOTSTUFF PROPOSAL MANIFEST stored"     from=127.0.0.1:51703 number=62 proposalID=0x5059d548f692d06218029276392fa420bb6b8fe27a32dcfac1d3c64fd113348f manifestBytes=830  missing=0 bodyBytes=830
        t=2026-09-22T08:37:53+0200 lvl=info msg="HOTSTUFF PROPOSAL MANIFEST stored"     from=127.0.0.1:52869 number=63 proposalID=0x545cbbf9f513cfae35c2c354e0c91ba015ce0a7170dfc5a4bdb084344d8bb481 manifestBytes=1219 missing=0 bodyBytes=1653
        t=2026-09-22T08:37:53+0200 lvl=info msg="HOTSTUFF PROPOSAL MANIFEST stored"     from=127.0.0.1:48722 number=64 proposalID=0x455735c3462fc8f4212181e0df0806fd1124346abe13ff068ad61327362382d4 manifestBytes=830  missing=0 bodyBytes=830
        t=2026-09-22T08:37:53+0200 lvl=warn msg=GetBlockByNumer                         number=1
        t=2026-09-22T08:37:53+0200 lvl=warn msg=GetBlockByNumer                         number=63
        t=2026-09-22T08:37:53+0200 lvl=warn msg=GetBlockByNumer                         number=1
        t=2026-09-22T08:37:53+0200 lvl=warn msg=GetBlockByNumer                         number=63
        t=2026-09-22T08:37:54+0200 lvl=warn msg=GetBlockByNumer                         number=1
        t=2026-09-22T08:37:54+0200 lvl=warn msg=GetBlockByNumer                         number=63
    fhs_process_recovery_test.go:225: validator 936913 complete log: /tmp/fhs-process-failure-3918938343.log
    fhs_process_recovery_test.go:230: validator 936913 log tail:
        t=2026-09-22T08:36:48+0200 lvl=warn msg=GetBlockByNumer number=0
        t=2026-09-22T08:36:48+0200 lvl=warn msg=GetBlockByNumer number=1
        t=2026-09-22T08:36:48+0200 lvl=warn msg=GetBlockByNumer number=2
        t=2026-09-22T08:36:48+0200 lvl=warn msg=GetBlockByNumer number=3
        t=2026-09-22T08:36:48+0200 lvl=warn msg=GetBlockByNumer number=4
        t=2026-09-22T08:36:48+0200 lvl=warn msg=GetBlockByNumer number=5
        t=2026-09-22T08:36:48+0200 lvl=warn msg=GetBlockByNumer number=6
        t=2026-09-22T08:36:48+0200 lvl=warn msg=GetBlockByNumer number=7
        t=2026-09-22T08:36:48+0200 lvl=warn msg=GetBlockByNumer number=8
        t=2026-09-22T08:36:48+0200 lvl=warn msg=GetBlockByNumer number=9
        t=2026-09-22T08:36:48+0200 lvl=warn msg=GetBlockByNumer number=10
        t=2026-09-22T08:36:48+0200 lvl=warn msg=GetBlockByNumer number=11
        t=2026-09-22T08:36:48+0200 lvl=warn msg=GetBlockByNumer number=12
        t=2026-09-22T08:36:48+0200 lvl=warn msg=GetBlockByNumer number=13
        t=2026-09-22T08:36:48+0200 lvl=warn msg=GetBlockByNumer number=14
        t=2026-09-22T08:36:48+0200 lvl=warn msg=GetBlockByNumer number=15
        t=2026-09-22T08:36:48+0200 lvl=warn msg=GetBlockByNumer number=16
        t=2026-09-22T08:36:48+0200 lvl=warn msg=GetBlockByNumer number=17
        t=2026-09-22T08:36:48+0200 lvl=warn msg=GetBlockByNumer number=18
        t=2026-09-22T08:36:48+0200 lvl=warn msg=GetBlockByNumer number=19
        t=2026-09-22T08:36:48+0200 lvl=warn msg=GetBlockByNumer number=20
        t=2026-09-22T08:36:48+0200 lvl=warn msg=GetBlockByNumer number=21
        t=2026-09-22T08:36:48+0200 lvl=warn msg=GetBlockByNumer number=22
        t=2026-09-22T08:36:48+0200 lvl=warn msg=GetBlockByNumer number=23
        t=2026-09-22T08:36:48+0200 lvl=warn msg=GetBlockByNumer number=24
        t=2026-09-22T08:36:48+0200 lvl=warn msg=GetBlockByNumer number=25
        t=2026-09-22T08:36:48+0200 lvl=warn msg=GetBlockByNumer number=26
        t=2026-09-22T08:36:48+0200 lvl=warn msg=GetBlockByNumer number=27
        t=2026-09-22T08:36:48+0200 lvl=warn msg=GetBlockByNumer number=28
        t=2026-09-22T08:36:48+0200 lvl=warn msg=GetBlockByNumer number=29
        t=2026-09-22T08:36:48+0200 lvl=warn msg=GetBlockByNumer number=30
        t=2026-09-22T08:36:48+0200 lvl=warn msg=GetBlockByNumer number=31
        t=2026-09-22T08:36:48+0200 lvl=warn msg=GetBlockByNumer number=32
        t=2026-09-22T08:36:48+0200 lvl=warn msg=GetBlockByNumer number=33
        t=2026-09-22T08:36:48+0200 lvl=warn msg=GetBlockByNumer number=34
        t=2026-09-22T08:36:48+0200 lvl=warn msg=GetBlockByNumer number=35
        t=2026-09-22T08:36:48+0200 lvl=warn msg=GetBlockByNumer number=36
        t=2026-09-22T08:36:48+0200 lvl=warn msg=GetBlockByNumer number=37
        t=2026-09-22T08:36:48+0200 lvl=warn msg=GetBlockByNumer number=38
        t=2026-09-22T08:36:48+0200 lvl=warn msg=GetBlockByNumer number=39
        t=2026-09-22T08:36:48+0200 lvl=warn msg=GetBlockByNumer number=40
        t=2026-09-22T08:36:48+0200 lvl=warn msg=GetBlockByNumer number=41
        t=2026-09-22T08:36:48+0200 lvl=warn msg=GetBlockByNumer number=42
        t=2026-09-22T08:36:48+0200 lvl=warn msg=GetBlockByNumer number=43
        t=2026-09-22T08:36:48+0200 lvl=warn msg=GetBlockByNumer number=44
        t=2026-09-22T08:36:48+0200 lvl=warn msg=GetBlockByNumer number=45
        t=2026-09-22T08:36:48+0200 lvl=warn msg=GetBlockByNumer number=46
        t=2026-09-22T08:36:48+0200 lvl=warn msg=GetBlockByNumer number=47
        t=2026-09-22T08:36:48+0200 lvl=warn msg=GetBlockByNumer number=1
        t=2026-09-22T08:36:48+0200 lvl=warn msg=GetBlockByNumer number=2
        t=2026-09-22T08:36:48+0200 lvl=warn msg=GetBlockByNumer number=3
        t=2026-09-22T08:36:48+0200 lvl=warn msg=GetBlockByNumer number=4
        t=2026-09-22T08:36:48+0200 lvl=warn msg=GetBlockByNumer number=5
        t=2026-09-22T08:36:48+0200 lvl=warn msg=GetBlockByNumer number=6
        t=2026-09-22T08:36:48+0200 lvl=warn msg=GetBlockByNumer number=7
        t=2026-09-22T08:36:48+0200 lvl=warn msg=GetBlockByNumer number=8
        t=2026-09-22T08:36:48+0200 lvl=warn msg=GetBlockByNumer number=9
        t=2026-09-22T08:36:48+0200 lvl=warn msg=GetBlockByNumer number=10
        t=2026-09-22T08:36:48+0200 lvl=warn msg=GetBlockByNumer number=11
        t=2026-09-22T08:36:48+0200 lvl=warn msg=GetBlockByNumer number=12
        t=2026-09-22T08:36:48+0200 lvl=warn msg=GetBlockByNumer number=13
        t=2026-09-22T08:36:48+0200 lvl=warn msg=GetBlockByNumer number=14
        t=2026-09-22T08:36:48+0200 lvl=warn msg=GetBlockByNumer number=15
        t=2026-09-22T08:36:48+0200 lvl=warn msg=GetBlockByNumer number=16
        t=2026-09-22T08:36:48+0200 lvl=warn msg=GetBlockByNumer number=17
        t=2026-09-22T08:36:48+0200 lvl=warn msg=GetBlockByNumer number=18
        t=2026-09-22T08:36:48+0200 lvl=warn msg=GetBlockByNumer number=19
        t=2026-09-22T08:36:48+0200 lvl=warn msg=GetBlockByNumer number=20
        t=2026-09-22T08:36:48+0200 lvl=warn msg=GetBlockByNumer number=21
        t=2026-09-22T08:36:48+0200 lvl=warn msg=GetBlockByNumer number=22
        t=2026-09-22T08:36:48+0200 lvl=warn msg=GetBlockByNumer number=23
        t=2026-09-22T08:36:48+0200 lvl=warn msg=GetBlockByNumer number=24
        t=2026-09-22T08:36:48+0200 lvl=warn msg=GetBlockByNumer number=25
        t=2026-09-22T08:36:48+0200 lvl=warn msg=GetBlockByNumer number=26
        t=2026-09-22T08:36:48+0200 lvl=warn msg=GetBlockByNumer number=27
        t=2026-09-22T08:36:48+0200 lvl=warn msg=GetBlockByNumer number=28
        t=2026-09-22T08:36:48+0200 lvl=warn msg=GetBlockByNumer number=29
        t=2026-09-22T08:36:48+0200 lvl=warn msg=GetBlockByNumer number=30
        t=2026-09-22T08:36:48+0200 lvl=warn msg=GetBlockByNumer number=31
        t=2026-09-22T08:36:48+0200 lvl=warn msg=GetBlockByNumer number=32
        t=2026-09-22T08:36:48+0200 lvl=warn msg=GetBlockByNumer number=33
        t=2026-09-22T08:36:48+0200 lvl=warn msg=GetBlockByNumer number=34
        t=2026-09-22T08:36:48+0200 lvl=warn msg=GetBlockByNumer number=35
        t=2026-09-22T08:36:48+0200 lvl=warn msg=GetBlockByNumer number=36
        t=2026-09-22T08:36:48+0200 lvl=warn msg=GetBlockByNumer number=37
        t=2026-09-22T08:36:48+0200 lvl=warn msg=GetBlockByNumer number=38
        t=2026-09-22T08:36:48+0200 lvl=warn msg=GetBlockByNumer number=39
        t=2026-09-22T08:36:48+0200 lvl=warn msg=GetBlockByNumer number=40
        t=2026-09-22T08:36:48+0200 lvl=warn msg=GetBlockByNumer number=41
        t=2026-09-22T08:36:48+0200 lvl=warn msg=GetBlockByNumer number=42
        t=2026-09-22T08:36:48+0200 lvl=warn msg=GetBlockByNumer number=43
        t=2026-09-22T08:36:48+0200 lvl=warn msg=GetBlockByNumer number=44
        t=2026-09-22T08:36:48+0200 lvl=warn msg=GetBlockByNumer number=45
        t=2026-09-22T08:36:48+0200 lvl=warn msg=GetBlockByNumer number=46
        t=2026-09-22T08:36:48+0200 lvl=warn msg=GetBlockByNumer number=47
        t=2026-09-22T08:36:48+0200 lvl=warn msg="Failed to load snapshot, regenerating" err="missing or corrupted snapshot journal"
        t=2026-09-22T08:36:48+0200 lvl=warn msg=GetBlockByNumer                         number=1
        t=2026-09-22T08:37:02+0200 lvl=warn msg=GetBlockByNumer                         number=1
        t=2026-09-22T08:37:02+0200 lvl=warn msg=GetBlockByNumer                         number=47
        t=2026-09-22T08:37:02+0200 lvl=warn msg=GetBlockByNumer                         number=1
        t=2026-09-22T08:37:02+0200 lvl=eror msg=Connect                                 Could not connect to=127.0.0.1:58506 error="CRYPTO_ERROR 0x150 (remote): tls: internal error"
        t=2026-09-22T08:37:02+0200 lvl=eror msg=Connect                                 Could not connect to=127.0.0.1:41299 error="CRYPTO_ERROR 0x150 (remote): tls: internal error"
        t=2026-09-22T08:37:02+0200 lvl=eror msg=Connect                                 Could not connect to=127.0.0.1:51703 error="CRYPTO_ERROR 0x150 (remote): tls: internal error"
        t=2026-09-22T08:37:02+0200 lvl=eror msg=Connect                                 Could not connect to=127.0.0.1:41299 error="CRYPTO_ERROR 0x150 (remote): tls: internal error"
        t=2026-09-22T08:37:02+0200 lvl=warn msg=SendRawData                             couldn't send to=127.0.0.1:41299 error="CRYPTO_ERROR 0x150 (remote): tls: internal error"
        t=2026-09-22T08:37:02+0200 lvl=eror msg=Connect                                 Could not connect to=127.0.0.1:46372 error="CRYPTO_ERROR 0x150 (remote): tls: internal error"
        t=2026-09-22T08:37:03+0200 lvl=warn msg=GetBlockByNumer                         number=1
        t=2026-09-22T08:37:03+0200 lvl=warn msg=GetBlockByNumer                         number=1
        t=2026-09-22T08:37:03+0200 lvl=warn msg=GetBlockByNumer                         number=47
        t=2026-09-22T08:37:03+0200 lvl=warn msg=GetBlockByNumer                         number=1
        t=2026-09-22T08:37:03+0200 lvl=warn msg=GetBlockByNumer                         number=47
        t=2026-09-22T08:37:07+0200 lvl=warn msg="HOTSTUFF RECOVERY resend NewView"      number=49 viewID=0x186aadaef4f9a796d4332aca30ecf2d875caefeffec8120019eeba144cd422ab to=127.0.0.1:41299
        t=2026-09-22T08:37:12+0200 lvl=warn msg="HOTSTUFF RECOVERY resend NewView"      number=49 viewID=0x186aadaef4f9a796d4332aca30ecf2d875caefeffec8120019eeba144cd422ab to=127.0.0.1:41299
        t=2026-09-22T08:37:17+0200 lvl=warn msg="HOTSTUFF RECOVERY resend NewView"      number=49 viewID=0x186aadaef4f9a796d4332aca30ecf2d875caefeffec8120019eeba144cd422ab to=127.0.0.1:41299
        t=2026-09-22T08:37:22+0200 lvl=warn msg="HOTSTUFF RECOVERY resend NewView"      number=49 viewID=0x186aadaef4f9a796d4332aca30ecf2d875caefeffec8120019eeba144cd422ab to=127.0.0.1:41299
        t=2026-09-22T08:37:27+0200 lvl=warn msg="HOTSTUFF RECOVERY resend NewView"      number=49 viewID=0x186aadaef4f9a796d4332aca30ecf2d875caefeffec8120019eeba144cd422ab to=127.0.0.1:41299
        t=2026-09-22T08:37:32+0200 lvl=warn msg="HOTSTUFF RECOVERY resend NewView"      number=49 viewID=0x186aadaef4f9a796d4332aca30ecf2d875caefeffec8120019eeba144cd422ab to=127.0.0.1:41299
        t=2026-09-22T08:37:37+0200 lvl=warn msg="HOTSTUFF RECOVERY resend NewView"      number=49 viewID=0x186aadaef4f9a796d4332aca30ecf2d875caefeffec8120019eeba144cd422ab to=127.0.0.1:41299
        t=2026-09-22T08:37:42+0200 lvl=warn msg="HOTSTUFF RECOVERY resend NewView"      number=49 viewID=0x186aadaef4f9a796d4332aca30ecf2d875caefeffec8120019eeba144cd422ab to=127.0.0.1:41299
        t=2026-09-22T08:37:46+0200 lvl=info msg="HOTSTUFF PROPOSAL MANIFEST stored"     from=127.0.0.1:41299 number=49 proposalID=0x33fc93baffd9427027ff9ea8b427b4ce4a6597127ec6337080b13e0cfaa550ec manifestBytes=1219 missing=0 bodyBytes=1557
        t=2026-09-22T08:37:47+0200 lvl=info msg="HOTSTUFF PROPOSAL MANIFEST stored"     from=127.0.0.1:41299 number=50 proposalID=0xa50d2a3a7b256946df0936bb221d092435febcc19510dc6734c556ad3f2a52ab manifestBytes=830  missing=0 bodyBytes=830
        t=2026-09-22T08:37:47+0200 lvl=info msg="HOTSTUFF PROPOSAL MANIFEST stored"     from=127.0.0.1:52869 number=51 proposalID=0xfe989dfe2a4ab6f29602f43b934ffbc10641689c9c96656128620ef458543325 manifestBytes=1219 missing=0 bodyBytes=1653
        t=2026-09-22T08:37:48+0200 lvl=info msg="HOTSTUFF PROPOSAL MANIFEST stored"     from=127.0.0.1:41299 number=52 proposalID=0xfb3c2e15d95d253d9f80e91832b0583d8a5d5cf711703f33bb4201ef8fb3dbb1 manifestBytes=830  missing=0 bodyBytes=830
        t=2026-09-22T08:37:48+0200 lvl=info msg="HOTSTUFF PROPOSAL MANIFEST stored"     from=127.0.0.1:46372 number=53 proposalID=0x4dfce70862559fad52ad9c8ea0cf37a118d9a448e2ac82bda38a741c6374306e manifestBytes=1219 missing=0 bodyBytes=1653
        t=2026-09-22T08:37:49+0200 lvl=info msg="HOTSTUFF PROPOSAL MANIFEST stored"     from=127.0.0.1:51703 number=54 proposalID=0x9b637be26b46a134aa87baa8212eca9d01bd2eca7c825acd9ead91a66a4307b3 manifestBytes=830  missing=0 bodyBytes=830
        t=2026-09-22T08:37:49+0200 lvl=info msg="HOTSTUFF PROPOSAL MANIFEST stored"     from=127.0.0.1:51703 number=55 proposalID=0x87818601637f8bbd1bb1269a4c0b3b24ce5d4c51ec1b4c411313fb2c1dde0f9d manifestBytes=1219 missing=0 bodyBytes=1653
        t=2026-09-22T08:37:50+0200 lvl=info msg="HOTSTUFF PROPOSAL MANIFEST stored"     from=127.0.0.1:52869 number=56 proposalID=0x37146efcf5123b2ff50f0fd6b7bc520cbf7ea0721fe5ff9d065ea9505336dbf8 manifestBytes=830  missing=0 bodyBytes=830
        t=2026-09-22T08:37:50+0200 lvl=info msg="HOTSTUFF PROPOSAL MANIFEST stored"     from=127.0.0.1:38817 number=57 proposalID=0xda6cd7ad41765ed5fd83e1dccbe1fd3faf317ed2082bdc2c2005fba7af73293b manifestBytes=1219 missing=0 bodyBytes=1653
        t=2026-09-22T08:37:50+0200 lvl=info msg="HOTSTUFF PROPOSAL MANIFEST stored"     from=127.0.0.1:58506 number=58 proposalID=0x5db6cdcf05128684d2516e17f6146a1388b66bfb62f3ce4908921c0b595718db manifestBytes=830  missing=0 bodyBytes=830
        t=2026-09-22T08:37:51+0200 lvl=info msg="HOTSTUFF PROPOSAL MANIFEST stored"     from=127.0.0.1:52869 number=59 proposalID=0x7552d763947f3fa4846bae7f2ddc4ca7b5013b3e7c3f3c8ecf538f68c2490874 manifestBytes=1219 missing=0 bodyBytes=1653
        t=2026-09-22T08:37:51+0200 lvl=info msg="HOTSTUFF PROPOSAL REF"                 number=60 viewID=0xd21305f6dab37bda6ca6b4438c7952bf720b010e324126997cc78479b779eaf0 proposalID=0xed3d234fe9dcaf7db03f93517fc2fe202a91529a8b991e98de5f1f0d0aaafea0 blockHash=0x2075ddee866448f39e9e02421dc10fd969b1d1b20ade95b3314546f285106745 bodyHash=0x5b36bd0252c797e80a35802514a09f326b4429404dea204578011bd477097a6f bodySize=830 refBytes=439
        t=2026-09-22T08:37:51+0200 lvl=warn msg="Send msg try again"                    address=[::]:48722 Couldn't send to=127.0.0.1:58506 error="Operation Canceled"
        t=2026-09-22T08:37:51+0200 lvl=eror msg=CloseConnect                            =[::]:48722 having error closing conn to=127.0.0.1:57617 error="Connection Closed"
        t=2026-09-22T08:37:52+0200 lvl=info msg="HOTSTUFF PROPOSAL MANIFEST stored"     from=127.0.0.1:52869 number=61 proposalID=0xe39d1e0245852b35bfbab19e98afb4cdfffe65d1acf9d346923071e7d4bf72f1 manifestBytes=1219 missing=0 bodyBytes=1653
        t=2026-09-22T08:37:52+0200 lvl=info msg="HOTSTUFF PROPOSAL MANIFEST stored"     from=127.0.0.1:51703 number=62 proposalID=0x5059d548f692d06218029276392fa420bb6b8fe27a32dcfac1d3c64fd113348f manifestBytes=830  missing=0 bodyBytes=830
        t=2026-09-22T08:37:53+0200 lvl=info msg="HOTSTUFF PROPOSAL MANIFEST stored"     from=127.0.0.1:52869 number=63 proposalID=0x545cbbf9f513cfae35c2c354e0c91ba015ce0a7170dfc5a4bdb084344d8bb481 manifestBytes=1219 missing=0 bodyBytes=1653
        t=2026-09-22T08:37:53+0200 lvl=info msg="HOTSTUFF PROPOSAL REF"                 number=64 viewID=0x5d84dbe1653eb3adc0e6e640dd8aa5c317a64cdad1dbf7c80cf4b06b6cbf8618 proposalID=0x455735c3462fc8f4212181e0df0806fd1124346abe13ff068ad61327362382d4 blockHash=0x419181e2e9762277ce3082530153456ebed61ced0ce485ddaef70acf73bbcf2f bodyHash=0xe6d180532e8d6048b54cc6b813568e515c4e4b69fe0cf314a13aacf52f4ee3d0 bodySize=830 refBytes=439
        t=2026-09-22T08:37:53+0200 lvl=warn msg=GetBlockByNumer                         number=1
        t=2026-09-22T08:37:53+0200 lvl=warn msg=GetBlockByNumer                         number=63
        t=2026-09-22T08:37:53+0200 lvl=warn msg=GetBlockByNumer                         number=1
        t=2026-09-22T08:37:53+0200 lvl=warn msg=GetBlockByNumer                         number=63
        t=2026-09-22T08:37:54+0200 lvl=warn msg=GetBlockByNumer                         number=1
        t=2026-09-22T08:37:54+0200 lvl=warn msg=GetBlockByNumer                         number=63
    fhs_process_recovery_test.go:225: validator 936815 complete log: /tmp/fhs-process-failure-2677808999.log
    fhs_process_recovery_test.go:230: validator 936815 log tail:
        t=2026-09-22T08:36:44+0200 lvl=warn msg=GetBlockByNumer number=0
        t=2026-09-22T08:36:44+0200 lvl=warn msg=GetBlockByNumer number=1
        t=2026-09-22T08:36:44+0200 lvl=warn msg=GetBlockByNumer number=2
        t=2026-09-22T08:36:44+0200 lvl=warn msg=GetBlockByNumer number=3
        t=2026-09-22T08:36:44+0200 lvl=warn msg=GetBlockByNumer number=4
        t=2026-09-22T08:36:44+0200 lvl=warn msg=GetBlockByNumer number=5
        t=2026-09-22T08:36:44+0200 lvl=warn msg=GetBlockByNumer number=6
        t=2026-09-22T08:36:44+0200 lvl=warn msg=GetBlockByNumer number=7
        t=2026-09-22T08:36:44+0200 lvl=warn msg=GetBlockByNumer number=8
        t=2026-09-22T08:36:44+0200 lvl=warn msg=GetBlockByNumer number=9
        t=2026-09-22T08:36:44+0200 lvl=warn msg=GetBlockByNumer number=10
        t=2026-09-22T08:36:44+0200 lvl=warn msg=GetBlockByNumer number=11
        t=2026-09-22T08:36:44+0200 lvl=warn msg=GetBlockByNumer number=12
        t=2026-09-22T08:36:44+0200 lvl=warn msg=GetBlockByNumer number=13
        t=2026-09-22T08:36:44+0200 lvl=warn msg=GetBlockByNumer number=14
        t=2026-09-22T08:36:44+0200 lvl=warn msg=GetBlockByNumer number=15
        t=2026-09-22T08:36:44+0200 lvl=warn msg=GetBlockByNumer number=16
        t=2026-09-22T08:36:44+0200 lvl=warn msg=GetBlockByNumer number=17
        t=2026-09-22T08:36:44+0200 lvl=warn msg=GetBlockByNumer number=18
        t=2026-09-22T08:36:44+0200 lvl=warn msg=GetBlockByNumer number=19
        t=2026-09-22T08:36:44+0200 lvl=warn msg=GetBlockByNumer number=20
        t=2026-09-22T08:36:44+0200 lvl=warn msg=GetBlockByNumer number=21
        t=2026-09-22T08:36:44+0200 lvl=warn msg=GetBlockByNumer number=22
        t=2026-09-22T08:36:44+0200 lvl=warn msg=GetBlockByNumer number=23
        t=2026-09-22T08:36:44+0200 lvl=warn msg=GetBlockByNumer number=24
        t=2026-09-22T08:36:44+0200 lvl=warn msg=GetBlockByNumer number=25
        t=2026-09-22T08:36:44+0200 lvl=warn msg=GetBlockByNumer number=26
        t=2026-09-22T08:36:44+0200 lvl=warn msg=GetBlockByNumer number=27
        t=2026-09-22T08:36:44+0200 lvl=warn msg=GetBlockByNumer number=28
        t=2026-09-22T08:36:44+0200 lvl=warn msg=GetBlockByNumer number=29
        t=2026-09-22T08:36:44+0200 lvl=warn msg=GetBlockByNumer number=30
        t=2026-09-22T08:36:44+0200 lvl=warn msg=GetBlockByNumer number=31
        t=2026-09-22T08:36:44+0200 lvl=warn msg=GetBlockByNumer number=32
        t=2026-09-22T08:36:44+0200 lvl=warn msg=GetBlockByNumer number=33
        t=2026-09-22T08:36:44+0200 lvl=warn msg=GetBlockByNumer number=34
        t=2026-09-22T08:36:44+0200 lvl=warn msg=GetBlockByNumer number=35
        t=2026-09-22T08:36:44+0200 lvl=warn msg=GetBlockByNumer number=36
        t=2026-09-22T08:36:44+0200 lvl=warn msg=GetBlockByNumer number=37
        t=2026-09-22T08:36:44+0200 lvl=warn msg=GetBlockByNumer number=38
        t=2026-09-22T08:36:44+0200 lvl=warn msg=GetBlockByNumer number=39
        t=2026-09-22T08:36:44+0200 lvl=warn msg=GetBlockByNumer number=40
        t=2026-09-22T08:36:44+0200 lvl=warn msg=GetBlockByNumer number=41
        t=2026-09-22T08:36:44+0200 lvl=warn msg=GetBlockByNumer number=42
        t=2026-09-22T08:36:44+0200 lvl=warn msg=GetBlockByNumer number=43
        t=2026-09-22T08:36:44+0200 lvl=warn msg=GetBlockByNumer number=44
        t=2026-09-22T08:36:44+0200 lvl=warn msg=GetBlockByNumer number=45
        t=2026-09-22T08:36:44+0200 lvl=warn msg=GetBlockByNumer number=46
        t=2026-09-22T08:36:44+0200 lvl=warn msg=GetBlockByNumer number=47
        t=2026-09-22T08:36:44+0200 lvl=warn msg=GetBlockByNumer number=1
        t=2026-09-22T08:36:44+0200 lvl=warn msg=GetBlockByNumer number=2
        t=2026-09-22T08:36:44+0200 lvl=warn msg=GetBlockByNumer number=3
        t=2026-09-22T08:36:44+0200 lvl=warn msg=GetBlockByNumer number=4
        t=2026-09-22T08:36:44+0200 lvl=warn msg=GetBlockByNumer number=5
        t=2026-09-22T08:36:44+0200 lvl=warn msg=GetBlockByNumer number=6
        t=2026-09-22T08:36:44+0200 lvl=warn msg=GetBlockByNumer number=7
        t=2026-09-22T08:36:44+0200 lvl=warn msg=GetBlockByNumer number=8
        t=2026-09-22T08:36:44+0200 lvl=warn msg=GetBlockByNumer number=9
        t=2026-09-22T08:36:44+0200 lvl=warn msg=GetBlockByNumer number=10
        t=2026-09-22T08:36:44+0200 lvl=warn msg=GetBlockByNumer number=11
        t=2026-09-22T08:36:44+0200 lvl=warn msg=GetBlockByNumer number=12
        t=2026-09-22T08:36:44+0200 lvl=warn msg=GetBlockByNumer number=13
        t=2026-09-22T08:36:44+0200 lvl=warn msg=GetBlockByNumer number=14
        t=2026-09-22T08:36:44+0200 lvl=warn msg=GetBlockByNumer number=15
        t=2026-09-22T08:36:44+0200 lvl=warn msg=GetBlockByNumer number=16
        t=2026-09-22T08:36:44+0200 lvl=warn msg=GetBlockByNumer number=17
        t=2026-09-22T08:36:44+0200 lvl=warn msg=GetBlockByNumer number=18
        t=2026-09-22T08:36:44+0200 lvl=warn msg=GetBlockByNumer number=19
        t=2026-09-22T08:36:44+0200 lvl=warn msg=GetBlockByNumer number=20
        t=2026-09-22T08:36:44+0200 lvl=warn msg=GetBlockByNumer number=21
        t=2026-09-22T08:36:44+0200 lvl=warn msg=GetBlockByNumer number=22
        t=2026-09-22T08:36:44+0200 lvl=warn msg=GetBlockByNumer number=23
        t=2026-09-22T08:36:44+0200 lvl=warn msg=GetBlockByNumer number=24
        t=2026-09-22T08:36:44+0200 lvl=warn msg=GetBlockByNumer number=25
        t=2026-09-22T08:36:44+0200 lvl=warn msg=GetBlockByNumer number=26
        t=2026-09-22T08:36:44+0200 lvl=warn msg=GetBlockByNumer number=27
        t=2026-09-22T08:36:44+0200 lvl=warn msg=GetBlockByNumer number=28
        t=2026-09-22T08:36:44+0200 lvl=warn msg=GetBlockByNumer number=29
        t=2026-09-22T08:36:44+0200 lvl=warn msg=GetBlockByNumer number=30
        t=2026-09-22T08:36:44+0200 lvl=warn msg=GetBlockByNumer number=31
        t=2026-09-22T08:36:44+0200 lvl=warn msg=GetBlockByNumer number=32
        t=2026-09-22T08:36:44+0200 lvl=warn msg=GetBlockByNumer number=33
        t=2026-09-22T08:36:44+0200 lvl=warn msg=GetBlockByNumer number=34
        t=2026-09-22T08:36:44+0200 lvl=warn msg=GetBlockByNumer number=35
        t=2026-09-22T08:36:44+0200 lvl=warn msg=GetBlockByNumer number=36
        t=2026-09-22T08:36:44+0200 lvl=warn msg=GetBlockByNumer number=37
        t=2026-09-22T08:36:44+0200 lvl=warn msg=GetBlockByNumer number=38
        t=2026-09-22T08:36:44+0200 lvl=warn msg=GetBlockByNumer number=39
        t=2026-09-22T08:36:44+0200 lvl=warn msg=GetBlockByNumer number=40
        t=2026-09-22T08:36:44+0200 lvl=warn msg=GetBlockByNumer number=41
        t=2026-09-22T08:36:44+0200 lvl=warn msg=GetBlockByNumer number=42
        t=2026-09-22T08:36:44+0200 lvl=warn msg=GetBlockByNumer number=43
        t=2026-09-22T08:36:44+0200 lvl=warn msg=GetBlockByNumer number=44
        t=2026-09-22T08:36:44+0200 lvl=warn msg=GetBlockByNumer number=45
        t=2026-09-22T08:36:44+0200 lvl=warn msg=GetBlockByNumer number=46
        t=2026-09-22T08:36:44+0200 lvl=warn msg=GetBlockByNumer number=47
        t=2026-09-22T08:36:44+0200 lvl=warn msg="Failed to load snapshot, regenerating" err="missing or corrupted snapshot journal"
        t=2026-09-22T08:36:44+0200 lvl=warn msg=GetBlockByNumer                         number=1
        t=2026-09-22T08:37:02+0200 lvl=warn msg=GetBlockByNumer                         number=1
        t=2026-09-22T08:37:02+0200 lvl=warn msg=GetBlockByNumer                         number=47
        t=2026-09-22T08:37:02+0200 lvl=warn msg=GetBlockByNumer                         number=1
        t=2026-09-22T08:37:02+0200 lvl=eror msg=Connect                                 Could not connect to=127.0.0.1:58506 error="CRYPTO_ERROR 0x150 (remote): tls: internal error"
        t=2026-09-22T08:37:02+0200 lvl=eror msg=Connect                                 Could not connect to=127.0.0.1:51703 error="CRYPTO_ERROR 0x150 (remote): tls: internal error"
        t=2026-09-22T08:37:02+0200 lvl=eror msg=Connect                                 Could not connect to=127.0.0.1:48722 error="CRYPTO_ERROR 0x150 (remote): tls: internal error"
        t=2026-09-22T08:37:02+0200 lvl=eror msg=Connect                                 Could not connect to=127.0.0.1:46372 error="CRYPTO_ERROR 0x150 (remote): tls: internal error"
        t=2026-09-22T08:37:02+0200 lvl=eror msg=Connect                                 Could not connect to=127.0.0.1:41299 error="CRYPTO_ERROR 0x150 (remote): tls: internal error"
        t=2026-09-22T08:37:02+0200 lvl=eror msg=Connect                                 Could not connect to=127.0.0.1:41299 error="CRYPTO_ERROR 0x150 (remote): tls: internal error"
        t=2026-09-22T08:37:02+0200 lvl=warn msg=SendRawData                             couldn't send to=127.0.0.1:41299 error="CRYPTO_ERROR 0x150 (remote): tls: internal error"
        t=2026-09-22T08:37:02+0200 lvl=eror msg=Connect                                 Could not connect to=127.0.0.1:41299 error="CRYPTO_ERROR 0x150 (remote): tls: internal error"
        t=2026-09-22T08:37:02+0200 lvl=warn msg=SendRawData                             couldn't send to=127.0.0.1:41299 error="CRYPTO_ERROR 0x150 (remote): tls: internal error"
        t=2026-09-22T08:37:02+0200 lvl=eror msg=Connect                                 Could not connect to=127.0.0.1:41299 error="CRYPTO_ERROR 0x150 (remote): tls: internal error"
        t=2026-09-22T08:37:02+0200 lvl=warn msg=SendRawData                             couldn't send to=127.0.0.1:41299 error="CRYPTO_ERROR 0x150 (remote): tls: internal error"
        t=2026-09-22T08:37:03+0200 lvl=warn msg=GetBlockByNumer                         number=1
        t=2026-09-22T08:37:03+0200 lvl=warn msg=GetBlockByNumer                         number=1
        t=2026-09-22T08:37:03+0200 lvl=warn msg=GetBlockByNumer                         number=47
        t=2026-09-22T08:37:03+0200 lvl=warn msg=GetBlockByNumer                         number=1
        t=2026-09-22T08:37:03+0200 lvl=warn msg=GetBlockByNumer                         number=47
        t=2026-09-22T08:37:07+0200 lvl=warn msg="HOTSTUFF RECOVERY resend NewView"      number=49 viewID=0x186aadaef4f9a796d4332aca30ecf2d875caefeffec8120019eeba144cd422ab to=127.0.0.1:41299
        t=2026-09-22T08:37:12+0200 lvl=warn msg="HOTSTUFF RECOVERY resend NewView"      number=49 viewID=0x186aadaef4f9a796d4332aca30ecf2d875caefeffec8120019eeba144cd422ab to=127.0.0.1:41299
        t=2026-09-22T08:37:17+0200 lvl=warn msg="HOTSTUFF RECOVERY resend NewView"      number=49 viewID=0x186aadaef4f9a796d4332aca30ecf2d875caefeffec8120019eeba144cd422ab to=127.0.0.1:41299
        t=2026-09-22T08:37:22+0200 lvl=warn msg="HOTSTUFF RECOVERY resend NewView"      number=49 viewID=0x186aadaef4f9a796d4332aca30ecf2d875caefeffec8120019eeba144cd422ab to=127.0.0.1:41299
        t=2026-09-22T08:37:27+0200 lvl=warn msg="HOTSTUFF RECOVERY resend NewView"      number=49 viewID=0x186aadaef4f9a796d4332aca30ecf2d875caefeffec8120019eeba144cd422ab to=127.0.0.1:41299
        t=2026-09-22T08:37:32+0200 lvl=warn msg="HOTSTUFF RECOVERY resend NewView"      number=49 viewID=0x186aadaef4f9a796d4332aca30ecf2d875caefeffec8120019eeba144cd422ab to=127.0.0.1:41299
        t=2026-09-22T08:37:37+0200 lvl=warn msg="HOTSTUFF RECOVERY resend NewView"      number=49 viewID=0x186aadaef4f9a796d4332aca30ecf2d875caefeffec8120019eeba144cd422ab to=127.0.0.1:41299
        t=2026-09-22T08:37:42+0200 lvl=warn msg="HOTSTUFF RECOVERY resend NewView"      number=49 viewID=0x186aadaef4f9a796d4332aca30ecf2d875caefeffec8120019eeba144cd422ab to=127.0.0.1:41299
        t=2026-09-22T08:37:46+0200 lvl=info msg="HOTSTUFF PROPOSAL MANIFEST stored"     from=127.0.0.1:41299 number=49 proposalID=0x33fc93baffd9427027ff9ea8b427b4ce4a6597127ec6337080b13e0cfaa550ec manifestBytes=1219 missing=0 bodyBytes=1557
        t=2026-09-22T08:37:47+0200 lvl=info msg="HOTSTUFF PROPOSAL MANIFEST stored"     from=127.0.0.1:41299 number=50 proposalID=0xa50d2a3a7b256946df0936bb221d092435febcc19510dc6734c556ad3f2a52ab manifestBytes=830  missing=0 bodyBytes=830
        t=2026-09-22T08:37:47+0200 lvl=info msg="HOTSTUFF PROPOSAL REF"                 number=51 viewID=0x6b4727ab0dfda75150719d95423851bca2901e93ffbdbad5a65573a04de55507 proposalID=0xfe989dfe2a4ab6f29602f43b934ffbc10641689c9c96656128620ef458543325 blockHash=0x27aaf0bffede6e2dcf830c3399e9ec2c8fa39c25f77574a27c328b503ceee0d6 bodyHash=0xea764bd61607b372db75e67e80fcb0f5a990f350db8d2badab637f4031ce1a4a bodySize=1653 refBytes=442
        t=2026-09-22T08:37:48+0200 lvl=info msg="HOTSTUFF PROPOSAL MANIFEST stored"     from=127.0.0.1:41299 number=52 proposalID=0xfb3c2e15d95d253d9f80e91832b0583d8a5d5cf711703f33bb4201ef8fb3dbb1 manifestBytes=830  missing=0 bodyBytes=830
        t=2026-09-22T08:37:48+0200 lvl=info msg="HOTSTUFF PROPOSAL MANIFEST stored"     from=127.0.0.1:46372 number=53 proposalID=0x4dfce70862559fad52ad9c8ea0cf37a118d9a448e2ac82bda38a741c6374306e manifestBytes=1219 missing=0 bodyBytes=1653
        t=2026-09-22T08:37:49+0200 lvl=info msg="HOTSTUFF PROPOSAL MANIFEST stored"     from=127.0.0.1:51703 number=54 proposalID=0x9b637be26b46a134aa87baa8212eca9d01bd2eca7c825acd9ead91a66a4307b3 manifestBytes=830  missing=0 bodyBytes=830
        t=2026-09-22T08:37:49+0200 lvl=info msg="HOTSTUFF PROPOSAL MANIFEST stored"     from=127.0.0.1:51703 number=55 proposalID=0x87818601637f8bbd1bb1269a4c0b3b24ce5d4c51ec1b4c411313fb2c1dde0f9d manifestBytes=1219 missing=1 bodyBytes=1653
        t=2026-09-22T08:37:49+0200 lvl=eror msg="OnPropose wait proposal body"          number=55 proposalID=0x87818601637f8bbd1bb1269a4c0b3b24ce5d4c51ec1b4c411313fb2c1dde0f9d err="hotstuff view state too old"
        t=2026-09-22T08:37:49+0200 lvl=warn msg="reject new-view before storage"        from=127.0.0.1:51703 viewID=0xe6947b92b2f95c67bfff9cf9e99e91d0e7d887d52cf6b44e12967b6a5c60da0d err="hotstuff proposal validation pending"
        t=2026-09-22T08:37:49+0200 lvl=warn msg="reject new-view before storage"        from=127.0.0.1:58506 viewID=0xe6947b92b2f95c67bfff9cf9e99e91d0e7d887d52cf6b44e12967b6a5c60da0d err="hotstuff proposal validation pending"
        t=2026-09-22T08:37:49+0200 lvl=warn msg="reject new-view before storage"        from=127.0.0.1:41299 viewID=0xe6947b92b2f95c67bfff9cf9e99e91d0e7d887d52cf6b44e12967b6a5c60da0d err="hotstuff proposal validation pending"
        t=2026-09-22T08:37:49+0200 lvl=warn msg="reject new-view before storage"        from=127.0.0.1:38817 viewID=0xe6947b92b2f95c67bfff9cf9e99e91d0e7d887d52cf6b44e12967b6a5c60da0d err="hotstuff proposal validation pending"
        t=2026-09-22T08:37:49+0200 lvl=warn msg="reject new-view before storage"        from=127.0.0.1:48722 viewID=0xe6947b92b2f95c67bfff9cf9e99e91d0e7d887d52cf6b44e12967b6a5c60da0d err="hotstuff proposal validation pending"
        t=2026-09-22T08:37:49+0200 lvl=warn msg="reject new-view before storage"        from=127.0.0.1:46372 viewID=0xe6947b92b2f95c67bfff9cf9e99e91d0e7d887d52cf6b44e12967b6a5c60da0d err="hotstuff proposal validation pending"
        t=2026-09-22T08:37:50+0200 lvl=info msg="HOTSTUFF PROPOSAL REF"                 number=56 viewID=0xe6947b92b2f95c67bfff9cf9e99e91d0e7d887d52cf6b44e12967b6a5c60da0d proposalID=0x37146efcf5123b2ff50f0fd6b7bc520cbf7ea0721fe5ff9d065ea9505336dbf8 blockHash=0xb063da1fa8fd913ad6254fce5034a5d44d02312b30895cb39400d2a7a6386aae bodyHash=0xed39578625390e4cd399455e416379e6c3d807af0d296e7f06f99f788e8207e8 bodySize=830  refBytes=439
        t=2026-09-22T08:37:50+0200 lvl=warn msg="Send msg try again"                    address=[::]:52869 Couldn't send to=127.0.0.1:58506 error="Operation Canceled"
        t=2026-09-22T08:37:50+0200 lvl=eror msg=CloseConnect                            =[::]:52869 having error closing conn to=127.0.0.1:45105 error="Connection Closed"
        t=2026-09-22T08:37:50+0200 lvl=info msg="HOTSTUFF PROPOSAL MANIFEST stored"     from=127.0.0.1:38817 number=57 proposalID=0xda6cd7ad41765ed5fd83e1dccbe1fd3faf317ed2082bdc2c2005fba7af73293b manifestBytes=1219 missing=0 bodyBytes=1653
        t=2026-09-22T08:37:50+0200 lvl=info msg="HOTSTUFF PROPOSAL MANIFEST stored"     from=127.0.0.1:58506 number=58 proposalID=0x5db6cdcf05128684d2516e17f6146a1388b66bfb62f3ce4908921c0b595718db manifestBytes=830  missing=0 bodyBytes=830
        t=2026-09-22T08:37:51+0200 lvl=info msg="HOTSTUFF PROPOSAL REF"                 number=59 viewID=0xb40af8d088acb579d8fe758bfa19ffe48ddbaf6e4e3b2b3d78a3a5216d686e48 proposalID=0x7552d763947f3fa4846bae7f2ddc4ca7b5013b3e7c3f3c8ecf538f68c2490874 blockHash=0x8f0a189d2ca4be7b51656e7f256b1950383047e47a3665d27d77c13aa5044032 bodyHash=0x86d3d347ea93fb3ccb072792cec8889c5c879f4b90bf856f48b5ead445461e49 bodySize=1653 refBytes=442
        t=2026-09-22T08:37:51+0200 lvl=info msg="HOTSTUFF PROPOSAL MANIFEST stored"     from=127.0.0.1:48722 number=60 proposalID=0xed3d234fe9dcaf7db03f93517fc2fe202a91529a8b991e98de5f1f0d0aaafea0 manifestBytes=830  missing=0 bodyBytes=830
        t=2026-09-22T08:37:52+0200 lvl=info msg="HOTSTUFF PROPOSAL REF"                 number=61 viewID=0x28105b3157d9ffa7bbe4f210cb8992c74f670994feb4d1e3c7d0298443eafaec proposalID=0xe39d1e0245852b35bfbab19e98afb4cdfffe65d1acf9d346923071e7d4bf72f1 blockHash=0x481f20b83195d1d29017fd7c16efdfe5df06c158b32f5ca5e1191b0aa9fd0769 bodyHash=0x2af21b5f04f73f4a931c2ffdae3f895fb592688d29187fb67685f3da806276d1 bodySize=1653 refBytes=442
        t=2026-09-22T08:37:52+0200 lvl=info msg="HOTSTUFF PROPOSAL MANIFEST stored"     from=127.0.0.1:51703 number=62 proposalID=0x5059d548f692d06218029276392fa420bb6b8fe27a32dcfac1d3c64fd113348f manifestBytes=830  missing=0 bodyBytes=830
        t=2026-09-22T08:37:53+0200 lvl=info msg="HOTSTUFF PROPOSAL REF"                 number=63 viewID=0x31e120e03cd401ea564802e46c64cf9a0d2d7658b2a121d5ab5f9fdf53a98993 proposalID=0x545cbbf9f513cfae35c2c354e0c91ba015ce0a7170dfc5a4bdb084344d8bb481 blockHash=0x5eebc11ab36d0af13c6d5966de56312ae43bf9c4d7c9d95d8b2ee29dc8bba1db bodyHash=0x10cf883c4f20cb27e04e760b34919213121adcf256146f8e3461e459570dea9a bodySize=1653 refBytes=442
        t=2026-09-22T08:37:53+0200 lvl=info msg="HOTSTUFF PROPOSAL MANIFEST stored"     from=127.0.0.1:48722 number=64 proposalID=0x455735c3462fc8f4212181e0df0806fd1124346abe13ff068ad61327362382d4 manifestBytes=830  missing=0 bodyBytes=830
        t=2026-09-22T08:37:53+0200 lvl=warn msg=GetBlockByNumer                         number=1
        t=2026-09-22T08:37:53+0200 lvl=warn msg=GetBlockByNumer                         number=63
        t=2026-09-22T08:37:53+0200 lvl=warn msg=GetBlockByNumer                         number=1
        t=2026-09-22T08:37:53+0200 lvl=warn msg=GetBlockByNumer                         number=63
        t=2026-09-22T08:37:54+0200 lvl=warn msg=GetBlockByNumer                         number=1
        t=2026-09-22T08:37:54+0200 lvl=warn msg=GetBlockByNumer                         number=63
    fhs_process_recovery_test.go:225: validator 936809 complete log: /tmp/fhs-process-failure-1130768757.log
    fhs_process_recovery_test.go:230: validator 936809 log tail:
        :36:41+0200 lvl=warn msg=GetBlockByNumer number=42
        t=2026-09-22T08:36:41+0200 lvl=warn msg=GetBlockByNumer number=43
        t=2026-09-22T08:36:41+0200 lvl=warn msg=GetBlockByNumer number=44
        t=2026-09-22T08:36:41+0200 lvl=warn msg=GetBlockByNumer number=45
        t=2026-09-22T08:36:41+0200 lvl=warn msg=GetBlockByNumer number=46
        t=2026-09-22T08:36:41+0200 lvl=warn msg=GetBlockByNumer number=47
        t=2026-09-22T08:36:41+0200 lvl=warn msg=GetBlockByNumer number=1
        t=2026-09-22T08:36:41+0200 lvl=warn msg=GetBlockByNumer number=2
        t=2026-09-22T08:36:41+0200 lvl=warn msg=GetBlockByNumer number=3
        t=2026-09-22T08:36:41+0200 lvl=warn msg=GetBlockByNumer number=4
        t=2026-09-22T08:36:41+0200 lvl=warn msg=GetBlockByNumer number=5
        t=2026-09-22T08:36:41+0200 lvl=warn msg=GetBlockByNumer number=6
        t=2026-09-22T08:36:41+0200 lvl=warn msg=GetBlockByNumer number=7
        t=2026-09-22T08:36:41+0200 lvl=warn msg=GetBlockByNumer number=8
        t=2026-09-22T08:36:41+0200 lvl=warn msg=GetBlockByNumer number=9
        t=2026-09-22T08:36:41+0200 lvl=warn msg=GetBlockByNumer number=10
        t=2026-09-22T08:36:41+0200 lvl=warn msg=GetBlockByNumer number=11
        t=2026-09-22T08:36:41+0200 lvl=warn msg=GetBlockByNumer number=12
        t=2026-09-22T08:36:41+0200 lvl=warn msg=GetBlockByNumer number=13
        t=2026-09-22T08:36:41+0200 lvl=warn msg=GetBlockByNumer number=14
        t=2026-09-22T08:36:41+0200 lvl=warn msg=GetBlockByNumer number=15
        t=2026-09-22T08:36:41+0200 lvl=warn msg=GetBlockByNumer number=16
        t=2026-09-22T08:36:41+0200 lvl=warn msg=GetBlockByNumer number=17
        t=2026-09-22T08:36:41+0200 lvl=warn msg=GetBlockByNumer number=18
        t=2026-09-22T08:36:41+0200 lvl=warn msg=GetBlockByNumer number=19
        t=2026-09-22T08:36:41+0200 lvl=warn msg=GetBlockByNumer number=20
        t=2026-09-22T08:36:41+0200 lvl=warn msg=GetBlockByNumer number=21
        t=2026-09-22T08:36:41+0200 lvl=warn msg=GetBlockByNumer number=22
        t=2026-09-22T08:36:41+0200 lvl=warn msg=GetBlockByNumer number=23
        t=2026-09-22T08:36:41+0200 lvl=warn msg=GetBlockByNumer number=24
        t=2026-09-22T08:36:41+0200 lvl=warn msg=GetBlockByNumer number=25
        t=2026-09-22T08:36:41+0200 lvl=warn msg=GetBlockByNumer number=26
        t=2026-09-22T08:36:41+0200 lvl=warn msg=GetBlockByNumer number=27
        t=2026-09-22T08:36:41+0200 lvl=warn msg=GetBlockByNumer number=28
        t=2026-09-22T08:36:41+0200 lvl=warn msg=GetBlockByNumer number=29
        t=2026-09-22T08:36:41+0200 lvl=warn msg=GetBlockByNumer number=30
        t=2026-09-22T08:36:41+0200 lvl=warn msg=GetBlockByNumer number=31
        t=2026-09-22T08:36:41+0200 lvl=warn msg=GetBlockByNumer number=32
        t=2026-09-22T08:36:41+0200 lvl=warn msg=GetBlockByNumer number=33
        t=2026-09-22T08:36:41+0200 lvl=warn msg=GetBlockByNumer number=34
        t=2026-09-22T08:36:41+0200 lvl=warn msg=GetBlockByNumer number=35
        t=2026-09-22T08:36:41+0200 lvl=warn msg=GetBlockByNumer number=36
        t=2026-09-22T08:36:41+0200 lvl=warn msg=GetBlockByNumer number=37
        t=2026-09-22T08:36:41+0200 lvl=warn msg=GetBlockByNumer number=38
        t=2026-09-22T08:36:41+0200 lvl=warn msg=GetBlockByNumer number=39
        t=2026-09-22T08:36:41+0200 lvl=warn msg=GetBlockByNumer number=40
        t=2026-09-22T08:36:41+0200 lvl=warn msg=GetBlockByNumer number=41
        t=2026-09-22T08:36:41+0200 lvl=warn msg=GetBlockByNumer number=42
        t=2026-09-22T08:36:41+0200 lvl=warn msg=GetBlockByNumer number=43
        t=2026-09-22T08:36:41+0200 lvl=warn msg=GetBlockByNumer number=44
        t=2026-09-22T08:36:41+0200 lvl=warn msg=GetBlockByNumer number=45
        t=2026-09-22T08:36:41+0200 lvl=warn msg=GetBlockByNumer number=46
        t=2026-09-22T08:36:41+0200 lvl=warn msg=GetBlockByNumer number=47
        t=2026-09-22T08:36:41+0200 lvl=warn msg="Failed to load snapshot, regenerating" err="missing or corrupted snapshot journal"
        t=2026-09-22T08:36:41+0200 lvl=warn msg=GetBlockByNumer                         number=1
        t=2026-09-22T08:37:02+0200 lvl=warn msg=GetBlockByNumer                         number=1
        t=2026-09-22T08:37:02+0200 lvl=warn msg=GetBlockByNumer                         number=47
        t=2026-09-22T08:37:02+0200 lvl=warn msg=GetBlockByNumer                         number=1
        t=2026-09-22T08:37:02+0200 lvl=eror msg=Connect                                 Could not connect to=127.0.0.1:52869 error="CRYPTO_ERROR 0x150 (remote): tls: internal error"
        t=2026-09-22T08:37:02+0200 lvl=eror msg=Connect                                 Could not connect to=127.0.0.1:46372 error="CRYPTO_ERROR 0x150 (remote): tls: internal error"
        t=2026-09-22T08:37:02+0200 lvl=eror msg=Connect                                 Could not connect to=127.0.0.1:58506 error="CRYPTO_ERROR 0x150 (remote): tls: internal error"
        t=2026-09-22T08:37:02+0200 lvl=warn msg=SendRawData                             couldn't send to=127.0.0.1:58506 error="CRYPTO_ERROR 0x150 (remote): tls: internal error"
        t=2026-09-22T08:37:02+0200 lvl=eror msg=Connect                                 Could not connect to=127.0.0.1:48722 error="CRYPTO_ERROR 0x150 (remote): tls: internal error"
        t=2026-09-22T08:37:02+0200 lvl=warn msg=SendRawData                             couldn't send to=127.0.0.1:48722 error="CRYPTO_ERROR 0x150 (remote): tls: internal error"
        t=2026-09-22T08:37:02+0200 lvl=eror msg=Connect                                 Could not connect to=127.0.0.1:46372 error="CRYPTO_ERROR 0x150 (remote): tls: internal error"
        t=2026-09-22T08:37:02+0200 lvl=warn msg=SendRawData                             couldn't send to=127.0.0.1:46372 error="CRYPTO_ERROR 0x150 (remote): tls: internal error"
        t=2026-09-22T08:37:02+0200 lvl=eror msg=Connect                                 Could not connect to=127.0.0.1:58506 error="CRYPTO_ERROR 0x150 (remote): tls: internal error"
        t=2026-09-22T08:37:02+0200 lvl=eror msg=Connect                                 Could not connect to=127.0.0.1:48722 error="CRYPTO_ERROR 0x150 (remote): tls: internal error"
        t=2026-09-22T08:37:02+0200 lvl=eror msg=Connect                                 Could not connect to=127.0.0.1:41299 error="CRYPTO_ERROR 0x150 (remote): tls: internal error"
        t=2026-09-22T08:37:02+0200 lvl=warn msg=SendRawData                             couldn't send to=127.0.0.1:41299 error="CRYPTO_ERROR 0x150 (remote): tls: internal error"
        t=2026-09-22T08:37:02+0200 lvl=eror msg=Connect                                 Could not connect to=127.0.0.1:51703 error="CRYPTO_ERROR 0x150 (remote): tls: internal error"
        t=2026-09-22T08:37:02+0200 lvl=eror msg=Connect                                 Could not connect to=127.0.0.1:41299 error="CRYPTO_ERROR 0x150 (remote): tls: internal error"
        t=2026-09-22T08:37:02+0200 lvl=warn msg=SendRawData                             couldn't send to=127.0.0.1:51703 error="CRYPTO_ERROR 0x150 (remote): tls: internal error"
        t=2026-09-22T08:37:02+0200 lvl=eror msg=Connect                                 Could not connect to=127.0.0.1:51703 error="CRYPTO_ERROR 0x150 (remote): tls: internal error"
        t=2026-09-22T08:37:02+0200 lvl=eror msg=Connect                                 Could not connect to=127.0.0.1:52869 error="CRYPTO_ERROR 0x150 (remote): tls: internal error"
        t=2026-09-22T08:37:02+0200 lvl=warn msg=SendRawData                             couldn't send to=127.0.0.1:52869 error="CRYPTO_ERROR 0x150 (remote): tls: internal error"
        t=2026-09-22T08:37:02+0200 lvl=eror msg=Connect                                 Could not connect to=127.0.0.1:48722 error="CRYPTO_ERROR 0x150 (remote): tls: internal error"
        t=2026-09-22T08:37:02+0200 lvl=warn msg=SendRawData                             couldn't send to=127.0.0.1:48722 error="CRYPTO_ERROR 0x150 (remote): tls: internal error"
        t=2026-09-22T08:37:02+0200 lvl=eror msg=Connect                                 Could not connect to=127.0.0.1:41299 error="CRYPTO_ERROR 0x150 (remote): tls: internal error"
        t=2026-09-22T08:37:02+0200 lvl=warn msg=SendRawData                             couldn't send to=127.0.0.1:41299 error="CRYPTO_ERROR 0x150 (remote): tls: internal error"
        t=2026-09-22T08:37:02+0200 lvl=eror msg=Connect                                 Could not connect to=127.0.0.1:58506 error="CRYPTO_ERROR 0x150 (remote): tls: internal error"
        t=2026-09-22T08:37:02+0200 lvl=warn msg=SendRawData                             couldn't send to=127.0.0.1:58506 error="CRYPTO_ERROR 0x150 (remote): tls: internal error"
        t=2026-09-22T08:37:02+0200 lvl=eror msg=Connect                                 Could not connect to=127.0.0.1:46372 error="CRYPTO_ERROR 0x150 (remote): tls: internal error"
        t=2026-09-22T08:37:02+0200 lvl=warn msg=SendRawData                             couldn't send to=127.0.0.1:46372 error="CRYPTO_ERROR 0x150 (remote): tls: internal error"
        t=2026-09-22T08:37:02+0200 lvl=eror msg=Connect                                 Could not connect to=127.0.0.1:51703 error="CRYPTO_ERROR 0x150 (remote): tls: internal error"
        t=2026-09-22T08:37:02+0200 lvl=warn msg=SendRawData                             couldn't send to=127.0.0.1:51703 error="CRYPTO_ERROR 0x150 (remote): tls: internal error"
        t=2026-09-22T08:37:02+0200 lvl=eror msg=Connect                                 Could not connect to=127.0.0.1:51703 error="CRYPTO_ERROR 0x150 (remote): tls: internal error"
        t=2026-09-22T08:37:02+0200 lvl=eror msg=Connect                                 Could not connect to=127.0.0.1:58506 error="CRYPTO_ERROR 0x150 (remote): tls: internal error"
        t=2026-09-22T08:37:02+0200 lvl=warn msg=SendRawData                             couldn't send to=127.0.0.1:51703 error="CRYPTO_ERROR 0x150 (remote): tls: internal error"
        t=2026-09-22T08:37:02+0200 lvl=eror msg=Connect                                 Could not connect to=127.0.0.1:41299 error="CRYPTO_ERROR 0x150 (remote): tls: internal error"
        t=2026-09-22T08:37:02+0200 lvl=warn msg=SendRawData                             couldn't send to=127.0.0.1:41299 error="CRYPTO_ERROR 0x150 (remote): tls: internal error"
        t=2026-09-22T08:37:02+0200 lvl=warn msg=SendRawData                             couldn't send to=127.0.0.1:58506 error="CRYPTO_ERROR 0x150 (remote): tls: internal error"
        t=2026-09-22T08:37:02+0200 lvl=eror msg=Connect                                 Could not connect to=127.0.0.1:46372 error="CRYPTO_ERROR 0x150 (remote): tls: internal error"
        t=2026-09-22T08:37:02+0200 lvl=warn msg=SendRawData                             couldn't send to=127.0.0.1:46372 error="CRYPTO_ERROR 0x150 (remote): tls: internal error"
        t=2026-09-22T08:37:02+0200 lvl=eror msg=Connect                                 Could not connect to=127.0.0.1:46372 error="CRYPTO_ERROR 0x150 (remote): tls: internal error"
        t=2026-09-22T08:37:02+0200 lvl=warn msg=SendRawData                             couldn't send to=127.0.0.1:46372 error="CRYPTO_ERROR 0x150 (remote): tls: internal error"
        t=2026-09-22T08:37:02+0200 lvl=eror msg=Connect                                 Could not connect to=127.0.0.1:51703 error="CRYPTO_ERROR 0x150 (remote): tls: internal error"
        t=2026-09-22T08:37:02+0200 lvl=warn msg=SendRawData                             couldn't send to=127.0.0.1:51703 error="CRYPTO_ERROR 0x150 (remote): tls: internal error"
        t=2026-09-22T08:37:02+0200 lvl=eror msg=Connect                                 Could not connect to=127.0.0.1:58506 error="CRYPTO_ERROR 0x150 (remote): tls: internal error"
        t=2026-09-22T08:37:02+0200 lvl=warn msg=SendRawData                             couldn't send to=127.0.0.1:58506 error="CRYPTO_ERROR 0x150 (remote): tls: internal error"
        t=2026-09-22T08:37:02+0200 lvl=eror msg=Connect                                 Could not connect to=127.0.0.1:41299 error="CRYPTO_ERROR 0x150 (remote): tls: internal error"
        t=2026-09-22T08:37:02+0200 lvl=warn msg=SendRawData                             couldn't send to=127.0.0.1:41299 error="CRYPTO_ERROR 0x150 (remote): tls: internal error"
        t=2026-09-22T08:37:02+0200 lvl=eror msg=Connect                                 Could not connect to=127.0.0.1:46372 error="CRYPTO_ERROR 0x150 (remote): tls: internal error"
        t=2026-09-22T08:37:02+0200 lvl=warn msg=SendRawData                             couldn't send to=127.0.0.1:46372 error="CRYPTO_ERROR 0x150 (remote): tls: internal error"
        t=2026-09-22T08:37:02+0200 lvl=eror msg=Connect                                 Could not connect to=127.0.0.1:51703 error="CRYPTO_ERROR 0x150 (remote): tls: internal error"
        t=2026-09-22T08:37:02+0200 lvl=warn msg=SendRawData                             couldn't send to=127.0.0.1:51703 error="CRYPTO_ERROR 0x150 (remote): tls: internal error"
        t=2026-09-22T08:37:02+0200 lvl=eror msg=Connect                                 Could not connect to=127.0.0.1:58506 error="CRYPTO_ERROR 0x150 (remote): tls: internal error"
        t=2026-09-22T08:37:02+0200 lvl=warn msg=SendRawData                             couldn't send to=127.0.0.1:58506 error="CRYPTO_ERROR 0x150 (remote): tls: internal error"
        t=2026-09-22T08:37:03+0200 lvl=eror msg=Connect                                 Could not connect to=127.0.0.1:51703 error="CRYPTO_ERROR 0x150 (remote): tls: internal error"
        t=2026-09-22T08:37:03+0200 lvl=warn msg=SendRawData                             couldn't send to=127.0.0.1:51703 error="CRYPTO_ERROR 0x150 (remote): tls: internal error"
        t=2026-09-22T08:37:03+0200 lvl=eror msg=Connect                                 Could not connect to=127.0.0.1:46372 error="CRYPTO_ERROR 0x150 (remote): tls: internal error"
        t=2026-09-22T08:37:03+0200 lvl=warn msg=SendRawData                             couldn't send to=127.0.0.1:46372 error="CRYPTO_ERROR 0x150 (remote): tls: internal error"
        t=2026-09-22T08:37:03+0200 lvl=eror msg=Connect                                 Could not connect to=127.0.0.1:58506 error="CRYPTO_ERROR 0x150 (remote): tls: internal error"
        t=2026-09-22T08:37:03+0200 lvl=warn msg=SendRawData                             couldn't send to=127.0.0.1:58506 error="CRYPTO_ERROR 0x150 (remote): tls: internal error"
        t=2026-09-22T08:37:03+0200 lvl=eror msg=Connect                                 Could not connect to=127.0.0.1:51703 error="CRYPTO_ERROR 0x150 (remote): tls: internal error"
        t=2026-09-22T08:37:03+0200 lvl=warn msg=SendRawData                             couldn't send to=127.0.0.1:51703 error="CRYPTO_ERROR 0x150 (remote): tls: internal error"
        t=2026-09-22T08:37:03+0200 lvl=eror msg=Connect                                 Could not connect to=127.0.0.1:58506 error="CRYPTO_ERROR 0x150 (remote): tls: internal error"
        t=2026-09-22T08:37:03+0200 lvl=warn msg=SendRawData                             couldn't send to=127.0.0.1:58506 error="CRYPTO_ERROR 0x150 (remote): tls: internal error"
        t=2026-09-22T08:37:03+0200 lvl=eror msg=Connect                                 Could not connect to=127.0.0.1:51703 error="CRYPTO_ERROR 0x150 (remote): tls: internal error"
        t=2026-09-22T08:37:03+0200 lvl=warn msg=SendRawData                             couldn't send to=127.0.0.1:51703 error="CRYPTO_ERROR 0x150 (remote): tls: internal error"
        t=2026-09-22T08:37:03+0200 lvl=eror msg=Connect                                 Could not connect to=127.0.0.1:58506 error="CRYPTO_ERROR 0x150 (remote): tls: internal error"
        t=2026-09-22T08:37:03+0200 lvl=warn msg=SendRawData                             couldn't send to=127.0.0.1:58506 error="CRYPTO_ERROR 0x150 (remote): tls: internal error"
        t=2026-09-22T08:37:03+0200 lvl=eror msg=Connect                                 Could not connect to=127.0.0.1:58506 error="CRYPTO_ERROR 0x150 (remote): tls: internal error"
        t=2026-09-22T08:37:03+0200 lvl=warn msg=SendRawData                             couldn't send to=127.0.0.1:58506 error="CRYPTO_ERROR 0x150 (remote): tls: internal error"
        t=2026-09-22T08:37:03+0200 lvl=eror msg=Connect                                 Could not connect to=127.0.0.1:58506 error="CRYPTO_ERROR 0x150 (remote): tls: internal error"
        t=2026-09-22T08:37:03+0200 lvl=warn msg=SendRawData                             couldn't send to=127.0.0.1:58506 error="CRYPTO_ERROR 0x150 (remote): tls: internal error"
        t=2026-09-22T08:37:03+0200 lvl=warn msg=GetBlockByNumer                         number=1
        t=2026-09-22T08:37:03+0200 lvl=warn msg=GetBlockByNumer                         number=1
        t=2026-09-22T08:37:03+0200 lvl=warn msg=GetBlockByNumer                         number=47
        t=2026-09-22T08:37:03+0200 lvl=warn msg=GetBlockByNumer                         number=1
        t=2026-09-22T08:37:03+0200 lvl=warn msg=GetBlockByNumer                         number=47
        t=2026-09-22T08:37:03+0200 lvl=warn msg=GetBlockByNumer                         number=47
        t=2026-09-22T08:37:03+0200 lvl=warn msg=GetBlockByNumer                         number=47
        t=2026-09-22T08:37:03+0200 lvl=warn msg=GetBlockByNumer                         number=47
        t=2026-09-22T08:37:03+0200 lvl=warn msg=GetBlockByNumer                         number=47
        t=2026-09-22T08:37:03+0200 lvl=warn msg=GetBlockByNumer                         number=47
        t=2026-09-22T08:37:03+0200 lvl=warn msg=GetBlockByNumer                         number=47
        t=2026-09-22T08:37:03+0200 lvl=warn msg=GetBlockByNumer                         number=47
        t=2026-09-22T08:37:07+0200 lvl=warn msg="HOTSTUFF RECOVERY resend NewView"      number=49 viewID=0x186aadaef4f9a796d4332aca30ecf2d875caefeffec8120019eeba144cd422ab to=127.0.0.1:41299
        t=2026-09-22T08:37:12+0200 lvl=warn msg="HOTSTUFF RECOVERY resend NewView"      number=49 viewID=0x186aadaef4f9a796d4332aca30ecf2d875caefeffec8120019eeba144cd422ab to=127.0.0.1:41299
        t=2026-09-22T08:37:17+0200 lvl=warn msg="HOTSTUFF RECOVERY resend NewView"      number=49 viewID=0x186aadaef4f9a796d4332aca30ecf2d875caefeffec8120019eeba144cd422ab to=127.0.0.1:41299
        t=2026-09-22T08:37:22+0200 lvl=warn msg="HOTSTUFF RECOVERY resend NewView"      number=49 viewID=0x186aadaef4f9a796d4332aca30ecf2d875caefeffec8120019eeba144cd422ab to=127.0.0.1:41299
        t=2026-09-22T08:37:27+0200 lvl=warn msg="HOTSTUFF RECOVERY resend NewView"      number=49 viewID=0x186aadaef4f9a796d4332aca30ecf2d875caefeffec8120019eeba144cd422ab to=127.0.0.1:41299
        t=2026-09-22T08:37:32+0200 lvl=warn msg="HOTSTUFF RECOVERY resend NewView"      number=49 viewID=0x186aadaef4f9a796d4332aca30ecf2d875caefeffec8120019eeba144cd422ab to=127.0.0.1:41299
        t=2026-09-22T08:37:37+0200 lvl=warn msg="HOTSTUFF RECOVERY resend NewView"      number=49 viewID=0x186aadaef4f9a796d4332aca30ecf2d875caefeffec8120019eeba144cd422ab to=127.0.0.1:41299
        t=2026-09-22T08:37:42+0200 lvl=warn msg="HOTSTUFF RECOVERY resend NewView"      number=49 viewID=0x186aadaef4f9a796d4332aca30ecf2d875caefeffec8120019eeba144cd422ab to=127.0.0.1:41299
        t=2026-09-22T08:37:46+0200 lvl=info msg="HOTSTUFF PROPOSAL MANIFEST stored"     from=127.0.0.1:41299 number=49 proposalID=0x33fc93baffd9427027ff9ea8b427b4ce4a6597127ec6337080b13e0cfaa550ec manifestBytes=1219 missing=0 bodyBytes=1557
        t=2026-09-22T08:37:47+0200 lvl=info msg="HOTSTUFF PROPOSAL MANIFEST stored"     from=127.0.0.1:41299 number=50 proposalID=0xa50d2a3a7b256946df0936bb221d092435febcc19510dc6734c556ad3f2a52ab manifestBytes=830  missing=0 bodyBytes=830
        t=2026-09-22T08:37:47+0200 lvl=info msg="HOTSTUFF PROPOSAL MANIFEST stored"     from=127.0.0.1:52869 number=51 proposalID=0xfe989dfe2a4ab6f29602f43b934ffbc10641689c9c96656128620ef458543325 manifestBytes=1219 missing=0 bodyBytes=1653
        t=2026-09-22T08:37:48+0200 lvl=info msg="HOTSTUFF PROPOSAL MANIFEST stored"     from=127.0.0.1:41299 number=52 proposalID=0xfb3c2e15d95d253d9f80e91832b0583d8a5d5cf711703f33bb4201ef8fb3dbb1 manifestBytes=830  missing=0 bodyBytes=830
        t=2026-09-22T08:37:48+0200 lvl=info msg="HOTSTUFF PROPOSAL MANIFEST stored"     from=127.0.0.1:46372 number=53 proposalID=0x4dfce70862559fad52ad9c8ea0cf37a118d9a448e2ac82bda38a741c6374306e manifestBytes=1219 missing=1 bodyBytes=1653
        t=2026-09-22T08:37:49+0200 lvl=info msg="HOTSTUFF PROPOSAL MANIFEST stored"     from=127.0.0.1:51703 number=54 proposalID=0x9b637be26b46a134aa87baa8212eca9d01bd2eca7c825acd9ead91a66a4307b3 manifestBytes=830  missing=0 bodyBytes=830
        t=2026-09-22T08:37:49+0200 lvl=info msg="HOTSTUFF PROPOSAL MANIFEST stored"     from=127.0.0.1:51703 number=55 proposalID=0x87818601637f8bbd1bb1269a4c0b3b24ce5d4c51ec1b4c411313fb2c1dde0f9d manifestBytes=1219 missing=0 bodyBytes=1653
        t=2026-09-22T08:37:50+0200 lvl=info msg="HOTSTUFF PROPOSAL MANIFEST stored"     from=127.0.0.1:52869 number=56 proposalID=0x37146efcf5123b2ff50f0fd6b7bc520cbf7ea0721fe5ff9d065ea9505336dbf8 manifestBytes=830  missing=0 bodyBytes=830
        t=2026-09-22T08:37:50+0200 lvl=info msg="HOTSTUFF PROPOSAL REF"                 number=57 viewID=0xe172f7ec3e2fad73fda4969caf98c0682c6f409c41dc6ad361813f016daf6eb4 proposalID=0xda6cd7ad41765ed5fd83e1dccbe1fd3faf317ed2082bdc2c2005fba7af73293b blockHash=0x566b22c0ba945fbb87d771252358ccc9c73c3e0f62d7c0df17b743ad40824556 bodyHash=0x04ff59dbe6a72e3ee78f63170018d95dfd3bef5e51dfa7481f59222c0dd61763 bodySize=1653 refBytes=442
        t=2026-09-22T08:37:50+0200 lvl=info msg="HOTSTUFF PROPOSAL MANIFEST stored"     from=127.0.0.1:58506 number=58 proposalID=0x5db6cdcf05128684d2516e17f6146a1388b66bfb62f3ce4908921c0b595718db manifestBytes=830  missing=0 bodyBytes=830
        t=2026-09-22T08:37:51+0200 lvl=info msg="HOTSTUFF PROPOSAL MANIFEST stored"     from=127.0.0.1:52869 number=59 proposalID=0x7552d763947f3fa4846bae7f2ddc4ca7b5013b3e7c3f3c8ecf538f68c2490874 manifestBytes=1219 missing=0 bodyBytes=1653
        t=2026-09-22T08:37:51+0200 lvl=info msg="HOTSTUFF PROPOSAL MANIFEST stored"     from=127.0.0.1:48722 number=60 proposalID=0xed3d234fe9dcaf7db03f93517fc2fe202a91529a8b991e98de5f1f0d0aaafea0 manifestBytes=830  missing=0 bodyBytes=830
        t=2026-09-22T08:37:52+0200 lvl=info msg="HOTSTUFF PROPOSAL MANIFEST stored"     from=127.0.0.1:52869 number=61 proposalID=0xe39d1e0245852b35bfbab19e98afb4cdfffe65d1acf9d346923071e7d4bf72f1 manifestBytes=1219 missing=0 bodyBytes=1653
        t=2026-09-22T08:37:52+0200 lvl=info msg="HOTSTUFF PROPOSAL MANIFEST stored"     from=127.0.0.1:51703 number=62 proposalID=0x5059d548f692d06218029276392fa420bb6b8fe27a32dcfac1d3c64fd113348f manifestBytes=830  missing=0 bodyBytes=830
        t=2026-09-22T08:37:53+0200 lvl=info msg="HOTSTUFF PROPOSAL MANIFEST stored"     from=127.0.0.1:52869 number=63 proposalID=0x545cbbf9f513cfae35c2c354e0c91ba015ce0a7170dfc5a4bdb084344d8bb481 manifestBytes=1219 missing=0 bodyBytes=1653
        t=2026-09-22T08:37:53+0200 lvl=info msg="HOTSTUFF PROPOSAL MANIFEST stored"     from=127.0.0.1:48722 number=64 proposalID=0x455735c3462fc8f4212181e0df0806fd1124346abe13ff068ad61327362382d4 manifestBytes=830  missing=0 bodyBytes=830
        t=2026-09-22T08:37:53+0200 lvl=warn msg=GetBlockByNumer                         number=1
        t=2026-09-22T08:37:53+0200 lvl=warn msg=GetBlockByNumer                         number=63
        t=2026-09-22T08:37:53+0200 lvl=warn msg=GetBlockByNumer                         number=1
        t=2026-09-22T08:37:53+0200 lvl=warn msg=GetBlockByNumer                         number=63
        t=2026-09-22T08:37:53+0200 lvl=warn msg=GetBlockByNumer                         number=63
        t=2026-09-22T08:37:53+0200 lvl=warn msg=GetBlockByNumer                         number=63
        t=2026-09-22T08:37:53+0200 lvl=warn msg=GetBlockByNumer                         number=63
        t=2026-09-22T08:37:53+0200 lvl=warn msg=GetBlockByNumer                         number=63
        t=2026-09-22T08:37:53+0200 lvl=warn msg=GetBlockByNumer                         number=63
        t=2026-09-22T08:37:54+0200 lvl=warn msg=GetBlockByNumer                         number=63
        t=2026-09-22T08:37:54+0200 lvl=warn msg=GetBlockByNumer                         number=63
        t=2026-09-22T08:37:54+0200 lvl=warn msg=GetBlockByNumer                         number=63
        t=2026-09-22T08:37:54+0200 lvl=warn msg=GetBlockByNumer                         number=63
        t=2026-09-22T08:37:54+0200 lvl=warn msg=GetBlockByNumer                         number=63
        t=2026-09-22T08:37:54+0200 lvl=warn msg=GetBlockByNumer                         number=63
        t=2026-09-22T08:37:54+0200 lvl=warn msg=GetBlockByNumer                         number=63
        t=2026-09-22T08:37:54+0200 lvl=warn msg=GetBlockByNumer                         number=63
        t=2026-09-22T08:37:54+0200 lvl=warn msg=GetBlockByNumer                         number=63
        t=2026-09-22T08:37:54+0200 lvl=warn msg=GetBlockByNumer                         number=63
        t=2026-09-22T08:37:54+0200 lvl=warn msg=GetBlockByNumer                         number=1
        t=2026-09-22T08:37:54+0200 lvl=warn msg=GetBlockByNumer                         number=63
    dex_financial_cli_test.go:107: ordinary CLI full log /tmp/dex-normal-cli-failure-3032706685.log
    dex_financial_cli_test.go:112: ordinary Common6: WARN [09-22|08:36:07.160] Upgrade blockchain database version      from=<nil> to=10
        WARN [09-22|08:36:10.572] GetBlockByNumer                          number=0
        INFO [09-22|08:36:10.680] DEX sidecar active                       index=6 mode=native-finance datadir=/tmp/TestFHSNativeFinancialOrdinaryCLI369536924/001/common-6/dex
        INFO [09-22|08:36:11.231] HOTSTUFF PREPARE QC VERIFIED             number=4 viewID="4fe511…4f42f3" from=127.0.0.5:34057 maskBytes=1
        INFO [09-22|08:36:11.706] HOTSTUFF PREPARE QC VERIFIED             number=5 viewID="d57c00…bba144" from=127.0.0.6:35413 maskBytes=1
        INFO [09-22|08:36:12.024] HOTSTUFF PREPARE QC VERIFIED             number=6 viewID="0adeb3…31e360" from=127.0.0.7:36231 maskBytes=1
        INFO [09-22|08:36:12.030] handleNewViewMsg got new view message    from=127.0.0.8:38239 viewId="5eff07…b024e3"
        INFO [09-22|08:36:12.046] handleNewViewMsg got new view message    from=127.0.0.3:46101 viewId="5eff07…b024e3"
        INFO [09-22|08:36:12.058] handleNewViewMsg got new view message    from=127.0.0.7:36231 viewId="5eff07…b024e3"
        INFO [09-22|08:36:12.069] handleNewViewMsg got new view message    from=127.0.0.4:44513 viewId="5eff07…b024e3"
        INFO [09-22|08:36:12.078] handleNewViewMsg got new view message    from=127.0.0.5:34057 viewId="5eff07…b024e3"
        INFO [09-22|08:36:12.116] handleNewViewMsg got new view message    from=127.0.0.6:35413 viewId="5eff07…b024e3"
        INFO [09-22|08:36:12.127] handleNewViewMsg got new view message    from=127.0.0.2:44061 viewId="5eff07…b024e3"
        INFO [09-22|08:36:12.256] HOTSTUFF PREPARE QC BROADCAST            number=7 viewID="5eff07…b024e3" votes=5 threshold=5
        INFO [09-22|08:36:12.280] HOTSTUFF PREPARE QC VERIFIED             number=7 viewID="5eff07…b024e3" from=127.0.0.8:38239 maskBytes=1
        INFO [09-22|08:36:12.890] HOTSTUFF PREPARE QC VERIFIED             number=8 viewID="6396b6…0c2b18" from=127.0.0.2:44061 maskBytes=1
        INFO [09-22|08:36:13.407] HOTSTUFF PREPARE QC VERIFIED             number=9 viewID="0f31fd…937ea1" from=127.0.0.3:46101 maskBytes=1
        INFO [09-22|08:36:13.683] HOTSTUFF PREPARE QC VERIFIED             number=10 viewID="c1f082…02899d" from=127.0.0.4:44513 maskBytes=1
        INFO [09-22|08:36:13.975] HOTSTUFF PREPARE QC VERIFIED             number=11 viewID="dcd53f…b098a6" from=127.0.0.5:34057 maskBytes=1
        INFO [09-22|08:36:14.261] HOTSTUFF PREPARE QC VERIFIED             number=12 viewID="34299c…1482b4" from=127.0.0.6:35413 maskBytes=1
        INFO [09-22|08:36:14.592] HOTSTUFF PREPARE QC VERIFIED             number=13 viewID="f8eb3d…560bda" from=127.0.0.7:36231 maskBytes=1
        INFO [09-22|08:36:14.596] handleNewViewMsg got new view message    from=127.0.0.8:38239 viewId="c955dc…63237a"
        INFO [09-22|08:36:14.606] handleNewViewMsg got new view message    from=127.0.0.4:44513 viewId="c955dc…63237a"
        INFO [09-22|08:36:14.615] handleNewViewMsg got new view message    from=127.0.0.7:36231 viewId="c955dc…63237a"
        INFO [09-22|08:36:14.626] handleNewViewMsg got new view message    from=127.0.0.6:35413 viewId="c955dc…63237a"
        INFO [09-22|08:36:14.636] handleNewViewMsg got new view message    from=127.0.0.2:44061 viewId="c955dc…63237a"
        INFO [09-22|08:36:14.682] handleNewViewMsg got new view message    from=127.0.0.3:46101 viewId="c955dc…63237a"
        INFO [09-22|08:36:14.693] handleNewViewMsg got new view message    from=127.0.0.5:34057 viewId="c955dc…63237a"
        INFO [09-22|08:36:14.828] HOTSTUFF PREPARE QC BROADCAST            number=14 viewID="c955dc…63237a" votes=5 threshold=5
        INFO [09-22|08:36:14.868] HOTSTUFF PREPARE QC VERIFIED             number=14 viewID="c955dc…63237a" from=127.0.0.8:38239 maskBytes=1
        INFO [09-22|08:36:15.194] HOTSTUFF PREPARE QC VERIFIED             number=15 viewID="c2411a…0c9216" from=127.0.0.2:44061 maskBytes=1
        INFO [09-22|08:36:15.508] HOTSTUFF PREPARE QC VERIFIED             number=16 viewID="b4bef6…641004" from=127.0.0.3:46101 maskBytes=1
        INFO [09-22|08:36:15.949] HOTSTUFF PREPARE QC VERIFIED             number=17 viewID="a04a13…faa2a6" from=127.0.0.4:44513 maskBytes=1
        INFO [09-22|08:36:16.191] HOTSTUFF PREPARE QC VERIFIED             number=18 viewID="614019…8a4264" from=127.0.0.5:34057 maskBytes=1
        INFO [09-22|08:36:16.474] HOTSTUFF PREPARE QC VERIFIED             number=19 viewID="feb17a…60003f" from=127.0.0.6:35413 maskBytes=1
        INFO [09-22|08:36:16.780] HOTSTUFF PREPARE QC VERIFIED             number=20 viewID="9d350a…0b6592" from=127.0.0.7:36231 maskBytes=1
        INFO [09-22|08:36:16.787] handleNewViewMsg got new view message    from=127.0.0.7:36231 viewId="91f4f4…7d07b7"
        INFO [09-22|08:36:16.803] handleNewViewMsg got new view message    from=127.0.0.8:38239 viewId="91f4f4…7d07b7"
        INFO [09-22|08:36:16.818] handleNewViewMsg got new view message    from=127.0.0.6:35413 viewId="91f4f4…7d07b7"
        INFO [09-22|08:36:16.829] handleNewViewMsg got new view message    from=127.0.0.5:34057 viewId="91f4f4…7d07b7"
        INFO [09-22|08:36:16.841] handleNewViewMsg got new view message    from=127.0.0.3:46101 viewId="91f4f4…7d07b7"
        INFO [09-22|08:36:16.881] handleNewViewMsg got new view message    from=127.0.0.2:44061 viewId="91f4f4…7d07b7"
        INFO [09-22|08:36:16.891] handleNewViewMsg got new view message    from=127.0.0.4:44513 viewId="91f4f4…7d07b7"
        INFO [09-22|08:36:18.168] HOTSTUFF PREPARE QC BROADCAST            number=21 viewID="91f4f4…7d07b7" votes=5 threshold=5
        INFO [09-22|08:36:18.420] HOTSTUFF PREPARE QC VERIFIED             number=21 viewID="91f4f4…7d07b7" from=127.0.0.8:38239 maskBytes=1
        INFO [09-22|08:36:19.332] HOTSTUFF PREPARE QC VERIFIED             number=22 viewID="884bd2…53410e" from=127.0.0.2:44061 maskBytes=1
        INFO [09-22|08:36:19.532] HOTSTUFF PREPARE QC VERIFIED             number=23 viewID="17d152…ef6a36" from=127.0.0.3:46101 maskBytes=1
        INFO [09-22|08:36:31.852] handleNewViewMsg got new view message    from=127.0.0.8:38239 viewId="49a7a1…e719e7"
        INFO [09-22|08:36:31.874] handleNewViewMsg got new view message    from=127.0.0.6:35413 viewId="49a7a1…e719e7"
        INFO [09-22|08:36:31.895] handleNewViewMsg got new view message    from=127.0.0.5:34057 viewId="49a7a1…e719e7"
        INFO [09-22|08:36:31.910] handleNewViewMsg got new view message    from=127.0.0.4:44513 viewId="49a7a1…e719e7"
        INFO [09-22|08:36:31.926] handleNewViewMsg got new view message    from=127.0.0.3:46101 viewId="49a7a1…e719e7"
        INFO [09-22|08:36:31.981] handleNewViewMsg got new view message    from=127.0.0.2:44061 viewId="49a7a1…e719e7"
        INFO [09-22|08:36:31.996] handleNewViewMsg got new view message    from=127.0.0.7:36231 viewId="49a7a1…e719e7"
        INFO [09-22|08:36:53.350] handleNewViewMsg got new view message    from=127.0.0.8:38239 viewId="2b5295…225b74"
        INFO [09-22|08:36:53.370] handleNewViewMsg got new view message    from=127.0.0.3:46101 viewId="2b5295…225b74"
        INFO [09-22|08:36:53.386] handleNewViewMsg got new view message    from=127.0.0.6:35413 viewId="2b5295…225b74"
        INFO [09-22|08:36:53.402] handleNewViewMsg got new view message    from=127.0.0.4:44513 viewId="2b5295…225b74"
        INFO [09-22|08:36:53.419] handleNewViewMsg got new view message    from=127.0.0.7:36231 viewId="2b5295…225b74"
        INFO [09-22|08:36:53.480] handleNewViewMsg got new view message    from=127.0.0.5:34057 viewId="2b5295…225b74"
        INFO [09-22|08:36:53.501] handleNewViewMsg got new view message    from=127.0.0.2:44061 viewId="2b5295…225b74"
        INFO [09-22|08:37:14.828] handleNewViewMsg got new view message    from=127.0.0.5:34057 viewId="abfee4…8c7428"
        INFO [09-22|08:37:14.854] handleNewViewMsg got new view message    from=127.0.0.8:38239 viewId="abfee4…8c7428"
        INFO [09-22|08:37:14.873] handleNewViewMsg got new view message    from=127.0.0.7:36231 viewId="abfee4…8c7428"
        INFO [09-22|08:37:14.890] handleNewViewMsg got new view message    from=127.0.0.3:46101 viewId="abfee4…8c7428"
        INFO [09-22|08:37:14.905] handleNewViewMsg got new view message    from=127.0.0.6:35413 viewId="abfee4…8c7428"
        INFO [09-22|08:37:14.956] handleNewViewMsg got new view message    from=127.0.0.2:44061 viewId="abfee4…8c7428"
        INFO [09-22|08:37:14.971] handleNewViewMsg got new view message    from=127.0.0.4:44513 viewId="abfee4…8c7428"
        INFO [09-22|08:37:36.304] handleNewViewMsg got new view message    from=127.0.0.8:38239 viewId="2f4670…0e04a3"
        INFO [09-22|08:37:36.322] handleNewViewMsg got new view message    from=127.0.0.3:46101 viewId="2f4670…0e04a3"
        INFO [09-22|08:37:36.341] handleNewViewMsg got new view message    from=127.0.0.5:34057 viewId="2f4670…0e04a3"
        INFO [09-22|08:37:36.359] handleNewViewMsg got new view message    from=127.0.0.4:44513 viewId="2f4670…0e04a3"
        INFO [09-22|08:37:36.376] handleNewViewMsg got new view message    from=127.0.0.2:44061 viewId="2f4670…0e04a3"
        INFO [09-22|08:37:36.430] handleNewViewMsg got new view message    from=127.0.0.7:36231 viewId="2f4670…0e04a3"
        INFO [09-22|08:37:36.448] handleNewViewMsg got new view message    from=127.0.0.6:35413 viewId="2f4670…0e04a3"
        INFO [09-22|08:37:54.338] HOTSTUFF PREPARE QC VERIFIED             number=54 viewID="571a26…65b548" from=127.0.0.6:35413 maskBytes=1
        INFO [09-22|08:37:54.661] HOTSTUFF PREPARE QC VERIFIED             number=55 viewID="83f735…b422e1" from=127.0.0.7:36231 maskBytes=1
        INFO [09-22|08:37:54.661] handleNewViewMsg got new view message    from=127.0.0.2:44061 viewId="20cc5a…1129c2"
        INFO [09-22|08:37:54.673] handleNewViewMsg got new view message    from=127.0.0.6:35413 viewId="20cc5a…1129c2"
        INFO [09-22|08:37:54.684] handleNewViewMsg got new view message    from=127.0.0.3:46101 viewId="20cc5a…1129c2"
        INFO [09-22|08:37:54.694] handleNewViewMsg got new view message    from=127.0.0.5:34057 viewId="20cc5a…1129c2"
        INFO [09-22|08:37:54.705] handleNewViewMsg got new view message    from=127.0.0.4:44513 viewId="20cc5a…1129c2"
        INFO [09-22|08:37:54.748] handleNewViewMsg got new view message    from=127.0.0.7:36231 viewId="20cc5a…1129c2"
        INFO [09-22|08:37:54.758] handleNewViewMsg got new view message    from=127.0.0.8:38239 viewId="20cc5a…1129c2"
        INFO [09-22|08:37:54.880] HOTSTUFF PREPARE QC BROADCAST            number=56 viewID="20cc5a…1129c2" votes=5 threshold=5
        INFO [09-22|08:37:54.904] HOTSTUFF PREPARE QC VERIFIED             number=56 viewID="20cc5a…1129c2" from=127.0.0.8:38239 maskBytes=1
        INFO [09-22|08:38:13.380] handleNewViewMsg got new view message    from=127.0.0.3:46101 viewId="86c8b6…306e98"
        INFO [09-22|08:38:13.399] handleNewViewMsg got new view message    from=127.0.0.8:38239 viewId="86c8b6…306e98"
        INFO [09-22|08:38:13.413] handleNewViewMsg got new view message    from=127.0.0.2:44061 viewId="86c8b6…306e98"
        INFO [09-22|08:38:13.429] handleNewViewMsg got new view message    from=127.0.0.7:36231 viewId="86c8b6…306e98"
        INFO [09-22|08:38:13.448] handleNewViewMsg got new view message    from=127.0.0.6:35413 viewId="86c8b6…306e98"
        INFO [09-22|08:38:13.502] handleNewViewMsg got new view message    from=127.0.0.5:34057 viewId="86c8b6…306e98"
        INFO [09-22|08:38:13.517] handleNewViewMsg got new view message    from=127.0.0.4:44513 viewId="86c8b6…306e98"
        ERROR[09-22|08:38:20.830] DEX sidecar exited; Common continues     err="signal: killed"
    dex_financial_cli_test.go:107: ordinary CLI full log /tmp/dex-normal-cli-failure-4230863384.log
    dex_financial_cli_test.go:112: ordinary Common5: WARN [09-22|08:36:02.531] Upgrade blockchain database version      from=<nil> to=10
        WARN [09-22|08:36:06.904] GetBlockByNumer                          number=0
        INFO [09-22|08:36:07.009] DEX sidecar active                       index=5 mode=native-finance datadir=/tmp/TestFHSNativeFinancialOrdinaryCLI369536924/001/common-5/dex
        INFO [09-22|08:36:11.223] HOTSTUFF PREPARE QC VERIFIED             number=4 viewID="4fe511…4f42f3" from=127.0.0.5:34057 maskBytes=1
        INFO [09-22|08:36:11.728] HOTSTUFF PREPARE QC VERIFIED             number=5 viewID="d57c00…bba144" from=127.0.0.6:35413 maskBytes=1
        INFO [09-22|08:36:11.730] handleNewViewMsg got new view message    from=127.0.0.4:44513 viewId="0adeb3…31e360"
        INFO [09-22|08:36:11.745] handleNewViewMsg got new view message    from=127.0.0.2:44061 viewId="0adeb3…31e360"
        INFO [09-22|08:36:11.757] handleNewViewMsg got new view message    from=127.0.0.5:34057 viewId="0adeb3…31e360"
        INFO [09-22|08:36:11.768] handleNewViewMsg got new view message    from=127.0.0.8:38239 viewId="0adeb3…31e360"
        INFO [09-22|08:36:11.777] handleNewViewMsg got new view message    from=127.0.0.3:46101 viewId="0adeb3…31e360"
        INFO [09-22|08:36:11.821] handleNewViewMsg got new view message    from=127.0.0.6:35413 viewId="0adeb3…31e360"
        INFO [09-22|08:36:11.844] handleNewViewMsg got new view message    from=127.0.0.7:36231 viewId="0adeb3…31e360"
        INFO [09-22|08:36:11.999] HOTSTUFF PREPARE QC BROADCAST            number=6 viewID="0adeb3…31e360" votes=5 threshold=5
        INFO [09-22|08:36:12.023] HOTSTUFF PREPARE QC VERIFIED             number=6 viewID="0adeb3…31e360" from=127.0.0.7:36231 maskBytes=1
        INFO [09-22|08:36:12.297] HOTSTUFF PREPARE QC VERIFIED             number=7 viewID="5eff07…b024e3" from=127.0.0.8:38239 maskBytes=1
        INFO [09-22|08:36:12.861] HOTSTUFF PREPARE QC VERIFIED             number=8 viewID="6396b6…0c2b18" from=127.0.0.2:44061 maskBytes=1
        INFO [09-22|08:36:13.419] HOTSTUFF PREPARE QC VERIFIED             number=9 viewID="0f31fd…937ea1" from=127.0.0.3:46101 maskBytes=1
        INFO [09-22|08:36:13.679] HOTSTUFF PREPARE QC VERIFIED             number=10 viewID="c1f082…02899d" from=127.0.0.4:44513 maskBytes=1
        INFO [09-22|08:36:13.949] HOTSTUFF PREPARE QC VERIFIED             number=11 viewID="dcd53f…b098a6" from=127.0.0.5:34057 maskBytes=1
        INFO [09-22|08:36:14.259] HOTSTUFF PREPARE QC VERIFIED             number=12 viewID="34299c…1482b4" from=127.0.0.6:35413 maskBytes=1
        INFO [09-22|08:36:14.261] handleNewViewMsg got new view message    from=127.0.0.5:34057 viewId="f8eb3d…560bda"
        INFO [09-22|08:36:14.276] handleNewViewMsg got new view message    from=127.0.0.2:44061 viewId="f8eb3d…560bda"
        INFO [09-22|08:36:14.288] handleNewViewMsg got new view message    from=127.0.0.4:44513 viewId="f8eb3d…560bda"
        INFO [09-22|08:36:14.296] handleNewViewMsg got new view message    from=127.0.0.6:35413 viewId="f8eb3d…560bda"
        INFO [09-22|08:36:14.304] handleNewViewMsg got new view message    from=127.0.0.7:36231 viewId="f8eb3d…560bda"
        INFO [09-22|08:36:14.355] handleNewViewMsg got new view message    from=127.0.0.8:38239 viewId="f8eb3d…560bda"
        INFO [09-22|08:36:14.367] handleNewViewMsg got new view message    from=127.0.0.3:46101 viewId="f8eb3d…560bda"
        INFO [09-22|08:36:14.559] HOTSTUFF PREPARE QC BROADCAST            number=13 viewID="f8eb3d…560bda" votes=5 threshold=5
        INFO [09-22|08:36:14.584] HOTSTUFF PREPARE QC VERIFIED             number=13 viewID="f8eb3d…560bda" from=127.0.0.7:36231 maskBytes=1
        INFO [09-22|08:36:14.869] HOTSTUFF PREPARE QC VERIFIED             number=14 viewID="c955dc…63237a" from=127.0.0.8:38239 maskBytes=1
        INFO [09-22|08:36:15.169] HOTSTUFF PREPARE QC VERIFIED             number=15 viewID="c2411a…0c9216" from=127.0.0.2:44061 maskBytes=1
        INFO [09-22|08:36:15.497] HOTSTUFF PREPARE QC VERIFIED             number=16 viewID="b4bef6…641004" from=127.0.0.3:46101 maskBytes=1
        INFO [09-22|08:36:15.918] HOTSTUFF PREPARE QC VERIFIED             number=17 viewID="a04a13…faa2a6" from=127.0.0.4:44513 maskBytes=1
        INFO [09-22|08:36:16.203] HOTSTUFF PREPARE QC VERIFIED             number=18 viewID="614019…8a4264" from=127.0.0.5:34057 maskBytes=1
        INFO [09-22|08:36:16.483] HOTSTUFF PREPARE QC VERIFIED             number=19 viewID="feb17a…60003f" from=127.0.0.6:35413 maskBytes=1
        INFO [09-22|08:36:16.489] handleNewViewMsg got new view message    from=127.0.0.3:46101 viewId="9d350a…0b6592"
        INFO [09-22|08:36:16.500] handleNewViewMsg got new view message    from=127.0.0.2:44061 viewId="9d350a…0b6592"
        INFO [09-22|08:36:16.510] handleNewViewMsg got new view message    from=127.0.0.4:44513 viewId="9d350a…0b6592"
        INFO [09-22|08:36:16.519] handleNewViewMsg got new view message    from=127.0.0.8:38239 viewId="9d350a…0b6592"
        INFO [09-22|08:36:16.529] handleNewViewMsg got new view message    from=127.0.0.5:34057 viewId="9d350a…0b6592"
        INFO [09-22|08:36:16.576] handleNewViewMsg got new view message    from=127.0.0.6:35413 viewId="9d350a…0b6592"
        INFO [09-22|08:36:16.586] handleNewViewMsg got new view message    from=127.0.0.7:36231 viewId="9d350a…0b6592"
        INFO [09-22|08:36:16.758] HOTSTUFF PREPARE QC BROADCAST            number=20 viewID="9d350a…0b6592" votes=5 threshold=5
        INFO [09-22|08:36:16.787] HOTSTUFF PREPARE QC VERIFIED             number=20 viewID="9d350a…0b6592" from=127.0.0.7:36231 maskBytes=1
        INFO [09-22|08:36:18.338] HOTSTUFF PREPARE QC VERIFIED             number=21 viewID="91f4f4…7d07b7" from=127.0.0.8:38239 maskBytes=1
        INFO [09-22|08:36:19.222] HOTSTUFF PREPARE QC VERIFIED             number=22 viewID="884bd2…53410e" from=127.0.0.2:44061 maskBytes=1
        INFO [09-22|08:36:19.529] HOTSTUFF PREPARE QC VERIFIED             number=23 viewID="17d152…ef6a36" from=127.0.0.3:46101 maskBytes=1
        INFO [09-22|08:36:28.798] handleNewViewMsg got new view message    from=127.0.0.6:35413 viewId="a8758b…9d5c85"
        INFO [09-22|08:36:28.817] handleNewViewMsg got new view message    from=127.0.0.3:46101 viewId="a8758b…9d5c85"
        INFO [09-22|08:36:28.834] handleNewViewMsg got new view message    from=127.0.0.2:44061 viewId="a8758b…9d5c85"
        INFO [09-22|08:36:28.854] handleNewViewMsg got new view message    from=127.0.0.5:34057 viewId="a8758b…9d5c85"
        INFO [09-22|08:36:28.874] handleNewViewMsg got new view message    from=127.0.0.7:36231 viewId="a8758b…9d5c85"
        INFO [09-22|08:36:28.934] handleNewViewMsg got new view message    from=127.0.0.4:44513 viewId="a8758b…9d5c85"
        INFO [09-22|08:36:28.950] handleNewViewMsg got new view message    from=127.0.0.8:38239 viewId="a8758b…9d5c85"
        INFO [09-22|08:36:50.273] handleNewViewMsg got new view message    from=127.0.0.7:36231 viewId="2b9c36…4645cb"
        INFO [09-22|08:36:50.298] handleNewViewMsg got new view message    from=127.0.0.6:35413 viewId="2b9c36…4645cb"
        INFO [09-22|08:36:50.317] handleNewViewMsg got new view message    from=127.0.0.5:34057 viewId="2b9c36…4645cb"
        INFO [09-22|08:36:50.336] handleNewViewMsg got new view message    from=127.0.0.4:44513 viewId="2b9c36…4645cb"
        INFO [09-22|08:36:50.358] handleNewViewMsg got new view message    from=127.0.0.8:38239 viewId="2b9c36…4645cb"
        INFO [09-22|08:36:50.409] handleNewViewMsg got new view message    from=127.0.0.3:46101 viewId="2b9c36…4645cb"
        INFO [09-22|08:36:50.426] handleNewViewMsg got new view message    from=127.0.0.2:44061 viewId="2b9c36…4645cb"
        INFO [09-22|08:37:11.777] handleNewViewMsg got new view message    from=127.0.0.5:34057 viewId="dc1656…73d71c"
        INFO [09-22|08:37:11.793] handleNewViewMsg got new view message    from=127.0.0.8:38239 viewId="dc1656…73d71c"
        INFO [09-22|08:37:11.812] handleNewViewMsg got new view message    from=127.0.0.2:44061 viewId="dc1656…73d71c"
        INFO [09-22|08:37:11.827] handleNewViewMsg got new view message    from=127.0.0.7:36231 viewId="dc1656…73d71c"
        INFO [09-22|08:37:11.843] handleNewViewMsg got new view message    from=127.0.0.3:46101 viewId="dc1656…73d71c"
        INFO [09-22|08:37:11.901] handleNewViewMsg got new view message    from=127.0.0.6:35413 viewId="dc1656…73d71c"
        INFO [09-22|08:37:11.916] handleNewViewMsg got new view message    from=127.0.0.4:44513 viewId="dc1656…73d71c"
        INFO [09-22|08:37:33.245] handleNewViewMsg got new view message    from=127.0.0.7:36231 viewId="6436b4…cebb1f"
        INFO [09-22|08:37:33.268] handleNewViewMsg got new view message    from=127.0.0.5:34057 viewId="6436b4…cebb1f"
        INFO [09-22|08:37:33.284] handleNewViewMsg got new view message    from=127.0.0.3:46101 viewId="6436b4…cebb1f"
        INFO [09-22|08:37:33.302] handleNewViewMsg got new view message    from=127.0.0.2:44061 viewId="6436b4…cebb1f"
        INFO [09-22|08:37:33.319] handleNewViewMsg got new view message    from=127.0.0.4:44513 viewId="6436b4…cebb1f"
        INFO [09-22|08:37:33.366] handleNewViewMsg got new view message    from=127.0.0.6:35413 viewId="6436b4…cebb1f"
        INFO [09-22|08:37:33.383] handleNewViewMsg got new view message    from=127.0.0.8:38239 viewId="6436b4…cebb1f"
        INFO [09-22|08:37:54.324] HOTSTUFF PREPARE QC VERIFIED             number=54 viewID="571a26…65b548" from=127.0.0.6:35413 maskBytes=1
        INFO [09-22|08:37:54.333] handleNewViewMsg got new view message    from=127.0.0.7:36231 viewId="83f735…b422e1"
        INFO [09-22|08:37:54.353] handleNewViewMsg got new view message    from=127.0.0.6:35413 viewId="83f735…b422e1"
        INFO [09-22|08:37:54.363] handleNewViewMsg got new view message    from=127.0.0.5:34057 viewId="83f735…b422e1"
        INFO [09-22|08:37:54.377] handleNewViewMsg got new view message    from=127.0.0.8:38239 viewId="83f735…b422e1"
        INFO [09-22|08:37:54.388] handleNewViewMsg got new view message    from=127.0.0.2:44061 viewId="83f735…b422e1"
        INFO [09-22|08:37:54.431] handleNewViewMsg got new view message    from=127.0.0.3:46101 viewId="83f735…b422e1"
        INFO [09-22|08:37:54.445] handleNewViewMsg got new view message    from=127.0.0.4:44513 viewId="83f735…b422e1"
        INFO [09-22|08:37:54.607] HOTSTUFF PREPARE QC BROADCAST            number=55 viewID="83f735…b422e1" votes=5 threshold=5
        INFO [09-22|08:37:54.633] HOTSTUFF PREPARE QC VERIFIED             number=55 viewID="83f735…b422e1" from=127.0.0.7:36231 maskBytes=1
        INFO [09-22|08:37:54.903] HOTSTUFF PREPARE QC VERIFIED             number=56 viewID="20cc5a…1129c2" from=127.0.0.8:38239 maskBytes=1
        INFO [09-22|08:38:10.315] handleNewViewMsg got new view message    from=127.0.0.7:36231 viewId="9726db…43f579"
        INFO [09-22|08:38:10.337] handleNewViewMsg got new view message    from=127.0.0.3:46101 viewId="9726db…43f579"
        INFO [09-22|08:38:10.359] handleNewViewMsg got new view message    from=127.0.0.2:44061 viewId="9726db…43f579"
        INFO [09-22|08:38:10.377] handleNewViewMsg got new view message    from=127.0.0.6:35413 viewId="9726db…43f579"
        INFO [09-22|08:38:10.393] handleNewViewMsg got new view message    from=127.0.0.4:44513 viewId="9726db…43f579"
        INFO [09-22|08:38:10.445] handleNewViewMsg got new view message    from=127.0.0.8:38239 viewId="9726db…43f579"
        INFO [09-22|08:38:10.458] handleNewViewMsg got new view message    from=127.0.0.5:34057 viewId="9726db…43f579"
        INFO [09-22|08:38:20.989] HOTSTUFF PREPARE QC VERIFIED             number=65 viewID="8f900a…4633ba" from=127.0.0.3:46101 maskBytes=1
        INFO [09-22|08:38:21.232] HOTSTUFF PREPARE QC VERIFIED             number=66 viewID="272d05…b920b3" from=127.0.0.4:44513 maskBytes=1
        INFO [09-22|08:38:21.458] HOTSTUFF PREPARE QC VERIFIED             number=67 viewID="21830f…222796" from=127.0.0.5:34057 maskBytes=1
        ERROR[09-22|08:38:21.584] DEX sidecar exited; Common continues     err="signal: killed"
    dex_financial_cli_test.go:107: ordinary CLI full log /tmp/dex-normal-cli-failure-889284048.log
    dex_financial_cli_test.go:112: ordinary Common4: rom=127.0.0.2:44061 viewId="d57c00…bba144"
        INFO [09-22|08:36:11.258] handleNewViewMsg got new view message    from=127.0.0.3:46101 viewId="d57c00…bba144"
        INFO [09-22|08:36:11.268] handleNewViewMsg got new view message    from=127.0.0.4:44513 viewId="d57c00…bba144"
        INFO [09-22|08:36:11.281] handleNewViewMsg got new view message    from=127.0.0.8:38239 viewId="d57c00…bba144"
        INFO [09-22|08:36:11.336] handleNewViewMsg got new view message    from=127.0.0.5:34057 viewId="d57c00…bba144"
        INFO [09-22|08:36:11.346] handleNewViewMsg got new view message    from=127.0.0.6:35413 viewId="d57c00…bba144"
        INFO [09-22|08:36:11.676] HOTSTUFF PREPARE QC BROADCAST            number=5 viewID="d57c00…bba144" votes=5 threshold=5
        INFO [09-22|08:36:11.695] HOTSTUFF PREPARE QC VERIFIED             number=5 viewID="d57c00…bba144" from=127.0.0.6:35413 maskBytes=1
        INFO [09-22|08:36:12.049] HOTSTUFF PREPARE QC VERIFIED             number=6 viewID="0adeb3…31e360" from=127.0.0.7:36231 maskBytes=1
        INFO [09-22|08:36:12.292] HOTSTUFF PREPARE QC VERIFIED             number=7 viewID="5eff07…b024e3" from=127.0.0.8:38239 maskBytes=1
        INFO [09-22|08:36:12.831] HOTSTUFF PREPARE QC VERIFIED             number=8 viewID="6396b6…0c2b18" from=127.0.0.2:44061 maskBytes=1
        INFO [09-22|08:36:13.405] HOTSTUFF PREPARE QC VERIFIED             number=9 viewID="0f31fd…937ea1" from=127.0.0.3:46101 maskBytes=1
        INFO [09-22|08:36:13.693] HOTSTUFF PREPARE QC VERIFIED             number=10 viewID="c1f082…02899d" from=127.0.0.4:44513 maskBytes=1
        INFO [09-22|08:36:13.971] HOTSTUFF PREPARE QC VERIFIED             number=11 viewID="dcd53f…b098a6" from=127.0.0.5:34057 maskBytes=1
        INFO [09-22|08:36:13.971] handleNewViewMsg got new view message    from=127.0.0.7:36231 viewId="34299c…1482b4"
        INFO [09-22|08:36:13.986] handleNewViewMsg got new view message    from=127.0.0.3:46101 viewId="34299c…1482b4"
        INFO [09-22|08:36:13.996] handleNewViewMsg got new view message    from=127.0.0.2:44061 viewId="34299c…1482b4"
        INFO [09-22|08:36:14.009] handleNewViewMsg got new view message    from=127.0.0.4:44513 viewId="34299c…1482b4"
        INFO [09-22|08:36:14.022] handleNewViewMsg got new view message    from=127.0.0.5:34057 viewId="34299c…1482b4"
        INFO [09-22|08:36:14.074] handleNewViewMsg got new view message    from=127.0.0.8:38239 viewId="34299c…1482b4"
        INFO [09-22|08:36:14.087] handleNewViewMsg got new view message    from=127.0.0.6:35413 viewId="34299c…1482b4"
        INFO [09-22|08:36:14.218] HOTSTUFF PREPARE QC BROADCAST            number=12 viewID="34299c…1482b4" votes=5 threshold=5
        INFO [09-22|08:36:14.239] HOTSTUFF PREPARE QC VERIFIED             number=12 viewID="34299c…1482b4" from=127.0.0.6:35413 maskBytes=1
        INFO [09-22|08:36:14.589] HOTSTUFF PREPARE QC VERIFIED             number=13 viewID="f8eb3d…560bda" from=127.0.0.7:36231 maskBytes=1
        INFO [09-22|08:36:14.878] HOTSTUFF PREPARE QC VERIFIED             number=14 viewID="c955dc…63237a" from=127.0.0.8:38239 maskBytes=1
        INFO [09-22|08:36:15.189] HOTSTUFF PREPARE QC VERIFIED             number=15 viewID="c2411a…0c9216" from=127.0.0.2:44061 maskBytes=1
        INFO [09-22|08:36:15.503] HOTSTUFF PREPARE QC VERIFIED             number=16 viewID="b4bef6…641004" from=127.0.0.3:46101 maskBytes=1
        INFO [09-22|08:36:15.914] HOTSTUFF PREPARE QC VERIFIED             number=17 viewID="a04a13…faa2a6" from=127.0.0.4:44513 maskBytes=1
        INFO [09-22|08:36:16.193] HOTSTUFF PREPARE QC VERIFIED             number=18 viewID="614019…8a4264" from=127.0.0.5:34057 maskBytes=1
        INFO [09-22|08:36:16.193] handleNewViewMsg got new view message    from=127.0.0.4:44513 viewId="feb17a…60003f"
        INFO [09-22|08:36:16.206] handleNewViewMsg got new view message    from=127.0.0.5:34057 viewId="feb17a…60003f"
        INFO [09-22|08:36:16.215] handleNewViewMsg got new view message    from=127.0.0.8:38239 viewId="feb17a…60003f"
        INFO [09-22|08:36:16.227] handleNewViewMsg got new view message    from=127.0.0.2:44061 viewId="feb17a…60003f"
        INFO [09-22|08:36:16.239] handleNewViewMsg got new view message    from=127.0.0.7:36231 viewId="feb17a…60003f"
        INFO [09-22|08:36:16.281] handleNewViewMsg got new view message    from=127.0.0.3:46101 viewId="feb17a…60003f"
        INFO [09-22|08:36:16.290] handleNewViewMsg got new view message    from=127.0.0.6:35413 viewId="feb17a…60003f"
        INFO [09-22|08:36:16.436] HOTSTUFF PREPARE QC BROADCAST            number=19 viewID="feb17a…60003f" votes=5 threshold=5
        INFO [09-22|08:36:16.462] HOTSTUFF PREPARE QC VERIFIED             number=19 viewID="feb17a…60003f" from=127.0.0.6:35413 maskBytes=1
        INFO [09-22|08:36:16.784] HOTSTUFF PREPARE QC VERIFIED             number=20 viewID="9d350a…0b6592" from=127.0.0.7:36231 maskBytes=1
        INFO [09-22|08:36:18.278] HOTSTUFF PREPARE QC VERIFIED             number=21 viewID="91f4f4…7d07b7" from=127.0.0.8:38239 maskBytes=1
        INFO [09-22|08:36:19.241] HOTSTUFF PREPARE QC VERIFIED             number=22 viewID="884bd2…53410e" from=127.0.0.2:44061 maskBytes=1
        INFO [09-22|08:36:19.535] HOTSTUFF PREPARE QC VERIFIED             number=23 viewID="17d152…ef6a36" from=127.0.0.3:46101 maskBytes=1
        INFO [09-22|08:36:25.693] handleNewViewMsg got new view message    from=127.0.0.6:35413 viewId="8b8848…d44442"
        INFO [09-22|08:36:25.717] handleNewViewMsg got new view message    from=127.0.0.3:46101 viewId="8b8848…d44442"
        INFO [09-22|08:36:25.740] handleNewViewMsg got new view message    from=127.0.0.7:36231 viewId="8b8848…d44442"
        INFO [09-22|08:36:25.759] handleNewViewMsg got new view message    from=127.0.0.2:44061 viewId="8b8848…d44442"
        INFO [09-22|08:36:25.786] handleNewViewMsg got new view message    from=127.0.0.4:44513 viewId="8b8848…d44442"
        INFO [09-22|08:36:25.869] handleNewViewMsg got new view message    from=127.0.0.8:38239 viewId="8b8848…d44442"
        INFO [09-22|08:36:25.885] handleNewViewMsg got new view message    from=127.0.0.5:34057 viewId="8b8848…d44442"
        INFO [09-22|08:36:47.216] handleNewViewMsg got new view message    from=127.0.0.7:36231 viewId="b2e233…c4fac5"
        INFO [09-22|08:36:47.235] handleNewViewMsg got new view message    from=127.0.0.6:35413 viewId="b2e233…c4fac5"
        INFO [09-22|08:36:47.253] handleNewViewMsg got new view message    from=127.0.0.4:44513 viewId="b2e233…c4fac5"
        INFO [09-22|08:36:47.271] handleNewViewMsg got new view message    from=127.0.0.5:34057 viewId="b2e233…c4fac5"
        INFO [09-22|08:36:47.292] handleNewViewMsg got new view message    from=127.0.0.3:46101 viewId="b2e233…c4fac5"
        INFO [09-22|08:36:47.354] handleNewViewMsg got new view message    from=127.0.0.8:38239 viewId="b2e233…c4fac5"
        INFO [09-22|08:36:47.371] handleNewViewMsg got new view message    from=127.0.0.2:44061 viewId="b2e233…c4fac5"
        INFO [09-22|08:37:08.700] handleNewViewMsg got new view message    from=127.0.0.5:34057 viewId="8063d1…ca099f"
        INFO [09-22|08:37:08.721] handleNewViewMsg got new view message    from=127.0.0.3:46101 viewId="8063d1…ca099f"
        INFO [09-22|08:37:08.738] handleNewViewMsg got new view message    from=127.0.0.2:44061 viewId="8063d1…ca099f"
        INFO [09-22|08:37:08.759] handleNewViewMsg got new view message    from=127.0.0.4:44513 viewId="8063d1…ca099f"
        INFO [09-22|08:37:08.776] handleNewViewMsg got new view message    from=127.0.0.6:35413 viewId="8063d1…ca099f"
        INFO [09-22|08:37:08.837] handleNewViewMsg got new view message    from=127.0.0.8:38239 viewId="8063d1…ca099f"
        INFO [09-22|08:37:08.856] handleNewViewMsg got new view message    from=127.0.0.7:36231 viewId="8063d1…ca099f"
        INFO [09-22|08:37:30.180] handleNewViewMsg got new view message    from=127.0.0.3:46101 viewId="6d692e…2bf9e7"
        INFO [09-22|08:37:30.200] handleNewViewMsg got new view message    from=127.0.0.7:36231 viewId="6d692e…2bf9e7"
        INFO [09-22|08:37:30.215] handleNewViewMsg got new view message    from=127.0.0.8:38239 viewId="6d692e…2bf9e7"
        INFO [09-22|08:37:30.234] handleNewViewMsg got new view message    from=127.0.0.5:34057 viewId="6d692e…2bf9e7"
        INFO [09-22|08:37:30.253] handleNewViewMsg got new view message    from=127.0.0.6:35413 viewId="6d692e…2bf9e7"
        INFO [09-22|08:37:30.307] handleNewViewMsg got new view message    from=127.0.0.2:44061 viewId="6d692e…2bf9e7"
        INFO [09-22|08:37:30.325] handleNewViewMsg got new view message    from=127.0.0.4:44513 viewId="6d692e…2bf9e7"
        INFO [09-22|08:37:51.627] handleNewViewMsg got new view message    from=127.0.0.2:44061 viewId="571a26…65b548"
        INFO [09-22|08:37:51.662] handleNewViewMsg got new view message    from=127.0.0.6:35413 viewId="571a26…65b548"
        INFO [09-22|08:37:51.684] handleNewViewMsg got new view message    from=127.0.0.8:38239 viewId="571a26…65b548"
        INFO [09-22|08:37:51.704] handleNewViewMsg got new view message    from=127.0.0.4:44513 viewId="571a26…65b548"
        INFO [09-22|08:37:51.722] handleNewViewMsg got new view message    from=127.0.0.5:34057 viewId="571a26…65b548"
        INFO [09-22|08:37:51.772] handleNewViewMsg got new view message    from=127.0.0.3:46101 viewId="571a26…65b548"
        INFO [09-22|08:37:51.788] handleNewViewMsg got new view message    from=127.0.0.7:36231 viewId="571a26…65b548"
        INFO [09-22|08:37:54.307] HOTSTUFF PREPARE QC BROADCAST            number=54 viewID="571a26…65b548" votes=5 threshold=5
        INFO [09-22|08:37:54.336] HOTSTUFF PREPARE QC VERIFIED             number=54 viewID="571a26…65b548" from=127.0.0.6:35413 maskBytes=1
        INFO [09-22|08:37:54.650] HOTSTUFF PREPARE QC VERIFIED             number=55 viewID="83f735…b422e1" from=127.0.0.7:36231 maskBytes=1
        INFO [09-22|08:37:54.906] HOTSTUFF PREPARE QC VERIFIED             number=56 viewID="20cc5a…1129c2" from=127.0.0.8:38239 maskBytes=1
        INFO [09-22|08:38:07.254] handleNewViewMsg got new view message    from=127.0.0.7:36231 viewId="76751c…170870"
        INFO [09-22|08:38:07.290] handleNewViewMsg got new view message    from=127.0.0.2:44061 viewId="76751c…170870"
        INFO [09-22|08:38:07.311] handleNewViewMsg got new view message    from=127.0.0.3:46101 viewId="76751c…170870"
        INFO [09-22|08:38:07.343] handleNewViewMsg got new view message    from=127.0.0.8:38239 viewId="76751c…170870"
        INFO [09-22|08:38:07.361] handleNewViewMsg got new view message    from=127.0.0.4:44513 viewId="76751c…170870"
        INFO [09-22|08:38:07.412] handleNewViewMsg got new view message    from=127.0.0.6:35413 viewId="76751c…170870"
        INFO [09-22|08:38:07.428] handleNewViewMsg got new view message    from=127.0.0.5:34057 viewId="76751c…170870"
        INFO [09-22|08:38:20.994] HOTSTUFF PREPARE QC VERIFIED             number=65 viewID="8f900a…4633ba" from=127.0.0.3:46101 maskBytes=1
        INFO [09-22|08:38:21.248] HOTSTUFF PREPARE QC VERIFIED             number=66 viewID="272d05…b920b3" from=127.0.0.4:44513 maskBytes=1
        INFO [09-22|08:38:21.467] HOTSTUFF PREPARE QC VERIFIED             number=67 viewID="21830f…222796" from=127.0.0.5:34057 maskBytes=1
        INFO [09-22|08:38:21.467] handleNewViewMsg got new view message    from=127.0.0.3:46101 viewId="a9e9a7…b72679"
        INFO [09-22|08:38:21.478] handleNewViewMsg got new view message    from=127.0.0.7:36231 viewId="a9e9a7…b72679"
        INFO [09-22|08:38:21.489] handleNewViewMsg got new view message    from=127.0.0.2:44061 viewId="a9e9a7…b72679"
        INFO [09-22|08:38:21.500] handleNewViewMsg got new view message    from=127.0.0.5:34057 viewId="a9e9a7…b72679"
        INFO [09-22|08:38:21.511] handleNewViewMsg got new view message    from=127.0.0.4:44513 viewId="a9e9a7…b72679"
        INFO [09-22|08:38:21.557] handleNewViewMsg got new view message    from=127.0.0.6:35413 viewId="a9e9a7…b72679"
        INFO [09-22|08:38:21.719] HOTSTUFF PREPARE QC BROADCAST            number=68 viewID="a9e9a7…b72679" votes=5 threshold=5
        INFO [09-22|08:38:21.739] HOTSTUFF PREPARE QC VERIFIED             number=68 viewID="a9e9a7…b72679" from=127.0.0.6:35413 maskBytes=1
        INFO [09-22|08:38:28.144] HOTSTUFF PREPARE QC VERIFIED             number=71 viewID="81539f…10d7e5" from=127.0.0.2:44061 maskBytes=1
        INFO [09-22|08:38:28.371] HOTSTUFF PREPARE QC VERIFIED             number=72 viewID="790bf6…ecc026" from=127.0.0.3:46101 maskBytes=1
    dex_financial_cli_test.go:107: ordinary CLI full log /tmp/dex-normal-cli-failure-4197981712.log
    dex_financial_cli_test.go:112: ordinary Common3: 5:34057 viewId="4fe511…4f42f3"
        INFO [09-22|08:36:08.328] handleNewViewMsg got new view message    from=127.0.0.3:46101 viewId="4fe511…4f42f3"
        INFO [09-22|08:36:08.347] handleNewViewMsg got new view message    from=127.0.0.7:36231 viewId="4fe511…4f42f3"
        INFO [09-22|08:36:08.358] handleNewViewMsg got new view message    from=127.0.0.2:44061 viewId="4fe511…4f42f3"
        INFO [09-22|08:36:08.383] handleNewViewMsg got new view message    from=127.0.0.6:35413 viewId="4fe511…4f42f3"
        INFO [09-22|08:36:10.768] handleNewViewMsg got new view message    from=127.0.0.8:38239 viewId="4fe511…4f42f3"
        INFO [09-22|08:36:11.206] HOTSTUFF PREPARE QC BROADCAST            number=4 viewID="4fe511…4f42f3" votes=5 threshold=5
        INFO [09-22|08:36:11.230] HOTSTUFF PREPARE QC VERIFIED             number=4 viewID="4fe511…4f42f3" from=127.0.0.5:34057 maskBytes=1
        INFO [09-22|08:36:11.707] HOTSTUFF PREPARE QC VERIFIED             number=5 viewID="d57c00…bba144" from=127.0.0.6:35413 maskBytes=1
        INFO [09-22|08:36:12.033] HOTSTUFF PREPARE QC VERIFIED             number=6 viewID="0adeb3…31e360" from=127.0.0.7:36231 maskBytes=1
        INFO [09-22|08:36:12.294] HOTSTUFF PREPARE QC VERIFIED             number=7 viewID="5eff07…b024e3" from=127.0.0.8:38239 maskBytes=1
        INFO [09-22|08:36:12.886] HOTSTUFF PREPARE QC VERIFIED             number=8 viewID="6396b6…0c2b18" from=127.0.0.2:44061 maskBytes=1
        INFO [09-22|08:36:13.401] HOTSTUFF PREPARE QC VERIFIED             number=9 viewID="0f31fd…937ea1" from=127.0.0.3:46101 maskBytes=1
        INFO [09-22|08:36:13.678] HOTSTUFF PREPARE QC VERIFIED             number=10 viewID="c1f082…02899d" from=127.0.0.4:44513 maskBytes=1
        INFO [09-22|08:36:13.679] handleNewViewMsg got new view message    from=127.0.0.2:44061 viewId="dcd53f…b098a6"
        INFO [09-22|08:36:13.693] handleNewViewMsg got new view message    from=127.0.0.4:44513 viewId="dcd53f…b098a6"
        INFO [09-22|08:36:13.703] handleNewViewMsg got new view message    from=127.0.0.7:36231 viewId="dcd53f…b098a6"
        INFO [09-22|08:36:13.712] handleNewViewMsg got new view message    from=127.0.0.3:46101 viewId="dcd53f…b098a6"
        INFO [09-22|08:36:13.731] handleNewViewMsg got new view message    from=127.0.0.8:38239 viewId="dcd53f…b098a6"
        INFO [09-22|08:36:13.779] handleNewViewMsg got new view message    from=127.0.0.5:34057 viewId="dcd53f…b098a6"
        INFO [09-22|08:36:13.788] handleNewViewMsg got new view message    from=127.0.0.6:35413 viewId="dcd53f…b098a6"
        INFO [09-22|08:36:13.915] HOTSTUFF PREPARE QC BROADCAST            number=11 viewID="dcd53f…b098a6" votes=5 threshold=5
        INFO [09-22|08:36:13.945] HOTSTUFF PREPARE QC VERIFIED             number=11 viewID="dcd53f…b098a6" from=127.0.0.5:34057 maskBytes=1
        INFO [09-22|08:36:14.249] HOTSTUFF PREPARE QC VERIFIED             number=12 viewID="34299c…1482b4" from=127.0.0.6:35413 maskBytes=1
        INFO [09-22|08:36:14.608] HOTSTUFF PREPARE QC VERIFIED             number=13 viewID="f8eb3d…560bda" from=127.0.0.7:36231 maskBytes=1
        INFO [09-22|08:36:14.882] HOTSTUFF PREPARE QC VERIFIED             number=14 viewID="c955dc…63237a" from=127.0.0.8:38239 maskBytes=1
        INFO [09-22|08:36:15.195] HOTSTUFF PREPARE QC VERIFIED             number=15 viewID="c2411a…0c9216" from=127.0.0.2:44061 maskBytes=1
        INFO [09-22|08:36:15.508] HOTSTUFF PREPARE QC VERIFIED             number=16 viewID="b4bef6…641004" from=127.0.0.3:46101 maskBytes=1
        INFO [09-22|08:36:15.908] HOTSTUFF PREPARE QC VERIFIED             number=17 viewID="a04a13…faa2a6" from=127.0.0.4:44513 maskBytes=1
        INFO [09-22|08:36:15.913] handleNewViewMsg got new view message    from=127.0.0.5:34057 viewId="614019…8a4264"
        INFO [09-22|08:36:15.934] handleNewViewMsg got new view message    from=127.0.0.4:44513 viewId="614019…8a4264"
        INFO [09-22|08:36:15.953] handleNewViewMsg got new view message    from=127.0.0.2:44061 viewId="614019…8a4264"
        INFO [09-22|08:36:15.963] handleNewViewMsg got new view message    from=127.0.0.3:46101 viewId="614019…8a4264"
        INFO [09-22|08:36:15.974] handleNewViewMsg got new view message    from=127.0.0.7:36231 viewId="614019…8a4264"
        INFO [09-22|08:36:16.014] handleNewViewMsg got new view message    from=127.0.0.6:35413 viewId="614019…8a4264"
        INFO [09-22|08:36:16.024] handleNewViewMsg got new view message    from=127.0.0.8:38239 viewId="614019…8a4264"
        INFO [09-22|08:36:16.161] HOTSTUFF PREPARE QC BROADCAST            number=18 viewID="614019…8a4264" votes=5 threshold=5
        INFO [09-22|08:36:16.189] HOTSTUFF PREPARE QC VERIFIED             number=18 viewID="614019…8a4264" from=127.0.0.5:34057 maskBytes=1
        INFO [09-22|08:36:16.475] HOTSTUFF PREPARE QC VERIFIED             number=19 viewID="feb17a…60003f" from=127.0.0.6:35413 maskBytes=1
        INFO [09-22|08:36:16.789] HOTSTUFF PREPARE QC VERIFIED             number=20 viewID="9d350a…0b6592" from=127.0.0.7:36231 maskBytes=1
        INFO [09-22|08:36:18.204] HOTSTUFF PREPARE QC VERIFIED             number=21 viewID="91f4f4…7d07b7" from=127.0.0.8:38239 maskBytes=1
        INFO [09-22|08:36:19.258] HOTSTUFF PREPARE QC VERIFIED             number=22 viewID="884bd2…53410e" from=127.0.0.2:44061 maskBytes=1
        INFO [09-22|08:36:19.534] HOTSTUFF PREPARE QC VERIFIED             number=23 viewID="17d152…ef6a36" from=127.0.0.3:46101 maskBytes=1
        INFO [09-22|08:36:22.635] handleNewViewMsg got new view message    from=127.0.0.7:36231 viewId="1d0ba1…6689e1"
        INFO [09-22|08:36:22.657] handleNewViewMsg got new view message    from=127.0.0.3:46101 viewId="1d0ba1…6689e1"
        INFO [09-22|08:36:22.678] handleNewViewMsg got new view message    from=127.0.0.5:34057 viewId="1d0ba1…6689e1"
        INFO [09-22|08:36:22.694] handleNewViewMsg got new view message    from=127.0.0.2:44061 viewId="1d0ba1…6689e1"
        INFO [09-22|08:36:22.712] handleNewViewMsg got new view message    from=127.0.0.6:35413 viewId="1d0ba1…6689e1"
        INFO [09-22|08:36:22.776] handleNewViewMsg got new view message    from=127.0.0.4:44513 viewId="1d0ba1…6689e1"
        INFO [09-22|08:36:22.796] handleNewViewMsg got new view message    from=127.0.0.8:38239 viewId="1d0ba1…6689e1"
        INFO [09-22|08:36:44.139] handleNewViewMsg got new view message    from=127.0.0.5:34057 viewId="222827…4a45ee"
        INFO [09-22|08:36:44.178] handleNewViewMsg got new view message    from=127.0.0.2:44061 viewId="222827…4a45ee"
        INFO [09-22|08:36:44.203] handleNewViewMsg got new view message    from=127.0.0.6:35413 viewId="222827…4a45ee"
        INFO [09-22|08:36:44.234] handleNewViewMsg got new view message    from=127.0.0.7:36231 viewId="222827…4a45ee"
        INFO [09-22|08:36:44.253] handleNewViewMsg got new view message    from=127.0.0.3:46101 viewId="222827…4a45ee"
        INFO [09-22|08:36:44.301] handleNewViewMsg got new view message    from=127.0.0.4:44513 viewId="222827…4a45ee"
        INFO [09-22|08:36:44.317] handleNewViewMsg got new view message    from=127.0.0.8:38239 viewId="222827…4a45ee"
        INFO [09-22|08:37:05.613] handleNewViewMsg got new view message    from=127.0.0.4:44513 viewId="378846…2078bc"
        INFO [09-22|08:37:05.638] handleNewViewMsg got new view message    from=127.0.0.2:44061 viewId="378846…2078bc"
        INFO [09-22|08:37:05.657] handleNewViewMsg got new view message    from=127.0.0.5:34057 viewId="378846…2078bc"
        INFO [09-22|08:37:05.672] handleNewViewMsg got new view message    from=127.0.0.8:38239 viewId="378846…2078bc"
        INFO [09-22|08:37:05.689] handleNewViewMsg got new view message    from=127.0.0.3:46101 viewId="378846…2078bc"
        INFO [09-22|08:37:05.739] handleNewViewMsg got new view message    from=127.0.0.6:35413 viewId="378846…2078bc"
        INFO [09-22|08:37:05.755] handleNewViewMsg got new view message    from=127.0.0.7:36231 viewId="378846…2078bc"
        INFO [09-22|08:37:27.096] handleNewViewMsg got new view message    from=127.0.0.5:34057 viewId="79bfd8…6b0ded"
        INFO [09-22|08:37:27.114] handleNewViewMsg got new view message    from=127.0.0.3:46101 viewId="79bfd8…6b0ded"
        INFO [09-22|08:37:27.133] handleNewViewMsg got new view message    from=127.0.0.7:36231 viewId="79bfd8…6b0ded"
        INFO [09-22|08:37:27.151] handleNewViewMsg got new view message    from=127.0.0.8:38239 viewId="79bfd8…6b0ded"
        INFO [09-22|08:37:27.166] handleNewViewMsg got new view message    from=127.0.0.2:44061 viewId="79bfd8…6b0ded"
        INFO [09-22|08:37:27.214] handleNewViewMsg got new view message    from=127.0.0.4:44513 viewId="79bfd8…6b0ded"
        INFO [09-22|08:37:27.229] handleNewViewMsg got new view message    from=127.0.0.6:35413 viewId="79bfd8…6b0ded"
        INFO [09-22|08:37:48.553] handleNewViewMsg got new view message    from=127.0.0.5:34057 viewId="e43b44…3e660b"
        INFO [09-22|08:37:48.576] handleNewViewMsg got new view message    from=127.0.0.6:35413 viewId="e43b44…3e660b"
        INFO [09-22|08:37:48.592] handleNewViewMsg got new view message    from=127.0.0.8:38239 viewId="e43b44…3e660b"
        INFO [09-22|08:37:48.612] handleNewViewMsg got new view message    from=127.0.0.3:46101 viewId="e43b44…3e660b"
        INFO [09-22|08:37:48.631] handleNewViewMsg got new view message    from=127.0.0.7:36231 viewId="e43b44…3e660b"
        INFO [09-22|08:37:48.679] handleNewViewMsg got new view message    from=127.0.0.4:44513 viewId="e43b44…3e660b"
        INFO [09-22|08:37:48.699] handleNewViewMsg got new view message    from=127.0.0.2:44061 viewId="e43b44…3e660b"
        INFO [09-22|08:37:54.334] HOTSTUFF PREPARE QC VERIFIED             number=54 viewID="571a26…65b548" from=127.0.0.6:35413 maskBytes=1
        INFO [09-22|08:37:54.654] HOTSTUFF PREPARE QC VERIFIED             number=55 viewID="83f735…b422e1" from=127.0.0.7:36231 maskBytes=1
        INFO [09-22|08:37:54.934] HOTSTUFF PREPARE QC VERIFIED             number=56 viewID="20cc5a…1129c2" from=127.0.0.8:38239 maskBytes=1
        INFO [09-22|08:38:04.208] handleNewViewMsg got new view message    from=127.0.0.8:38239 viewId="1b14f3…32ed94"
        INFO [09-22|08:38:04.226] handleNewViewMsg got new view message    from=127.0.0.6:35413 viewId="1b14f3…32ed94"
        INFO [09-22|08:38:04.250] handleNewViewMsg got new view message    from=127.0.0.4:44513 viewId="1b14f3…32ed94"
        INFO [09-22|08:38:04.270] handleNewViewMsg got new view message    from=127.0.0.2:44061 viewId="1b14f3…32ed94"
        INFO [09-22|08:38:04.284] handleNewViewMsg got new view message    from=127.0.0.3:46101 viewId="1b14f3…32ed94"
        INFO [09-22|08:38:04.334] handleNewViewMsg got new view message    from=127.0.0.7:36231 viewId="1b14f3…32ed94"
        INFO [09-22|08:38:04.352] handleNewViewMsg got new view message    from=127.0.0.5:34057 viewId="1b14f3…32ed94"
        INFO [09-22|08:38:20.991] HOTSTUFF PREPARE QC VERIFIED             number=65 viewID="8f900a…4633ba" from=127.0.0.3:46101 maskBytes=1
        INFO [09-22|08:38:21.241] HOTSTUFF PREPARE QC VERIFIED             number=66 viewID="272d05…b920b3" from=127.0.0.4:44513 maskBytes=1
        INFO [09-22|08:38:21.247] handleNewViewMsg got new view message    from=127.0.0.4:44513 viewId="21830f…222796"
        INFO [09-22|08:38:21.259] handleNewViewMsg got new view message    from=127.0.0.5:34057 viewId="21830f…222796"
        INFO [09-22|08:38:21.268] handleNewViewMsg got new view message    from=127.0.0.7:36231 viewId="21830f…222796"
        INFO [09-22|08:38:21.276] handleNewViewMsg got new view message    from=127.0.0.2:44061 viewId="21830f…222796"
        INFO [09-22|08:38:21.285] handleNewViewMsg got new view message    from=127.0.0.6:35413 viewId="21830f…222796"
        INFO [09-22|08:38:21.336] handleNewViewMsg got new view message    from=127.0.0.3:46101 viewId="21830f…222796"
        INFO [09-22|08:38:21.426] HOTSTUFF PREPARE QC BROADCAST            number=67 viewID="21830f…222796" votes=5 threshold=5
        INFO [09-22|08:38:21.443] HOTSTUFF PREPARE QC VERIFIED             number=67 viewID="21830f…222796" from=127.0.0.5:34057 maskBytes=1
        INFO [09-22|08:38:21.758] HOTSTUFF PREPARE QC VERIFIED             number=68 viewID="a9e9a7…b72679" from=127.0.0.6:35413 maskBytes=1
        INFO [09-22|08:38:28.130] HOTSTUFF PREPARE QC VERIFIED             number=71 viewID="81539f…10d7e5" from=127.0.0.2:44061 maskBytes=1
        INFO [09-22|08:38:28.370] HOTSTUFF PREPARE QC VERIFIED             number=72 viewID="790bf6…ecc026" from=127.0.0.3:46101 maskBytes=1
    dex_financial_cli_test.go:107: ordinary CLI full log /tmp/dex-normal-cli-failure-3775827273.log
    dex_financial_cli_test.go:112: ordinary Common2: 127.0.0.5:34057 viewId="45d087…de02ba"
        INFO [09-22|08:36:07.109] handleNewViewMsg got new view message    from=127.0.0.7:36231 viewId="45d087…de02ba"
        INFO [09-22|08:36:11.230] HOTSTUFF PREPARE QC VERIFIED             number=4 viewID="4fe511…4f42f3" from=127.0.0.5:34057 maskBytes=1
        INFO [09-22|08:36:11.702] HOTSTUFF PREPARE QC VERIFIED             number=5 viewID="d57c00…bba144" from=127.0.0.6:35413 maskBytes=1
        INFO [09-22|08:36:12.023] HOTSTUFF PREPARE QC VERIFIED             number=6 viewID="0adeb3…31e360" from=127.0.0.7:36231 maskBytes=1
        INFO [09-22|08:36:12.294] HOTSTUFF PREPARE QC VERIFIED             number=7 viewID="5eff07…b024e3" from=127.0.0.8:38239 maskBytes=1
        INFO [09-22|08:36:12.774] HOTSTUFF PREPARE QC VERIFIED             number=8 viewID="6396b6…0c2b18" from=127.0.0.2:44061 maskBytes=1
        INFO [09-22|08:36:13.418] HOTSTUFF PREPARE QC VERIFIED             number=9 viewID="0f31fd…937ea1" from=127.0.0.3:46101 maskBytes=1
        INFO [09-22|08:36:13.421] handleNewViewMsg got new view message    from=127.0.0.5:34057 viewId="c1f082…02899d"
        INFO [09-22|08:36:13.437] handleNewViewMsg got new view message    from=127.0.0.6:35413 viewId="c1f082…02899d"
        INFO [09-22|08:36:13.445] handleNewViewMsg got new view message    from=127.0.0.8:38239 viewId="c1f082…02899d"
        INFO [09-22|08:36:13.455] handleNewViewMsg got new view message    from=127.0.0.4:44513 viewId="c1f082…02899d"
        INFO [09-22|08:36:13.464] handleNewViewMsg got new view message    from=127.0.0.7:36231 viewId="c1f082…02899d"
        INFO [09-22|08:36:13.512] handleNewViewMsg got new view message    from=127.0.0.2:44061 viewId="c1f082…02899d"
        INFO [09-22|08:36:13.525] handleNewViewMsg got new view message    from=127.0.0.3:46101 viewId="c1f082…02899d"
        INFO [09-22|08:36:13.653] HOTSTUFF PREPARE QC BROADCAST            number=10 viewID="c1f082…02899d" votes=5 threshold=5
        INFO [09-22|08:36:13.672] HOTSTUFF PREPARE QC VERIFIED             number=10 viewID="c1f082…02899d" from=127.0.0.4:44513 maskBytes=1
        INFO [09-22|08:36:13.970] HOTSTUFF PREPARE QC VERIFIED             number=11 viewID="dcd53f…b098a6" from=127.0.0.5:34057 maskBytes=1
        INFO [09-22|08:36:14.250] HOTSTUFF PREPARE QC VERIFIED             number=12 viewID="34299c…1482b4" from=127.0.0.6:35413 maskBytes=1
        INFO [09-22|08:36:14.589] HOTSTUFF PREPARE QC VERIFIED             number=13 viewID="f8eb3d…560bda" from=127.0.0.7:36231 maskBytes=1
        INFO [09-22|08:36:14.871] HOTSTUFF PREPARE QC VERIFIED             number=14 viewID="c955dc…63237a" from=127.0.0.8:38239 maskBytes=1
        INFO [09-22|08:36:15.174] HOTSTUFF PREPARE QC VERIFIED             number=15 viewID="c2411a…0c9216" from=127.0.0.2:44061 maskBytes=1
        INFO [09-22|08:36:15.500] HOTSTUFF PREPARE QC VERIFIED             number=16 viewID="b4bef6…641004" from=127.0.0.3:46101 maskBytes=1
        INFO [09-22|08:36:15.509] handleNewViewMsg got new view message    from=127.0.0.7:36231 viewId="a04a13…faa2a6"
        INFO [09-22|08:36:15.542] handleNewViewMsg got new view message    from=127.0.0.4:44513 viewId="a04a13…faa2a6"
        INFO [09-22|08:36:15.552] handleNewViewMsg got new view message    from=127.0.0.3:46101 viewId="a04a13…faa2a6"
        INFO [09-22|08:36:15.574] handleNewViewMsg got new view message    from=127.0.0.2:44061 viewId="a04a13…faa2a6"
        INFO [09-22|08:36:15.584] handleNewViewMsg got new view message    from=127.0.0.6:35413 viewId="a04a13…faa2a6"
        INFO [09-22|08:36:15.640] handleNewViewMsg got new view message    from=127.0.0.8:38239 viewId="a04a13…faa2a6"
        INFO [09-22|08:36:15.654] handleNewViewMsg got new view message    from=127.0.0.5:34057 viewId="a04a13…faa2a6"
        INFO [09-22|08:36:15.873] HOTSTUFF PREPARE QC BROADCAST            number=17 viewID="a04a13…faa2a6" votes=5 threshold=5
        INFO [09-22|08:36:15.894] HOTSTUFF PREPARE QC VERIFIED             number=17 viewID="a04a13…faa2a6" from=127.0.0.4:44513 maskBytes=1
        INFO [09-22|08:36:16.185] HOTSTUFF PREPARE QC VERIFIED             number=18 viewID="614019…8a4264" from=127.0.0.5:34057 maskBytes=1
        INFO [09-22|08:36:16.467] HOTSTUFF PREPARE QC VERIFIED             number=19 viewID="feb17a…60003f" from=127.0.0.6:35413 maskBytes=1
        INFO [09-22|08:36:16.800] HOTSTUFF PREPARE QC VERIFIED             number=20 viewID="9d350a…0b6592" from=127.0.0.7:36231 maskBytes=1
        INFO [09-22|08:36:18.280] HOTSTUFF PREPARE QC VERIFIED             number=21 viewID="91f4f4…7d07b7" from=127.0.0.8:38239 maskBytes=1
        INFO [09-22|08:36:19.264] HOTSTUFF PREPARE QC VERIFIED             number=22 viewID="884bd2…53410e" from=127.0.0.2:44061 maskBytes=1
        INFO [09-22|08:36:19.538] HOTSTUFF PREPARE QC VERIFIED             number=23 viewID="17d152…ef6a36" from=127.0.0.3:46101 maskBytes=1
        INFO [09-22|08:36:19.541] handleNewViewMsg got new view message    from=127.0.0.7:36231 viewId="7f0cf9…e038d0"
        INFO [09-22|08:36:19.551] handleNewViewMsg got new view message    from=127.0.0.8:38239 viewId="7f0cf9…e038d0"
        INFO [09-22|08:36:19.561] handleNewViewMsg got new view message    from=127.0.0.2:44061 viewId="7f0cf9…e038d0"
        INFO [09-22|08:36:19.571] handleNewViewMsg got new view message    from=127.0.0.6:35413 viewId="7f0cf9…e038d0"
        INFO [09-22|08:36:19.583] handleNewViewMsg got new view message    from=127.0.0.3:46101 viewId="7f0cf9…e038d0"
        INFO [09-22|08:36:19.640] handleNewViewMsg got new view message    from=127.0.0.4:44513 viewId="7f0cf9…e038d0"
        INFO [09-22|08:36:19.652] handleNewViewMsg got new view message    from=127.0.0.5:34057 viewId="7f0cf9…e038d0"
        INFO [09-22|08:36:41.092] handleNewViewMsg got new view message    from=127.0.0.8:38239 viewId="0cb6ae…c92f60"
        INFO [09-22|08:36:41.114] handleNewViewMsg got new view message    from=127.0.0.5:34057 viewId="0cb6ae…c92f60"
        INFO [09-22|08:36:41.143] handleNewViewMsg got new view message    from=127.0.0.7:36231 viewId="0cb6ae…c92f60"
        INFO [09-22|08:36:41.164] handleNewViewMsg got new view message    from=127.0.0.4:44513 viewId="0cb6ae…c92f60"
        INFO [09-22|08:36:41.186] handleNewViewMsg got new view message    from=127.0.0.6:35413 viewId="0cb6ae…c92f60"
        INFO [09-22|08:36:41.272] handleNewViewMsg got new view message    from=127.0.0.2:44061 viewId="0cb6ae…c92f60"
        INFO [09-22|08:36:41.287] handleNewViewMsg got new view message    from=127.0.0.3:46101 viewId="0cb6ae…c92f60"
        INFO [09-22|08:37:02.549] handleNewViewMsg got new view message    from=127.0.0.4:44513 viewId="d7cb44…bd94ab"
        INFO [09-22|08:37:02.577] handleNewViewMsg got new view message    from=127.0.0.3:46101 viewId="d7cb44…bd94ab"
        INFO [09-22|08:37:02.597] handleNewViewMsg got new view message    from=127.0.0.8:38239 viewId="d7cb44…bd94ab"
        INFO [09-22|08:37:02.614] handleNewViewMsg got new view message    from=127.0.0.2:44061 viewId="d7cb44…bd94ab"
        INFO [09-22|08:37:02.634] handleNewViewMsg got new view message    from=127.0.0.6:35413 viewId="d7cb44…bd94ab"
        INFO [09-22|08:37:02.691] handleNewViewMsg got new view message    from=127.0.0.5:34057 viewId="d7cb44…bd94ab"
        INFO [09-22|08:37:02.704] handleNewViewMsg got new view message    from=127.0.0.7:36231 viewId="d7cb44…bd94ab"
        INFO [09-22|08:37:24.059] handleNewViewMsg got new view message    from=127.0.0.8:38239 viewId="185a08…30bf8d"
        INFO [09-22|08:37:24.075] handleNewViewMsg got new view message    from=127.0.0.6:35413 viewId="185a08…30bf8d"
        INFO [09-22|08:37:24.095] handleNewViewMsg got new view message    from=127.0.0.3:46101 viewId="185a08…30bf8d"
        INFO [09-22|08:37:24.110] handleNewViewMsg got new view message    from=127.0.0.5:34057 viewId="185a08…30bf8d"
        INFO [09-22|08:37:24.128] handleNewViewMsg got new view message    from=127.0.0.7:36231 viewId="185a08…30bf8d"
        INFO [09-22|08:37:24.177] handleNewViewMsg got new view message    from=127.0.0.4:44513 viewId="185a08…30bf8d"
        INFO [09-22|08:37:24.192] handleNewViewMsg got new view message    from=127.0.0.2:44061 viewId="185a08…30bf8d"
        INFO [09-22|08:37:45.484] handleNewViewMsg got new view message    from=127.0.0.7:36231 viewId="9f918f…60a391"
        INFO [09-22|08:37:45.505] handleNewViewMsg got new view message    from=127.0.0.6:35413 viewId="9f918f…60a391"
        INFO [09-22|08:37:45.522] handleNewViewMsg got new view message    from=127.0.0.8:38239 viewId="9f918f…60a391"
        INFO [09-22|08:37:45.542] handleNewViewMsg got new view message    from=127.0.0.3:46101 viewId="9f918f…60a391"
        INFO [09-22|08:37:45.561] handleNewViewMsg got new view message    from=127.0.0.4:44513 viewId="9f918f…60a391"
        INFO [09-22|08:37:45.615] handleNewViewMsg got new view message    from=127.0.0.5:34057 viewId="9f918f…60a391"
        INFO [09-22|08:37:45.632] handleNewViewMsg got new view message    from=127.0.0.2:44061 viewId="9f918f…60a391"
        INFO [09-22|08:37:54.346] HOTSTUFF PREPARE QC VERIFIED             number=54 viewID="571a26…65b548" from=127.0.0.6:35413 maskBytes=1
        INFO [09-22|08:37:54.653] HOTSTUFF PREPARE QC VERIFIED             number=55 viewID="83f735…b422e1" from=127.0.0.7:36231 maskBytes=1
        INFO [09-22|08:37:54.917] HOTSTUFF PREPARE QC VERIFIED             number=56 viewID="20cc5a…1129c2" from=127.0.0.8:38239 maskBytes=1
        INFO [09-22|08:38:01.089] handleNewViewMsg got new view message    from=127.0.0.4:44513 viewId="26233e…462642"
        INFO [09-22|08:38:01.113] handleNewViewMsg got new view message    from=127.0.0.8:38239 viewId="26233e…462642"
        INFO [09-22|08:38:01.135] handleNewViewMsg got new view message    from=127.0.0.6:35413 viewId="26233e…462642"
        INFO [09-22|08:38:01.156] handleNewViewMsg got new view message    from=127.0.0.3:46101 viewId="26233e…462642"
        INFO [09-22|08:38:01.170] handleNewViewMsg got new view message    from=127.0.0.2:44061 viewId="26233e…462642"
        INFO [09-22|08:38:01.225] handleNewViewMsg got new view message    from=127.0.0.7:36231 viewId="26233e…462642"
        INFO [09-22|08:38:01.244] handleNewViewMsg got new view message    from=127.0.0.5:34057 viewId="26233e…462642"
        INFO [09-22|08:38:20.999] HOTSTUFF PREPARE QC VERIFIED             number=65 viewID="8f900a…4633ba" from=127.0.0.3:46101 maskBytes=1
        INFO [09-22|08:38:21.007] handleNewViewMsg got new view message    from=127.0.0.7:36231 viewId="272d05…b920b3"
        INFO [09-22|08:38:21.017] handleNewViewMsg got new view message    from=127.0.0.5:34057 viewId="272d05…b920b3"
        INFO [09-22|08:38:21.027] handleNewViewMsg got new view message    from=127.0.0.6:35413 viewId="272d05…b920b3"
        INFO [09-22|08:38:21.040] handleNewViewMsg got new view message    from=127.0.0.4:44513 viewId="272d05…b920b3"
        INFO [09-22|08:38:21.052] handleNewViewMsg got new view message    from=127.0.0.2:44061 viewId="272d05…b920b3"
        INFO [09-22|08:38:21.102] handleNewViewMsg got new view message    from=127.0.0.3:46101 viewId="272d05…b920b3"
        INFO [09-22|08:38:21.197] HOTSTUFF PREPARE QC BROADCAST            number=66 viewID="272d05…b920b3" votes=5 threshold=5
        INFO [09-22|08:38:21.209] HOTSTUFF PREPARE QC VERIFIED             number=66 viewID="272d05…b920b3" from=127.0.0.4:44513 maskBytes=1
        INFO [09-22|08:38:21.465] HOTSTUFF PREPARE QC VERIFIED             number=67 viewID="21830f…222796" from=127.0.0.5:34057 maskBytes=1
        INFO [09-22|08:38:21.759] HOTSTUFF PREPARE QC VERIFIED             number=68 viewID="a9e9a7…b72679" from=127.0.0.6:35413 maskBytes=1
        INFO [09-22|08:38:28.135] HOTSTUFF PREPARE QC VERIFIED             number=71 viewID="81539f…10d7e5" from=127.0.0.2:44061 maskBytes=1
        INFO [09-22|08:38:28.373] HOTSTUFF PREPARE QC VERIFIED             number=72 viewID="790bf6…ecc026" from=127.0.0.3:46101 maskBytes=1
        INFO [09-22|08:38:28.376] handleNewViewMsg got new view message    from=127.0.0.6:35413 viewId="efa0d4…c539c3"
        INFO [09-22|08:38:28.388] handleNewViewMsg got new view message    from=127.0.0.3:46101 viewId="efa0d4…c539c3"
        INFO [09-22|08:38:28.397] handleNewViewMsg got new view message    from=127.0.0.5:34057 viewId="efa0d4…c539c3"
        INFO [09-22|08:38:28.406] handleNewViewMsg got new view message    from=127.0.0.4:44513 viewId="efa0d4…c539c3"
        INFO [09-22|08:38:28.416] handleNewViewMsg got new view message    from=127.0.0.2:44061 viewId="efa0d4…c539c3"
    dex_financial_cli_test.go:107: ordinary CLI full log /tmp/dex-normal-cli-failure-3959790354.log
    dex_financial_cli_test.go:112: ordinary Common1: mber=6 viewID="0adeb3…31e360" from=127.0.0.7:36231 maskBytes=1
        INFO [09-22|08:36:12.292] HOTSTUFF PREPARE QC VERIFIED             number=7 viewID="5eff07…b024e3" from=127.0.0.8:38239 maskBytes=1
        INFO [09-22|08:36:12.841] HOTSTUFF PREPARE QC VERIFIED             number=8 viewID="6396b6…0c2b18" from=127.0.0.2:44061 maskBytes=1
        INFO [09-22|08:36:12.883] handleNewViewMsg got new view message    from=127.0.0.2:44061 viewId="0f31fd…937ea1"
        INFO [09-22|08:36:12.928] handleNewViewMsg got new view message    from=127.0.0.3:46101 viewId="0f31fd…937ea1"
        INFO [09-22|08:36:13.143] handleNewViewMsg got new view message    from=127.0.0.8:38239 viewId="0f31fd…937ea1"
        INFO [09-22|08:36:13.166] handleNewViewMsg got new view message    from=127.0.0.5:34057 viewId="0f31fd…937ea1"
        INFO [09-22|08:36:13.185] handleNewViewMsg got new view message    from=127.0.0.7:36231 viewId="0f31fd…937ea1"
        INFO [09-22|08:36:13.243] handleNewViewMsg got new view message    from=127.0.0.4:44513 viewId="0f31fd…937ea1"
        INFO [09-22|08:36:13.253] handleNewViewMsg got new view message    from=127.0.0.6:35413 viewId="0f31fd…937ea1"
        INFO [09-22|08:36:13.372] HOTSTUFF PREPARE QC BROADCAST            number=9 viewID="0f31fd…937ea1" votes=5 threshold=5
        INFO [09-22|08:36:13.389] HOTSTUFF PREPARE QC VERIFIED             number=9 viewID="0f31fd…937ea1" from=127.0.0.3:46101 maskBytes=1
        INFO [09-22|08:36:13.685] HOTSTUFF PREPARE QC VERIFIED             number=10 viewID="c1f082…02899d" from=127.0.0.4:44513 maskBytes=1
        INFO [09-22|08:36:13.954] HOTSTUFF PREPARE QC VERIFIED             number=11 viewID="dcd53f…b098a6" from=127.0.0.5:34057 maskBytes=1
        INFO [09-22|08:36:14.266] HOTSTUFF PREPARE QC VERIFIED             number=12 viewID="34299c…1482b4" from=127.0.0.6:35413 maskBytes=1
        INFO [09-22|08:36:14.607] HOTSTUFF PREPARE QC VERIFIED             number=13 viewID="f8eb3d…560bda" from=127.0.0.7:36231 maskBytes=1
        INFO [09-22|08:36:14.876] HOTSTUFF PREPARE QC VERIFIED             number=14 viewID="c955dc…63237a" from=127.0.0.8:38239 maskBytes=1
        INFO [09-22|08:36:15.182] HOTSTUFF PREPARE QC VERIFIED             number=15 viewID="c2411a…0c9216" from=127.0.0.2:44061 maskBytes=1
        INFO [09-22|08:36:15.186] handleNewViewMsg got new view message    from=127.0.0.7:36231 viewId="b4bef6…641004"
        INFO [09-22|08:36:15.197] handleNewViewMsg got new view message    from=127.0.0.4:44513 viewId="b4bef6…641004"
        INFO [09-22|08:36:15.207] handleNewViewMsg got new view message    from=127.0.0.2:44061 viewId="b4bef6…641004"
        INFO [09-22|08:36:15.219] handleNewViewMsg got new view message    from=127.0.0.3:46101 viewId="b4bef6…641004"
        INFO [09-22|08:36:15.232] handleNewViewMsg got new view message    from=127.0.0.6:35413 viewId="b4bef6…641004"
        INFO [09-22|08:36:15.273] handleNewViewMsg got new view message    from=127.0.0.8:38239 viewId="b4bef6…641004"
        INFO [09-22|08:36:15.285] handleNewViewMsg got new view message    from=127.0.0.5:34057 viewId="b4bef6…641004"
        INFO [09-22|08:36:15.459] HOTSTUFF PREPARE QC BROADCAST            number=16 viewID="b4bef6…641004" votes=5 threshold=5
        INFO [09-22|08:36:15.486] HOTSTUFF PREPARE QC VERIFIED             number=16 viewID="b4bef6…641004" from=127.0.0.3:46101 maskBytes=1
        INFO [09-22|08:36:15.917] HOTSTUFF PREPARE QC VERIFIED             number=17 viewID="a04a13…faa2a6" from=127.0.0.4:44513 maskBytes=1
        INFO [09-22|08:36:16.202] HOTSTUFF PREPARE QC VERIFIED             number=18 viewID="614019…8a4264" from=127.0.0.5:34057 maskBytes=1
        INFO [09-22|08:36:16.464] HOTSTUFF PREPARE QC VERIFIED             number=19 viewID="feb17a…60003f" from=127.0.0.6:35413 maskBytes=1
        INFO [09-22|08:36:16.788] HOTSTUFF PREPARE QC VERIFIED             number=20 viewID="9d350a…0b6592" from=127.0.0.7:36231 maskBytes=1
        INFO [09-22|08:36:18.330] HOTSTUFF PREPARE QC VERIFIED             number=21 viewID="91f4f4…7d07b7" from=127.0.0.8:38239 maskBytes=1
        INFO [09-22|08:36:18.481] HOTSTUFF PREPARE QC VERIFIED             number=21 viewID="91f4f4…7d07b7" from=127.0.0.8:38239 maskBytes=1
        INFO [09-22|08:36:19.240] HOTSTUFF PREPARE QC VERIFIED             number=22 viewID="884bd2…53410e" from=127.0.0.2:44061 maskBytes=1
        INFO [09-22|08:36:19.240] handleNewViewMsg got new view message    from=127.0.0.7:36231 viewId="17d152…ef6a36"
        INFO [09-22|08:36:19.263] handleNewViewMsg got new view message    from=127.0.0.2:44061 viewId="17d152…ef6a36"
        INFO [09-22|08:36:19.274] handleNewViewMsg got new view message    from=127.0.0.6:35413 viewId="17d152…ef6a36"
        INFO [09-22|08:36:19.283] handleNewViewMsg got new view message    from=127.0.0.5:34057 viewId="17d152…ef6a36"
        INFO [09-22|08:36:19.295] handleNewViewMsg got new view message    from=127.0.0.4:44513 viewId="17d152…ef6a36"
        INFO [09-22|08:36:19.337] handleNewViewMsg got new view message    from=127.0.0.3:46101 viewId="17d152…ef6a36"
        INFO [09-22|08:36:19.351] handleNewViewMsg got new view message    from=127.0.0.8:38239 viewId="17d152…ef6a36"
        INFO [09-22|08:36:19.499] HOTSTUFF PREPARE QC BROADCAST            number=23 viewID="17d152…ef6a36" votes=5 threshold=5
        INFO [09-22|08:36:19.524] HOTSTUFF PREPARE QC VERIFIED             number=23 viewID="17d152…ef6a36" from=127.0.0.3:46101 maskBytes=1
        INFO [09-22|08:36:38.006] handleNewViewMsg got new view message    from=127.0.0.7:36231 viewId="d0dcb1…905399"
        INFO [09-22|08:36:38.026] handleNewViewMsg got new view message    from=127.0.0.4:44513 viewId="d0dcb1…905399"
        INFO [09-22|08:36:38.044] handleNewViewMsg got new view message    from=127.0.0.3:46101 viewId="d0dcb1…905399"
        INFO [09-22|08:36:38.060] handleNewViewMsg got new view message    from=127.0.0.5:34057 viewId="d0dcb1…905399"
        INFO [09-22|08:36:38.076] handleNewViewMsg got new view message    from=127.0.0.8:38239 viewId="d0dcb1…905399"
        INFO [09-22|08:36:38.130] handleNewViewMsg got new view message    from=127.0.0.2:44061 viewId="d0dcb1…905399"
        INFO [09-22|08:36:38.146] handleNewViewMsg got new view message    from=127.0.0.6:35413 viewId="d0dcb1…905399"
        INFO [09-22|08:36:59.486] handleNewViewMsg got new view message    from=127.0.0.3:46101 viewId="654bc9…1bc7cf"
        INFO [09-22|08:36:59.504] handleNewViewMsg got new view message    from=127.0.0.8:38239 viewId="654bc9…1bc7cf"
        INFO [09-22|08:36:59.522] handleNewViewMsg got new view message    from=127.0.0.2:44061 viewId="654bc9…1bc7cf"
        INFO [09-22|08:36:59.540] handleNewViewMsg got new view message    from=127.0.0.5:34057 viewId="654bc9…1bc7cf"
        INFO [09-22|08:36:59.566] handleNewViewMsg got new view message    from=127.0.0.7:36231 viewId="654bc9…1bc7cf"
        INFO [09-22|08:36:59.626] handleNewViewMsg got new view message    from=127.0.0.4:44513 viewId="654bc9…1bc7cf"
        INFO [09-22|08:36:59.645] handleNewViewMsg got new view message    from=127.0.0.6:35413 viewId="654bc9…1bc7cf"
        INFO [09-22|08:37:20.971] handleNewViewMsg got new view message    from=127.0.0.4:44513 viewId="9fb8ad…5140a2"
        INFO [09-22|08:37:20.998] handleNewViewMsg got new view message    from=127.0.0.2:44061 viewId="9fb8ad…5140a2"
        INFO [09-22|08:37:21.017] handleNewViewMsg got new view message    from=127.0.0.8:38239 viewId="9fb8ad…5140a2"
        INFO [09-22|08:37:21.038] handleNewViewMsg got new view message    from=127.0.0.3:46101 viewId="9fb8ad…5140a2"
        INFO [09-22|08:37:21.060] handleNewViewMsg got new view message    from=127.0.0.6:35413 viewId="9fb8ad…5140a2"
        INFO [09-22|08:37:21.125] handleNewViewMsg got new view message    from=127.0.0.7:36231 viewId="9fb8ad…5140a2"
        INFO [09-22|08:37:21.166] handleNewViewMsg got new view message    from=127.0.0.5:34057 viewId="9fb8ad…5140a2"
        INFO [09-22|08:37:42.408] handleNewViewMsg got new view message    from=127.0.0.6:35413 viewId="342f86…311a39"
        INFO [09-22|08:37:42.427] handleNewViewMsg got new view message    from=127.0.0.3:46101 viewId="342f86…311a39"
        INFO [09-22|08:37:42.444] handleNewViewMsg got new view message    from=127.0.0.8:38239 viewId="342f86…311a39"
        INFO [09-22|08:37:42.463] handleNewViewMsg got new view message    from=127.0.0.4:44513 viewId="342f86…311a39"
        INFO [09-22|08:37:42.479] handleNewViewMsg got new view message    from=127.0.0.2:44061 viewId="342f86…311a39"
        INFO [09-22|08:37:42.530] handleNewViewMsg got new view message    from=127.0.0.5:34057 viewId="342f86…311a39"
        INFO [09-22|08:37:42.548] handleNewViewMsg got new view message    from=127.0.0.7:36231 viewId="342f86…311a39"
        INFO [09-22|08:37:54.328] HOTSTUFF PREPARE QC VERIFIED             number=54 viewID="571a26…65b548" from=127.0.0.6:35413 maskBytes=1
        INFO [09-22|08:37:54.648] HOTSTUFF PREPARE QC VERIFIED             number=55 viewID="83f735…b422e1" from=127.0.0.7:36231 maskBytes=1
        INFO [09-22|08:37:54.906] HOTSTUFF PREPARE QC VERIFIED             number=56 viewID="20cc5a…1129c2" from=127.0.0.8:38239 maskBytes=1
        INFO [09-22|08:37:57.986] handleNewViewMsg got new view message    from=127.0.0.6:35413 viewId="670d6c…1db0df"
        INFO [09-22|08:37:58.004] handleNewViewMsg got new view message    from=127.0.0.3:46101 viewId="670d6c…1db0df"
        INFO [09-22|08:37:58.026] handleNewViewMsg got new view message    from=127.0.0.8:38239 viewId="670d6c…1db0df"
        INFO [09-22|08:37:58.047] handleNewViewMsg got new view message    from=127.0.0.7:36231 viewId="670d6c…1db0df"
        INFO [09-22|08:37:58.066] handleNewViewMsg got new view message    from=127.0.0.5:34057 viewId="670d6c…1db0df"
        INFO [09-22|08:37:58.114] handleNewViewMsg got new view message    from=127.0.0.2:44061 viewId="670d6c…1db0df"
        INFO [09-22|08:37:58.130] handleNewViewMsg got new view message    from=127.0.0.4:44513 viewId="670d6c…1db0df"
        INFO [09-22|08:38:19.501] handleNewViewMsg got new view message    from=127.0.0.8:38239 viewId="8f900a…4633ba"
        INFO [09-22|08:38:19.519] handleNewViewMsg got new view message    from=127.0.0.3:46101 viewId="8f900a…4633ba"
        INFO [09-22|08:38:19.541] handleNewViewMsg got new view message    from=127.0.0.2:44061 viewId="8f900a…4633ba"
        INFO [09-22|08:38:19.558] handleNewViewMsg got new view message    from=127.0.0.4:44513 viewId="8f900a…4633ba"
        INFO [09-22|08:38:19.573] handleNewViewMsg got new view message    from=127.0.0.7:36231 viewId="8f900a…4633ba"
        INFO [09-22|08:38:19.619] handleNewViewMsg got new view message    from=127.0.0.6:35413 viewId="8f900a…4633ba"
        INFO [09-22|08:38:19.640] handleNewViewMsg got new view message    from=127.0.0.5:34057 viewId="8f900a…4633ba"
        INFO [09-22|08:38:20.973] HOTSTUFF PREPARE QC BROADCAST            number=65 viewID="8f900a…4633ba" votes=5 threshold=5
        INFO [09-22|08:38:20.989] HOTSTUFF PREPARE QC VERIFIED             number=65 viewID="8f900a…4633ba" from=127.0.0.3:46101 maskBytes=1
        INFO [09-22|08:38:21.248] HOTSTUFF PREPARE QC VERIFIED             number=66 viewID="272d05…b920b3" from=127.0.0.4:44513 maskBytes=1
        INFO [09-22|08:38:21.456] HOTSTUFF PREPARE QC VERIFIED             number=67 viewID="21830f…222796" from=127.0.0.5:34057 maskBytes=1
        INFO [09-22|08:38:21.762] HOTSTUFF PREPARE QC VERIFIED             number=68 viewID="a9e9a7…b72679" from=127.0.0.6:35413 maskBytes=1
        INFO [09-22|08:38:28.134] HOTSTUFF PREPARE QC VERIFIED             number=71 viewID="81539f…10d7e5" from=127.0.0.2:44061 maskBytes=1
        INFO [09-22|08:38:28.140] handleNewViewMsg got new view message    from=127.0.0.5:34057 viewId="790bf6…ecc026"
        INFO [09-22|08:38:28.149] handleNewViewMsg got new view message    from=127.0.0.2:44061 viewId="790bf6…ecc026"
        INFO [09-22|08:38:28.158] handleNewViewMsg got new view message    from=127.0.0.3:46101 viewId="790bf6…ecc026"
        INFO [09-22|08:38:28.167] handleNewViewMsg got new view message    from=127.0.0.4:44513 viewId="790bf6…ecc026"
        INFO [09-22|08:38:28.176] handleNewViewMsg got new view message    from=127.0.0.6:35413 viewId="790bf6…ecc026"
        INFO [09-22|08:38:28.335] HOTSTUFF PREPARE QC BROADCAST            number=72 viewID="790bf6…ecc026" votes=5 threshold=5
        INFO [09-22|08:38:28.348] HOTSTUFF PREPARE QC VERIFIED             number=72 viewID="790bf6…ecc026" from=127.0.0.3:46101 maskBytes=1
    dex_financial_cli_test.go:107: ordinary CLI full log /tmp/dex-normal-cli-failure-4000232757.log
    dex_financial_cli_test.go:112: ordinary Common0: ID="4fe511…4f42f3" from=127.0.0.5:34057 maskBytes=1
        INFO [09-22|08:36:11.708] HOTSTUFF PREPARE QC VERIFIED             number=5 viewID="d57c00…bba144" from=127.0.0.6:35413 maskBytes=1
        INFO [09-22|08:36:12.051] HOTSTUFF PREPARE QC VERIFIED             number=6 viewID="0adeb3…31e360" from=127.0.0.7:36231 maskBytes=1
        INFO [09-22|08:36:12.292] HOTSTUFF PREPARE QC VERIFIED             number=7 viewID="5eff07…b024e3" from=127.0.0.8:38239 maskBytes=1
        INFO [09-22|08:36:12.300] handleNewViewMsg got new view message    from=127.0.0.8:38239 viewId="6396b6…0c2b18"
        INFO [09-22|08:36:12.311] handleNewViewMsg got new view message    from=127.0.0.2:44061 viewId="6396b6…0c2b18"
        INFO [09-22|08:36:12.324] handleNewViewMsg got new view message    from=127.0.0.5:34057 viewId="6396b6…0c2b18"
        INFO [09-22|08:36:12.335] handleNewViewMsg got new view message    from=127.0.0.3:46101 viewId="6396b6…0c2b18"
        INFO [09-22|08:36:12.351] handleNewViewMsg got new view message    from=127.0.0.4:44513 viewId="6396b6…0c2b18"
        INFO [09-22|08:36:12.396] handleNewViewMsg got new view message    from=127.0.0.6:35413 viewId="6396b6…0c2b18"
        INFO [09-22|08:36:12.405] handleNewViewMsg got new view message    from=127.0.0.7:36231 viewId="6396b6…0c2b18"
        INFO [09-22|08:36:12.637] HOTSTUFF PREPARE QC BROADCAST            number=8 viewID="6396b6…0c2b18" votes=5 threshold=5
        INFO [09-22|08:36:12.664] HOTSTUFF PREPARE QC VERIFIED             number=8 viewID="6396b6…0c2b18" from=127.0.0.2:44061 maskBytes=1
        INFO [09-22|08:36:13.414] HOTSTUFF PREPARE QC VERIFIED             number=9 viewID="0f31fd…937ea1" from=127.0.0.3:46101 maskBytes=1
        INFO [09-22|08:36:13.673] HOTSTUFF PREPARE QC VERIFIED             number=10 viewID="c1f082…02899d" from=127.0.0.4:44513 maskBytes=1
        INFO [09-22|08:36:13.964] HOTSTUFF PREPARE QC VERIFIED             number=11 viewID="dcd53f…b098a6" from=127.0.0.5:34057 maskBytes=1
        INFO [09-22|08:36:14.248] HOTSTUFF PREPARE QC VERIFIED             number=12 viewID="34299c…1482b4" from=127.0.0.6:35413 maskBytes=1
        INFO [09-22|08:36:14.600] HOTSTUFF PREPARE QC VERIFIED             number=13 viewID="f8eb3d…560bda" from=127.0.0.7:36231 maskBytes=1
        INFO [09-22|08:36:14.873] HOTSTUFF PREPARE QC VERIFIED             number=14 viewID="c955dc…63237a" from=127.0.0.8:38239 maskBytes=1
        INFO [09-22|08:36:14.880] handleNewViewMsg got new view message    from=127.0.0.4:44513 viewId="c2411a…0c9216"
        INFO [09-22|08:36:14.891] handleNewViewMsg got new view message    from=127.0.0.2:44061 viewId="c2411a…0c9216"
        INFO [09-22|08:36:14.900] handleNewViewMsg got new view message    from=127.0.0.3:46101 viewId="c2411a…0c9216"
        INFO [09-22|08:36:14.911] handleNewViewMsg got new view message    from=127.0.0.8:38239 viewId="c2411a…0c9216"
        INFO [09-22|08:36:14.920] handleNewViewMsg got new view message    from=127.0.0.7:36231 viewId="c2411a…0c9216"
        INFO [09-22|08:36:14.974] handleNewViewMsg got new view message    from=127.0.0.5:34057 viewId="c2411a…0c9216"
        INFO [09-22|08:36:14.984] handleNewViewMsg got new view message    from=127.0.0.6:35413 viewId="c2411a…0c9216"
        INFO [09-22|08:36:15.147] HOTSTUFF PREPARE QC BROADCAST            number=15 viewID="c2411a…0c9216" votes=5 threshold=5
        INFO [09-22|08:36:15.170] HOTSTUFF PREPARE QC VERIFIED             number=15 viewID="c2411a…0c9216" from=127.0.0.2:44061 maskBytes=1
        INFO [09-22|08:36:15.505] HOTSTUFF PREPARE QC VERIFIED             number=16 viewID="b4bef6…641004" from=127.0.0.3:46101 maskBytes=1
        INFO [09-22|08:36:15.910] HOTSTUFF PREPARE QC VERIFIED             number=17 viewID="a04a13…faa2a6" from=127.0.0.4:44513 maskBytes=1
        INFO [09-22|08:36:16.201] HOTSTUFF PREPARE QC VERIFIED             number=18 viewID="614019…8a4264" from=127.0.0.5:34057 maskBytes=1
        INFO [09-22|08:36:16.466] HOTSTUFF PREPARE QC VERIFIED             number=19 viewID="feb17a…60003f" from=127.0.0.6:35413 maskBytes=1
        INFO [09-22|08:36:16.790] HOTSTUFF PREPARE QC VERIFIED             number=20 viewID="9d350a…0b6592" from=127.0.0.7:36231 maskBytes=1
        INFO [09-22|08:36:18.209] HOTSTUFF PREPARE QC VERIFIED             number=21 viewID="91f4f4…7d07b7" from=127.0.0.8:38239 maskBytes=1
        INFO [09-22|08:36:18.212] handleNewViewMsg got new view message    from=127.0.0.8:38239 viewId="884bd2…53410e"
        INFO [09-22|08:36:18.223] handleNewViewMsg got new view message    from=127.0.0.5:34057 viewId="884bd2…53410e"
        INFO [09-22|08:36:18.235] handleNewViewMsg got new view message    from=127.0.0.2:44061 viewId="884bd2…53410e"
        INFO [09-22|08:36:18.284] handleNewViewMsg got new view message    from=127.0.0.4:44513 viewId="884bd2…53410e"
        INFO [09-22|08:36:18.293] handleNewViewMsg got new view message    from=127.0.0.6:35413 viewId="884bd2…53410e"
        INFO [09-22|08:36:18.346] handleNewViewMsg got new view message    from=127.0.0.3:46101 viewId="884bd2…53410e"
        INFO [09-22|08:36:18.356] handleNewViewMsg got new view message    from=127.0.0.7:36231 viewId="884bd2…53410e"
        INFO [09-22|08:36:18.946] HOTSTUFF PREPARE QC BROADCAST            number=22 viewID="884bd2…53410e" votes=5 threshold=5
        INFO [09-22|08:36:18.968] HOTSTUFF PREPARE QC VERIFIED             number=22 viewID="884bd2…53410e" from=127.0.0.2:44061 maskBytes=1
        INFO [09-22|08:36:19.535] HOTSTUFF PREPARE QC VERIFIED             number=23 viewID="17d152…ef6a36" from=127.0.0.3:46101 maskBytes=1
        INFO [09-22|08:36:34.945] handleNewViewMsg got new view message    from=127.0.0.2:44061 viewId="dceb10…4b35e2"
        INFO [09-22|08:36:34.972] handleNewViewMsg got new view message    from=127.0.0.4:44513 viewId="dceb10…4b35e2"
        INFO [09-22|08:36:34.988] handleNewViewMsg got new view message    from=127.0.0.8:38239 viewId="dceb10…4b35e2"
        INFO [09-22|08:36:35.005] handleNewViewMsg got new view message    from=127.0.0.5:34057 viewId="dceb10…4b35e2"
        INFO [09-22|08:36:35.022] handleNewViewMsg got new view message    from=127.0.0.7:36231 viewId="dceb10…4b35e2"
        INFO [09-22|08:36:35.074] handleNewViewMsg got new view message    from=127.0.0.6:35413 viewId="dceb10…4b35e2"
        INFO [09-22|08:36:35.088] handleNewViewMsg got new view message    from=127.0.0.3:46101 viewId="dceb10…4b35e2"
        INFO [09-22|08:36:56.418] handleNewViewMsg got new view message    from=127.0.0.7:36231 viewId="86d738…801765"
        INFO [09-22|08:36:56.434] handleNewViewMsg got new view message    from=127.0.0.8:38239 viewId="86d738…801765"
        INFO [09-22|08:36:56.452] handleNewViewMsg got new view message    from=127.0.0.3:46101 viewId="86d738…801765"
        INFO [09-22|08:36:56.469] handleNewViewMsg got new view message    from=127.0.0.5:34057 viewId="86d738…801765"
        INFO [09-22|08:36:56.491] handleNewViewMsg got new view message    from=127.0.0.2:44061 viewId="86d738…801765"
        INFO [09-22|08:36:56.558] handleNewViewMsg got new view message    from=127.0.0.6:35413 viewId="86d738…801765"
        INFO [09-22|08:36:56.578] handleNewViewMsg got new view message    from=127.0.0.4:44513 viewId="86d738…801765"
        INFO [09-22|08:37:17.891] handleNewViewMsg got new view message    from=127.0.0.5:34057 viewId="c3e322…48f191"
        INFO [09-22|08:37:17.908] handleNewViewMsg got new view message    from=127.0.0.4:44513 viewId="c3e322…48f191"
        INFO [09-22|08:37:17.930] handleNewViewMsg got new view message    from=127.0.0.2:44061 viewId="c3e322…48f191"
        INFO [09-22|08:37:17.952] handleNewViewMsg got new view message    from=127.0.0.3:46101 viewId="c3e322…48f191"
        INFO [09-22|08:37:17.969] handleNewViewMsg got new view message    from=127.0.0.6:35413 viewId="c3e322…48f191"
        INFO [09-22|08:37:18.017] handleNewViewMsg got new view message    from=127.0.0.8:38239 viewId="c3e322…48f191"
        INFO [09-22|08:37:18.042] handleNewViewMsg got new view message    from=127.0.0.7:36231 viewId="c3e322…48f191"
        INFO [09-22|08:37:39.372] handleNewViewMsg got new view message    from=127.0.0.6:35413 viewId="30fbf7…81237e"
        INFO [09-22|08:37:39.392] handleNewViewMsg got new view message    from=127.0.0.5:34057 viewId="30fbf7…81237e"
        INFO [09-22|08:37:39.407] handleNewViewMsg got new view message    from=127.0.0.4:44513 viewId="30fbf7…81237e"
        INFO [09-22|08:37:39.426] handleNewViewMsg got new view message    from=127.0.0.8:38239 viewId="30fbf7…81237e"
        INFO [09-22|08:37:39.443] handleNewViewMsg got new view message    from=127.0.0.3:46101 viewId="30fbf7…81237e"
        INFO [09-22|08:37:39.494] handleNewViewMsg got new view message    from=127.0.0.2:44061 viewId="30fbf7…81237e"
        INFO [09-22|08:37:39.510] handleNewViewMsg got new view message    from=127.0.0.7:36231 viewId="30fbf7…81237e"
        INFO [09-22|08:37:54.333] HOTSTUFF PREPARE QC VERIFIED             number=54 viewID="571a26…65b548" from=127.0.0.6:35413 maskBytes=1
        INFO [09-22|08:37:54.648] HOTSTUFF PREPARE QC VERIFIED             number=55 viewID="83f735…b422e1" from=127.0.0.7:36231 maskBytes=1
        INFO [09-22|08:37:54.930] HOTSTUFF PREPARE QC VERIFIED             number=56 viewID="20cc5a…1129c2" from=127.0.0.8:38239 maskBytes=1
        INFO [09-22|08:37:54.933] handleNewViewMsg got new view message    from=127.0.0.7:36231 viewId="4cac56…6800d0"
        INFO [09-22|08:37:54.945] handleNewViewMsg got new view message    from=127.0.0.6:35413 viewId="4cac56…6800d0"
        INFO [09-22|08:37:54.956] handleNewViewMsg got new view message    from=127.0.0.4:44513 viewId="4cac56…6800d0"
        INFO [09-22|08:37:54.966] handleNewViewMsg got new view message    from=127.0.0.8:38239 viewId="4cac56…6800d0"
        INFO [09-22|08:37:54.977] handleNewViewMsg got new view message    from=127.0.0.2:44061 viewId="4cac56…6800d0"
        INFO [09-22|08:37:55.023] handleNewViewMsg got new view message    from=127.0.0.5:34057 viewId="4cac56…6800d0"
        INFO [09-22|08:37:55.047] handleNewViewMsg got new view message    from=127.0.0.3:46101 viewId="4cac56…6800d0"
        INFO [09-22|08:38:16.436] handleNewViewMsg got new view message    from=127.0.0.8:38239 viewId="0c0fb6…5a0e6b"
        INFO [09-22|08:38:16.453] handleNewViewMsg got new view message    from=127.0.0.2:44061 viewId="0c0fb6…5a0e6b"
        INFO [09-22|08:38:16.467] handleNewViewMsg got new view message    from=127.0.0.7:36231 viewId="0c0fb6…5a0e6b"
        INFO [09-22|08:38:16.482] handleNewViewMsg got new view message    from=127.0.0.6:35413 viewId="0c0fb6…5a0e6b"
        INFO [09-22|08:38:16.496] handleNewViewMsg got new view message    from=127.0.0.4:44513 viewId="0c0fb6…5a0e6b"
        INFO [09-22|08:38:16.548] handleNewViewMsg got new view message    from=127.0.0.5:34057 viewId="0c0fb6…5a0e6b"
        INFO [09-22|08:38:16.561] handleNewViewMsg got new view message    from=127.0.0.3:46101 viewId="0c0fb6…5a0e6b"
        INFO [09-22|08:38:20.997] HOTSTUFF PREPARE QC VERIFIED             number=65 viewID="8f900a…4633ba" from=127.0.0.3:46101 maskBytes=1
        INFO [09-22|08:38:21.240] HOTSTUFF PREPARE QC VERIFIED             number=66 viewID="272d05…b920b3" from=127.0.0.4:44513 maskBytes=1
        INFO [09-22|08:38:21.461] HOTSTUFF PREPARE QC VERIFIED             number=67 viewID="21830f…222796" from=127.0.0.5:34057 maskBytes=1
        INFO [09-22|08:38:21.759] HOTSTUFF PREPARE QC VERIFIED             number=68 viewID="a9e9a7…b72679" from=127.0.0.6:35413 maskBytes=1
        INFO [09-22|08:38:27.892] handleNewViewMsg got new view message    from=127.0.0.2:44061 viewId="81539f…10d7e5"
        INFO [09-22|08:38:27.912] handleNewViewMsg got new view message    from=127.0.0.5:34057 viewId="81539f…10d7e5"
        INFO [09-22|08:38:27.931] handleNewViewMsg got new view message    from=127.0.0.4:44513 viewId="81539f…10d7e5"
        INFO [09-22|08:38:27.951] handleNewViewMsg got new view message    from=127.0.0.6:35413 viewId="81539f…10d7e5"
        INFO [09-22|08:38:27.965] handleNewViewMsg got new view message    from=127.0.0.3:46101 viewId="81539f…10d7e5"
        INFO [09-22|08:38:28.110] HOTSTUFF PREPARE QC BROADCAST            number=71 viewID="81539f…10d7e5" votes=5 threshold=5
        INFO [09-22|08:38:28.134] HOTSTUFF PREPARE QC VERIFIED             number=71 viewID="81539f…10d7e5" from=127.0.0.2:44061 maskBytes=1
        INFO [09-22|08:38:28.380] HOTSTUFF PREPARE QC VERIFIED             number=72 viewID="790bf6…ecc026" from=127.0.0.3:46101 maskBytes=1
    fhs_process_recovery_test.go:225: validator 934465 complete log: /tmp/fhs-process-failure-3151501086.log
    fhs_process_recovery_test.go:230: validator 934465 log tail:
        t=2026-09-22T08:35:34+0200 lvl=warn msg=GetBlockByNumer number=0
        t=2026-09-22T08:35:34+0200 lvl=warn msg="Failed to load snapshot, regenerating" err="missing or corrupted snapshot"
        t=2026-09-22T08:35:38+0200 lvl=info msg="HOTSTUFF PROPOSAL MANIFEST stored"     from=127.0.0.1:48722 number=1 proposalID=0x156bd8e349a4cf98daf69624833a9554abd8a513ce30fb2f9f432f8862973595 manifestBytes=1219 missing=1 bodyBytes=1314
        t=2026-09-22T08:35:38+0200 lvl=eror msg="OnPropose wait proposal body"          number=1 proposalID=0x156bd8e349a4cf98daf69624833a9554abd8a513ce30fb2f9f432f8862973595 err="hotstuff view state too old"
        t=2026-09-22T08:35:38+0200 lvl=warn msg="reject new-view before storage"        from=127.0.0.1:41299 viewID=0xaea9b4b1360f7bc0f17e04a168f294868ea26d22345336100d5ed6f9c3864177 err="hotstuff proposal validation pending"
        t=2026-09-22T08:35:38+0200 lvl=warn msg="reject new-view before storage"        from=127.0.0.1:38817 viewID=0xaea9b4b1360f7bc0f17e04a168f294868ea26d22345336100d5ed6f9c3864177 err="hotstuff proposal validation pending"
        t=2026-09-22T08:35:38+0200 lvl=warn msg="reject new-view before storage"        from=127.0.0.1:46372 viewID=0xaea9b4b1360f7bc0f17e04a168f294868ea26d22345336100d5ed6f9c3864177 err="hotstuff proposal validation pending"
        t=2026-09-22T08:35:38+0200 lvl=warn msg="reject new-view before storage"        from=127.0.0.1:48722 viewID=0xaea9b4b1360f7bc0f17e04a168f294868ea26d22345336100d5ed6f9c3864177 err="hotstuff proposal validation pending"
        t=2026-09-22T08:35:38+0200 lvl=warn msg="reject new-view before storage"        from=127.0.0.1:51703 viewID=0xaea9b4b1360f7bc0f17e04a168f294868ea26d22345336100d5ed6f9c3864177 err="hotstuff proposal validation pending"
        t=2026-09-22T08:35:38+0200 lvl=warn msg="reject new-view before storage"        from=127.0.0.1:52869 viewID=0xaea9b4b1360f7bc0f17e04a168f294868ea26d22345336100d5ed6f9c3864177 err="hotstuff proposal validation pending"
        t=2026-09-22T08:35:39+0200 lvl=info msg="HOTSTUFF PROPOSAL REF"                 number=2 viewID=0xaea9b4b1360f7bc0f17e04a168f294868ea26d22345336100d5ed6f9c3864177 proposalID=0x40228607f741e6e3906113a06ad323123b47c74e6d3a1a64e80f790e7881456a blockHash=0xbd88078b0477abb71f613113872e0f089801c52b454712d116ccca7bd7b89b6f bodyHash=0x8e9dd4f570761c88023da855032a4b2c2c5da66c1b6460e241cf8fc60773cdfa bodySize=830 refBytes=439
        t=2026-09-22T08:35:39+0200 lvl=info msg="HOTSTUFF PROPOSAL MANIFEST stored"     from=127.0.0.1:46372 number=3 proposalID=0x85792ccd69d4c1923b1cfaa29f0d657dab5e2fbf341aa05f174ac67a49f9c7c4 manifestBytes=1219 missing=0 bodyBytes=1314
        t=2026-09-22T08:35:40+0200 lvl=info msg="HOTSTUFF PROPOSAL MANIFEST stored"     from=127.0.0.1:46372 number=4 proposalID=0xaaf6f7bd1de937860aa9cb2b8c5abe51f86de0806a057c40a63c87469405edaf manifestBytes=830  missing=0 bodyBytes=830
        t=2026-09-22T08:35:40+0200 lvl=info msg="HOTSTUFF PROPOSAL MANIFEST stored"     from=127.0.0.1:46372 number=5 proposalID=0x37b33bf908b095ed025f3a925c1f7f1f61aeb6a36271dc9e2f7123d60cd3effe manifestBytes=1219 missing=0 bodyBytes=1314
        t=2026-09-22T08:35:40+0200 lvl=info msg="HOTSTUFF PROPOSAL MANIFEST stored"     from=127.0.0.1:46372 number=6 proposalID=0x5e6445076569fe27bb65d2d3812a4a1f2077b1a551affb57cd033a52d7ca1379 manifestBytes=830  missing=0 bodyBytes=830
        t=2026-09-22T08:35:41+0200 lvl=info msg="HOTSTUFF PROPOSAL MANIFEST stored"     from=127.0.0.1:51703 number=7 proposalID=0xfd7ceee0f6c0ef07ac4afeea7e2550e26ce3ff3303d254cabb4219751fa125f4 manifestBytes=1219 missing=0 bodyBytes=1313
        t=2026-09-22T08:35:41+0200 lvl=info msg="HOTSTUFF PROPOSAL MANIFEST stored"     from=127.0.0.1:38817 number=8 proposalID=0x26d2d41f91d6cfa59e3e771409f8f11d9eb84360de4f45ce2a9c9cb0aa533e65 manifestBytes=830  missing=0 bodyBytes=830
        t=2026-09-22T08:35:42+0200 lvl=warn msg=GetBlockByNumer                         number=1
        t=2026-09-22T08:35:42+0200 lvl=warn msg=GetBlockByNumer                         number=7
        t=2026-09-22T08:35:42+0200 lvl=warn msg=GetBlockByNumer                         number=1
        t=2026-09-22T08:35:42+0200 lvl=warn msg=GetBlockByNumer                         number=7
        t=2026-09-22T08:35:47+0200 lvl=warn msg="HOTSTUFF RECOVERY resend NewView"      number=9 viewID=0xe5f54ef88b48050070bd8ca5ea145c4bd7e7336d5587ffca6bbc2ae14cdcba62 to=127.0.0.1:48722
        t=2026-09-22T08:35:52+0200 lvl=warn msg="HOTSTUFF RECOVERY resend NewView"      number=9 viewID=0xe5f54ef88b48050070bd8ca5ea145c4bd7e7336d5587ffca6bbc2ae14cdcba62 to=127.0.0.1:48722
        t=2026-09-22T08:35:57+0200 lvl=warn msg="HOTSTUFF RECOVERY resend NewView"      number=9 viewID=0xe5f54ef88b48050070bd8ca5ea145c4bd7e7336d5587ffca6bbc2ae14cdcba62 to=127.0.0.1:48722
        t=2026-09-22T08:36:02+0200 lvl=warn msg="HOTSTUFF RECOVERY resend NewView"      number=9 viewID=0xe5f54ef88b48050070bd8ca5ea145c4bd7e7336d5587ffca6bbc2ae14cdcba62 to=127.0.0.1:48722
        t=2026-09-22T08:36:07+0200 lvl=warn msg="HOTSTUFF RECOVERY resend NewView"      number=9 viewID=0xe5f54ef88b48050070bd8ca5ea145c4bd7e7336d5587ffca6bbc2ae14cdcba62 to=127.0.0.1:48722
        t=2026-09-22T08:36:12+0200 lvl=warn msg="HOTSTUFF RECOVERY resend NewView"      number=9 viewID=0xe5f54ef88b48050070bd8ca5ea145c4bd7e7336d5587ffca6bbc2ae14cdcba62 to=127.0.0.1:48722
        t=2026-09-22T08:36:17+0200 lvl=warn msg="HOTSTUFF RECOVERY resend NewView"      number=9 viewID=0xe5f54ef88b48050070bd8ca5ea145c4bd7e7336d5587ffca6bbc2ae14cdcba62 to=127.0.0.1:48722
        t=2026-09-22T08:36:19+0200 lvl=info msg="HOTSTUFF PROPOSAL MANIFEST stored"     from=127.0.0.1:48722 number=9 proposalID=0xf4077d0d29b519a7121c78da0369a5fbfc45649b0f832d55752597925f29a06b manifestBytes=1220 missing=0 bodyBytes=20250
        t=2026-09-22T08:36:20+0200 lvl=info msg="HOTSTUFF PROPOSAL MANIFEST stored"     from=127.0.0.1:41299 number=10 proposalID=0x3caec15d11faa92ab21aa74df4beac63292e14616f3b566b2efab19b0a7af3aa manifestBytes=830  missing=0 bodyBytes=830
        t=2026-09-22T08:36:20+0200 lvl=info msg="HOTSTUFF PROPOSAL MANIFEST stored"     from=127.0.0.1:51703 number=11 proposalID=0xcd2a044b5b837ed519e798d6b47df5c6bb3d6146ffede3e2a80776017d75763a manifestBytes=1220 missing=0 bodyBytes=3350
        t=2026-09-22T08:36:21+0200 lvl=info msg="HOTSTUFF PROPOSAL MANIFEST stored"     from=127.0.0.1:41299 number=12 proposalID=0x68affb65ada29606453a680b6d26814e68b1824e0ac479c2260a54981823a129 manifestBytes=830  missing=0 bodyBytes=830
        t=2026-09-22T08:36:21+0200 lvl=info msg="HOTSTUFF PROPOSAL MANIFEST stored"     from=127.0.0.1:41299 number=13 proposalID=0xccbb50b58fe3f81d485604d9e7aea5f62ac42631bb1b79d159ef3dfc4615dbfd manifestBytes=1220 missing=1 bodyBytes=3350
        t=2026-09-22T08:36:21+0200 lvl=eror msg="OnPropose wait proposal body"          number=13 proposalID=0xccbb50b58fe3f81d485604d9e7aea5f62ac42631bb1b79d159ef3dfc4615dbfd err="hotstuff view state too old"
        t=2026-09-22T08:36:21+0200 lvl=warn msg="HOTSTUFF PROPOSAL MANIFEST authority rejected" from=127.0.0.1:52869 leader=127.0.0.1:52869 number=14 proposalID=0x18d6c8cb2b935c0b54b63608f461e3da38534b499e466ecaab5c70967f6f877b err="proposal manifest does not match the current deterministic leader route: manifest key committee is already canonical but is not the current route"
        t=2026-09-22T08:36:21+0200 lvl=info msg="HOTSTUFF PROPOSAL REPAIR REQUEST"      to=127.0.0.1:52869 number=14 proposalID=0x18d6c8cb2b935c0b54b63608f461e3da38534b499e466ecaab5c70967f6f877b missing=0 attempt=0
        t=2026-09-22T08:36:21+0200 lvl=info msg="HOTSTUFF PROPOSAL MANIFEST stored"     from=127.0.0.1:52869 number=14 proposalID=0x18d6c8cb2b935c0b54b63608f461e3da38534b499e466ecaab5c70967f6f877b manifestBytes=830  missing=0 bodyBytes=830
        t=2026-09-22T08:36:22+0200 lvl=info msg="HOTSTUFF PROPOSAL MANIFEST stored"     from=127.0.0.1:51703 number=15 proposalID=0xd0b3beaa835e4a7c9ce89cfb452791d41f350a981458312206669caa03b4a66e manifestBytes=1220 missing=1 bodyBytes=3350
        t=2026-09-22T08:36:22+0200 lvl=eror msg="OnPropose wait proposal body"          number=15 proposalID=0xd0b3beaa835e4a7c9ce89cfb452791d41f350a981458312206669caa03b4a66e err="hotstuff view state too old"
        t=2026-09-22T08:36:22+0200 lvl=warn msg="HOTSTUFF PROPOSAL MANIFEST authority rejected" from=127.0.0.1:46372 leader=127.0.0.1:46372 number=16 proposalID=0x84e9f4ad7a2e9f2ca82ab35a705f511dc0a2cd2bf941a95dca187d9c6de3fae9 err="proposal manifest does not match the current deterministic leader route: manifest key committee is already canonical but is not the current route"
        t=2026-09-22T08:36:22+0200 lvl=warn msg="HandleConn drops connection: closed"   address=127.0.0.1:58506 remot=127.0.0.1:46372
        t=2026-09-22T08:36:22+0200 lvl=eror msg="OnPropose wait proposal body"          number=16 proposalID=0x84e9f4ad7a2e9f2ca82ab35a705f511dc0a2cd2bf941a95dca187d9c6de3fae9 err="hotstuff view state too old"
        t=2026-09-22T08:36:23+0200 lvl=info msg="HOTSTUFF PROPOSAL REPAIR REQUEST"      to=127.0.0.1:46372 number=16 proposalID=0x84e9f4ad7a2e9f2ca82ab35a705f511dc0a2cd2bf941a95dca187d9c6de3fae9 missing=0 attempt=0
        t=2026-09-22T08:36:23+0200 lvl=info msg="HOTSTUFF PROPOSAL MANIFEST stored"     from=127.0.0.1:46372 number=16 proposalID=0x84e9f4ad7a2e9f2ca82ab35a705f511dc0a2cd2bf941a95dca187d9c6de3fae9 manifestBytes=830  missing=0 bodyBytes=830
        t=2026-09-22T08:36:23+0200 lvl=info msg="HOTSTUFF PROPOSAL MANIFEST stored"     from=127.0.0.1:46372 number=17 proposalID=0xe2f24567e42ccb9603b5cc1b75e778432c5ded9ac683c2d7b4a51cd6ed33811a manifestBytes=1220 missing=0 bodyBytes=3350
        t=2026-09-22T08:36:23+0200 lvl=info msg="HOTSTUFF PROPOSAL MANIFEST stored"     from=127.0.0.1:48722 number=18 proposalID=0x99a63e9c51a7d22269e77e1b7652942ab33c5e3af5c8f67c88ae21fcf78e432d manifestBytes=830  missing=0 bodyBytes=830
        t=2026-09-22T08:36:24+0200 lvl=info msg="HOTSTUFF PROPOSAL REF"                 number=19 viewID=0x5d35a5ad7b8aa3a76afe775c55f1391bdd9fbef9cb18379ba758cb48e3c59c9f proposalID=0x99b196fa5a2a76fbe46b0ae82d838208e17cfa31620ee8aba607797da5311326 blockHash=0xf8fdaeb0f10898677f7839f5c67854a6586e0f4488555b1a28f7f1145b1ce81a bodyHash=0xa9f7e742fb8f968edacb68bc9f959eea8edc77209d05891aed774374b5346773 bodySize=3350 refBytes=442
        t=2026-09-22T08:36:24+0200 lvl=warn msg="Send msg try again"                    address=[::]:58506      Couldn't send to=127.0.0.1:52869 error="Operation Canceled"
        t=2026-09-22T08:36:24+0200 lvl=eror msg=CloseConnect                            =[::]:58506 having error closing conn to=127.0.0.1:52869 error="Connection Closed"
        t=2026-09-22T08:36:24+0200 lvl=info msg="HOTSTUFF PROPOSAL MANIFEST stored"     from=127.0.0.1:52869 number=20 proposalID=0xf9c3ac6fcb2cf03500523e83c362dfb3bf871a2dc9184b9b33fa7d87624e716c manifestBytes=830  missing=0 bodyBytes=830
        t=2026-09-22T08:36:25+0200 lvl=info msg="HOTSTUFF PROPOSAL MANIFEST stored"     from=127.0.0.1:51703 number=21 proposalID=0x67fa54b6bc2aa0ad63157e283f65fce2503db6702bd13c804f6a86af8d06987f manifestBytes=1220 missing=0 bodyBytes=3350
        t=2026-09-22T08:36:25+0200 lvl=info msg="HOTSTUFF PROPOSAL MANIFEST stored"     from=127.0.0.1:38817 number=22 proposalID=0x4b20abd3fa08299b65602774bb6421529fe442432b554e91fb42299f5cb41865 manifestBytes=830  missing=0 bodyBytes=830
        t=2026-09-22T08:36:26+0200 lvl=warn msg="HandleConn drops connection: closed"   address=127.0.0.1:58506 remot=127.0.0.1:41299
        t=2026-09-22T08:36:26+0200 lvl=info msg="HOTSTUFF PROPOSAL REPAIR REQUEST"      to=127.0.0.1:41299 number=23 proposalID=0x333ed50de5cf44e0ff5192de77847387ed36e09d4b705b43044ba20a0f5b7d24 missing=0 attempt=0
        t=2026-09-22T08:36:26+0200 lvl=info msg="HOTSTUFF PROPOSAL MANIFEST stored"     from=127.0.0.1:41299 number=23 proposalID=0x333ed50de5cf44e0ff5192de77847387ed36e09d4b705b43044ba20a0f5b7d24 manifestBytes=1220 missing=0 bodyBytes=3350
        t=2026-09-22T08:36:26+0200 lvl=info msg="HOTSTUFF PROPOSAL MANIFEST stored"     from=127.0.0.1:38817 number=24 proposalID=0x683ea6b3dd35ee259030ab4a661bcde5853c5f68b3722071c408646b5c4f5066 manifestBytes=830  missing=0 bodyBytes=830
        t=2026-09-22T08:36:26+0200 lvl=info msg="HOTSTUFF PROPOSAL MANIFEST stored"     from=127.0.0.1:51703 number=25 proposalID=0x69fcc5d7f23af498434924189cc851e16dfee92ce16d60d574fa00c4eefe439a manifestBytes=1220 missing=1 bodyBytes=3350
        t=2026-09-22T08:36:27+0200 lvl=eror msg="OnPropose wait proposal body"          number=25 proposalID=0x69fcc5d7f23af498434924189cc851e16dfee92ce16d60d574fa00c4eefe439a err="hotstuff view state too old"
        t=2026-09-22T08:36:27+0200 lvl=warn msg="HOTSTUFF PROPOSAL MANIFEST authority rejected" from=127.0.0.1:38817 leader=127.0.0.1:38817 number=26 proposalID=0x5888ca94d492f89ba8bf7b5983164805b4fcc84a0c63eaf55e1768482b0d4e54 err="proposal manifest does not match the current deterministic leader route: manifest key committee is already canonical but is not the current route"
        t=2026-09-22T08:36:27+0200 lvl=warn msg="HandleConn drops connection: closed"   address=127.0.0.1:58506 remot=127.0.0.1:38817
        t=2026-09-22T08:36:27+0200 lvl=info msg="HOTSTUFF PROPOSAL REPAIR REQUEST"      to=127.0.0.1:38817 number=26 proposalID=0x5888ca94d492f89ba8bf7b5983164805b4fcc84a0c63eaf55e1768482b0d4e54 missing=0 attempt=0
        t=2026-09-22T08:36:27+0200 lvl=info msg="HOTSTUFF PROPOSAL MANIFEST stored"     from=127.0.0.1:38817 number=26 proposalID=0x5888ca94d492f89ba8bf7b5983164805b4fcc84a0c63eaf55e1768482b0d4e54 manifestBytes=830  missing=0 bodyBytes=830
        t=2026-09-22T08:36:28+0200 lvl=info msg="HOTSTUFF PROPOSAL MANIFEST stored"     from=127.0.0.1:46372 number=27 proposalID=0xd54b7d1397d6b600dc16035823b59061def7f7134deb1574363e008f94b6a5c3 manifestBytes=1220 missing=1 bodyBytes=3350
        t=2026-09-22T08:36:28+0200 lvl=warn msg="HandleConn drops connection: closed"   address=127.0.0.1:58506 remot=127.0.0.1:46372
        t=2026-09-22T08:36:28+0200 lvl=eror msg="OnPropose wait proposal body"          number=27 proposalID=0xd54b7d1397d6b600dc16035823b59061def7f7134deb1574363e008f94b6a5c3 err="hotstuff view state too old"
        t=2026-09-22T08:36:28+0200 lvl=warn msg="HOTSTUFF PROPOSAL MANIFEST authority rejected" from=127.0.0.1:48722 leader=127.0.0.1:48722 number=28 proposalID=0xdef45bec4070dfa83096d9d3e0d2e959a146a4e42f21ca42a2c5a6f68c467e35 err="proposal manifest does not match the current deterministic leader route: manifest key committee is already canonical but is not the current route"
        t=2026-09-22T08:36:28+0200 lvl=warn msg="HandleConn drops connection: closed"   address=127.0.0.1:58506 remot=127.0.0.1:48722
        t=2026-09-22T08:36:28+0200 lvl=info msg="HOTSTUFF PROPOSAL REPAIR REQUEST"      to=127.0.0.1:48722 number=28 proposalID=0xdef45bec4070dfa83096d9d3e0d2e959a146a4e42f21ca42a2c5a6f68c467e35 missing=0 attempt=0
        t=2026-09-22T08:36:28+0200 lvl=info msg="HOTSTUFF PROPOSAL MANIFEST stored"     from=127.0.0.1:48722 number=28 proposalID=0xdef45bec4070dfa83096d9d3e0d2e959a146a4e42f21ca42a2c5a6f68c467e35 manifestBytes=830  missing=0 bodyBytes=830
        t=2026-09-22T08:36:29+0200 lvl=info msg="HOTSTUFF PROPOSAL MANIFEST stored"     from=127.0.0.1:46372 number=29 proposalID=0x3b5f198ff911878b59ceb8873ee0b98ac3fa4e09c19b70644b773891363dc82c manifestBytes=1220 missing=0 bodyBytes=3350
        t=2026-09-22T08:36:29+0200 lvl=info msg="HOTSTUFF PROPOSAL MANIFEST stored"     from=127.0.0.1:41299 number=30 proposalID=0x986b308481ff67283151e0b026fe3b7306f1683447daa320984d50a0381d85e0 manifestBytes=830  missing=0 bodyBytes=830
        t=2026-09-22T08:36:29+0200 lvl=warn msg="HandleConn drops connection: closed"   address=127.0.0.1:58506 remot=127.0.0.1:41299
        t=2026-09-22T08:36:30+0200 lvl=info msg="HOTSTUFF PROPOSAL MANIFEST stored"     from=127.0.0.1:48722 number=31 proposalID=0x779eb2995c50677160ff7c0bd292ead2aeff6799c7d720ed968cdd7b935bd04a manifestBytes=1220 missing=0 bodyBytes=3350
        t=2026-09-22T08:36:30+0200 lvl=info msg="HOTSTUFF PROPOSAL MANIFEST stored"     from=127.0.0.1:52869 number=32 proposalID=0x6e790eeab707c9da83d02aa39eafd6a731c42708ac73451bc7ef21ff47d8babc manifestBytes=830  missing=0 bodyBytes=830
        t=2026-09-22T08:36:30+0200 lvl=warn msg="HandleConn drops connection: closed"   address=127.0.0.1:58506 remot=127.0.0.1:52869
        t=2026-09-22T08:36:31+0200 lvl=info msg="HOTSTUFF PROPOSAL MANIFEST stored"     from=127.0.0.1:38817 number=33 proposalID=0xad36e8131f609733e8ab158db036ca6e7621880187c2ff695b8748d0e1cb706e manifestBytes=1220 missing=0 bodyBytes=3350
        t=2026-09-22T08:36:31+0200 lvl=info msg="HOTSTUFF PROPOSAL REF"                 number=34 viewID=0x05ae427b26ed3148c961924b5fa0227c2abab7d31c0055ab652f67fdccb74a21 proposalID=0x7d947be2c567c5f315b53c4f90fd7295d35d4745e107f753d6b6e680206f4cc8 blockHash=0x024aae461d719a5fe6f0f928199aa960cb2da7c396ffc67937225fcc9be71e6d bodyHash=0x9bf4408a3b4d9d8f701957e06cf732c93c17da64df61ba2ab962772e463394e0 bodySize=830  refBytes=439
        t=2026-09-22T08:36:31+0200 lvl=warn msg="Send msg try again"                    address=[::]:58506      Couldn't send to=127.0.0.1:46372 error="Operation Canceled"
        t=2026-09-22T08:36:31+0200 lvl=eror msg=CloseConnect                            =[::]:58506 having error closing conn to=127.0.0.1:33866 error="Connection Closed"
        t=2026-09-22T08:36:32+0200 lvl=warn msg="HandleConn drops connection: closed"   address=127.0.0.1:58506 remot=127.0.0.1:38817
        t=2026-09-22T08:36:32+0200 lvl=info msg="HOTSTUFF PROPOSAL MANIFEST stored"     from=127.0.0.1:38817 number=35 proposalID=0x1ab7a33a58cae24d45f90f1e71be984303d12e473e7374e4cfd740704934da36 manifestBytes=1220 missing=0 bodyBytes=3350
        t=2026-09-22T08:36:32+0200 lvl=info msg="HOTSTUFF PROPOSAL MANIFEST stored"     from=127.0.0.1:46372 number=36 proposalID=0x032cd1a6409ad586301116ec707d3bf1f32d2c3c1e0d7e18719986154f736817 manifestBytes=830  missing=0 bodyBytes=830
        t=2026-09-22T08:36:32+0200 lvl=warn msg="HandleConn drops connection: closed"   address=127.0.0.1:58506 remot=127.0.0.1:46372
        t=2026-09-22T08:36:33+0200 lvl=info msg="HOTSTUFF PROPOSAL MANIFEST stored"     from=127.0.0.1:46372 number=37 proposalID=0xe1fe080f42459c80658ef51f079764277585743f4f317a0b9c5667db0a04b843 manifestBytes=1220 missing=1 bodyBytes=3350
        t=2026-09-22T08:36:33+0200 lvl=eror msg="OnPropose wait proposal body"          number=37 proposalID=0xe1fe080f42459c80658ef51f079764277585743f4f317a0b9c5667db0a04b843 err="hotstuff view state too old"
        t=2026-09-22T08:36:33+0200 lvl=warn msg="HOTSTUFF PROPOSAL MANIFEST authority rejected" from=127.0.0.1:48722 leader=127.0.0.1:48722 number=38 proposalID=0x6ef641ef201f4870501f7ac9a57212179ac50aeb2c23f9c11754c2e7f3af2a7e err="proposal manifest does not match the current deterministic leader route: manifest key committee is already canonical but is not the current route"
        t=2026-09-22T08:36:33+0200 lvl=warn msg="reject new-view before storage"        from=127.0.0.1:52869 viewID=0x47f84b0bf54e97b84663459dbfe44467133535d48493c6bece0e29717d9c3fc0 err="hotstuff proposal validation pending"
        t=2026-09-22T08:36:33+0200 lvl=warn msg="reject new-view before storage"        from=127.0.0.1:51703 viewID=0x47f84b0bf54e97b84663459dbfe44467133535d48493c6bece0e29717d9c3fc0 err="hotstuff proposal validation pending"
        t=2026-09-22T08:36:33+0200 lvl=warn msg="reject new-view before storage"        from=127.0.0.1:46372 viewID=0x47f84b0bf54e97b84663459dbfe44467133535d48493c6bece0e29717d9c3fc0 err="hotstuff proposal validation pending"
        t=2026-09-22T08:36:33+0200 lvl=warn msg="reject new-view before storage"        from=127.0.0.1:48722 viewID=0x47f84b0bf54e97b84663459dbfe44467133535d48493c6bece0e29717d9c3fc0 err="hotstuff proposal validation pending"
        t=2026-09-22T08:36:33+0200 lvl=warn msg="reject new-view before storage"        from=127.0.0.1:38817 viewID=0x47f84b0bf54e97b84663459dbfe44467133535d48493c6bece0e29717d9c3fc0 err="hotstuff proposal validation pending"
        t=2026-09-22T08:36:33+0200 lvl=info msg="HOTSTUFF PROPOSAL REPAIR REQUEST"      to=127.0.0.1:48722 number=38 proposalID=0x6ef641ef201f4870501f7ac9a57212179ac50aeb2c23f9c11754c2e7f3af2a7e missing=0 attempt=0
        t=2026-09-22T08:36:33+0200 lvl=info msg="HOTSTUFF PROPOSAL MANIFEST stored"     from=127.0.0.1:48722 number=38 proposalID=0x6ef641ef201f4870501f7ac9a57212179ac50aeb2c23f9c11754c2e7f3af2a7e manifestBytes=830  missing=0 bodyBytes=830
        t=2026-09-22T08:36:34+0200 lvl=info msg="HOTSTUFF PROPOSAL REF"                 number=39 viewID=0x47f84b0bf54e97b84663459dbfe44467133535d48493c6bece0e29717d9c3fc0 proposalID=0x620dd1868581cb89729e78ac7f6b5f2bca1853986c0c9c46a12f15cf5e6fcbd4 blockHash=0x27008d0dc5ab3078b9836d4b7de20b55062a612ad7ca296347d2e9474a65644d bodyHash=0xc016d6d2fbcb9731c1e4be83c32f1b6a3f5d7f2e1e3ff9dfa18e5c99cacf74d7 bodySize=3350 refBytes=442
        t=2026-09-22T08:36:34+0200 lvl=info msg="HOTSTUFF PROPOSAL MANIFEST stored"     from=127.0.0.1:52869 number=40 proposalID=0x98c162ba05bfaf0c5ee8ace4fe573b436ec29ea0620bd95ae2390e50445928cf manifestBytes=830  missing=0 bodyBytes=830
        t=2026-09-22T08:36:34+0200 lvl=warn msg="HandleConn drops connection: closed"   address=127.0.0.1:58506 remot=127.0.0.1:52869
        t=2026-09-22T08:36:34+0200 lvl=info msg="HOTSTUFF PROPOSAL MANIFEST stored"     from=127.0.0.1:52869 number=41 proposalID=0x9c819ed1cf85a03a13a2f238acb46f17abdfe5445ff243e134de9ab9240cb6b2 manifestBytes=1220 missing=0 bodyBytes=3350
        t=2026-09-22T08:36:35+0200 lvl=info msg="HOTSTUFF PROPOSAL MANIFEST stored"     from=127.0.0.1:48722 number=42 proposalID=0x6ed67ce1da76481653612ec739aa466723871f1b62abf75436dd3a8b7a7bce03 manifestBytes=830  missing=0 bodyBytes=830
        t=2026-09-22T08:36:35+0200 lvl=warn msg="HandleConn drops connection: closed"   address=127.0.0.1:58506 remot=127.0.0.1:48722
        t=2026-09-22T08:36:35+0200 lvl=info msg="HOTSTUFF PROPOSAL MANIFEST stored"     from=127.0.0.1:51703 number=43 proposalID=0x7f767723637090e2e2aedd4f8719c15d8d49e89e84688852743337324cde177a manifestBytes=1220 missing=0 bodyBytes=3350
        t=2026-09-22T08:36:35+0200 lvl=warn msg="HandleConn drops connection: closed"   address=127.0.0.1:58506 remot=127.0.0.1:51703
        t=2026-09-22T08:36:35+0200 lvl=info msg="HOTSTUFF PROPOSAL MANIFEST stored"     from=127.0.0.1:46372 number=44 proposalID=0x149aae9cd838dd2ab751efafc3a7c373d6ef7557cbd99797a761f9ef3afe0667 manifestBytes=830  missing=0 bodyBytes=830
        t=2026-09-22T08:36:36+0200 lvl=warn msg=GetBlockByNumer                         number=1
        t=2026-09-22T08:36:36+0200 lvl=warn msg=GetBlockByNumer                         number=43
        t=2026-09-22T08:36:36+0200 lvl=info msg="HOTSTUFF PROPOSAL REF"                 number=45 viewID=0xbaf434bcc53964013ed337c9bd3cfe24f9b894e61fe7b6dc2f63433c7b2775d2 proposalID=0xfab63b65dce549a94fb7fdd1ebb5892d85ae96f8d934c87856d4753ca3932a6a blockHash=0x84b82e1358bdae66b7fffab1b7dfc31aa144317918bd357b9ac867701ceb91a2 bodyHash=0x85364118a4ec681be84883d74837e590bda5ebb44d85cb287dfc2e6535657a1a bodySize=3350 refBytes=442
        t=2026-09-22T08:36:36+0200 lvl=info msg="HOTSTUFF PROPOSAL MANIFEST stored"     from=127.0.0.1:38817 number=46 proposalID=0x64da13facb61f2b41f35bc771d7c5d7aa19b84b27b7bbadb074b956bdc62b6b1 manifestBytes=830  missing=0 bodyBytes=830
        t=2026-09-22T08:36:36+0200 lvl=info msg="HOTSTUFF PROPOSAL MANIFEST stored"     from=127.0.0.1:51703 number=47 proposalID=0x658dc190462debf9569093621105aa8085368e22605f86ad175fda91c00adfdb manifestBytes=1220 missing=0 bodyBytes=3350
        t=2026-09-22T08:36:37+0200 lvl=info msg="HOTSTUFF PROPOSAL MANIFEST stored"     from=127.0.0.1:38817 number=48 proposalID=0x7639f6d21023e8a7f7595b569d8732f62557008da448c80b1711ac82a6a32ae9 manifestBytes=830  missing=0 bodyBytes=830
        t=2026-09-22T08:36:37+0200 lvl=warn msg=GetBlockByNumer                         number=1
        t=2026-09-22T08:36:37+0200 lvl=warn msg=GetBlockByNumer                         number=47
        t=2026-09-22T08:36:37+0200 lvl=warn msg=GetBlockByNumer                         number=1
        t=2026-09-22T08:36:37+0200 lvl=warn msg=GetBlockByNumer                         number=47
    fhs_process_recovery_test.go:225: validator 934457 complete log: /tmp/fhs-process-failure-3978642529.log
    fhs_process_recovery_test.go:230: validator 934457 log tail:
        t=2026-09-22T08:35:30+0200 lvl=warn msg=GetBlockByNumer number=0
        t=2026-09-22T08:35:30+0200 lvl=warn msg="Failed to load snapshot, regenerating" err="missing or corrupted snapshot"
        t=2026-09-22T08:35:38+0200 lvl=info msg="HOTSTUFF PROPOSAL MANIFEST stored"     from=127.0.0.1:48722 number=1 proposalID=0x156bd8e349a4cf98daf69624833a9554abd8a513ce30fb2f9f432f8862973595 manifestBytes=1219 missing=0 bodyBytes=1314
        t=2026-09-22T08:35:39+0200 lvl=info msg="HOTSTUFF PROPOSAL MANIFEST stored"     from=127.0.0.1:58506 number=2 proposalID=0x40228607f741e6e3906113a06ad323123b47c74e6d3a1a64e80f790e7881456a manifestBytes=830  missing=0 bodyBytes=830
        t=2026-09-22T08:35:39+0200 lvl=info msg="HOTSTUFF PROPOSAL MANIFEST stored"     from=127.0.0.1:46372 number=3 proposalID=0x85792ccd69d4c1923b1cfaa29f0d657dab5e2fbf341aa05f174ac67a49f9c7c4 manifestBytes=1219 missing=0 bodyBytes=1314
        t=2026-09-22T08:35:40+0200 lvl=info msg="HOTSTUFF PROPOSAL MANIFEST stored"     from=127.0.0.1:46372 number=4 proposalID=0xaaf6f7bd1de937860aa9cb2b8c5abe51f86de0806a057c40a63c87469405edaf manifestBytes=830  missing=0 bodyBytes=830
        t=2026-09-22T08:35:40+0200 lvl=info msg="HOTSTUFF PROPOSAL MANIFEST stored"     from=127.0.0.1:46372 number=5 proposalID=0x37b33bf908b095ed025f3a925c1f7f1f61aeb6a36271dc9e2f7123d60cd3effe manifestBytes=1219 missing=0 bodyBytes=1314
        t=2026-09-22T08:35:40+0200 lvl=info msg="HOTSTUFF PROPOSAL MANIFEST stored"     from=127.0.0.1:46372 number=6 proposalID=0x5e6445076569fe27bb65d2d3812a4a1f2077b1a551affb57cd033a52d7ca1379 manifestBytes=830  missing=0 bodyBytes=830
        t=2026-09-22T08:35:40+0200 lvl=warn msg="reject new-view before storage"        from=127.0.0.1:46372 viewID=0x6668716cb9c75e6d9f21a9d92e0166506a742a7a5a620e7d3f7290267fc1dd8a err="hotstuff proposal validation pending"
        t=2026-09-22T08:35:40+0200 lvl=warn msg="reject new-view before storage"        from=127.0.0.1:41299 viewID=0x6668716cb9c75e6d9f21a9d92e0166506a742a7a5a620e7d3f7290267fc1dd8a err="hotstuff proposal validation pending"
        t=2026-09-22T08:35:40+0200 lvl=warn msg="reject new-view before storage"        from=127.0.0.1:58506 viewID=0x6668716cb9c75e6d9f21a9d92e0166506a742a7a5a620e7d3f7290267fc1dd8a err="hotstuff proposal validation pending"
        t=2026-09-22T08:35:41+0200 lvl=info msg="HOTSTUFF PROPOSAL REF"                 number=7 viewID=0x6668716cb9c75e6d9f21a9d92e0166506a742a7a5a620e7d3f7290267fc1dd8a proposalID=0xfd7ceee0f6c0ef07ac4afeea7e2550e26ce3ff3303d254cabb4219751fa125f4 blockHash=0xca65d11fc779f10ab456799b1a9f06ea35c777a6c9110e298254133c39d2493d bodyHash=0x7004d4fb8f23f1a0f29254d95bb9e4172578a47588ccc30dc3cd08f16890c1fb bodySize=1313 refBytes=442
        t=2026-09-22T08:35:41+0200 lvl=info msg="HOTSTUFF PROPOSAL MANIFEST stored"     from=127.0.0.1:38817 number=8 proposalID=0x26d2d41f91d6cfa59e3e771409f8f11d9eb84360de4f45ce2a9c9cb0aa533e65 manifestBytes=830  missing=0 bodyBytes=830
        t=2026-09-22T08:35:42+0200 lvl=warn msg=GetBlockByNumer                         number=1
        t=2026-09-22T08:35:42+0200 lvl=warn msg=GetBlockByNumer                         number=7
        t=2026-09-22T08:35:42+0200 lvl=warn msg=GetBlockByNumer                         number=1
        t=2026-09-22T08:35:42+0200 lvl=warn msg=GetBlockByNumer                         number=7
        t=2026-09-22T08:35:47+0200 lvl=warn msg="HOTSTUFF RECOVERY resend NewView"      number=9 viewID=0xe5f54ef88b48050070bd8ca5ea145c4bd7e7336d5587ffca6bbc2ae14cdcba62 to=127.0.0.1:48722
        t=2026-09-22T08:35:52+0200 lvl=warn msg="HOTSTUFF RECOVERY resend NewView"      number=9 viewID=0xe5f54ef88b48050070bd8ca5ea145c4bd7e7336d5587ffca6bbc2ae14cdcba62 to=127.0.0.1:48722
        t=2026-09-22T08:35:57+0200 lvl=warn msg="HOTSTUFF RECOVERY resend NewView"      number=9 viewID=0xe5f54ef88b48050070bd8ca5ea145c4bd7e7336d5587ffca6bbc2ae14cdcba62 to=127.0.0.1:48722
        t=2026-09-22T08:36:02+0200 lvl=warn msg="HOTSTUFF RECOVERY resend NewView"      number=9 viewID=0xe5f54ef88b48050070bd8ca5ea145c4bd7e7336d5587ffca6bbc2ae14cdcba62 to=127.0.0.1:48722
        t=2026-09-22T08:36:07+0200 lvl=warn msg="HOTSTUFF RECOVERY resend NewView"      number=9 viewID=0xe5f54ef88b48050070bd8ca5ea145c4bd7e7336d5587ffca6bbc2ae14cdcba62 to=127.0.0.1:48722
        t=2026-09-22T08:36:12+0200 lvl=warn msg="HOTSTUFF RECOVERY resend NewView"      number=9 viewID=0xe5f54ef88b48050070bd8ca5ea145c4bd7e7336d5587ffca6bbc2ae14cdcba62 to=127.0.0.1:48722
        t=2026-09-22T08:36:17+0200 lvl=warn msg="HOTSTUFF RECOVERY resend NewView"      number=9 viewID=0xe5f54ef88b48050070bd8ca5ea145c4bd7e7336d5587ffca6bbc2ae14cdcba62 to=127.0.0.1:48722
        t=2026-09-22T08:36:19+0200 lvl=info msg="HOTSTUFF PROPOSAL MANIFEST stored"     from=127.0.0.1:48722 number=9 proposalID=0xf4077d0d29b519a7121c78da0369a5fbfc45649b0f832d55752597925f29a06b manifestBytes=1220 missing=0 bodyBytes=20250
        t=2026-09-22T08:36:20+0200 lvl=info msg="HOTSTUFF PROPOSAL MANIFEST stored"     from=127.0.0.1:41299 number=10 proposalID=0x3caec15d11faa92ab21aa74df4beac63292e14616f3b566b2efab19b0a7af3aa manifestBytes=830  missing=0 bodyBytes=830
        t=2026-09-22T08:36:20+0200 lvl=info msg="HOTSTUFF PROPOSAL REF"                 number=11 viewID=0xf3f96318bb8759f8393f7f81bbe101087c88eac0f1b7dc22a54860518277789b proposalID=0xcd2a044b5b837ed519e798d6b47df5c6bb3d6146ffede3e2a80776017d75763a blockHash=0xa22cf3381229d81ce5de1a773803ae8f2cba515525d03b76941cf136cb01c9e8 bodyHash=0x417a62fda6459c890ee48cef1a83a5e501dc36ba36a55f6c52007ecf8481e2f4 bodySize=3350 refBytes=442
        t=2026-09-22T08:36:21+0200 lvl=info msg="HOTSTUFF PROPOSAL MANIFEST stored"     from=127.0.0.1:41299 number=12 proposalID=0x68affb65ada29606453a680b6d26814e68b1824e0ac479c2260a54981823a129 manifestBytes=830  missing=0 bodyBytes=830
        t=2026-09-22T08:36:21+0200 lvl=info msg="HOTSTUFF PROPOSAL MANIFEST stored"     from=127.0.0.1:41299 number=13 proposalID=0xccbb50b58fe3f81d485604d9e7aea5f62ac42631bb1b79d159ef3dfc4615dbfd manifestBytes=1220 missing=0 bodyBytes=3350
        t=2026-09-22T08:36:21+0200 lvl=info msg="HOTSTUFF PROPOSAL MANIFEST stored"     from=127.0.0.1:52869 number=14 proposalID=0x18d6c8cb2b935c0b54b63608f461e3da38534b499e466ecaab5c70967f6f877b manifestBytes=830  missing=0 bodyBytes=830
        t=2026-09-22T08:36:22+0200 lvl=info msg="HOTSTUFF PROPOSAL REF"                 number=15 viewID=0x6aaf85c31a2224e0d4e5301c87f8573d15580937b6f202e75c5840349b87e6dc proposalID=0xd0b3beaa835e4a7c9ce89cfb452791d41f350a981458312206669caa03b4a66e blockHash=0x02d1937f4d0ccac31aca5c274024378b30a3a036d4c3ce0908d5efdbade2e0e3 bodyHash=0xdffdbdf90e08ed95a1e10399354700d0efde71e02ec4a704dd2ff61def25e0be bodySize=3350 refBytes=442
        t=2026-09-22T08:36:22+0200 lvl=info msg="HOTSTUFF PROPOSAL MANIFEST stored"     from=127.0.0.1:46372 number=16 proposalID=0x84e9f4ad7a2e9f2ca82ab35a705f511dc0a2cd2bf941a95dca187d9c6de3fae9 manifestBytes=830  missing=0 bodyBytes=830
        t=2026-09-22T08:36:23+0200 lvl=info msg="HOTSTUFF PROPOSAL MANIFEST stored"     from=127.0.0.1:46372 number=17 proposalID=0xe2f24567e42ccb9603b5cc1b75e778432c5ded9ac683c2d7b4a51cd6ed33811a manifestBytes=1220 missing=0 bodyBytes=3350
        t=2026-09-22T08:36:23+0200 lvl=info msg="HOTSTUFF PROPOSAL MANIFEST stored"     from=127.0.0.1:48722 number=18 proposalID=0x99a63e9c51a7d22269e77e1b7652942ab33c5e3af5c8f67c88ae21fcf78e432d manifestBytes=830  missing=0 bodyBytes=830
        t=2026-09-22T08:36:24+0200 lvl=info msg="HOTSTUFF PROPOSAL MANIFEST stored"     from=127.0.0.1:58506 number=19 proposalID=0x99b196fa5a2a76fbe46b0ae82d838208e17cfa31620ee8aba607797da5311326 manifestBytes=1220 missing=0 bodyBytes=3350
        t=2026-09-22T08:36:24+0200 lvl=info msg="HOTSTUFF PROPOSAL MANIFEST stored"     from=127.0.0.1:52869 number=20 proposalID=0xf9c3ac6fcb2cf03500523e83c362dfb3bf871a2dc9184b9b33fa7d87624e716c manifestBytes=830  missing=0 bodyBytes=830
        t=2026-09-22T08:36:25+0200 lvl=info msg="HOTSTUFF PROPOSAL REF"                 number=21 viewID=0x4052dfc2144b18c8fd813e27a3addd0ae3fd1514d1c49c0875774290b37d3745 proposalID=0x67fa54b6bc2aa0ad63157e283f65fce2503db6702bd13c804f6a86af8d06987f blockHash=0xce08fce6e187264e38008c648d68dbddb87a5ebf1abc83edc220e30809daffdd bodyHash=0x40eefb82ebe6041bd4fbe8c7e5ebb4fc0c8662b92bfdfc1156ce17e062362b1c bodySize=3350 refBytes=442
        t=2026-09-22T08:36:25+0200 lvl=info msg="HOTSTUFF PROPOSAL MANIFEST stored"     from=127.0.0.1:38817 number=22 proposalID=0x4b20abd3fa08299b65602774bb6421529fe442432b554e91fb42299f5cb41865 manifestBytes=830  missing=0 bodyBytes=830
        t=2026-09-22T08:36:26+0200 lvl=info msg="HOTSTUFF PROPOSAL MANIFEST stored"     from=127.0.0.1:41299 number=23 proposalID=0x333ed50de5cf44e0ff5192de77847387ed36e09d4b705b43044ba20a0f5b7d24 manifestBytes=1220 missing=1 bodyBytes=3350
        t=2026-09-22T08:36:26+0200 lvl=info msg="HOTSTUFF PROPOSAL MANIFEST stored"     from=127.0.0.1:38817 number=24 proposalID=0x683ea6b3dd35ee259030ab4a661bcde5853c5f68b3722071c408646b5c4f5066 manifestBytes=830  missing=0 bodyBytes=830
        t=2026-09-22T08:36:26+0200 lvl=warn msg="reject new-view before storage"        from=127.0.0.1:38817 viewID=0xe892b3e1827700b97b12952e25bb8d0fd130a0aae6074be9cfc2914ec01f8c7b err="hotstuff proposal validation pending"
        t=2026-09-22T08:36:26+0200 lvl=info msg="HOTSTUFF PROPOSAL REF"                 number=25 viewID=0xe892b3e1827700b97b12952e25bb8d0fd130a0aae6074be9cfc2914ec01f8c7b proposalID=0x69fcc5d7f23af498434924189cc851e16dfee92ce16d60d574fa00c4eefe439a blockHash=0x966f46cdcbc89f067a5b83f7668ae591c01286e5eab1ca43dc1edcf167a5cb6e bodyHash=0xacd8f6726f76a3699c8570c862492b8d4f72c7759476d4db22ea2b74cbc09c2f bodySize=3350 refBytes=442
        t=2026-09-22T08:36:27+0200 lvl=info msg="HOTSTUFF PROPOSAL MANIFEST stored"     from=127.0.0.1:38817 number=26 proposalID=0x5888ca94d492f89ba8bf7b5983164805b4fcc84a0c63eaf55e1768482b0d4e54 manifestBytes=830  missing=0 bodyBytes=830
        t=2026-09-22T08:36:28+0200 lvl=info msg="HOTSTUFF PROPOSAL MANIFEST stored"     from=127.0.0.1:46372 number=27 proposalID=0xd54b7d1397d6b600dc16035823b59061def7f7134deb1574363e008f94b6a5c3 manifestBytes=1220 missing=0 bodyBytes=3350
        t=2026-09-22T08:36:28+0200 lvl=info msg="HOTSTUFF PROPOSAL MANIFEST stored"     from=127.0.0.1:48722 number=28 proposalID=0xdef45bec4070dfa83096d9d3e0d2e959a146a4e42f21ca42a2c5a6f68c467e35 manifestBytes=830  missing=0 bodyBytes=830
        t=2026-09-22T08:36:29+0200 lvl=info msg="HOTSTUFF PROPOSAL MANIFEST stored"     from=127.0.0.1:46372 number=29 proposalID=0x3b5f198ff911878b59ceb8873ee0b98ac3fa4e09c19b70644b773891363dc82c manifestBytes=1220 missing=0 bodyBytes=3350
        t=2026-09-22T08:36:29+0200 lvl=info msg="HOTSTUFF PROPOSAL MANIFEST stored"     from=127.0.0.1:41299 number=30 proposalID=0x986b308481ff67283151e0b026fe3b7306f1683447daa320984d50a0381d85e0 manifestBytes=830  missing=0 bodyBytes=830
        t=2026-09-22T08:36:30+0200 lvl=info msg="HOTSTUFF PROPOSAL MANIFEST stored"     from=127.0.0.1:48722 number=31 proposalID=0x779eb2995c50677160ff7c0bd292ead2aeff6799c7d720ed968cdd7b935bd04a manifestBytes=1220 missing=0 bodyBytes=3350
        t=2026-09-22T08:36:30+0200 lvl=info msg="HOTSTUFF PROPOSAL MANIFEST stored"     from=127.0.0.1:52869 number=32 proposalID=0x6e790eeab707c9da83d02aa39eafd6a731c42708ac73451bc7ef21ff47d8babc manifestBytes=830  missing=0 bodyBytes=830
        t=2026-09-22T08:36:31+0200 lvl=info msg="HOTSTUFF PROPOSAL MANIFEST stored"     from=127.0.0.1:38817 number=33 proposalID=0xad36e8131f609733e8ab158db036ca6e7621880187c2ff695b8748d0e1cb706e manifestBytes=1220 missing=0 bodyBytes=3350
        t=2026-09-22T08:36:31+0200 lvl=info msg="HOTSTUFF PROPOSAL MANIFEST stored"     from=127.0.0.1:58506 number=34 proposalID=0x7d947be2c567c5f315b53c4f90fd7295d35d4745e107f753d6b6e680206f4cc8 manifestBytes=830  missing=0 bodyBytes=830
        t=2026-09-22T08:36:32+0200 lvl=info msg="HOTSTUFF PROPOSAL MANIFEST stored"     from=127.0.0.1:38817 number=35 proposalID=0x1ab7a33a58cae24d45f90f1e71be984303d12e473e7374e4cfd740704934da36 manifestBytes=1220 missing=1 bodyBytes=3350
        t=2026-09-22T08:36:32+0200 lvl=eror msg="OnPropose wait proposal body"          number=35 proposalID=0x1ab7a33a58cae24d45f90f1e71be984303d12e473e7374e4cfd740704934da36 err="hotstuff view state too old"
        t=2026-09-22T08:36:32+0200 lvl=info msg="HOTSTUFF PROPOSAL MANIFEST stored"     from=127.0.0.1:46372 number=36 proposalID=0x032cd1a6409ad586301116ec707d3bf1f32d2c3c1e0d7e18719986154f736817 manifestBytes=830  missing=0 bodyBytes=830
        t=2026-09-22T08:36:33+0200 lvl=info msg="HOTSTUFF PROPOSAL MANIFEST stored"     from=127.0.0.1:46372 number=37 proposalID=0xe1fe080f42459c80658ef51f079764277585743f4f317a0b9c5667db0a04b843 manifestBytes=1220 missing=0 bodyBytes=3350
        t=2026-09-22T08:36:33+0200 lvl=info msg="HOTSTUFF PROPOSAL MANIFEST stored"     from=127.0.0.1:48722 number=38 proposalID=0x6ef641ef201f4870501f7ac9a57212179ac50aeb2c23f9c11754c2e7f3af2a7e manifestBytes=830  missing=0 bodyBytes=830
        t=2026-09-22T08:36:34+0200 lvl=info msg="HOTSTUFF PROPOSAL MANIFEST stored"     from=127.0.0.1:58506 number=39 proposalID=0x620dd1868581cb89729e78ac7f6b5f2bca1853986c0c9c46a12f15cf5e6fcbd4 manifestBytes=1220 missing=0 bodyBytes=3350
        t=2026-09-22T08:36:34+0200 lvl=info msg="HOTSTUFF PROPOSAL MANIFEST stored"     from=127.0.0.1:52869 number=40 proposalID=0x98c162ba05bfaf0c5ee8ace4fe573b436ec29ea0620bd95ae2390e50445928cf manifestBytes=830  missing=0 bodyBytes=830
        t=2026-09-22T08:36:34+0200 lvl=info msg="HOTSTUFF PROPOSAL MANIFEST stored"     from=127.0.0.1:52869 number=41 proposalID=0x9c819ed1cf85a03a13a2f238acb46f17abdfe5445ff243e134de9ab9240cb6b2 manifestBytes=1220 missing=0 bodyBytes=3350
        t=2026-09-22T08:36:35+0200 lvl=info msg="HOTSTUFF PROPOSAL MANIFEST stored"     from=127.0.0.1:48722 number=42 proposalID=0x6ed67ce1da76481653612ec739aa466723871f1b62abf75436dd3a8b7a7bce03 manifestBytes=830  missing=0 bodyBytes=830
        t=2026-09-22T08:36:35+0200 lvl=warn msg="reject new-view before storage"        from=127.0.0.1:48722 viewID=0x3fca2fc0b1c049b8ab09e071001a28e1252fe0df893867959d4055c13ce9e2fa err="hotstuff proposal validation pending"
        t=2026-09-22T08:36:35+0200 lvl=info msg="HOTSTUFF PROPOSAL REF"                 number=43 viewID=0x3fca2fc0b1c049b8ab09e071001a28e1252fe0df893867959d4055c13ce9e2fa proposalID=0x7f767723637090e2e2aedd4f8719c15d8d49e89e84688852743337324cde177a blockHash=0x953ceb5e45ad0ecc95151c4fdcac8865b2cff6c4c407fe9da7ba1782dd3f1ae9 bodyHash=0x158262240aa71171589610ed8cfbafbd7e85948cec21c17d08a20914ee8f2c6f bodySize=3350 refBytes=442
        t=2026-09-22T08:36:35+0200 lvl=warn msg="Send msg try again"                    address=[::]:51703 Couldn't send to=127.0.0.1:58506 error="Operation Canceled"
        t=2026-09-22T08:36:35+0200 lvl=eror msg=CloseConnect                            =[::]:51703 having error closing conn to=127.0.0.1:58506 error="Connection Closed"
        t=2026-09-22T08:36:35+0200 lvl=warn msg="Send msg try again"                    address=[::]:51703 Couldn't send to=127.0.0.1:52869 error="Operation Canceled"
        t=2026-09-22T08:36:35+0200 lvl=warn msg="Send msg try again"                    address=[::]:51703 Couldn't send to=127.0.0.1:38817 error="Operation Canceled"
        t=2026-09-22T08:36:35+0200 lvl=eror msg=CloseConnect                            =[::]:51703 having error closing conn to=127.0.0.1:52869 error="Connection Closed"
        t=2026-09-22T08:36:35+0200 lvl=warn msg="Send msg try again"                    address=[::]:51703 Couldn't send to=127.0.0.1:52869 error="Unknown Error"
        t=2026-09-22T08:36:35+0200 lvl=eror msg=CloseConnect                            =[::]:51703 having error closing conn to=127.0.0.1:38817 error="Connection Closed"
        t=2026-09-22T08:36:35+0200 lvl=info msg="HOTSTUFF PROPOSAL MANIFEST stored"     from=127.0.0.1:46372 number=44 proposalID=0x149aae9cd838dd2ab751efafc3a7c373d6ef7557cbd99797a761f9ef3afe0667 manifestBytes=830  missing=0 bodyBytes=830
        t=2026-09-22T08:36:36+0200 lvl=warn msg=GetBlockByNumer                         number=1
        t=2026-09-22T08:36:36+0200 lvl=warn msg=GetBlockByNumer                         number=43
        t=2026-09-22T08:36:36+0200 lvl=info msg="HOTSTUFF PROPOSAL MANIFEST stored"     from=127.0.0.1:58506 number=45 proposalID=0xfab63b65dce549a94fb7fdd1ebb5892d85ae96f8d934c87856d4753ca3932a6a manifestBytes=1220 missing=0 bodyBytes=3350
        t=2026-09-22T08:36:36+0200 lvl=info msg="HOTSTUFF PROPOSAL MANIFEST stored"     from=127.0.0.1:38817 number=46 proposalID=0x64da13facb61f2b41f35bc771d7c5d7aa19b84b27b7bbadb074b956bdc62b6b1 manifestBytes=830  missing=0 bodyBytes=830
        t=2026-09-22T08:36:36+0200 lvl=info msg="HOTSTUFF PROPOSAL REF"                 number=47 viewID=0xa3d88aa7414a844118eac597d3385de64195a1dbb590103eb80c03baf4eb7569 proposalID=0x658dc190462debf9569093621105aa8085368e22605f86ad175fda91c00adfdb blockHash=0x2d5df84d656740852e4c228ffebb907fc63f4a756761bd43e9dfb77e85763f4b bodyHash=0x3c7a82a6c51aa869c3e73ccd4cbf364bfb5e0fd1b049169ddeafb2cf6ea16528 bodySize=3350 refBytes=442
        t=2026-09-22T08:36:37+0200 lvl=info msg="HOTSTUFF PROPOSAL MANIFEST stored"     from=127.0.0.1:38817 number=48 proposalID=0x7639f6d21023e8a7f7595b569d8732f62557008da448c80b1711ac82a6a32ae9 manifestBytes=830  missing=0 bodyBytes=830
        t=2026-09-22T08:36:37+0200 lvl=warn msg=GetBlockByNumer                         number=1
        t=2026-09-22T08:36:37+0200 lvl=warn msg=GetBlockByNumer                         number=47
        t=2026-09-22T08:36:37+0200 lvl=warn msg=GetBlockByNumer                         number=1
        t=2026-09-22T08:36:37+0200 lvl=warn msg=GetBlockByNumer                         number=47
    fhs_process_recovery_test.go:225: validator 934451 complete log: /tmp/fhs-process-failure-1007531242.log
    fhs_process_recovery_test.go:230: validator 934451 log tail:
        t=2026-09-22T08:35:26+0200 lvl=warn msg=GetBlockByNumer number=0
        t=2026-09-22T08:35:26+0200 lvl=warn msg="Failed to load snapshot, regenerating" err="missing or corrupted snapshot"
        t=2026-09-22T08:35:34+0200 lvl=eror msg=Connect                                 Could not connect to=127.0.0.1:58506 error="CRYPTO_ERROR 0x150 (remote): tls: internal error"
        t=2026-09-22T08:35:38+0200 lvl=info msg="HOTSTUFF PROPOSAL MANIFEST stored"     from=127.0.0.1:48722 number=1 proposalID=0x156bd8e349a4cf98daf69624833a9554abd8a513ce30fb2f9f432f8862973595 manifestBytes=1219 missing=0 bodyBytes=1314
        t=2026-09-22T08:35:39+0200 lvl=info msg="HOTSTUFF PROPOSAL MANIFEST stored"     from=127.0.0.1:58506 number=2 proposalID=0x40228607f741e6e3906113a06ad323123b47c74e6d3a1a64e80f790e7881456a manifestBytes=830  missing=0 bodyBytes=830
        t=2026-09-22T08:35:39+0200 lvl=info msg="HOTSTUFF PROPOSAL REF"                 number=3 viewID=0xb3805ebc9cbc663c6098432bd4a3fb7a82bcd52be580a3da95116df7d85bbfe2 proposalID=0x85792ccd69d4c1923b1cfaa29f0d657dab5e2fbf341aa05f174ac67a49f9c7c4 blockHash=0x06fde2f00ae6e286f09f4b3533b698ff67cf8e26c8ebb77bd5f513417adf9fd8 bodyHash=0x6c94135ddafad51d4600b63b8be37e342742e61631c0f028573fb8bcf9967e26 bodySize=1314 refBytes=442
        t=2026-09-22T08:35:40+0200 lvl=info msg="HOTSTUFF PROPOSAL REF"                 number=4 viewID=0x27866f108bd01a6c0002f233dabe6d184fee0d419fa6ccacf390936f82392750 proposalID=0xaaf6f7bd1de937860aa9cb2b8c5abe51f86de0806a057c40a63c87469405edaf blockHash=0x5489a6166e1dafc73cfacfb8169b8cad0608f3939e1ba511b1e9a74ad81a4ba9 bodyHash=0xa9dd95ded8f585d7dc1ec0ff9759b8073e6a90da4a168520bf016bf2cc4d7de6 bodySize=830  refBytes=439
        t=2026-09-22T08:35:40+0200 lvl=warn msg="Send msg try again"                    address=[::]:46372 Couldn't send to=127.0.0.1:52869 error="Operation Canceled"
        t=2026-09-22T08:35:40+0200 lvl=eror msg=CloseConnect                            =[::]:46372 having error closing conn to=127.0.0.1:52869 error="Connection Closed"
        t=2026-09-22T08:35:40+0200 lvl=info msg="HOTSTUFF PROPOSAL REF"                 number=5 viewID=0x0970422f29b9ed925cf78478da409a56ada5848a80316f0e019ebfe3aa7d0a2d proposalID=0x37b33bf908b095ed025f3a925c1f7f1f61aeb6a36271dc9e2f7123d60cd3effe blockHash=0x24a7c55bb7b81181ac1f36b0e8cf9480e6cfe56a3282da6ebeeb6b6278b0eb84 bodyHash=0x9f8e5e85d5abc865635a5b662487707995fa005cf8e9070041d7115294df62cd bodySize=1314 refBytes=442
        t=2026-09-22T08:35:40+0200 lvl=info msg="HOTSTUFF PROPOSAL REF"                 number=6 viewID=0x247e86b153d55d86bbdc22abde4245cea0c64a52967a0d1e6699d65d4082427d proposalID=0x5e6445076569fe27bb65d2d3812a4a1f2077b1a551affb57cd033a52d7ca1379 blockHash=0xd89b87afb9d3d8675a9c7c767adf6a5532bb97440cd6dd57c562b38e24f351e0 bodyHash=0xb7ae1ef4a920d993e16423e1c4055d7ecaa1a1af1f73ffb95a52f9df70438edc bodySize=830  refBytes=439
        t=2026-09-22T08:35:40+0200 lvl=warn msg="Send msg try again"                    address=[::]:46372 Couldn't send to=127.0.0.1:52869 error="Operation Canceled"
        t=2026-09-22T08:35:40+0200 lvl=eror msg=CloseConnect                            =[::]:46372 having error closing conn to=127.0.0.1:52869 error="Connection Closed"
        t=2026-09-22T08:35:41+0200 lvl=info msg="HOTSTUFF PROPOSAL MANIFEST stored"     from=127.0.0.1:51703 number=7 proposalID=0xfd7ceee0f6c0ef07ac4afeea7e2550e26ce3ff3303d254cabb4219751fa125f4 manifestBytes=1219 missing=0 bodyBytes=1313
        t=2026-09-22T08:35:41+0200 lvl=info msg="HOTSTUFF PROPOSAL MANIFEST stored"     from=127.0.0.1:38817 number=8 proposalID=0x26d2d41f91d6cfa59e3e771409f8f11d9eb84360de4f45ce2a9c9cb0aa533e65 manifestBytes=830  missing=0 bodyBytes=830
        t=2026-09-22T08:35:42+0200 lvl=warn msg=GetBlockByNumer                         number=1
        t=2026-09-22T08:35:42+0200 lvl=warn msg=GetBlockByNumer                         number=7
        t=2026-09-22T08:35:42+0200 lvl=warn msg=GetBlockByNumer                         number=1
        t=2026-09-22T08:35:42+0200 lvl=warn msg=GetBlockByNumer                         number=7
        t=2026-09-22T08:35:47+0200 lvl=warn msg="HOTSTUFF RECOVERY resend NewView"      number=9 viewID=0xe5f54ef88b48050070bd8ca5ea145c4bd7e7336d5587ffca6bbc2ae14cdcba62 to=127.0.0.1:48722
        t=2026-09-22T08:35:52+0200 lvl=warn msg="HOTSTUFF RECOVERY resend NewView"      number=9 viewID=0xe5f54ef88b48050070bd8ca5ea145c4bd7e7336d5587ffca6bbc2ae14cdcba62 to=127.0.0.1:48722
        t=2026-09-22T08:35:57+0200 lvl=warn msg="HOTSTUFF RECOVERY resend NewView"      number=9 viewID=0xe5f54ef88b48050070bd8ca5ea145c4bd7e7336d5587ffca6bbc2ae14cdcba62 to=127.0.0.1:48722
        t=2026-09-22T08:36:02+0200 lvl=warn msg="HOTSTUFF RECOVERY resend NewView"      number=9 viewID=0xe5f54ef88b48050070bd8ca5ea145c4bd7e7336d5587ffca6bbc2ae14cdcba62 to=127.0.0.1:48722
        t=2026-09-22T08:36:07+0200 lvl=warn msg="HOTSTUFF RECOVERY resend NewView"      number=9 viewID=0xe5f54ef88b48050070bd8ca5ea145c4bd7e7336d5587ffca6bbc2ae14cdcba62 to=127.0.0.1:48722
        t=2026-09-22T08:36:12+0200 lvl=warn msg="HOTSTUFF RECOVERY resend NewView"      number=9 viewID=0xe5f54ef88b48050070bd8ca5ea145c4bd7e7336d5587ffca6bbc2ae14cdcba62 to=127.0.0.1:48722
        t=2026-09-22T08:36:17+0200 lvl=warn msg="HOTSTUFF RECOVERY resend NewView"      number=9 viewID=0xe5f54ef88b48050070bd8ca5ea145c4bd7e7336d5587ffca6bbc2ae14cdcba62 to=127.0.0.1:48722
        t=2026-09-22T08:36:19+0200 lvl=info msg="HOTSTUFF PROPOSAL MANIFEST stored"     from=127.0.0.1:48722 number=9 proposalID=0xf4077d0d29b519a7121c78da0369a5fbfc45649b0f832d55752597925f29a06b manifestBytes=1220 missing=0 bodyBytes=20250
        t=2026-09-22T08:36:20+0200 lvl=info msg="HOTSTUFF PROPOSAL MANIFEST stored"     from=127.0.0.1:41299 number=10 proposalID=0x3caec15d11faa92ab21aa74df4beac63292e14616f3b566b2efab19b0a7af3aa manifestBytes=830  missing=0 bodyBytes=830
        t=2026-09-22T08:36:20+0200 lvl=info msg="HOTSTUFF PROPOSAL MANIFEST stored"     from=127.0.0.1:51703 number=11 proposalID=0xcd2a044b5b837ed519e798d6b47df5c6bb3d6146ffede3e2a80776017d75763a manifestBytes=1220 missing=0 bodyBytes=3350
        t=2026-09-22T08:36:21+0200 lvl=info msg="HOTSTUFF PROPOSAL MANIFEST stored"     from=127.0.0.1:41299 number=12 proposalID=0x68affb65ada29606453a680b6d26814e68b1824e0ac479c2260a54981823a129 manifestBytes=830  missing=0 bodyBytes=830
        t=2026-09-22T08:36:21+0200 lvl=info msg="HOTSTUFF PROPOSAL MANIFEST stored"     from=127.0.0.1:41299 number=13 proposalID=0xccbb50b58fe3f81d485604d9e7aea5f62ac42631bb1b79d159ef3dfc4615dbfd manifestBytes=1220 missing=0 bodyBytes=3350
        t=2026-09-22T08:36:21+0200 lvl=info msg="HOTSTUFF PROPOSAL MANIFEST stored"     from=127.0.0.1:52869 number=14 proposalID=0x18d6c8cb2b935c0b54b63608f461e3da38534b499e466ecaab5c70967f6f877b manifestBytes=830  missing=0 bodyBytes=830
        t=2026-09-22T08:36:21+0200 lvl=info msg="HOTSTUFF PROPOSAL MANIFEST stored"     from=127.0.0.1:52869 number=14 proposalID=0x18d6c8cb2b935c0b54b63608f461e3da38534b499e466ecaab5c70967f6f877b manifestBytes=830  missing=0 bodyBytes=830
        t=2026-09-22T08:36:21+0200 lvl=warn msg="HandleConn drops connection: closed"   address=127.0.0.1:46372 remot=127.0.0.1:52869
        t=2026-09-22T08:36:22+0200 lvl=info msg="HOTSTUFF PROPOSAL MANIFEST stored"     from=127.0.0.1:51703 number=15 proposalID=0xd0b3beaa835e4a7c9ce89cfb452791d41f350a981458312206669caa03b4a66e manifestBytes=1220 missing=0 bodyBytes=3350
        t=2026-09-22T08:36:22+0200 lvl=info msg="HOTSTUFF PROPOSAL REF"                 number=16 viewID=0x66d882e42c4275c8166729056cc7d82370c85d230ec9b8d897554dceccf90306 proposalID=0x84e9f4ad7a2e9f2ca82ab35a705f511dc0a2cd2bf941a95dca187d9c6de3fae9 blockHash=0xcd7842f4e3b3c74939b80ca4116acb063887854d1d20762865705b199b0e2ee9 bodyHash=0x163edf571350467ec1aa9ba117d40ae5acc339eddcbb63da6e301e9aa00754d1 bodySize=830  refBytes=439
        t=2026-09-22T08:36:22+0200 lvl=warn msg="Send msg try again"                    address=[::]:46372      Couldn't send to=127.0.0.1:58506 error="Operation Canceled"
        t=2026-09-22T08:36:22+0200 lvl=eror msg=CloseConnect                            =[::]:46372 having error closing conn to=127.0.0.1:37822 error="Connection Closed"
        t=2026-09-22T08:36:22+0200 lvl=warn msg="reject new-view before storage"        from=127.0.0.1:58506 viewID=0x66d882e42c4275c8166729056cc7d82370c85d230ec9b8d897554dceccf90306 err="hotstuff view state too old"
        t=2026-09-22T08:36:23+0200 lvl=info msg="HOTSTUFF PROPOSAL REF"                 number=17 viewID=0xa5b706808844bfc96abe61a48b768449ecdd31750efd82778c3890350100f55a proposalID=0xe2f24567e42ccb9603b5cc1b75e778432c5ded9ac683c2d7b4a51cd6ed33811a blockHash=0x763120317df806b72fe6984c8188f9422d21d909025756ef9d8a163f2c19f58f bodyHash=0x349733e266afd318d2d12ad9ae25e9c2c238985a39e540525ce40c76ad1974bb bodySize=3350 refBytes=442
        t=2026-09-22T08:36:23+0200 lvl=info msg="HOTSTUFF PROPOSAL MANIFEST stored"     from=127.0.0.1:48722 number=18 proposalID=0x99a63e9c51a7d22269e77e1b7652942ab33c5e3af5c8f67c88ae21fcf78e432d manifestBytes=830  missing=0 bodyBytes=830
        t=2026-09-22T08:36:24+0200 lvl=info msg="HOTSTUFF PROPOSAL MANIFEST stored"     from=127.0.0.1:58506 number=19 proposalID=0x99b196fa5a2a76fbe46b0ae82d838208e17cfa31620ee8aba607797da5311326 manifestBytes=1220 missing=0 bodyBytes=3350
        t=2026-09-22T08:36:24+0200 lvl=info msg="HOTSTUFF PROPOSAL MANIFEST stored"     from=127.0.0.1:52869 number=20 proposalID=0xf9c3ac6fcb2cf03500523e83c362dfb3bf871a2dc9184b9b33fa7d87624e716c manifestBytes=830  missing=0 bodyBytes=830
        t=2026-09-22T08:36:25+0200 lvl=info msg="HOTSTUFF PROPOSAL MANIFEST stored"     from=127.0.0.1:51703 number=21 proposalID=0x67fa54b6bc2aa0ad63157e283f65fce2503db6702bd13c804f6a86af8d06987f manifestBytes=1220 missing=0 bodyBytes=3350
        t=2026-09-22T08:36:25+0200 lvl=info msg="HOTSTUFF PROPOSAL MANIFEST stored"     from=127.0.0.1:38817 number=22 proposalID=0x4b20abd3fa08299b65602774bb6421529fe442432b554e91fb42299f5cb41865 manifestBytes=830  missing=0 bodyBytes=830
        t=2026-09-22T08:36:26+0200 lvl=info msg="HOTSTUFF PROPOSAL MANIFEST stored"     from=127.0.0.1:41299 number=23 proposalID=0x333ed50de5cf44e0ff5192de77847387ed36e09d4b705b43044ba20a0f5b7d24 manifestBytes=1220 missing=1 bodyBytes=3350
        t=2026-09-22T08:36:26+0200 lvl=info msg="HOTSTUFF PROPOSAL MANIFEST stored"     from=127.0.0.1:38817 number=24 proposalID=0x683ea6b3dd35ee259030ab4a661bcde5853c5f68b3722071c408646b5c4f5066 manifestBytes=830  missing=0 bodyBytes=830
        t=2026-09-22T08:36:26+0200 lvl=info msg="HOTSTUFF PROPOSAL MANIFEST stored"     from=127.0.0.1:51703 number=25 proposalID=0x69fcc5d7f23af498434924189cc851e16dfee92ce16d60d574fa00c4eefe439a manifestBytes=1220 missing=0 bodyBytes=3350
        t=2026-09-22T08:36:27+0200 lvl=info msg="HOTSTUFF PROPOSAL MANIFEST stored"     from=127.0.0.1:38817 number=26 proposalID=0x5888ca94d492f89ba8bf7b5983164805b4fcc84a0c63eaf55e1768482b0d4e54 manifestBytes=830  missing=0 bodyBytes=830
        t=2026-09-22T08:36:28+0200 lvl=info msg="HOTSTUFF PROPOSAL REF"                 number=27 viewID=0x6fc5ea9ab9b247f9ccdcc2d8a6b93072035732881f6f0d9aaf7cd11af3fdedee proposalID=0xd54b7d1397d6b600dc16035823b59061def7f7134deb1574363e008f94b6a5c3 blockHash=0xb6178d08b08a2271d87e1b9d76a5fb3d9cb2ea97b57960c32e43b72d4477bd51 bodyHash=0xad40dfb4f1ed38070fd6ceb6a2e08d3e123d84d0e461c26d3c5a5aaad0dfaf50 bodySize=3350 refBytes=442
        t=2026-09-22T08:36:28+0200 lvl=warn msg="Send msg try again"                    address=[::]:46372      Couldn't send to=127.0.0.1:58506 error="Operation Canceled"
        t=2026-09-22T08:36:28+0200 lvl=eror msg=CloseConnect                            =[::]:46372 having error closing conn to=127.0.0.1:58506 error="Connection Closed"
        t=2026-09-22T08:36:28+0200 lvl=info msg="HOTSTUFF PROPOSAL MANIFEST stored"     from=127.0.0.1:48722 number=28 proposalID=0xdef45bec4070dfa83096d9d3e0d2e959a146a4e42f21ca42a2c5a6f68c467e35 manifestBytes=830  missing=0 bodyBytes=830
        t=2026-09-22T08:36:29+0200 lvl=info msg="HOTSTUFF PROPOSAL REF"                 number=29 viewID=0x5e48254cb19de37fdac89e154c6c22a093dbe8d10c01f01d917a40c2db14fce4 proposalID=0x3b5f198ff911878b59ceb8873ee0b98ac3fa4e09c19b70644b773891363dc82c blockHash=0x9915d760da3f65bfa3c9bd8696c5b5505bda36b02858e033b1a6a92670f7a016 bodyHash=0xd4c22a2323b4f7f13c15ea90fb63c407a544666268d3ba37a8c6aa0de661c364 bodySize=3350 refBytes=442
        t=2026-09-22T08:36:29+0200 lvl=warn msg="Send msg try again"                    address=[::]:46372      Couldn't send to=127.0.0.1:38817 error="Operation Canceled"
        t=2026-09-22T08:36:29+0200 lvl=eror msg=CloseConnect                            =[::]:46372 having error closing conn to=127.0.0.1:38817 error="Connection Closed"
        t=2026-09-22T08:36:29+0200 lvl=info msg="HOTSTUFF PROPOSAL MANIFEST stored"     from=127.0.0.1:41299 number=30 proposalID=0x986b308481ff67283151e0b026fe3b7306f1683447daa320984d50a0381d85e0 manifestBytes=830  missing=0 bodyBytes=830
        t=2026-09-22T08:36:30+0200 lvl=info msg="HOTSTUFF PROPOSAL MANIFEST stored"     from=127.0.0.1:48722 number=31 proposalID=0x779eb2995c50677160ff7c0bd292ead2aeff6799c7d720ed968cdd7b935bd04a manifestBytes=1220 missing=0 bodyBytes=3350
        t=2026-09-22T08:36:30+0200 lvl=info msg="HOTSTUFF PROPOSAL MANIFEST stored"     from=127.0.0.1:52869 number=32 proposalID=0x6e790eeab707c9da83d02aa39eafd6a731c42708ac73451bc7ef21ff47d8babc manifestBytes=830  missing=0 bodyBytes=830
        t=2026-09-22T08:36:31+0200 lvl=info msg="HOTSTUFF PROPOSAL MANIFEST stored"     from=127.0.0.1:38817 number=33 proposalID=0xad36e8131f609733e8ab158db036ca6e7621880187c2ff695b8748d0e1cb706e manifestBytes=1220 missing=1 bodyBytes=3350
        t=2026-09-22T08:36:31+0200 lvl=eror msg="OnPropose wait proposal body"          number=33 proposalID=0xad36e8131f609733e8ab158db036ca6e7621880187c2ff695b8748d0e1cb706e err="hotstuff view state too old"
        t=2026-09-22T08:36:31+0200 lvl=warn msg="HOTSTUFF PROPOSAL MANIFEST authority rejected" from=127.0.0.1:58506 leader=127.0.0.1:58506 number=34 proposalID=0x7d947be2c567c5f315b53c4f90fd7295d35d4745e107f753d6b6e680206f4cc8 err="proposal manifest does not match the current deterministic leader route: manifest key committee is already canonical but is not the current route"
        t=2026-09-22T08:36:31+0200 lvl=warn msg="HandleConn drops connection: closed"   address=127.0.0.1:46372 remot=127.0.0.1:58506
        t=2026-09-22T08:36:31+0200 lvl=warn msg="HOTSTUFF PROPOSAL MANIFEST authority rejected" from=127.0.0.1:58506 leader=127.0.0.1:58506 number=34 proposalID=0x7d947be2c567c5f315b53c4f90fd7295d35d4745e107f753d6b6e680206f4cc8 err="proposal manifest does not match the current deterministic leader route: manifest key committee is already canonical but is not the current route"
        t=2026-09-22T08:36:31+0200 lvl=info msg="HOTSTUFF PROPOSAL REPAIR REQUEST"      to=127.0.0.1:58506 number=34 proposalID=0x7d947be2c567c5f315b53c4f90fd7295d35d4745e107f753d6b6e680206f4cc8 missing=0 attempt=0
        t=2026-09-22T08:36:31+0200 lvl=info msg="HOTSTUFF PROPOSAL MANIFEST stored"     from=127.0.0.1:58506 number=34 proposalID=0x7d947be2c567c5f315b53c4f90fd7295d35d4745e107f753d6b6e680206f4cc8 manifestBytes=830  missing=0 bodyBytes=830
        t=2026-09-22T08:36:32+0200 lvl=info msg="HOTSTUFF PROPOSAL MANIFEST stored"     from=127.0.0.1:38817 number=35 proposalID=0x1ab7a33a58cae24d45f90f1e71be984303d12e473e7374e4cfd740704934da36 manifestBytes=1220 missing=1 bodyBytes=3350
        t=2026-09-22T08:36:32+0200 lvl=eror msg="OnPropose wait proposal body"          number=35 proposalID=0x1ab7a33a58cae24d45f90f1e71be984303d12e473e7374e4cfd740704934da36 err="hotstuff view state too old"
        t=2026-09-22T08:36:32+0200 lvl=warn msg="reject new-view before storage"        from=127.0.0.1:38817 viewID=0x0f33e003572f694c232697b7d3dfcc0b58f22d3123a17edcdc32663c2ea7f105 err="hotstuff proposal validation pending"
        t=2026-09-22T08:36:32+0200 lvl=warn msg="reject new-view before storage"        from=127.0.0.1:48722 viewID=0x0f33e003572f694c232697b7d3dfcc0b58f22d3123a17edcdc32663c2ea7f105 err="hotstuff proposal validation pending"
        t=2026-09-22T08:36:32+0200 lvl=warn msg="reject new-view before storage"        from=127.0.0.1:58506 viewID=0x0f33e003572f694c232697b7d3dfcc0b58f22d3123a17edcdc32663c2ea7f105 err="hotstuff proposal validation pending"
        t=2026-09-22T08:36:32+0200 lvl=warn msg="reject new-view before storage"        from=127.0.0.1:41299 viewID=0x0f33e003572f694c232697b7d3dfcc0b58f22d3123a17edcdc32663c2ea7f105 err="hotstuff proposal validation pending"
        t=2026-09-22T08:36:32+0200 lvl=warn msg="reject new-view before storage"        from=127.0.0.1:52869 viewID=0x0f33e003572f694c232697b7d3dfcc0b58f22d3123a17edcdc32663c2ea7f105 err="hotstuff proposal validation pending"
        t=2026-09-22T08:36:32+0200 lvl=info msg="HOTSTUFF PROPOSAL REF"                 number=36 viewID=0x0f33e003572f694c232697b7d3dfcc0b58f22d3123a17edcdc32663c2ea7f105 proposalID=0x032cd1a6409ad586301116ec707d3bf1f32d2c3c1e0d7e18719986154f736817 blockHash=0x89bfb7489b3d45e7414931472abbcf3b8e37b4728e61a63d19e198f735c98a46 bodyHash=0x556045f8c08f2b12107d4a249f78be8e564cc34360fba83fee3dfb74f644ba39 bodySize=830  refBytes=439
        t=2026-09-22T08:36:32+0200 lvl=warn msg="Send msg try again"                    address=[::]:46372      Couldn't send to=127.0.0.1:58506 error="Operation Canceled"
        t=2026-09-22T08:36:32+0200 lvl=eror msg=CloseConnect                            =[::]:46372 having error closing conn to=127.0.0.1:42828 error="Connection Closed"
        t=2026-09-22T08:36:33+0200 lvl=info msg="HOTSTUFF PROPOSAL REF"                 number=37 viewID=0x1d4c31bbef69336775ad7f054319162d0b3f672753d1b48a5d52398e22f94b7b proposalID=0xe1fe080f42459c80658ef51f079764277585743f4f317a0b9c5667db0a04b843 blockHash=0x9cac606597093c8d37b4b3176a2f8caf5cf4ea516aaf5211ddded4860e7c3c5f bodyHash=0xc56018e7a132c0d96c43fb79e36acb993ac7477e359705a8babd58ed425acf1d bodySize=3350 refBytes=442
        t=2026-09-22T08:36:33+0200 lvl=warn msg="Send msg try again"                    address=[::]:46372      Couldn't send to=127.0.0.1:41299 error="Operation Canceled"
        t=2026-09-22T08:36:33+0200 lvl=eror msg=CloseConnect                            =[::]:46372 having error closing conn to=127.0.0.1:52125 error="Connection Closed"
        t=2026-09-22T08:36:33+0200 lvl=info msg="HOTSTUFF PROPOSAL MANIFEST stored"     from=127.0.0.1:48722 number=38 proposalID=0x6ef641ef201f4870501f7ac9a57212179ac50aeb2c23f9c11754c2e7f3af2a7e manifestBytes=830  missing=0 bodyBytes=830
        t=2026-09-22T08:36:34+0200 lvl=info msg="HOTSTUFF PROPOSAL MANIFEST stored"     from=127.0.0.1:58506 number=39 proposalID=0x620dd1868581cb89729e78ac7f6b5f2bca1853986c0c9c46a12f15cf5e6fcbd4 manifestBytes=1220 missing=0 bodyBytes=3350
        t=2026-09-22T08:36:34+0200 lvl=info msg="HOTSTUFF PROPOSAL MANIFEST stored"     from=127.0.0.1:52869 number=40 proposalID=0x98c162ba05bfaf0c5ee8ace4fe573b436ec29ea0620bd95ae2390e50445928cf manifestBytes=830  missing=0 bodyBytes=830
        t=2026-09-22T08:36:34+0200 lvl=info msg="HOTSTUFF PROPOSAL MANIFEST stored"     from=127.0.0.1:52869 number=41 proposalID=0x9c819ed1cf85a03a13a2f238acb46f17abdfe5445ff243e134de9ab9240cb6b2 manifestBytes=1220 missing=0 bodyBytes=3350
        t=2026-09-22T08:36:35+0200 lvl=info msg="HOTSTUFF PROPOSAL MANIFEST stored"     from=127.0.0.1:48722 number=42 proposalID=0x6ed67ce1da76481653612ec739aa466723871f1b62abf75436dd3a8b7a7bce03 manifestBytes=830  missing=0 bodyBytes=830
        t=2026-09-22T08:36:35+0200 lvl=info msg="HOTSTUFF PROPOSAL MANIFEST stored"     from=127.0.0.1:51703 number=43 proposalID=0x7f767723637090e2e2aedd4f8719c15d8d49e89e84688852743337324cde177a manifestBytes=1220 missing=0 bodyBytes=3350
        t=2026-09-22T08:36:35+0200 lvl=info msg="HOTSTUFF PROPOSAL REF"                 number=44 viewID=0x8f2d99ae586b4c36e9cf840f0bafb0fc631a3b17c26c8a60d90c4e430c9f1e8f proposalID=0x149aae9cd838dd2ab751efafc3a7c373d6ef7557cbd99797a761f9ef3afe0667 blockHash=0x5caea969f2568057d26382ace24e4ee0069b200d58d798c1c71b071473bed11a bodyHash=0xe0c8c36b9fb2907cc9bddff73d92c2219906f4d86e959c28fc1a3348d1ee75ba bodySize=830  refBytes=439
        t=2026-09-22T08:36:36+0200 lvl=warn msg=GetBlockByNumer                         number=1
        t=2026-09-22T08:36:36+0200 lvl=warn msg=GetBlockByNumer                         number=43
        t=2026-09-22T08:36:36+0200 lvl=info msg="HOTSTUFF PROPOSAL MANIFEST stored"     from=127.0.0.1:58506 number=45 proposalID=0xfab63b65dce549a94fb7fdd1ebb5892d85ae96f8d934c87856d4753ca3932a6a manifestBytes=1220 missing=0 bodyBytes=3350
        t=2026-09-22T08:36:36+0200 lvl=info msg="HOTSTUFF PROPOSAL MANIFEST stored"     from=127.0.0.1:38817 number=46 proposalID=0x64da13facb61f2b41f35bc771d7c5d7aa19b84b27b7bbadb074b956bdc62b6b1 manifestBytes=830  missing=0 bodyBytes=830
        t=2026-09-22T08:36:36+0200 lvl=info msg="HOTSTUFF PROPOSAL MANIFEST stored"     from=127.0.0.1:51703 number=47 proposalID=0x658dc190462debf9569093621105aa8085368e22605f86ad175fda91c00adfdb manifestBytes=1220 missing=0 bodyBytes=3350
        t=2026-09-22T08:36:37+0200 lvl=info msg="HOTSTUFF PROPOSAL MANIFEST stored"     from=127.0.0.1:38817 number=48 proposalID=0x7639f6d21023e8a7f7595b569d8732f62557008da448c80b1711ac82a6a32ae9 manifestBytes=830  missing=0 bodyBytes=830
        t=2026-09-22T08:36:37+0200 lvl=warn msg=GetBlockByNumer                         number=1
        t=2026-09-22T08:36:37+0200 lvl=warn msg=GetBlockByNumer                         number=47
        t=2026-09-22T08:36:37+0200 lvl=warn msg=GetBlockByNumer                         number=1
        t=2026-09-22T08:36:37+0200 lvl=warn msg=GetBlockByNumer                         number=47
    fhs_process_recovery_test.go:225: validator 934445 complete log: /tmp/fhs-process-failure-1245953856.log
    fhs_process_recovery_test.go:230: validator 934445 log tail:
        t=2026-09-22T08:35:23+0200 lvl=warn msg=GetBlockByNumer number=0
        t=2026-09-22T08:35:23+0200 lvl=warn msg="Failed to load snapshot, regenerating" err="missing or corrupted snapshot"
        t=2026-09-22T08:35:34+0200 lvl=eror msg=Connect                                 Could not connect to=127.0.0.1:51703 error="CRYPTO_ERROR 0x150 (remote): tls: internal error"
        t=2026-09-22T08:35:34+0200 lvl=eror msg=Connect                                 Could not connect to=127.0.0.1:58506 error="CRYPTO_ERROR 0x150 (remote): tls: internal error"
        t=2026-09-22T08:35:38+0200 lvl=info msg="HOTSTUFF PROPOSAL MANIFEST stored"     from=127.0.0.1:48722 number=1 proposalID=0x156bd8e349a4cf98daf69624833a9554abd8a513ce30fb2f9f432f8862973595 manifestBytes=1219 missing=0 bodyBytes=1314
        t=2026-09-22T08:35:39+0200 lvl=info msg="HOTSTUFF PROPOSAL MANIFEST stored"     from=127.0.0.1:58506 number=2 proposalID=0x40228607f741e6e3906113a06ad323123b47c74e6d3a1a64e80f790e7881456a manifestBytes=830  missing=0 bodyBytes=830
        t=2026-09-22T08:35:39+0200 lvl=info msg="HOTSTUFF PROPOSAL MANIFEST stored"     from=127.0.0.1:46372 number=3 proposalID=0x85792ccd69d4c1923b1cfaa29f0d657dab5e2fbf341aa05f174ac67a49f9c7c4 manifestBytes=1219 missing=0 bodyBytes=1314
        t=2026-09-22T08:35:40+0200 lvl=info msg="HOTSTUFF PROPOSAL MANIFEST stored"     from=127.0.0.1:46372 number=4 proposalID=0xaaf6f7bd1de937860aa9cb2b8c5abe51f86de0806a057c40a63c87469405edaf manifestBytes=830  missing=0 bodyBytes=830
        t=2026-09-22T08:35:40+0200 lvl=info msg="HOTSTUFF PROPOSAL MANIFEST stored"     from=127.0.0.1:46372 number=5 proposalID=0x37b33bf908b095ed025f3a925c1f7f1f61aeb6a36271dc9e2f7123d60cd3effe manifestBytes=1219 missing=0 bodyBytes=1314
        t=2026-09-22T08:35:40+0200 lvl=info msg="HOTSTUFF PROPOSAL MANIFEST stored"     from=127.0.0.1:46372 number=6 proposalID=0x5e6445076569fe27bb65d2d3812a4a1f2077b1a551affb57cd033a52d7ca1379 manifestBytes=830  missing=0 bodyBytes=830
        t=2026-09-22T08:35:41+0200 lvl=info msg="HOTSTUFF PROPOSAL MANIFEST stored"     from=127.0.0.1:51703 number=7 proposalID=0xfd7ceee0f6c0ef07ac4afeea7e2550e26ce3ff3303d254cabb4219751fa125f4 manifestBytes=1219 missing=1 bodyBytes=1313
        t=2026-09-22T08:35:41+0200 lvl=eror msg="OnPropose wait proposal body"          number=7 proposalID=0xfd7ceee0f6c0ef07ac4afeea7e2550e26ce3ff3303d254cabb4219751fa125f4 err="hotstuff view state too old"
        t=2026-09-22T08:35:41+0200 lvl=info msg="HOTSTUFF PROPOSAL MANIFEST stored"     from=127.0.0.1:38817 number=8 proposalID=0x26d2d41f91d6cfa59e3e771409f8f11d9eb84360de4f45ce2a9c9cb0aa533e65 manifestBytes=830  missing=0 bodyBytes=830
        t=2026-09-22T08:35:42+0200 lvl=warn msg=GetBlockByNumer                         number=1
        t=2026-09-22T08:35:42+0200 lvl=warn msg=GetBlockByNumer                         number=7
        t=2026-09-22T08:35:42+0200 lvl=warn msg=GetBlockByNumer                         number=1
        t=2026-09-22T08:35:42+0200 lvl=warn msg=GetBlockByNumer                         number=7
        t=2026-09-22T08:35:47+0200 lvl=warn msg="HOTSTUFF RECOVERY resend NewView"      number=9 viewID=0xe5f54ef88b48050070bd8ca5ea145c4bd7e7336d5587ffca6bbc2ae14cdcba62 to=127.0.0.1:48722
        t=2026-09-22T08:35:52+0200 lvl=warn msg="HOTSTUFF RECOVERY resend NewView"      number=9 viewID=0xe5f54ef88b48050070bd8ca5ea145c4bd7e7336d5587ffca6bbc2ae14cdcba62 to=127.0.0.1:48722
        t=2026-09-22T08:35:57+0200 lvl=warn msg="HOTSTUFF RECOVERY resend NewView"      number=9 viewID=0xe5f54ef88b48050070bd8ca5ea145c4bd7e7336d5587ffca6bbc2ae14cdcba62 to=127.0.0.1:48722
        t=2026-09-22T08:36:02+0200 lvl=warn msg="HOTSTUFF RECOVERY resend NewView"      number=9 viewID=0xe5f54ef88b48050070bd8ca5ea145c4bd7e7336d5587ffca6bbc2ae14cdcba62 to=127.0.0.1:48722
        t=2026-09-22T08:36:07+0200 lvl=warn msg="HOTSTUFF RECOVERY resend NewView"      number=9 viewID=0xe5f54ef88b48050070bd8ca5ea145c4bd7e7336d5587ffca6bbc2ae14cdcba62 to=127.0.0.1:48722
        t=2026-09-22T08:36:12+0200 lvl=warn msg="HOTSTUFF RECOVERY resend NewView"      number=9 viewID=0xe5f54ef88b48050070bd8ca5ea145c4bd7e7336d5587ffca6bbc2ae14cdcba62 to=127.0.0.1:48722
        t=2026-09-22T08:36:17+0200 lvl=warn msg="HOTSTUFF RECOVERY resend NewView"      number=9 viewID=0xe5f54ef88b48050070bd8ca5ea145c4bd7e7336d5587ffca6bbc2ae14cdcba62 to=127.0.0.1:48722
        t=2026-09-22T08:36:19+0200 lvl=info msg="HOTSTUFF PROPOSAL MANIFEST stored"     from=127.0.0.1:48722 number=9 proposalID=0xf4077d0d29b519a7121c78da0369a5fbfc45649b0f832d55752597925f29a06b manifestBytes=1220 missing=0 bodyBytes=20250
        t=2026-09-22T08:36:20+0200 lvl=info msg="HOTSTUFF PROPOSAL REF"                 number=10 viewID=0x9614e9c81fb9c3026d82b0613ecb7d2049922160cf0135331bfc87f0fa1ead9c proposalID=0x3caec15d11faa92ab21aa74df4beac63292e14616f3b566b2efab19b0a7af3aa blockHash=0x99c834fe0ef31e136da4663d8eb5ed4f7ce2ac7f78bf6907dd0e6e7497a7bc3c bodyHash=0x765166eb9422ab224d4c8cbe7d967c9a165a87d0dae103f24cc78d5b0c698865 bodySize=830 refBytes=439
        t=2026-09-22T08:36:20+0200 lvl=info msg="HOTSTUFF PROPOSAL MANIFEST stored"     from=127.0.0.1:51703 number=11 proposalID=0xcd2a044b5b837ed519e798d6b47df5c6bb3d6146ffede3e2a80776017d75763a manifestBytes=1220 missing=0 bodyBytes=3350
        t=2026-09-22T08:36:21+0200 lvl=info msg="HOTSTUFF PROPOSAL REF"                 number=12 viewID=0x0acd30de5dd7a9480acefb507243e10a3ef2b0d16617f745dcbb30dac558e0df proposalID=0x68affb65ada29606453a680b6d26814e68b1824e0ac479c2260a54981823a129 blockHash=0xe8757cf4e5fb5014c527828232912853d64d874e726344458e090988a47d7475 bodyHash=0x584fb273a3faf14c0e2908247cba0e895d2a5e38d008a1c4275cede506c6b2ed bodySize=830 refBytes=439
        t=2026-09-22T08:36:21+0200 lvl=info msg="HOTSTUFF PROPOSAL REF"                 number=13 viewID=0xed7ccb4dbf2b68db0cb1ac5089de087a5cf5431412be945ab5c905c1384b3060 proposalID=0xccbb50b58fe3f81d485604d9e7aea5f62ac42631bb1b79d159ef3dfc4615dbfd blockHash=0x67711c65bcd1ba9dc009d526592a45c7165c5d02435b0b24d1b599e913c890be bodyHash=0x5fed54b8c0420b7bf1f1e9b224c5078daf69a2973be8bb7035a359bd8c43c661 bodySize=3350 refBytes=442
        t=2026-09-22T08:36:21+0200 lvl=info msg="HOTSTUFF PROPOSAL MANIFEST stored"     from=127.0.0.1:52869 number=14 proposalID=0x18d6c8cb2b935c0b54b63608f461e3da38534b499e466ecaab5c70967f6f877b manifestBytes=830  missing=0 bodyBytes=830
        t=2026-09-22T08:36:22+0200 lvl=info msg="HOTSTUFF PROPOSAL MANIFEST stored"     from=127.0.0.1:51703 number=15 proposalID=0xd0b3beaa835e4a7c9ce89cfb452791d41f350a981458312206669caa03b4a66e manifestBytes=1220 missing=0 bodyBytes=3350
        t=2026-09-22T08:36:22+0200 lvl=info msg="HOTSTUFF PROPOSAL MANIFEST stored"     from=127.0.0.1:46372 number=16 proposalID=0x84e9f4ad7a2e9f2ca82ab35a705f511dc0a2cd2bf941a95dca187d9c6de3fae9 manifestBytes=830  missing=0 bodyBytes=830
        t=2026-09-22T08:36:23+0200 lvl=info msg="HOTSTUFF PROPOSAL MANIFEST stored"     from=127.0.0.1:46372 number=17 proposalID=0xe2f24567e42ccb9603b5cc1b75e778432c5ded9ac683c2d7b4a51cd6ed33811a manifestBytes=1220 missing=0 bodyBytes=3350
        t=2026-09-22T08:36:23+0200 lvl=info msg="HOTSTUFF PROPOSAL MANIFEST stored"     from=127.0.0.1:48722 number=18 proposalID=0x99a63e9c51a7d22269e77e1b7652942ab33c5e3af5c8f67c88ae21fcf78e432d manifestBytes=830  missing=0 bodyBytes=830
        t=2026-09-22T08:36:24+0200 lvl=info msg="HOTSTUFF PROPOSAL MANIFEST stored"     from=127.0.0.1:58506 number=19 proposalID=0x99b196fa5a2a76fbe46b0ae82d838208e17cfa31620ee8aba607797da5311326 manifestBytes=1220 missing=1 bodyBytes=3350
        t=2026-09-22T08:36:24+0200 lvl=eror msg="OnPropose wait proposal body"          number=19 proposalID=0x99b196fa5a2a76fbe46b0ae82d838208e17cfa31620ee8aba607797da5311326 err="hotstuff view state too old"
        t=2026-09-22T08:36:24+0200 lvl=warn msg="HOTSTUFF PROPOSAL MANIFEST authority rejected" from=127.0.0.1:52869 leader=127.0.0.1:52869 number=20 proposalID=0xf9c3ac6fcb2cf03500523e83c362dfb3bf871a2dc9184b9b33fa7d87624e716c err="proposal manifest does not match the current deterministic leader route: manifest key committee is already canonical but is not the current route"
        t=2026-09-22T08:36:25+0200 lvl=info msg="HOTSTUFF PROPOSAL REPAIR REQUEST"      to=127.0.0.1:52869 number=20 proposalID=0xf9c3ac6fcb2cf03500523e83c362dfb3bf871a2dc9184b9b33fa7d87624e716c missing=0 attempt=0
        t=2026-09-22T08:36:25+0200 lvl=info msg="HOTSTUFF PROPOSAL MANIFEST stored"     from=127.0.0.1:52869 number=20 proposalID=0xf9c3ac6fcb2cf03500523e83c362dfb3bf871a2dc9184b9b33fa7d87624e716c manifestBytes=830  missing=0 bodyBytes=830
        t=2026-09-22T08:36:25+0200 lvl=info msg="HOTSTUFF PROPOSAL MANIFEST stored"     from=127.0.0.1:51703 number=21 proposalID=0x67fa54b6bc2aa0ad63157e283f65fce2503db6702bd13c804f6a86af8d06987f manifestBytes=1220 missing=0 bodyBytes=3350
        t=2026-09-22T08:36:25+0200 lvl=info msg="HOTSTUFF PROPOSAL MANIFEST stored"     from=127.0.0.1:38817 number=22 proposalID=0x4b20abd3fa08299b65602774bb6421529fe442432b554e91fb42299f5cb41865 manifestBytes=830  missing=0 bodyBytes=830
        t=2026-09-22T08:36:26+0200 lvl=info msg="HOTSTUFF PROPOSAL REF"                 number=23 viewID=0x276be0fdedd2d9926b96e9b5130b4ebf55c19c0e8a00157e2390cfeeb5510199 proposalID=0x333ed50de5cf44e0ff5192de77847387ed36e09d4b705b43044ba20a0f5b7d24 blockHash=0xe52e9f2b17e2fe693f40a6c5901f77a70863760ddae7d574dda570fdfd311707 bodyHash=0x41c1aff69116f7125615e8101276a497a744ede10f4dfd397d384e4917e8f673 bodySize=3350 refBytes=442
        t=2026-09-22T08:36:26+0200 lvl=warn msg="Send msg try again"                    address=[::]:41299 Couldn't send to=127.0.0.1:58506 error="Operation Canceled"
        t=2026-09-22T08:36:26+0200 lvl=eror msg=CloseConnect                            =[::]:41299 having error closing conn to=127.0.0.1:50042 error="Connection Closed"
        t=2026-09-22T08:36:26+0200 lvl=info msg="HOTSTUFF PROPOSAL MANIFEST stored"     from=127.0.0.1:38817 number=24 proposalID=0x683ea6b3dd35ee259030ab4a661bcde5853c5f68b3722071c408646b5c4f5066 manifestBytes=830  missing=0 bodyBytes=830
        t=2026-09-22T08:36:26+0200 lvl=info msg="HOTSTUFF PROPOSAL MANIFEST stored"     from=127.0.0.1:51703 number=25 proposalID=0x69fcc5d7f23af498434924189cc851e16dfee92ce16d60d574fa00c4eefe439a manifestBytes=1220 missing=0 bodyBytes=3350
        t=2026-09-22T08:36:27+0200 lvl=info msg="HOTSTUFF PROPOSAL MANIFEST stored"     from=127.0.0.1:38817 number=26 proposalID=0x5888ca94d492f89ba8bf7b5983164805b4fcc84a0c63eaf55e1768482b0d4e54 manifestBytes=830  missing=0 bodyBytes=830
        t=2026-09-22T08:36:28+0200 lvl=info msg="HOTSTUFF PROPOSAL MANIFEST stored"     from=127.0.0.1:46372 number=27 proposalID=0xd54b7d1397d6b600dc16035823b59061def7f7134deb1574363e008f94b6a5c3 manifestBytes=1220 missing=0 bodyBytes=3350
        t=2026-09-22T08:36:28+0200 lvl=info msg="HOTSTUFF PROPOSAL MANIFEST stored"     from=127.0.0.1:48722 number=28 proposalID=0xdef45bec4070dfa83096d9d3e0d2e959a146a4e42f21ca42a2c5a6f68c467e35 manifestBytes=830  missing=0 bodyBytes=830
        t=2026-09-22T08:36:29+0200 lvl=info msg="HOTSTUFF PROPOSAL MANIFEST stored"     from=127.0.0.1:46372 number=29 proposalID=0x3b5f198ff911878b59ceb8873ee0b98ac3fa4e09c19b70644b773891363dc82c manifestBytes=1220 missing=0 bodyBytes=3350
        t=2026-09-22T08:36:29+0200 lvl=info msg="HOTSTUFF PROPOSAL REF"                 number=30 viewID=0xcaf717d93b17aa469790a17725f4971da1b8bb99e75cf9f406088c8157c4dcdb proposalID=0x986b308481ff67283151e0b026fe3b7306f1683447daa320984d50a0381d85e0 blockHash=0x519b660cbce3b509448421f774f7d28b12234ff691e3337a6fe8706ca6bbb666 bodyHash=0x1b3fe24c63a2d52228b24e05a4ca67dd831aea06473df99530e90a532d674428 bodySize=830  refBytes=439
        t=2026-09-22T08:36:29+0200 lvl=warn msg="Send msg try again"                    address=[::]:41299 Couldn't send to=127.0.0.1:58506 error="Operation Canceled"
        t=2026-09-22T08:36:29+0200 lvl=eror msg=CloseConnect                            =[::]:41299 having error closing conn to=127.0.0.1:58506 error="Connection Closed"
        t=2026-09-22T08:36:30+0200 lvl=info msg="HOTSTUFF PROPOSAL MANIFEST stored"     from=127.0.0.1:48722 number=31 proposalID=0x779eb2995c50677160ff7c0bd292ead2aeff6799c7d720ed968cdd7b935bd04a manifestBytes=1220 missing=1 bodyBytes=3350
        t=2026-09-22T08:36:30+0200 lvl=eror msg="OnPropose wait proposal body"          number=31 proposalID=0x779eb2995c50677160ff7c0bd292ead2aeff6799c7d720ed968cdd7b935bd04a err="hotstuff view state too old"
        t=2026-09-22T08:36:30+0200 lvl=warn msg="HOTSTUFF PROPOSAL MANIFEST authority rejected" from=127.0.0.1:52869 leader=127.0.0.1:52869 number=32 proposalID=0x6e790eeab707c9da83d02aa39eafd6a731c42708ac73451bc7ef21ff47d8babc err="proposal manifest does not match the current deterministic leader route: manifest key committee is already canonical but is not the current route"
        t=2026-09-22T08:36:30+0200 lvl=info msg="HOTSTUFF PROPOSAL REPAIR REQUEST"      to=127.0.0.1:52869 number=32 proposalID=0x6e790eeab707c9da83d02aa39eafd6a731c42708ac73451bc7ef21ff47d8babc missing=0 attempt=0
        t=2026-09-22T08:36:30+0200 lvl=info msg="HOTSTUFF PROPOSAL MANIFEST stored"     from=127.0.0.1:52869 number=32 proposalID=0x6e790eeab707c9da83d02aa39eafd6a731c42708ac73451bc7ef21ff47d8babc manifestBytes=830  missing=0 bodyBytes=830
        t=2026-09-22T08:36:31+0200 lvl=info msg="HOTSTUFF PROPOSAL MANIFEST stored"     from=127.0.0.1:38817 number=33 proposalID=0xad36e8131f609733e8ab158db036ca6e7621880187c2ff695b8748d0e1cb706e manifestBytes=1220 missing=0 bodyBytes=3350
        t=2026-09-22T08:36:31+0200 lvl=info msg="HOTSTUFF PROPOSAL MANIFEST stored"     from=127.0.0.1:58506 number=34 proposalID=0x7d947be2c567c5f315b53c4f90fd7295d35d4745e107f753d6b6e680206f4cc8 manifestBytes=830  missing=0 bodyBytes=830
        t=2026-09-22T08:36:32+0200 lvl=info msg="HOTSTUFF PROPOSAL MANIFEST stored"     from=127.0.0.1:38817 number=35 proposalID=0x1ab7a33a58cae24d45f90f1e71be984303d12e473e7374e4cfd740704934da36 manifestBytes=1220 missing=0 bodyBytes=3350
        t=2026-09-22T08:36:32+0200 lvl=info msg="HOTSTUFF PROPOSAL MANIFEST stored"     from=127.0.0.1:46372 number=36 proposalID=0x032cd1a6409ad586301116ec707d3bf1f32d2c3c1e0d7e18719986154f736817 manifestBytes=830  missing=0 bodyBytes=830
        t=2026-09-22T08:36:33+0200 lvl=warn msg="HandleConn drops connection: closed"   address=127.0.0.1:41299 remot=127.0.0.1:46372
        t=2026-09-22T08:36:33+0200 lvl=eror msg="OnPropose wait proposal body"          number=37 proposalID=0xe1fe080f42459c80658ef51f079764277585743f4f317a0b9c5667db0a04b843 err="hotstuff view state too old"
        t=2026-09-22T08:36:33+0200 lvl=warn msg="HOTSTUFF PROPOSAL MANIFEST authority rejected" from=127.0.0.1:48722 leader=127.0.0.1:48722 number=38 proposalID=0x6ef641ef201f4870501f7ac9a57212179ac50aeb2c23f9c11754c2e7f3af2a7e err="proposal manifest does not match the current deterministic leader route: manifest key committee is already canonical but is not the current route"
        t=2026-09-22T08:36:33+0200 lvl=info msg="HOTSTUFF PROPOSAL REPAIR REQUEST"      to=127.0.0.1:48722 number=38 proposalID=0x6ef641ef201f4870501f7ac9a57212179ac50aeb2c23f9c11754c2e7f3af2a7e missing=0 attempt=0
        t=2026-09-22T08:36:33+0200 lvl=info msg="HOTSTUFF PROPOSAL MANIFEST stored"     from=127.0.0.1:48722 number=38 proposalID=0x6ef641ef201f4870501f7ac9a57212179ac50aeb2c23f9c11754c2e7f3af2a7e manifestBytes=830  missing=0 bodyBytes=830
        t=2026-09-22T08:36:33+0200 lvl=info msg="HOTSTUFF PROPOSAL REPAIR REQUEST"      to=127.0.0.1:46372 number=37 proposalID=0xe1fe080f42459c80658ef51f079764277585743f4f317a0b9c5667db0a04b843 missing=0 attempt=0
        t=2026-09-22T08:36:33+0200 lvl=info msg="HOTSTUFF PROPOSAL MANIFEST stored"     from=127.0.0.1:46372 number=37 proposalID=0xe1fe080f42459c80658ef51f079764277585743f4f317a0b9c5667db0a04b843 manifestBytes=1220 missing=0 bodyBytes=3350
        t=2026-09-22T08:36:34+0200 lvl=info msg="HOTSTUFF PROPOSAL MANIFEST stored"     from=127.0.0.1:58506 number=39 proposalID=0x620dd1868581cb89729e78ac7f6b5f2bca1853986c0c9c46a12f15cf5e6fcbd4 manifestBytes=1220 missing=0 bodyBytes=3350
        t=2026-09-22T08:36:34+0200 lvl=info msg="HOTSTUFF PROPOSAL MANIFEST stored"     from=127.0.0.1:52869 number=40 proposalID=0x98c162ba05bfaf0c5ee8ace4fe573b436ec29ea0620bd95ae2390e50445928cf manifestBytes=830  missing=0 bodyBytes=830
        t=2026-09-22T08:36:34+0200 lvl=info msg="HOTSTUFF PROPOSAL MANIFEST stored"     from=127.0.0.1:52869 number=41 proposalID=0x9c819ed1cf85a03a13a2f238acb46f17abdfe5445ff243e134de9ab9240cb6b2 manifestBytes=1220 missing=0 bodyBytes=3350
        t=2026-09-22T08:36:35+0200 lvl=info msg="HOTSTUFF PROPOSAL MANIFEST stored"     from=127.0.0.1:48722 number=42 proposalID=0x6ed67ce1da76481653612ec739aa466723871f1b62abf75436dd3a8b7a7bce03 manifestBytes=830  missing=0 bodyBytes=830
        t=2026-09-22T08:36:35+0200 lvl=info msg="HOTSTUFF PROPOSAL MANIFEST stored"     from=127.0.0.1:51703 number=43 proposalID=0x7f767723637090e2e2aedd4f8719c15d8d49e89e84688852743337324cde177a manifestBytes=1220 missing=1 bodyBytes=3350
        t=2026-09-22T08:36:35+0200 lvl=info msg="HOTSTUFF PROPOSAL MANIFEST stored"     from=127.0.0.1:46372 number=44 proposalID=0x149aae9cd838dd2ab751efafc3a7c373d6ef7557cbd99797a761f9ef3afe0667 manifestBytes=830  missing=0 bodyBytes=830
        t=2026-09-22T08:36:36+0200 lvl=warn msg=GetBlockByNumer                         number=1
        t=2026-09-22T08:36:36+0200 lvl=warn msg=GetBlockByNumer                         number=43
        t=2026-09-22T08:36:36+0200 lvl=info msg="HOTSTUFF PROPOSAL MANIFEST stored"     from=127.0.0.1:58506 number=45 proposalID=0xfab63b65dce549a94fb7fdd1ebb5892d85ae96f8d934c87856d4753ca3932a6a manifestBytes=1220 missing=0 bodyBytes=3350
        t=2026-09-22T08:36:36+0200 lvl=info msg="HOTSTUFF PROPOSAL MANIFEST stored"     from=127.0.0.1:38817 number=46 proposalID=0x64da13facb61f2b41f35bc771d7c5d7aa19b84b27b7bbadb074b956bdc62b6b1 manifestBytes=830  missing=0 bodyBytes=830
        t=2026-09-22T08:36:36+0200 lvl=info msg="HOTSTUFF PROPOSAL MANIFEST stored"     from=127.0.0.1:51703 number=47 proposalID=0x658dc190462debf9569093621105aa8085368e22605f86ad175fda91c00adfdb manifestBytes=1220 missing=0 bodyBytes=3350
        t=2026-09-22T08:36:37+0200 lvl=info msg="HOTSTUFF PROPOSAL MANIFEST stored"     from=127.0.0.1:38817 number=48 proposalID=0x7639f6d21023e8a7f7595b569d8732f62557008da448c80b1711ac82a6a32ae9 manifestBytes=830  missing=0 bodyBytes=830
        t=2026-09-22T08:36:37+0200 lvl=warn msg="HandleConn drops connection: closed"   address=127.0.0.1:41299 remot=127.0.0.1:38817
        t=2026-09-22T08:36:37+0200 lvl=info msg="HOTSTUFF PROPOSAL MANIFEST stored"     from=127.0.0.1:38817 number=48 proposalID=0x7639f6d21023e8a7f7595b569d8732f62557008da448c80b1711ac82a6a32ae9 manifestBytes=830  missing=0 bodyBytes=830
        t=2026-09-22T08:36:37+0200 lvl=warn msg=GetBlockByNumer                         number=1
        t=2026-09-22T08:36:37+0200 lvl=warn msg=GetBlockByNumer                         number=47
        t=2026-09-22T08:36:37+0200 lvl=warn msg=GetBlockByNumer                         number=1
        t=2026-09-22T08:36:37+0200 lvl=warn msg=GetBlockByNumer                         number=47
    fhs_process_recovery_test.go:225: validator 934432 complete log: /tmp/fhs-process-failure-714370801.log
    fhs_process_recovery_test.go:230: validator 934432 log tail:
        t=2026-09-22T08:35:19+0200 lvl=warn msg=GetBlockByNumer number=0
        t=2026-09-22T08:35:19+0200 lvl=warn msg="Failed to load snapshot, regenerating" err="missing or corrupted snapshot"
        t=2026-09-22T08:35:34+0200 lvl=eror msg=Connect                                 Could not connect to=127.0.0.1:58506 error="CRYPTO_ERROR 0x150 (remote): tls: internal error"
        t=2026-09-22T08:35:34+0200 lvl=eror msg=Connect                                 Could not connect to=127.0.0.1:51703 error="CRYPTO_ERROR 0x150 (remote): tls: internal error"
        t=2026-09-22T08:35:34+0200 lvl=eror msg=Connect                                 Could not connect to=127.0.0.1:46372 error="CRYPTO_ERROR 0x150 (remote): tls: internal error"
        t=2026-09-22T08:35:38+0200 lvl=info msg="HOTSTUFF PROPOSAL REF"                 number=1 viewID=0xe18cc621fe13210f03e01341b31804b66830cfdeae983fbff41baa5bccfd22ae proposalID=0x156bd8e349a4cf98daf69624833a9554abd8a513ce30fb2f9f432f8862973595 blockHash=0x283f71092e7c539f034ea5339dbb47f648d71a7e0346900f5b76124935897393 bodyHash=0x2cf15b2b1bee0e46cc3aff88bb65c506956d313c9041295c2e7dec84dfd65356 bodySize=1314 refBytes=442
        t=2026-09-22T08:35:39+0200 lvl=info msg="HOTSTUFF PROPOSAL MANIFEST stored"     from=127.0.0.1:58506 number=2 proposalID=0x40228607f741e6e3906113a06ad323123b47c74e6d3a1a64e80f790e7881456a manifestBytes=830 missing=0 bodyBytes=830
        t=2026-09-22T08:35:39+0200 lvl=info msg="HOTSTUFF PROPOSAL MANIFEST stored"     from=127.0.0.1:46372 number=3 proposalID=0x85792ccd69d4c1923b1cfaa29f0d657dab5e2fbf341aa05f174ac67a49f9c7c4 manifestBytes=1219 missing=0 bodyBytes=1314
        t=2026-09-22T08:35:40+0200 lvl=info msg="HOTSTUFF PROPOSAL MANIFEST stored"     from=127.0.0.1:46372 number=4 proposalID=0xaaf6f7bd1de937860aa9cb2b8c5abe51f86de0806a057c40a63c87469405edaf manifestBytes=830  missing=0 bodyBytes=830
        t=2026-09-22T08:35:40+0200 lvl=info msg="HOTSTUFF PROPOSAL MANIFEST stored"     from=127.0.0.1:46372 number=5 proposalID=0x37b33bf908b095ed025f3a925c1f7f1f61aeb6a36271dc9e2f7123d60cd3effe manifestBytes=1219 missing=0 bodyBytes=1314
        t=2026-09-22T08:35:40+0200 lvl=info msg="HOTSTUFF PROPOSAL MANIFEST stored"     from=127.0.0.1:46372 number=6 proposalID=0x5e6445076569fe27bb65d2d3812a4a1f2077b1a551affb57cd033a52d7ca1379 manifestBytes=830  missing=0 bodyBytes=830
        t=2026-09-22T08:35:41+0200 lvl=info msg="HOTSTUFF PROPOSAL MANIFEST stored"     from=127.0.0.1:51703 number=7 proposalID=0xfd7ceee0f6c0ef07ac4afeea7e2550e26ce3ff3303d254cabb4219751fa125f4 manifestBytes=1219 missing=0 bodyBytes=1313
        t=2026-09-22T08:35:41+0200 lvl=info msg="HOTSTUFF PROPOSAL MANIFEST stored"     from=127.0.0.1:38817 number=8 proposalID=0x26d2d41f91d6cfa59e3e771409f8f11d9eb84360de4f45ce2a9c9cb0aa533e65 manifestBytes=830  missing=0 bodyBytes=830
        t=2026-09-22T08:35:42+0200 lvl=warn msg=GetBlockByNumer                         number=1
        t=2026-09-22T08:35:42+0200 lvl=warn msg=GetBlockByNumer                         number=7
        t=2026-09-22T08:35:42+0200 lvl=warn msg=GetBlockByNumer                         number=1
        t=2026-09-22T08:35:42+0200 lvl=warn msg=GetBlockByNumer                         number=7
        t=2026-09-22T08:35:47+0200 lvl=warn msg="HOTSTUFF RECOVERY resend NewView"      number=9 viewID=0xe5f54ef88b48050070bd8ca5ea145c4bd7e7336d5587ffca6bbc2ae14cdcba62 to=127.0.0.1:48722
        t=2026-09-22T08:35:52+0200 lvl=warn msg="HOTSTUFF RECOVERY resend NewView"      number=9 viewID=0xe5f54ef88b48050070bd8ca5ea145c4bd7e7336d5587ffca6bbc2ae14cdcba62 to=127.0.0.1:48722
        t=2026-09-22T08:35:57+0200 lvl=warn msg="HOTSTUFF RECOVERY resend NewView"      number=9 viewID=0xe5f54ef88b48050070bd8ca5ea145c4bd7e7336d5587ffca6bbc2ae14cdcba62 to=127.0.0.1:48722
        t=2026-09-22T08:36:02+0200 lvl=warn msg="HOTSTUFF RECOVERY resend NewView"      number=9 viewID=0xe5f54ef88b48050070bd8ca5ea145c4bd7e7336d5587ffca6bbc2ae14cdcba62 to=127.0.0.1:48722
        t=2026-09-22T08:36:07+0200 lvl=warn msg="HOTSTUFF RECOVERY resend NewView"      number=9 viewID=0xe5f54ef88b48050070bd8ca5ea145c4bd7e7336d5587ffca6bbc2ae14cdcba62 to=127.0.0.1:48722
        t=2026-09-22T08:36:12+0200 lvl=warn msg="HOTSTUFF RECOVERY resend NewView"      number=9 viewID=0xe5f54ef88b48050070bd8ca5ea145c4bd7e7336d5587ffca6bbc2ae14cdcba62 to=127.0.0.1:48722
        t=2026-09-22T08:36:17+0200 lvl=warn msg="HOTSTUFF RECOVERY resend NewView"      number=9 viewID=0xe5f54ef88b48050070bd8ca5ea145c4bd7e7336d5587ffca6bbc2ae14cdcba62 to=127.0.0.1:48722
        t=2026-09-22T08:36:19+0200 lvl=info msg="HOTSTUFF PROPOSAL REF"                 number=9 viewID=0xe5f54ef88b48050070bd8ca5ea145c4bd7e7336d5587ffca6bbc2ae14cdcba62 proposalID=0xf4077d0d29b519a7121c78da0369a5fbfc45649b0f832d55752597925f29a06b blockHash=0x773fb3689505b7743b4b5034a41650e2f71717c67ed5ff66885c4e50fc2c4359 bodyHash=0x3779f7a82aacbf474ef0f62a63a5707a964f0367230d194a8185a2a5a526b5fe bodySize=20250 refBytes=442
        t=2026-09-22T08:36:20+0200 lvl=info msg="HOTSTUFF PROPOSAL MANIFEST stored"     from=127.0.0.1:41299 number=10 proposalID=0x3caec15d11faa92ab21aa74df4beac63292e14616f3b566b2efab19b0a7af3aa manifestBytes=830  missing=0 bodyBytes=830
        t=2026-09-22T08:36:20+0200 lvl=info msg="HOTSTUFF PROPOSAL MANIFEST stored"     from=127.0.0.1:51703 number=11 proposalID=0xcd2a044b5b837ed519e798d6b47df5c6bb3d6146ffede3e2a80776017d75763a manifestBytes=1220 missing=0 bodyBytes=3350
        t=2026-09-22T08:36:21+0200 lvl=info msg="HOTSTUFF PROPOSAL MANIFEST stored"     from=127.0.0.1:41299 number=12 proposalID=0x68affb65ada29606453a680b6d26814e68b1824e0ac479c2260a54981823a129 manifestBytes=830  missing=0 bodyBytes=830
        t=2026-09-22T08:36:21+0200 lvl=info msg="HOTSTUFF PROPOSAL MANIFEST stored"     from=127.0.0.1:41299 number=13 proposalID=0xccbb50b58fe3f81d485604d9e7aea5f62ac42631bb1b79d159ef3dfc4615dbfd manifestBytes=1220 missing=0 bodyBytes=3350
        t=2026-09-22T08:36:21+0200 lvl=info msg="HOTSTUFF PROPOSAL MANIFEST stored"     from=127.0.0.1:52869 number=14 proposalID=0x18d6c8cb2b935c0b54b63608f461e3da38534b499e466ecaab5c70967f6f877b manifestBytes=830  missing=0 bodyBytes=830
        t=2026-09-22T08:36:22+0200 lvl=info msg="HOTSTUFF PROPOSAL MANIFEST stored"     from=127.0.0.1:51703 number=15 proposalID=0xd0b3beaa835e4a7c9ce89cfb452791d41f350a981458312206669caa03b4a66e manifestBytes=1220 missing=0 bodyBytes=3350
        t=2026-09-22T08:36:22+0200 lvl=info msg="HOTSTUFF PROPOSAL MANIFEST stored"     from=127.0.0.1:46372 number=16 proposalID=0x84e9f4ad7a2e9f2ca82ab35a705f511dc0a2cd2bf941a95dca187d9c6de3fae9 manifestBytes=830  missing=0 bodyBytes=830
        t=2026-09-22T08:36:23+0200 lvl=info msg="HOTSTUFF PROPOSAL MANIFEST stored"     from=127.0.0.1:46372 number=17 proposalID=0xe2f24567e42ccb9603b5cc1b75e778432c5ded9ac683c2d7b4a51cd6ed33811a manifestBytes=1220 missing=0 bodyBytes=3350
        t=2026-09-22T08:36:23+0200 lvl=info msg="HOTSTUFF PROPOSAL REF"                 number=18 viewID=0x8af872586423afb47a785299a38a241d689ec2ace9b22e6c18f25f83d0ef328e proposalID=0x99a63e9c51a7d22269e77e1b7652942ab33c5e3af5c8f67c88ae21fcf78e432d blockHash=0x94635fa09bae9a96cb3c9e187b516e02b7be326c1450844840d3d7b6b3f77752 bodyHash=0x21b71df6e295c61776c07326ed6524fa3598721fd6aeb72771e02bf0a2e2670f bodySize=830   refBytes=439
        t=2026-09-22T08:36:24+0200 lvl=info msg="HOTSTUFF PROPOSAL MANIFEST stored"     from=127.0.0.1:58506 number=19 proposalID=0x99b196fa5a2a76fbe46b0ae82d838208e17cfa31620ee8aba607797da5311326 manifestBytes=1220 missing=0 bodyBytes=3350
        t=2026-09-22T08:36:24+0200 lvl=info msg="HOTSTUFF PROPOSAL MANIFEST stored"     from=127.0.0.1:52869 number=20 proposalID=0xf9c3ac6fcb2cf03500523e83c362dfb3bf871a2dc9184b9b33fa7d87624e716c manifestBytes=830  missing=0 bodyBytes=830
        t=2026-09-22T08:36:25+0200 lvl=info msg="HOTSTUFF PROPOSAL MANIFEST stored"     from=127.0.0.1:51703 number=21 proposalID=0x67fa54b6bc2aa0ad63157e283f65fce2503db6702bd13c804f6a86af8d06987f manifestBytes=1220 missing=0 bodyBytes=3350
        t=2026-09-22T08:36:25+0200 lvl=info msg="HOTSTUFF PROPOSAL MANIFEST stored"     from=127.0.0.1:38817 number=22 proposalID=0x4b20abd3fa08299b65602774bb6421529fe442432b554e91fb42299f5cb41865 manifestBytes=830  missing=0 bodyBytes=830
        t=2026-09-22T08:36:26+0200 lvl=info msg="HOTSTUFF PROPOSAL MANIFEST stored"     from=127.0.0.1:41299 number=23 proposalID=0x333ed50de5cf44e0ff5192de77847387ed36e09d4b705b43044ba20a0f5b7d24 manifestBytes=1220 missing=0 bodyBytes=3350
        t=2026-09-22T08:36:26+0200 lvl=info msg="HOTSTUFF PROPOSAL MANIFEST stored"     from=127.0.0.1:38817 number=24 proposalID=0x683ea6b3dd35ee259030ab4a661bcde5853c5f68b3722071c408646b5c4f5066 manifestBytes=830  missing=0 bodyBytes=830
        t=2026-09-22T08:36:26+0200 lvl=info msg="HOTSTUFF PROPOSAL MANIFEST stored"     from=127.0.0.1:51703 number=25 proposalID=0x69fcc5d7f23af498434924189cc851e16dfee92ce16d60d574fa00c4eefe439a manifestBytes=1220 missing=0 bodyBytes=3350
        t=2026-09-22T08:36:27+0200 lvl=info msg="HOTSTUFF PROPOSAL MANIFEST stored"     from=127.0.0.1:38817 number=26 proposalID=0x5888ca94d492f89ba8bf7b5983164805b4fcc84a0c63eaf55e1768482b0d4e54 manifestBytes=830  missing=0 bodyBytes=830
        t=2026-09-22T08:36:28+0200 lvl=info msg="HOTSTUFF PROPOSAL MANIFEST stored"     from=127.0.0.1:46372 number=27 proposalID=0xd54b7d1397d6b600dc16035823b59061def7f7134deb1574363e008f94b6a5c3 manifestBytes=1220 missing=0 bodyBytes=3350
        t=2026-09-22T08:36:28+0200 lvl=info msg="HOTSTUFF PROPOSAL REF"                 number=28 viewID=0xdad707d566a6aaa84426bb073af23432c7ac39777a72b651c01608620280434f proposalID=0xdef45bec4070dfa83096d9d3e0d2e959a146a4e42f21ca42a2c5a6f68c467e35 blockHash=0xba72d121513b4c0ba748575f208ca137839a616460707ec287103ce20e35780a bodyHash=0xef2bb2302bccadffaeddc0b268f5600032b31bb490e3f359a3d131084899496b bodySize=830   refBytes=439
        t=2026-09-22T08:36:28+0200 lvl=warn msg="Send msg try again"                    address=[::]:48722 Couldn't send to=127.0.0.1:58506 error="Operation Canceled"
        t=2026-09-22T08:36:28+0200 lvl=eror msg=CloseConnect                            =[::]:48722 having error closing conn to=127.0.0.1:50587 error="Connection Closed"
        t=2026-09-22T08:36:29+0200 lvl=info msg="HOTSTUFF PROPOSAL MANIFEST stored"     from=127.0.0.1:46372 number=29 proposalID=0x3b5f198ff911878b59ceb8873ee0b98ac3fa4e09c19b70644b773891363dc82c manifestBytes=1220 missing=0 bodyBytes=3350
        t=2026-09-22T08:36:29+0200 lvl=info msg="HOTSTUFF PROPOSAL MANIFEST stored"     from=127.0.0.1:41299 number=30 proposalID=0x986b308481ff67283151e0b026fe3b7306f1683447daa320984d50a0381d85e0 manifestBytes=830  missing=0 bodyBytes=830
        t=2026-09-22T08:36:30+0200 lvl=info msg="HOTSTUFF PROPOSAL REF"                 number=31 viewID=0x636acf123dc967bede8a84e57892be95156447a9784a69daa26927c1099afe6a proposalID=0x779eb2995c50677160ff7c0bd292ead2aeff6799c7d720ed968cdd7b935bd04a blockHash=0x5184b840c065abaeef7af1ee7e3b9d22bde034d82508b50d4c77ea55322989c3 bodyHash=0x84ba9e29c47155a4fc2aa1c3a88be1a109689d3485fd4cf5c11ea0b61d1c1360 bodySize=3350  refBytes=442
        t=2026-09-22T08:36:30+0200 lvl=info msg="HOTSTUFF PROPOSAL MANIFEST stored"     from=127.0.0.1:52869 number=32 proposalID=0x6e790eeab707c9da83d02aa39eafd6a731c42708ac73451bc7ef21ff47d8babc manifestBytes=830  missing=0 bodyBytes=830
        t=2026-09-22T08:36:31+0200 lvl=info msg="HOTSTUFF PROPOSAL MANIFEST stored"     from=127.0.0.1:38817 number=33 proposalID=0xad36e8131f609733e8ab158db036ca6e7621880187c2ff695b8748d0e1cb706e manifestBytes=1220 missing=0 bodyBytes=3350
        t=2026-09-22T08:36:31+0200 lvl=info msg="HOTSTUFF PROPOSAL MANIFEST stored"     from=127.0.0.1:58506 number=34 proposalID=0x7d947be2c567c5f315b53c4f90fd7295d35d4745e107f753d6b6e680206f4cc8 manifestBytes=830  missing=0 bodyBytes=830
        t=2026-09-22T08:36:32+0200 lvl=info msg="HOTSTUFF PROPOSAL MANIFEST stored"     from=127.0.0.1:38817 number=35 proposalID=0x1ab7a33a58cae24d45f90f1e71be984303d12e473e7374e4cfd740704934da36 manifestBytes=1220 missing=0 bodyBytes=3350
        t=2026-09-22T08:36:32+0200 lvl=info msg="HOTSTUFF PROPOSAL MANIFEST stored"     from=127.0.0.1:46372 number=36 proposalID=0x032cd1a6409ad586301116ec707d3bf1f32d2c3c1e0d7e18719986154f736817 manifestBytes=830  missing=0 bodyBytes=830
        t=2026-09-22T08:36:33+0200 lvl=info msg="HOTSTUFF PROPOSAL MANIFEST stored"     from=127.0.0.1:46372 number=37 proposalID=0xe1fe080f42459c80658ef51f079764277585743f4f317a0b9c5667db0a04b843 manifestBytes=1220 missing=0 bodyBytes=3350
        t=2026-09-22T08:36:33+0200 lvl=info msg="HOTSTUFF PROPOSAL REF"                 number=38 viewID=0x1558ad1ebe241ec25f5cb87982c7895d5d09b53feb30ec7021f7adecb033dae3 proposalID=0x6ef641ef201f4870501f7ac9a57212179ac50aeb2c23f9c11754c2e7f3af2a7e blockHash=0xc3939d96ce9fc55414153c2e923b77da00b49e085ec5d52036d90dff017ea671 bodyHash=0x99a537cc70938983ef41d7d3de5d5133e6b1b44e76fc8422b52814f93c536353 bodySize=830   refBytes=439
        t=2026-09-22T08:36:34+0200 lvl=info msg="HOTSTUFF PROPOSAL MANIFEST stored"     from=127.0.0.1:58506 number=39 proposalID=0x620dd1868581cb89729e78ac7f6b5f2bca1853986c0c9c46a12f15cf5e6fcbd4 manifestBytes=1220 missing=0 bodyBytes=3350
        t=2026-09-22T08:36:34+0200 lvl=info msg="HOTSTUFF PROPOSAL MANIFEST stored"     from=127.0.0.1:52869 number=40 proposalID=0x98c162ba05bfaf0c5ee8ace4fe573b436ec29ea0620bd95ae2390e50445928cf manifestBytes=830  missing=0 bodyBytes=830
        t=2026-09-22T08:36:34+0200 lvl=warn msg="HandleConn drops connection: closed"   address=127.0.0.1:48722 remot=127.0.0.1:52869
        t=2026-09-22T08:36:34+0200 lvl=info msg="HOTSTUFF PROPOSAL MANIFEST stored"     from=127.0.0.1:52869 number=41 proposalID=0x9c819ed1cf85a03a13a2f238acb46f17abdfe5445ff243e134de9ab9240cb6b2 manifestBytes=1220 missing=0 bodyBytes=3350
        t=2026-09-22T08:36:35+0200 lvl=info msg="HOTSTUFF PROPOSAL REF"                 number=42 viewID=0xcc16effa8c4695e6e3f4b0545068b314704f6d1be014ebc84e0665f17c027213 proposalID=0x6ed67ce1da76481653612ec739aa466723871f1b62abf75436dd3a8b7a7bce03 blockHash=0x987d711d386ad22144b5b51d357991deaa1ac77e61b5290e504e12107ad02b97 bodyHash=0xf4fd20d3454697d8436f726da8fbf9ce8462becaff60c1142c220af80f81014e bodySize=830   refBytes=439
        t=2026-09-22T08:36:35+0200 lvl=warn msg="Send msg try again"                    address=[::]:48722      Couldn't send to=127.0.0.1:58506 error="Operation Canceled"
        t=2026-09-22T08:36:35+0200 lvl=eror msg=CloseConnect                            =[::]:48722 having error closing conn to=127.0.0.1:59274 error="Connection Closed"
        t=2026-09-22T08:36:35+0200 lvl=info msg="HOTSTUFF PROPOSAL MANIFEST stored"     from=127.0.0.1:51703 number=43 proposalID=0x7f767723637090e2e2aedd4f8719c15d8d49e89e84688852743337324cde177a manifestBytes=1220 missing=0 bodyBytes=3350
        t=2026-09-22T08:36:35+0200 lvl=info msg="HOTSTUFF PROPOSAL MANIFEST stored"     from=127.0.0.1:46372 number=44 proposalID=0x149aae9cd838dd2ab751efafc3a7c373d6ef7557cbd99797a761f9ef3afe0667 manifestBytes=830  missing=0 bodyBytes=830
        t=2026-09-22T08:36:36+0200 lvl=warn msg=GetBlockByNumer                         number=1
        t=2026-09-22T08:36:36+0200 lvl=warn msg=GetBlockByNumer                         number=43
        t=2026-09-22T08:36:36+0200 lvl=info msg="HOTSTUFF PROPOSAL MANIFEST stored"     from=127.0.0.1:58506 number=45 proposalID=0xfab63b65dce549a94fb7fdd1ebb5892d85ae96f8d934c87856d4753ca3932a6a manifestBytes=1220 missing=0 bodyBytes=3350
        t=2026-09-22T08:36:36+0200 lvl=info msg="HOTSTUFF PROPOSAL MANIFEST stored"     from=127.0.0.1:38817 number=46 proposalID=0x64da13facb61f2b41f35bc771d7c5d7aa19b84b27b7bbadb074b956bdc62b6b1 manifestBytes=830  missing=0 bodyBytes=830
        t=2026-09-22T08:36:36+0200 lvl=info msg="HOTSTUFF PROPOSAL MANIFEST stored"     from=127.0.0.1:51703 number=47 proposalID=0x658dc190462debf9569093621105aa8085368e22605f86ad175fda91c00adfdb manifestBytes=1220 missing=0 bodyBytes=3350
        t=2026-09-22T08:36:37+0200 lvl=info msg="HOTSTUFF PROPOSAL MANIFEST stored"     from=127.0.0.1:38817 number=48 proposalID=0x7639f6d21023e8a7f7595b569d8732f62557008da448c80b1711ac82a6a32ae9 manifestBytes=830  missing=0 bodyBytes=830
        t=2026-09-22T08:36:37+0200 lvl=warn msg=GetBlockByNumer                         number=1
        t=2026-09-22T08:36:37+0200 lvl=warn msg=GetBlockByNumer                         number=47
        t=2026-09-22T08:36:37+0200 lvl=warn msg=GetBlockByNumer                         number=1
        t=2026-09-22T08:36:37+0200 lvl=warn msg=GetBlockByNumer                         number=47
    fhs_process_recovery_test.go:225: validator 934423 complete log: /tmp/fhs-process-failure-2714429943.log
    fhs_process_recovery_test.go:230: validator 934423 log tail:
        t=2026-09-22T08:35:15+0200 lvl=warn msg=GetBlockByNumer number=0
        t=2026-09-22T08:35:15+0200 lvl=warn msg="Failed to load snapshot, regenerating" err="missing or corrupted snapshot"
        t=2026-09-22T08:35:34+0200 lvl=eror msg=Connect                                 Could not connect to=127.0.0.1:58506 error="CRYPTO_ERROR 0x150 (remote): tls: internal error"
        t=2026-09-22T08:35:34+0200 lvl=eror msg=Connect                                 Could not connect to=127.0.0.1:41299 error="CRYPTO_ERROR 0x150 (remote): tls: internal error"
        t=2026-09-22T08:35:34+0200 lvl=eror msg=Connect                                 Could not connect to=127.0.0.1:46372 error="CRYPTO_ERROR 0x150 (remote): tls: internal error"
        t=2026-09-22T08:35:34+0200 lvl=eror msg=Connect                                 Could not connect to=127.0.0.1:51703 error="CRYPTO_ERROR 0x150 (remote): tls: internal error"
        t=2026-09-22T08:35:38+0200 lvl=info msg="HOTSTUFF PROPOSAL MANIFEST stored"     from=127.0.0.1:48722 number=1 proposalID=0x156bd8e349a4cf98daf69624833a9554abd8a513ce30fb2f9f432f8862973595 manifestBytes=1219 missing=0 bodyBytes=1314
        t=2026-09-22T08:35:39+0200 lvl=info msg="HOTSTUFF PROPOSAL MANIFEST stored"     from=127.0.0.1:58506 number=2 proposalID=0x40228607f741e6e3906113a06ad323123b47c74e6d3a1a64e80f790e7881456a manifestBytes=830  missing=0 bodyBytes=830
        t=2026-09-22T08:35:39+0200 lvl=info msg="HOTSTUFF PROPOSAL MANIFEST stored"     from=127.0.0.1:46372 number=3 proposalID=0x85792ccd69d4c1923b1cfaa29f0d657dab5e2fbf341aa05f174ac67a49f9c7c4 manifestBytes=1219 missing=0 bodyBytes=1314
        t=2026-09-22T08:35:40+0200 lvl=info msg="HOTSTUFF PROPOSAL MANIFEST stored"     from=127.0.0.1:46372 number=4 proposalID=0xaaf6f7bd1de937860aa9cb2b8c5abe51f86de0806a057c40a63c87469405edaf manifestBytes=830  missing=0 bodyBytes=830
        t=2026-09-22T08:35:40+0200 lvl=warn msg="HandleConn drops connection: closed"   address=127.0.0.1:52869 remot=127.0.0.1:46372
        t=2026-09-22T08:35:40+0200 lvl=info msg="HOTSTUFF PROPOSAL MANIFEST stored"     from=127.0.0.1:46372 number=5 proposalID=0x37b33bf908b095ed025f3a925c1f7f1f61aeb6a36271dc9e2f7123d60cd3effe manifestBytes=1219 missing=1 bodyBytes=1314
        t=2026-09-22T08:35:40+0200 lvl=eror msg="OnPropose wait proposal body"          number=5 proposalID=0x37b33bf908b095ed025f3a925c1f7f1f61aeb6a36271dc9e2f7123d60cd3effe err="hotstuff view state too old"
        t=2026-09-22T08:35:40+0200 lvl=warn msg="HandleConn drops connection: closed"   address=127.0.0.1:52869 remot=127.0.0.1:46372
        t=2026-09-22T08:35:40+0200 lvl=warn msg="HOTSTUFF PROPOSAL MANIFEST authority rejected" from=127.0.0.1:46372 leader=127.0.0.1:46372 number=6 proposalID=0x5e6445076569fe27bb65d2d3812a4a1f2077b1a551affb57cd033a52d7ca1379 err="proposal manifest does not match the current deterministic leader route: manifest key committee is already canonical but is not the current route"
        t=2026-09-22T08:35:41+0200 lvl=info msg="HOTSTUFF PROPOSAL REPAIR REQUEST"      to=127.0.0.1:46372 number=6 proposalID=0x5e6445076569fe27bb65d2d3812a4a1f2077b1a551affb57cd033a52d7ca1379 missing=0 attempt=0
        t=2026-09-22T08:35:41+0200 lvl=info msg="HOTSTUFF PROPOSAL MANIFEST stored"     from=127.0.0.1:46372 number=6 proposalID=0x5e6445076569fe27bb65d2d3812a4a1f2077b1a551affb57cd033a52d7ca1379 manifestBytes=830  missing=0 bodyBytes=830
        t=2026-09-22T08:35:41+0200 lvl=info msg="HOTSTUFF PROPOSAL MANIFEST stored"     from=127.0.0.1:51703 number=7 proposalID=0xfd7ceee0f6c0ef07ac4afeea7e2550e26ce3ff3303d254cabb4219751fa125f4 manifestBytes=1219 missing=1 bodyBytes=1313
        t=2026-09-22T08:35:41+0200 lvl=eror msg="OnPropose wait proposal body"          number=7 proposalID=0xfd7ceee0f6c0ef07ac4afeea7e2550e26ce3ff3303d254cabb4219751fa125f4 err="hotstuff view state too old"
        t=2026-09-22T08:35:41+0200 lvl=info msg="HOTSTUFF PROPOSAL MANIFEST stored"     from=127.0.0.1:38817 number=8 proposalID=0x26d2d41f91d6cfa59e3e771409f8f11d9eb84360de4f45ce2a9c9cb0aa533e65 manifestBytes=830  missing=0 bodyBytes=830
        t=2026-09-22T08:35:42+0200 lvl=warn msg=GetBlockByNumer                         number=1
        t=2026-09-22T08:35:42+0200 lvl=warn msg=GetBlockByNumer                         number=7
        t=2026-09-22T08:35:42+0200 lvl=warn msg=GetBlockByNumer                         number=1
        t=2026-09-22T08:35:42+0200 lvl=warn msg=GetBlockByNumer                         number=7
        t=2026-09-22T08:35:47+0200 lvl=warn msg="HOTSTUFF RECOVERY resend NewView"      number=9 viewID=0xe5f54ef88b48050070bd8ca5ea145c4bd7e7336d5587ffca6bbc2ae14cdcba62 to=127.0.0.1:48722
        t=2026-09-22T08:35:52+0200 lvl=warn msg="HOTSTUFF RECOVERY resend NewView"      number=9 viewID=0xe5f54ef88b48050070bd8ca5ea145c4bd7e7336d5587ffca6bbc2ae14cdcba62 to=127.0.0.1:48722
        t=2026-09-22T08:35:57+0200 lvl=warn msg="HOTSTUFF RECOVERY resend NewView"      number=9 viewID=0xe5f54ef88b48050070bd8ca5ea145c4bd7e7336d5587ffca6bbc2ae14cdcba62 to=127.0.0.1:48722
        t=2026-09-22T08:36:02+0200 lvl=warn msg="HOTSTUFF RECOVERY resend NewView"      number=9 viewID=0xe5f54ef88b48050070bd8ca5ea145c4bd7e7336d5587ffca6bbc2ae14cdcba62 to=127.0.0.1:48722
        t=2026-09-22T08:36:07+0200 lvl=warn msg="HOTSTUFF RECOVERY resend NewView"      number=9 viewID=0xe5f54ef88b48050070bd8ca5ea145c4bd7e7336d5587ffca6bbc2ae14cdcba62 to=127.0.0.1:48722
        t=2026-09-22T08:36:12+0200 lvl=warn msg="HOTSTUFF RECOVERY resend NewView"      number=9 viewID=0xe5f54ef88b48050070bd8ca5ea145c4bd7e7336d5587ffca6bbc2ae14cdcba62 to=127.0.0.1:48722
        t=2026-09-22T08:36:17+0200 lvl=warn msg="HOTSTUFF RECOVERY resend NewView"      number=9 viewID=0xe5f54ef88b48050070bd8ca5ea145c4bd7e7336d5587ffca6bbc2ae14cdcba62 to=127.0.0.1:48722
        t=2026-09-22T08:36:19+0200 lvl=info msg="HOTSTUFF PROPOSAL MANIFEST stored"     from=127.0.0.1:48722 number=9 proposalID=0xf4077d0d29b519a7121c78da0369a5fbfc45649b0f832d55752597925f29a06b manifestBytes=1220 missing=0 bodyBytes=20250
        t=2026-09-22T08:36:20+0200 lvl=info msg="HOTSTUFF PROPOSAL MANIFEST stored"     from=127.0.0.1:41299 number=10 proposalID=0x3caec15d11faa92ab21aa74df4beac63292e14616f3b566b2efab19b0a7af3aa manifestBytes=830  missing=0 bodyBytes=830
        t=2026-09-22T08:36:20+0200 lvl=info msg="HOTSTUFF PROPOSAL MANIFEST stored"     from=127.0.0.1:51703 number=11 proposalID=0xcd2a044b5b837ed519e798d6b47df5c6bb3d6146ffede3e2a80776017d75763a manifestBytes=1220 missing=0 bodyBytes=3350
        t=2026-09-22T08:36:21+0200 lvl=info msg="HOTSTUFF PROPOSAL MANIFEST stored"     from=127.0.0.1:41299 number=12 proposalID=0x68affb65ada29606453a680b6d26814e68b1824e0ac479c2260a54981823a129 manifestBytes=830  missing=0 bodyBytes=830
        t=2026-09-22T08:36:21+0200 lvl=info msg="HOTSTUFF PROPOSAL MANIFEST stored"     from=127.0.0.1:41299 number=13 proposalID=0xccbb50b58fe3f81d485604d9e7aea5f62ac42631bb1b79d159ef3dfc4615dbfd manifestBytes=1220 missing=0 bodyBytes=3350
        t=2026-09-22T08:36:21+0200 lvl=info msg="HOTSTUFF PROPOSAL REF"                 number=14 viewID=0xadd98c82158d74d1eeb981a51f3e68665ff408584381317789a24fdea191593b proposalID=0x18d6c8cb2b935c0b54b63608f461e3da38534b499e466ecaab5c70967f6f877b blockHash=0x891e61f6365a4d6071b0391bc63b0c8e741e03ddac3270ff050c6cbe962514dc bodyHash=0xe9041c2b5e28d52b5ffa9ac7e364d4879ad2f2e99356dad8c778f8c65dfdf289 bodySize=830 refBytes=439
        t=2026-09-22T08:36:21+0200 lvl=warn msg="Send msg try again"                    address=[::]:52869      Couldn't send to=127.0.0.1:46372 error="Operation Canceled"
        t=2026-09-22T08:36:21+0200 lvl=eror msg=CloseConnect                            =[::]:52869 having error closing conn to=127.0.0.1:38220 error="Connection Closed"
        t=2026-09-22T08:36:22+0200 lvl=info msg="HOTSTUFF PROPOSAL MANIFEST stored"     from=127.0.0.1:51703 number=15 proposalID=0xd0b3beaa835e4a7c9ce89cfb452791d41f350a981458312206669caa03b4a66e manifestBytes=1220 missing=0 bodyBytes=3350
        t=2026-09-22T08:36:22+0200 lvl=info msg="HOTSTUFF PROPOSAL MANIFEST stored"     from=127.0.0.1:46372 number=16 proposalID=0x84e9f4ad7a2e9f2ca82ab35a705f511dc0a2cd2bf941a95dca187d9c6de3fae9 manifestBytes=830  missing=0 bodyBytes=830
        t=2026-09-22T08:36:23+0200 lvl=info msg="HOTSTUFF PROPOSAL MANIFEST stored"     from=127.0.0.1:46372 number=17 proposalID=0xe2f24567e42ccb9603b5cc1b75e778432c5ded9ac683c2d7b4a51cd6ed33811a manifestBytes=1220 missing=1 bodyBytes=3350
        t=2026-09-22T08:36:23+0200 lvl=eror msg="OnPropose wait proposal body"          number=17 proposalID=0xe2f24567e42ccb9603b5cc1b75e778432c5ded9ac683c2d7b4a51cd6ed33811a err="hotstuff view state too old"
        t=2026-09-22T08:36:23+0200 lvl=warn msg="HOTSTUFF PROPOSAL MANIFEST authority rejected" from=127.0.0.1:48722 leader=127.0.0.1:48722 number=18 proposalID=0x99a63e9c51a7d22269e77e1b7652942ab33c5e3af5c8f67c88ae21fcf78e432d err="proposal manifest does not match the current deterministic leader route: manifest key committee is already canonical but is not the current route"
        t=2026-09-22T08:36:23+0200 lvl=info msg="HOTSTUFF PROPOSAL REPAIR REQUEST"      to=127.0.0.1:48722 number=18 proposalID=0x99a63e9c51a7d22269e77e1b7652942ab33c5e3af5c8f67c88ae21fcf78e432d missing=0 attempt=0
        t=2026-09-22T08:36:23+0200 lvl=info msg="HOTSTUFF PROPOSAL MANIFEST stored"     from=127.0.0.1:48722 number=18 proposalID=0x99a63e9c51a7d22269e77e1b7652942ab33c5e3af5c8f67c88ae21fcf78e432d manifestBytes=830  missing=0 bodyBytes=830
        t=2026-09-22T08:36:24+0200 lvl=info msg="HOTSTUFF PROPOSAL MANIFEST stored"     from=127.0.0.1:58506 number=19 proposalID=0x99b196fa5a2a76fbe46b0ae82d838208e17cfa31620ee8aba607797da5311326 manifestBytes=1220 missing=0 bodyBytes=3350
        t=2026-09-22T08:36:24+0200 lvl=warn msg="HandleConn drops connection: closed"   address=127.0.0.1:52869 remot=127.0.0.1:58506
        t=2026-09-22T08:36:24+0200 lvl=info msg="HOTSTUFF PROPOSAL MANIFEST stored"     from=127.0.0.1:58506 number=19 proposalID=0x99b196fa5a2a76fbe46b0ae82d838208e17cfa31620ee8aba607797da5311326 manifestBytes=1220 missing=0 bodyBytes=3350
        t=2026-09-22T08:36:24+0200 lvl=info msg="HOTSTUFF PROPOSAL REF"                 number=20 viewID=0x27a5aa6b8ad825d77f047887db3512ec553cabedf42d8bb67af27bbab9d0f79e proposalID=0xf9c3ac6fcb2cf03500523e83c362dfb3bf871a2dc9184b9b33fa7d87624e716c blockHash=0x5e735fdf515ca2c02a5ecf4bcfa8e45699505eeb2df0cceb005fd071cc68d095 bodyHash=0xbc2c14a1442c0aa3787c1104406d9d289d19d461db2b51e9db1999676999551f bodySize=830 refBytes=439
        t=2026-09-22T08:36:24+0200 lvl=warn msg="Send msg try again"                    address=[::]:52869      Couldn't send to=127.0.0.1:38817 error="Operation Canceled"
        t=2026-09-22T08:36:24+0200 lvl=eror msg=CloseConnect                            =[::]:52869 having error closing conn to=127.0.0.1:59508 error="Connection Closed"
        t=2026-09-22T08:36:25+0200 lvl=info msg="HOTSTUFF PROPOSAL MANIFEST stored"     from=127.0.0.1:51703 number=21 proposalID=0x67fa54b6bc2aa0ad63157e283f65fce2503db6702bd13c804f6a86af8d06987f manifestBytes=1220 missing=0 bodyBytes=3350
        t=2026-09-22T08:36:25+0200 lvl=info msg="HOTSTUFF PROPOSAL MANIFEST stored"     from=127.0.0.1:38817 number=22 proposalID=0x4b20abd3fa08299b65602774bb6421529fe442432b554e91fb42299f5cb41865 manifestBytes=830  missing=0 bodyBytes=830
        t=2026-09-22T08:36:26+0200 lvl=info msg="HOTSTUFF PROPOSAL MANIFEST stored"     from=127.0.0.1:41299 number=23 proposalID=0x333ed50de5cf44e0ff5192de77847387ed36e09d4b705b43044ba20a0f5b7d24 manifestBytes=1220 missing=0 bodyBytes=3350
        t=2026-09-22T08:36:26+0200 lvl=info msg="HOTSTUFF PROPOSAL MANIFEST stored"     from=127.0.0.1:38817 number=24 proposalID=0x683ea6b3dd35ee259030ab4a661bcde5853c5f68b3722071c408646b5c4f5066 manifestBytes=830  missing=0 bodyBytes=830
        t=2026-09-22T08:36:26+0200 lvl=info msg="HOTSTUFF PROPOSAL MANIFEST stored"     from=127.0.0.1:51703 number=25 proposalID=0x69fcc5d7f23af498434924189cc851e16dfee92ce16d60d574fa00c4eefe439a manifestBytes=1220 missing=0 bodyBytes=3350
        t=2026-09-22T08:36:27+0200 lvl=info msg="HOTSTUFF PROPOSAL MANIFEST stored"     from=127.0.0.1:38817 number=26 proposalID=0x5888ca94d492f89ba8bf7b5983164805b4fcc84a0c63eaf55e1768482b0d4e54 manifestBytes=830  missing=0 bodyBytes=830
        t=2026-09-22T08:36:28+0200 lvl=info msg="HOTSTUFF PROPOSAL MANIFEST stored"     from=127.0.0.1:46372 number=27 proposalID=0xd54b7d1397d6b600dc16035823b59061def7f7134deb1574363e008f94b6a5c3 manifestBytes=1220 missing=0 bodyBytes=3350
        t=2026-09-22T08:36:28+0200 lvl=info msg="HOTSTUFF PROPOSAL MANIFEST stored"     from=127.0.0.1:48722 number=28 proposalID=0xdef45bec4070dfa83096d9d3e0d2e959a146a4e42f21ca42a2c5a6f68c467e35 manifestBytes=830  missing=0 bodyBytes=830
        t=2026-09-22T08:36:29+0200 lvl=info msg="HOTSTUFF PROPOSAL MANIFEST stored"     from=127.0.0.1:46372 number=29 proposalID=0x3b5f198ff911878b59ceb8873ee0b98ac3fa4e09c19b70644b773891363dc82c manifestBytes=1220 missing=1 bodyBytes=3350
        t=2026-09-22T08:36:29+0200 lvl=eror msg="OnPropose wait proposal body"          number=29 proposalID=0x3b5f198ff911878b59ceb8873ee0b98ac3fa4e09c19b70644b773891363dc82c err="hotstuff view state too old"
        t=2026-09-22T08:36:29+0200 lvl=warn msg="HOTSTUFF PROPOSAL MANIFEST authority rejected" from=127.0.0.1:41299 leader=127.0.0.1:41299 number=30 proposalID=0x986b308481ff67283151e0b026fe3b7306f1683447daa320984d50a0381d85e0 err="proposal manifest does not match the current deterministic leader route: manifest key committee is already canonical but is not the current route"
        t=2026-09-22T08:36:29+0200 lvl=info msg="HOTSTUFF PROPOSAL REPAIR REQUEST"      to=127.0.0.1:41299 number=30 proposalID=0x986b308481ff67283151e0b026fe3b7306f1683447daa320984d50a0381d85e0 missing=0 attempt=0
        t=2026-09-22T08:36:29+0200 lvl=info msg="HOTSTUFF PROPOSAL MANIFEST stored"     from=127.0.0.1:41299 number=30 proposalID=0x986b308481ff67283151e0b026fe3b7306f1683447daa320984d50a0381d85e0 manifestBytes=830  missing=0 bodyBytes=830
        t=2026-09-22T08:36:30+0200 lvl=info msg="HOTSTUFF PROPOSAL MANIFEST stored"     from=127.0.0.1:48722 number=31 proposalID=0x779eb2995c50677160ff7c0bd292ead2aeff6799c7d720ed968cdd7b935bd04a manifestBytes=1220 missing=0 bodyBytes=3350
        t=2026-09-22T08:36:30+0200 lvl=info msg="HOTSTUFF PROPOSAL REF"                 number=32 viewID=0x4b97aaf0ee875b7000529281058ae3c1e30465a9637df6234ebb449de1c22567 proposalID=0x6e790eeab707c9da83d02aa39eafd6a731c42708ac73451bc7ef21ff47d8babc blockHash=0x9a7fbdd82135fe12acbfa29c5a00bfe207acbd33b4b4070c3db6007635c08427 bodyHash=0x62777dde495ac807b4413333c6ca7698ef8773d695dd7dcab42bd0a1b8cf8dde bodySize=830 refBytes=439
        t=2026-09-22T08:36:30+0200 lvl=warn msg="Send msg try again"                    address=[::]:52869      Couldn't send to=127.0.0.1:58506 error="Operation Canceled"
        t=2026-09-22T08:36:30+0200 lvl=eror msg=CloseConnect                            =[::]:52869 having error closing conn to=127.0.0.1:46386 error="Connection Closed"
        t=2026-09-22T08:36:31+0200 lvl=info msg="HOTSTUFF PROPOSAL MANIFEST stored"     from=127.0.0.1:38817 number=33 proposalID=0xad36e8131f609733e8ab158db036ca6e7621880187c2ff695b8748d0e1cb706e manifestBytes=1220 missing=0 bodyBytes=3350
        t=2026-09-22T08:36:31+0200 lvl=info msg="HOTSTUFF PROPOSAL MANIFEST stored"     from=127.0.0.1:58506 number=34 proposalID=0x7d947be2c567c5f315b53c4f90fd7295d35d4745e107f753d6b6e680206f4cc8 manifestBytes=830  missing=0 bodyBytes=830
        t=2026-09-22T08:36:32+0200 lvl=info msg="HOTSTUFF PROPOSAL MANIFEST stored"     from=127.0.0.1:38817 number=35 proposalID=0x1ab7a33a58cae24d45f90f1e71be984303d12e473e7374e4cfd740704934da36 manifestBytes=1220 missing=0 bodyBytes=3350
        t=2026-09-22T08:36:32+0200 lvl=info msg="HOTSTUFF PROPOSAL MANIFEST stored"     from=127.0.0.1:46372 number=36 proposalID=0x032cd1a6409ad586301116ec707d3bf1f32d2c3c1e0d7e18719986154f736817 manifestBytes=830  missing=0 bodyBytes=830
        t=2026-09-22T08:36:33+0200 lvl=info msg="HOTSTUFF PROPOSAL MANIFEST stored"     from=127.0.0.1:46372 number=37 proposalID=0xe1fe080f42459c80658ef51f079764277585743f4f317a0b9c5667db0a04b843 manifestBytes=1220 missing=0 bodyBytes=3350
        t=2026-09-22T08:36:33+0200 lvl=info msg="HOTSTUFF PROPOSAL MANIFEST stored"     from=127.0.0.1:48722 number=38 proposalID=0x6ef641ef201f4870501f7ac9a57212179ac50aeb2c23f9c11754c2e7f3af2a7e manifestBytes=830  missing=0 bodyBytes=830
        t=2026-09-22T08:36:34+0200 lvl=info msg="HOTSTUFF PROPOSAL MANIFEST stored"     from=127.0.0.1:58506 number=39 proposalID=0x620dd1868581cb89729e78ac7f6b5f2bca1853986c0c9c46a12f15cf5e6fcbd4 manifestBytes=1220 missing=0 bodyBytes=3350
        t=2026-09-22T08:36:34+0200 lvl=info msg="HOTSTUFF PROPOSAL REF"                 number=40 viewID=0x44109fafb3eedb895513cad194e7c5fd0bc21e326014b11834e0d42705197755 proposalID=0x98c162ba05bfaf0c5ee8ace4fe573b436ec29ea0620bd95ae2390e50445928cf blockHash=0xaa9191332f0d5f5b08d386642285ac2d222d90678e99c1c14a4b187d5b031013 bodyHash=0xb8c31f57c3ee83eb0b70ffaf1094f4226a46568025a15322b89a37b0478ad0f6 bodySize=830 refBytes=439
        t=2026-09-22T08:36:34+0200 lvl=warn msg="Send msg try again"                    address=[::]:52869      Couldn't send to=127.0.0.1:58506 error="Operation Canceled"
        t=2026-09-22T08:36:34+0200 lvl=eror msg=CloseConnect                            =[::]:52869 having error closing conn to=127.0.0.1:58506 error="Connection Closed"
        t=2026-09-22T08:36:34+0200 lvl=info msg="HOTSTUFF PROPOSAL REF"                 number=41 viewID=0xb6e35bdc77dd6d5e1066b0540dcccbf53cd84dcdef5e1b6087efbf8e7886eab7 proposalID=0x9c819ed1cf85a03a13a2f238acb46f17abdfe5445ff243e134de9ab9240cb6b2 blockHash=0xccf9b9a8f2be7f54b1bac149a5c3a6f875bba21e0f2bace0b364155f90b2d697 bodyHash=0xfb5a1cc148b189ed4e151ea74827a4c5346a52f6feb01a547dfc487c2c641d7f bodySize=3350 refBytes=442
        t=2026-09-22T08:36:34+0200 lvl=warn msg="Send msg try again"                    address=[::]:52869      Couldn't send to=127.0.0.1:48722 error="Operation Canceled"
        t=2026-09-22T08:36:34+0200 lvl=eror msg=CloseConnect                            =[::]:52869 having error closing conn to=127.0.0.1:48722 error="Connection Closed"
        t=2026-09-22T08:36:35+0200 lvl=info msg="HOTSTUFF PROPOSAL MANIFEST stored"     from=127.0.0.1:48722 number=42 proposalID=0x6ed67ce1da76481653612ec739aa466723871f1b62abf75436dd3a8b7a7bce03 manifestBytes=830  missing=0 bodyBytes=830
        t=2026-09-22T08:36:35+0200 lvl=info msg="HOTSTUFF PROPOSAL MANIFEST stored"     from=127.0.0.1:51703 number=43 proposalID=0x7f767723637090e2e2aedd4f8719c15d8d49e89e84688852743337324cde177a manifestBytes=1220 missing=1 bodyBytes=3350
        t=2026-09-22T08:36:35+0200 lvl=warn msg="HandleConn drops connection: closed"   address=127.0.0.1:52869 remot=127.0.0.1:51703
        t=2026-09-22T08:36:35+0200 lvl=info msg="HOTSTUFF PROPOSAL MANIFEST stored"     from=127.0.0.1:51703 number=43 proposalID=0x7f767723637090e2e2aedd4f8719c15d8d49e89e84688852743337324cde177a manifestBytes=1220 missing=1 bodyBytes=3350
        t=2026-09-22T08:36:35+0200 lvl=info msg="HOTSTUFF PROPOSAL MANIFEST stored"     from=127.0.0.1:46372 number=44 proposalID=0x149aae9cd838dd2ab751efafc3a7c373d6ef7557cbd99797a761f9ef3afe0667 manifestBytes=830  missing=0 bodyBytes=830
        t=2026-09-22T08:36:36+0200 lvl=warn msg=GetBlockByNumer                         number=1
        t=2026-09-22T08:36:36+0200 lvl=warn msg=GetBlockByNumer                         number=43
        t=2026-09-22T08:36:36+0200 lvl=info msg="HOTSTUFF PROPOSAL MANIFEST stored"     from=127.0.0.1:58506 number=45 proposalID=0xfab63b65dce549a94fb7fdd1ebb5892d85ae96f8d934c87856d4753ca3932a6a manifestBytes=1220 missing=0 bodyBytes=3350
        t=2026-09-22T08:36:36+0200 lvl=info msg="HOTSTUFF PROPOSAL MANIFEST stored"     from=127.0.0.1:38817 number=46 proposalID=0x64da13facb61f2b41f35bc771d7c5d7aa19b84b27b7bbadb074b956bdc62b6b1 manifestBytes=830  missing=0 bodyBytes=830
        t=2026-09-22T08:36:36+0200 lvl=info msg="HOTSTUFF PROPOSAL MANIFEST stored"     from=127.0.0.1:51703 number=47 proposalID=0x658dc190462debf9569093621105aa8085368e22605f86ad175fda91c00adfdb manifestBytes=1220 missing=0 bodyBytes=3350
        t=2026-09-22T08:36:37+0200 lvl=info msg="HOTSTUFF PROPOSAL MANIFEST stored"     from=127.0.0.1:38817 number=48 proposalID=0x7639f6d21023e8a7f7595b569d8732f62557008da448c80b1711ac82a6a32ae9 manifestBytes=830  missing=0 bodyBytes=830
        t=2026-09-22T08:36:37+0200 lvl=warn msg=GetBlockByNumer                         number=1
        t=2026-09-22T08:36:37+0200 lvl=warn msg=GetBlockByNumer                         number=47
        t=2026-09-22T08:36:37+0200 lvl=warn msg=GetBlockByNumer                         number=1
        t=2026-09-22T08:36:37+0200 lvl=warn msg=GetBlockByNumer                         number=47
    fhs_process_recovery_test.go:225: validator 934412 complete log: /tmp/fhs-process-failure-2028010455.log
    fhs_process_recovery_test.go:230: validator 934412 log tail:
        t=2026-09-22T08:35:12+0200 lvl=warn msg=GetBlockByNumer number=0
        t=2026-09-22T08:35:12+0200 lvl=warn msg="Failed to load snapshot, regenerating" err="missing or corrupted snapshot"
        t=2026-09-22T08:35:34+0200 lvl=eror msg=Connect                                 Could not connect to=127.0.0.1:41299 error="CRYPTO_ERROR 0x150 (remote): tls: internal error"
        t=2026-09-22T08:35:34+0200 lvl=eror msg=Connect                                 Could not connect to=127.0.0.1:58506 error="CRYPTO_ERROR 0x150 (remote): tls: internal error"
        t=2026-09-22T08:35:34+0200 lvl=eror msg=Connect                                 Could not connect to=127.0.0.1:51703 error="CRYPTO_ERROR 0x150 (remote): tls: internal error"
        t=2026-09-22T08:35:34+0200 lvl=eror msg=Connect                                 Could not connect to=127.0.0.1:48722 error="CRYPTO_ERROR 0x150 (remote): tls: internal error"
        t=2026-09-22T08:35:34+0200 lvl=eror msg=Connect                                 Could not connect to=127.0.0.1:46372 error="CRYPTO_ERROR 0x150 (remote): tls: internal error"
        t=2026-09-22T08:35:34+0200 lvl=eror msg=Connect                                 Could not connect to=127.0.0.1:48722 error="CRYPTO_ERROR 0x150 (remote): tls: internal error"
        t=2026-09-22T08:35:34+0200 lvl=warn msg=SendRawData                             couldn't send to=127.0.0.1:48722 error="CRYPTO_ERROR 0x150 (remote): tls: internal error"
        t=2026-09-22T08:35:38+0200 lvl=info msg="HOTSTUFF PROPOSAL MANIFEST stored"     from=127.0.0.1:48722 number=1 proposalID=0x156bd8e349a4cf98daf69624833a9554abd8a513ce30fb2f9f432f8862973595 manifestBytes=1219 missing=0 bodyBytes=1314
        t=2026-09-22T08:35:39+0200 lvl=info msg="HOTSTUFF PROPOSAL MANIFEST stored"     from=127.0.0.1:58506 number=2 proposalID=0x40228607f741e6e3906113a06ad323123b47c74e6d3a1a64e80f790e7881456a manifestBytes=830  missing=0 bodyBytes=830
        t=2026-09-22T08:35:39+0200 lvl=info msg="HOTSTUFF PROPOSAL MANIFEST stored"     from=127.0.0.1:46372 number=3 proposalID=0x85792ccd69d4c1923b1cfaa29f0d657dab5e2fbf341aa05f174ac67a49f9c7c4 manifestBytes=1219 missing=0 bodyBytes=1314
        t=2026-09-22T08:35:40+0200 lvl=info msg="HOTSTUFF PROPOSAL MANIFEST stored"     from=127.0.0.1:46372 number=4 proposalID=0xaaf6f7bd1de937860aa9cb2b8c5abe51f86de0806a057c40a63c87469405edaf manifestBytes=830  missing=0 bodyBytes=830
        t=2026-09-22T08:35:40+0200 lvl=info msg="HOTSTUFF PROPOSAL MANIFEST stored"     from=127.0.0.1:46372 number=5 proposalID=0x37b33bf908b095ed025f3a925c1f7f1f61aeb6a36271dc9e2f7123d60cd3effe manifestBytes=1219 missing=0 bodyBytes=1314
        t=2026-09-22T08:35:40+0200 lvl=info msg="HOTSTUFF PROPOSAL MANIFEST stored"     from=127.0.0.1:46372 number=6 proposalID=0x5e6445076569fe27bb65d2d3812a4a1f2077b1a551affb57cd033a52d7ca1379 manifestBytes=830  missing=0 bodyBytes=830
        t=2026-09-22T08:35:41+0200 lvl=info msg="HOTSTUFF PROPOSAL MANIFEST stored"     from=127.0.0.1:51703 number=7 proposalID=0xfd7ceee0f6c0ef07ac4afeea7e2550e26ce3ff3303d254cabb4219751fa125f4 manifestBytes=1219 missing=0 bodyBytes=1313
        t=2026-09-22T08:35:41+0200 lvl=info msg="HOTSTUFF PROPOSAL REF"                 number=8 viewID=0x79f5ced0f3587fff7e2021bdda38341536882cfd6a9ab614b5119ff1a8765c5f proposalID=0x26d2d41f91d6cfa59e3e771409f8f11d9eb84360de4f45ce2a9c9cb0aa533e65 blockHash=0x94bf10868e01d387a641d413a2f6fe954b10bb02442e74ff7d98fbd38120351b bodyHash=0xc37fd34609284661fe4d6602370754549bc848366701e40e379c2960d80bfa7b bodySize=830 refBytes=439
        t=2026-09-22T08:35:42+0200 lvl=warn msg=GetBlockByNumer                         number=1
        t=2026-09-22T08:35:42+0200 lvl=warn msg=GetBlockByNumer                         number=7
        t=2026-09-22T08:35:42+0200 lvl=warn msg=GetBlockByNumer                         number=1
        t=2026-09-22T08:35:42+0200 lvl=warn msg=GetBlockByNumer                         number=7
        t=2026-09-22T08:35:42+0200 lvl=warn msg=GetBlockByNumer                         number=7
        t=2026-09-22T08:35:42+0200 lvl=warn msg=GetBlockByNumer                         number=7
        t=2026-09-22T08:35:42+0200 lvl=warn msg=GetBlockByNumer                         number=7
        t=2026-09-22T08:35:42+0200 lvl=warn msg=GetBlockByNumer                         number=7
        t=2026-09-22T08:35:42+0200 lvl=warn msg=GetBlockByNumer                         number=7
        t=2026-09-22T08:35:42+0200 lvl=warn msg=GetBlockByNumer                         number=7
        t=2026-09-22T08:35:42+0200 lvl=warn msg=GetBlockByNumer                         number=7
        t=2026-09-22T08:35:42+0200 lvl=warn msg=GetBlockByNumer                         number=1
        t=2026-09-22T08:35:42+0200 lvl=warn msg=GetBlockByNumer                         number=2
        t=2026-09-22T08:35:42+0200 lvl=warn msg=GetBlockByNumer                         number=3
        t=2026-09-22T08:35:42+0200 lvl=warn msg=GetBlockByNumer                         number=4
        t=2026-09-22T08:35:42+0200 lvl=warn msg=GetBlockByNumer                         number=5
        t=2026-09-22T08:35:42+0200 lvl=warn msg=GetBlockByNumer                         number=6
        t=2026-09-22T08:35:42+0200 lvl=warn msg=GetBlockByNumer                         number=7
        t=2026-09-22T08:35:47+0200 lvl=warn msg="HOTSTUFF RECOVERY resend NewView"      number=9 viewID=0xe5f54ef88b48050070bd8ca5ea145c4bd7e7336d5587ffca6bbc2ae14cdcba62 to=127.0.0.1:48722
        t=2026-09-22T08:35:52+0200 lvl=warn msg="HOTSTUFF RECOVERY resend NewView"      number=9 viewID=0xe5f54ef88b48050070bd8ca5ea145c4bd7e7336d5587ffca6bbc2ae14cdcba62 to=127.0.0.1:48722
        t=2026-09-22T08:35:57+0200 lvl=warn msg="HOTSTUFF RECOVERY resend NewView"      number=9 viewID=0xe5f54ef88b48050070bd8ca5ea145c4bd7e7336d5587ffca6bbc2ae14cdcba62 to=127.0.0.1:48722
        t=2026-09-22T08:36:02+0200 lvl=warn msg="HOTSTUFF RECOVERY resend NewView"      number=9 viewID=0xe5f54ef88b48050070bd8ca5ea145c4bd7e7336d5587ffca6bbc2ae14cdcba62 to=127.0.0.1:48722
        t=2026-09-22T08:36:07+0200 lvl=warn msg="HOTSTUFF RECOVERY resend NewView"      number=9 viewID=0xe5f54ef88b48050070bd8ca5ea145c4bd7e7336d5587ffca6bbc2ae14cdcba62 to=127.0.0.1:48722
        t=2026-09-22T08:36:12+0200 lvl=warn msg="HOTSTUFF RECOVERY resend NewView"      number=9 viewID=0xe5f54ef88b48050070bd8ca5ea145c4bd7e7336d5587ffca6bbc2ae14cdcba62 to=127.0.0.1:48722
        t=2026-09-22T08:36:17+0200 lvl=warn msg="HOTSTUFF RECOVERY resend NewView"      number=9 viewID=0xe5f54ef88b48050070bd8ca5ea145c4bd7e7336d5587ffca6bbc2ae14cdcba62 to=127.0.0.1:48722
        t=2026-09-22T08:36:19+0200 lvl=info msg="HOTSTUFF PROPOSAL MANIFEST stored"     from=127.0.0.1:48722 number=9 proposalID=0xf4077d0d29b519a7121c78da0369a5fbfc45649b0f832d55752597925f29a06b manifestBytes=1220 missing=0 bodyBytes=20250
        t=2026-09-22T08:36:20+0200 lvl=info msg="HOTSTUFF PROPOSAL MANIFEST stored"     from=127.0.0.1:41299 number=10 proposalID=0x3caec15d11faa92ab21aa74df4beac63292e14616f3b566b2efab19b0a7af3aa manifestBytes=830  missing=0 bodyBytes=830
        t=2026-09-22T08:36:20+0200 lvl=info msg="HOTSTUFF PROPOSAL MANIFEST stored"     from=127.0.0.1:51703 number=11 proposalID=0xcd2a044b5b837ed519e798d6b47df5c6bb3d6146ffede3e2a80776017d75763a manifestBytes=1220 missing=0 bodyBytes=3350
        t=2026-09-22T08:36:21+0200 lvl=info msg="HOTSTUFF PROPOSAL MANIFEST stored"     from=127.0.0.1:41299 number=12 proposalID=0x68affb65ada29606453a680b6d26814e68b1824e0ac479c2260a54981823a129 manifestBytes=830  missing=0 bodyBytes=830
        t=2026-09-22T08:36:21+0200 lvl=info msg="HOTSTUFF PROPOSAL MANIFEST stored"     from=127.0.0.1:41299 number=13 proposalID=0xccbb50b58fe3f81d485604d9e7aea5f62ac42631bb1b79d159ef3dfc4615dbfd manifestBytes=1220 missing=0 bodyBytes=3350
        t=2026-09-22T08:36:21+0200 lvl=info msg="HOTSTUFF PROPOSAL MANIFEST stored"     from=127.0.0.1:52869 number=14 proposalID=0x18d6c8cb2b935c0b54b63608f461e3da38534b499e466ecaab5c70967f6f877b manifestBytes=830  missing=0 bodyBytes=830
        t=2026-09-22T08:36:22+0200 lvl=info msg="HOTSTUFF PROPOSAL MANIFEST stored"     from=127.0.0.1:51703 number=15 proposalID=0xd0b3beaa835e4a7c9ce89cfb452791d41f350a981458312206669caa03b4a66e manifestBytes=1220 missing=1 bodyBytes=3350
        t=2026-09-22T08:36:22+0200 lvl=eror msg="OnPropose wait proposal body"          number=15 proposalID=0xd0b3beaa835e4a7c9ce89cfb452791d41f350a981458312206669caa03b4a66e err="hotstuff view state too old"
        t=2026-09-22T08:36:22+0200 lvl=info msg="HOTSTUFF PROPOSAL MANIFEST stored"     from=127.0.0.1:46372 number=16 proposalID=0x84e9f4ad7a2e9f2ca82ab35a705f511dc0a2cd2bf941a95dca187d9c6de3fae9 manifestBytes=830  missing=0 bodyBytes=830
        t=2026-09-22T08:36:23+0200 lvl=info msg="HOTSTUFF PROPOSAL MANIFEST stored"     from=127.0.0.1:46372 number=17 proposalID=0xe2f24567e42ccb9603b5cc1b75e778432c5ded9ac683c2d7b4a51cd6ed33811a manifestBytes=1220 missing=1 bodyBytes=3350
        t=2026-09-22T08:36:23+0200 lvl=eror msg="OnPropose wait proposal body"          number=17 proposalID=0xe2f24567e42ccb9603b5cc1b75e778432c5ded9ac683c2d7b4a51cd6ed33811a err="hotstuff view state too old"
        t=2026-09-22T08:36:23+0200 lvl=warn msg="HOTSTUFF PROPOSAL MANIFEST authority rejected" from=127.0.0.1:48722 leader=127.0.0.1:48722 number=18 proposalID=0x99a63e9c51a7d22269e77e1b7652942ab33c5e3af5c8f67c88ae21fcf78e432d err="proposal manifest does not match the current deterministic leader route: manifest key committee is already canonical but is not the current route"
        t=2026-09-22T08:36:23+0200 lvl=info msg="HOTSTUFF PROPOSAL REPAIR REQUEST"      to=127.0.0.1:48722 number=18 proposalID=0x99a63e9c51a7d22269e77e1b7652942ab33c5e3af5c8f67c88ae21fcf78e432d missing=0 attempt=0
        t=2026-09-22T08:36:23+0200 lvl=info msg="HOTSTUFF PROPOSAL MANIFEST stored"     from=127.0.0.1:48722 number=18 proposalID=0x99a63e9c51a7d22269e77e1b7652942ab33c5e3af5c8f67c88ae21fcf78e432d manifestBytes=830  missing=0 bodyBytes=830
        t=2026-09-22T08:36:24+0200 lvl=info msg="HOTSTUFF PROPOSAL MANIFEST stored"     from=127.0.0.1:58506 number=19 proposalID=0x99b196fa5a2a76fbe46b0ae82d838208e17cfa31620ee8aba607797da5311326 manifestBytes=1220 missing=0 bodyBytes=3350
        t=2026-09-22T08:36:24+0200 lvl=info msg="HOTSTUFF PROPOSAL MANIFEST stored"     from=127.0.0.1:52869 number=20 proposalID=0xf9c3ac6fcb2cf03500523e83c362dfb3bf871a2dc9184b9b33fa7d87624e716c manifestBytes=830  missing=0 bodyBytes=830
        t=2026-09-22T08:36:24+0200 lvl=warn msg="HandleConn drops connection: closed"   address=127.0.0.1:38817 remot=127.0.0.1:52869
        t=2026-09-22T08:36:25+0200 lvl=info msg="HOTSTUFF PROPOSAL MANIFEST stored"     from=127.0.0.1:51703 number=21 proposalID=0x67fa54b6bc2aa0ad63157e283f65fce2503db6702bd13c804f6a86af8d06987f manifestBytes=1220 missing=0 bodyBytes=3350
        t=2026-09-22T08:36:25+0200 lvl=info msg="HOTSTUFF PROPOSAL REF"                 number=22 viewID=0xc8aa203fc6adf8ebeb15c329bfd50e3a73c7b789f3c9cf8f39a4ba195908e631 proposalID=0x4b20abd3fa08299b65602774bb6421529fe442432b554e91fb42299f5cb41865 blockHash=0x3e4e7a132380dcb5be047aeacb51b5cf72c4ead5edaede9fe8e585ad8a936e71 bodyHash=0xcb35a9d101e29b4f6507450866dae2426bd16233c9d47010ede16d73bfc70c60 bodySize=830 refBytes=439
        t=2026-09-22T08:36:26+0200 lvl=info msg="HOTSTUFF PROPOSAL MANIFEST stored"     from=127.0.0.1:41299 number=23 proposalID=0x333ed50de5cf44e0ff5192de77847387ed36e09d4b705b43044ba20a0f5b7d24 manifestBytes=1220 missing=0 bodyBytes=3350
        t=2026-09-22T08:36:26+0200 lvl=info msg="HOTSTUFF PROPOSAL REF"                 number=24 viewID=0x86c74029d558c8c8167f705e22b3bc3860b166620a7ac847d2aac37d4441b875 proposalID=0x683ea6b3dd35ee259030ab4a661bcde5853c5f68b3722071c408646b5c4f5066 blockHash=0xc538493469f02383202b5d0d61b25e7b4aec91b7b3e51070b0db60ca849acad7 bodyHash=0xcead73234abf3d77668c67ede6270b687131eb0572ad085a2cb35c276de3025e bodySize=830 refBytes=439
        t=2026-09-22T08:36:26+0200 lvl=info msg="HOTSTUFF PROPOSAL MANIFEST stored"     from=127.0.0.1:51703 number=25 proposalID=0x69fcc5d7f23af498434924189cc851e16dfee92ce16d60d574fa00c4eefe439a manifestBytes=1220 missing=0 bodyBytes=3350
        t=2026-09-22T08:36:27+0200 lvl=warn msg="reject new-view before storage"        from=127.0.0.1:51703 viewID=0x78e06894a14cd98670c812479ee9f1b0aa770f70c99553789012ba5f53dcb0c9 err="hotstuff proposal validation pending"
        t=2026-09-22T08:36:27+0200 lvl=info msg="HOTSTUFF PROPOSAL REF"                 number=26 viewID=0x78e06894a14cd98670c812479ee9f1b0aa770f70c99553789012ba5f53dcb0c9 proposalID=0x5888ca94d492f89ba8bf7b5983164805b4fcc84a0c63eaf55e1768482b0d4e54 blockHash=0x5dc2dc28d329a5abe35f28bcba873893c8bbf4a3f27b71fa8d2d36e2ed55ff50 bodyHash=0x68479e9cb52eff0787ad7c4bfa6be9ee237bd03c8b0e1155ed49401a3cdb4fa5 bodySize=830 refBytes=439
        t=2026-09-22T08:36:27+0200 lvl=warn msg="Send msg try again"                    address=[::]:38817      Couldn't send to=127.0.0.1:58506 error="Operation Canceled"
        t=2026-09-22T08:36:27+0200 lvl=eror msg=CloseConnect                            =[::]:38817 having error closing conn to=127.0.0.1:34613 error="Connection Closed"
        t=2026-09-22T08:36:28+0200 lvl=info msg="HOTSTUFF PROPOSAL MANIFEST stored"     from=127.0.0.1:46372 number=27 proposalID=0xd54b7d1397d6b600dc16035823b59061def7f7134deb1574363e008f94b6a5c3 manifestBytes=1220 missing=1 bodyBytes=3350
        t=2026-09-22T08:36:28+0200 lvl=eror msg="OnPropose wait proposal body"          number=27 proposalID=0xd54b7d1397d6b600dc16035823b59061def7f7134deb1574363e008f94b6a5c3 err="hotstuff view state too old"
        t=2026-09-22T08:36:28+0200 lvl=warn msg="HOTSTUFF PROPOSAL MANIFEST authority rejected" from=127.0.0.1:48722 leader=127.0.0.1:48722 number=28 proposalID=0xdef45bec4070dfa83096d9d3e0d2e959a146a4e42f21ca42a2c5a6f68c467e35 err="proposal manifest does not match the current deterministic leader route: manifest key committee is already canonical but is not the current route"
        t=2026-09-22T08:36:28+0200 lvl=info msg="HOTSTUFF PROPOSAL REPAIR REQUEST"      to=127.0.0.1:48722 number=28 proposalID=0xdef45bec4070dfa83096d9d3e0d2e959a146a4e42f21ca42a2c5a6f68c467e35 missing=0 attempt=0
        t=2026-09-22T08:36:28+0200 lvl=info msg="HOTSTUFF PROPOSAL MANIFEST stored"     from=127.0.0.1:48722 number=28 proposalID=0xdef45bec4070dfa83096d9d3e0d2e959a146a4e42f21ca42a2c5a6f68c467e35 manifestBytes=830  missing=0 bodyBytes=830
        t=2026-09-22T08:36:29+0200 lvl=info msg="HOTSTUFF PROPOSAL MANIFEST stored"     from=127.0.0.1:46372 number=29 proposalID=0x3b5f198ff911878b59ceb8873ee0b98ac3fa4e09c19b70644b773891363dc82c manifestBytes=1220 missing=0 bodyBytes=3350
        t=2026-09-22T08:36:29+0200 lvl=warn msg="HandleConn drops connection: closed"   address=127.0.0.1:38817 remot=127.0.0.1:46372
        t=2026-09-22T08:36:29+0200 lvl=info msg="HOTSTUFF PROPOSAL MANIFEST stored"     from=127.0.0.1:46372 number=29 proposalID=0x3b5f198ff911878b59ceb8873ee0b98ac3fa4e09c19b70644b773891363dc82c manifestBytes=1220 missing=0 bodyBytes=3350
        t=2026-09-22T08:36:29+0200 lvl=info msg="HOTSTUFF PROPOSAL MANIFEST stored"     from=127.0.0.1:41299 number=30 proposalID=0x986b308481ff67283151e0b026fe3b7306f1683447daa320984d50a0381d85e0 manifestBytes=830  missing=0 bodyBytes=830
        t=2026-09-22T08:36:30+0200 lvl=info msg="HOTSTUFF PROPOSAL MANIFEST stored"     from=127.0.0.1:48722 number=31 proposalID=0x779eb2995c50677160ff7c0bd292ead2aeff6799c7d720ed968cdd7b935bd04a manifestBytes=1220 missing=0 bodyBytes=3350
        t=2026-09-22T08:36:30+0200 lvl=info msg="HOTSTUFF PROPOSAL MANIFEST stored"     from=127.0.0.1:52869 number=32 proposalID=0x6e790eeab707c9da83d02aa39eafd6a731c42708ac73451bc7ef21ff47d8babc manifestBytes=830  missing=0 bodyBytes=830
        t=2026-09-22T08:36:31+0200 lvl=info msg="HOTSTUFF PROPOSAL REF"                 number=33 viewID=0x01b0b2acfc9e12ffa4782c8f575aa7202af6ba7994732494e59d2fdc50465f29 proposalID=0xad36e8131f609733e8ab158db036ca6e7621880187c2ff695b8748d0e1cb706e blockHash=0x92ecbfb6426fc858ec085ed0e5dfa2e774bb41b0f15f948da733184832268430 bodyHash=0xe725fdfdc561f32823f0c7a01690d80029723999a44c1bdd1d2f108c00465daa bodySize=3350 refBytes=442
        t=2026-09-22T08:36:31+0200 lvl=info msg="HOTSTUFF PROPOSAL MANIFEST stored"     from=127.0.0.1:58506 number=34 proposalID=0x7d947be2c567c5f315b53c4f90fd7295d35d4745e107f753d6b6e680206f4cc8 manifestBytes=830  missing=0 bodyBytes=830
        t=2026-09-22T08:36:32+0200 lvl=info msg="HOTSTUFF PROPOSAL REF"                 number=35 viewID=0x1f2b8485ddcd58eb47dcb7cb8fc139ca7f79aac6b7ef1f19f48045c6ac661ea6 proposalID=0x1ab7a33a58cae24d45f90f1e71be984303d12e473e7374e4cfd740704934da36 blockHash=0x58f25e73bfd7aa73500c8eaa3914297fcc1f519b945a973c8485e15140bb731e bodyHash=0x959d9cb6b4c6dd73d718360c597e1e42491a2dd0f636cf8ea94361181df97f05 bodySize=3350 refBytes=442
        t=2026-09-22T08:36:32+0200 lvl=warn msg="Send msg try again"                    address=[::]:38817      Couldn't send to=127.0.0.1:58506 error="Operation Canceled"
        t=2026-09-22T08:36:32+0200 lvl=eror msg=CloseConnect                            =[::]:38817 having error closing conn to=127.0.0.1:58506 error="Connection Closed"
        t=2026-09-22T08:36:32+0200 lvl=info msg="HOTSTUFF PROPOSAL MANIFEST stored"     from=127.0.0.1:46372 number=36 proposalID=0x032cd1a6409ad586301116ec707d3bf1f32d2c3c1e0d7e18719986154f736817 manifestBytes=830  missing=0 bodyBytes=830
        t=2026-09-22T08:36:33+0200 lvl=info msg="HOTSTUFF PROPOSAL MANIFEST stored"     from=127.0.0.1:46372 number=37 proposalID=0xe1fe080f42459c80658ef51f079764277585743f4f317a0b9c5667db0a04b843 manifestBytes=1220 missing=0 bodyBytes=3350
        t=2026-09-22T08:36:33+0200 lvl=info msg="HOTSTUFF PROPOSAL MANIFEST stored"     from=127.0.0.1:48722 number=38 proposalID=0x6ef641ef201f4870501f7ac9a57212179ac50aeb2c23f9c11754c2e7f3af2a7e manifestBytes=830  missing=0 bodyBytes=830
        t=2026-09-22T08:36:34+0200 lvl=info msg="HOTSTUFF PROPOSAL MANIFEST stored"     from=127.0.0.1:58506 number=39 proposalID=0x620dd1868581cb89729e78ac7f6b5f2bca1853986c0c9c46a12f15cf5e6fcbd4 manifestBytes=1220 missing=0 bodyBytes=3350
        t=2026-09-22T08:36:34+0200 lvl=info msg="HOTSTUFF PROPOSAL MANIFEST stored"     from=127.0.0.1:52869 number=40 proposalID=0x98c162ba05bfaf0c5ee8ace4fe573b436ec29ea0620bd95ae2390e50445928cf manifestBytes=830  missing=0 bodyBytes=830
        t=2026-09-22T08:36:34+0200 lvl=info msg="HOTSTUFF PROPOSAL MANIFEST stored"     from=127.0.0.1:52869 number=41 proposalID=0x9c819ed1cf85a03a13a2f238acb46f17abdfe5445ff243e134de9ab9240cb6b2 manifestBytes=1220 missing=0 bodyBytes=3350
        t=2026-09-22T08:36:35+0200 lvl=info msg="HOTSTUFF PROPOSAL MANIFEST stored"     from=127.0.0.1:48722 number=42 proposalID=0x6ed67ce1da76481653612ec739aa466723871f1b62abf75436dd3a8b7a7bce03 manifestBytes=830  missing=0 bodyBytes=830
        t=2026-09-22T08:36:35+0200 lvl=info msg="HOTSTUFF PROPOSAL MANIFEST stored"     from=127.0.0.1:51703 number=43 proposalID=0x7f767723637090e2e2aedd4f8719c15d8d49e89e84688852743337324cde177a manifestBytes=1220 missing=0 bodyBytes=3350
        t=2026-09-22T08:36:35+0200 lvl=warn msg="HandleConn drops connection: closed"   address=127.0.0.1:38817 remot=127.0.0.1:51703
        t=2026-09-22T08:36:35+0200 lvl=info msg="HOTSTUFF PROPOSAL MANIFEST stored"     from=127.0.0.1:51703 number=43 proposalID=0x7f767723637090e2e2aedd4f8719c15d8d49e89e84688852743337324cde177a manifestBytes=1220 missing=0 bodyBytes=3350
        t=2026-09-22T08:36:35+0200 lvl=info msg="HOTSTUFF PROPOSAL MANIFEST stored"     from=127.0.0.1:46372 number=44 proposalID=0x149aae9cd838dd2ab751efafc3a7c373d6ef7557cbd99797a761f9ef3afe0667 manifestBytes=830  missing=0 bodyBytes=830
        t=2026-09-22T08:36:36+0200 lvl=warn msg=GetBlockByNumer                         number=1
        t=2026-09-22T08:36:36+0200 lvl=warn msg=GetBlockByNumer                         number=43
        t=2026-09-22T08:36:36+0200 lvl=info msg="HOTSTUFF PROPOSAL MANIFEST stored"     from=127.0.0.1:58506 number=45 proposalID=0xfab63b65dce549a94fb7fdd1ebb5892d85ae96f8d934c87856d4753ca3932a6a manifestBytes=1220 missing=0 bodyBytes=3350
        t=2026-09-22T08:36:36+0200 lvl=info msg="HOTSTUFF PROPOSAL REF"                 number=46 viewID=0x542d2a0a4d02161292aa991e49f63ba48dc31f30638045786d2309339a8f2d13 proposalID=0x64da13facb61f2b41f35bc771d7c5d7aa19b84b27b7bbadb074b956bdc62b6b1 blockHash=0x2a165774b29b8b033aa1c373132293f75af821ac1e0321524b60320463861e0b bodyHash=0xb81c8d622fcd6f3208d9a7c6ee06d7fd87afa56e5fc12b3d70756e8ae798f6e0 bodySize=830  refBytes=439
        t=2026-09-22T08:36:36+0200 lvl=info msg="HOTSTUFF PROPOSAL MANIFEST stored"     from=127.0.0.1:51703 number=47 proposalID=0x658dc190462debf9569093621105aa8085368e22605f86ad175fda91c00adfdb manifestBytes=1220 missing=0 bodyBytes=3350
        t=2026-09-22T08:36:37+0200 lvl=info msg="HOTSTUFF PROPOSAL REF"                 number=48 viewID=0x24cac2e6507b3c264987be836949801b9269610b7943c6f782c6b3bed5cef797 proposalID=0x7639f6d21023e8a7f7595b569d8732f62557008da448c80b1711ac82a6a32ae9 blockHash=0x78c152e604ff7491b04bf77daf2c4e2e86e12314fc6404b7bafbbc8a4ce27703 bodyHash=0x27311f47076a1bb3b48bcede6ecdaee03952ef905128e16289d252b6149cce8b bodySize=830  refBytes=439
        t=2026-09-22T08:36:37+0200 lvl=warn msg="Send msg try again"                    address=[::]:38817      Couldn't send to=127.0.0.1:41299 error="Operation Canceled"
        t=2026-09-22T08:36:37+0200 lvl=eror msg=CloseConnect                            =[::]:38817 having error closing conn to=127.0.0.1:45333 error="Connection Closed"
        t=2026-09-22T08:36:37+0200 lvl=warn msg=GetBlockByNumer                         number=1
        t=2026-09-22T08:36:37+0200 lvl=warn msg=GetBlockByNumer                         number=47
        t=2026-09-22T08:36:37+0200 lvl=warn msg=GetBlockByNumer                         number=1
        t=2026-09-22T08:36:37+0200 lvl=warn msg=GetBlockByNumer                         number=47
    dex_financial_process_test.go:104: DEX child6 full log /tmp/dex-financial-failure-2924061225.log
    dex_financial_process_test.go:109: DEX child6 log: 
    dex_financial_process_test.go:104: DEX child5 full log /tmp/dex-financial-failure-2140299221.log
    dex_financial_process_test.go:109: DEX child5 log: 
    dex_financial_process_test.go:104: DEX child4 full log /tmp/dex-financial-failure-3218279872.log
    dex_financial_process_test.go:109: DEX child4 log: 
    dex_financial_process_test.go:104: DEX child3 full log /tmp/dex-financial-failure-2920137627.log
    dex_financial_process_test.go:109: DEX child3 log: 
    dex_financial_process_test.go:104: DEX child2 full log /tmp/dex-financial-failure-2670616409.log
    dex_financial_process_test.go:109: DEX child2 log: 
    dex_financial_process_test.go:104: DEX child1 full log /tmp/dex-financial-failure-2157843221.log
    dex_financial_process_test.go:109: DEX child1 log: 
    dex_financial_process_test.go:104: DEX child0 full log /tmp/dex-financial-failure-3564724345.log
    dex_financial_process_test.go:109: DEX child0 log: 
--- FAIL: TestFHSNativeFinancialOrdinaryCLI (201.55s)
FAIL
