=== RUN   TestFHSNativeFinancialOrdinaryCLI
    dex_financial_network_test.go:282: CLX_FINALIZED tx=0xc5bf301545a2359a312d4783d81c2b699f4d78088b171dfdcb8072a719eea775 height=1 hash=0xc1500f93e658d194a10c24ae27b62c6b84cd0f31df9f19d1aaaec612cb679f8b status=1 payer=0xE2A89a821a8D88F1926aBebED3d9e859eBE7F50c gas=271600 value=100000000000000000000
    dex_financial_network_test.go:282: CLX_FINALIZED tx=0x72715d9055bf63929484339be54d37c0e269301dfc88a19464a68b84529b23f8 height=3 hash=0x71c26dc17e1bfe1e5190493cd4bc0c89f1e91f855474003faabd596994051820 status=1 payer=0x05dAc464E439A2413C11c304Cc2f830915F55786 gas=271600 value=100000000000000000000
    dex_financial_network_test.go:282: CLX_FINALIZED tx=0x2b8d971d6118b253a3fe435215b8fa58840012b15dc97035706cf03d107e628a height=5 hash=0x1aa095b7b1564e588b6f4d35bd18cedae8c3b8db32d0b9e92d25a9a1a3ba75ba status=1 payer=0x031EE3940b4B6a5bdf9d02548a716b5F38050cc4 gas=271600 value=20000000000000000000
    dex_financial_network_test.go:282: CLX_FINALIZED tx=0x74b88743edab9972722206b9e6c2ab79fda4b6dd99e0b7b9bcd727fc3b192df5 height=7 hash=0x5b112efefcf79be5d024c3738ee6188c56cae82d791e04ae082c3879bdd0e97a status=1 payer=0x031EE3940b4B6a5bdf9d02548a716b5F38050cc4 gas=271600 value=5000000000000000000
    dex_financial_network_test.go:291: NATIVE_BALANCE height=7 account=0x000000000000000000000000000000000000B123 initial=123 final=347648000000123 delta=347648000000000
    dex_financial_network_test.go:291: NATIVE_BALANCE height=7 account=0x0000000000000000000000000000000000De0001 initial=0 final=225000000000000000000 delta=225000000000000000000
    dex_financial_network_test.go:291: NATIVE_BALANCE height=7 account=0x031EE3940b4B6a5bdf9d02548a716b5F38050cc4 initial=1000000000000000000000 final=974999130880000000000 delta=-25000869120000000000
    dex_financial_network_test.go:291: NATIVE_BALANCE height=7 account=0x05dAc464E439A2413C11c304Cc2f830915F55786 initial=1000000000000000000000 final=899999565440000000000 delta=-100000434560000000000
    dex_financial_network_test.go:291: NATIVE_BALANCE height=7 account=0x0954C26429970969aE2dCBc5d59f7B465b39d81E initial=1000000000000000000000000000 final=1000000000000000000000000000 delta=0
    dex_financial_network_test.go:291: NATIVE_BALANCE height=7 account=0xE2A89a821a8D88F1926aBebED3d9e859eBE7F50c initial=1000000000000000000000 final=899999565440000000000 delta=-100000434560000000000
    dex_financial_network_test.go:291: NATIVE_BALANCE height=7 account=0xdc63A62713cc1ae966DBD9e77552a35Ad09533C4 initial=77 final=77 delta=0
    dex_financial_network_test.go:291: NATIVE_LEDGER_RECONCILED height=7 custody=225000000000000000000 gas=1738240000000000 commonReward=347648000000000 burn=1390592000000000 accounts=7 engine=0/0/0
    dex_financial_network_test.go:318: NORMAL_FINANCIAL_ROLES index=0 CommonPID=962281 DEXSidecarPID=962291 api=127.0.0.2:38243 pow=false rpcReward=false
    dex_financial_network_test.go:318: NORMAL_FINANCIAL_ROLES index=1 CommonPID=962307 DEXSidecarPID=962316 api=127.0.0.3:34609 pow=false rpcReward=false
    dex_financial_network_test.go:318: NORMAL_FINANCIAL_ROLES index=2 CommonPID=962332 DEXSidecarPID=962344 api=127.0.0.4:41249 pow=false rpcReward=false
    dex_financial_network_test.go:318: NORMAL_FINANCIAL_ROLES index=3 CommonPID=962359 DEXSidecarPID=962368 api=127.0.0.5:45901 pow=false rpcReward=false
    dex_financial_network_test.go:318: NORMAL_FINANCIAL_ROLES index=4 CommonPID=962384 DEXSidecarPID=962396 api=127.0.0.6:43465 pow=false rpcReward=false
    dex_financial_network_test.go:318: NORMAL_FINANCIAL_ROLES index=5 CommonPID=962435 DEXSidecarPID=962561 api=127.0.0.7:45379 pow=false rpcReward=false
    dex_financial_network_test.go:318: NORMAL_FINANCIAL_ROLES index=6 CommonPID=962580 DEXSidecarPID=962590 api=127.0.0.8:43407 pow=false rpcReward=false
    dex_financial_network_test.go:426: REWARD_OMISSION_REJECTED candidate=1e7045a6c68c772981c082981573f4891df8fe51bad7579653fe8dba192b5f2b omittedDuty=32ad489fa660c8c0c3add4ed957a99e9465f5c8812aa17ba43a86261f0314c74 participant=6 rejects=6 nextNonce=12 rewardReserve=0; complete package retry retains same nonce
    dex_financial_network_test.go:474: CLX_FINALIZED tx=0x81086c0cb164ba909e68d39c6d41ff6c19620bd51575aa798747f938ba3a8556 height=9 hash=0x60462446801dce03c840e2da2ea05e0845da5cf4789b1bcfecd8661917754188 status=1 payer=0x0954C26429970969aE2dCBc5d59f7B465b39d81E gas=13028172 value=0
    dex_financial_network_test.go:488: DEX_FINALIZED_AND_CLX_SETTLED sequence=1 checkpoint=9b30f7d802f758881b66b6c7b536850aa53a9be3fce88c0e6defc784c35468ae root=8d892e0135757f27a1d557ac17fa83f85e1719eef28834fd0d13bf026c418bbf clxAnchor=5b112efefcf79be5d024c3738ee6188c56cae82d791e04ae082c3879bdd0e97a finance=1b1da4e401fac7d422d0ab7206bfb1d183965f793ad6922ccc1887d05be4201e
    dex_financial_network_test.go:474: CLX_FINALIZED tx=0xaf777caab198ddcdfcc7d2934fc32e09b353dc879c0910bec58aeaa444a7b484 height=11 hash=0xf6e84f20ad48b16c05914f5b9efbcba9c3b1e0e59e76657b9f70dff58977b5fd status=1 payer=0x0954C26429970969aE2dCBc5d59f7B465b39d81E gas=12126144 value=0
    dex_financial_network_test.go:488: DEX_FINALIZED_AND_CLX_SETTLED sequence=2 checkpoint=198e0d0ca51805a6cee8300e0c8a99f28446d508c915bc77a791ce2ccd1e01cd root=a59676a33ae7462c0e2e45985fb4a68ab76eda1b3ad57163aa2fa5225cb2873f clxAnchor=5b112efefcf79be5d024c3738ee6188c56cae82d791e04ae082c3879bdd0e97a finance=c9a65fc0970fa23fa71100c7196773f46691254c3f96b19636f1dff6d0dbc322
    dex_financial_network_test.go:474: CLX_FINALIZED tx=0x2d9930357ff732dac4806f86f0d830a88234c2f9c8837648397f32496861a23e height=13 hash=0x1e37802372745d3a09582afb06f600ef59d0f92c857e3c4cffa33393d758491e status=1 payer=0x0954C26429970969aE2dCBc5d59f7B465b39d81E gas=12126096 value=0
    dex_financial_network_test.go:488: DEX_FINALIZED_AND_CLX_SETTLED sequence=3 checkpoint=51b86473ae0565f6543251a9bec148705c1df8a23e1c94438cb3f2e69a4d87e9 root=fe360b652cd2779d8250be4c414c8a8007727ca0fa9de1715ecd1a70f677d446 clxAnchor=5b112efefcf79be5d024c3738ee6188c56cae82d791e04ae082c3879bdd0e97a finance=470e9bd166a11e8029e4cb95c2098c21bf9efd4bdfc8ac31e1773944ba661b6f
    dex_financial_network_test.go:474: CLX_FINALIZED tx=0x9e774f05963a793fafc0a30b138f9c07a78c199fce826b46c4824de323513976 height=15 hash=0xf3d1390269e5169ff7624b0ef27c61dd9f0e7d2b326041ac7689df383c89ce9e status=1 payer=0x0954C26429970969aE2dCBc5d59f7B465b39d81E gas=12126132 value=0
    dex_financial_network_test.go:488: DEX_FINALIZED_AND_CLX_SETTLED sequence=4 checkpoint=d2f90870c2763642606e3ae519944913cf70eaeafe607a824fed11409c1c36a8 root=0e84edb05cdcc411ffce437a584da35a3a2c85f576fa9242cf19b717c4236d35 clxAnchor=5b112efefcf79be5d024c3738ee6188c56cae82d791e04ae082c3879bdd0e97a finance=d73e3e874dcdc08e746a3e40dd97a6684fa2245231b213ca1b450d6f23457373
    dex_financial_network_test.go:474: CLX_FINALIZED tx=0xa0383f71705fbf700814e6fc2ea0ca3d0c61051a9b5ce0c1ec1af36a058ead2a height=17 hash=0xd9d265bce15506cb5cb2c8b85a558a5be1e9ed9af60cf52742ab98d09c88d961 status=1 payer=0x0954C26429970969aE2dCBc5d59f7B465b39d81E gas=12126216 value=0
    dex_financial_network_test.go:488: DEX_FINALIZED_AND_CLX_SETTLED sequence=5 checkpoint=f79db1b00eecca85ab1f465594959e325abebc3e49d7dabc0a9da097e9a7175d root=c4b6bfdb404b871d1df12a4fb8ffb339f7ac7139aae14aeeb44d71503b83148f clxAnchor=5b112efefcf79be5d024c3738ee6188c56cae82d791e04ae082c3879bdd0e97a finance=05d5e80477fd40df8d688aa28ebca2f44bf2e6f666d28d8fef7e03c44708d0a1
    dex_financial_network_test.go:474: CLX_FINALIZED tx=0x3e27a2fe5a327c6f6c1a0c3d1266057fd71f1a641b1b7ab35ada12c59611af88 height=19 hash=0xf2ad9775517605cba0f740071c935bac194cb429d1c7d952332745f4776fcc35 status=1 payer=0x0954C26429970969aE2dCBc5d59f7B465b39d81E gas=12126156 value=0
    dex_financial_network_test.go:488: DEX_FINALIZED_AND_CLX_SETTLED sequence=6 checkpoint=0ef3e2e3ff698b2cc2da938f0ce07f259b6998b54f5a68b48fdd4587547c8c99 root=3de82c2fd635db0d6a0bcc2cc457a1ebb33d8064e09d548c09314eeb7fa0a528 clxAnchor=5b112efefcf79be5d024c3738ee6188c56cae82d791e04ae082c3879bdd0e97a finance=0abc1780749eee025f08da220ef6c195cb0ee31f030d604c0a6156d10758f141
    dex_financial_network_test.go:474: CLX_FINALIZED tx=0x9ed2b14957e1fbbb6a9f049263f6a2f68f387973db0ee07a9d513339194200d0 height=21 hash=0x6b459ca0ddb8354bb1b04ed73fac4d0cf96c7641f01bf82437818e5349a288a2 status=1 payer=0x0954C26429970969aE2dCBc5d59f7B465b39d81E gas=12126144 value=0
    dex_financial_network_test.go:488: DEX_FINALIZED_AND_CLX_SETTLED sequence=7 checkpoint=ba5ef9977f7cdb8e6294b49c2730ee3ac4373c7bb53299aa443b2cbcb275e286 root=2d91d27d4c05c6b919b3ec5387eb3b3db586eae78a049cb09b825339bfc88d89 clxAnchor=5b112efefcf79be5d024c3738ee6188c56cae82d791e04ae082c3879bdd0e97a finance=531c4e43054a23cd182cd213766c44862749b0b6fef4e95ab236a91fd075b77a
    dex_financial_network_test.go:474: CLX_FINALIZED tx=0x6a0a423e1b167c4ebf7d9e59d4182e14bc822b782e464fd0a9f292d49ee484a8 height=23 hash=0xb8a913f378cd6f2d450bc81e2d2f1f761ead1b6b337a4f985ba0513fcb6cf50f status=1 payer=0x0954C26429970969aE2dCBc5d59f7B465b39d81E gas=12126120 value=0
    dex_financial_network_test.go:488: DEX_FINALIZED_AND_CLX_SETTLED sequence=8 checkpoint=e798c8dd539d82d845ad4246ba851d252501ee606325e794cb54522ed244d469 root=6d1b78421dcbaf1a6bd2ca3160136d094d90ccac5d2780a5cb0fc1b913a90af1 clxAnchor=5b112efefcf79be5d024c3738ee6188c56cae82d791e04ae082c3879bdd0e97a finance=ad769ec7a6da9f5981015f1c3c36bcc965233529970795f685856ea76897442e
    dex_financial_network_test.go:474: CLX_FINALIZED tx=0xfe59fdbed0a7eb73a9497fd7bb68e3e37691ab0d26bcada24098dd681eb5de5c height=25 hash=0x0a9d55614e5c7d94a5121bee89dd7e3d3731ab63129408aedc3ee3b5831cfd1a status=1 payer=0x0954C26429970969aE2dCBc5d59f7B465b39d81E gas=12126156 value=0
    dex_financial_network_test.go:488: DEX_FINALIZED_AND_CLX_SETTLED sequence=9 checkpoint=bb1d6f5bb9ef26864a6364315d12a7c2783f07d2a9416fa1c65619810d1140d2 root=bf26195f95b1012851e43596b5d8501e3aac5eed20e3e7c426507ab5e9b7fcd7 clxAnchor=5b112efefcf79be5d024c3738ee6188c56cae82d791e04ae082c3879bdd0e97a finance=575deae82cbcf4663605242a8a8a938920d7dd6209744cec8fcca7bbca7fcffd
    dex_financial_network_test.go:474: CLX_FINALIZED tx=0x0115a2e74379d2ac19fdbf1f9c5687412b3c763eada8eaf9a7aa1295d77f97c8 height=27 hash=0x05fe8cd396fc8a67b45df231122cabcbc28ee175f33961c29dd5fbf2029fe05e status=1 payer=0x0954C26429970969aE2dCBc5d59f7B465b39d81E gas=12126180 value=0
    dex_financial_network_test.go:488: DEX_FINALIZED_AND_CLX_SETTLED sequence=10 checkpoint=86c567c01a0c3fb58711a60c7f3389f0cf89be01e0090b74e81b99daea5c725a root=8675a58b8f5b965d60bdb1f299c5a9be7e7521adfd6feac7c92e1f902e6f08ce clxAnchor=5b112efefcf79be5d024c3738ee6188c56cae82d791e04ae082c3879bdd0e97a finance=6de054c0725406e1835b8a792ac2ef1230d031183b5b208517cf90d404c52d09
    dex_financial_network_test.go:474: CLX_FINALIZED tx=0x6e95027420e217418aa712335a7ddc7b8653e4ae13626176e3a46608c6e090ae height=29 hash=0x924b0c80367583521a71d9e02e6aa7b860cd381557fcc6b388633ac3f8cedf22 status=1 payer=0x0954C26429970969aE2dCBc5d59f7B465b39d81E gas=12126168 value=0
    dex_financial_network_test.go:488: DEX_FINALIZED_AND_CLX_SETTLED sequence=11 checkpoint=0d33b7b8de86b12ded06d7d821cd628e25926002750b8506a93edb766a12d3b1 root=e423eda6168652c64d4c45de4f2b24bffb65bcae8c427660e531143565e9cfd4 clxAnchor=5b112efefcf79be5d024c3738ee6188c56cae82d791e04ae082c3879bdd0e97a finance=64a8484947789283bc0328e6b18f3bf9d0d255a6609eec4dcb5326518ff0c40b
    dex_financial_network_test.go:474: CLX_FINALIZED tx=0x21aa156e58e480cb5d6d8814f09fb3be26b143dff7b1fc73370840f6872088d7 height=31 hash=0xd3dc32f63ffd13a80e7e54facfce5e0104ca53156436c4e08da1e27072a0ba7a status=1 payer=0x0954C26429970969aE2dCBc5d59f7B465b39d81E gas=12126168 value=0
    dex_financial_network_test.go:488: DEX_FINALIZED_AND_CLX_SETTLED sequence=12 checkpoint=1dab020e5d872966154b8d54617044919c0ec6e3e8c2aad534cd44816259f887 root=cf211c7d5a1d9881301858404bc5811c2ee70409567236158b6bb6994de3e0b3 clxAnchor=5b112efefcf79be5d024c3738ee6188c56cae82d791e04ae082c3879bdd0e97a finance=7d410b679b2871bad0a5b7ead51e048470d637480ba66c6738d6813bf50666ed
    dex_financial_network_test.go:474: CLX_FINALIZED tx=0x5ecf3d86c1d15ae40c821e69d84e6ad23f228f048caf805aae9da71e6bf3a13b height=33 hash=0xaaeb641aa25da5ce0657753459079769ac25f85e4b91c6f0de59bb779b1ddd10 status=1 payer=0x0954C26429970969aE2dCBc5d59f7B465b39d81E gas=12126216 value=0
    dex_financial_network_test.go:488: DEX_FINALIZED_AND_CLX_SETTLED sequence=13 checkpoint=182304df5a63b2e4739566b2ec2de936234126c2a9ddd0cf52365a6b9ece0ae4 root=e32cce34db4f0e1a2b015de9ab300a67f8f4bc136786d532845fc6fc2e03bd3a clxAnchor=5b112efefcf79be5d024c3738ee6188c56cae82d791e04ae082c3879bdd0e97a finance=c66dafa0540031ab1949c6fa0222537b97fd8b16767dc56d6bc27c334ab0102c
    dex_financial_network_test.go:474: CLX_FINALIZED tx=0xffd1a6eb2b1b2e015e32a02923900d4c3c7a61990f5ad999cce58a21f188c299 height=35 hash=0xa664ba6199d9c5fdc8e02d8f3461e43074ddcaaad9d1e32a3b124a660de01603 status=1 payer=0x0954C26429970969aE2dCBc5d59f7B465b39d81E gas=12126672 value=0
    dex_financial_network_test.go:488: DEX_FINALIZED_AND_CLX_SETTLED sequence=14 checkpoint=d4d6c6de715ccd9ef6eedc058a754ddeb43a145e9ce00bd5dc2544b097e98693 root=6e5214ca23c46492c5e5878df1d6cd635e9bf6222d9407210396c77d33e60f62 clxAnchor=5b112efefcf79be5d024c3738ee6188c56cae82d791e04ae082c3879bdd0e97a finance=8166124a69e787d51ebae1d0de45fea8f85a067a38861bbcceb816b24dfcb723
    dex_financial_network_test.go:474: CLX_FINALIZED tx=0xeb37480b6908cc63513b30f262f854b46fcc5e6480367f50e13ff51301d08807 height=37 hash=0xb68729ec07720708b01d858f2502fb37791a50a82b6654630ec1619c754ca929 status=1 payer=0x0954C26429970969aE2dCBc5d59f7B465b39d81E gas=12126144 value=0
    dex_financial_network_test.go:488: DEX_FINALIZED_AND_CLX_SETTLED sequence=15 checkpoint=55946f3d5e6660b7618374d8229bd1f1ee9801462ec90ae315eb2be009eb7716 root=1c0e61901a4da264f5f19a0f32808227026b87713cc28b04dd3ed193860031f0 clxAnchor=5b112efefcf79be5d024c3738ee6188c56cae82d791e04ae082c3879bdd0e97a finance=75f36d6895936a87dea56380e95aeda797699deae001f3b2a9a1bce38b9d7787
    dex_financial_network_test.go:474: CLX_FINALIZED tx=0x869149ac5e4f12aa32909d5f2d981c60d0e477dbce3a60a6cc73e919a66a731f height=39 hash=0x58cc5706148edcc19c357d0aa9e33efc80f9e0b64cabd518891306752c0c2cec status=1 payer=0x0954C26429970969aE2dCBc5d59f7B465b39d81E gas=12126132 value=0
    dex_financial_network_test.go:488: DEX_FINALIZED_AND_CLX_SETTLED sequence=16 checkpoint=74f016a48c22d0da03a728af79fde1115065214455808908f4e2f784440d8ce3 root=34f6d700282673bf538909b7a46b496a3315f51a5d483d7089feeec623992875 clxAnchor=5b112efefcf79be5d024c3738ee6188c56cae82d791e04ae082c3879bdd0e97a finance=e89340f59151fb5a16d9af2230b353bd903b1cd1daf101d429dca0f0391d9680
    dex_financial_network_test.go:474: CLX_FINALIZED tx=0xe328f3af731e49e4ef0b36873023745f7cfd6f71aad366db4b298df8f7c5cf66 height=41 hash=0x173a2583c1071391e3717b62960cd960571683919952a470a75f1aac13ead089 status=1 payer=0x0954C26429970969aE2dCBc5d59f7B465b39d81E gas=12126132 value=0
    dex_financial_network_test.go:488: DEX_FINALIZED_AND_CLX_SETTLED sequence=17 checkpoint=321241c4718c3399d98bdc3d6bcd97529291036fd4b2465ef9bc854f9c162497 root=6ad3f5161b6bc2f81c2fa9c732bf71916abf244e8a1fe3a5b6993f4a69a3b0c5 clxAnchor=5b112efefcf79be5d024c3738ee6188c56cae82d791e04ae082c3879bdd0e97a finance=34739e1df01f4d6ff89c9cd27fb32fa7cc314f3b88d668ea25ddd7132ed1af84
    dex_financial_network_test.go:474: CLX_FINALIZED tx=0xfc28b9e4cd3dd56466b4bcba2e8054f583a8c867ad181be4203674dde099326f height=43 hash=0x8bba278067b9070a48724d4b95f07ad451abd326762543aa24347b3bb6fd0dbb status=1 payer=0x0954C26429970969aE2dCBc5d59f7B465b39d81E gas=12127128 value=0
    dex_financial_network_test.go:488: DEX_FINALIZED_AND_CLX_SETTLED sequence=18 checkpoint=8aca3b60a4a43104374b6f616b729831ed691d0331a210ac5d0d270202abf2ca root=76547b795ab336de16437d48e230fa8b2b7b93f554717f22b6e22af863b6b741 clxAnchor=5b112efefcf79be5d024c3738ee6188c56cae82d791e04ae082c3879bdd0e97a finance=a945dbfc9f5600b674a81e1b9cb5baf56f606a15f617ddc637a053dde4437fe4
    dex_financial_network_test.go:496: CLX_FINALIZED tx=0x5fcff087972444b4ce6a1655c2dab315e096839ae538804983ed90a0193a3d87 height=45 hash=0x30593d0dfae5c6b04d75ba5769550fb88552876e06cb645bcf07d97d8fb217b9 status=1 payer=0xE2A89a821a8D88F1926aBebED3d9e859eBE7F50c gas=12127128 value=0
    dex_financial_network_test.go:497: CLX_FINALIZED tx=0xcc6f9a71aa6b6a3258ea6e63802dba1a73b7ad000a5e16fda8bded0c81ae805a height=47 hash=0xbb3f3a3cc43ee0a94a0da84081deb238ad1b2d7e0bc1a13ed1a97f27db05d7f9 status=0 payer=0x05dAc464E439A2413C11c304Cc2f830915F55786 gas=12127128 value=0
    dex_financial_network_test.go:502: NATIVE_BALANCE height=47 account=0x000000000000000000000000000000000000B123 initial=123 final=78244778240000123 delta=78244778240000000
    dex_financial_network_test.go:502: NATIVE_BALANCE height=47 account=0x0000000000000000000000000000000000De0001 initial=0 final=225000000000000000000 delta=225000000000000000000
    dex_financial_network_test.go:502: NATIVE_BALANCE height=47 account=0x031EE3940b4B6a5bdf9d02548a716b5F38050cc4 initial=1000000000000000000000 final=974999130880000000000 delta=-25000869120000000000
    dex_financial_network_test.go:502: NATIVE_BALANCE height=47 account=0x05dAc464E439A2413C11c304Cc2f830915F55786 initial=1000000000000000000000 final=899980162035200000000 delta=-100019837964800000000
    dex_financial_network_test.go:502: NATIVE_BALANCE height=47 account=0x0954C26429970969aE2dCBc5d59f7B465b39d81E initial=1000000000000000000000000000 final=999999999649321158400000000 delta=-350678841600000000
    dex_financial_network_test.go:502: NATIVE_BALANCE height=47 account=0xE2A89a821a8D88F1926aBebED3d9e859eBE7F50c initial=1000000000000000000000 final=899980162035200000000 delta=-100019837964800000000
    dex_financial_network_test.go:502: NATIVE_BALANCE height=47 account=0xdc63A62713cc1ae966DBD9e77552a35Ad09533C4 initial=77 final=77 delta=0
    dex_financial_network_test.go:502: NATIVE_LEDGER_RECONCILED height=47 custody=225000000000000000000 gas=391223891200000000 commonReward=78244778240000000 burn=312979112960000000 accounts=7 engine=0/0/0
    dex_financial_network_test.go:502: CLX_CRASH_REOPEN height=47 oldPIDs=[962101 962106 962111 962117 962123 962129 962136] newPIDs=[962707 962748 962823 962834 962840 962863 962885] root=0xe3667a7e5a6f230ba123c4a2f1064d377eab6284ff8b2ef2c46c9ec586d5894e
    dex_financial_network_test.go:523: NORMAL_COMMON_RPC_DEX_READY index=0 CommonPID=962281 DEXSidecarPID=962291 height=47 custody=225000000000000000000 operator=0xdc63A62713cc1ae966DBD9e77552a35Ad09533C4 recipient=0x000000000000000000000000000000000000B123 pow=false rpcReward=true dex=true publicHTTP=eth-only
    dex_financial_combined_rpc_test.go:238: NORMAL_COMMON_RPC_DEX_RELAY index=0 tx=0xc170c7aed6f2c084b9f673db8b7e49d377c5b146118ed60b40f3933a732198f5 pow=false dex=active rpcReward=authenticated HTTP=accepted CLXFinality=checked-by-nativeLedger
    dex_financial_network_test.go:525: native receipt timeout tx=0xc170c7aed6f2c084b9f673db8b7e49d377c5b146118ed60b40f3933a732198f5
    fhs_process_recovery_test.go:226: validator 962885 complete log: /tmp/fhs-process-failure-1803826592.log
    fhs_process_recovery_test.go:231: validator 962885 log tail:
        t=2026-09-22T09:29:10+0200 lvl=warn msg=GetBlockByNumer number=0
        t=2026-09-22T09:29:10+0200 lvl=warn msg=GetBlockByNumer number=1
        t=2026-09-22T09:29:10+0200 lvl=warn msg=GetBlockByNumer number=2
        t=2026-09-22T09:29:10+0200 lvl=warn msg=GetBlockByNumer number=3
        t=2026-09-22T09:29:10+0200 lvl=warn msg=GetBlockByNumer number=4
        t=2026-09-22T09:29:10+0200 lvl=warn msg=GetBlockByNumer number=5
        t=2026-09-22T09:29:10+0200 lvl=warn msg=GetBlockByNumer number=6
        t=2026-09-22T09:29:10+0200 lvl=warn msg=GetBlockByNumer number=7
        t=2026-09-22T09:29:10+0200 lvl=warn msg=GetBlockByNumer number=8
        t=2026-09-22T09:29:10+0200 lvl=warn msg=GetBlockByNumer number=9
        t=2026-09-22T09:29:10+0200 lvl=warn msg=GetBlockByNumer number=10
        t=2026-09-22T09:29:10+0200 lvl=warn msg=GetBlockByNumer number=11
        t=2026-09-22T09:29:10+0200 lvl=warn msg=GetBlockByNumer number=12
        t=2026-09-22T09:29:10+0200 lvl=warn msg=GetBlockByNumer number=13
        t=2026-09-22T09:29:10+0200 lvl=warn msg=GetBlockByNumer number=14
        t=2026-09-22T09:29:10+0200 lvl=warn msg=GetBlockByNumer number=15
        t=2026-09-22T09:29:10+0200 lvl=warn msg=GetBlockByNumer number=16
        t=2026-09-22T09:29:10+0200 lvl=warn msg=GetBlockByNumer number=17
        t=2026-09-22T09:29:10+0200 lvl=warn msg=GetBlockByNumer number=18
        t=2026-09-22T09:29:10+0200 lvl=warn msg=GetBlockByNumer number=19
        t=2026-09-22T09:29:10+0200 lvl=warn msg=GetBlockByNumer number=20
        t=2026-09-22T09:29:10+0200 lvl=warn msg=GetBlockByNumer number=21
        t=2026-09-22T09:29:10+0200 lvl=warn msg=GetBlockByNumer number=22
        t=2026-09-22T09:29:10+0200 lvl=warn msg=GetBlockByNumer number=23
        t=2026-09-22T09:29:10+0200 lvl=warn msg=GetBlockByNumer number=24
        t=2026-09-22T09:29:10+0200 lvl=warn msg=GetBlockByNumer number=25
        t=2026-09-22T09:29:10+0200 lvl=warn msg=GetBlockByNumer number=26
        t=2026-09-22T09:29:10+0200 lvl=warn msg=GetBlockByNumer number=27
        t=2026-09-22T09:29:10+0200 lvl=warn msg=GetBlockByNumer number=28
        t=2026-09-22T09:29:10+0200 lvl=warn msg=GetBlockByNumer number=29
        t=2026-09-22T09:29:10+0200 lvl=warn msg=GetBlockByNumer number=30
        t=2026-09-22T09:29:10+0200 lvl=warn msg=GetBlockByNumer number=31
        t=2026-09-22T09:29:10+0200 lvl=warn msg=GetBlockByNumer number=32
        t=2026-09-22T09:29:10+0200 lvl=warn msg=GetBlockByNumer number=33
        t=2026-09-22T09:29:10+0200 lvl=warn msg=GetBlockByNumer number=34
        t=2026-09-22T09:29:10+0200 lvl=warn msg=GetBlockByNumer number=35
        t=2026-09-22T09:29:10+0200 lvl=warn msg=GetBlockByNumer number=36
        t=2026-09-22T09:29:10+0200 lvl=warn msg=GetBlockByNumer number=37
        t=2026-09-22T09:29:10+0200 lvl=warn msg=GetBlockByNumer number=38
        t=2026-09-22T09:29:10+0200 lvl=warn msg=GetBlockByNumer number=39
        t=2026-09-22T09:29:10+0200 lvl=warn msg=GetBlockByNumer number=40
        t=2026-09-22T09:29:10+0200 lvl=warn msg=GetBlockByNumer number=41
        t=2026-09-22T09:29:10+0200 lvl=warn msg=GetBlockByNumer number=42
        t=2026-09-22T09:29:10+0200 lvl=warn msg=GetBlockByNumer number=43
        t=2026-09-22T09:29:10+0200 lvl=warn msg=GetBlockByNumer number=44
        t=2026-09-22T09:29:10+0200 lvl=warn msg=GetBlockByNumer number=45
        t=2026-09-22T09:29:10+0200 lvl=warn msg=GetBlockByNumer number=46
        t=2026-09-22T09:29:10+0200 lvl=warn msg=GetBlockByNumer number=47
        t=2026-09-22T09:29:10+0200 lvl=warn msg=GetBlockByNumer number=1
        t=2026-09-22T09:29:10+0200 lvl=warn msg=GetBlockByNumer number=2
        t=2026-09-22T09:29:10+0200 lvl=warn msg=GetBlockByNumer number=3
        t=2026-09-22T09:29:10+0200 lvl=warn msg=GetBlockByNumer number=4
        t=2026-09-22T09:29:10+0200 lvl=warn msg=GetBlockByNumer number=5
        t=2026-09-22T09:29:10+0200 lvl=warn msg=GetBlockByNumer number=6
        t=2026-09-22T09:29:10+0200 lvl=warn msg=GetBlockByNumer number=7
        t=2026-09-22T09:29:10+0200 lvl=warn msg=GetBlockByNumer number=8
        t=2026-09-22T09:29:10+0200 lvl=warn msg=GetBlockByNumer number=9
        t=2026-09-22T09:29:10+0200 lvl=warn msg=GetBlockByNumer number=10
        t=2026-09-22T09:29:10+0200 lvl=warn msg=GetBlockByNumer number=11
        t=2026-09-22T09:29:10+0200 lvl=warn msg=GetBlockByNumer number=12
        t=2026-09-22T09:29:10+0200 lvl=warn msg=GetBlockByNumer number=13
        t=2026-09-22T09:29:10+0200 lvl=warn msg=GetBlockByNumer number=14
        t=2026-09-22T09:29:10+0200 lvl=warn msg=GetBlockByNumer number=15
        t=2026-09-22T09:29:10+0200 lvl=warn msg=GetBlockByNumer number=16
        t=2026-09-22T09:29:10+0200 lvl=warn msg=GetBlockByNumer number=17
        t=2026-09-22T09:29:10+0200 lvl=warn msg=GetBlockByNumer number=18
        t=2026-09-22T09:29:10+0200 lvl=warn msg=GetBlockByNumer number=19
        t=2026-09-22T09:29:10+0200 lvl=warn msg=GetBlockByNumer number=20
        t=2026-09-22T09:29:10+0200 lvl=warn msg=GetBlockByNumer number=21
        t=2026-09-22T09:29:10+0200 lvl=warn msg=GetBlockByNumer number=22
        t=2026-09-22T09:29:10+0200 lvl=warn msg=GetBlockByNumer number=23
        t=2026-09-22T09:29:10+0200 lvl=warn msg=GetBlockByNumer number=24
        t=2026-09-22T09:29:10+0200 lvl=warn msg=GetBlockByNumer number=25
        t=2026-09-22T09:29:10+0200 lvl=warn msg=GetBlockByNumer number=26
        t=2026-09-22T09:29:10+0200 lvl=warn msg=GetBlockByNumer number=27
        t=2026-09-22T09:29:10+0200 lvl=warn msg=GetBlockByNumer number=28
        t=2026-09-22T09:29:10+0200 lvl=warn msg=GetBlockByNumer number=29
        t=2026-09-22T09:29:10+0200 lvl=warn msg=GetBlockByNumer number=30
        t=2026-09-22T09:29:10+0200 lvl=warn msg=GetBlockByNumer number=31
        t=2026-09-22T09:29:10+0200 lvl=warn msg=GetBlockByNumer number=32
        t=2026-09-22T09:29:10+0200 lvl=warn msg=GetBlockByNumer number=33
        t=2026-09-22T09:29:10+0200 lvl=warn msg=GetBlockByNumer number=34
        t=2026-09-22T09:29:10+0200 lvl=warn msg=GetBlockByNumer number=35
        t=2026-09-22T09:29:10+0200 lvl=warn msg=GetBlockByNumer number=36
        t=2026-09-22T09:29:10+0200 lvl=warn msg=GetBlockByNumer number=37
        t=2026-09-22T09:29:10+0200 lvl=warn msg=GetBlockByNumer number=38
        t=2026-09-22T09:29:10+0200 lvl=warn msg=GetBlockByNumer number=39
        t=2026-09-22T09:29:10+0200 lvl=warn msg=GetBlockByNumer number=40
        t=2026-09-22T09:29:10+0200 lvl=warn msg=GetBlockByNumer number=41
        t=2026-09-22T09:29:10+0200 lvl=warn msg=GetBlockByNumer number=42
        t=2026-09-22T09:29:10+0200 lvl=warn msg=GetBlockByNumer number=43
        t=2026-09-22T09:29:10+0200 lvl=warn msg=GetBlockByNumer number=44
        t=2026-09-22T09:29:10+0200 lvl=warn msg=GetBlockByNumer number=45
        t=2026-09-22T09:29:10+0200 lvl=warn msg=GetBlockByNumer number=46
        t=2026-09-22T09:29:10+0200 lvl=warn msg=GetBlockByNumer number=47
        t=2026-09-22T09:29:10+0200 lvl=warn msg="Failed to load snapshot, regenerating" err="missing or corrupted snapshot journal"
        t=2026-09-22T09:29:10+0200 lvl=warn msg=GetBlockByNumer                         number=1
        t=2026-09-22T09:29:11+0200 lvl=warn msg=GetBlockByNumer                         number=1
        t=2026-09-22T09:29:11+0200 lvl=warn msg=GetBlockByNumer                         number=47
        t=2026-09-22T09:29:11+0200 lvl=warn msg=GetBlockByNumer                         number=1
        t=2026-09-22T09:29:11+0200 lvl=warn msg=GetBlockByNumer                         number=1
        t=2026-09-22T09:29:11+0200 lvl=warn msg=GetBlockByNumer                         number=1
        t=2026-09-22T09:29:11+0200 lvl=warn msg=GetBlockByNumer                         number=47
        t=2026-09-22T09:29:12+0200 lvl=warn msg=GetBlockByNumer                         number=1
        t=2026-09-22T09:29:12+0200 lvl=warn msg=GetBlockByNumer                         number=47
        t=2026-09-22T09:29:16+0200 lvl=warn msg="HOTSTUFF RECOVERY resend NewView"      number=49 viewID=0x8370a5f67b95755ad08437855048b4074ebcd6dc9b9030b10fdf6ee62d92c80a to=127.0.0.1:45502
        t=2026-09-22T09:29:21+0200 lvl=warn msg="HOTSTUFF RECOVERY resend NewView"      number=49 viewID=0x8370a5f67b95755ad08437855048b4074ebcd6dc9b9030b10fdf6ee62d92c80a to=127.0.0.1:45502
        t=2026-09-22T09:29:23+0200 lvl=warn msg="TxQUIC replay or durable lookup rejected packet" remote=127.0.0.1:54803 batch=0xbe290f0adf329baddd1cd5b3b0a0523dc5b348773bb52278b9d338438b16356c err="txquic nonce is below the replay window"
        t=2026-09-22T09:29:23+0200 lvl=warn msg="TxQUIC replay or durable lookup rejected packet" remote=127.0.0.1:54803 batch=0xbe290f0adf329baddd1cd5b3b0a0523dc5b348773bb52278b9d338438b16356c err="txquic nonce is below the replay window"
        t=2026-09-22T09:29:26+0200 lvl=warn msg="HOTSTUFF RECOVERY resend NewView"      number=49 viewID=0x8370a5f67b95755ad08437855048b4074ebcd6dc9b9030b10fdf6ee62d92c80a to=127.0.0.1:45502
        t=2026-09-22T09:29:31+0200 lvl=warn msg="HOTSTUFF RECOVERY resend NewView"      number=49 viewID=0x8370a5f67b95755ad08437855048b4074ebcd6dc9b9030b10fdf6ee62d92c80a to=127.0.0.1:45502
        t=2026-09-22T09:29:36+0200 lvl=warn msg="HOTSTUFF RECOVERY resend NewView"      number=49 viewID=0x8370a5f67b95755ad08437855048b4074ebcd6dc9b9030b10fdf6ee62d92c80a to=127.0.0.1:45502
        t=2026-09-22T09:29:41+0200 lvl=warn msg="HOTSTUFF RECOVERY resend NewView"      number=49 viewID=0x8370a5f67b95755ad08437855048b4074ebcd6dc9b9030b10fdf6ee62d92c80a to=127.0.0.1:45502
        t=2026-09-22T09:29:46+0200 lvl=warn msg="HOTSTUFF RECOVERY resend NewView"      number=49 viewID=0x8370a5f67b95755ad08437855048b4074ebcd6dc9b9030b10fdf6ee62d92c80a to=127.0.0.1:45502
        t=2026-09-22T09:29:51+0200 lvl=warn msg="HOTSTUFF RECOVERY resend NewView"      number=49 viewID=0x8370a5f67b95755ad08437855048b4074ebcd6dc9b9030b10fdf6ee62d92c80a to=127.0.0.1:45502
        t=2026-09-22T09:29:56+0200 lvl=warn msg="HOTSTUFF RECOVERY resend NewView"      number=49 viewID=0x8370a5f67b95755ad08437855048b4074ebcd6dc9b9030b10fdf6ee62d92c80a to=127.0.0.1:45502
        t=2026-09-22T09:30:01+0200 lvl=warn msg="HOTSTUFF RECOVERY resend NewView"      number=49 viewID=0x8370a5f67b95755ad08437855048b4074ebcd6dc9b9030b10fdf6ee62d92c80a to=127.0.0.1:45502
        t=2026-09-22T09:30:06+0200 lvl=warn msg="HOTSTUFF RECOVERY resend NewView"      number=49 viewID=0x8370a5f67b95755ad08437855048b4074ebcd6dc9b9030b10fdf6ee62d92c80a to=127.0.0.1:45502
        t=2026-09-22T09:30:11+0200 lvl=warn msg="HOTSTUFF RECOVERY resend NewView"      number=49 viewID=0x8370a5f67b95755ad08437855048b4074ebcd6dc9b9030b10fdf6ee62d92c80a to=127.0.0.1:45502
        t=2026-09-22T09:30:16+0200 lvl=warn msg="HOTSTUFF RECOVERY resend NewView"      number=49 viewID=0x8370a5f67b95755ad08437855048b4074ebcd6dc9b9030b10fdf6ee62d92c80a to=127.0.0.1:45502
        t=2026-09-22T09:30:21+0200 lvl=warn msg="HOTSTUFF RECOVERY resend NewView"      number=49 viewID=0x8370a5f67b95755ad08437855048b4074ebcd6dc9b9030b10fdf6ee62d92c80a to=127.0.0.1:45502
        t=2026-09-22T09:30:26+0200 lvl=warn msg="HOTSTUFF RECOVERY resend NewView"      number=49 viewID=0x8370a5f67b95755ad08437855048b4074ebcd6dc9b9030b10fdf6ee62d92c80a to=127.0.0.1:45502
        t=2026-09-22T09:30:31+0200 lvl=warn msg="HOTSTUFF RECOVERY resend NewView"      number=49 viewID=0x8370a5f67b95755ad08437855048b4074ebcd6dc9b9030b10fdf6ee62d92c80a to=127.0.0.1:45502
        t=2026-09-22T09:30:36+0200 lvl=warn msg="HOTSTUFF RECOVERY resend NewView"      number=49 viewID=0x8370a5f67b95755ad08437855048b4074ebcd6dc9b9030b10fdf6ee62d92c80a to=127.0.0.1:45502
        t=2026-09-22T09:30:41+0200 lvl=warn msg="HOTSTUFF RECOVERY resend NewView"      number=49 viewID=0x8370a5f67b95755ad08437855048b4074ebcd6dc9b9030b10fdf6ee62d92c80a to=127.0.0.1:45502
        t=2026-09-22T09:30:46+0200 lvl=warn msg="HOTSTUFF RECOVERY resend NewView"      number=49 viewID=0x8370a5f67b95755ad08437855048b4074ebcd6dc9b9030b10fdf6ee62d92c80a to=127.0.0.1:45502
        t=2026-09-22T09:30:51+0200 lvl=warn msg="HOTSTUFF RECOVERY resend NewView"      number=49 viewID=0x8370a5f67b95755ad08437855048b4074ebcd6dc9b9030b10fdf6ee62d92c80a to=127.0.0.1:45502
    fhs_process_recovery_test.go:226: validator 962863 complete log: /tmp/fhs-process-failure-820251207.log
    fhs_process_recovery_test.go:231: validator 962863 log tail:
        t=2026-09-22T09:29:07+0200 lvl=warn msg=GetBlockByNumer number=0
        t=2026-09-22T09:29:07+0200 lvl=warn msg=GetBlockByNumer number=1
        t=2026-09-22T09:29:07+0200 lvl=warn msg=GetBlockByNumer number=2
        t=2026-09-22T09:29:07+0200 lvl=warn msg=GetBlockByNumer number=3
        t=2026-09-22T09:29:07+0200 lvl=warn msg=GetBlockByNumer number=4
        t=2026-09-22T09:29:07+0200 lvl=warn msg=GetBlockByNumer number=5
        t=2026-09-22T09:29:07+0200 lvl=warn msg=GetBlockByNumer number=6
        t=2026-09-22T09:29:07+0200 lvl=warn msg=GetBlockByNumer number=7
        t=2026-09-22T09:29:07+0200 lvl=warn msg=GetBlockByNumer number=8
        t=2026-09-22T09:29:07+0200 lvl=warn msg=GetBlockByNumer number=9
        t=2026-09-22T09:29:07+0200 lvl=warn msg=GetBlockByNumer number=10
        t=2026-09-22T09:29:07+0200 lvl=warn msg=GetBlockByNumer number=11
        t=2026-09-22T09:29:07+0200 lvl=warn msg=GetBlockByNumer number=12
        t=2026-09-22T09:29:07+0200 lvl=warn msg=GetBlockByNumer number=13
        t=2026-09-22T09:29:07+0200 lvl=warn msg=GetBlockByNumer number=14
        t=2026-09-22T09:29:07+0200 lvl=warn msg=GetBlockByNumer number=15
        t=2026-09-22T09:29:07+0200 lvl=warn msg=GetBlockByNumer number=16
        t=2026-09-22T09:29:07+0200 lvl=warn msg=GetBlockByNumer number=17
        t=2026-09-22T09:29:07+0200 lvl=warn msg=GetBlockByNumer number=18
        t=2026-09-22T09:29:07+0200 lvl=warn msg=GetBlockByNumer number=19
        t=2026-09-22T09:29:07+0200 lvl=warn msg=GetBlockByNumer number=20
        t=2026-09-22T09:29:07+0200 lvl=warn msg=GetBlockByNumer number=21
        t=2026-09-22T09:29:07+0200 lvl=warn msg=GetBlockByNumer number=22
        t=2026-09-22T09:29:07+0200 lvl=warn msg=GetBlockByNumer number=23
        t=2026-09-22T09:29:07+0200 lvl=warn msg=GetBlockByNumer number=24
        t=2026-09-22T09:29:07+0200 lvl=warn msg=GetBlockByNumer number=25
        t=2026-09-22T09:29:07+0200 lvl=warn msg=GetBlockByNumer number=26
        t=2026-09-22T09:29:07+0200 lvl=warn msg=GetBlockByNumer number=27
        t=2026-09-22T09:29:07+0200 lvl=warn msg=GetBlockByNumer number=28
        t=2026-09-22T09:29:07+0200 lvl=warn msg=GetBlockByNumer number=29
        t=2026-09-22T09:29:07+0200 lvl=warn msg=GetBlockByNumer number=30
        t=2026-09-22T09:29:07+0200 lvl=warn msg=GetBlockByNumer number=31
        t=2026-09-22T09:29:07+0200 lvl=warn msg=GetBlockByNumer number=32
        t=2026-09-22T09:29:07+0200 lvl=warn msg=GetBlockByNumer number=33
        t=2026-09-22T09:29:07+0200 lvl=warn msg=GetBlockByNumer number=34
        t=2026-09-22T09:29:07+0200 lvl=warn msg=GetBlockByNumer number=35
        t=2026-09-22T09:29:07+0200 lvl=warn msg=GetBlockByNumer number=36
        t=2026-09-22T09:29:07+0200 lvl=warn msg=GetBlockByNumer number=37
        t=2026-09-22T09:29:07+0200 lvl=warn msg=GetBlockByNumer number=38
        t=2026-09-22T09:29:07+0200 lvl=warn msg=GetBlockByNumer number=39
        t=2026-09-22T09:29:07+0200 lvl=warn msg=GetBlockByNumer number=40
        t=2026-09-22T09:29:07+0200 lvl=warn msg=GetBlockByNumer number=41
        t=2026-09-22T09:29:07+0200 lvl=warn msg=GetBlockByNumer number=42
        t=2026-09-22T09:29:07+0200 lvl=warn msg=GetBlockByNumer number=43
        t=2026-09-22T09:29:07+0200 lvl=warn msg=GetBlockByNumer number=44
        t=2026-09-22T09:29:07+0200 lvl=warn msg=GetBlockByNumer number=45
        t=2026-09-22T09:29:07+0200 lvl=warn msg=GetBlockByNumer number=46
        t=2026-09-22T09:29:07+0200 lvl=warn msg=GetBlockByNumer number=47
        t=2026-09-22T09:29:07+0200 lvl=warn msg=GetBlockByNumer number=1
        t=2026-09-22T09:29:07+0200 lvl=warn msg=GetBlockByNumer number=2
        t=2026-09-22T09:29:07+0200 lvl=warn msg=GetBlockByNumer number=3
        t=2026-09-22T09:29:07+0200 lvl=warn msg=GetBlockByNumer number=4
        t=2026-09-22T09:29:07+0200 lvl=warn msg=GetBlockByNumer number=5
        t=2026-09-22T09:29:07+0200 lvl=warn msg=GetBlockByNumer number=6
        t=2026-09-22T09:29:07+0200 lvl=warn msg=GetBlockByNumer number=7
        t=2026-09-22T09:29:07+0200 lvl=warn msg=GetBlockByNumer number=8
        t=2026-09-22T09:29:07+0200 lvl=warn msg=GetBlockByNumer number=9
        t=2026-09-22T09:29:07+0200 lvl=warn msg=GetBlockByNumer number=10
        t=2026-09-22T09:29:07+0200 lvl=warn msg=GetBlockByNumer number=11
        t=2026-09-22T09:29:07+0200 lvl=warn msg=GetBlockByNumer number=12
        t=2026-09-22T09:29:07+0200 lvl=warn msg=GetBlockByNumer number=13
        t=2026-09-22T09:29:07+0200 lvl=warn msg=GetBlockByNumer number=14
        t=2026-09-22T09:29:07+0200 lvl=warn msg=GetBlockByNumer number=15
        t=2026-09-22T09:29:07+0200 lvl=warn msg=GetBlockByNumer number=16
        t=2026-09-22T09:29:07+0200 lvl=warn msg=GetBlockByNumer number=17
        t=2026-09-22T09:29:07+0200 lvl=warn msg=GetBlockByNumer number=18
        t=2026-09-22T09:29:07+0200 lvl=warn msg=GetBlockByNumer number=19
        t=2026-09-22T09:29:07+0200 lvl=warn msg=GetBlockByNumer number=20
        t=2026-09-22T09:29:07+0200 lvl=warn msg=GetBlockByNumer number=21
        t=2026-09-22T09:29:07+0200 lvl=warn msg=GetBlockByNumer number=22
        t=2026-09-22T09:29:07+0200 lvl=warn msg=GetBlockByNumer number=23
        t=2026-09-22T09:29:07+0200 lvl=warn msg=GetBlockByNumer number=24
        t=2026-09-22T09:29:07+0200 lvl=warn msg=GetBlockByNumer number=25
        t=2026-09-22T09:29:07+0200 lvl=warn msg=GetBlockByNumer number=26
        t=2026-09-22T09:29:07+0200 lvl=warn msg=GetBlockByNumer number=27
        t=2026-09-22T09:29:07+0200 lvl=warn msg=GetBlockByNumer number=28
        t=2026-09-22T09:29:07+0200 lvl=warn msg=GetBlockByNumer number=29
        t=2026-09-22T09:29:07+0200 lvl=warn msg=GetBlockByNumer number=30
        t=2026-09-22T09:29:07+0200 lvl=warn msg=GetBlockByNumer number=31
        t=2026-09-22T09:29:07+0200 lvl=warn msg=GetBlockByNumer number=32
        t=2026-09-22T09:29:07+0200 lvl=warn msg=GetBlockByNumer number=33
        t=2026-09-22T09:29:07+0200 lvl=warn msg=GetBlockByNumer number=34
        t=2026-09-22T09:29:07+0200 lvl=warn msg=GetBlockByNumer number=35
        t=2026-09-22T09:29:07+0200 lvl=warn msg=GetBlockByNumer number=36
        t=2026-09-22T09:29:07+0200 lvl=warn msg=GetBlockByNumer number=37
        t=2026-09-22T09:29:07+0200 lvl=warn msg=GetBlockByNumer number=38
        t=2026-09-22T09:29:07+0200 lvl=warn msg=GetBlockByNumer number=39
        t=2026-09-22T09:29:07+0200 lvl=warn msg=GetBlockByNumer number=40
        t=2026-09-22T09:29:07+0200 lvl=warn msg=GetBlockByNumer number=41
        t=2026-09-22T09:29:07+0200 lvl=warn msg=GetBlockByNumer number=42
        t=2026-09-22T09:29:07+0200 lvl=warn msg=GetBlockByNumer number=43
        t=2026-09-22T09:29:07+0200 lvl=warn msg=GetBlockByNumer number=44
        t=2026-09-22T09:29:07+0200 lvl=warn msg=GetBlockByNumer number=45
        t=2026-09-22T09:29:07+0200 lvl=warn msg=GetBlockByNumer number=46
        t=2026-09-22T09:29:07+0200 lvl=warn msg=GetBlockByNumer number=47
        t=2026-09-22T09:29:07+0200 lvl=warn msg="Failed to load snapshot, regenerating" err="missing or corrupted snapshot journal"
        t=2026-09-22T09:29:07+0200 lvl=warn msg=GetBlockByNumer                         number=1
        t=2026-09-22T09:29:11+0200 lvl=warn msg=GetBlockByNumer                         number=1
        t=2026-09-22T09:29:11+0200 lvl=warn msg=GetBlockByNumer                         number=47
        t=2026-09-22T09:29:11+0200 lvl=warn msg=GetBlockByNumer                         number=1
        t=2026-09-22T09:29:11+0200 lvl=warn msg=GetBlockByNumer                         number=1
        t=2026-09-22T09:29:11+0200 lvl=warn msg=GetBlockByNumer                         number=1
        t=2026-09-22T09:29:11+0200 lvl=warn msg=GetBlockByNumer                         number=47
        t=2026-09-22T09:29:12+0200 lvl=warn msg=GetBlockByNumer                         number=1
        t=2026-09-22T09:29:12+0200 lvl=warn msg=GetBlockByNumer                         number=47
        t=2026-09-22T09:29:16+0200 lvl=warn msg="HOTSTUFF RECOVERY resend NewView"      number=49 viewID=0x8370a5f67b95755ad08437855048b4074ebcd6dc9b9030b10fdf6ee62d92c80a to=127.0.0.1:45502
        t=2026-09-22T09:29:21+0200 lvl=warn msg="HOTSTUFF RECOVERY resend NewView"      number=49 viewID=0x8370a5f67b95755ad08437855048b4074ebcd6dc9b9030b10fdf6ee62d92c80a to=127.0.0.1:45502
        t=2026-09-22T09:29:23+0200 lvl=warn msg="TxQUIC replay or durable lookup rejected packet" remote=127.0.0.1:49280 batch=0xbe290f0adf329baddd1cd5b3b0a0523dc5b348773bb52278b9d338438b16356c err="txquic nonce is below the replay window"
        t=2026-09-22T09:29:23+0200 lvl=warn msg="TxQUIC replay or durable lookup rejected packet" remote=127.0.0.1:49280 batch=0xbe290f0adf329baddd1cd5b3b0a0523dc5b348773bb52278b9d338438b16356c err="txquic nonce is below the replay window"
        t=2026-09-22T09:29:26+0200 lvl=warn msg="HOTSTUFF RECOVERY resend NewView"      number=49 viewID=0x8370a5f67b95755ad08437855048b4074ebcd6dc9b9030b10fdf6ee62d92c80a to=127.0.0.1:45502
        t=2026-09-22T09:29:31+0200 lvl=warn msg="HOTSTUFF RECOVERY resend NewView"      number=49 viewID=0x8370a5f67b95755ad08437855048b4074ebcd6dc9b9030b10fdf6ee62d92c80a to=127.0.0.1:45502
        t=2026-09-22T09:29:36+0200 lvl=warn msg="HOTSTUFF RECOVERY resend NewView"      number=49 viewID=0x8370a5f67b95755ad08437855048b4074ebcd6dc9b9030b10fdf6ee62d92c80a to=127.0.0.1:45502
        t=2026-09-22T09:29:41+0200 lvl=warn msg="HOTSTUFF RECOVERY resend NewView"      number=49 viewID=0x8370a5f67b95755ad08437855048b4074ebcd6dc9b9030b10fdf6ee62d92c80a to=127.0.0.1:45502
        t=2026-09-22T09:29:46+0200 lvl=warn msg="HOTSTUFF RECOVERY resend NewView"      number=49 viewID=0x8370a5f67b95755ad08437855048b4074ebcd6dc9b9030b10fdf6ee62d92c80a to=127.0.0.1:45502
        t=2026-09-22T09:29:51+0200 lvl=warn msg="HOTSTUFF RECOVERY resend NewView"      number=49 viewID=0x8370a5f67b95755ad08437855048b4074ebcd6dc9b9030b10fdf6ee62d92c80a to=127.0.0.1:45502
        t=2026-09-22T09:29:56+0200 lvl=warn msg="HOTSTUFF RECOVERY resend NewView"      number=49 viewID=0x8370a5f67b95755ad08437855048b4074ebcd6dc9b9030b10fdf6ee62d92c80a to=127.0.0.1:45502
        t=2026-09-22T09:30:01+0200 lvl=warn msg="HOTSTUFF RECOVERY resend NewView"      number=49 viewID=0x8370a5f67b95755ad08437855048b4074ebcd6dc9b9030b10fdf6ee62d92c80a to=127.0.0.1:45502
        t=2026-09-22T09:30:06+0200 lvl=warn msg="HOTSTUFF RECOVERY resend NewView"      number=49 viewID=0x8370a5f67b95755ad08437855048b4074ebcd6dc9b9030b10fdf6ee62d92c80a to=127.0.0.1:45502
        t=2026-09-22T09:30:11+0200 lvl=warn msg="HOTSTUFF RECOVERY resend NewView"      number=49 viewID=0x8370a5f67b95755ad08437855048b4074ebcd6dc9b9030b10fdf6ee62d92c80a to=127.0.0.1:45502
        t=2026-09-22T09:30:16+0200 lvl=warn msg="HOTSTUFF RECOVERY resend NewView"      number=49 viewID=0x8370a5f67b95755ad08437855048b4074ebcd6dc9b9030b10fdf6ee62d92c80a to=127.0.0.1:45502
        t=2026-09-22T09:30:21+0200 lvl=warn msg="HOTSTUFF RECOVERY resend NewView"      number=49 viewID=0x8370a5f67b95755ad08437855048b4074ebcd6dc9b9030b10fdf6ee62d92c80a to=127.0.0.1:45502
        t=2026-09-22T09:30:26+0200 lvl=warn msg="HOTSTUFF RECOVERY resend NewView"      number=49 viewID=0x8370a5f67b95755ad08437855048b4074ebcd6dc9b9030b10fdf6ee62d92c80a to=127.0.0.1:45502
        t=2026-09-22T09:30:31+0200 lvl=warn msg="HOTSTUFF RECOVERY resend NewView"      number=49 viewID=0x8370a5f67b95755ad08437855048b4074ebcd6dc9b9030b10fdf6ee62d92c80a to=127.0.0.1:45502
        t=2026-09-22T09:30:36+0200 lvl=warn msg="HOTSTUFF RECOVERY resend NewView"      number=49 viewID=0x8370a5f67b95755ad08437855048b4074ebcd6dc9b9030b10fdf6ee62d92c80a to=127.0.0.1:45502
        t=2026-09-22T09:30:41+0200 lvl=warn msg="HOTSTUFF RECOVERY resend NewView"      number=49 viewID=0x8370a5f67b95755ad08437855048b4074ebcd6dc9b9030b10fdf6ee62d92c80a to=127.0.0.1:45502
        t=2026-09-22T09:30:46+0200 lvl=warn msg="HOTSTUFF RECOVERY resend NewView"      number=49 viewID=0x8370a5f67b95755ad08437855048b4074ebcd6dc9b9030b10fdf6ee62d92c80a to=127.0.0.1:45502
        t=2026-09-22T09:30:51+0200 lvl=warn msg="HOTSTUFF RECOVERY resend NewView"      number=49 viewID=0x8370a5f67b95755ad08437855048b4074ebcd6dc9b9030b10fdf6ee62d92c80a to=127.0.0.1:45502
    fhs_process_recovery_test.go:226: validator 962840 complete log: /tmp/fhs-process-failure-3684601818.log
    fhs_process_recovery_test.go:231: validator 962840 log tail:
        t=2026-09-22T09:29:03+0200 lvl=warn msg=GetBlockByNumer number=0
        t=2026-09-22T09:29:03+0200 lvl=warn msg=GetBlockByNumer number=1
        t=2026-09-22T09:29:03+0200 lvl=warn msg=GetBlockByNumer number=2
        t=2026-09-22T09:29:03+0200 lvl=warn msg=GetBlockByNumer number=3
        t=2026-09-22T09:29:03+0200 lvl=warn msg=GetBlockByNumer number=4
        t=2026-09-22T09:29:03+0200 lvl=warn msg=GetBlockByNumer number=5
        t=2026-09-22T09:29:03+0200 lvl=warn msg=GetBlockByNumer number=6
        t=2026-09-22T09:29:03+0200 lvl=warn msg=GetBlockByNumer number=7
        t=2026-09-22T09:29:03+0200 lvl=warn msg=GetBlockByNumer number=8
        t=2026-09-22T09:29:03+0200 lvl=warn msg=GetBlockByNumer number=9
        t=2026-09-22T09:29:03+0200 lvl=warn msg=GetBlockByNumer number=10
        t=2026-09-22T09:29:03+0200 lvl=warn msg=GetBlockByNumer number=11
        t=2026-09-22T09:29:03+0200 lvl=warn msg=GetBlockByNumer number=12
        t=2026-09-22T09:29:03+0200 lvl=warn msg=GetBlockByNumer number=13
        t=2026-09-22T09:29:03+0200 lvl=warn msg=GetBlockByNumer number=14
        t=2026-09-22T09:29:03+0200 lvl=warn msg=GetBlockByNumer number=15
        t=2026-09-22T09:29:03+0200 lvl=warn msg=GetBlockByNumer number=16
        t=2026-09-22T09:29:03+0200 lvl=warn msg=GetBlockByNumer number=17
        t=2026-09-22T09:29:03+0200 lvl=warn msg=GetBlockByNumer number=18
        t=2026-09-22T09:29:03+0200 lvl=warn msg=GetBlockByNumer number=19
        t=2026-09-22T09:29:03+0200 lvl=warn msg=GetBlockByNumer number=20
        t=2026-09-22T09:29:03+0200 lvl=warn msg=GetBlockByNumer number=21
        t=2026-09-22T09:29:03+0200 lvl=warn msg=GetBlockByNumer number=22
        t=2026-09-22T09:29:03+0200 lvl=warn msg=GetBlockByNumer number=23
        t=2026-09-22T09:29:03+0200 lvl=warn msg=GetBlockByNumer number=24
        t=2026-09-22T09:29:03+0200 lvl=warn msg=GetBlockByNumer number=25
        t=2026-09-22T09:29:03+0200 lvl=warn msg=GetBlockByNumer number=26
        t=2026-09-22T09:29:03+0200 lvl=warn msg=GetBlockByNumer number=27
        t=2026-09-22T09:29:03+0200 lvl=warn msg=GetBlockByNumer number=28
        t=2026-09-22T09:29:03+0200 lvl=warn msg=GetBlockByNumer number=29
        t=2026-09-22T09:29:03+0200 lvl=warn msg=GetBlockByNumer number=30
        t=2026-09-22T09:29:03+0200 lvl=warn msg=GetBlockByNumer number=31
        t=2026-09-22T09:29:03+0200 lvl=warn msg=GetBlockByNumer number=32
        t=2026-09-22T09:29:03+0200 lvl=warn msg=GetBlockByNumer number=33
        t=2026-09-22T09:29:03+0200 lvl=warn msg=GetBlockByNumer number=34
        t=2026-09-22T09:29:03+0200 lvl=warn msg=GetBlockByNumer number=35
        t=2026-09-22T09:29:03+0200 lvl=warn msg=GetBlockByNumer number=36
        t=2026-09-22T09:29:03+0200 lvl=warn msg=GetBlockByNumer number=37
        t=2026-09-22T09:29:03+0200 lvl=warn msg=GetBlockByNumer number=38
        t=2026-09-22T09:29:03+0200 lvl=warn msg=GetBlockByNumer number=39
        t=2026-09-22T09:29:03+0200 lvl=warn msg=GetBlockByNumer number=40
        t=2026-09-22T09:29:03+0200 lvl=warn msg=GetBlockByNumer number=41
        t=2026-09-22T09:29:03+0200 lvl=warn msg=GetBlockByNumer number=42
        t=2026-09-22T09:29:03+0200 lvl=warn msg=GetBlockByNumer number=43
        t=2026-09-22T09:29:03+0200 lvl=warn msg=GetBlockByNumer number=44
        t=2026-09-22T09:29:03+0200 lvl=warn msg=GetBlockByNumer number=45
        t=2026-09-22T09:29:03+0200 lvl=warn msg=GetBlockByNumer number=46
        t=2026-09-22T09:29:03+0200 lvl=warn msg=GetBlockByNumer number=47
        t=2026-09-22T09:29:03+0200 lvl=warn msg=GetBlockByNumer number=1
        t=2026-09-22T09:29:03+0200 lvl=warn msg=GetBlockByNumer number=2
        t=2026-09-22T09:29:03+0200 lvl=warn msg=GetBlockByNumer number=3
        t=2026-09-22T09:29:03+0200 lvl=warn msg=GetBlockByNumer number=4
        t=2026-09-22T09:29:03+0200 lvl=warn msg=GetBlockByNumer number=5
        t=2026-09-22T09:29:03+0200 lvl=warn msg=GetBlockByNumer number=6
        t=2026-09-22T09:29:03+0200 lvl=warn msg=GetBlockByNumer number=7
        t=2026-09-22T09:29:03+0200 lvl=warn msg=GetBlockByNumer number=8
        t=2026-09-22T09:29:03+0200 lvl=warn msg=GetBlockByNumer number=9
        t=2026-09-22T09:29:03+0200 lvl=warn msg=GetBlockByNumer number=10
        t=2026-09-22T09:29:03+0200 lvl=warn msg=GetBlockByNumer number=11
        t=2026-09-22T09:29:03+0200 lvl=warn msg=GetBlockByNumer number=12
        t=2026-09-22T09:29:03+0200 lvl=warn msg=GetBlockByNumer number=13
        t=2026-09-22T09:29:03+0200 lvl=warn msg=GetBlockByNumer number=14
        t=2026-09-22T09:29:03+0200 lvl=warn msg=GetBlockByNumer number=15
        t=2026-09-22T09:29:03+0200 lvl=warn msg=GetBlockByNumer number=16
        t=2026-09-22T09:29:03+0200 lvl=warn msg=GetBlockByNumer number=17
        t=2026-09-22T09:29:03+0200 lvl=warn msg=GetBlockByNumer number=18
        t=2026-09-22T09:29:03+0200 lvl=warn msg=GetBlockByNumer number=19
        t=2026-09-22T09:29:03+0200 lvl=warn msg=GetBlockByNumer number=20
        t=2026-09-22T09:29:03+0200 lvl=warn msg=GetBlockByNumer number=21
        t=2026-09-22T09:29:03+0200 lvl=warn msg=GetBlockByNumer number=22
        t=2026-09-22T09:29:03+0200 lvl=warn msg=GetBlockByNumer number=23
        t=2026-09-22T09:29:03+0200 lvl=warn msg=GetBlockByNumer number=24
        t=2026-09-22T09:29:03+0200 lvl=warn msg=GetBlockByNumer number=25
        t=2026-09-22T09:29:03+0200 lvl=warn msg=GetBlockByNumer number=26
        t=2026-09-22T09:29:03+0200 lvl=warn msg=GetBlockByNumer number=27
        t=2026-09-22T09:29:03+0200 lvl=warn msg=GetBlockByNumer number=28
        t=2026-09-22T09:29:03+0200 lvl=warn msg=GetBlockByNumer number=29
        t=2026-09-22T09:29:03+0200 lvl=warn msg=GetBlockByNumer number=30
        t=2026-09-22T09:29:03+0200 lvl=warn msg=GetBlockByNumer number=31
        t=2026-09-22T09:29:03+0200 lvl=warn msg=GetBlockByNumer number=32
        t=2026-09-22T09:29:03+0200 lvl=warn msg=GetBlockByNumer number=33
        t=2026-09-22T09:29:03+0200 lvl=warn msg=GetBlockByNumer number=34
        t=2026-09-22T09:29:03+0200 lvl=warn msg=GetBlockByNumer number=35
        t=2026-09-22T09:29:03+0200 lvl=warn msg=GetBlockByNumer number=36
        t=2026-09-22T09:29:03+0200 lvl=warn msg=GetBlockByNumer number=37
        t=2026-09-22T09:29:03+0200 lvl=warn msg=GetBlockByNumer number=38
        t=2026-09-22T09:29:03+0200 lvl=warn msg=GetBlockByNumer number=39
        t=2026-09-22T09:29:03+0200 lvl=warn msg=GetBlockByNumer number=40
        t=2026-09-22T09:29:03+0200 lvl=warn msg=GetBlockByNumer number=41
        t=2026-09-22T09:29:03+0200 lvl=warn msg=GetBlockByNumer number=42
        t=2026-09-22T09:29:03+0200 lvl=warn msg=GetBlockByNumer number=43
        t=2026-09-22T09:29:03+0200 lvl=warn msg=GetBlockByNumer number=44
        t=2026-09-22T09:29:03+0200 lvl=warn msg=GetBlockByNumer number=45
        t=2026-09-22T09:29:03+0200 lvl=warn msg=GetBlockByNumer number=46
        t=2026-09-22T09:29:03+0200 lvl=warn msg=GetBlockByNumer number=47
        t=2026-09-22T09:29:03+0200 lvl=warn msg="Failed to load snapshot, regenerating" err="missing or corrupted snapshot journal"
        t=2026-09-22T09:29:03+0200 lvl=warn msg=GetBlockByNumer                         number=1
        t=2026-09-22T09:29:11+0200 lvl=warn msg=GetBlockByNumer                         number=1
        t=2026-09-22T09:29:11+0200 lvl=warn msg=GetBlockByNumer                         number=47
        t=2026-09-22T09:29:11+0200 lvl=warn msg=GetBlockByNumer                         number=1
        t=2026-09-22T09:29:11+0200 lvl=eror msg=Connect                                 Could not connect to=127.0.0.1:34267 error="CRYPTO_ERROR 0x150 (remote): tls: internal error"
        t=2026-09-22T09:29:11+0200 lvl=warn msg=GetBlockByNumer                         number=1
        t=2026-09-22T09:29:11+0200 lvl=warn msg=GetBlockByNumer                         number=1
        t=2026-09-22T09:29:11+0200 lvl=warn msg=GetBlockByNumer                         number=47
        t=2026-09-22T09:29:12+0200 lvl=warn msg=GetBlockByNumer                         number=1
        t=2026-09-22T09:29:12+0200 lvl=warn msg=GetBlockByNumer                         number=47
        t=2026-09-22T09:29:16+0200 lvl=warn msg="HOTSTUFF RECOVERY resend NewView"      number=49 viewID=0x8370a5f67b95755ad08437855048b4074ebcd6dc9b9030b10fdf6ee62d92c80a to=127.0.0.1:45502
        t=2026-09-22T09:29:21+0200 lvl=warn msg="HOTSTUFF RECOVERY resend NewView"      number=49 viewID=0x8370a5f67b95755ad08437855048b4074ebcd6dc9b9030b10fdf6ee62d92c80a to=127.0.0.1:45502
        t=2026-09-22T09:29:23+0200 lvl=warn msg="TxQUIC replay or durable lookup rejected packet" remote=127.0.0.1:54500 batch=0xbe290f0adf329baddd1cd5b3b0a0523dc5b348773bb52278b9d338438b16356c err="txquic nonce is below the replay window"
        t=2026-09-22T09:29:23+0200 lvl=warn msg="TxQUIC replay or durable lookup rejected packet" remote=127.0.0.1:54500 batch=0xbe290f0adf329baddd1cd5b3b0a0523dc5b348773bb52278b9d338438b16356c err="txquic nonce is below the replay window"
        t=2026-09-22T09:29:26+0200 lvl=warn msg="HOTSTUFF RECOVERY resend NewView"      number=49 viewID=0x8370a5f67b95755ad08437855048b4074ebcd6dc9b9030b10fdf6ee62d92c80a to=127.0.0.1:45502
        t=2026-09-22T09:29:31+0200 lvl=warn msg="HOTSTUFF RECOVERY resend NewView"      number=49 viewID=0x8370a5f67b95755ad08437855048b4074ebcd6dc9b9030b10fdf6ee62d92c80a to=127.0.0.1:45502
        t=2026-09-22T09:29:36+0200 lvl=warn msg="HOTSTUFF RECOVERY resend NewView"      number=49 viewID=0x8370a5f67b95755ad08437855048b4074ebcd6dc9b9030b10fdf6ee62d92c80a to=127.0.0.1:45502
        t=2026-09-22T09:29:41+0200 lvl=warn msg="HOTSTUFF RECOVERY resend NewView"      number=49 viewID=0x8370a5f67b95755ad08437855048b4074ebcd6dc9b9030b10fdf6ee62d92c80a to=127.0.0.1:45502
        t=2026-09-22T09:29:46+0200 lvl=warn msg="HOTSTUFF RECOVERY resend NewView"      number=49 viewID=0x8370a5f67b95755ad08437855048b4074ebcd6dc9b9030b10fdf6ee62d92c80a to=127.0.0.1:45502
        t=2026-09-22T09:29:51+0200 lvl=warn msg="HOTSTUFF RECOVERY resend NewView"      number=49 viewID=0x8370a5f67b95755ad08437855048b4074ebcd6dc9b9030b10fdf6ee62d92c80a to=127.0.0.1:45502
        t=2026-09-22T09:29:56+0200 lvl=warn msg="HOTSTUFF RECOVERY resend NewView"      number=49 viewID=0x8370a5f67b95755ad08437855048b4074ebcd6dc9b9030b10fdf6ee62d92c80a to=127.0.0.1:45502
        t=2026-09-22T09:30:01+0200 lvl=warn msg="HOTSTUFF RECOVERY resend NewView"      number=49 viewID=0x8370a5f67b95755ad08437855048b4074ebcd6dc9b9030b10fdf6ee62d92c80a to=127.0.0.1:45502
        t=2026-09-22T09:30:06+0200 lvl=warn msg="HOTSTUFF RECOVERY resend NewView"      number=49 viewID=0x8370a5f67b95755ad08437855048b4074ebcd6dc9b9030b10fdf6ee62d92c80a to=127.0.0.1:45502
        t=2026-09-22T09:30:11+0200 lvl=warn msg="HOTSTUFF RECOVERY resend NewView"      number=49 viewID=0x8370a5f67b95755ad08437855048b4074ebcd6dc9b9030b10fdf6ee62d92c80a to=127.0.0.1:45502
        t=2026-09-22T09:30:16+0200 lvl=warn msg="HOTSTUFF RECOVERY resend NewView"      number=49 viewID=0x8370a5f67b95755ad08437855048b4074ebcd6dc9b9030b10fdf6ee62d92c80a to=127.0.0.1:45502
        t=2026-09-22T09:30:21+0200 lvl=warn msg="HOTSTUFF RECOVERY resend NewView"      number=49 viewID=0x8370a5f67b95755ad08437855048b4074ebcd6dc9b9030b10fdf6ee62d92c80a to=127.0.0.1:45502
        t=2026-09-22T09:30:26+0200 lvl=warn msg="HOTSTUFF RECOVERY resend NewView"      number=49 viewID=0x8370a5f67b95755ad08437855048b4074ebcd6dc9b9030b10fdf6ee62d92c80a to=127.0.0.1:45502
        t=2026-09-22T09:30:31+0200 lvl=warn msg="HOTSTUFF RECOVERY resend NewView"      number=49 viewID=0x8370a5f67b95755ad08437855048b4074ebcd6dc9b9030b10fdf6ee62d92c80a to=127.0.0.1:45502
        t=2026-09-22T09:30:36+0200 lvl=warn msg="HOTSTUFF RECOVERY resend NewView"      number=49 viewID=0x8370a5f67b95755ad08437855048b4074ebcd6dc9b9030b10fdf6ee62d92c80a to=127.0.0.1:45502
        t=2026-09-22T09:30:41+0200 lvl=warn msg="HOTSTUFF RECOVERY resend NewView"      number=49 viewID=0x8370a5f67b95755ad08437855048b4074ebcd6dc9b9030b10fdf6ee62d92c80a to=127.0.0.1:45502
        t=2026-09-22T09:30:46+0200 lvl=warn msg="HOTSTUFF RECOVERY resend NewView"      number=49 viewID=0x8370a5f67b95755ad08437855048b4074ebcd6dc9b9030b10fdf6ee62d92c80a to=127.0.0.1:45502
        t=2026-09-22T09:30:51+0200 lvl=warn msg="HOTSTUFF RECOVERY resend NewView"      number=49 viewID=0x8370a5f67b95755ad08437855048b4074ebcd6dc9b9030b10fdf6ee62d92c80a to=127.0.0.1:45502
    fhs_process_recovery_test.go:226: validator 962834 complete log: /tmp/fhs-process-failure-1402094264.log
    fhs_process_recovery_test.go:231: validator 962834 log tail:
        t=2026-09-22T09:28:59+0200 lvl=warn msg=GetBlockByNumer number=0
        t=2026-09-22T09:28:59+0200 lvl=warn msg=GetBlockByNumer number=1
        t=2026-09-22T09:28:59+0200 lvl=warn msg=GetBlockByNumer number=2
        t=2026-09-22T09:28:59+0200 lvl=warn msg=GetBlockByNumer number=3
        t=2026-09-22T09:28:59+0200 lvl=warn msg=GetBlockByNumer number=4
        t=2026-09-22T09:28:59+0200 lvl=warn msg=GetBlockByNumer number=5
        t=2026-09-22T09:28:59+0200 lvl=warn msg=GetBlockByNumer number=6
        t=2026-09-22T09:28:59+0200 lvl=warn msg=GetBlockByNumer number=7
        t=2026-09-22T09:28:59+0200 lvl=warn msg=GetBlockByNumer number=8
        t=2026-09-22T09:28:59+0200 lvl=warn msg=GetBlockByNumer number=9
        t=2026-09-22T09:28:59+0200 lvl=warn msg=GetBlockByNumer number=10
        t=2026-09-22T09:28:59+0200 lvl=warn msg=GetBlockByNumer number=11
        t=2026-09-22T09:28:59+0200 lvl=warn msg=GetBlockByNumer number=12
        t=2026-09-22T09:28:59+0200 lvl=warn msg=GetBlockByNumer number=13
        t=2026-09-22T09:28:59+0200 lvl=warn msg=GetBlockByNumer number=14
        t=2026-09-22T09:28:59+0200 lvl=warn msg=GetBlockByNumer number=15
        t=2026-09-22T09:28:59+0200 lvl=warn msg=GetBlockByNumer number=16
        t=2026-09-22T09:28:59+0200 lvl=warn msg=GetBlockByNumer number=17
        t=2026-09-22T09:28:59+0200 lvl=warn msg=GetBlockByNumer number=18
        t=2026-09-22T09:28:59+0200 lvl=warn msg=GetBlockByNumer number=19
        t=2026-09-22T09:28:59+0200 lvl=warn msg=GetBlockByNumer number=20
        t=2026-09-22T09:28:59+0200 lvl=warn msg=GetBlockByNumer number=21
        t=2026-09-22T09:28:59+0200 lvl=warn msg=GetBlockByNumer number=22
        t=2026-09-22T09:28:59+0200 lvl=warn msg=GetBlockByNumer number=23
        t=2026-09-22T09:28:59+0200 lvl=warn msg=GetBlockByNumer number=24
        t=2026-09-22T09:28:59+0200 lvl=warn msg=GetBlockByNumer number=25
        t=2026-09-22T09:28:59+0200 lvl=warn msg=GetBlockByNumer number=26
        t=2026-09-22T09:28:59+0200 lvl=warn msg=GetBlockByNumer number=27
        t=2026-09-22T09:28:59+0200 lvl=warn msg=GetBlockByNumer number=28
        t=2026-09-22T09:28:59+0200 lvl=warn msg=GetBlockByNumer number=29
        t=2026-09-22T09:28:59+0200 lvl=warn msg=GetBlockByNumer number=30
        t=2026-09-22T09:28:59+0200 lvl=warn msg=GetBlockByNumer number=31
        t=2026-09-22T09:28:59+0200 lvl=warn msg=GetBlockByNumer number=32
        t=2026-09-22T09:28:59+0200 lvl=warn msg=GetBlockByNumer number=33
        t=2026-09-22T09:28:59+0200 lvl=warn msg=GetBlockByNumer number=34
        t=2026-09-22T09:28:59+0200 lvl=warn msg=GetBlockByNumer number=35
        t=2026-09-22T09:28:59+0200 lvl=warn msg=GetBlockByNumer number=36
        t=2026-09-22T09:28:59+0200 lvl=warn msg=GetBlockByNumer number=37
        t=2026-09-22T09:28:59+0200 lvl=warn msg=GetBlockByNumer number=38
        t=2026-09-22T09:28:59+0200 lvl=warn msg=GetBlockByNumer number=39
        t=2026-09-22T09:28:59+0200 lvl=warn msg=GetBlockByNumer number=40
        t=2026-09-22T09:28:59+0200 lvl=warn msg=GetBlockByNumer number=41
        t=2026-09-22T09:28:59+0200 lvl=warn msg=GetBlockByNumer number=42
        t=2026-09-22T09:28:59+0200 lvl=warn msg=GetBlockByNumer number=43
        t=2026-09-22T09:28:59+0200 lvl=warn msg=GetBlockByNumer number=44
        t=2026-09-22T09:28:59+0200 lvl=warn msg=GetBlockByNumer number=45
        t=2026-09-22T09:28:59+0200 lvl=warn msg=GetBlockByNumer number=46
        t=2026-09-22T09:28:59+0200 lvl=warn msg=GetBlockByNumer number=47
        t=2026-09-22T09:28:59+0200 lvl=warn msg=GetBlockByNumer number=1
        t=2026-09-22T09:28:59+0200 lvl=warn msg=GetBlockByNumer number=2
        t=2026-09-22T09:28:59+0200 lvl=warn msg=GetBlockByNumer number=3
        t=2026-09-22T09:28:59+0200 lvl=warn msg=GetBlockByNumer number=4
        t=2026-09-22T09:28:59+0200 lvl=warn msg=GetBlockByNumer number=5
        t=2026-09-22T09:28:59+0200 lvl=warn msg=GetBlockByNumer number=6
        t=2026-09-22T09:28:59+0200 lvl=warn msg=GetBlockByNumer number=7
        t=2026-09-22T09:28:59+0200 lvl=warn msg=GetBlockByNumer number=8
        t=2026-09-22T09:28:59+0200 lvl=warn msg=GetBlockByNumer number=9
        t=2026-09-22T09:28:59+0200 lvl=warn msg=GetBlockByNumer number=10
        t=2026-09-22T09:28:59+0200 lvl=warn msg=GetBlockByNumer number=11
        t=2026-09-22T09:28:59+0200 lvl=warn msg=GetBlockByNumer number=12
        t=2026-09-22T09:28:59+0200 lvl=warn msg=GetBlockByNumer number=13
        t=2026-09-22T09:28:59+0200 lvl=warn msg=GetBlockByNumer number=14
        t=2026-09-22T09:28:59+0200 lvl=warn msg=GetBlockByNumer number=15
        t=2026-09-22T09:28:59+0200 lvl=warn msg=GetBlockByNumer number=16
        t=2026-09-22T09:28:59+0200 lvl=warn msg=GetBlockByNumer number=17
        t=2026-09-22T09:28:59+0200 lvl=warn msg=GetBlockByNumer number=18
        t=2026-09-22T09:28:59+0200 lvl=warn msg=GetBlockByNumer number=19
        t=2026-09-22T09:28:59+0200 lvl=warn msg=GetBlockByNumer number=20
        t=2026-09-22T09:28:59+0200 lvl=warn msg=GetBlockByNumer number=21
        t=2026-09-22T09:28:59+0200 lvl=warn msg=GetBlockByNumer number=22
        t=2026-09-22T09:28:59+0200 lvl=warn msg=GetBlockByNumer number=23
        t=2026-09-22T09:28:59+0200 lvl=warn msg=GetBlockByNumer number=24
        t=2026-09-22T09:28:59+0200 lvl=warn msg=GetBlockByNumer number=25
        t=2026-09-22T09:28:59+0200 lvl=warn msg=GetBlockByNumer number=26
        t=2026-09-22T09:28:59+0200 lvl=warn msg=GetBlockByNumer number=27
        t=2026-09-22T09:28:59+0200 lvl=warn msg=GetBlockByNumer number=28
        t=2026-09-22T09:28:59+0200 lvl=warn msg=GetBlockByNumer number=29
        t=2026-09-22T09:28:59+0200 lvl=warn msg=GetBlockByNumer number=30
        t=2026-09-22T09:28:59+0200 lvl=warn msg=GetBlockByNumer number=31
        t=2026-09-22T09:28:59+0200 lvl=warn msg=GetBlockByNumer number=32
        t=2026-09-22T09:28:59+0200 lvl=warn msg=GetBlockByNumer number=33
        t=2026-09-22T09:28:59+0200 lvl=warn msg=GetBlockByNumer number=34
        t=2026-09-22T09:28:59+0200 lvl=warn msg=GetBlockByNumer number=35
        t=2026-09-22T09:28:59+0200 lvl=warn msg=GetBlockByNumer number=36
        t=2026-09-22T09:28:59+0200 lvl=warn msg=GetBlockByNumer number=37
        t=2026-09-22T09:28:59+0200 lvl=warn msg=GetBlockByNumer number=38
        t=2026-09-22T09:28:59+0200 lvl=warn msg=GetBlockByNumer number=39
        t=2026-09-22T09:28:59+0200 lvl=warn msg=GetBlockByNumer number=40
        t=2026-09-22T09:28:59+0200 lvl=warn msg=GetBlockByNumer number=41
        t=2026-09-22T09:28:59+0200 lvl=warn msg=GetBlockByNumer number=42
        t=2026-09-22T09:28:59+0200 lvl=warn msg=GetBlockByNumer number=43
        t=2026-09-22T09:28:59+0200 lvl=warn msg=GetBlockByNumer number=44
        t=2026-09-22T09:28:59+0200 lvl=warn msg=GetBlockByNumer number=45
        t=2026-09-22T09:28:59+0200 lvl=warn msg=GetBlockByNumer number=46
        t=2026-09-22T09:28:59+0200 lvl=warn msg=GetBlockByNumer number=47
        t=2026-09-22T09:28:59+0200 lvl=warn msg="Failed to load snapshot, regenerating" err="missing or corrupted snapshot journal"
        t=2026-09-22T09:28:59+0200 lvl=warn msg=GetBlockByNumer                         number=1
        t=2026-09-22T09:29:11+0200 lvl=warn msg=GetBlockByNumer                         number=1
        t=2026-09-22T09:29:11+0200 lvl=warn msg=GetBlockByNumer                         number=47
        t=2026-09-22T09:29:11+0200 lvl=warn msg=GetBlockByNumer                         number=1
        t=2026-09-22T09:29:11+0200 lvl=eror msg=Connect                                 Could not connect to=127.0.0.1:46203 error="CRYPTO_ERROR 0x150 (remote): tls: internal error"
        t=2026-09-22T09:29:11+0200 lvl=eror msg=Connect                                 Could not connect to=127.0.0.1:34267 error="CRYPTO_ERROR 0x150 (remote): tls: internal error"
        t=2026-09-22T09:29:11+0200 lvl=eror msg=Connect                                 Could not connect to=127.0.0.1:59100 error="CRYPTO_ERROR 0x150 (remote): tls: internal error"
        t=2026-09-22T09:29:11+0200 lvl=warn msg=GetBlockByNumer                         number=1
        t=2026-09-22T09:29:11+0200 lvl=warn msg=GetBlockByNumer                         number=1
        t=2026-09-22T09:29:11+0200 lvl=warn msg=GetBlockByNumer                         number=47
        t=2026-09-22T09:29:12+0200 lvl=warn msg=GetBlockByNumer                         number=1
        t=2026-09-22T09:29:12+0200 lvl=warn msg=GetBlockByNumer                         number=47
        t=2026-09-22T09:29:16+0200 lvl=warn msg="HOTSTUFF RECOVERY resend NewView"      number=49 viewID=0x8370a5f67b95755ad08437855048b4074ebcd6dc9b9030b10fdf6ee62d92c80a to=127.0.0.1:45502
        t=2026-09-22T09:29:21+0200 lvl=warn msg="HOTSTUFF RECOVERY resend NewView"      number=49 viewID=0x8370a5f67b95755ad08437855048b4074ebcd6dc9b9030b10fdf6ee62d92c80a to=127.0.0.1:45502
        t=2026-09-22T09:29:23+0200 lvl=warn msg="TxQUIC replay or durable lookup rejected packet" remote=127.0.0.1:42241 batch=0xbe290f0adf329baddd1cd5b3b0a0523dc5b348773bb52278b9d338438b16356c err="txquic nonce is below the replay window"
        t=2026-09-22T09:29:23+0200 lvl=warn msg="TxQUIC replay or durable lookup rejected packet" remote=127.0.0.1:42241 batch=0xbe290f0adf329baddd1cd5b3b0a0523dc5b348773bb52278b9d338438b16356c err="txquic nonce is below the replay window"
        t=2026-09-22T09:29:26+0200 lvl=warn msg="HOTSTUFF RECOVERY resend NewView"      number=49 viewID=0x8370a5f67b95755ad08437855048b4074ebcd6dc9b9030b10fdf6ee62d92c80a to=127.0.0.1:45502
        t=2026-09-22T09:29:31+0200 lvl=warn msg="HOTSTUFF RECOVERY resend NewView"      number=49 viewID=0x8370a5f67b95755ad08437855048b4074ebcd6dc9b9030b10fdf6ee62d92c80a to=127.0.0.1:45502
        t=2026-09-22T09:29:36+0200 lvl=warn msg="HOTSTUFF RECOVERY resend NewView"      number=49 viewID=0x8370a5f67b95755ad08437855048b4074ebcd6dc9b9030b10fdf6ee62d92c80a to=127.0.0.1:45502
        t=2026-09-22T09:29:41+0200 lvl=warn msg="HOTSTUFF RECOVERY resend NewView"      number=49 viewID=0x8370a5f67b95755ad08437855048b4074ebcd6dc9b9030b10fdf6ee62d92c80a to=127.0.0.1:45502
        t=2026-09-22T09:29:46+0200 lvl=warn msg="HOTSTUFF RECOVERY resend NewView"      number=49 viewID=0x8370a5f67b95755ad08437855048b4074ebcd6dc9b9030b10fdf6ee62d92c80a to=127.0.0.1:45502
        t=2026-09-22T09:29:51+0200 lvl=warn msg="HOTSTUFF RECOVERY resend NewView"      number=49 viewID=0x8370a5f67b95755ad08437855048b4074ebcd6dc9b9030b10fdf6ee62d92c80a to=127.0.0.1:45502
        t=2026-09-22T09:29:56+0200 lvl=warn msg="HOTSTUFF RECOVERY resend NewView"      number=49 viewID=0x8370a5f67b95755ad08437855048b4074ebcd6dc9b9030b10fdf6ee62d92c80a to=127.0.0.1:45502
        t=2026-09-22T09:30:01+0200 lvl=warn msg="HOTSTUFF RECOVERY resend NewView"      number=49 viewID=0x8370a5f67b95755ad08437855048b4074ebcd6dc9b9030b10fdf6ee62d92c80a to=127.0.0.1:45502
        t=2026-09-22T09:30:06+0200 lvl=warn msg="HOTSTUFF RECOVERY resend NewView"      number=49 viewID=0x8370a5f67b95755ad08437855048b4074ebcd6dc9b9030b10fdf6ee62d92c80a to=127.0.0.1:45502
        t=2026-09-22T09:30:11+0200 lvl=warn msg="HOTSTUFF RECOVERY resend NewView"      number=49 viewID=0x8370a5f67b95755ad08437855048b4074ebcd6dc9b9030b10fdf6ee62d92c80a to=127.0.0.1:45502
        t=2026-09-22T09:30:16+0200 lvl=warn msg="HOTSTUFF RECOVERY resend NewView"      number=49 viewID=0x8370a5f67b95755ad08437855048b4074ebcd6dc9b9030b10fdf6ee62d92c80a to=127.0.0.1:45502
        t=2026-09-22T09:30:21+0200 lvl=warn msg="HOTSTUFF RECOVERY resend NewView"      number=49 viewID=0x8370a5f67b95755ad08437855048b4074ebcd6dc9b9030b10fdf6ee62d92c80a to=127.0.0.1:45502
        t=2026-09-22T09:30:26+0200 lvl=warn msg="HOTSTUFF RECOVERY resend NewView"      number=49 viewID=0x8370a5f67b95755ad08437855048b4074ebcd6dc9b9030b10fdf6ee62d92c80a to=127.0.0.1:45502
        t=2026-09-22T09:30:31+0200 lvl=warn msg="HOTSTUFF RECOVERY resend NewView"      number=49 viewID=0x8370a5f67b95755ad08437855048b4074ebcd6dc9b9030b10fdf6ee62d92c80a to=127.0.0.1:45502
        t=2026-09-22T09:30:36+0200 lvl=warn msg="HOTSTUFF RECOVERY resend NewView"      number=49 viewID=0x8370a5f67b95755ad08437855048b4074ebcd6dc9b9030b10fdf6ee62d92c80a to=127.0.0.1:45502
        t=2026-09-22T09:30:41+0200 lvl=warn msg="HOTSTUFF RECOVERY resend NewView"      number=49 viewID=0x8370a5f67b95755ad08437855048b4074ebcd6dc9b9030b10fdf6ee62d92c80a to=127.0.0.1:45502
        t=2026-09-22T09:30:46+0200 lvl=warn msg="HOTSTUFF RECOVERY resend NewView"      number=49 viewID=0x8370a5f67b95755ad08437855048b4074ebcd6dc9b9030b10fdf6ee62d92c80a to=127.0.0.1:45502
        t=2026-09-22T09:30:51+0200 lvl=warn msg="HOTSTUFF RECOVERY resend NewView"      number=49 viewID=0x8370a5f67b95755ad08437855048b4074ebcd6dc9b9030b10fdf6ee62d92c80a to=127.0.0.1:45502
    fhs_process_recovery_test.go:226: validator 962823 complete log: /tmp/fhs-process-failure-201005632.log
    fhs_process_recovery_test.go:231: validator 962823 log tail:
        t=2026-09-22T09:28:56+0200 lvl=warn msg=GetBlockByNumer number=0
        t=2026-09-22T09:28:56+0200 lvl=warn msg=GetBlockByNumer number=1
        t=2026-09-22T09:28:56+0200 lvl=warn msg=GetBlockByNumer number=2
        t=2026-09-22T09:28:56+0200 lvl=warn msg=GetBlockByNumer number=3
        t=2026-09-22T09:28:56+0200 lvl=warn msg=GetBlockByNumer number=4
        t=2026-09-22T09:28:56+0200 lvl=warn msg=GetBlockByNumer number=5
        t=2026-09-22T09:28:56+0200 lvl=warn msg=GetBlockByNumer number=6
        t=2026-09-22T09:28:56+0200 lvl=warn msg=GetBlockByNumer number=7
        t=2026-09-22T09:28:56+0200 lvl=warn msg=GetBlockByNumer number=8
        t=2026-09-22T09:28:56+0200 lvl=warn msg=GetBlockByNumer number=9
        t=2026-09-22T09:28:56+0200 lvl=warn msg=GetBlockByNumer number=10
        t=2026-09-22T09:28:56+0200 lvl=warn msg=GetBlockByNumer number=11
        t=2026-09-22T09:28:56+0200 lvl=warn msg=GetBlockByNumer number=12
        t=2026-09-22T09:28:56+0200 lvl=warn msg=GetBlockByNumer number=13
        t=2026-09-22T09:28:56+0200 lvl=warn msg=GetBlockByNumer number=14
        t=2026-09-22T09:28:56+0200 lvl=warn msg=GetBlockByNumer number=15
        t=2026-09-22T09:28:56+0200 lvl=warn msg=GetBlockByNumer number=16
        t=2026-09-22T09:28:56+0200 lvl=warn msg=GetBlockByNumer number=17
        t=2026-09-22T09:28:56+0200 lvl=warn msg=GetBlockByNumer number=18
        t=2026-09-22T09:28:56+0200 lvl=warn msg=GetBlockByNumer number=19
        t=2026-09-22T09:28:56+0200 lvl=warn msg=GetBlockByNumer number=20
        t=2026-09-22T09:28:56+0200 lvl=warn msg=GetBlockByNumer number=21
        t=2026-09-22T09:28:56+0200 lvl=warn msg=GetBlockByNumer number=22
        t=2026-09-22T09:28:56+0200 lvl=warn msg=GetBlockByNumer number=23
        t=2026-09-22T09:28:56+0200 lvl=warn msg=GetBlockByNumer number=24
        t=2026-09-22T09:28:56+0200 lvl=warn msg=GetBlockByNumer number=25
        t=2026-09-22T09:28:56+0200 lvl=warn msg=GetBlockByNumer number=26
        t=2026-09-22T09:28:56+0200 lvl=warn msg=GetBlockByNumer number=27
        t=2026-09-22T09:28:56+0200 lvl=warn msg=GetBlockByNumer number=28
        t=2026-09-22T09:28:56+0200 lvl=warn msg=GetBlockByNumer number=29
        t=2026-09-22T09:28:56+0200 lvl=warn msg=GetBlockByNumer number=30
        t=2026-09-22T09:28:56+0200 lvl=warn msg=GetBlockByNumer number=31
        t=2026-09-22T09:28:56+0200 lvl=warn msg=GetBlockByNumer number=32
        t=2026-09-22T09:28:56+0200 lvl=warn msg=GetBlockByNumer number=33
        t=2026-09-22T09:28:56+0200 lvl=warn msg=GetBlockByNumer number=34
        t=2026-09-22T09:28:56+0200 lvl=warn msg=GetBlockByNumer number=35
        t=2026-09-22T09:28:56+0200 lvl=warn msg=GetBlockByNumer number=36
        t=2026-09-22T09:28:56+0200 lvl=warn msg=GetBlockByNumer number=37
        t=2026-09-22T09:28:56+0200 lvl=warn msg=GetBlockByNumer number=38
        t=2026-09-22T09:28:56+0200 lvl=warn msg=GetBlockByNumer number=39
        t=2026-09-22T09:28:56+0200 lvl=warn msg=GetBlockByNumer number=40
        t=2026-09-22T09:28:56+0200 lvl=warn msg=GetBlockByNumer number=41
        t=2026-09-22T09:28:56+0200 lvl=warn msg=GetBlockByNumer number=42
        t=2026-09-22T09:28:56+0200 lvl=warn msg=GetBlockByNumer number=43
        t=2026-09-22T09:28:56+0200 lvl=warn msg=GetBlockByNumer number=44
        t=2026-09-22T09:28:56+0200 lvl=warn msg=GetBlockByNumer number=45
        t=2026-09-22T09:28:56+0200 lvl=warn msg=GetBlockByNumer number=46
        t=2026-09-22T09:28:56+0200 lvl=warn msg=GetBlockByNumer number=47
        t=2026-09-22T09:28:56+0200 lvl=warn msg=GetBlockByNumer number=1
        t=2026-09-22T09:28:56+0200 lvl=warn msg=GetBlockByNumer number=2
        t=2026-09-22T09:28:56+0200 lvl=warn msg=GetBlockByNumer number=3
        t=2026-09-22T09:28:56+0200 lvl=warn msg=GetBlockByNumer number=4
        t=2026-09-22T09:28:56+0200 lvl=warn msg=GetBlockByNumer number=5
        t=2026-09-22T09:28:56+0200 lvl=warn msg=GetBlockByNumer number=6
        t=2026-09-22T09:28:56+0200 lvl=warn msg=GetBlockByNumer number=7
        t=2026-09-22T09:28:56+0200 lvl=warn msg=GetBlockByNumer number=8
        t=2026-09-22T09:28:56+0200 lvl=warn msg=GetBlockByNumer number=9
        t=2026-09-22T09:28:56+0200 lvl=warn msg=GetBlockByNumer number=10
        t=2026-09-22T09:28:56+0200 lvl=warn msg=GetBlockByNumer number=11
        t=2026-09-22T09:28:56+0200 lvl=warn msg=GetBlockByNumer number=12
        t=2026-09-22T09:28:56+0200 lvl=warn msg=GetBlockByNumer number=13
        t=2026-09-22T09:28:56+0200 lvl=warn msg=GetBlockByNumer number=14
        t=2026-09-22T09:28:56+0200 lvl=warn msg=GetBlockByNumer number=15
        t=2026-09-22T09:28:56+0200 lvl=warn msg=GetBlockByNumer number=16
        t=2026-09-22T09:28:56+0200 lvl=warn msg=GetBlockByNumer number=17
        t=2026-09-22T09:28:56+0200 lvl=warn msg=GetBlockByNumer number=18
        t=2026-09-22T09:28:56+0200 lvl=warn msg=GetBlockByNumer number=19
        t=2026-09-22T09:28:56+0200 lvl=warn msg=GetBlockByNumer number=20
        t=2026-09-22T09:28:56+0200 lvl=warn msg=GetBlockByNumer number=21
        t=2026-09-22T09:28:56+0200 lvl=warn msg=GetBlockByNumer number=22
        t=2026-09-22T09:28:56+0200 lvl=warn msg=GetBlockByNumer number=23
        t=2026-09-22T09:28:56+0200 lvl=warn msg=GetBlockByNumer number=24
        t=2026-09-22T09:28:56+0200 lvl=warn msg=GetBlockByNumer number=25
        t=2026-09-22T09:28:56+0200 lvl=warn msg=GetBlockByNumer number=26
        t=2026-09-22T09:28:56+0200 lvl=warn msg=GetBlockByNumer number=27
        t=2026-09-22T09:28:56+0200 lvl=warn msg=GetBlockByNumer number=28
        t=2026-09-22T09:28:56+0200 lvl=warn msg=GetBlockByNumer number=29
        t=2026-09-22T09:28:56+0200 lvl=warn msg=GetBlockByNumer number=30
        t=2026-09-22T09:28:56+0200 lvl=warn msg=GetBlockByNumer number=31
        t=2026-09-22T09:28:56+0200 lvl=warn msg=GetBlockByNumer number=32
        t=2026-09-22T09:28:56+0200 lvl=warn msg=GetBlockByNumer number=33
        t=2026-09-22T09:28:56+0200 lvl=warn msg=GetBlockByNumer number=34
        t=2026-09-22T09:28:56+0200 lvl=warn msg=GetBlockByNumer number=35
        t=2026-09-22T09:28:56+0200 lvl=warn msg=GetBlockByNumer number=36
        t=2026-09-22T09:28:56+0200 lvl=warn msg=GetBlockByNumer number=37
        t=2026-09-22T09:28:56+0200 lvl=warn msg=GetBlockByNumer number=38
        t=2026-09-22T09:28:56+0200 lvl=warn msg=GetBlockByNumer number=39
        t=2026-09-22T09:28:56+0200 lvl=warn msg=GetBlockByNumer number=40
        t=2026-09-22T09:28:56+0200 lvl=warn msg=GetBlockByNumer number=41
        t=2026-09-22T09:28:56+0200 lvl=warn msg=GetBlockByNumer number=42
        t=2026-09-22T09:28:56+0200 lvl=warn msg=GetBlockByNumer number=43
        t=2026-09-22T09:28:56+0200 lvl=warn msg=GetBlockByNumer number=44
        t=2026-09-22T09:28:56+0200 lvl=warn msg=GetBlockByNumer number=45
        t=2026-09-22T09:28:56+0200 lvl=warn msg=GetBlockByNumer number=46
        t=2026-09-22T09:28:56+0200 lvl=warn msg=GetBlockByNumer number=47
        t=2026-09-22T09:28:56+0200 lvl=warn msg="Failed to load snapshot, regenerating" err="missing or corrupted snapshot journal"
        t=2026-09-22T09:28:56+0200 lvl=warn msg=GetBlockByNumer                         number=1
        t=2026-09-22T09:29:11+0200 lvl=warn msg=GetBlockByNumer                         number=1
        t=2026-09-22T09:29:11+0200 lvl=warn msg=GetBlockByNumer                         number=47
        t=2026-09-22T09:29:11+0200 lvl=warn msg=GetBlockByNumer                         number=1
        t=2026-09-22T09:29:11+0200 lvl=eror msg=Connect                                 Could not connect to=127.0.0.1:46203 error="CRYPTO_ERROR 0x150 (remote): tls: internal error"
        t=2026-09-22T09:29:11+0200 lvl=eror msg=Connect                                 Could not connect to=127.0.0.1:59100 error="CRYPTO_ERROR 0x150 (remote): tls: internal error"
        t=2026-09-22T09:29:11+0200 lvl=eror msg=Connect                                 Could not connect to=127.0.0.1:33198 error="CRYPTO_ERROR 0x150 (remote): tls: internal error"
        t=2026-09-22T09:29:11+0200 lvl=eror msg=Connect                                 Could not connect to=127.0.0.1:34267 error="CRYPTO_ERROR 0x150 (remote): tls: internal error"
        t=2026-09-22T09:29:11+0200 lvl=warn msg=GetBlockByNumer                         number=1
        t=2026-09-22T09:29:11+0200 lvl=warn msg=GetBlockByNumer                         number=1
        t=2026-09-22T09:29:11+0200 lvl=warn msg=GetBlockByNumer                         number=47
        t=2026-09-22T09:29:12+0200 lvl=warn msg=GetBlockByNumer                         number=1
        t=2026-09-22T09:29:12+0200 lvl=warn msg=GetBlockByNumer                         number=47
        t=2026-09-22T09:29:16+0200 lvl=warn msg="HOTSTUFF RECOVERY resend NewView"      number=49 viewID=0x8370a5f67b95755ad08437855048b4074ebcd6dc9b9030b10fdf6ee62d92c80a to=127.0.0.1:45502
        t=2026-09-22T09:29:21+0200 lvl=warn msg="HOTSTUFF RECOVERY resend NewView"      number=49 viewID=0x8370a5f67b95755ad08437855048b4074ebcd6dc9b9030b10fdf6ee62d92c80a to=127.0.0.1:45502
        t=2026-09-22T09:29:23+0200 lvl=warn msg="TxQUIC replay or durable lookup rejected packet" remote=127.0.0.1:57613 batch=0xbe290f0adf329baddd1cd5b3b0a0523dc5b348773bb52278b9d338438b16356c err="txquic nonce is below the replay window"
        t=2026-09-22T09:29:23+0200 lvl=warn msg="TxQUIC replay or durable lookup rejected packet" remote=127.0.0.1:57613 batch=0xbe290f0adf329baddd1cd5b3b0a0523dc5b348773bb52278b9d338438b16356c err="txquic nonce is below the replay window"
        t=2026-09-22T09:29:26+0200 lvl=warn msg="HOTSTUFF RECOVERY resend NewView"      number=49 viewID=0x8370a5f67b95755ad08437855048b4074ebcd6dc9b9030b10fdf6ee62d92c80a to=127.0.0.1:45502
        t=2026-09-22T09:29:31+0200 lvl=warn msg="HOTSTUFF RECOVERY resend NewView"      number=49 viewID=0x8370a5f67b95755ad08437855048b4074ebcd6dc9b9030b10fdf6ee62d92c80a to=127.0.0.1:45502
        t=2026-09-22T09:29:36+0200 lvl=warn msg="HOTSTUFF RECOVERY resend NewView"      number=49 viewID=0x8370a5f67b95755ad08437855048b4074ebcd6dc9b9030b10fdf6ee62d92c80a to=127.0.0.1:45502
        t=2026-09-22T09:29:41+0200 lvl=warn msg="HOTSTUFF RECOVERY resend NewView"      number=49 viewID=0x8370a5f67b95755ad08437855048b4074ebcd6dc9b9030b10fdf6ee62d92c80a to=127.0.0.1:45502
        t=2026-09-22T09:29:46+0200 lvl=warn msg="HOTSTUFF RECOVERY resend NewView"      number=49 viewID=0x8370a5f67b95755ad08437855048b4074ebcd6dc9b9030b10fdf6ee62d92c80a to=127.0.0.1:45502
        t=2026-09-22T09:29:51+0200 lvl=warn msg="HOTSTUFF RECOVERY resend NewView"      number=49 viewID=0x8370a5f67b95755ad08437855048b4074ebcd6dc9b9030b10fdf6ee62d92c80a to=127.0.0.1:45502
        t=2026-09-22T09:29:56+0200 lvl=warn msg="HOTSTUFF RECOVERY resend NewView"      number=49 viewID=0x8370a5f67b95755ad08437855048b4074ebcd6dc9b9030b10fdf6ee62d92c80a to=127.0.0.1:45502
        t=2026-09-22T09:30:01+0200 lvl=warn msg="HOTSTUFF RECOVERY resend NewView"      number=49 viewID=0x8370a5f67b95755ad08437855048b4074ebcd6dc9b9030b10fdf6ee62d92c80a to=127.0.0.1:45502
        t=2026-09-22T09:30:06+0200 lvl=warn msg="HOTSTUFF RECOVERY resend NewView"      number=49 viewID=0x8370a5f67b95755ad08437855048b4074ebcd6dc9b9030b10fdf6ee62d92c80a to=127.0.0.1:45502
        t=2026-09-22T09:30:11+0200 lvl=warn msg="HOTSTUFF RECOVERY resend NewView"      number=49 viewID=0x8370a5f67b95755ad08437855048b4074ebcd6dc9b9030b10fdf6ee62d92c80a to=127.0.0.1:45502
        t=2026-09-22T09:30:16+0200 lvl=warn msg="HOTSTUFF RECOVERY resend NewView"      number=49 viewID=0x8370a5f67b95755ad08437855048b4074ebcd6dc9b9030b10fdf6ee62d92c80a to=127.0.0.1:45502
        t=2026-09-22T09:30:21+0200 lvl=warn msg="HOTSTUFF RECOVERY resend NewView"      number=49 viewID=0x8370a5f67b95755ad08437855048b4074ebcd6dc9b9030b10fdf6ee62d92c80a to=127.0.0.1:45502
        t=2026-09-22T09:30:26+0200 lvl=warn msg="HOTSTUFF RECOVERY resend NewView"      number=49 viewID=0x8370a5f67b95755ad08437855048b4074ebcd6dc9b9030b10fdf6ee62d92c80a to=127.0.0.1:45502
        t=2026-09-22T09:30:31+0200 lvl=warn msg="HOTSTUFF RECOVERY resend NewView"      number=49 viewID=0x8370a5f67b95755ad08437855048b4074ebcd6dc9b9030b10fdf6ee62d92c80a to=127.0.0.1:45502
        t=2026-09-22T09:30:36+0200 lvl=warn msg="HOTSTUFF RECOVERY resend NewView"      number=49 viewID=0x8370a5f67b95755ad08437855048b4074ebcd6dc9b9030b10fdf6ee62d92c80a to=127.0.0.1:45502
        t=2026-09-22T09:30:41+0200 lvl=warn msg="HOTSTUFF RECOVERY resend NewView"      number=49 viewID=0x8370a5f67b95755ad08437855048b4074ebcd6dc9b9030b10fdf6ee62d92c80a to=127.0.0.1:45502
        t=2026-09-22T09:30:46+0200 lvl=warn msg="HOTSTUFF RECOVERY resend NewView"      number=49 viewID=0x8370a5f67b95755ad08437855048b4074ebcd6dc9b9030b10fdf6ee62d92c80a to=127.0.0.1:45502
        t=2026-09-22T09:30:51+0200 lvl=warn msg="HOTSTUFF RECOVERY resend NewView"      number=49 viewID=0x8370a5f67b95755ad08437855048b4074ebcd6dc9b9030b10fdf6ee62d92c80a to=127.0.0.1:45502
    fhs_process_recovery_test.go:226: validator 962748 complete log: /tmp/fhs-process-failure-1025405488.log
    fhs_process_recovery_test.go:231: validator 962748 log tail:
        t=2026-09-22T09:28:52+0200 lvl=warn msg=GetBlockByNumer number=0
        t=2026-09-22T09:28:52+0200 lvl=warn msg=GetBlockByNumer number=1
        t=2026-09-22T09:28:52+0200 lvl=warn msg=GetBlockByNumer number=2
        t=2026-09-22T09:28:52+0200 lvl=warn msg=GetBlockByNumer number=3
        t=2026-09-22T09:28:52+0200 lvl=warn msg=GetBlockByNumer number=4
        t=2026-09-22T09:28:52+0200 lvl=warn msg=GetBlockByNumer number=5
        t=2026-09-22T09:28:52+0200 lvl=warn msg=GetBlockByNumer number=6
        t=2026-09-22T09:28:52+0200 lvl=warn msg=GetBlockByNumer number=7
        t=2026-09-22T09:28:52+0200 lvl=warn msg=GetBlockByNumer number=8
        t=2026-09-22T09:28:52+0200 lvl=warn msg=GetBlockByNumer number=9
        t=2026-09-22T09:28:52+0200 lvl=warn msg=GetBlockByNumer number=10
        t=2026-09-22T09:28:52+0200 lvl=warn msg=GetBlockByNumer number=11
        t=2026-09-22T09:28:52+0200 lvl=warn msg=GetBlockByNumer number=12
        t=2026-09-22T09:28:52+0200 lvl=warn msg=GetBlockByNumer number=13
        t=2026-09-22T09:28:52+0200 lvl=warn msg=GetBlockByNumer number=14
        t=2026-09-22T09:28:52+0200 lvl=warn msg=GetBlockByNumer number=15
        t=2026-09-22T09:28:52+0200 lvl=warn msg=GetBlockByNumer number=16
        t=2026-09-22T09:28:52+0200 lvl=warn msg=GetBlockByNumer number=17
        t=2026-09-22T09:28:52+0200 lvl=warn msg=GetBlockByNumer number=18
        t=2026-09-22T09:28:52+0200 lvl=warn msg=GetBlockByNumer number=19
        t=2026-09-22T09:28:52+0200 lvl=warn msg=GetBlockByNumer number=20
        t=2026-09-22T09:28:52+0200 lvl=warn msg=GetBlockByNumer number=21
        t=2026-09-22T09:28:52+0200 lvl=warn msg=GetBlockByNumer number=22
        t=2026-09-22T09:28:52+0200 lvl=warn msg=GetBlockByNumer number=23
        t=2026-09-22T09:28:52+0200 lvl=warn msg=GetBlockByNumer number=24
        t=2026-09-22T09:28:52+0200 lvl=warn msg=GetBlockByNumer number=25
        t=2026-09-22T09:28:52+0200 lvl=warn msg=GetBlockByNumer number=26
        t=2026-09-22T09:28:52+0200 lvl=warn msg=GetBlockByNumer number=27
        t=2026-09-22T09:28:52+0200 lvl=warn msg=GetBlockByNumer number=28
        t=2026-09-22T09:28:52+0200 lvl=warn msg=GetBlockByNumer number=29
        t=2026-09-22T09:28:52+0200 lvl=warn msg=GetBlockByNumer number=30
        t=2026-09-22T09:28:52+0200 lvl=warn msg=GetBlockByNumer number=31
        t=2026-09-22T09:28:52+0200 lvl=warn msg=GetBlockByNumer number=32
        t=2026-09-22T09:28:52+0200 lvl=warn msg=GetBlockByNumer number=33
        t=2026-09-22T09:28:52+0200 lvl=warn msg=GetBlockByNumer number=34
        t=2026-09-22T09:28:52+0200 lvl=warn msg=GetBlockByNumer number=35
        t=2026-09-22T09:28:52+0200 lvl=warn msg=GetBlockByNumer number=36
        t=2026-09-22T09:28:52+0200 lvl=warn msg=GetBlockByNumer number=37
        t=2026-09-22T09:28:52+0200 lvl=warn msg=GetBlockByNumer number=38
        t=2026-09-22T09:28:52+0200 lvl=warn msg=GetBlockByNumer number=39
        t=2026-09-22T09:28:52+0200 lvl=warn msg=GetBlockByNumer number=40
        t=2026-09-22T09:28:52+0200 lvl=warn msg=GetBlockByNumer number=41
        t=2026-09-22T09:28:52+0200 lvl=warn msg=GetBlockByNumer number=42
        t=2026-09-22T09:28:52+0200 lvl=warn msg=GetBlockByNumer number=43
        t=2026-09-22T09:28:52+0200 lvl=warn msg=GetBlockByNumer number=44
        t=2026-09-22T09:28:52+0200 lvl=warn msg=GetBlockByNumer number=45
        t=2026-09-22T09:28:52+0200 lvl=warn msg=GetBlockByNumer number=46
        t=2026-09-22T09:28:52+0200 lvl=warn msg=GetBlockByNumer number=47
        t=2026-09-22T09:28:52+0200 lvl=warn msg=GetBlockByNumer number=1
        t=2026-09-22T09:28:52+0200 lvl=warn msg=GetBlockByNumer number=2
        t=2026-09-22T09:28:52+0200 lvl=warn msg=GetBlockByNumer number=3
        t=2026-09-22T09:28:52+0200 lvl=warn msg=GetBlockByNumer number=4
        t=2026-09-22T09:28:52+0200 lvl=warn msg=GetBlockByNumer number=5
        t=2026-09-22T09:28:52+0200 lvl=warn msg=GetBlockByNumer number=6
        t=2026-09-22T09:28:52+0200 lvl=warn msg=GetBlockByNumer number=7
        t=2026-09-22T09:28:52+0200 lvl=warn msg=GetBlockByNumer number=8
        t=2026-09-22T09:28:52+0200 lvl=warn msg=GetBlockByNumer number=9
        t=2026-09-22T09:28:52+0200 lvl=warn msg=GetBlockByNumer number=10
        t=2026-09-22T09:28:52+0200 lvl=warn msg=GetBlockByNumer number=11
        t=2026-09-22T09:28:52+0200 lvl=warn msg=GetBlockByNumer number=12
        t=2026-09-22T09:28:52+0200 lvl=warn msg=GetBlockByNumer number=13
        t=2026-09-22T09:28:52+0200 lvl=warn msg=GetBlockByNumer number=14
        t=2026-09-22T09:28:52+0200 lvl=warn msg=GetBlockByNumer number=15
        t=2026-09-22T09:28:52+0200 lvl=warn msg=GetBlockByNumer number=16
        t=2026-09-22T09:28:52+0200 lvl=warn msg=GetBlockByNumer number=17
        t=2026-09-22T09:28:52+0200 lvl=warn msg=GetBlockByNumer number=18
        t=2026-09-22T09:28:52+0200 lvl=warn msg=GetBlockByNumer number=19
        t=2026-09-22T09:28:52+0200 lvl=warn msg=GetBlockByNumer number=20
        t=2026-09-22T09:28:52+0200 lvl=warn msg=GetBlockByNumer number=21
        t=2026-09-22T09:28:52+0200 lvl=warn msg=GetBlockByNumer number=22
        t=2026-09-22T09:28:52+0200 lvl=warn msg=GetBlockByNumer number=23
        t=2026-09-22T09:28:52+0200 lvl=warn msg=GetBlockByNumer number=24
        t=2026-09-22T09:28:52+0200 lvl=warn msg=GetBlockByNumer number=25
        t=2026-09-22T09:28:52+0200 lvl=warn msg=GetBlockByNumer number=26
        t=2026-09-22T09:28:52+0200 lvl=warn msg=GetBlockByNumer number=27
        t=2026-09-22T09:28:52+0200 lvl=warn msg=GetBlockByNumer number=28
        t=2026-09-22T09:28:52+0200 lvl=warn msg=GetBlockByNumer number=29
        t=2026-09-22T09:28:52+0200 lvl=warn msg=GetBlockByNumer number=30
        t=2026-09-22T09:28:52+0200 lvl=warn msg=GetBlockByNumer number=31
        t=2026-09-22T09:28:52+0200 lvl=warn msg=GetBlockByNumer number=32
        t=2026-09-22T09:28:52+0200 lvl=warn msg=GetBlockByNumer number=33
        t=2026-09-22T09:28:52+0200 lvl=warn msg=GetBlockByNumer number=34
        t=2026-09-22T09:28:52+0200 lvl=warn msg=GetBlockByNumer number=35
        t=2026-09-22T09:28:52+0200 lvl=warn msg=GetBlockByNumer number=36
        t=2026-09-22T09:28:52+0200 lvl=warn msg=GetBlockByNumer number=37
        t=2026-09-22T09:28:52+0200 lvl=warn msg=GetBlockByNumer number=38
        t=2026-09-22T09:28:52+0200 lvl=warn msg=GetBlockByNumer number=39
        t=2026-09-22T09:28:52+0200 lvl=warn msg=GetBlockByNumer number=40
        t=2026-09-22T09:28:52+0200 lvl=warn msg=GetBlockByNumer number=41
        t=2026-09-22T09:28:52+0200 lvl=warn msg=GetBlockByNumer number=42
        t=2026-09-22T09:28:52+0200 lvl=warn msg=GetBlockByNumer number=43
        t=2026-09-22T09:28:52+0200 lvl=warn msg=GetBlockByNumer number=44
        t=2026-09-22T09:28:52+0200 lvl=warn msg=GetBlockByNumer number=45
        t=2026-09-22T09:28:52+0200 lvl=warn msg=GetBlockByNumer number=46
        t=2026-09-22T09:28:52+0200 lvl=warn msg=GetBlockByNumer number=47
        t=2026-09-22T09:28:52+0200 lvl=warn msg="Failed to load snapshot, regenerating" err="missing or corrupted snapshot journal"
        t=2026-09-22T09:28:52+0200 lvl=warn msg=GetBlockByNumer                         number=1
        t=2026-09-22T09:29:10+0200 lvl=warn msg=GetBlockByNumer                         number=1
        t=2026-09-22T09:29:10+0200 lvl=warn msg=GetBlockByNumer                         number=47
        t=2026-09-22T09:29:11+0200 lvl=warn msg=GetBlockByNumer                         number=1
        t=2026-09-22T09:29:11+0200 lvl=eror msg=Connect                                 Could not connect to=127.0.0.1:34267 error="CRYPTO_ERROR 0x150 (remote): tls: internal error"
        t=2026-09-22T09:29:11+0200 lvl=warn msg=SendRawData                             couldn't send to=127.0.0.1:34267 error="CRYPTO_ERROR 0x150 (remote): tls: internal error"
        t=2026-09-22T09:29:11+0200 lvl=eror msg=Connect                                 Could not connect to=127.0.0.1:33198 error="CRYPTO_ERROR 0x150 (remote): tls: internal error"
        t=2026-09-22T09:29:11+0200 lvl=eror msg=Connect                                 Could not connect to=127.0.0.1:34267 error="CRYPTO_ERROR 0x150 (remote): tls: internal error"
        t=2026-09-22T09:29:11+0200 lvl=eror msg=Connect                                 Could not connect to=127.0.0.1:46203 error="CRYPTO_ERROR 0x150 (remote): tls: internal error"
        t=2026-09-22T09:29:11+0200 lvl=warn msg=SendRawData                             couldn't send to=127.0.0.1:46203 error="CRYPTO_ERROR 0x150 (remote): tls: internal error"
        t=2026-09-22T09:29:11+0200 lvl=eror msg=Connect                                 Could not connect to=127.0.0.1:46203 error="CRYPTO_ERROR 0x150 (remote): tls: internal error"
        t=2026-09-22T09:29:11+0200 lvl=eror msg=Connect                                 Could not connect to=127.0.0.1:59100 error="CRYPTO_ERROR 0x150 (remote): tls: internal error"
        t=2026-09-22T09:29:11+0200 lvl=eror msg=Connect                                 Could not connect to=127.0.0.1:45502 error="CRYPTO_ERROR 0x150 (remote): tls: internal error"
        t=2026-09-22T09:29:11+0200 lvl=warn msg=SendRawData                             couldn't send to=127.0.0.1:45502 error="CRYPTO_ERROR 0x150 (remote): tls: internal error"
        t=2026-09-22T09:29:11+0200 lvl=eror msg=Connect                                 Could not connect to=127.0.0.1:45502 error="CRYPTO_ERROR 0x150 (remote): tls: internal error"
        t=2026-09-22T09:29:11+0200 lvl=eror msg=Connect                                 Could not connect to=127.0.0.1:33198 error="CRYPTO_ERROR 0x150 (remote): tls: internal error"
        t=2026-09-22T09:29:11+0200 lvl=warn msg=SendRawData                             couldn't send to=127.0.0.1:33198 error="CRYPTO_ERROR 0x150 (remote): tls: internal error"
        t=2026-09-22T09:29:11+0200 lvl=eror msg=Connect                                 Could not connect to=127.0.0.1:59100 error="CRYPTO_ERROR 0x150 (remote): tls: internal error"
        t=2026-09-22T09:29:11+0200 lvl=warn msg=SendRawData                             couldn't send to=127.0.0.1:59100 error="CRYPTO_ERROR 0x150 (remote): tls: internal error"
        t=2026-09-22T09:29:11+0200 lvl=eror msg=Connect                                 Could not connect to=127.0.0.1:46203 error="CRYPTO_ERROR 0x150 (remote): tls: internal error"
        t=2026-09-22T09:29:11+0200 lvl=warn msg=SendRawData                             couldn't send to=127.0.0.1:46203 error="CRYPTO_ERROR 0x150 (remote): tls: internal error"
        t=2026-09-22T09:29:11+0200 lvl=eror msg=Connect                                 Could not connect to=127.0.0.1:34267 error="CRYPTO_ERROR 0x150 (remote): tls: internal error"
        t=2026-09-22T09:29:11+0200 lvl=warn msg=SendRawData                             couldn't send to=127.0.0.1:34267 error="CRYPTO_ERROR 0x150 (remote): tls: internal error"
        t=2026-09-22T09:29:11+0200 lvl=eror msg=Connect                                 Could not connect to=127.0.0.1:33198 error="CRYPTO_ERROR 0x150 (remote): tls: internal error"
        t=2026-09-22T09:29:11+0200 lvl=warn msg=SendRawData                             couldn't send to=127.0.0.1:33198 error="CRYPTO_ERROR 0x150 (remote): tls: internal error"
        t=2026-09-22T09:29:11+0200 lvl=eror msg=Connect                                 Could not connect to=127.0.0.1:59100 error="CRYPTO_ERROR 0x150 (remote): tls: internal error"
        t=2026-09-22T09:29:11+0200 lvl=warn msg=SendRawData                             couldn't send to=127.0.0.1:59100 error="CRYPTO_ERROR 0x150 (remote): tls: internal error"
        t=2026-09-22T09:29:11+0200 lvl=eror msg=Connect                                 Could not connect to=127.0.0.1:33198 error="CRYPTO_ERROR 0x150 (remote): tls: internal error"
        t=2026-09-22T09:29:11+0200 lvl=warn msg=SendRawData                             couldn't send to=127.0.0.1:33198 error="CRYPTO_ERROR 0x150 (remote): tls: internal error"
        t=2026-09-22T09:29:11+0200 lvl=eror msg=Connect                                 Could not connect to=127.0.0.1:34267 error="CRYPTO_ERROR 0x150 (remote): tls: internal error"
        t=2026-09-22T09:29:11+0200 lvl=warn msg=SendRawData                             couldn't send to=127.0.0.1:34267 error="CRYPTO_ERROR 0x150 (remote): tls: internal error"
        t=2026-09-22T09:29:11+0200 lvl=eror msg=Connect                                 Could not connect to=127.0.0.1:46203 error="CRYPTO_ERROR 0x150 (remote): tls: internal error"
        t=2026-09-22T09:29:11+0200 lvl=warn msg=SendRawData                             couldn't send to=127.0.0.1:46203 error="CRYPTO_ERROR 0x150 (remote): tls: internal error"
        t=2026-09-22T09:29:11+0200 lvl=eror msg=Connect                                 Could not connect to=127.0.0.1:59100 error="CRYPTO_ERROR 0x150 (remote): tls: internal error"
        t=2026-09-22T09:29:11+0200 lvl=warn msg=SendRawData                             couldn't send to=127.0.0.1:59100 error="CRYPTO_ERROR 0x150 (remote): tls: internal error"
        t=2026-09-22T09:29:11+0200 lvl=eror msg=Connect                                 Could not connect to=127.0.0.1:59100 error="CRYPTO_ERROR 0x150 (remote): tls: internal error"
        t=2026-09-22T09:29:11+0200 lvl=warn msg=SendRawData                             couldn't send to=127.0.0.1:59100 error="CRYPTO_ERROR 0x150 (remote): tls: internal error"
        t=2026-09-22T09:29:11+0200 lvl=eror msg=Connect                                 Could not connect to=127.0.0.1:34267 error="CRYPTO_ERROR 0x150 (remote): tls: internal error"
        t=2026-09-22T09:29:11+0200 lvl=warn msg=SendRawData                             couldn't send to=127.0.0.1:34267 error="CRYPTO_ERROR 0x150 (remote): tls: internal error"
        t=2026-09-22T09:29:11+0200 lvl=eror msg=Connect                                 Could not connect to=127.0.0.1:46203 error="CRYPTO_ERROR 0x150 (remote): tls: internal error"
        t=2026-09-22T09:29:11+0200 lvl=warn msg=SendRawData                             couldn't send to=127.0.0.1:46203 error="CRYPTO_ERROR 0x150 (remote): tls: internal error"
        t=2026-09-22T09:29:11+0200 lvl=eror msg=Connect                                 Could not connect to=127.0.0.1:59100 error="CRYPTO_ERROR 0x150 (remote): tls: internal error"
        t=2026-09-22T09:29:11+0200 lvl=warn msg=SendRawData                             couldn't send to=127.0.0.1:59100 error="CRYPTO_ERROR 0x150 (remote): tls: internal error"
        t=2026-09-22T09:29:11+0200 lvl=eror msg=Connect                                 Could not connect to=127.0.0.1:34267 error="CRYPTO_ERROR 0x150 (remote): tls: internal error"
        t=2026-09-22T09:29:11+0200 lvl=warn msg=SendRawData                             couldn't send to=127.0.0.1:34267 error="CRYPTO_ERROR 0x150 (remote): tls: internal error"
        t=2026-09-22T09:29:11+0200 lvl=eror msg=Connect                                 Could not connect to=127.0.0.1:59100 error="CRYPTO_ERROR 0x150 (remote): tls: internal error"
        t=2026-09-22T09:29:11+0200 lvl=warn msg=SendRawData                             couldn't send to=127.0.0.1:59100 error="CRYPTO_ERROR 0x150 (remote): tls: internal error"
        t=2026-09-22T09:29:11+0200 lvl=eror msg=Connect                                 Could not connect to=127.0.0.1:34267 error="CRYPTO_ERROR 0x150 (remote): tls: internal error"
        t=2026-09-22T09:29:11+0200 lvl=warn msg=SendRawData                             couldn't send to=127.0.0.1:34267 error="CRYPTO_ERROR 0x150 (remote): tls: internal error"
        t=2026-09-22T09:29:11+0200 lvl=eror msg=Connect                                 Could not connect to=127.0.0.1:34267 error="CRYPTO_ERROR 0x150 (remote): tls: internal error"
        t=2026-09-22T09:29:11+0200 lvl=warn msg=SendRawData                             couldn't send to=127.0.0.1:34267 error="CRYPTO_ERROR 0x150 (remote): tls: internal error"
        t=2026-09-22T09:29:11+0200 lvl=eror msg=Connect                                 Could not connect to=127.0.0.1:34267 error="CRYPTO_ERROR 0x150 (remote): tls: internal error"
        t=2026-09-22T09:29:11+0200 lvl=warn msg=SendRawData                             couldn't send to=127.0.0.1:34267 error="CRYPTO_ERROR 0x150 (remote): tls: internal error"
        t=2026-09-22T09:29:11+0200 lvl=warn msg=GetBlockByNumer                         number=1
        t=2026-09-22T09:29:11+0200 lvl=warn msg=GetBlockByNumer                         number=1
        t=2026-09-22T09:29:11+0200 lvl=warn msg=GetBlockByNumer                         number=47
        t=2026-09-22T09:29:12+0200 lvl=warn msg=GetBlockByNumer                         number=1
        t=2026-09-22T09:29:12+0200 lvl=warn msg=GetBlockByNumer                         number=47
        t=2026-09-22T09:29:16+0200 lvl=warn msg="HOTSTUFF RECOVERY resend NewView"      number=49 viewID=0x8370a5f67b95755ad08437855048b4074ebcd6dc9b9030b10fdf6ee62d92c80a to=127.0.0.1:45502
        t=2026-09-22T09:29:21+0200 lvl=warn msg="HOTSTUFF RECOVERY resend NewView"      number=49 viewID=0x8370a5f67b95755ad08437855048b4074ebcd6dc9b9030b10fdf6ee62d92c80a to=127.0.0.1:45502
        t=2026-09-22T09:29:23+0200 lvl=warn msg="TxQUIC replay or durable lookup rejected packet" remote=127.0.0.1:35423 batch=0xbe290f0adf329baddd1cd5b3b0a0523dc5b348773bb52278b9d338438b16356c err="txquic nonce is below the replay window"
        t=2026-09-22T09:29:23+0200 lvl=warn msg="TxQUIC replay or durable lookup rejected packet" remote=127.0.0.1:35423 batch=0xbe290f0adf329baddd1cd5b3b0a0523dc5b348773bb52278b9d338438b16356c err="txquic nonce is below the replay window"
        t=2026-09-22T09:29:26+0200 lvl=warn msg="HOTSTUFF RECOVERY resend NewView"      number=49 viewID=0x8370a5f67b95755ad08437855048b4074ebcd6dc9b9030b10fdf6ee62d92c80a to=127.0.0.1:45502
        t=2026-09-22T09:29:31+0200 lvl=warn msg="HOTSTUFF RECOVERY resend NewView"      number=49 viewID=0x8370a5f67b95755ad08437855048b4074ebcd6dc9b9030b10fdf6ee62d92c80a to=127.0.0.1:45502
        t=2026-09-22T09:29:36+0200 lvl=warn msg="HOTSTUFF RECOVERY resend NewView"      number=49 viewID=0x8370a5f67b95755ad08437855048b4074ebcd6dc9b9030b10fdf6ee62d92c80a to=127.0.0.1:45502
        t=2026-09-22T09:29:41+0200 lvl=warn msg="HOTSTUFF RECOVERY resend NewView"      number=49 viewID=0x8370a5f67b95755ad08437855048b4074ebcd6dc9b9030b10fdf6ee62d92c80a to=127.0.0.1:45502
        t=2026-09-22T09:29:46+0200 lvl=warn msg="HOTSTUFF RECOVERY resend NewView"      number=49 viewID=0x8370a5f67b95755ad08437855048b4074ebcd6dc9b9030b10fdf6ee62d92c80a to=127.0.0.1:45502
        t=2026-09-22T09:29:51+0200 lvl=warn msg="HOTSTUFF RECOVERY resend NewView"      number=49 viewID=0x8370a5f67b95755ad08437855048b4074ebcd6dc9b9030b10fdf6ee62d92c80a to=127.0.0.1:45502
        t=2026-09-22T09:29:56+0200 lvl=warn msg="HOTSTUFF RECOVERY resend NewView"      number=49 viewID=0x8370a5f67b95755ad08437855048b4074ebcd6dc9b9030b10fdf6ee62d92c80a to=127.0.0.1:45502
        t=2026-09-22T09:30:01+0200 lvl=warn msg="HOTSTUFF RECOVERY resend NewView"      number=49 viewID=0x8370a5f67b95755ad08437855048b4074ebcd6dc9b9030b10fdf6ee62d92c80a to=127.0.0.1:45502
        t=2026-09-22T09:30:06+0200 lvl=warn msg="HOTSTUFF RECOVERY resend NewView"      number=49 viewID=0x8370a5f67b95755ad08437855048b4074ebcd6dc9b9030b10fdf6ee62d92c80a to=127.0.0.1:45502
        t=2026-09-22T09:30:11+0200 lvl=warn msg="HOTSTUFF RECOVERY resend NewView"      number=49 viewID=0x8370a5f67b95755ad08437855048b4074ebcd6dc9b9030b10fdf6ee62d92c80a to=127.0.0.1:45502
        t=2026-09-22T09:30:16+0200 lvl=warn msg="HOTSTUFF RECOVERY resend NewView"      number=49 viewID=0x8370a5f67b95755ad08437855048b4074ebcd6dc9b9030b10fdf6ee62d92c80a to=127.0.0.1:45502
        t=2026-09-22T09:30:21+0200 lvl=warn msg="HOTSTUFF RECOVERY resend NewView"      number=49 viewID=0x8370a5f67b95755ad08437855048b4074ebcd6dc9b9030b10fdf6ee62d92c80a to=127.0.0.1:45502
        t=2026-09-22T09:30:26+0200 lvl=warn msg="HOTSTUFF RECOVERY resend NewView"      number=49 viewID=0x8370a5f67b95755ad08437855048b4074ebcd6dc9b9030b10fdf6ee62d92c80a to=127.0.0.1:45502
        t=2026-09-22T09:30:31+0200 lvl=warn msg="HOTSTUFF RECOVERY resend NewView"      number=49 viewID=0x8370a5f67b95755ad08437855048b4074ebcd6dc9b9030b10fdf6ee62d92c80a to=127.0.0.1:45502
        t=2026-09-22T09:30:36+0200 lvl=warn msg="HOTSTUFF RECOVERY resend NewView"      number=49 viewID=0x8370a5f67b95755ad08437855048b4074ebcd6dc9b9030b10fdf6ee62d92c80a to=127.0.0.1:45502
        t=2026-09-22T09:30:41+0200 lvl=warn msg="HOTSTUFF RECOVERY resend NewView"      number=49 viewID=0x8370a5f67b95755ad08437855048b4074ebcd6dc9b9030b10fdf6ee62d92c80a to=127.0.0.1:45502
        t=2026-09-22T09:30:46+0200 lvl=warn msg="HOTSTUFF RECOVERY resend NewView"      number=49 viewID=0x8370a5f67b95755ad08437855048b4074ebcd6dc9b9030b10fdf6ee62d92c80a to=127.0.0.1:45502
        t=2026-09-22T09:30:51+0200 lvl=warn msg="HOTSTUFF RECOVERY resend NewView"      number=49 viewID=0x8370a5f67b95755ad08437855048b4074ebcd6dc9b9030b10fdf6ee62d92c80a to=127.0.0.1:45502
    fhs_process_recovery_test.go:226: validator 962707 complete log: /tmp/fhs-process-failure-432895872.log
    fhs_process_recovery_test.go:231: validator 962707 log tail:
        t=2026-09-22T09:28:48+0200 lvl=warn msg=GetBlockByNumer number=0
        t=2026-09-22T09:28:48+0200 lvl=warn msg=GetBlockByNumer number=1
        t=2026-09-22T09:28:48+0200 lvl=warn msg=GetBlockByNumer number=2
        t=2026-09-22T09:28:48+0200 lvl=warn msg=GetBlockByNumer number=3
        t=2026-09-22T09:28:48+0200 lvl=warn msg=GetBlockByNumer number=4
        t=2026-09-22T09:28:48+0200 lvl=warn msg=GetBlockByNumer number=5
        t=2026-09-22T09:28:48+0200 lvl=warn msg=GetBlockByNumer number=6
        t=2026-09-22T09:28:48+0200 lvl=warn msg=GetBlockByNumer number=7
        t=2026-09-22T09:28:48+0200 lvl=warn msg=GetBlockByNumer number=8
        t=2026-09-22T09:28:48+0200 lvl=warn msg=GetBlockByNumer number=9
        t=2026-09-22T09:28:48+0200 lvl=warn msg=GetBlockByNumer number=10
        t=2026-09-22T09:28:48+0200 lvl=warn msg=GetBlockByNumer number=11
        t=2026-09-22T09:28:48+0200 lvl=warn msg=GetBlockByNumer number=12
        t=2026-09-22T09:28:48+0200 lvl=warn msg=GetBlockByNumer number=13
        t=2026-09-22T09:28:48+0200 lvl=warn msg=GetBlockByNumer number=14
        t=2026-09-22T09:28:48+0200 lvl=warn msg=GetBlockByNumer number=15
        t=2026-09-22T09:28:48+0200 lvl=warn msg=GetBlockByNumer number=16
        t=2026-09-22T09:28:48+0200 lvl=warn msg=GetBlockByNumer number=17
        t=2026-09-22T09:28:48+0200 lvl=warn msg=GetBlockByNumer number=18
        t=2026-09-22T09:28:48+0200 lvl=warn msg=GetBlockByNumer number=19
        t=2026-09-22T09:28:48+0200 lvl=warn msg=GetBlockByNumer number=20
        t=2026-09-22T09:28:48+0200 lvl=warn msg=GetBlockByNumer number=21
        t=2026-09-22T09:28:48+0200 lvl=warn msg=GetBlockByNumer number=22
        t=2026-09-22T09:28:48+0200 lvl=warn msg=GetBlockByNumer number=23
        t=2026-09-22T09:28:48+0200 lvl=warn msg=GetBlockByNumer number=24
        t=2026-09-22T09:28:48+0200 lvl=warn msg=GetBlockByNumer number=25
        t=2026-09-22T09:28:48+0200 lvl=warn msg=GetBlockByNumer number=26
        t=2026-09-22T09:28:48+0200 lvl=warn msg=GetBlockByNumer number=27
        t=2026-09-22T09:28:48+0200 lvl=warn msg=GetBlockByNumer number=28
        t=2026-09-22T09:28:48+0200 lvl=warn msg=GetBlockByNumer number=29
        t=2026-09-22T09:28:48+0200 lvl=warn msg=GetBlockByNumer number=30
        t=2026-09-22T09:28:48+0200 lvl=warn msg=GetBlockByNumer number=31
        t=2026-09-22T09:28:48+0200 lvl=warn msg=GetBlockByNumer number=32
        t=2026-09-22T09:28:48+0200 lvl=warn msg=GetBlockByNumer number=33
        t=2026-09-22T09:28:48+0200 lvl=warn msg=GetBlockByNumer number=34
        t=2026-09-22T09:28:48+0200 lvl=warn msg=GetBlockByNumer number=35
        t=2026-09-22T09:28:48+0200 lvl=warn msg=GetBlockByNumer number=36
        t=2026-09-22T09:28:48+0200 lvl=warn msg=GetBlockByNumer number=37
        t=2026-09-22T09:28:48+0200 lvl=warn msg=GetBlockByNumer number=38
        t=2026-09-22T09:28:48+0200 lvl=warn msg=GetBlockByNumer number=39
        t=2026-09-22T09:28:48+0200 lvl=warn msg=GetBlockByNumer number=40
        t=2026-09-22T09:28:48+0200 lvl=warn msg=GetBlockByNumer number=41
        t=2026-09-22T09:28:48+0200 lvl=warn msg=GetBlockByNumer number=42
        t=2026-09-22T09:28:48+0200 lvl=warn msg=GetBlockByNumer number=43
        t=2026-09-22T09:28:48+0200 lvl=warn msg=GetBlockByNumer number=44
        t=2026-09-22T09:28:48+0200 lvl=warn msg=GetBlockByNumer number=45
        t=2026-09-22T09:28:48+0200 lvl=warn msg=GetBlockByNumer number=46
        t=2026-09-22T09:28:48+0200 lvl=warn msg=GetBlockByNumer number=47
        t=2026-09-22T09:28:48+0200 lvl=warn msg=GetBlockByNumer number=1
        t=2026-09-22T09:28:48+0200 lvl=warn msg=GetBlockByNumer number=2
        t=2026-09-22T09:28:48+0200 lvl=warn msg=GetBlockByNumer number=3
        t=2026-09-22T09:28:48+0200 lvl=warn msg=GetBlockByNumer number=4
        t=2026-09-22T09:28:48+0200 lvl=warn msg=GetBlockByNumer number=5
        t=2026-09-22T09:28:48+0200 lvl=warn msg=GetBlockByNumer number=6
        t=2026-09-22T09:28:48+0200 lvl=warn msg=GetBlockByNumer number=7
        t=2026-09-22T09:28:48+0200 lvl=warn msg=GetBlockByNumer number=8
        t=2026-09-22T09:28:48+0200 lvl=warn msg=GetBlockByNumer number=9
        t=2026-09-22T09:28:48+0200 lvl=warn msg=GetBlockByNumer number=10
        t=2026-09-22T09:28:48+0200 lvl=warn msg=GetBlockByNumer number=11
        t=2026-09-22T09:28:48+0200 lvl=warn msg=GetBlockByNumer number=12
        t=2026-09-22T09:28:48+0200 lvl=warn msg=GetBlockByNumer number=13
        t=2026-09-22T09:28:48+0200 lvl=warn msg=GetBlockByNumer number=14
        t=2026-09-22T09:28:48+0200 lvl=warn msg=GetBlockByNumer number=15
        t=2026-09-22T09:28:48+0200 lvl=warn msg=GetBlockByNumer number=16
        t=2026-09-22T09:28:48+0200 lvl=warn msg=GetBlockByNumer number=17
        t=2026-09-22T09:28:48+0200 lvl=warn msg=GetBlockByNumer number=18
        t=2026-09-22T09:28:48+0200 lvl=warn msg=GetBlockByNumer number=19
        t=2026-09-22T09:28:48+0200 lvl=warn msg=GetBlockByNumer number=20
        t=2026-09-22T09:28:48+0200 lvl=warn msg=GetBlockByNumer number=21
        t=2026-09-22T09:28:48+0200 lvl=warn msg=GetBlockByNumer number=22
        t=2026-09-22T09:28:48+0200 lvl=warn msg=GetBlockByNumer number=23
        t=2026-09-22T09:28:48+0200 lvl=warn msg=GetBlockByNumer number=24
        t=2026-09-22T09:28:48+0200 lvl=warn msg=GetBlockByNumer number=25
        t=2026-09-22T09:28:48+0200 lvl=warn msg=GetBlockByNumer number=26
        t=2026-09-22T09:28:48+0200 lvl=warn msg=GetBlockByNumer number=27
        t=2026-09-22T09:28:48+0200 lvl=warn msg=GetBlockByNumer number=28
        t=2026-09-22T09:28:48+0200 lvl=warn msg=GetBlockByNumer number=29
        t=2026-09-22T09:28:48+0200 lvl=warn msg=GetBlockByNumer number=30
        t=2026-09-22T09:28:48+0200 lvl=warn msg=GetBlockByNumer number=31
        t=2026-09-22T09:28:48+0200 lvl=warn msg=GetBlockByNumer number=32
        t=2026-09-22T09:28:48+0200 lvl=warn msg=GetBlockByNumer number=33
        t=2026-09-22T09:28:48+0200 lvl=warn msg=GetBlockByNumer number=34
        t=2026-09-22T09:28:48+0200 lvl=warn msg=GetBlockByNumer number=35
        t=2026-09-22T09:28:48+0200 lvl=warn msg=GetBlockByNumer number=36
        t=2026-09-22T09:28:48+0200 lvl=warn msg=GetBlockByNumer number=37
        t=2026-09-22T09:28:48+0200 lvl=warn msg=GetBlockByNumer number=38
        t=2026-09-22T09:28:48+0200 lvl=warn msg=GetBlockByNumer number=39
        t=2026-09-22T09:28:48+0200 lvl=warn msg=GetBlockByNumer number=40
        t=2026-09-22T09:28:48+0200 lvl=warn msg=GetBlockByNumer number=41
        t=2026-09-22T09:28:48+0200 lvl=warn msg=GetBlockByNumer number=42
        t=2026-09-22T09:28:48+0200 lvl=warn msg=GetBlockByNumer number=43
        t=2026-09-22T09:28:48+0200 lvl=warn msg=GetBlockByNumer number=44
        t=2026-09-22T09:28:48+0200 lvl=warn msg=GetBlockByNumer number=45
        t=2026-09-22T09:28:48+0200 lvl=warn msg=GetBlockByNumer number=46
        t=2026-09-22T09:28:48+0200 lvl=warn msg=GetBlockByNumer number=47
        t=2026-09-22T09:28:48+0200 lvl=warn msg="Failed to load snapshot, regenerating" err="missing or corrupted snapshot journal"
        t=2026-09-22T09:28:49+0200 lvl=warn msg=GetBlockByNumer                         number=1
        t=2026-09-22T09:29:10+0200 lvl=warn msg=GetBlockByNumer                         number=1
        t=2026-09-22T09:29:10+0200 lvl=warn msg=GetBlockByNumer                         number=47
        t=2026-09-22T09:29:10+0200 lvl=warn msg=GetBlockByNumer                         number=1
        t=2026-09-22T09:29:10+0200 lvl=eror msg=Connect                                 Could not connect to=127.0.0.1:33198 error="CRYPTO_ERROR 0x150 (remote): tls: internal error"
        t=2026-09-22T09:29:10+0200 lvl=eror msg=Connect                                 Could not connect to=127.0.0.1:34267 error="CRYPTO_ERROR 0x150 (remote): tls: internal error"
        t=2026-09-22T09:29:10+0200 lvl=eror msg=Connect                                 Could not connect to=127.0.0.1:45502 error="CRYPTO_ERROR 0x150 (remote): tls: internal error"
        t=2026-09-22T09:29:10+0200 lvl=warn msg=SendRawData                             couldn't send to=127.0.0.1:45502 error="CRYPTO_ERROR 0x150 (remote): tls: internal error"
        t=2026-09-22T09:29:10+0200 lvl=eror msg=Connect                                 Could not connect to=127.0.0.1:46203 error="CRYPTO_ERROR 0x150 (remote): tls: internal error"
        t=2026-09-22T09:29:10+0200 lvl=eror msg=Connect                                 Could not connect to=127.0.0.1:59100 error="CRYPTO_ERROR 0x150 (remote): tls: internal error"
        t=2026-09-22T09:29:10+0200 lvl=eror msg=Connect                                 Could not connect to=127.0.0.1:45502 error="CRYPTO_ERROR 0x150 (remote): tls: internal error"
        t=2026-09-22T09:29:11+0200 lvl=eror msg=Connect                                 Could not connect to=127.0.0.1:45502 error="CRYPTO_ERROR 0x150 (remote): tls: internal error"
        t=2026-09-22T09:29:11+0200 lvl=warn msg=SendRawData                             couldn't send to=127.0.0.1:45502 error="CRYPTO_ERROR 0x150 (remote): tls: internal error"
        t=2026-09-22T09:29:11+0200 lvl=warn msg=GetBlockByNumer                         number=1
        t=2026-09-22T09:29:11+0200 lvl=warn msg=GetBlockByNumer                         number=1
        t=2026-09-22T09:29:11+0200 lvl=warn msg=GetBlockByNumer                         number=47
        t=2026-09-22T09:29:12+0200 lvl=warn msg=GetBlockByNumer                         number=1
        t=2026-09-22T09:29:12+0200 lvl=warn msg=GetBlockByNumer                         number=47
        t=2026-09-22T09:29:12+0200 lvl=warn msg=GetBlockByNumer                         number=47
        t=2026-09-22T09:29:12+0200 lvl=warn msg=GetBlockByNumer                         number=47
        t=2026-09-22T09:29:12+0200 lvl=warn msg=GetBlockByNumer                         number=47
        t=2026-09-22T09:29:12+0200 lvl=warn msg=GetBlockByNumer                         number=47
        t=2026-09-22T09:29:12+0200 lvl=warn msg=GetBlockByNumer                         number=47
        t=2026-09-22T09:29:12+0200 lvl=warn msg=GetBlockByNumer                         number=47
        t=2026-09-22T09:29:12+0200 lvl=warn msg=GetBlockByNumer                         number=47
        t=2026-09-22T09:29:12+0200 lvl=warn msg=GetBlockByNumer                         number=1
        t=2026-09-22T09:29:12+0200 lvl=warn msg=GetBlockByNumer                         number=2
        t=2026-09-22T09:29:12+0200 lvl=warn msg=GetBlockByNumer                         number=3
        t=2026-09-22T09:29:12+0200 lvl=warn msg=GetBlockByNumer                         number=4
        t=2026-09-22T09:29:12+0200 lvl=warn msg=GetBlockByNumer                         number=5
        t=2026-09-22T09:29:12+0200 lvl=warn msg=GetBlockByNumer                         number=6
        t=2026-09-22T09:29:12+0200 lvl=warn msg=GetBlockByNumer                         number=7
        t=2026-09-22T09:29:12+0200 lvl=warn msg=GetBlockByNumer                         number=8
        t=2026-09-22T09:29:12+0200 lvl=warn msg=GetBlockByNumer                         number=9
        t=2026-09-22T09:29:12+0200 lvl=warn msg=GetBlockByNumer                         number=10
        t=2026-09-22T09:29:12+0200 lvl=warn msg=GetBlockByNumer                         number=11
        t=2026-09-22T09:29:12+0200 lvl=warn msg=GetBlockByNumer                         number=12
        t=2026-09-22T09:29:12+0200 lvl=warn msg=GetBlockByNumer                         number=13
        t=2026-09-22T09:29:12+0200 lvl=warn msg=GetBlockByNumer                         number=14
        t=2026-09-22T09:29:12+0200 lvl=warn msg=GetBlockByNumer                         number=15
        t=2026-09-22T09:29:12+0200 lvl=warn msg=GetBlockByNumer                         number=16
        t=2026-09-22T09:29:12+0200 lvl=warn msg=GetBlockByNumer                         number=17
        t=2026-09-22T09:29:12+0200 lvl=warn msg=GetBlockByNumer                         number=18
        t=2026-09-22T09:29:12+0200 lvl=warn msg=GetBlockByNumer                         number=19
        t=2026-09-22T09:29:12+0200 lvl=warn msg=GetBlockByNumer                         number=20
        t=2026-09-22T09:29:12+0200 lvl=warn msg=GetBlockByNumer                         number=21
        t=2026-09-22T09:29:12+0200 lvl=warn msg=GetBlockByNumer                         number=22
        t=2026-09-22T09:29:12+0200 lvl=warn msg=GetBlockByNumer                         number=23
        t=2026-09-22T09:29:12+0200 lvl=warn msg=GetBlockByNumer                         number=24
        t=2026-09-22T09:29:12+0200 lvl=warn msg=GetBlockByNumer                         number=25
        t=2026-09-22T09:29:12+0200 lvl=warn msg=GetBlockByNumer                         number=26
        t=2026-09-22T09:29:12+0200 lvl=warn msg=GetBlockByNumer                         number=27
        t=2026-09-22T09:29:12+0200 lvl=warn msg=GetBlockByNumer                         number=28
        t=2026-09-22T09:29:12+0200 lvl=warn msg=GetBlockByNumer                         number=29
        t=2026-09-22T09:29:12+0200 lvl=warn msg=GetBlockByNumer                         number=30
        t=2026-09-22T09:29:12+0200 lvl=warn msg=GetBlockByNumer                         number=31
        t=2026-09-22T09:29:12+0200 lvl=warn msg=GetBlockByNumer                         number=32
        t=2026-09-22T09:29:12+0200 lvl=warn msg=GetBlockByNumer                         number=33
        t=2026-09-22T09:29:12+0200 lvl=warn msg=GetBlockByNumer                         number=34
        t=2026-09-22T09:29:12+0200 lvl=warn msg=GetBlockByNumer                         number=35
        t=2026-09-22T09:29:12+0200 lvl=warn msg=GetBlockByNumer                         number=36
        t=2026-09-22T09:29:12+0200 lvl=warn msg=GetBlockByNumer                         number=37
        t=2026-09-22T09:29:12+0200 lvl=warn msg=GetBlockByNumer                         number=38
        t=2026-09-22T09:29:12+0200 lvl=warn msg=GetBlockByNumer                         number=39
        t=2026-09-22T09:29:12+0200 lvl=warn msg=GetBlockByNumer                         number=40
        t=2026-09-22T09:29:12+0200 lvl=warn msg=GetBlockByNumer                         number=41
        t=2026-09-22T09:29:12+0200 lvl=warn msg=GetBlockByNumer                         number=42
        t=2026-09-22T09:29:12+0200 lvl=warn msg=GetBlockByNumer                         number=43
        t=2026-09-22T09:29:12+0200 lvl=warn msg=GetBlockByNumer                         number=44
        t=2026-09-22T09:29:12+0200 lvl=warn msg=GetBlockByNumer                         number=45
        t=2026-09-22T09:29:12+0200 lvl=warn msg=GetBlockByNumer                         number=46
        t=2026-09-22T09:29:12+0200 lvl=warn msg=GetBlockByNumer                         number=47
        t=2026-09-22T09:29:15+0200 lvl=warn msg="HOTSTUFF RECOVERY resend NewView"      number=49 viewID=0x8370a5f67b95755ad08437855048b4074ebcd6dc9b9030b10fdf6ee62d92c80a to=127.0.0.1:45502
        t=2026-09-22T09:29:20+0200 lvl=warn msg="HOTSTUFF RECOVERY resend NewView"      number=49 viewID=0x8370a5f67b95755ad08437855048b4074ebcd6dc9b9030b10fdf6ee62d92c80a to=127.0.0.1:45502
        t=2026-09-22T09:29:23+0200 lvl=warn msg="TxQUIC replay or durable lookup rejected packet" remote=127.0.0.1:41324 batch=0xbe290f0adf329baddd1cd5b3b0a0523dc5b348773bb52278b9d338438b16356c err="txquic nonce is below the replay window"
        t=2026-09-22T09:29:23+0200 lvl=warn msg="TxQUIC replay or durable lookup rejected packet" remote=127.0.0.1:41324 batch=0xbe290f0adf329baddd1cd5b3b0a0523dc5b348773bb52278b9d338438b16356c err="txquic nonce is below the replay window"
        t=2026-09-22T09:29:25+0200 lvl=warn msg="HOTSTUFF RECOVERY resend NewView"      number=49 viewID=0x8370a5f67b95755ad08437855048b4074ebcd6dc9b9030b10fdf6ee62d92c80a to=127.0.0.1:45502
        t=2026-09-22T09:29:30+0200 lvl=warn msg="HOTSTUFF RECOVERY resend NewView"      number=49 viewID=0x8370a5f67b95755ad08437855048b4074ebcd6dc9b9030b10fdf6ee62d92c80a to=127.0.0.1:45502
        t=2026-09-22T09:29:35+0200 lvl=warn msg="HOTSTUFF RECOVERY resend NewView"      number=49 viewID=0x8370a5f67b95755ad08437855048b4074ebcd6dc9b9030b10fdf6ee62d92c80a to=127.0.0.1:45502
        t=2026-09-22T09:29:40+0200 lvl=warn msg="HOTSTUFF RECOVERY resend NewView"      number=49 viewID=0x8370a5f67b95755ad08437855048b4074ebcd6dc9b9030b10fdf6ee62d92c80a to=127.0.0.1:45502
        t=2026-09-22T09:29:45+0200 lvl=warn msg="HOTSTUFF RECOVERY resend NewView"      number=49 viewID=0x8370a5f67b95755ad08437855048b4074ebcd6dc9b9030b10fdf6ee62d92c80a to=127.0.0.1:45502
        t=2026-09-22T09:29:50+0200 lvl=warn msg="HOTSTUFF RECOVERY resend NewView"      number=49 viewID=0x8370a5f67b95755ad08437855048b4074ebcd6dc9b9030b10fdf6ee62d92c80a to=127.0.0.1:45502
        t=2026-09-22T09:29:55+0200 lvl=warn msg="HOTSTUFF RECOVERY resend NewView"      number=49 viewID=0x8370a5f67b95755ad08437855048b4074ebcd6dc9b9030b10fdf6ee62d92c80a to=127.0.0.1:45502
        t=2026-09-22T09:30:00+0200 lvl=warn msg="HOTSTUFF RECOVERY resend NewView"      number=49 viewID=0x8370a5f67b95755ad08437855048b4074ebcd6dc9b9030b10fdf6ee62d92c80a to=127.0.0.1:45502
        t=2026-09-22T09:30:05+0200 lvl=warn msg="HOTSTUFF RECOVERY resend NewView"      number=49 viewID=0x8370a5f67b95755ad08437855048b4074ebcd6dc9b9030b10fdf6ee62d92c80a to=127.0.0.1:45502
        t=2026-09-22T09:30:10+0200 lvl=warn msg="HOTSTUFF RECOVERY resend NewView"      number=49 viewID=0x8370a5f67b95755ad08437855048b4074ebcd6dc9b9030b10fdf6ee62d92c80a to=127.0.0.1:45502
        t=2026-09-22T09:30:15+0200 lvl=warn msg="HOTSTUFF RECOVERY resend NewView"      number=49 viewID=0x8370a5f67b95755ad08437855048b4074ebcd6dc9b9030b10fdf6ee62d92c80a to=127.0.0.1:45502
        t=2026-09-22T09:30:20+0200 lvl=warn msg="HOTSTUFF RECOVERY resend NewView"      number=49 viewID=0x8370a5f67b95755ad08437855048b4074ebcd6dc9b9030b10fdf6ee62d92c80a to=127.0.0.1:45502
        t=2026-09-22T09:30:25+0200 lvl=warn msg="HOTSTUFF RECOVERY resend NewView"      number=49 viewID=0x8370a5f67b95755ad08437855048b4074ebcd6dc9b9030b10fdf6ee62d92c80a to=127.0.0.1:45502
        t=2026-09-22T09:30:30+0200 lvl=warn msg="HOTSTUFF RECOVERY resend NewView"      number=49 viewID=0x8370a5f67b95755ad08437855048b4074ebcd6dc9b9030b10fdf6ee62d92c80a to=127.0.0.1:45502
        t=2026-09-22T09:30:36+0200 lvl=warn msg="HOTSTUFF RECOVERY resend NewView"      number=49 viewID=0x8370a5f67b95755ad08437855048b4074ebcd6dc9b9030b10fdf6ee62d92c80a to=127.0.0.1:45502
        t=2026-09-22T09:30:41+0200 lvl=warn msg="HOTSTUFF RECOVERY resend NewView"      number=49 viewID=0x8370a5f67b95755ad08437855048b4074ebcd6dc9b9030b10fdf6ee62d92c80a to=127.0.0.1:45502
        t=2026-09-22T09:30:46+0200 lvl=warn msg="HOTSTUFF RECOVERY resend NewView"      number=49 viewID=0x8370a5f67b95755ad08437855048b4074ebcd6dc9b9030b10fdf6ee62d92c80a to=127.0.0.1:45502
        t=2026-09-22T09:30:51+0200 lvl=warn msg="HOTSTUFF RECOVERY resend NewView"      number=49 viewID=0x8370a5f67b95755ad08437855048b4074ebcd6dc9b9030b10fdf6ee62d92c80a to=127.0.0.1:45502
    dex_financial_cli_test.go:113: ordinary CLI full log /tmp/dex-normal-cli-failure-1949388571.log
    dex_financial_cli_test.go:118: ordinary Common6: WARN [09-22|09:28:13.258] Upgrade blockchain database version      from=<nil> to=10
        WARN [09-22|09:28:16.599] GetBlockByNumer                          number=0
        INFO [09-22|09:28:16.684] DEX sidecar active                       index=6 mode=native-finance datadir=/tmp/TestFHSNativeFinancialOrdinaryCLI3241431235/001/common-6/dex
        INFO [09-22|09:28:17.173] HOTSTUFF PREPARE QC VERIFIED             number=4 viewID="5b46a4…b5aba1" from=127.0.0.5:43867 maskBytes=1
        INFO [09-22|09:28:17.567] HOTSTUFF PREPARE QC VERIFIED             number=5 viewID="455514…bc0ef4" from=127.0.0.6:39047 maskBytes=1
        INFO [09-22|09:28:17.856] HOTSTUFF PREPARE QC VERIFIED             number=6 viewID="c55435…1dbbbf" from=127.0.0.7:36667 maskBytes=1
        INFO [09-22|09:28:17.860] handleNewViewMsg got new view message    from=127.0.0.4:39475 viewId="54979b…000bcb"
        INFO [09-22|09:28:17.875] handleNewViewMsg got new view message    from=127.0.0.8:35659 viewId="54979b…000bcb"
        INFO [09-22|09:28:17.885] handleNewViewMsg got new view message    from=127.0.0.5:43867 viewId="54979b…000bcb"
        INFO [09-22|09:28:17.896] handleNewViewMsg got new view message    from=127.0.0.7:36667 viewId="54979b…000bcb"
        INFO [09-22|09:28:17.909] handleNewViewMsg got new view message    from=127.0.0.3:34621 viewId="54979b…000bcb"
        INFO [09-22|09:28:17.949] handleNewViewMsg got new view message    from=127.0.0.2:44039 viewId="54979b…000bcb"
        INFO [09-22|09:28:17.959] handleNewViewMsg got new view message    from=127.0.0.6:39047 viewId="54979b…000bcb"
        INFO [09-22|09:28:18.110] HOTSTUFF PREPARE QC BROADCAST            number=7 viewID="54979b…000bcb" votes=5 threshold=5
        INFO [09-22|09:28:18.135] HOTSTUFF PREPARE QC VERIFIED             number=7 viewID="54979b…000bcb" from=127.0.0.8:35659 maskBytes=1
        INFO [09-22|09:28:18.912] HOTSTUFF PREPARE QC VERIFIED             number=8 viewID="c53636…42d2d7" from=127.0.0.2:44039 maskBytes=1
        INFO [09-22|09:28:19.641] HOTSTUFF PREPARE QC VERIFIED             number=9 viewID="6dd08f…4eac13" from=127.0.0.3:34621 maskBytes=1
        INFO [09-22|09:28:19.963] HOTSTUFF PREPARE QC VERIFIED             number=10 viewID="4bd6cb…7f1a9a" from=127.0.0.4:39475 maskBytes=1
        INFO [09-22|09:28:20.246] HOTSTUFF PREPARE QC VERIFIED             number=11 viewID="9a1e2d…9aabf8" from=127.0.0.5:43867 maskBytes=1
        INFO [09-22|09:28:20.521] HOTSTUFF PREPARE QC VERIFIED             number=12 viewID="cce511…1e9e44" from=127.0.0.6:39047 maskBytes=1
        INFO [09-22|09:28:20.876] HOTSTUFF PREPARE QC VERIFIED             number=13 viewID="c5cc54…2d6d10" from=127.0.0.7:36667 maskBytes=1
        INFO [09-22|09:28:20.878] handleNewViewMsg got new view message    from=127.0.0.4:39475 viewId="943d57…133c21"
        INFO [09-22|09:28:20.888] handleNewViewMsg got new view message    from=127.0.0.2:44039 viewId="943d57…133c21"
        INFO [09-22|09:28:20.902] handleNewViewMsg got new view message    from=127.0.0.5:43867 viewId="943d57…133c21"
        INFO [09-22|09:28:20.912] handleNewViewMsg got new view message    from=127.0.0.8:35659 viewId="943d57…133c21"
        INFO [09-22|09:28:20.924] handleNewViewMsg got new view message    from=127.0.0.7:36667 viewId="943d57…133c21"
        INFO [09-22|09:28:20.979] handleNewViewMsg got new view message    from=127.0.0.6:39047 viewId="943d57…133c21"
        INFO [09-22|09:28:20.989] handleNewViewMsg got new view message    from=127.0.0.3:34621 viewId="943d57…133c21"
        INFO [09-22|09:28:21.170] HOTSTUFF PREPARE QC BROADCAST            number=14 viewID="943d57…133c21" votes=5 threshold=5
        INFO [09-22|09:28:21.211] HOTSTUFF PREPARE QC VERIFIED             number=14 viewID="943d57…133c21" from=127.0.0.8:35659 maskBytes=1
        INFO [09-22|09:28:21.468] HOTSTUFF PREPARE QC VERIFIED             number=15 viewID="68a580…c91fbd" from=127.0.0.2:44039 maskBytes=1
        INFO [09-22|09:28:21.792] HOTSTUFF PREPARE QC VERIFIED             number=16 viewID="ea5ddf…77364a" from=127.0.0.3:34621 maskBytes=1
        INFO [09-22|09:28:22.086] HOTSTUFF PREPARE QC VERIFIED             number=17 viewID="5a8eef…507184" from=127.0.0.4:39475 maskBytes=1
        INFO [09-22|09:28:22.461] HOTSTUFF PREPARE QC VERIFIED             number=18 viewID="68d630…eda268" from=127.0.0.5:43867 maskBytes=1
        INFO [09-22|09:28:22.823] HOTSTUFF PREPARE QC VERIFIED             number=19 viewID="9da5fa…b94c8f" from=127.0.0.6:39047 maskBytes=1
        INFO [09-22|09:28:23.148] HOTSTUFF PREPARE QC VERIFIED             number=20 viewID="3f2d97…71f922" from=127.0.0.7:36667 maskBytes=1
        INFO [09-22|09:28:23.156] handleNewViewMsg got new view message    from=127.0.0.7:36667 viewId="6500a3…4f5f92"
        INFO [09-22|09:28:23.165] handleNewViewMsg got new view message    from=127.0.0.5:43867 viewId="6500a3…4f5f92"
        INFO [09-22|09:28:23.177] handleNewViewMsg got new view message    from=127.0.0.8:35659 viewId="6500a3…4f5f92"
        INFO [09-22|09:28:23.188] handleNewViewMsg got new view message    from=127.0.0.3:34621 viewId="6500a3…4f5f92"
        INFO [09-22|09:28:23.200] handleNewViewMsg got new view message    from=127.0.0.6:39047 viewId="6500a3…4f5f92"
        INFO [09-22|09:28:23.242] handleNewViewMsg got new view message    from=127.0.0.4:39475 viewId="6500a3…4f5f92"
        INFO [09-22|09:28:23.251] handleNewViewMsg got new view message    from=127.0.0.2:44039 viewId="6500a3…4f5f92"
        INFO [09-22|09:28:25.419] HOTSTUFF PREPARE QC BROADCAST            number=21 viewID="6500a3…4f5f92" votes=5 threshold=5
        INFO [09-22|09:28:25.441] HOTSTUFF PREPARE QC VERIFIED             number=21 viewID="6500a3…4f5f92" from=127.0.0.8:35659 maskBytes=1
        INFO [09-22|09:28:26.624] HOTSTUFF PREPARE QC VERIFIED             number=22 viewID="6e5ac4…70cdad" from=127.0.0.2:44039 maskBytes=1
        INFO [09-22|09:28:26.945] HOTSTUFF PREPARE QC VERIFIED             number=23 viewID="cc9d2f…9ec7cd" from=127.0.0.3:34621 maskBytes=1
        INFO [09-22|09:28:39.541] handleNewViewMsg got new view message    from=127.0.0.6:39047 viewId="d229e7…2b5a5d"
        INFO [09-22|09:28:39.558] handleNewViewMsg got new view message    from=127.0.0.7:36667 viewId="d229e7…2b5a5d"
        INFO [09-22|09:28:39.571] handleNewViewMsg got new view message    from=127.0.0.5:43867 viewId="d229e7…2b5a5d"
        INFO [09-22|09:28:39.588] handleNewViewMsg got new view message    from=127.0.0.2:44039 viewId="d229e7…2b5a5d"
        INFO [09-22|09:28:39.603] handleNewViewMsg got new view message    from=127.0.0.8:35659 viewId="d229e7…2b5a5d"
        INFO [09-22|09:28:39.656] handleNewViewMsg got new view message    from=127.0.0.4:39475 viewId="d229e7…2b5a5d"
        INFO [09-22|09:28:39.678] handleNewViewMsg got new view message    from=127.0.0.3:34621 viewId="d229e7…2b5a5d"
        INFO [09-22|09:29:01.167] handleNewViewMsg got new view message    from=127.0.0.8:35659 viewId="f35fb7…206400"
        INFO [09-22|09:29:01.195] handleNewViewMsg got new view message    from=127.0.0.2:44039 viewId="f35fb7…206400"
        INFO [09-22|09:29:01.229] handleNewViewMsg got new view message    from=127.0.0.4:39475 viewId="f35fb7…206400"
        INFO [09-22|09:29:01.251] handleNewViewMsg got new view message    from=127.0.0.5:43867 viewId="f35fb7…206400"
        INFO [09-22|09:29:01.272] handleNewViewMsg got new view message    from=127.0.0.3:34621 viewId="f35fb7…206400"
        INFO [09-22|09:29:01.342] handleNewViewMsg got new view message    from=127.0.0.7:36667 viewId="f35fb7…206400"
        INFO [09-22|09:29:01.360] handleNewViewMsg got new view message    from=127.0.0.6:39047 viewId="f35fb7…206400"
        INFO [09-22|09:29:22.920] handleNewViewMsg got new view message    from=127.0.0.8:35659 viewId="e7f288…7fa6d6"
        INFO [09-22|09:29:22.948] handleNewViewMsg got new view message    from=127.0.0.5:43867 viewId="e7f288…7fa6d6"
        INFO [09-22|09:29:22.975] handleNewViewMsg got new view message    from=127.0.0.2:44039 viewId="e7f288…7fa6d6"
        INFO [09-22|09:29:23.006] handleNewViewMsg got new view message    from=127.0.0.4:39475 viewId="e7f288…7fa6d6"
        INFO [09-22|09:29:23.031] handleNewViewMsg got new view message    from=127.0.0.7:36667 viewId="e7f288…7fa6d6"
        INFO [09-22|09:29:23.087] handleNewViewMsg got new view message    from=127.0.0.6:39047 viewId="e7f288…7fa6d6"
        INFO [09-22|09:29:23.108] handleNewViewMsg got new view message    from=127.0.0.3:34621 viewId="e7f288…7fa6d6"
        INFO [09-22|09:29:44.646] handleNewViewMsg got new view message    from=127.0.0.6:39047 viewId="4dee57…897d69"
        INFO [09-22|09:29:44.667] handleNewViewMsg got new view message    from=127.0.0.3:34621 viewId="4dee57…897d69"
        INFO [09-22|09:29:44.682] handleNewViewMsg got new view message    from=127.0.0.8:35659 viewId="4dee57…897d69"
        INFO [09-22|09:29:44.698] handleNewViewMsg got new view message    from=127.0.0.7:36667 viewId="4dee57…897d69"
        INFO [09-22|09:29:44.713] handleNewViewMsg got new view message    from=127.0.0.5:43867 viewId="4dee57…897d69"
        INFO [09-22|09:29:44.764] handleNewViewMsg got new view message    from=127.0.0.2:44039 viewId="4dee57…897d69"
        INFO [09-22|09:29:44.780] handleNewViewMsg got new view message    from=127.0.0.4:39475 viewId="4dee57…897d69"
        INFO [09-22|09:30:06.217] handleNewViewMsg got new view message    from=127.0.0.5:43867 viewId="c2e47b…50548c"
        INFO [09-22|09:30:06.237] handleNewViewMsg got new view message    from=127.0.0.7:36667 viewId="c2e47b…50548c"
        INFO [09-22|09:30:06.265] handleNewViewMsg got new view message    from=127.0.0.6:39047 viewId="c2e47b…50548c"
        INFO [09-22|09:30:06.283] handleNewViewMsg got new view message    from=127.0.0.8:35659 viewId="c2e47b…50548c"
        INFO [09-22|09:30:06.300] handleNewViewMsg got new view message    from=127.0.0.4:39475 viewId="c2e47b…50548c"
        INFO [09-22|09:30:06.352] handleNewViewMsg got new view message    from=127.0.0.2:44039 viewId="c2e47b…50548c"
        INFO [09-22|09:30:06.371] handleNewViewMsg got new view message    from=127.0.0.3:34621 viewId="c2e47b…50548c"
        INFO [09-22|09:30:28.006] handleNewViewMsg got new view message    from=127.0.0.4:39475 viewId="26fe8b…281cb6"
        INFO [09-22|09:30:28.023] handleNewViewMsg got new view message    from=127.0.0.5:43867 viewId="26fe8b…281cb6"
        INFO [09-22|09:30:28.044] handleNewViewMsg got new view message    from=127.0.0.7:36667 viewId="26fe8b…281cb6"
        INFO [09-22|09:30:28.060] handleNewViewMsg got new view message    from=127.0.0.3:34621 viewId="26fe8b…281cb6"
        INFO [09-22|09:30:28.075] handleNewViewMsg got new view message    from=127.0.0.8:35659 viewId="26fe8b…281cb6"
        INFO [09-22|09:30:28.136] handleNewViewMsg got new view message    from=127.0.0.2:44039 viewId="26fe8b…281cb6"
        INFO [09-22|09:30:28.163] handleNewViewMsg got new view message    from=127.0.0.6:39047 viewId="26fe8b…281cb6"
        INFO [09-22|09:30:49.623] handleNewViewMsg got new view message    from=127.0.0.8:35659 viewId="fc8386…2adee7"
        INFO [09-22|09:30:49.644] handleNewViewMsg got new view message    from=127.0.0.2:44039 viewId="fc8386…2adee7"
        INFO [09-22|09:30:49.659] handleNewViewMsg got new view message    from=127.0.0.6:39047 viewId="fc8386…2adee7"
        INFO [09-22|09:30:49.679] handleNewViewMsg got new view message    from=127.0.0.4:39475 viewId="fc8386…2adee7"
        INFO [09-22|09:30:49.694] handleNewViewMsg got new view message    from=127.0.0.5:43867 viewId="fc8386…2adee7"
        INFO [09-22|09:30:49.743] handleNewViewMsg got new view message    from=127.0.0.7:36667 viewId="fc8386…2adee7"
        INFO [09-22|09:30:49.761] handleNewViewMsg got new view message    from=127.0.0.3:34621 viewId="fc8386…2adee7"
    dex_financial_cli_test.go:113: ordinary CLI full log /tmp/dex-normal-cli-failure-4095376264.log
    dex_financial_cli_test.go:118: ordinary Common5: WARN [09-22|09:28:09.418] Upgrade blockchain database version      from=<nil> to=10
        WARN [09-22|09:28:12.936] GetBlockByNumer                          number=0
        INFO [09-22|09:28:13.021] DEX sidecar active                       index=5 mode=native-finance datadir=/tmp/TestFHSNativeFinancialOrdinaryCLI3241431235/001/common-5/dex
        INFO [09-22|09:28:17.173] HOTSTUFF PREPARE QC VERIFIED             number=4 viewID="5b46a4…b5aba1" from=127.0.0.5:43867 maskBytes=1
        INFO [09-22|09:28:17.607] HOTSTUFF PREPARE QC VERIFIED             number=5 viewID="455514…bc0ef4" from=127.0.0.6:39047 maskBytes=1
        INFO [09-22|09:28:17.608] handleNewViewMsg got new view message    from=127.0.0.5:43867 viewId="c55435…1dbbbf"
        INFO [09-22|09:28:17.619] handleNewViewMsg got new view message    from=127.0.0.4:39475 viewId="c55435…1dbbbf"
        INFO [09-22|09:28:17.631] handleNewViewMsg got new view message    from=127.0.0.2:44039 viewId="c55435…1dbbbf"
        INFO [09-22|09:28:17.640] handleNewViewMsg got new view message    from=127.0.0.8:35659 viewId="c55435…1dbbbf"
        INFO [09-22|09:28:17.652] handleNewViewMsg got new view message    from=127.0.0.6:39047 viewId="c55435…1dbbbf"
        INFO [09-22|09:28:17.696] handleNewViewMsg got new view message    from=127.0.0.3:34621 viewId="c55435…1dbbbf"
        INFO [09-22|09:28:17.704] handleNewViewMsg got new view message    from=127.0.0.7:36667 viewId="c55435…1dbbbf"
        INFO [09-22|09:28:17.824] HOTSTUFF PREPARE QC BROADCAST            number=6 viewID="c55435…1dbbbf" votes=5 threshold=5
        INFO [09-22|09:28:17.858] HOTSTUFF PREPARE QC VERIFIED             number=6 viewID="c55435…1dbbbf" from=127.0.0.7:36667 maskBytes=1
        INFO [09-22|09:28:18.152] HOTSTUFF PREPARE QC VERIFIED             number=7 viewID="54979b…000bcb" from=127.0.0.8:35659 maskBytes=1
        INFO [09-22|09:28:18.921] HOTSTUFF PREPARE QC VERIFIED             number=8 viewID="c53636…42d2d7" from=127.0.0.2:44039 maskBytes=1
        INFO [09-22|09:28:19.629] HOTSTUFF PREPARE QC VERIFIED             number=9 viewID="6dd08f…4eac13" from=127.0.0.3:34621 maskBytes=1
        INFO [09-22|09:28:19.954] HOTSTUFF PREPARE QC VERIFIED             number=10 viewID="4bd6cb…7f1a9a" from=127.0.0.4:39475 maskBytes=1
        INFO [09-22|09:28:20.244] HOTSTUFF PREPARE QC VERIFIED             number=11 viewID="9a1e2d…9aabf8" from=127.0.0.5:43867 maskBytes=1
        INFO [09-22|09:28:20.545] HOTSTUFF PREPARE QC VERIFIED             number=12 viewID="cce511…1e9e44" from=127.0.0.6:39047 maskBytes=1
        INFO [09-22|09:28:20.549] handleNewViewMsg got new view message    from=127.0.0.8:35659 viewId="c5cc54…2d6d10"
        INFO [09-22|09:28:20.561] handleNewViewMsg got new view message    from=127.0.0.5:43867 viewId="c5cc54…2d6d10"
        INFO [09-22|09:28:20.574] handleNewViewMsg got new view message    from=127.0.0.3:34621 viewId="c5cc54…2d6d10"
        INFO [09-22|09:28:20.587] handleNewViewMsg got new view message    from=127.0.0.4:39475 viewId="c5cc54…2d6d10"
        INFO [09-22|09:28:20.598] handleNewViewMsg got new view message    from=127.0.0.6:39047 viewId="c5cc54…2d6d10"
        INFO [09-22|09:28:20.636] handleNewViewMsg got new view message    from=127.0.0.2:44039 viewId="c5cc54…2d6d10"
        INFO [09-22|09:28:20.646] handleNewViewMsg got new view message    from=127.0.0.7:36667 viewId="c5cc54…2d6d10"
        INFO [09-22|09:28:20.839] HOTSTUFF PREPARE QC BROADCAST            number=13 viewID="c5cc54…2d6d10" votes=5 threshold=5
        INFO [09-22|09:28:20.854] HOTSTUFF PREPARE QC VERIFIED             number=13 viewID="c5cc54…2d6d10" from=127.0.0.7:36667 maskBytes=1
        INFO [09-22|09:28:21.250] HOTSTUFF PREPARE QC VERIFIED             number=14 viewID="943d57…133c21" from=127.0.0.8:35659 maskBytes=1
        INFO [09-22|09:28:21.478] HOTSTUFF PREPARE QC VERIFIED             number=15 viewID="68a580…c91fbd" from=127.0.0.2:44039 maskBytes=1
        INFO [09-22|09:28:21.783] HOTSTUFF PREPARE QC VERIFIED             number=16 viewID="ea5ddf…77364a" from=127.0.0.3:34621 maskBytes=1
        INFO [09-22|09:28:22.079] HOTSTUFF PREPARE QC VERIFIED             number=17 viewID="5a8eef…507184" from=127.0.0.4:39475 maskBytes=1
        INFO [09-22|09:28:22.425] HOTSTUFF PREPARE QC VERIFIED             number=18 viewID="68d630…eda268" from=127.0.0.5:43867 maskBytes=1
        INFO [09-22|09:28:22.819] HOTSTUFF PREPARE QC VERIFIED             number=19 viewID="9da5fa…b94c8f" from=127.0.0.6:39047 maskBytes=1
        INFO [09-22|09:28:22.825] handleNewViewMsg got new view message    from=127.0.0.7:36667 viewId="3f2d97…71f922"
        INFO [09-22|09:28:22.846] handleNewViewMsg got new view message    from=127.0.0.6:39047 viewId="3f2d97…71f922"
        INFO [09-22|09:28:22.857] handleNewViewMsg got new view message    from=127.0.0.8:35659 viewId="3f2d97…71f922"
        INFO [09-22|09:28:22.870] handleNewViewMsg got new view message    from=127.0.0.5:43867 viewId="3f2d97…71f922"
        INFO [09-22|09:28:22.880] handleNewViewMsg got new view message    from=127.0.0.2:44039 viewId="3f2d97…71f922"
        INFO [09-22|09:28:22.923] handleNewViewMsg got new view message    from=127.0.0.4:39475 viewId="3f2d97…71f922"
        INFO [09-22|09:28:22.939] handleNewViewMsg got new view message    from=127.0.0.3:34621 viewId="3f2d97…71f922"
        INFO [09-22|09:28:23.123] HOTSTUFF PREPARE QC BROADCAST            number=20 viewID="3f2d97…71f922" votes=5 threshold=5
        INFO [09-22|09:28:23.142] HOTSTUFF PREPARE QC VERIFIED             number=20 viewID="3f2d97…71f922" from=127.0.0.7:36667 maskBytes=1
        INFO [09-22|09:28:25.495] HOTSTUFF PREPARE QC VERIFIED             number=21 viewID="6500a3…4f5f92" from=127.0.0.8:35659 maskBytes=1
        INFO [09-22|09:28:26.612] HOTSTUFF PREPARE QC VERIFIED             number=22 viewID="6e5ac4…70cdad" from=127.0.0.2:44039 maskBytes=1
        INFO [09-22|09:28:26.944] HOTSTUFF PREPARE QC VERIFIED             number=23 viewID="cc9d2f…9ec7cd" from=127.0.0.3:34621 maskBytes=1
        INFO [09-22|09:28:36.446] handleNewViewMsg got new view message    from=127.0.0.6:39047 viewId="fd9812…acf7fe"
        INFO [09-22|09:28:36.476] handleNewViewMsg got new view message    from=127.0.0.7:36667 viewId="fd9812…acf7fe"
        INFO [09-22|09:28:36.494] handleNewViewMsg got new view message    from=127.0.0.2:44039 viewId="fd9812…acf7fe"
        INFO [09-22|09:28:36.515] handleNewViewMsg got new view message    from=127.0.0.4:39475 viewId="fd9812…acf7fe"
        INFO [09-22|09:28:36.536] handleNewViewMsg got new view message    from=127.0.0.8:35659 viewId="fd9812…acf7fe"
        INFO [09-22|09:28:36.601] handleNewViewMsg got new view message    from=127.0.0.5:43867 viewId="fd9812…acf7fe"
        INFO [09-22|09:28:36.625] handleNewViewMsg got new view message    from=127.0.0.3:34621 viewId="fd9812…acf7fe"
        INFO [09-22|09:28:58.008] handleNewViewMsg got new view message    from=127.0.0.7:36667 viewId="4b86e5…c81786"
        INFO [09-22|09:28:58.035] handleNewViewMsg got new view message    from=127.0.0.4:39475 viewId="4b86e5…c81786"
        INFO [09-22|09:28:58.052] handleNewViewMsg got new view message    from=127.0.0.2:44039 viewId="4b86e5…c81786"
        INFO [09-22|09:28:58.067] handleNewViewMsg got new view message    from=127.0.0.8:35659 viewId="4b86e5…c81786"
        INFO [09-22|09:28:58.082] handleNewViewMsg got new view message    from=127.0.0.3:34621 viewId="4b86e5…c81786"
        INFO [09-22|09:28:58.131] handleNewViewMsg got new view message    from=127.0.0.6:39047 viewId="4b86e5…c81786"
        INFO [09-22|09:28:58.149] handleNewViewMsg got new view message    from=127.0.0.5:43867 viewId="4b86e5…c81786"
        INFO [09-22|09:29:19.752] handleNewViewMsg got new view message    from=127.0.0.5:43867 viewId="db9145…6fdf3f"
        INFO [09-22|09:29:19.768] handleNewViewMsg got new view message    from=127.0.0.7:36667 viewId="db9145…6fdf3f"
        INFO [09-22|09:29:19.782] handleNewViewMsg got new view message    from=127.0.0.4:39475 viewId="db9145…6fdf3f"
        INFO [09-22|09:29:19.799] handleNewViewMsg got new view message    from=127.0.0.6:39047 viewId="db9145…6fdf3f"
        INFO [09-22|09:29:19.814] handleNewViewMsg got new view message    from=127.0.0.2:44039 viewId="db9145…6fdf3f"
        INFO [09-22|09:29:19.911] handleNewViewMsg got new view message    from=127.0.0.8:35659 viewId="db9145…6fdf3f"
        INFO [09-22|09:29:20.094] handleNewViewMsg got new view message    from=127.0.0.3:34621 viewId="db9145…6fdf3f"
        INFO [09-22|09:29:41.566] handleNewViewMsg got new view message    from=127.0.0.6:39047 viewId="6ebd08…db39ef"
        INFO [09-22|09:29:41.593] handleNewViewMsg got new view message    from=127.0.0.3:34621 viewId="6ebd08…db39ef"
        INFO [09-22|09:29:41.609] handleNewViewMsg got new view message    from=127.0.0.7:36667 viewId="6ebd08…db39ef"
        INFO [09-22|09:29:41.639] handleNewViewMsg got new view message    from=127.0.0.8:35659 viewId="6ebd08…db39ef"
        INFO [09-22|09:29:41.664] handleNewViewMsg got new view message    from=127.0.0.5:43867 viewId="6ebd08…db39ef"
        INFO [09-22|09:29:41.711] handleNewViewMsg got new view message    from=127.0.0.2:44039 viewId="6ebd08…db39ef"
        INFO [09-22|09:29:41.728] handleNewViewMsg got new view message    from=127.0.0.4:39475 viewId="6ebd08…db39ef"
        INFO [09-22|09:30:03.072] handleNewViewMsg got new view message    from=127.0.0.7:36667 viewId="ea8f57…132144"
        INFO [09-22|09:30:03.177] handleNewViewMsg got new view message    from=127.0.0.6:39047 viewId="ea8f57…132144"
        INFO [09-22|09:30:03.216] handleNewViewMsg got new view message    from=127.0.0.2:44039 viewId="ea8f57…132144"
        INFO [09-22|09:30:03.280] handleNewViewMsg got new view message    from=127.0.0.4:39475 viewId="ea8f57…132144"
        INFO [09-22|09:30:03.307] handleNewViewMsg got new view message    from=127.0.0.3:34621 viewId="ea8f57…132144"
        INFO [09-22|09:30:03.414] handleNewViewMsg got new view message    from=127.0.0.8:35659 viewId="ea8f57…132144"
        INFO [09-22|09:30:03.446] handleNewViewMsg got new view message    from=127.0.0.5:43867 viewId="ea8f57…132144"
        INFO [09-22|09:30:24.910] handleNewViewMsg got new view message    from=127.0.0.4:39475 viewId="c328ad…32fa49"
        INFO [09-22|09:30:24.928] handleNewViewMsg got new view message    from=127.0.0.7:36667 viewId="c328ad…32fa49"
        INFO [09-22|09:30:24.952] handleNewViewMsg got new view message    from=127.0.0.8:35659 viewId="c328ad…32fa49"
        INFO [09-22|09:30:24.970] handleNewViewMsg got new view message    from=127.0.0.5:43867 viewId="c328ad…32fa49"
        INFO [09-22|09:30:24.989] handleNewViewMsg got new view message    from=127.0.0.6:39047 viewId="c328ad…32fa49"
        INFO [09-22|09:30:25.048] handleNewViewMsg got new view message    from=127.0.0.2:44039 viewId="c328ad…32fa49"
        INFO [09-22|09:30:25.068] handleNewViewMsg got new view message    from=127.0.0.3:34621 viewId="c328ad…32fa49"
        INFO [09-22|09:30:46.560] handleNewViewMsg got new view message    from=127.0.0.8:35659 viewId="9b9b96…87ad84"
        INFO [09-22|09:30:46.581] handleNewViewMsg got new view message    from=127.0.0.6:39047 viewId="9b9b96…87ad84"
        INFO [09-22|09:30:46.599] handleNewViewMsg got new view message    from=127.0.0.4:39475 viewId="9b9b96…87ad84"
        INFO [09-22|09:30:46.623] handleNewViewMsg got new view message    from=127.0.0.7:36667 viewId="9b9b96…87ad84"
        INFO [09-22|09:30:46.642] handleNewViewMsg got new view message    from=127.0.0.2:44039 viewId="9b9b96…87ad84"
        INFO [09-22|09:30:46.707] handleNewViewMsg got new view message    from=127.0.0.3:34621 viewId="9b9b96…87ad84"
        INFO [09-22|09:30:46.725] handleNewViewMsg got new view message    from=127.0.0.5:43867 viewId="9b9b96…87ad84"
    dex_financial_cli_test.go:113: ordinary CLI full log /tmp/dex-normal-cli-failure-3029313770.log
    dex_financial_cli_test.go:118: ordinary Common4: WARN [09-22|09:28:05.586] Upgrade blockchain database version      from=<nil> to=10
        WARN [09-22|09:28:09.096] GetBlockByNumer                          number=0
        INFO [09-22|09:28:09.190] DEX sidecar active                       index=4 mode=native-finance datadir=/tmp/TestFHSNativeFinancialOrdinaryCLI3241431235/001/common-4/dex
        INFO [09-22|09:28:17.169] HOTSTUFF PREPARE QC VERIFIED             number=4 viewID="5b46a4…b5aba1" from=127.0.0.5:43867 maskBytes=1
        INFO [09-22|09:28:17.175] handleNewViewMsg got new view message    from=127.0.0.6:39047 viewId="455514…bc0ef4"
        INFO [09-22|09:28:17.186] handleNewViewMsg got new view message    from=127.0.0.5:43867 viewId="455514…bc0ef4"
        INFO [09-22|09:28:17.196] handleNewViewMsg got new view message    from=127.0.0.3:34621 viewId="455514…bc0ef4"
        INFO [09-22|09:28:17.205] handleNewViewMsg got new view message    from=127.0.0.4:39475 viewId="455514…bc0ef4"
        INFO [09-22|09:28:17.215] handleNewViewMsg got new view message    from=127.0.0.8:35659 viewId="455514…bc0ef4"
        INFO [09-22|09:28:17.256] handleNewViewMsg got new view message    from=127.0.0.2:44039 viewId="455514…bc0ef4"
        INFO [09-22|09:28:17.268] handleNewViewMsg got new view message    from=127.0.0.7:36667 viewId="455514…bc0ef4"
        INFO [09-22|09:28:17.529] HOTSTUFF PREPARE QC BROADCAST            number=5 viewID="455514…bc0ef4" votes=5 threshold=5
        INFO [09-22|09:28:17.596] HOTSTUFF PREPARE QC VERIFIED             number=5 viewID="455514…bc0ef4" from=127.0.0.6:39047 maskBytes=1
        INFO [09-22|09:28:17.861] HOTSTUFF PREPARE QC VERIFIED             number=6 viewID="c55435…1dbbbf" from=127.0.0.7:36667 maskBytes=1
        INFO [09-22|09:28:18.155] HOTSTUFF PREPARE QC VERIFIED             number=7 viewID="54979b…000bcb" from=127.0.0.8:35659 maskBytes=1
        INFO [09-22|09:28:18.853] HOTSTUFF PREPARE QC VERIFIED             number=8 viewID="c53636…42d2d7" from=127.0.0.2:44039 maskBytes=1
        INFO [09-22|09:28:19.641] HOTSTUFF PREPARE QC VERIFIED             number=9 viewID="6dd08f…4eac13" from=127.0.0.3:34621 maskBytes=1
        INFO [09-22|09:28:19.953] HOTSTUFF PREPARE QC VERIFIED             number=10 viewID="4bd6cb…7f1a9a" from=127.0.0.4:39475 maskBytes=1
        INFO [09-22|09:28:20.241] HOTSTUFF PREPARE QC VERIFIED             number=11 viewID="9a1e2d…9aabf8" from=127.0.0.5:43867 maskBytes=1
        INFO [09-22|09:28:20.249] handleNewViewMsg got new view message    from=127.0.0.6:39047 viewId="cce511…1e9e44"
        INFO [09-22|09:28:20.265] handleNewViewMsg got new view message    from=127.0.0.5:43867 viewId="cce511…1e9e44"
        INFO [09-22|09:28:20.277] handleNewViewMsg got new view message    from=127.0.0.2:44039 viewId="cce511…1e9e44"
        INFO [09-22|09:28:20.289] handleNewViewMsg got new view message    from=127.0.0.7:36667 viewId="cce511…1e9e44"
        INFO [09-22|09:28:20.300] handleNewViewMsg got new view message    from=127.0.0.8:35659 viewId="cce511…1e9e44"
        INFO [09-22|09:28:20.350] handleNewViewMsg got new view message    from=127.0.0.4:39475 viewId="cce511…1e9e44"
        INFO [09-22|09:28:20.361] handleNewViewMsg got new view message    from=127.0.0.3:34621 viewId="cce511…1e9e44"
        INFO [09-22|09:28:20.490] HOTSTUFF PREPARE QC BROADCAST            number=12 viewID="cce511…1e9e44" votes=5 threshold=5
        INFO [09-22|09:28:20.522] HOTSTUFF PREPARE QC VERIFIED             number=12 viewID="cce511…1e9e44" from=127.0.0.6:39047 maskBytes=1
        INFO [09-22|09:28:20.878] HOTSTUFF PREPARE QC VERIFIED             number=13 viewID="c5cc54…2d6d10" from=127.0.0.7:36667 maskBytes=1
        INFO [09-22|09:28:21.209] HOTSTUFF PREPARE QC VERIFIED             number=14 viewID="943d57…133c21" from=127.0.0.8:35659 maskBytes=1
        INFO [09-22|09:28:21.472] HOTSTUFF PREPARE QC VERIFIED             number=15 viewID="68a580…c91fbd" from=127.0.0.2:44039 maskBytes=1
        INFO [09-22|09:28:21.791] HOTSTUFF PREPARE QC VERIFIED             number=16 viewID="ea5ddf…77364a" from=127.0.0.3:34621 maskBytes=1
        INFO [09-22|09:28:22.084] HOTSTUFF PREPARE QC VERIFIED             number=17 viewID="5a8eef…507184" from=127.0.0.4:39475 maskBytes=1
        INFO [09-22|09:28:22.465] HOTSTUFF PREPARE QC VERIFIED             number=18 viewID="68d630…eda268" from=127.0.0.5:43867 maskBytes=1
        INFO [09-22|09:28:22.465] handleNewViewMsg got new view message    from=127.0.0.7:36667 viewId="9da5fa…b94c8f"
        INFO [09-22|09:28:22.492] handleNewViewMsg got new view message    from=127.0.0.4:39475 viewId="9da5fa…b94c8f"
        INFO [09-22|09:28:22.512] handleNewViewMsg got new view message    from=127.0.0.3:34621 viewId="9da5fa…b94c8f"
        INFO [09-22|09:28:22.540] handleNewViewMsg got new view message    from=127.0.0.2:44039 viewId="9da5fa…b94c8f"
        INFO [09-22|09:28:22.558] handleNewViewMsg got new view message    from=127.0.0.8:35659 viewId="9da5fa…b94c8f"
        INFO [09-22|09:28:22.605] handleNewViewMsg got new view message    from=127.0.0.5:43867 viewId="9da5fa…b94c8f"
        INFO [09-22|09:28:22.614] handleNewViewMsg got new view message    from=127.0.0.6:39047 viewId="9da5fa…b94c8f"
        INFO [09-22|09:28:22.783] HOTSTUFF PREPARE QC BROADCAST            number=19 viewID="9da5fa…b94c8f" votes=5 threshold=5
        INFO [09-22|09:28:22.810] HOTSTUFF PREPARE QC VERIFIED             number=19 viewID="9da5fa…b94c8f" from=127.0.0.6:39047 maskBytes=1
        INFO [09-22|09:28:23.149] HOTSTUFF PREPARE QC VERIFIED             number=20 viewID="3f2d97…71f922" from=127.0.0.7:36667 maskBytes=1
        INFO [09-22|09:28:25.477] HOTSTUFF PREPARE QC VERIFIED             number=21 viewID="6500a3…4f5f92" from=127.0.0.8:35659 maskBytes=1
        INFO [09-22|09:28:26.626] HOTSTUFF PREPARE QC VERIFIED             number=22 viewID="6e5ac4…70cdad" from=127.0.0.2:44039 maskBytes=1
        INFO [09-22|09:28:26.960] HOTSTUFF PREPARE QC VERIFIED             number=23 viewID="cc9d2f…9ec7cd" from=127.0.0.3:34621 maskBytes=1
        INFO [09-22|09:28:33.342] handleNewViewMsg got new view message    from=127.0.0.6:39047 viewId="701766…f85709"
        INFO [09-22|09:28:33.366] handleNewViewMsg got new view message    from=127.0.0.7:36667 viewId="701766…f85709"
        INFO [09-22|09:28:33.387] handleNewViewMsg got new view message    from=127.0.0.2:44039 viewId="701766…f85709"
        INFO [09-22|09:28:33.405] handleNewViewMsg got new view message    from=127.0.0.4:39475 viewId="701766…f85709"
        INFO [09-22|09:28:33.425] handleNewViewMsg got new view message    from=127.0.0.5:43867 viewId="701766…f85709"
        INFO [09-22|09:28:33.486] handleNewViewMsg got new view message    from=127.0.0.8:35659 viewId="701766…f85709"
        INFO [09-22|09:28:33.502] handleNewViewMsg got new view message    from=127.0.0.3:34621 viewId="701766…f85709"
        INFO [09-22|09:28:54.955] handleNewViewMsg got new view message    from=127.0.0.3:34621 viewId="bb3610…56256e"
        INFO [09-22|09:28:54.979] handleNewViewMsg got new view message    from=127.0.0.6:39047 viewId="bb3610…56256e"
        INFO [09-22|09:28:55.000] handleNewViewMsg got new view message    from=127.0.0.4:39475 viewId="bb3610…56256e"
        INFO [09-22|09:28:55.019] handleNewViewMsg got new view message    from=127.0.0.8:35659 viewId="bb3610…56256e"
        INFO [09-22|09:28:55.042] handleNewViewMsg got new view message    from=127.0.0.2:44039 viewId="bb3610…56256e"
        INFO [09-22|09:28:55.093] handleNewViewMsg got new view message    from=127.0.0.7:36667 viewId="bb3610…56256e"
        INFO [09-22|09:28:55.108] handleNewViewMsg got new view message    from=127.0.0.5:43867 viewId="bb3610…56256e"
        INFO [09-22|09:29:16.683] handleNewViewMsg got new view message    from=127.0.0.5:43867 viewId="3c7c77…b58ce0"
        INFO [09-22|09:29:16.703] handleNewViewMsg got new view message    from=127.0.0.7:36667 viewId="3c7c77…b58ce0"
        INFO [09-22|09:29:16.718] handleNewViewMsg got new view message    from=127.0.0.3:34621 viewId="3c7c77…b58ce0"
        INFO [09-22|09:29:16.741] handleNewViewMsg got new view message    from=127.0.0.8:35659 viewId="3c7c77…b58ce0"
        INFO [09-22|09:29:16.760] handleNewViewMsg got new view message    from=127.0.0.6:39047 viewId="3c7c77…b58ce0"
        INFO [09-22|09:29:16.817] handleNewViewMsg got new view message    from=127.0.0.2:44039 viewId="3c7c77…b58ce0"
        INFO [09-22|09:29:16.832] handleNewViewMsg got new view message    from=127.0.0.4:39475 viewId="3c7c77…b58ce0"
        INFO [09-22|09:29:38.498] handleNewViewMsg got new view message    from=127.0.0.6:39047 viewId="b50f50…93c1cc"
        INFO [09-22|09:29:38.521] handleNewViewMsg got new view message    from=127.0.0.3:34621 viewId="b50f50…93c1cc"
        INFO [09-22|09:29:38.542] handleNewViewMsg got new view message    from=127.0.0.2:44039 viewId="b50f50…93c1cc"
        INFO [09-22|09:29:38.567] handleNewViewMsg got new view message    from=127.0.0.7:36667 viewId="b50f50…93c1cc"
        INFO [09-22|09:29:38.583] handleNewViewMsg got new view message    from=127.0.0.5:43867 viewId="b50f50…93c1cc"
        INFO [09-22|09:29:38.630] handleNewViewMsg got new view message    from=127.0.0.8:35659 viewId="b50f50…93c1cc"
        INFO [09-22|09:29:38.646] handleNewViewMsg got new view message    from=127.0.0.4:39475 viewId="b50f50…93c1cc"
        INFO [09-22|09:29:59.976] handleNewViewMsg got new view message    from=127.0.0.3:34621 viewId="7ecd80…9e5d4f"
        INFO [09-22|09:29:59.994] handleNewViewMsg got new view message    from=127.0.0.7:36667 viewId="7ecd80…9e5d4f"
        INFO [09-22|09:30:00.009] handleNewViewMsg got new view message    from=127.0.0.4:39475 viewId="7ecd80…9e5d4f"
        INFO [09-22|09:30:00.025] handleNewViewMsg got new view message    from=127.0.0.8:35659 viewId="7ecd80…9e5d4f"
        INFO [09-22|09:30:00.044] handleNewViewMsg got new view message    from=127.0.0.2:44039 viewId="7ecd80…9e5d4f"
        INFO [09-22|09:30:00.101] handleNewViewMsg got new view message    from=127.0.0.5:43867 viewId="7ecd80…9e5d4f"
        INFO [09-22|09:30:00.122] handleNewViewMsg got new view message    from=127.0.0.6:39047 viewId="7ecd80…9e5d4f"
        INFO [09-22|09:30:21.813] handleNewViewMsg got new view message    from=127.0.0.5:43867 viewId="308a24…ca9a63"
        INFO [09-22|09:30:21.842] handleNewViewMsg got new view message    from=127.0.0.2:44039 viewId="308a24…ca9a63"
        INFO [09-22|09:30:21.864] handleNewViewMsg got new view message    from=127.0.0.8:35659 viewId="308a24…ca9a63"
        INFO [09-22|09:30:21.880] handleNewViewMsg got new view message    from=127.0.0.7:36667 viewId="308a24…ca9a63"
        INFO [09-22|09:30:21.897] handleNewViewMsg got new view message    from=127.0.0.4:39475 viewId="308a24…ca9a63"
        INFO [09-22|09:30:21.952] handleNewViewMsg got new view message    from=127.0.0.6:39047 viewId="308a24…ca9a63"
        INFO [09-22|09:30:21.970] handleNewViewMsg got new view message    from=127.0.0.3:34621 viewId="308a24…ca9a63"
        INFO [09-22|09:30:43.458] handleNewViewMsg got new view message    from=127.0.0.6:39047 viewId="adc405…5b2ca5"
        INFO [09-22|09:30:43.482] handleNewViewMsg got new view message    from=127.0.0.7:36667 viewId="adc405…5b2ca5"
        INFO [09-22|09:30:43.505] handleNewViewMsg got new view message    from=127.0.0.4:39475 viewId="adc405…5b2ca5"
        INFO [09-22|09:30:43.522] handleNewViewMsg got new view message    from=127.0.0.8:35659 viewId="adc405…5b2ca5"
        INFO [09-22|09:30:43.554] handleNewViewMsg got new view message    from=127.0.0.3:34621 viewId="adc405…5b2ca5"
        INFO [09-22|09:30:43.612] handleNewViewMsg got new view message    from=127.0.0.2:44039 viewId="adc405…5b2ca5"
        INFO [09-22|09:30:43.642] handleNewViewMsg got new view message    from=127.0.0.5:43867 viewId="adc405…5b2ca5"
    dex_financial_cli_test.go:113: ordinary CLI full log /tmp/dex-normal-cli-failure-1002206834.log
    dex_financial_cli_test.go:118: ordinary Common3: WARN [09-22|09:28:01.652] Upgrade blockchain database version      from=<nil> to=10
        WARN [09-22|09:28:05.229] GetBlockByNumer                          number=0
        INFO [09-22|09:28:05.316] DEX sidecar active                       index=3 mode=native-finance datadir=/tmp/TestFHSNativeFinancialOrdinaryCLI3241431235/001/common-3/dex
        INFO [09-22|09:28:15.445] handleNewViewMsg got new view message    from=127.0.0.6:39047 viewId="5b46a4…b5aba1"
        INFO [09-22|09:28:15.467] handleNewViewMsg got new view message    from=127.0.0.5:43867 viewId="5b46a4…b5aba1"
        INFO [09-22|09:28:15.484] handleNewViewMsg got new view message    from=127.0.0.7:36667 viewId="5b46a4…b5aba1"
        INFO [09-22|09:28:15.496] handleNewViewMsg got new view message    from=127.0.0.3:34621 viewId="5b46a4…b5aba1"
        INFO [09-22|09:28:15.507] handleNewViewMsg got new view message    from=127.0.0.4:39475 viewId="5b46a4…b5aba1"
        INFO [09-22|09:28:15.528] handleNewViewMsg got new view message    from=127.0.0.2:44039 viewId="5b46a4…b5aba1"
        INFO [09-22|09:28:16.741] handleNewViewMsg got new view message    from=127.0.0.8:35659 viewId="5b46a4…b5aba1"
        INFO [09-22|09:28:17.152] HOTSTUFF PREPARE QC BROADCAST            number=4 viewID="5b46a4…b5aba1" votes=5 threshold=5
        INFO [09-22|09:28:17.172] HOTSTUFF PREPARE QC VERIFIED             number=4 viewID="5b46a4…b5aba1" from=127.0.0.5:43867 maskBytes=1
        INFO [09-22|09:28:17.569] HOTSTUFF PREPARE QC VERIFIED             number=5 viewID="455514…bc0ef4" from=127.0.0.6:39047 maskBytes=1
        INFO [09-22|09:28:17.855] HOTSTUFF PREPARE QC VERIFIED             number=6 viewID="c55435…1dbbbf" from=127.0.0.7:36667 maskBytes=1
        INFO [09-22|09:28:18.157] HOTSTUFF PREPARE QC VERIFIED             number=7 viewID="54979b…000bcb" from=127.0.0.8:35659 maskBytes=1
        INFO [09-22|09:28:18.861] HOTSTUFF PREPARE QC VERIFIED             number=8 viewID="c53636…42d2d7" from=127.0.0.2:44039 maskBytes=1
        INFO [09-22|09:28:19.624] HOTSTUFF PREPARE QC VERIFIED             number=9 viewID="6dd08f…4eac13" from=127.0.0.3:34621 maskBytes=1
        INFO [09-22|09:28:19.939] HOTSTUFF PREPARE QC VERIFIED             number=10 viewID="4bd6cb…7f1a9a" from=127.0.0.4:39475 maskBytes=1
        INFO [09-22|09:28:19.945] handleNewViewMsg got new view message    from=127.0.0.5:43867 viewId="9a1e2d…9aabf8"
        INFO [09-22|09:28:19.971] handleNewViewMsg got new view message    from=127.0.0.4:39475 viewId="9a1e2d…9aabf8"
        INFO [09-22|09:28:19.981] handleNewViewMsg got new view message    from=127.0.0.2:44039 viewId="9a1e2d…9aabf8"
        INFO [09-22|09:28:19.992] handleNewViewMsg got new view message    from=127.0.0.3:34621 viewId="9a1e2d…9aabf8"
        INFO [09-22|09:28:20.004] handleNewViewMsg got new view message    from=127.0.0.6:39047 viewId="9a1e2d…9aabf8"
        INFO [09-22|09:28:20.054] handleNewViewMsg got new view message    from=127.0.0.8:35659 viewId="9a1e2d…9aabf8"
        INFO [09-22|09:28:20.065] handleNewViewMsg got new view message    from=127.0.0.7:36667 viewId="9a1e2d…9aabf8"
        INFO [09-22|09:28:20.213] HOTSTUFF PREPARE QC BROADCAST            number=11 viewID="9a1e2d…9aabf8" votes=5 threshold=5
        INFO [09-22|09:28:20.233] HOTSTUFF PREPARE QC VERIFIED             number=11 viewID="9a1e2d…9aabf8" from=127.0.0.5:43867 maskBytes=1
        INFO [09-22|09:28:20.522] HOTSTUFF PREPARE QC VERIFIED             number=12 viewID="cce511…1e9e44" from=127.0.0.6:39047 maskBytes=1
        INFO [09-22|09:28:20.870] HOTSTUFF PREPARE QC VERIFIED             number=13 viewID="c5cc54…2d6d10" from=127.0.0.7:36667 maskBytes=1
        INFO [09-22|09:28:21.211] HOTSTUFF PREPARE QC VERIFIED             number=14 viewID="943d57…133c21" from=127.0.0.8:35659 maskBytes=1
        INFO [09-22|09:28:21.475] HOTSTUFF PREPARE QC VERIFIED             number=15 viewID="68a580…c91fbd" from=127.0.0.2:44039 maskBytes=1
        INFO [09-22|09:28:21.775] HOTSTUFF PREPARE QC VERIFIED             number=16 viewID="ea5ddf…77364a" from=127.0.0.3:34621 maskBytes=1
        INFO [09-22|09:28:22.088] HOTSTUFF PREPARE QC VERIFIED             number=17 viewID="5a8eef…507184" from=127.0.0.4:39475 maskBytes=1
        INFO [09-22|09:28:22.094] handleNewViewMsg got new view message    from=127.0.0.2:44039 viewId="68d630…eda268"
        INFO [09-22|09:28:22.105] handleNewViewMsg got new view message    from=127.0.0.7:36667 viewId="68d630…eda268"
        INFO [09-22|09:28:22.114] handleNewViewMsg got new view message    from=127.0.0.8:35659 viewId="68d630…eda268"
        INFO [09-22|09:28:22.123] handleNewViewMsg got new view message    from=127.0.0.4:39475 viewId="68d630…eda268"
        INFO [09-22|09:28:22.133] handleNewViewMsg got new view message    from=127.0.0.3:34621 viewId="68d630…eda268"
        INFO [09-22|09:28:22.182] handleNewViewMsg got new view message    from=127.0.0.5:43867 viewId="68d630…eda268"
        INFO [09-22|09:28:22.195] handleNewViewMsg got new view message    from=127.0.0.6:39047 viewId="68d630…eda268"
        INFO [09-22|09:28:22.394] HOTSTUFF PREPARE QC BROADCAST            number=18 viewID="68d630…eda268" votes=5 threshold=5
        INFO [09-22|09:28:22.433] HOTSTUFF PREPARE QC VERIFIED             number=18 viewID="68d630…eda268" from=127.0.0.5:43867 maskBytes=1
        INFO [09-22|09:28:22.821] HOTSTUFF PREPARE QC VERIFIED             number=19 viewID="9da5fa…b94c8f" from=127.0.0.6:39047 maskBytes=1
        INFO [09-22|09:28:23.149] HOTSTUFF PREPARE QC VERIFIED             number=20 viewID="3f2d97…71f922" from=127.0.0.7:36667 maskBytes=1
        INFO [09-22|09:28:25.491] HOTSTUFF PREPARE QC VERIFIED             number=21 viewID="6500a3…4f5f92" from=127.0.0.8:35659 maskBytes=1
        INFO [09-22|09:28:26.686] HOTSTUFF PREPARE QC VERIFIED             number=22 viewID="6e5ac4…70cdad" from=127.0.0.2:44039 maskBytes=1
        INFO [09-22|09:28:26.970] HOTSTUFF PREPARE QC VERIFIED             number=23 viewID="cc9d2f…9ec7cd" from=127.0.0.3:34621 maskBytes=1
        INFO [09-22|09:28:30.257] handleNewViewMsg got new view message    from=127.0.0.6:39047 viewId="a91743…4831c4"
        INFO [09-22|09:28:30.289] handleNewViewMsg got new view message    from=127.0.0.5:43867 viewId="a91743…4831c4"
        INFO [09-22|09:28:30.318] handleNewViewMsg got new view message    from=127.0.0.2:44039 viewId="a91743…4831c4"
        INFO [09-22|09:28:30.379] handleNewViewMsg got new view message    from=127.0.0.8:35659 viewId="a91743…4831c4"
        INFO [09-22|09:28:30.399] handleNewViewMsg got new view message    from=127.0.0.3:34621 viewId="a91743…4831c4"
        INFO [09-22|09:28:30.481] handleNewViewMsg got new view message    from=127.0.0.7:36667 viewId="a91743…4831c4"
        INFO [09-22|09:28:30.499] handleNewViewMsg got new view message    from=127.0.0.4:39475 viewId="a91743…4831c4"
        INFO [09-22|09:28:51.900] handleNewViewMsg got new view message    from=127.0.0.7:36667 viewId="870a33…3db0c8"
        INFO [09-22|09:28:51.931] handleNewViewMsg got new view message    from=127.0.0.4:39475 viewId="870a33…3db0c8"
        INFO [09-22|09:28:51.953] handleNewViewMsg got new view message    from=127.0.0.3:34621 viewId="870a33…3db0c8"
        INFO [09-22|09:28:51.975] handleNewViewMsg got new view message    from=127.0.0.5:43867 viewId="870a33…3db0c8"
        INFO [09-22|09:28:51.992] handleNewViewMsg got new view message    from=127.0.0.6:39047 viewId="870a33…3db0c8"
        INFO [09-22|09:28:52.041] handleNewViewMsg got new view message    from=127.0.0.8:35659 viewId="870a33…3db0c8"
        INFO [09-22|09:28:52.059] handleNewViewMsg got new view message    from=127.0.0.2:44039 viewId="870a33…3db0c8"
        INFO [09-22|09:29:13.563] handleNewViewMsg got new view message    from=127.0.0.5:43867 viewId="5a5406…2614a7"
        INFO [09-22|09:29:13.596] handleNewViewMsg got new view message    from=127.0.0.7:36667 viewId="5a5406…2614a7"
        INFO [09-22|09:29:13.615] handleNewViewMsg got new view message    from=127.0.0.3:34621 viewId="5a5406…2614a7"
        INFO [09-22|09:29:13.643] handleNewViewMsg got new view message    from=127.0.0.6:39047 viewId="5a5406…2614a7"
        INFO [09-22|09:29:13.660] handleNewViewMsg got new view message    from=127.0.0.4:39475 viewId="5a5406…2614a7"
        INFO [09-22|09:29:13.723] handleNewViewMsg got new view message    from=127.0.0.8:35659 viewId="5a5406…2614a7"
        INFO [09-22|09:29:13.739] handleNewViewMsg got new view message    from=127.0.0.2:44039 viewId="5a5406…2614a7"
        INFO [09-22|09:29:35.393] handleNewViewMsg got new view message    from=127.0.0.5:43867 viewId="8f050e…decfe8"
        INFO [09-22|09:29:35.427] handleNewViewMsg got new view message    from=127.0.0.8:35659 viewId="8f050e…decfe8"
        INFO [09-22|09:29:35.446] handleNewViewMsg got new view message    from=127.0.0.7:36667 viewId="8f050e…decfe8"
        INFO [09-22|09:29:35.463] handleNewViewMsg got new view message    from=127.0.0.2:44039 viewId="8f050e…decfe8"
        INFO [09-22|09:29:35.478] handleNewViewMsg got new view message    from=127.0.0.3:34621 viewId="8f050e…decfe8"
        INFO [09-22|09:29:35.532] handleNewViewMsg got new view message    from=127.0.0.6:39047 viewId="8f050e…decfe8"
        INFO [09-22|09:29:35.548] handleNewViewMsg got new view message    from=127.0.0.4:39475 viewId="8f050e…decfe8"
        INFO [09-22|09:29:56.929] handleNewViewMsg got new view message    from=127.0.0.4:39475 viewId="397a7b…8c1660"
        INFO [09-22|09:29:56.947] handleNewViewMsg got new view message    from=127.0.0.7:36667 viewId="397a7b…8c1660"
        INFO [09-22|09:29:56.961] handleNewViewMsg got new view message    from=127.0.0.8:35659 viewId="397a7b…8c1660"
        INFO [09-22|09:29:56.976] handleNewViewMsg got new view message    from=127.0.0.3:34621 viewId="397a7b…8c1660"
        INFO [09-22|09:29:56.992] handleNewViewMsg got new view message    from=127.0.0.5:43867 viewId="397a7b…8c1660"
        INFO [09-22|09:29:57.047] handleNewViewMsg got new view message    from=127.0.0.2:44039 viewId="397a7b…8c1660"
        INFO [09-22|09:29:57.061] handleNewViewMsg got new view message    from=127.0.0.6:39047 viewId="397a7b…8c1660"
        INFO [09-22|09:30:18.684] handleNewViewMsg got new view message    from=127.0.0.5:43867 viewId="de4a81…ff3a1b"
        INFO [09-22|09:30:18.705] handleNewViewMsg got new view message    from=127.0.0.7:36667 viewId="de4a81…ff3a1b"
        INFO [09-22|09:30:18.744] handleNewViewMsg got new view message    from=127.0.0.2:44039 viewId="de4a81…ff3a1b"
        INFO [09-22|09:30:18.762] handleNewViewMsg got new view message    from=127.0.0.8:35659 viewId="de4a81…ff3a1b"
        INFO [09-22|09:30:18.778] handleNewViewMsg got new view message    from=127.0.0.3:34621 viewId="de4a81…ff3a1b"
        INFO [09-22|09:30:18.831] handleNewViewMsg got new view message    from=127.0.0.6:39047 viewId="de4a81…ff3a1b"
        INFO [09-22|09:30:18.848] handleNewViewMsg got new view message    from=127.0.0.4:39475 viewId="de4a81…ff3a1b"
        INFO [09-22|09:30:40.421] handleNewViewMsg got new view message    from=127.0.0.4:39475 viewId="08380c…8083b5"
        INFO [09-22|09:30:40.440] handleNewViewMsg got new view message    from=127.0.0.6:39047 viewId="08380c…8083b5"
        INFO [09-22|09:30:40.456] handleNewViewMsg got new view message    from=127.0.0.3:34621 viewId="08380c…8083b5"
        INFO [09-22|09:30:40.471] handleNewViewMsg got new view message    from=127.0.0.8:35659 viewId="08380c…8083b5"
        INFO [09-22|09:30:40.486] handleNewViewMsg got new view message    from=127.0.0.2:44039 viewId="08380c…8083b5"
        INFO [09-22|09:30:40.548] handleNewViewMsg got new view message    from=127.0.0.7:36667 viewId="08380c…8083b5"
        INFO [09-22|09:30:40.564] handleNewViewMsg got new view message    from=127.0.0.5:43867 viewId="08380c…8083b5"
    dex_financial_cli_test.go:113: ordinary CLI full log /tmp/dex-normal-cli-failure-912434664.log
    dex_financial_cli_test.go:118: ordinary Common2: WARN [09-22|09:27:57.849] Upgrade blockchain database version      from=<nil> to=10
        WARN [09-22|09:28:01.314] GetBlockByNumer                          number=0
        INFO [09-22|09:28:01.456] DEX sidecar active                       index=2 mode=native-finance datadir=/tmp/TestFHSNativeFinancialOrdinaryCLI3241431235/001/common-2/dex
        INFO [09-22|09:28:12.379] handleNewViewMsg got new view message    from=127.0.0.4:39475 viewId="0c97ab…903af6"
        INFO [09-22|09:28:12.393] handleNewViewMsg got new view message    from=127.0.0.2:44039 viewId="0c97ab…903af6"
        INFO [09-22|09:28:12.404] handleNewViewMsg got new view message    from=127.0.0.6:39047 viewId="0c97ab…903af6"
        INFO [09-22|09:28:12.416] handleNewViewMsg got new view message    from=127.0.0.5:43867 viewId="0c97ab…903af6"
        INFO [09-22|09:28:12.427] handleNewViewMsg got new view message    from=127.0.0.3:34621 viewId="0c97ab…903af6"
        INFO [09-22|09:28:13.060] handleNewViewMsg got new view message    from=127.0.0.7:36667 viewId="0c97ab…903af6"
        INFO [09-22|09:28:17.169] HOTSTUFF PREPARE QC VERIFIED             number=4 viewID="5b46a4…b5aba1" from=127.0.0.5:43867 maskBytes=1
        INFO [09-22|09:28:17.570] HOTSTUFF PREPARE QC VERIFIED             number=5 viewID="455514…bc0ef4" from=127.0.0.6:39047 maskBytes=1
        INFO [09-22|09:28:17.852] HOTSTUFF PREPARE QC VERIFIED             number=6 viewID="c55435…1dbbbf" from=127.0.0.7:36667 maskBytes=1
        INFO [09-22|09:28:18.137] HOTSTUFF PREPARE QC VERIFIED             number=7 viewID="54979b…000bcb" from=127.0.0.8:35659 maskBytes=1
        INFO [09-22|09:28:18.821] HOTSTUFF PREPARE QC VERIFIED             number=8 viewID="c53636…42d2d7" from=127.0.0.2:44039 maskBytes=1
        INFO [09-22|09:28:19.628] HOTSTUFF PREPARE QC VERIFIED             number=9 viewID="6dd08f…4eac13" from=127.0.0.3:34621 maskBytes=1
        INFO [09-22|09:28:19.632] handleNewViewMsg got new view message    from=127.0.0.5:43867 viewId="4bd6cb…7f1a9a"
        INFO [09-22|09:28:19.644] handleNewViewMsg got new view message    from=127.0.0.3:34621 viewId="4bd6cb…7f1a9a"
        INFO [09-22|09:28:19.654] handleNewViewMsg got new view message    from=127.0.0.4:39475 viewId="4bd6cb…7f1a9a"
        INFO [09-22|09:28:19.663] handleNewViewMsg got new view message    from=127.0.0.2:44039 viewId="4bd6cb…7f1a9a"
        INFO [09-22|09:28:19.672] handleNewViewMsg got new view message    from=127.0.0.7:36667 viewId="4bd6cb…7f1a9a"
        INFO [09-22|09:28:19.722] handleNewViewMsg got new view message    from=127.0.0.6:39047 viewId="4bd6cb…7f1a9a"
        INFO [09-22|09:28:19.735] handleNewViewMsg got new view message    from=127.0.0.8:35659 viewId="4bd6cb…7f1a9a"
        INFO [09-22|09:28:19.916] HOTSTUFF PREPARE QC BROADCAST            number=10 viewID="4bd6cb…7f1a9a" votes=5 threshold=5
        INFO [09-22|09:28:19.941] HOTSTUFF PREPARE QC VERIFIED             number=10 viewID="4bd6cb…7f1a9a" from=127.0.0.4:39475 maskBytes=1
        INFO [09-22|09:28:20.252] HOTSTUFF PREPARE QC VERIFIED             number=11 viewID="9a1e2d…9aabf8" from=127.0.0.5:43867 maskBytes=1
        INFO [09-22|09:28:20.529] HOTSTUFF PREPARE QC VERIFIED             number=12 viewID="cce511…1e9e44" from=127.0.0.6:39047 maskBytes=1
        INFO [09-22|09:28:20.862] HOTSTUFF PREPARE QC VERIFIED             number=13 viewID="c5cc54…2d6d10" from=127.0.0.7:36667 maskBytes=1
        INFO [09-22|09:28:21.225] HOTSTUFF PREPARE QC VERIFIED             number=14 viewID="943d57…133c21" from=127.0.0.8:35659 maskBytes=1
        INFO [09-22|09:28:21.475] HOTSTUFF PREPARE QC VERIFIED             number=15 viewID="68a580…c91fbd" from=127.0.0.2:44039 maskBytes=1
        INFO [09-22|09:28:21.780] HOTSTUFF PREPARE QC VERIFIED             number=16 viewID="ea5ddf…77364a" from=127.0.0.3:34621 maskBytes=1
        INFO [09-22|09:28:21.785] handleNewViewMsg got new view message    from=127.0.0.5:43867 viewId="5a8eef…507184"
        INFO [09-22|09:28:21.801] handleNewViewMsg got new view message    from=127.0.0.3:34621 viewId="5a8eef…507184"
        INFO [09-22|09:28:21.811] handleNewViewMsg got new view message    from=127.0.0.7:36667 viewId="5a8eef…507184"
        INFO [09-22|09:28:21.822] handleNewViewMsg got new view message    from=127.0.0.6:39047 viewId="5a8eef…507184"
        INFO [09-22|09:28:21.834] handleNewViewMsg got new view message    from=127.0.0.8:35659 viewId="5a8eef…507184"
        INFO [09-22|09:28:21.888] handleNewViewMsg got new view message    from=127.0.0.4:39475 viewId="5a8eef…507184"
        INFO [09-22|09:28:21.902] handleNewViewMsg got new view message    from=127.0.0.2:44039 viewId="5a8eef…507184"
        INFO [09-22|09:28:22.053] HOTSTUFF PREPARE QC BROADCAST            number=17 viewID="5a8eef…507184" votes=5 threshold=5
        INFO [09-22|09:28:22.073] HOTSTUFF PREPARE QC VERIFIED             number=17 viewID="5a8eef…507184" from=127.0.0.4:39475 maskBytes=1
        INFO [09-22|09:28:22.431] HOTSTUFF PREPARE QC VERIFIED             number=18 viewID="68d630…eda268" from=127.0.0.5:43867 maskBytes=1
        INFO [09-22|09:28:22.832] HOTSTUFF PREPARE QC VERIFIED             number=19 viewID="9da5fa…b94c8f" from=127.0.0.6:39047 maskBytes=1
        INFO [09-22|09:28:23.152] HOTSTUFF PREPARE QC VERIFIED             number=20 viewID="3f2d97…71f922" from=127.0.0.7:36667 maskBytes=1
        INFO [09-22|09:28:25.499] HOTSTUFF PREPARE QC VERIFIED             number=21 viewID="6500a3…4f5f92" from=127.0.0.8:35659 maskBytes=1
        INFO [09-22|09:28:26.670] HOTSTUFF PREPARE QC VERIFIED             number=22 viewID="6e5ac4…70cdad" from=127.0.0.2:44039 maskBytes=1
        INFO [09-22|09:28:26.988] HOTSTUFF PREPARE QC VERIFIED             number=23 viewID="cc9d2f…9ec7cd" from=127.0.0.3:34621 maskBytes=1
        INFO [09-22|09:28:27.015] handleNewViewMsg got new view message    from=127.0.0.7:36667 viewId="616606…21319a"
        INFO [09-22|09:28:27.027] handleNewViewMsg got new view message    from=127.0.0.2:44039 viewId="616606…21319a"
        INFO [09-22|09:28:27.037] handleNewViewMsg got new view message    from=127.0.0.8:35659 viewId="616606…21319a"
        INFO [09-22|09:28:27.045] handleNewViewMsg got new view message    from=127.0.0.6:39047 viewId="616606…21319a"
        INFO [09-22|09:28:27.055] handleNewViewMsg got new view message    from=127.0.0.5:43867 viewId="616606…21319a"
        INFO [09-22|09:28:27.099] handleNewViewMsg got new view message    from=127.0.0.3:34621 viewId="616606…21319a"
        INFO [09-22|09:28:27.108] handleNewViewMsg got new view message    from=127.0.0.4:39475 viewId="616606…21319a"
        INFO [09-22|09:28:48.828] handleNewViewMsg got new view message    from=127.0.0.5:43867 viewId="97a792…89e87e"
        INFO [09-22|09:28:48.869] handleNewViewMsg got new view message    from=127.0.0.4:39475 viewId="97a792…89e87e"
        INFO [09-22|09:28:48.887] handleNewViewMsg got new view message    from=127.0.0.3:34621 viewId="97a792…89e87e"
        INFO [09-22|09:28:48.903] handleNewViewMsg got new view message    from=127.0.0.6:39047 viewId="97a792…89e87e"
        INFO [09-22|09:28:48.920] handleNewViewMsg got new view message    from=127.0.0.2:44039 viewId="97a792…89e87e"
        INFO [09-22|09:28:48.982] handleNewViewMsg got new view message    from=127.0.0.7:36667 viewId="97a792…89e87e"
        INFO [09-22|09:28:49.000] handleNewViewMsg got new view message    from=127.0.0.8:35659 viewId="97a792…89e87e"
        INFO [09-22|09:29:10.535] handleNewViewMsg got new view message    from=127.0.0.2:44039 viewId="dd0570…59a5fb"
        INFO [09-22|09:29:10.557] handleNewViewMsg got new view message    from=127.0.0.7:36667 viewId="dd0570…59a5fb"
        INFO [09-22|09:29:10.575] handleNewViewMsg got new view message    from=127.0.0.8:35659 viewId="dd0570…59a5fb"
        INFO [09-22|09:29:10.594] handleNewViewMsg got new view message    from=127.0.0.6:39047 viewId="dd0570…59a5fb"
        INFO [09-22|09:29:10.611] handleNewViewMsg got new view message    from=127.0.0.5:43867 viewId="dd0570…59a5fb"
        INFO [09-22|09:29:10.667] handleNewViewMsg got new view message    from=127.0.0.3:34621 viewId="dd0570…59a5fb"
        INFO [09-22|09:29:10.685] handleNewViewMsg got new view message    from=127.0.0.4:39475 viewId="dd0570…59a5fb"
        INFO [09-22|09:29:32.338] handleNewViewMsg got new view message    from=127.0.0.7:36667 viewId="2aaf72…b35b67"
        INFO [09-22|09:29:32.358] handleNewViewMsg got new view message    from=127.0.0.4:39475 viewId="2aaf72…b35b67"
        INFO [09-22|09:29:32.379] handleNewViewMsg got new view message    from=127.0.0.8:35659 viewId="2aaf72…b35b67"
        INFO [09-22|09:29:32.395] handleNewViewMsg got new view message    from=127.0.0.2:44039 viewId="2aaf72…b35b67"
        INFO [09-22|09:29:32.413] handleNewViewMsg got new view message    from=127.0.0.5:43867 viewId="2aaf72…b35b67"
        INFO [09-22|09:29:32.466] handleNewViewMsg got new view message    from=127.0.0.6:39047 viewId="2aaf72…b35b67"
        INFO [09-22|09:29:32.484] handleNewViewMsg got new view message    from=127.0.0.3:34621 viewId="2aaf72…b35b67"
        INFO [09-22|09:29:53.852] handleNewViewMsg got new view message    from=127.0.0.4:39475 viewId="c5e482…2d97e3"
        INFO [09-22|09:29:53.875] handleNewViewMsg got new view message    from=127.0.0.3:34621 viewId="c5e482…2d97e3"
        INFO [09-22|09:29:53.888] handleNewViewMsg got new view message    from=127.0.0.8:35659 viewId="c5e482…2d97e3"
        INFO [09-22|09:29:53.906] handleNewViewMsg got new view message    from=127.0.0.7:36667 viewId="c5e482…2d97e3"
        INFO [09-22|09:29:53.926] handleNewViewMsg got new view message    from=127.0.0.2:44039 viewId="c5e482…2d97e3"
        INFO [09-22|09:29:53.984] handleNewViewMsg got new view message    from=127.0.0.5:43867 viewId="c5e482…2d97e3"
        INFO [09-22|09:29:53.999] handleNewViewMsg got new view message    from=127.0.0.6:39047 viewId="c5e482…2d97e3"
        INFO [09-22|09:30:15.579] handleNewViewMsg got new view message    from=127.0.0.2:44039 viewId="cb1c04…65c629"
        INFO [09-22|09:30:15.604] handleNewViewMsg got new view message    from=127.0.0.7:36667 viewId="cb1c04…65c629"
        INFO [09-22|09:30:15.629] handleNewViewMsg got new view message    from=127.0.0.5:43867 viewId="cb1c04…65c629"
        INFO [09-22|09:30:15.653] handleNewViewMsg got new view message    from=127.0.0.4:39475 viewId="cb1c04…65c629"
        INFO [09-22|09:30:15.669] handleNewViewMsg got new view message    from=127.0.0.3:34621 viewId="cb1c04…65c629"
        INFO [09-22|09:30:15.720] handleNewViewMsg got new view message    from=127.0.0.6:39047 viewId="cb1c04…65c629"
        INFO [09-22|09:30:15.737] handleNewViewMsg got new view message    from=127.0.0.8:35659 viewId="cb1c04…65c629"
        INFO [09-22|09:30:37.308] handleNewViewMsg got new view message    from=127.0.0.4:39475 viewId="bdd3a9…e81cae"
        INFO [09-22|09:30:37.339] handleNewViewMsg got new view message    from=127.0.0.6:39047 viewId="bdd3a9…e81cae"
        INFO [09-22|09:30:37.361] handleNewViewMsg got new view message    from=127.0.0.3:34621 viewId="bdd3a9…e81cae"
        INFO [09-22|09:30:37.383] handleNewViewMsg got new view message    from=127.0.0.2:44039 viewId="bdd3a9…e81cae"
        INFO [09-22|09:30:37.401] handleNewViewMsg got new view message    from=127.0.0.7:36667 viewId="bdd3a9…e81cae"
        INFO [09-22|09:30:37.456] handleNewViewMsg got new view message    from=127.0.0.5:43867 viewId="bdd3a9…e81cae"
        INFO [09-22|09:30:37.473] handleNewViewMsg got new view message    from=127.0.0.8:35659 viewId="bdd3a9…e81cae"
    dex_financial_cli_test.go:113: ordinary CLI full log /tmp/dex-normal-cli-failure-590508508.log
    dex_financial_cli_test.go:118: ordinary Common1: WARN [09-22|09:27:54.038] Upgrade blockchain database version      from=<nil> to=10
        WARN [09-22|09:27:57.533] GetBlockByNumer                          number=0
        INFO [09-22|09:27:57.629] DEX sidecar active                       index=1 mode=native-finance datadir=/tmp/TestFHSNativeFinancialOrdinaryCLI3241431235/001/common-1/dex
        INFO [09-22|09:28:09.327] handleNewViewMsg got new view message    from=127.0.0.5:43867 viewId="f8a491…e34f01"
        INFO [09-22|09:28:09.340] handleNewViewMsg got new view message    from=127.0.0.2:44039 viewId="f8a491…e34f01"
        INFO [09-22|09:28:09.350] handleNewViewMsg got new view message    from=127.0.0.4:39475 viewId="f8a491…e34f01"
        INFO [09-22|09:28:09.362] handleNewViewMsg got new view message    from=127.0.0.3:34621 viewId="f8a491…e34f01"
        INFO [09-22|09:28:09.373] handleNewViewMsg got new view message    from=127.0.0.6:39047 viewId="f8a491…e34f01"
        INFO [09-22|09:28:16.728] handleNewViewMsg got new view message    from=127.0.0.8:35659 viewId="f8a491…e34f01"
        WARN [09-22|09:28:16.741] reject new-view before storage           from=127.0.0.8:35659 viewID="f8a491…e34f01" err="hotstuff view state too old"
        INFO [09-22|09:28:17.168] HOTSTUFF PREPARE QC VERIFIED             number=4 viewID="5b46a4…b5aba1" from=127.0.0.5:43867 maskBytes=1
        INFO [09-22|09:28:17.617] HOTSTUFF PREPARE QC VERIFIED             number=5 viewID="455514…bc0ef4" from=127.0.0.6:39047 maskBytes=1
        INFO [09-22|09:28:17.852] HOTSTUFF PREPARE QC VERIFIED             number=6 viewID="c55435…1dbbbf" from=127.0.0.7:36667 maskBytes=1
        INFO [09-22|09:28:18.146] HOTSTUFF PREPARE QC VERIFIED             number=7 viewID="54979b…000bcb" from=127.0.0.8:35659 maskBytes=1
        INFO [09-22|09:28:18.993] HOTSTUFF PREPARE QC VERIFIED             number=8 viewID="c53636…42d2d7" from=127.0.0.2:44039 maskBytes=1
        INFO [09-22|09:28:19.067] handleNewViewMsg got new view message    from=127.0.0.2:44039 viewId="6dd08f…4eac13"
        INFO [09-22|09:28:19.085] handleNewViewMsg got new view message    from=127.0.0.3:34621 viewId="6dd08f…4eac13"
        INFO [09-22|09:28:19.250] handleNewViewMsg got new view message    from=127.0.0.7:36667 viewId="6dd08f…4eac13"
        INFO [09-22|09:28:19.274] handleNewViewMsg got new view message    from=127.0.0.4:39475 viewId="6dd08f…4eac13"
        INFO [09-22|09:28:19.287] handleNewViewMsg got new view message    from=127.0.0.8:35659 viewId="6dd08f…4eac13"
        INFO [09-22|09:28:19.363] handleNewViewMsg got new view message    from=127.0.0.6:39047 viewId="6dd08f…4eac13"
        INFO [09-22|09:28:19.410] handleNewViewMsg got new view message    from=127.0.0.5:43867 viewId="6dd08f…4eac13"
        INFO [09-22|09:28:19.603] HOTSTUFF PREPARE QC BROADCAST            number=9 viewID="6dd08f…4eac13" votes=5 threshold=5
        INFO [09-22|09:28:19.616] HOTSTUFF PREPARE QC VERIFIED             number=9 viewID="6dd08f…4eac13" from=127.0.0.3:34621 maskBytes=1
        INFO [09-22|09:28:19.945] HOTSTUFF PREPARE QC VERIFIED             number=10 viewID="4bd6cb…7f1a9a" from=127.0.0.4:39475 maskBytes=1
        INFO [09-22|09:28:20.255] HOTSTUFF PREPARE QC VERIFIED             number=11 viewID="9a1e2d…9aabf8" from=127.0.0.5:43867 maskBytes=1
        INFO [09-22|09:28:20.520] HOTSTUFF PREPARE QC VERIFIED             number=12 viewID="cce511…1e9e44" from=127.0.0.6:39047 maskBytes=1
        INFO [09-22|09:28:20.879] HOTSTUFF PREPARE QC VERIFIED             number=13 viewID="c5cc54…2d6d10" from=127.0.0.7:36667 maskBytes=1
        INFO [09-22|09:28:21.245] HOTSTUFF PREPARE QC VERIFIED             number=14 viewID="943d57…133c21" from=127.0.0.8:35659 maskBytes=1
        INFO [09-22|09:28:21.471] HOTSTUFF PREPARE QC VERIFIED             number=15 viewID="68a580…c91fbd" from=127.0.0.2:44039 maskBytes=1
        INFO [09-22|09:28:21.476] handleNewViewMsg got new view message    from=127.0.0.8:35659 viewId="ea5ddf…77364a"
        INFO [09-22|09:28:21.495] handleNewViewMsg got new view message    from=127.0.0.2:44039 viewId="ea5ddf…77364a"
        INFO [09-22|09:28:21.505] handleNewViewMsg got new view message    from=127.0.0.3:34621 viewId="ea5ddf…77364a"
        INFO [09-22|09:28:21.514] handleNewViewMsg got new view message    from=127.0.0.4:39475 viewId="ea5ddf…77364a"
        INFO [09-22|09:28:21.524] handleNewViewMsg got new view message    from=127.0.0.6:39047 viewId="ea5ddf…77364a"
        INFO [09-22|09:28:21.566] handleNewViewMsg got new view message    from=127.0.0.5:43867 viewId="ea5ddf…77364a"
        INFO [09-22|09:28:21.574] handleNewViewMsg got new view message    from=127.0.0.7:36667 viewId="ea5ddf…77364a"
        INFO [09-22|09:28:21.728] HOTSTUFF PREPARE QC BROADCAST            number=16 viewID="ea5ddf…77364a" votes=5 threshold=5
        INFO [09-22|09:28:21.778] HOTSTUFF PREPARE QC VERIFIED             number=16 viewID="ea5ddf…77364a" from=127.0.0.3:34621 maskBytes=1
        INFO [09-22|09:28:22.086] HOTSTUFF PREPARE QC VERIFIED             number=17 viewID="5a8eef…507184" from=127.0.0.4:39475 maskBytes=1
        INFO [09-22|09:28:22.440] HOTSTUFF PREPARE QC VERIFIED             number=18 viewID="68d630…eda268" from=127.0.0.5:43867 maskBytes=1
        INFO [09-22|09:28:22.836] HOTSTUFF PREPARE QC VERIFIED             number=19 viewID="9da5fa…b94c8f" from=127.0.0.6:39047 maskBytes=1
        INFO [09-22|09:28:23.146] HOTSTUFF PREPARE QC VERIFIED             number=20 viewID="3f2d97…71f922" from=127.0.0.7:36667 maskBytes=1
        INFO [09-22|09:28:25.469] HOTSTUFF PREPARE QC VERIFIED             number=21 viewID="6500a3…4f5f92" from=127.0.0.8:35659 maskBytes=1
        INFO [09-22|09:28:26.662] HOTSTUFF PREPARE QC VERIFIED             number=22 viewID="6e5ac4…70cdad" from=127.0.0.2:44039 maskBytes=1
        INFO [09-22|09:28:26.665] handleNewViewMsg got new view message    from=127.0.0.7:36667 viewId="cc9d2f…9ec7cd"
        INFO [09-22|09:28:26.674] handleNewViewMsg got new view message    from=127.0.0.8:35659 viewId="cc9d2f…9ec7cd"
        INFO [09-22|09:28:26.684] handleNewViewMsg got new view message    from=127.0.0.6:39047 viewId="cc9d2f…9ec7cd"
        INFO [09-22|09:28:26.697] handleNewViewMsg got new view message    from=127.0.0.2:44039 viewId="cc9d2f…9ec7cd"
        INFO [09-22|09:28:26.712] handleNewViewMsg got new view message    from=127.0.0.3:34621 viewId="cc9d2f…9ec7cd"
        INFO [09-22|09:28:26.763] handleNewViewMsg got new view message    from=127.0.0.4:39475 viewId="cc9d2f…9ec7cd"
        INFO [09-22|09:28:26.777] handleNewViewMsg got new view message    from=127.0.0.5:43867 viewId="cc9d2f…9ec7cd"
        INFO [09-22|09:28:26.913] HOTSTUFF PREPARE QC BROADCAST            number=23 viewID="cc9d2f…9ec7cd" votes=5 threshold=5
        INFO [09-22|09:28:26.931] HOTSTUFF PREPARE QC VERIFIED             number=23 viewID="cc9d2f…9ec7cd" from=127.0.0.3:34621 maskBytes=1
        INFO [09-22|09:28:45.727] handleNewViewMsg got new view message    from=127.0.0.3:34621 viewId="b35386…2a9a3f"
        INFO [09-22|09:28:45.760] handleNewViewMsg got new view message    from=127.0.0.6:39047 viewId="b35386…2a9a3f"
        INFO [09-22|09:28:45.781] handleNewViewMsg got new view message    from=127.0.0.5:43867 viewId="b35386…2a9a3f"
        INFO [09-22|09:28:45.797] handleNewViewMsg got new view message    from=127.0.0.4:39475 viewId="b35386…2a9a3f"
        INFO [09-22|09:28:45.814] handleNewViewMsg got new view message    from=127.0.0.8:35659 viewId="b35386…2a9a3f"
        INFO [09-22|09:28:45.878] handleNewViewMsg got new view message    from=127.0.0.2:44039 viewId="b35386…2a9a3f"
        INFO [09-22|09:28:45.894] handleNewViewMsg got new view message    from=127.0.0.7:36667 viewId="b35386…2a9a3f"
        INFO [09-22|09:29:07.439] handleNewViewMsg got new view message    from=127.0.0.7:36667 viewId="fc3d21…73cb82"
        INFO [09-22|09:29:07.467] handleNewViewMsg got new view message    from=127.0.0.2:44039 viewId="fc3d21…73cb82"
        INFO [09-22|09:29:07.488] handleNewViewMsg got new view message    from=127.0.0.6:39047 viewId="fc3d21…73cb82"
        INFO [09-22|09:29:07.510] handleNewViewMsg got new view message    from=127.0.0.4:39475 viewId="fc3d21…73cb82"
        INFO [09-22|09:29:07.532] handleNewViewMsg got new view message    from=127.0.0.3:34621 viewId="fc3d21…73cb82"
        INFO [09-22|09:29:07.595] handleNewViewMsg got new view message    from=127.0.0.5:43867 viewId="fc3d21…73cb82"
        INFO [09-22|09:29:07.624] handleNewViewMsg got new view message    from=127.0.0.8:35659 viewId="fc3d21…73cb82"
        INFO [09-22|09:29:29.242] handleNewViewMsg got new view message    from=127.0.0.5:43867 viewId="e0387f…2f7ea0"
        INFO [09-22|09:29:29.257] handleNewViewMsg got new view message    from=127.0.0.3:34621 viewId="e0387f…2f7ea0"
        INFO [09-22|09:29:29.272] handleNewViewMsg got new view message    from=127.0.0.6:39047 viewId="e0387f…2f7ea0"
        INFO [09-22|09:29:29.286] handleNewViewMsg got new view message    from=127.0.0.8:35659 viewId="e0387f…2f7ea0"
        INFO [09-22|09:29:29.303] handleNewViewMsg got new view message    from=127.0.0.2:44039 viewId="e0387f…2f7ea0"
        INFO [09-22|09:29:29.354] handleNewViewMsg got new view message    from=127.0.0.7:36667 viewId="e0387f…2f7ea0"
        INFO [09-22|09:29:29.416] handleNewViewMsg got new view message    from=127.0.0.4:39475 viewId="e0387f…2f7ea0"
        INFO [09-22|09:29:50.801] handleNewViewMsg got new view message    from=127.0.0.2:44039 viewId="78b454…bf74a7"
        INFO [09-22|09:29:50.818] handleNewViewMsg got new view message    from=127.0.0.4:39475 viewId="78b454…bf74a7"
        INFO [09-22|09:29:50.835] handleNewViewMsg got new view message    from=127.0.0.3:34621 viewId="78b454…bf74a7"
        INFO [09-22|09:29:50.850] handleNewViewMsg got new view message    from=127.0.0.5:43867 viewId="78b454…bf74a7"
        INFO [09-22|09:29:50.863] handleNewViewMsg got new view message    from=127.0.0.7:36667 viewId="78b454…bf74a7"
        INFO [09-22|09:29:50.923] handleNewViewMsg got new view message    from=127.0.0.8:35659 viewId="78b454…bf74a7"
        INFO [09-22|09:29:50.943] handleNewViewMsg got new view message    from=127.0.0.6:39047 viewId="78b454…bf74a7"
        INFO [09-22|09:30:12.443] handleNewViewMsg got new view message    from=127.0.0.5:43867 viewId="bcdf7a…f72f14"
        INFO [09-22|09:30:12.465] handleNewViewMsg got new view message    from=127.0.0.7:36667 viewId="bcdf7a…f72f14"
        INFO [09-22|09:30:12.484] handleNewViewMsg got new view message    from=127.0.0.8:35659 viewId="bcdf7a…f72f14"
        INFO [09-22|09:30:12.500] handleNewViewMsg got new view message    from=127.0.0.3:34621 viewId="bcdf7a…f72f14"
        INFO [09-22|09:30:12.517] handleNewViewMsg got new view message    from=127.0.0.2:44039 viewId="bcdf7a…f72f14"
        INFO [09-22|09:30:12.588] handleNewViewMsg got new view message    from=127.0.0.6:39047 viewId="bcdf7a…f72f14"
        INFO [09-22|09:30:12.605] handleNewViewMsg got new view message    from=127.0.0.4:39475 viewId="bcdf7a…f72f14"
        INFO [09-22|09:30:34.248] handleNewViewMsg got new view message    from=127.0.0.2:44039 viewId="9f6a37…823bca"
        INFO [09-22|09:30:34.272] handleNewViewMsg got new view message    from=127.0.0.3:34621 viewId="9f6a37…823bca"
        INFO [09-22|09:30:34.289] handleNewViewMsg got new view message    from=127.0.0.4:39475 viewId="9f6a37…823bca"
        INFO [09-22|09:30:34.307] handleNewViewMsg got new view message    from=127.0.0.8:35659 viewId="9f6a37…823bca"
        INFO [09-22|09:30:34.325] handleNewViewMsg got new view message    from=127.0.0.7:36667 viewId="9f6a37…823bca"
        INFO [09-22|09:30:34.401] handleNewViewMsg got new view message    from=127.0.0.6:39047 viewId="9f6a37…823bca"
        INFO [09-22|09:30:34.419] handleNewViewMsg got new view message    from=127.0.0.5:43867 viewId="9f6a37…823bca"
    dex_financial_cli_test.go:113: ordinary CLI full log /tmp/dex-normal-cli-failure-2978949744.log
    dex_financial_cli_test.go:118: ordinary Common0:           number=20 viewID="3f2d97…71f922" from=127.0.0.7:36667 maskBytes=1
        INFO [09-22|09:28:25.515] HOTSTUFF PREPARE QC VERIFIED             number=21 viewID="6500a3…4f5f92" from=127.0.0.8:35659 maskBytes=1
        INFO [09-22|09:28:25.517] handleNewViewMsg got new view message    from=127.0.0.6:39047 viewId="6e5ac4…70cdad"
        INFO [09-22|09:28:25.527] handleNewViewMsg got new view message    from=127.0.0.3:34621 viewId="6e5ac4…70cdad"
        INFO [09-22|09:28:25.538] handleNewViewMsg got new view message    from=127.0.0.5:43867 viewId="6e5ac4…70cdad"
        INFO [09-22|09:28:25.549] handleNewViewMsg got new view message    from=127.0.0.7:36667 viewId="6e5ac4…70cdad"
        INFO [09-22|09:28:25.646] handleNewViewMsg got new view message    from=127.0.0.2:44039 viewId="6e5ac4…70cdad"
        INFO [09-22|09:28:25.695] handleNewViewMsg got new view message    from=127.0.0.8:35659 viewId="6e5ac4…70cdad"
        INFO [09-22|09:28:25.723] handleNewViewMsg got new view message    from=127.0.0.4:39475 viewId="6e5ac4…70cdad"
        INFO [09-22|09:28:26.388] HOTSTUFF PREPARE QC BROADCAST            number=22 viewID="6e5ac4…70cdad" votes=5 threshold=5
        INFO [09-22|09:28:26.403] HOTSTUFF PREPARE QC VERIFIED             number=22 viewID="6e5ac4…70cdad" from=127.0.0.2:44039 maskBytes=1
        INFO [09-22|09:28:26.951] HOTSTUFF PREPARE QC VERIFIED             number=23 viewID="cc9d2f…9ec7cd" from=127.0.0.3:34621 maskBytes=1
        INFO [09-22|09:28:42.686] handleNewViewMsg got new view message    from=127.0.0.7:36667 viewId="964cf8…75606b"
        INFO [09-22|09:28:42.703] handleNewViewMsg got new view message    from=127.0.0.4:39475 viewId="964cf8…75606b"
        INFO [09-22|09:28:42.717] handleNewViewMsg got new view message    from=127.0.0.8:35659 viewId="964cf8…75606b"
        INFO [09-22|09:28:42.743] handleNewViewMsg got new view message    from=127.0.0.3:34621 viewId="964cf8…75606b"
        INFO [09-22|09:28:42.763] handleNewViewMsg got new view message    from=127.0.0.6:39047 viewId="964cf8…75606b"
        INFO [09-22|09:28:42.813] handleNewViewMsg got new view message    from=127.0.0.2:44039 viewId="964cf8…75606b"
        INFO [09-22|09:28:42.835] handleNewViewMsg got new view message    from=127.0.0.5:43867 viewId="964cf8…75606b"
        INFO [09-22|09:29:04.312] handleNewViewMsg got new view message    from=127.0.0.2:44039 viewId="e324cd…d9221e"
        INFO [09-22|09:29:04.333] handleNewViewMsg got new view message    from=127.0.0.7:36667 viewId="e324cd…d9221e"
        INFO [09-22|09:29:04.351] handleNewViewMsg got new view message    from=127.0.0.8:35659 viewId="e324cd…d9221e"
        INFO [09-22|09:29:04.369] handleNewViewMsg got new view message    from=127.0.0.3:34621 viewId="e324cd…d9221e"
        INFO [09-22|09:29:04.386] handleNewViewMsg got new view message    from=127.0.0.5:43867 viewId="e324cd…d9221e"
        INFO [09-22|09:29:04.469] handleNewViewMsg got new view message    from=127.0.0.4:39475 viewId="e324cd…d9221e"
        INFO [09-22|09:29:04.486] handleNewViewMsg got new view message    from=127.0.0.6:39047 viewId="e324cd…d9221e"
        WARN [09-22|09:29:14.881] GetBlockByNumer                          number=46
        WARN [09-22|09:29:14.881] GetBlockByNumer                          number=42
        WARN [09-22|09:29:14.881] GetBlockByNumer                          number=38
        WARN [09-22|09:29:14.881] GetBlockByNumer                          number=34
        WARN [09-22|09:29:14.881] GetBlockByNumer                          number=30
        WARN [09-22|09:29:14.881] GetBlockByNumer                          number=26
        WARN [09-22|09:29:14.881] GetBlockByNumer                          number=22
        WARN [09-22|09:29:14.881] GetBlockByNumer                          number=18
        WARN [09-22|09:29:14.881] GetBlockByNumer                          number=14
        WARN [09-22|09:29:14.881] GetBlockByNumer                          number=10
        WARN [09-22|09:29:14.881] GetBlockByNumer                          number=6
        WARN [09-22|09:29:14.881] GetBlockByNumer                          number=2
        WARN [09-22|09:29:14.883] GetBlockByNumer                          number=23
        WARN [09-22|09:29:14.888] GetBlockByNumer                          number=11
        WARN [09-22|09:29:14.891] GetBlockByNumer                          number=5
        WARN [09-22|09:29:14.892] GetBlockByNumer                          number=2
        WARN [09-22|09:29:14.892] GetBlockByNumer                          number=1
        WARN [09-22|09:29:14.947] GetBlockByNumer                          number=1
        WARN [09-22|09:29:14.997] GetBlockByNumer                          number=2
        WARN [09-22|09:29:15.057] GetBlockByNumer                          number=3
        WARN [09-22|09:29:15.096] GetBlockByNumer                          number=4
        WARN [09-22|09:29:15.147] GetBlockByNumer                          number=5
        WARN [09-22|09:29:15.186] GetBlockByNumer                          number=6
        WARN [09-22|09:29:15.232] GetBlockByNumer                          number=7
        WARN [09-22|09:29:15.272] GetBlockByNumer                          number=8
        WARN [09-22|09:29:15.379] GetBlockByNumer                          number=9
        WARN [09-22|09:29:15.426] GetBlockByNumer                          number=10
        WARN [09-22|09:29:15.484] GetBlockByNumer                          number=11
        WARN [09-22|09:29:15.525] GetBlockByNumer                          number=12
        WARN [09-22|09:29:15.590] GetBlockByNumer                          number=13
        WARN [09-22|09:29:15.634] GetBlockByNumer                          number=14
        WARN [09-22|09:29:15.685] GetBlockByNumer                          number=15
        WARN [09-22|09:29:15.725] GetBlockByNumer                          number=16
        WARN [09-22|09:29:15.780] GetBlockByNumer                          number=17
        WARN [09-22|09:29:15.819] GetBlockByNumer                          number=18
        WARN [09-22|09:29:15.920] GetBlockByNumer                          number=19
        WARN [09-22|09:29:15.975] GetBlockByNumer                          number=20
        WARN [09-22|09:29:16.036] GetBlockByNumer                          number=21
        WARN [09-22|09:29:16.077] GetBlockByNumer                          number=22
        WARN [09-22|09:29:16.134] GetBlockByNumer                          number=23
        WARN [09-22|09:29:16.180] GetBlockByNumer                          number=24
        WARN [09-22|09:29:16.236] GetBlockByNumer                          number=25
        WARN [09-22|09:29:16.286] GetBlockByNumer                          number=26
        WARN [09-22|09:29:16.345] GetBlockByNumer                          number=27
        WARN [09-22|09:29:16.385] GetBlockByNumer                          number=28
        WARN [09-22|09:29:16.437] GetBlockByNumer                          number=29
        WARN [09-22|09:29:16.479] GetBlockByNumer                          number=30
        WARN [09-22|09:29:16.533] GetBlockByNumer                          number=31
        WARN [09-22|09:29:16.574] GetBlockByNumer                          number=32
        WARN [09-22|09:29:16.650] GetBlockByNumer                          number=33
        WARN [09-22|09:29:16.701] GetBlockByNumer                          number=34
        WARN [09-22|09:29:16.765] GetBlockByNumer                          number=35
        WARN [09-22|09:29:16.808] GetBlockByNumer                          number=36
        WARN [09-22|09:29:16.879] GetBlockByNumer                          number=37
        WARN [09-22|09:29:16.920] GetBlockByNumer                          number=38
        WARN [09-22|09:29:16.982] GetBlockByNumer                          number=39
        WARN [09-22|09:29:17.023] GetBlockByNumer                          number=40
        WARN [09-22|09:29:17.079] GetBlockByNumer                          number=41
        WARN [09-22|09:29:17.121] GetBlockByNumer                          number=42
        WARN [09-22|09:29:17.193] GetBlockByNumer                          number=43
        WARN [09-22|09:29:17.251] GetBlockByNumer                          number=44
        WARN [09-22|09:29:17.303] GetBlockByNumer                          number=45
        WARN [09-22|09:29:17.345] GetBlockByNumer                          number=46
        WARN [09-22|09:29:17.393] GetBlockByNumer                          number=47
        WARN [09-22|09:29:17.472] GetBlockByNumer                          number=0
        WARN [09-22|09:29:17.477] GetBlockByNumer                          number=47
        INFO [09-22|09:29:26.221] handleNewViewMsg got new view message    from=127.0.0.6:39047 viewId="68a3f4…3075b1"
        INFO [09-22|09:29:26.241] handleNewViewMsg got new view message    from=127.0.0.4:39475 viewId="68a3f4…3075b1"
        INFO [09-22|09:29:26.259] handleNewViewMsg got new view message    from=127.0.0.5:43867 viewId="68a3f4…3075b1"
        INFO [09-22|09:29:26.281] handleNewViewMsg got new view message    from=127.0.0.8:35659 viewId="68a3f4…3075b1"
        INFO [09-22|09:29:26.302] handleNewViewMsg got new view message    from=127.0.0.2:44039 viewId="68a3f4…3075b1"
        INFO [09-22|09:29:26.353] handleNewViewMsg got new view message    from=127.0.0.3:34621 viewId="68a3f4…3075b1"
        INFO [09-22|09:29:26.372] handleNewViewMsg got new view message    from=127.0.0.7:36667 viewId="68a3f4…3075b1"
        INFO [09-22|09:29:47.724] handleNewViewMsg got new view message    from=127.0.0.4:39475 viewId="e582d3…afd113"
        INFO [09-22|09:29:47.740] handleNewViewMsg got new view message    from=127.0.0.2:44039 viewId="e582d3…afd113"
        INFO [09-22|09:29:47.770] handleNewViewMsg got new view message    from=127.0.0.6:39047 viewId="e582d3…afd113"
        INFO [09-22|09:29:47.791] handleNewViewMsg got new view message    from=127.0.0.5:43867 viewId="e582d3…afd113"
        INFO [09-22|09:29:47.807] handleNewViewMsg got new view message    from=127.0.0.7:36667 viewId="e582d3…afd113"
        INFO [09-22|09:29:47.856] handleNewViewMsg got new view message    from=127.0.0.3:34621 viewId="e582d3…afd113"
        INFO [09-22|09:29:47.871] handleNewViewMsg got new view message    from=127.0.0.8:35659 viewId="e582d3…afd113"
        INFO [09-22|09:30:09.411] handleNewViewMsg got new view message    from=127.0.0.8:35659 viewId="d0946d…438e6b"
        INFO [09-22|09:30:09.437] handleNewViewMsg got new view message    from=127.0.0.7:36667 viewId="d0946d…438e6b"
        INFO [09-22|09:30:09.459] handleNewViewMsg got new view message    from=127.0.0.6:39047 viewId="d0946d…438e6b"
        INFO [09-22|09:30:09.481] handleNewViewMsg got new view message    from=127.0.0.5:43867 viewId="d0946d…438e6b"
        INFO [09-22|09:30:09.500] handleNewViewMsg got new view message    from=127.0.0.3:34621 viewId="d0946d…438e6b"
        INFO [09-22|09:30:09.576] handleNewViewMsg got new view message    from=127.0.0.2:44039 viewId="d0946d…438e6b"
        INFO [09-22|09:30:09.597] handleNewViewMsg got new view message    from=127.0.0.4:39475 viewId="d0946d…438e6b"
        INFO [09-22|09:30:31.159] handleNewViewMsg got new view message    from=127.0.0.3:34621 viewId="f1daf6…0c77bb"
        INFO [09-22|09:30:31.203] handleNewViewMsg got new view message    from=127.0.0.6:39047 viewId="f1daf6…0c77bb"
        INFO [09-22|09:30:31.228] handleNewViewMsg got new view message    from=127.0.0.2:44039 viewId="f1daf6…0c77bb"
        INFO [09-22|09:30:31.260] handleNewViewMsg got new view message    from=127.0.0.4:39475 viewId="f1daf6…0c77bb"
        INFO [09-22|09:30:31.277] handleNewViewMsg got new view message    from=127.0.0.5:43867 viewId="f1daf6…0c77bb"
        INFO [09-22|09:30:31.322] handleNewViewMsg got new view message    from=127.0.0.8:35659 viewId="f1daf6…0c77bb"
        INFO [09-22|09:30:31.336] handleNewViewMsg got new view message    from=127.0.0.7:36667 viewId="f1daf6…0c77bb"
        INFO [09-22|09:30:52.787] handleNewViewMsg got new view message    from=127.0.0.8:35659 viewId="ae9194…1e2bad"
        INFO [09-22|09:30:52.813] handleNewViewMsg got new view message    from=127.0.0.6:39047 viewId="ae9194…1e2bad"
        INFO [09-22|09:30:52.830] handleNewViewMsg got new view message    from=127.0.0.2:44039 viewId="ae9194…1e2bad"
        INFO [09-22|09:30:52.847] handleNewViewMsg got new view message    from=127.0.0.3:34621 viewId="ae9194…1e2bad"
        INFO [09-22|09:30:52.865] handleNewViewMsg got new view message    from=127.0.0.4:39475 viewId="ae9194…1e2bad"
        INFO [09-22|09:30:52.921] handleNewViewMsg got new view message    from=127.0.0.5:43867 viewId="ae9194…1e2bad"
        INFO [09-22|09:30:52.945] handleNewViewMsg got new view message    from=127.0.0.7:36667 viewId="ae9194…1e2bad"
    fhs_process_recovery_test.go:226: validator 962136 complete log: /tmp/fhs-process-failure-3877401379.log
    fhs_process_recovery_test.go:231: validator 962136 log tail:
        t=2026-09-22T09:27:42+0200 lvl=warn msg=GetBlockByNumer number=0
        t=2026-09-22T09:27:42+0200 lvl=warn msg="Failed to load snapshot, regenerating" err="missing or corrupted snapshot"
        t=2026-09-22T09:27:46+0200 lvl=info msg="HOTSTUFF PROPOSAL MANIFEST stored"     from=127.0.0.1:59182 number=1 proposalID=0xabe4425a31905907dbc5e0f9253fde114104091de2db85f5780c2a45fd77d09f manifestBytes=1219 missing=1 bodyBytes=1314
        t=2026-09-22T09:27:46+0200 lvl=eror msg="OnPropose wait proposal body"          number=1 proposalID=0xabe4425a31905907dbc5e0f9253fde114104091de2db85f5780c2a45fd77d09f err="hotstuff view state too old"
        t=2026-09-22T09:27:46+0200 lvl=warn msg="reject new-view before storage"        from=127.0.0.1:45502 viewID=0xe9db1a3be0997af0be95eb882a93c3147d9b5a801eb1ee74113473809a6aa20f err="hotstuff proposal validation pending"
        t=2026-09-22T09:27:46+0200 lvl=warn msg="reject new-view before storage"        from=127.0.0.1:59182 viewID=0xe9db1a3be0997af0be95eb882a93c3147d9b5a801eb1ee74113473809a6aa20f err="hotstuff proposal validation pending"
        t=2026-09-22T09:27:46+0200 lvl=warn msg="reject new-view before storage"        from=127.0.0.1:34278 viewID=0xe9db1a3be0997af0be95eb882a93c3147d9b5a801eb1ee74113473809a6aa20f err="hotstuff proposal validation pending"
        t=2026-09-22T09:27:46+0200 lvl=warn msg="reject new-view before storage"        from=127.0.0.1:59100 viewID=0xe9db1a3be0997af0be95eb882a93c3147d9b5a801eb1ee74113473809a6aa20f err="hotstuff proposal validation pending"
        t=2026-09-22T09:27:46+0200 lvl=warn msg="reject new-view before storage"        from=127.0.0.1:33198 viewID=0xe9db1a3be0997af0be95eb882a93c3147d9b5a801eb1ee74113473809a6aa20f err="hotstuff proposal validation pending"
        t=2026-09-22T09:27:46+0200 lvl=warn msg="reject new-view before storage"        from=127.0.0.1:46203 viewID=0xe9db1a3be0997af0be95eb882a93c3147d9b5a801eb1ee74113473809a6aa20f err="hotstuff proposal validation pending"
        t=2026-09-22T09:27:47+0200 lvl=info msg="HOTSTUFF PROPOSAL REF"                 number=2 viewID=0xe9db1a3be0997af0be95eb882a93c3147d9b5a801eb1ee74113473809a6aa20f proposalID=0x277381ce6a71cd67ca9d6a692a393b69e96e57df174500a2324f7ba07abe8db2 blockHash=0x1ac198a315c2b55f9cd9504edb1ae505ff4f111460b2e9051cc090e8bd8bada3 bodyHash=0xff93065362a585caa68ea48348ca6e2859d7291d7664d184b47a4cced7e02bba bodySize=830 refBytes=439
        t=2026-09-22T09:27:47+0200 lvl=info msg="HOTSTUFF PROPOSAL REF"                 number=3 viewID=0x92cc26f88101069c05b820552852d23d4eda983cfc352071a87dc7795ac8e2c9 proposalID=0xd5a384e1c839fb78a72eaa60a9f48f9912c93b8c6c4fb8b28871a310df813bf6 blockHash=0x71c26dc17e1bfe1e5190493cd4bc0c89f1e91f855474003faabd596994051820 bodyHash=0x9190e408c8308feb9a5633221dcc183a20d3511ef486c5a4f07e613b4c2e1892 bodySize=1314 refBytes=442
        t=2026-09-22T09:27:47+0200 lvl=info msg="HOTSTUFF PROPOSAL MANIFEST stored"     from=127.0.0.1:34278 number=4 proposalID=0xac6804e21db867a12828a90cd92588c4e1ee413e6c10c316cd29a61f57e992cf manifestBytes=830  missing=0 bodyBytes=830
        t=2026-09-22T09:27:48+0200 lvl=info msg="HOTSTUFF PROPOSAL MANIFEST stored"     from=127.0.0.1:33198 number=5 proposalID=0x26b72cc4211b5e9addfbc327a8405cadb6374538bbc05767ef818df9208a83cc manifestBytes=1219 missing=0 bodyBytes=1314
        t=2026-09-22T09:27:48+0200 lvl=info msg="HOTSTUFF PROPOSAL MANIFEST stored"     from=127.0.0.1:59100 number=6 proposalID=0x4c207330d9c5f4e8c907f157e1bf4d7c6fc263c83c6a872adaa20b4647865e74 manifestBytes=830  missing=0 bodyBytes=830
        t=2026-09-22T09:27:49+0200 lvl=info msg="HOTSTUFF PROPOSAL MANIFEST stored"     from=127.0.0.1:46203 number=7 proposalID=0xef845b47a2256ae748b8f4be6a3b7311dfd37ec97c8b4210d9d0d0b29c8e3188 manifestBytes=1219 missing=0 bodyBytes=1313
        t=2026-09-22T09:27:49+0200 lvl=warn msg="HandleConn drops connection: closed"   address=127.0.0.1:34267 remot=127.0.0.1:46203
        t=2026-09-22T09:27:49+0200 lvl=info msg="HOTSTUFF PROPOSAL MANIFEST stored"     from=127.0.0.1:33198 number=8 proposalID=0xd2fc47dcde8ce612458ea5170fdb51e345381d9b633371f506001cd59a40ff99 manifestBytes=830  missing=0 bodyBytes=830
        t=2026-09-22T09:27:49+0200 lvl=warn msg=GetBlockByNumer                         number=1
        t=2026-09-22T09:27:49+0200 lvl=warn msg=GetBlockByNumer                         number=7
        t=2026-09-22T09:27:49+0200 lvl=warn msg=GetBlockByNumer                         number=1
        t=2026-09-22T09:27:49+0200 lvl=warn msg=GetBlockByNumer                         number=7
        t=2026-09-22T09:27:54+0200 lvl=warn msg="HOTSTUFF RECOVERY resend NewView"      number=9 viewID=0x268e2aaa900cc18e3e9605a4854438d5b19a8fdaff9ebbdc964cb6801411f421 to=127.0.0.1:45502
        t=2026-09-22T09:27:59+0200 lvl=warn msg="HOTSTUFF RECOVERY resend NewView"      number=9 viewID=0x268e2aaa900cc18e3e9605a4854438d5b19a8fdaff9ebbdc964cb6801411f421 to=127.0.0.1:45502
        t=2026-09-22T09:28:04+0200 lvl=warn msg="HOTSTUFF RECOVERY resend NewView"      number=9 viewID=0x268e2aaa900cc18e3e9605a4854438d5b19a8fdaff9ebbdc964cb6801411f421 to=127.0.0.1:45502
        t=2026-09-22T09:28:09+0200 lvl=warn msg="HOTSTUFF RECOVERY resend NewView"      number=9 viewID=0x268e2aaa900cc18e3e9605a4854438d5b19a8fdaff9ebbdc964cb6801411f421 to=127.0.0.1:45502
        t=2026-09-22T09:28:14+0200 lvl=warn msg="HOTSTUFF RECOVERY resend NewView"      number=9 viewID=0x268e2aaa900cc18e3e9605a4854438d5b19a8fdaff9ebbdc964cb6801411f421 to=127.0.0.1:45502
        t=2026-09-22T09:28:19+0200 lvl=warn msg="HOTSTUFF RECOVERY resend NewView"      number=9 viewID=0x268e2aaa900cc18e3e9605a4854438d5b19a8fdaff9ebbdc964cb6801411f421 to=127.0.0.1:45502
        t=2026-09-22T09:28:24+0200 lvl=warn msg="HOTSTUFF RECOVERY resend NewView"      number=9 viewID=0x268e2aaa900cc18e3e9605a4854438d5b19a8fdaff9ebbdc964cb6801411f421 to=127.0.0.1:45502
        t=2026-09-22T09:28:27+0200 lvl=info msg="HOTSTUFF PROPOSAL MANIFEST stored"     from=127.0.0.1:45502 number=9 proposalID=0x2eac56ee3e4558a1216a1279922f6fa9c5607ef5904a9e61c40a55bda2d69c04 manifestBytes=1220 missing=0 bodyBytes=20186
        t=2026-09-22T09:28:27+0200 lvl=info msg="HOTSTUFF PROPOSAL MANIFEST stored"     from=127.0.0.1:34278 number=10 proposalID=0x0b40b6a039b4ab1e89c4ae13a11ed6708301e912effc88726fc4f63d157ffb24 manifestBytes=830  missing=0 bodyBytes=830
        t=2026-09-22T09:28:27+0200 lvl=warn msg="HandleConn drops connection: closed"   address=127.0.0.1:34267 remot=127.0.0.1:34278
        t=2026-09-22T09:28:27+0200 lvl=info msg="HOTSTUFF PROPOSAL MANIFEST stored"     from=127.0.0.1:34278 number=10 proposalID=0x0b40b6a039b4ab1e89c4ae13a11ed6708301e912effc88726fc4f63d157ffb24 manifestBytes=830  missing=0 bodyBytes=830
        t=2026-09-22T09:28:28+0200 lvl=info msg="HOTSTUFF PROPOSAL REF"                 number=11 viewID=0x4ab640fe03c910be44261696e778eb6c5fb7545c75639ae1d3f0c8e2c279dc28 proposalID=0x79b200c93a5cf495cfc90fb1ac2498b1e7a604250f8ea33eaf32a2f57f0c4922 blockHash=0xf6e84f20ad48b16c05914f5b9efbcba9c3b1e0e59e76657b9f70dff58977b5fd bodyHash=0x3a90154e751201b2124b1780ad412bf7d050335001b37a4b14ad9c689a089a91 bodySize=3350 refBytes=442
        t=2026-09-22T09:28:28+0200 lvl=info msg="HOTSTUFF PROPOSAL MANIFEST stored"     from=127.0.0.1:34278 number=12 proposalID=0xb5583d8c81d258914b517e11a79f97c75be6c0ea29f3579240eac7c2d512d59b manifestBytes=830  missing=0 bodyBytes=830
        t=2026-09-22T09:28:29+0200 lvl=info msg="HOTSTUFF PROPOSAL REF"                 number=13 viewID=0x6d8974c21560386b8e4ee14ae06b11c34cfb20f2f2298a30bf2cf32fae768b25 proposalID=0xed840969bb73b5831d00ad539261fc601601e5eb947140dd74d6c2892fe60be8 blockHash=0x1e37802372745d3a09582afb06f600ef59d0f92c857e3c4cffa33393d758491e bodyHash=0xfb013d83d19d6586e57999f2db0a8fd55bb7f0e69f98f4c6eb570aa526cf5476 bodySize=3350 refBytes=442
        t=2026-09-22T09:28:29+0200 lvl=info msg="HOTSTUFF PROPOSAL MANIFEST stored"     from=127.0.0.1:46203 number=14 proposalID=0x969f49d6dd97a64fd3c9b1f7ae7e82bf8cd9d1b4f3edec6b03539e50ed460441 manifestBytes=830  missing=0 bodyBytes=830
        t=2026-09-22T09:28:29+0200 lvl=info msg="HOTSTUFF PROPOSAL MANIFEST stored"     from=127.0.0.1:34278 number=15 proposalID=0x1bbae7c00efae661bfdd5d03c93b8aa871e94bfadcd17519cb001e2824b50eb7 manifestBytes=1220 missing=0 bodyBytes=3350
        t=2026-09-22T09:28:29+0200 lvl=warn msg="HandleConn drops connection: closed"   address=127.0.0.1:34267 remot=127.0.0.1:34278
        t=2026-09-22T09:28:30+0200 lvl=info msg="HOTSTUFF PROPOSAL MANIFEST stored"     from=127.0.0.1:34278 number=16 proposalID=0xfdca49f74d6aa5f8950d537ee478b063f288f482a0ca57f18179e0cdb56f4423 manifestBytes=830  missing=0 bodyBytes=830
        t=2026-09-22T09:28:30+0200 lvl=info msg="HOTSTUFF PROPOSAL MANIFEST stored"     from=127.0.0.1:59100 number=17 proposalID=0x5a2dac7ff647c9c9787e12123515d605c926597196c6b50d61e1ddcbf4e705a6 manifestBytes=1220 missing=0 bodyBytes=3350
        t=2026-09-22T09:28:30+0200 lvl=warn msg="HandleConn drops connection: closed"   address=127.0.0.1:34267 remot=127.0.0.1:59100
        t=2026-09-22T09:28:30+0200 lvl=info msg="HOTSTUFF PROPOSAL MANIFEST stored"     from=127.0.0.1:59100 number=17 proposalID=0x5a2dac7ff647c9c9787e12123515d605c926597196c6b50d61e1ddcbf4e705a6 manifestBytes=1220 missing=0 bodyBytes=3350
        t=2026-09-22T09:28:30+0200 lvl=info msg="HOTSTUFF PROPOSAL MANIFEST stored"     from=127.0.0.1:59100 number=18 proposalID=0xeab512ed3e5d8ca1273004bdf1df853eb5b02b4ed88ee309a4a0f9be0755c704 manifestBytes=830  missing=0 bodyBytes=830
        t=2026-09-22T09:28:30+0200 lvl=warn msg="HandleConn drops connection: closed"   address=127.0.0.1:34267 remot=127.0.0.1:59100
        t=2026-09-22T09:28:31+0200 lvl=info msg="HOTSTUFF PROPOSAL MANIFEST stored"     from=127.0.0.1:59100 number=18 proposalID=0xeab512ed3e5d8ca1273004bdf1df853eb5b02b4ed88ee309a4a0f9be0755c704 manifestBytes=830  missing=0 bodyBytes=830
        t=2026-09-22T09:28:31+0200 lvl=info msg="HOTSTUFF PROPOSAL REF"                 number=19 viewID=0x1839ae88f30fafd00f710edaa4f011cb34031e87c6dfa7c88ee27c6c49e750fb proposalID=0xb1a896bf61f390d0133ffc98f68175ad59e37c225edee2d04418b2ff1196ab3a blockHash=0xf2ad9775517605cba0f740071c935bac194cb429d1c7d952332745f4776fcc35 bodyHash=0x43213cfb68b0fab1446749f56a6e46d70251946773735a08f35318a684ad89ae bodySize=3350 refBytes=442
        t=2026-09-22T09:28:31+0200 lvl=warn msg="Send msg try again"                    address=[::]:34267      Couldn't send to=127.0.0.1:45502 error="Operation Canceled"
        t=2026-09-22T09:28:31+0200 lvl=eror msg=CloseConnect                            =[::]:34267 having error closing conn to=127.0.0.1:45502 error="Connection Closed"
        t=2026-09-22T09:28:31+0200 lvl=info msg="HOTSTUFF PROPOSAL REF"                 number=20 viewID=0x4a53f8358cac32065d027ba80102c47595e4f40e0fdebd9c67115d7d1c12a620 proposalID=0x683e886d576e33c938f9539fe9beaf321dd0d801f14159a3b9e1c645a3c4fe85 blockHash=0x5281eba3c9438f56c7514838e28da20f77226641e300cdfb7d296fc8a36b3f09 bodyHash=0x74b96452671a8de5b21026f5a78cf3ae45c2637c0c78b9d9cc0240a54b26b143 bodySize=830  refBytes=439
        t=2026-09-22T09:28:31+0200 lvl=warn msg="Send msg try again"                    address=[::]:34267      Couldn't send to=127.0.0.1:59100 error="Operation Canceled"
        t=2026-09-22T09:28:31+0200 lvl=eror msg=CloseConnect                            =[::]:34267 having error closing conn to=127.0.0.1:38063 error="Connection Closed"
        t=2026-09-22T09:28:32+0200 lvl=info msg="HOTSTUFF PROPOSAL MANIFEST stored"     from=127.0.0.1:46203 number=21 proposalID=0xd6d25f0de461544685f6e31d03e1a417f3f1860de92892a75a8709b46e15bf8a manifestBytes=1220 missing=0 bodyBytes=3350
        t=2026-09-22T09:28:32+0200 lvl=warn msg="HandleConn drops connection: closed"   address=127.0.0.1:34267 remot=127.0.0.1:46203
        t=2026-09-22T09:28:33+0200 lvl=info msg="HOTSTUFF PROPOSAL MANIFEST stored"     from=127.0.0.1:59100 number=22 proposalID=0x6c654a8e13680e93de92231b08efc6eb919853bfbdb0ffdb9fbf1ec525095979 manifestBytes=830  missing=0 bodyBytes=830
        t=2026-09-22T09:28:33+0200 lvl=info msg="HOTSTUFF PROPOSAL MANIFEST stored"     from=127.0.0.1:34278 number=23 proposalID=0xf29f97eedaae52466101755ec7dcfd79b896ee0cf1a7d7cdb10bcd951140f760 manifestBytes=1220 missing=0 bodyBytes=3350
        t=2026-09-22T09:28:33+0200 lvl=warn msg="HandleConn drops connection: closed"   address=127.0.0.1:34267 remot=127.0.0.1:34278
        t=2026-09-22T09:28:33+0200 lvl=info msg="HOTSTUFF PROPOSAL MANIFEST stored"     from=127.0.0.1:34278 number=23 proposalID=0xf29f97eedaae52466101755ec7dcfd79b896ee0cf1a7d7cdb10bcd951140f760 manifestBytes=1220 missing=0 bodyBytes=3350
        t=2026-09-22T09:28:34+0200 lvl=info msg="HOTSTUFF PROPOSAL MANIFEST stored"     from=127.0.0.1:46203 number=24 proposalID=0x40e00595ddad245b5e7f0f121210f3e6f8c58e3ba32b743ba0d39351c347aa75 manifestBytes=830  missing=0 bodyBytes=830
        t=2026-09-22T09:28:34+0200 lvl=info msg="HOTSTUFF PROPOSAL MANIFEST stored"     from=127.0.0.1:59100 number=25 proposalID=0xfa001a993f5f72b6071de0cca1979daf7345d69ed9acfc4704e7bbd03f3b2ef5 manifestBytes=1220 missing=0 bodyBytes=3350
        t=2026-09-22T09:28:34+0200 lvl=warn msg="HandleConn drops connection: closed"   address=127.0.0.1:34267 remot=127.0.0.1:59100
        t=2026-09-22T09:28:34+0200 lvl=info msg="HOTSTUFF PROPOSAL MANIFEST stored"     from=127.0.0.1:59100 number=25 proposalID=0xfa001a993f5f72b6071de0cca1979daf7345d69ed9acfc4704e7bbd03f3b2ef5 manifestBytes=1220 missing=0 bodyBytes=3350
        t=2026-09-22T09:28:35+0200 lvl=info msg="HOTSTUFF PROPOSAL MANIFEST stored"     from=127.0.0.1:59100 number=26 proposalID=0x0dde648e218523442e48734bb751df71aa705fa8a049bec8c006e8b09e47866f manifestBytes=830  missing=0 bodyBytes=830
        t=2026-09-22T09:28:35+0200 lvl=info msg="HOTSTUFF PROPOSAL MANIFEST stored"     from=127.0.0.1:45502 number=27 proposalID=0xc457dd79da993bcff8abfe021e53ec648960108dd4328be4172196593b43f605 manifestBytes=1220 missing=0 bodyBytes=3350
        t=2026-09-22T09:28:35+0200 lvl=info msg="HOTSTUFF PROPOSAL MANIFEST stored"     from=127.0.0.1:59100 number=28 proposalID=0x8f669e50b6ced01bab55a5213b9bedb5b7ebe4ca9874af1ce96732b26e547b99 manifestBytes=830  missing=0 bodyBytes=830
        t=2026-09-22T09:28:35+0200 lvl=warn msg="reject new-view before storage"        from=127.0.0.1:59100 viewID=0xfaca6100733b751286813e402e848f6e5032dd584619a403bb7d0e2a33e06174 err="hotstuff proposal validation pending"
        t=2026-09-22T09:28:36+0200 lvl=info msg="HOTSTUFF PROPOSAL REF"                 number=29 viewID=0xfaca6100733b751286813e402e848f6e5032dd584619a403bb7d0e2a33e06174 proposalID=0xf8b49b1e7dbe944fd14143513b3c6e557ba5e82d2a5594f32b73e4d9d85781f9 blockHash=0x924b0c80367583521a71d9e02e6aa7b860cd381557fcc6b388633ac3f8cedf22 bodyHash=0x0c9bfae33c716ffcb7b383857fcc77bcb7c2cc162c32700903bce6ff1e21afac bodySize=3350 refBytes=442
        t=2026-09-22T09:28:36+0200 lvl=warn msg="Send msg try again"                    address=[::]:34267      Couldn't send to=127.0.0.1:59100 error="Operation Canceled"
        t=2026-09-22T09:28:36+0200 lvl=eror msg=CloseConnect                            =[::]:34267 having error closing conn to=127.0.0.1:34866 error="Connection Closed"
        t=2026-09-22T09:28:37+0200 lvl=info msg="HOTSTUFF PROPOSAL MANIFEST stored"     from=127.0.0.1:46203 number=30 proposalID=0x3a0624e3342f59b8377cf6d4761be8ae04c214637975a032724e5e682ac34062 manifestBytes=830  missing=0 bodyBytes=830
        t=2026-09-22T09:28:37+0200 lvl=info msg="HOTSTUFF PROPOSAL MANIFEST stored"     from=127.0.0.1:45502 number=31 proposalID=0x03f8615f7c8bb89e60fa3f817e098da2cc2d8266a42efac52fc5a06e99da0821 manifestBytes=1220 missing=0 bodyBytes=3350
        t=2026-09-22T09:28:37+0200 lvl=warn msg="HandleConn drops connection: closed"   address=127.0.0.1:34267 remot=127.0.0.1:45502
        t=2026-09-22T09:28:38+0200 lvl=info msg="HOTSTUFF PROPOSAL MANIFEST stored"     from=127.0.0.1:34278 number=32 proposalID=0x7830985e239edd2922f1aa8de46d3ab529296f35aff0542542ecc3315e217f55 manifestBytes=830  missing=0 bodyBytes=830
        t=2026-09-22T09:28:38+0200 lvl=info msg="HOTSTUFF PROPOSAL REF"                 number=33 viewID=0xa37b89e57fbf2aa1f3c7f45161d4216c8cafd6ba15fc774fcec1dceb865b54b9 proposalID=0x41a915bc5be37356e1790987ab531e0330bdcfd5cdc18668107cab007d449d62 blockHash=0xaaeb641aa25da5ce0657753459079769ac25f85e4b91c6f0de59bb779b1ddd10 bodyHash=0x3b96053859994c6abc69184f03c32137e50f15dc2f8add039d3a23751e14b1c4 bodySize=3350 refBytes=442
        t=2026-09-22T09:28:38+0200 lvl=info msg="HOTSTUFF PROPOSAL MANIFEST stored"     from=127.0.0.1:33198 number=34 proposalID=0xe3827356aff998de7db3c827dfbb8de3d9220102ad15a54b2e79764e84c62d32 manifestBytes=830  missing=0 bodyBytes=830
        t=2026-09-22T09:28:39+0200 lvl=info msg="HOTSTUFF PROPOSAL MANIFEST stored"     from=127.0.0.1:34278 number=35 proposalID=0x4dbdd37e6a6a9c0ab57e2a26866a8f901f5bcb4fe239e7dcc4e0ccf7deef217f manifestBytes=1220 missing=0 bodyBytes=3350
        t=2026-09-22T09:28:40+0200 lvl=info msg="HOTSTUFF PROPOSAL MANIFEST stored"     from=127.0.0.1:59100 number=36 proposalID=0x786f41fa2984d6fa70b731d7910a0938007731de8aa775e19e5b876f576ea8f2 manifestBytes=830  missing=0 bodyBytes=830
        t=2026-09-22T09:28:40+0200 lvl=warn msg="HandleConn drops connection: closed"   address=127.0.0.1:34267 remot=127.0.0.1:59100
        t=2026-09-22T09:28:40+0200 lvl=info msg="HOTSTUFF PROPOSAL MANIFEST stored"     from=127.0.0.1:45502 number=37 proposalID=0xc8c734837aac93fef4b148be804d8f08de2bbcf2f6df6928d0c12d3f127d8495 manifestBytes=1220 missing=1 bodyBytes=3350
        t=2026-09-22T09:28:40+0200 lvl=warn msg="HandleConn drops connection: closed"   address=127.0.0.1:34267 remot=127.0.0.1:45502
        t=2026-09-22T09:28:40+0200 lvl=eror msg="OnPropose wait proposal body"          number=37 proposalID=0xc8c734837aac93fef4b148be804d8f08de2bbcf2f6df6928d0c12d3f127d8495 err="hotstuff view state too old"
        t=2026-09-22T09:28:40+0200 lvl=warn msg="HOTSTUFF PROPOSAL MANIFEST authority rejected" from=127.0.0.1:59100 leader=127.0.0.1:59100 number=38 proposalID=0x321ac203d01bec483725e7c1edf2d9d55f0447a57ad879cf9f9c24d241888843 err="proposal manifest does not match the current deterministic leader route: manifest key committee is already canonical but is not the current route"
        t=2026-09-22T09:28:41+0200 lvl=info msg="HOTSTUFF PROPOSAL REPAIR REQUEST"      to=127.0.0.1:59100 number=38 proposalID=0x321ac203d01bec483725e7c1edf2d9d55f0447a57ad879cf9f9c24d241888843 missing=0 attempt=0
        t=2026-09-22T09:28:41+0200 lvl=info msg="HOTSTUFF PROPOSAL MANIFEST stored"     from=127.0.0.1:59100 number=38 proposalID=0x321ac203d01bec483725e7c1edf2d9d55f0447a57ad879cf9f9c24d241888843 manifestBytes=830  missing=0 bodyBytes=830
        t=2026-09-22T09:28:41+0200 lvl=info msg="HOTSTUFF PROPOSAL MANIFEST stored"     from=127.0.0.1:59182 number=39 proposalID=0x66ccc9bda03431fa263638d5ab66f631efc7b5d15652106fae6d37c73d7587cf manifestBytes=1220 missing=1 bodyBytes=3350
        t=2026-09-22T09:28:41+0200 lvl=eror msg="OnPropose wait proposal body"          number=39 proposalID=0x66ccc9bda03431fa263638d5ab66f631efc7b5d15652106fae6d37c73d7587cf err="hotstuff view state too old"
        t=2026-09-22T09:28:42+0200 lvl=info msg="HOTSTUFF PROPOSAL MANIFEST stored"     from=127.0.0.1:33198 number=40 proposalID=0x62bf8ee6c1a65c9798773223f725493ef6f95e8e7fe5dddb7f44707640454ca3 manifestBytes=830  missing=0 bodyBytes=830
        t=2026-09-22T09:28:42+0200 lvl=info msg="HOTSTUFF PROPOSAL MANIFEST stored"     from=127.0.0.1:45502 number=41 proposalID=0xab50b447a1884caedc95495c16d3c0e43853a99044f30218eec8d76c49542750 manifestBytes=1220 missing=0 bodyBytes=3350
        t=2026-09-22T09:28:42+0200 lvl=info msg="HOTSTUFF PROPOSAL MANIFEST stored"     from=127.0.0.1:45502 number=42 proposalID=0x005590362cfd823871cec5f29921fd0d3fa4d80ecb2e13686ea840d7e9daef1d manifestBytes=830  missing=0 bodyBytes=830
        t=2026-09-22T09:28:43+0200 lvl=info msg="HOTSTUFF PROPOSAL REF"                 number=43 viewID=0xd6f6ffb14b413ca6ebb7cd0fd6641fc84bb5c212ecc7aa0df79e6214be79e564 proposalID=0x297dc7acab1fd6c21dbc85b965251d404bb39310f9c9c897e575f700457a0f73 blockHash=0x8bba278067b9070a48724d4b95f07ad451abd326762543aa24347b3bb6fd0dbb bodyHash=0xb50dd56815ce97a224843113e2dc6f151ecb1c69708ba579cc11416201d69d55 bodySize=3350 refBytes=442
        t=2026-09-22T09:28:43+0200 lvl=warn msg="Send msg try again"                    address=[::]:34267      Couldn't send to=127.0.0.1:59182 error="Operation Canceled"
        t=2026-09-22T09:28:43+0200 lvl=eror msg=CloseConnect                            =[::]:34267 having error closing conn to=127.0.0.1:59182 error="Connection Closed"
        t=2026-09-22T09:28:43+0200 lvl=warn msg="Send msg try again"                    address=[::]:34267      Couldn't send to=127.0.0.1:59100 error="Operation Canceled"
        t=2026-09-22T09:28:43+0200 lvl=eror msg=CloseConnect                            =[::]:34267 having error closing conn to=127.0.0.1:34130 error="Connection Closed"
        t=2026-09-22T09:28:43+0200 lvl=info msg="HOTSTUFF PROPOSAL MANIFEST stored"     from=127.0.0.1:59100 number=44 proposalID=0x26efbd634005abf37cbf802918b34dda2ba15ac5b8643c1e66ce20ddd20245d2 manifestBytes=830  missing=0 bodyBytes=830
        t=2026-09-22T09:28:43+0200 lvl=warn msg=GetBlockByNumer                         number=1
        t=2026-09-22T09:28:43+0200 lvl=warn msg=GetBlockByNumer                         number=43
        t=2026-09-22T09:28:43+0200 lvl=info msg="HOTSTUFF PROPOSAL REF"                 number=45 viewID=0x0c49dff7464d164830a9c9097b852f8c2a2846953ab546c4ac5692d6451dec44 proposalID=0xa3090c3e924bcf757b634fe8f205475967ef36f9502e678e17a2bc37c9757f10 blockHash=0x30593d0dfae5c6b04d75ba5769550fb88552876e06cb645bcf07d97d8fb217b9 bodyHash=0x3f7b84e19b98d22eadbb6266a552829351aab376866aaa06725130de3818a17c bodySize=3350 refBytes=442
        t=2026-09-22T09:28:43+0200 lvl=warn msg="Send msg try again"                    address=[::]:34267      Couldn't send to=127.0.0.1:59182 error="Operation Canceled"
        t=2026-09-22T09:28:43+0200 lvl=eror msg=CloseConnect                            =[::]:34267 having error closing conn to=127.0.0.1:59182 error="Connection Closed"
        t=2026-09-22T09:28:44+0200 lvl=info msg="HOTSTUFF PROPOSAL MANIFEST stored"     from=127.0.0.1:46203 number=46 proposalID=0x24f5c27a356710b209901ccb99954e38e4b7429509b1026b690fe5e56592544e manifestBytes=830  missing=0 bodyBytes=830
        t=2026-09-22T09:28:44+0200 lvl=info msg="HOTSTUFF PROPOSAL MANIFEST stored"     from=127.0.0.1:45502 number=47 proposalID=0x75aa053130e0fbb037ea22605c397b45cbc2ebfc5a84d3eebfd33c9080602d65 manifestBytes=1220 missing=0 bodyBytes=3350
        t=2026-09-22T09:28:44+0200 lvl=info msg="HOTSTUFF PROPOSAL MANIFEST stored"     from=127.0.0.1:59182 number=48 proposalID=0x9790b1188e649011827faf5d19f03b0f31ae7a61e1781c9d9a297fa68ca11d28 manifestBytes=830  missing=0 bodyBytes=830
        t=2026-09-22T09:28:45+0200 lvl=warn msg=GetBlockByNumer                         number=1
        t=2026-09-22T09:28:45+0200 lvl=warn msg=GetBlockByNumer                         number=47
        t=2026-09-22T09:28:45+0200 lvl=warn msg=GetBlockByNumer                         number=1
        t=2026-09-22T09:28:45+0200 lvl=warn msg=GetBlockByNumer                         number=47
    fhs_process_recovery_test.go:226: validator 962129 complete log: /tmp/fhs-process-failure-2480436885.log
    fhs_process_recovery_test.go:231: validator 962129 log tail:
        t=2026-09-22T09:27:38+0200 lvl=warn msg=GetBlockByNumer number=0
        t=2026-09-22T09:27:38+0200 lvl=warn msg="Failed to load snapshot, regenerating" err="missing or corrupted snapshot"
        t=2026-09-22T09:27:46+0200 lvl=info msg="HOTSTUFF PROPOSAL MANIFEST stored"     from=127.0.0.1:59182 number=1 proposalID=0xabe4425a31905907dbc5e0f9253fde114104091de2db85f5780c2a45fd77d09f manifestBytes=1219 missing=0 bodyBytes=1314
        t=2026-09-22T09:27:47+0200 lvl=info msg="HOTSTUFF PROPOSAL MANIFEST stored"     from=127.0.0.1:34267 number=2 proposalID=0x277381ce6a71cd67ca9d6a692a393b69e96e57df174500a2324f7ba07abe8db2 manifestBytes=830  missing=0 bodyBytes=830
        t=2026-09-22T09:27:47+0200 lvl=info msg="HOTSTUFF PROPOSAL MANIFEST stored"     from=127.0.0.1:34267 number=3 proposalID=0xd5a384e1c839fb78a72eaa60a9f48f9912c93b8c6c4fb8b28871a310df813bf6 manifestBytes=1219 missing=0 bodyBytes=1314
        t=2026-09-22T09:27:47+0200 lvl=info msg="HOTSTUFF PROPOSAL MANIFEST stored"     from=127.0.0.1:34278 number=4 proposalID=0xac6804e21db867a12828a90cd92588c4e1ee413e6c10c316cd29a61f57e992cf manifestBytes=830  missing=0 bodyBytes=830
        t=2026-09-22T09:27:48+0200 lvl=info msg="HOTSTUFF PROPOSAL MANIFEST stored"     from=127.0.0.1:33198 number=5 proposalID=0x26b72cc4211b5e9addfbc327a8405cadb6374538bbc05767ef818df9208a83cc manifestBytes=1219 missing=0 bodyBytes=1314
        t=2026-09-22T09:27:48+0200 lvl=info msg="HOTSTUFF PROPOSAL REF"                 number=6 viewID=0x5759612f4e68b8613746e62c3943ca4b8b8f0aba5ea3bed920e9fc1cd2354676 proposalID=0x4c207330d9c5f4e8c907f157e1bf4d7c6fc263c83c6a872adaa20b4647865e74 blockHash=0xa472f2aa3478fb3fe299d96efc7fc0092387994f4d1ad275dea9c9a6f9ba4988 bodyHash=0x82fa333b9d948931f9bd62b4f182ce8421db405c206debf99e1fbc01ad85fa53 bodySize=830 refBytes=439
        t=2026-09-22T09:27:49+0200 lvl=info msg="HOTSTUFF PROPOSAL MANIFEST stored"     from=127.0.0.1:46203 number=7 proposalID=0xef845b47a2256ae748b8f4be6a3b7311dfd37ec97c8b4210d9d0d0b29c8e3188 manifestBytes=1219 missing=0 bodyBytes=1313
        t=2026-09-22T09:27:49+0200 lvl=info msg="HOTSTUFF PROPOSAL MANIFEST stored"     from=127.0.0.1:33198 number=8 proposalID=0xd2fc47dcde8ce612458ea5170fdb51e345381d9b633371f506001cd59a40ff99 manifestBytes=830  missing=0 bodyBytes=830
        t=2026-09-22T09:27:49+0200 lvl=warn msg=GetBlockByNumer                         number=1
        t=2026-09-22T09:27:49+0200 lvl=warn msg=GetBlockByNumer                         number=7
        t=2026-09-22T09:27:49+0200 lvl=warn msg=GetBlockByNumer                         number=1
        t=2026-09-22T09:27:49+0200 lvl=warn msg=GetBlockByNumer                         number=7
        t=2026-09-22T09:27:54+0200 lvl=warn msg="HOTSTUFF RECOVERY resend NewView"      number=9 viewID=0x268e2aaa900cc18e3e9605a4854438d5b19a8fdaff9ebbdc964cb6801411f421 to=127.0.0.1:45502
        t=2026-09-22T09:27:59+0200 lvl=warn msg="HOTSTUFF RECOVERY resend NewView"      number=9 viewID=0x268e2aaa900cc18e3e9605a4854438d5b19a8fdaff9ebbdc964cb6801411f421 to=127.0.0.1:45502
        t=2026-09-22T09:28:04+0200 lvl=warn msg="HOTSTUFF RECOVERY resend NewView"      number=9 viewID=0x268e2aaa900cc18e3e9605a4854438d5b19a8fdaff9ebbdc964cb6801411f421 to=127.0.0.1:45502
        t=2026-09-22T09:28:09+0200 lvl=warn msg="HOTSTUFF RECOVERY resend NewView"      number=9 viewID=0x268e2aaa900cc18e3e9605a4854438d5b19a8fdaff9ebbdc964cb6801411f421 to=127.0.0.1:45502
        t=2026-09-22T09:28:14+0200 lvl=warn msg="HOTSTUFF RECOVERY resend NewView"      number=9 viewID=0x268e2aaa900cc18e3e9605a4854438d5b19a8fdaff9ebbdc964cb6801411f421 to=127.0.0.1:45502
        t=2026-09-22T09:28:19+0200 lvl=warn msg="HOTSTUFF RECOVERY resend NewView"      number=9 viewID=0x268e2aaa900cc18e3e9605a4854438d5b19a8fdaff9ebbdc964cb6801411f421 to=127.0.0.1:45502
        t=2026-09-22T09:28:24+0200 lvl=warn msg="HOTSTUFF RECOVERY resend NewView"      number=9 viewID=0x268e2aaa900cc18e3e9605a4854438d5b19a8fdaff9ebbdc964cb6801411f421 to=127.0.0.1:45502
        t=2026-09-22T09:28:27+0200 lvl=info msg="HOTSTUFF PROPOSAL MANIFEST stored"     from=127.0.0.1:45502 number=9 proposalID=0x2eac56ee3e4558a1216a1279922f6fa9c5607ef5904a9e61c40a55bda2d69c04 manifestBytes=1220 missing=0 bodyBytes=20186
        t=2026-09-22T09:28:27+0200 lvl=info msg="HOTSTUFF PROPOSAL MANIFEST stored"     from=127.0.0.1:34278 number=10 proposalID=0x0b40b6a039b4ab1e89c4ae13a11ed6708301e912effc88726fc4f63d157ffb24 manifestBytes=830  missing=0 bodyBytes=830
        t=2026-09-22T09:28:28+0200 lvl=info msg="HOTSTUFF PROPOSAL MANIFEST stored"     from=127.0.0.1:34267 number=11 proposalID=0x79b200c93a5cf495cfc90fb1ac2498b1e7a604250f8ea33eaf32a2f57f0c4922 manifestBytes=1220 missing=1 bodyBytes=3350
        t=2026-09-22T09:28:28+0200 lvl=eror msg="OnPropose wait proposal body"          number=11 proposalID=0x79b200c93a5cf495cfc90fb1ac2498b1e7a604250f8ea33eaf32a2f57f0c4922 err="hotstuff view state too old"
        t=2026-09-22T09:28:28+0200 lvl=warn msg="HOTSTUFF PROPOSAL MANIFEST authority rejected" from=127.0.0.1:34278 leader=127.0.0.1:34278 number=12 proposalID=0xb5583d8c81d258914b517e11a79f97c75be6c0ea29f3579240eac7c2d512d59b err="proposal manifest does not match the current deterministic leader route: manifest key committee is already canonical but is not the current route"
        t=2026-09-22T09:28:28+0200 lvl=info msg="HOTSTUFF PROPOSAL REPAIR REQUEST"      to=127.0.0.1:34278 number=12 proposalID=0xb5583d8c81d258914b517e11a79f97c75be6c0ea29f3579240eac7c2d512d59b missing=0 attempt=0
        t=2026-09-22T09:28:28+0200 lvl=info msg="HOTSTUFF PROPOSAL MANIFEST stored"     from=127.0.0.1:34278 number=12 proposalID=0xb5583d8c81d258914b517e11a79f97c75be6c0ea29f3579240eac7c2d512d59b manifestBytes=830  missing=0 bodyBytes=830
        t=2026-09-22T09:28:29+0200 lvl=info msg="HOTSTUFF PROPOSAL MANIFEST stored"     from=127.0.0.1:34267 number=13 proposalID=0xed840969bb73b5831d00ad539261fc601601e5eb947140dd74d6c2892fe60be8 manifestBytes=1220 missing=0 bodyBytes=3350
        t=2026-09-22T09:28:29+0200 lvl=info msg="HOTSTUFF PROPOSAL MANIFEST stored"     from=127.0.0.1:46203 number=14 proposalID=0x969f49d6dd97a64fd3c9b1f7ae7e82bf8cd9d1b4f3edec6b03539e50ed460441 manifestBytes=830  missing=0 bodyBytes=830
        t=2026-09-22T09:28:29+0200 lvl=info msg="HOTSTUFF PROPOSAL MANIFEST stored"     from=127.0.0.1:34278 number=15 proposalID=0x1bbae7c00efae661bfdd5d03c93b8aa871e94bfadcd17519cb001e2824b50eb7 manifestBytes=1220 missing=0 bodyBytes=3350
        t=2026-09-22T09:28:30+0200 lvl=info msg="HOTSTUFF PROPOSAL MANIFEST stored"     from=127.0.0.1:34278 number=16 proposalID=0xfdca49f74d6aa5f8950d537ee478b063f288f482a0ca57f18179e0cdb56f4423 manifestBytes=830  missing=0 bodyBytes=830
        t=2026-09-22T09:28:30+0200 lvl=info msg="HOTSTUFF PROPOSAL REF"                 number=17 viewID=0xb85757136d66338da7d9edaf73089a74e9bd42b01a26556be658abc558218e26 proposalID=0x5a2dac7ff647c9c9787e12123515d605c926597196c6b50d61e1ddcbf4e705a6 blockHash=0xd9d265bce15506cb5cb2c8b85a558a5be1e9ed9af60cf52742ab98d09c88d961 bodyHash=0x11aeb986bc6bf5d056f96351f2297bf178f58945d3963172213ea44816a33078 bodySize=3350 refBytes=442
        t=2026-09-22T09:28:30+0200 lvl=warn msg="Send msg try again"                    address=[::]:59100 Couldn't send to=127.0.0.1:34267 error="Operation Canceled"
        t=2026-09-22T09:28:30+0200 lvl=eror msg=CloseConnect                            =[::]:59100 having error closing conn to=127.0.0.1:34267 error="Connection Closed"
        t=2026-09-22T09:28:30+0200 lvl=info msg="HOTSTUFF PROPOSAL REF"                 number=18 viewID=0x352ded061c5b1614dbcd69957931ca59c3661dfb52aa93880edbee962a6eb593 proposalID=0xeab512ed3e5d8ca1273004bdf1df853eb5b02b4ed88ee309a4a0f9be0755c704 blockHash=0x872a76fab781894fdd6b51b46e70df2dd207d54e63b108150cca91208f091eda bodyHash=0x83dfa73e58c59ee38d97f1dcf635ae91ae26f17c474f9cd0e7445dc7dff3a274 bodySize=830  refBytes=439
        t=2026-09-22T09:28:30+0200 lvl=warn msg="Send msg try again"                    address=[::]:59100 Couldn't send to=127.0.0.1:34267 error="Operation Canceled"
        t=2026-09-22T09:28:30+0200 lvl=eror msg=CloseConnect                            =[::]:59100 having error closing conn to=127.0.0.1:34267 error="Connection Closed"
        t=2026-09-22T09:28:31+0200 lvl=warn msg="reject new-view before storage"        from=127.0.0.1:45502 viewID=0x352ded061c5b1614dbcd69957931ca59c3661dfb52aa93880edbee962a6eb593 err="hotstuff view state too old"
        t=2026-09-22T09:28:31+0200 lvl=info msg="HOTSTUFF PROPOSAL MANIFEST stored"     from=127.0.0.1:34267 number=19 proposalID=0xb1a896bf61f390d0133ffc98f68175ad59e37c225edee2d04418b2ff1196ab3a manifestBytes=1220 missing=0 bodyBytes=3350
        t=2026-09-22T09:28:31+0200 lvl=info msg="HOTSTUFF PROPOSAL MANIFEST stored"     from=127.0.0.1:34267 number=20 proposalID=0x683e886d576e33c938f9539fe9beaf321dd0d801f14159a3b9e1c645a3c4fe85 manifestBytes=830  missing=0 bodyBytes=830
        t=2026-09-22T09:28:31+0200 lvl=warn msg="HandleConn drops connection: closed"   address=127.0.0.1:59100 remot=127.0.0.1:34267
        t=2026-09-22T09:28:32+0200 lvl=info msg="HOTSTUFF PROPOSAL MANIFEST stored"     from=127.0.0.1:46203 number=21 proposalID=0xd6d25f0de461544685f6e31d03e1a417f3f1860de92892a75a8709b46e15bf8a manifestBytes=1220 missing=0 bodyBytes=3350
        t=2026-09-22T09:28:33+0200 lvl=info msg="HOTSTUFF PROPOSAL REF"                 number=22 viewID=0xd74b6d6b8f983906587713d69ba5d595f9e62e37a63ced5e35d386cf73b8e2ec proposalID=0x6c654a8e13680e93de92231b08efc6eb919853bfbdb0ffdb9fbf1ec525095979 blockHash=0x63184ce7d60a9b8925d995d2ebc22641d8c697ae4a41044bed7a31b77a4a6188 bodyHash=0x442495f38850d099bfd6f0a2fdc4f2a6ce2fbc241190645d11c25640f7532bf4 bodySize=830  refBytes=439
        t=2026-09-22T09:28:33+0200 lvl=info msg="HOTSTUFF PROPOSAL MANIFEST stored"     from=127.0.0.1:34278 number=23 proposalID=0xf29f97eedaae52466101755ec7dcfd79b896ee0cf1a7d7cdb10bcd951140f760 manifestBytes=1220 missing=1 bodyBytes=3350
        t=2026-09-22T09:28:33+0200 lvl=eror msg="OnPropose wait proposal body"          number=23 proposalID=0xf29f97eedaae52466101755ec7dcfd79b896ee0cf1a7d7cdb10bcd951140f760 err="hotstuff view state too old"
        t=2026-09-22T09:28:34+0200 lvl=info msg="HOTSTUFF PROPOSAL MANIFEST stored"     from=127.0.0.1:46203 number=24 proposalID=0x40e00595ddad245b5e7f0f121210f3e6f8c58e3ba32b743ba0d39351c347aa75 manifestBytes=830  missing=0 bodyBytes=830
        t=2026-09-22T09:28:34+0200 lvl=info msg="HOTSTUFF PROPOSAL REF"                 number=25 viewID=0x19f938299cf2c18f5052bc64571829ee5a844be1d5e6b35a71c7273a0f7839ef proposalID=0xfa001a993f5f72b6071de0cca1979daf7345d69ed9acfc4704e7bbd03f3b2ef5 blockHash=0x0a9d55614e5c7d94a5121bee89dd7e3d3731ab63129408aedc3ee3b5831cfd1a bodyHash=0xa4ecc73ce0ae3eaf9c85f428d15db8b0077602755af547a9c64218389ca2e9bd bodySize=3350 refBytes=442
        t=2026-09-22T09:28:34+0200 lvl=warn msg="Send msg try again"                    address=[::]:59100      Couldn't send to=127.0.0.1:45502 error="Operation Canceled"
        t=2026-09-22T09:28:34+0200 lvl=warn msg="Send msg try again"                    address=[::]:59100      Couldn't send to=127.0.0.1:59182 error="Operation Canceled"
        t=2026-09-22T09:28:34+0200 lvl=eror msg=CloseConnect                            =[::]:59100 having error closing conn to=127.0.0.1:59182 error="Connection Closed"
        t=2026-09-22T09:28:34+0200 lvl=eror msg=CloseConnect                            =[::]:59100 having error closing conn to=127.0.0.1:45502 error="Connection Closed"
        t=2026-09-22T09:28:34+0200 lvl=warn msg="Send msg try again"                    address=[::]:59100      Couldn't send to=127.0.0.1:46203 error="Operation Canceled"
        t=2026-09-22T09:28:34+0200 lvl=warn msg="Send msg try again"                    address=[::]:59100      Couldn't send to=127.0.0.1:34267 error="Operation Canceled"
        t=2026-09-22T09:28:34+0200 lvl=eror msg=CloseConnect                            =[::]:59100 having error closing conn to=127.0.0.1:48067 error="Connection Closed"
        t=2026-09-22T09:28:34+0200 lvl=eror msg=CloseConnect                            =[::]:59100 having error closing conn to=127.0.0.1:37561 error="Connection Closed"
        t=2026-09-22T09:28:35+0200 lvl=info msg="HOTSTUFF PROPOSAL REF"                 number=26 viewID=0x5b7bbd70a142376f8c561f30b65121dd588310e3b9a9d539c586c1b88ca15a0a proposalID=0x0dde648e218523442e48734bb751df71aa705fa8a049bec8c006e8b09e47866f blockHash=0x955004a10acd18fbe1af83b2772df4302efb4f7e71fe454ebf4ccb816eebc604 bodyHash=0xb6aeb28d4c2faca46287f426f8a9172596fef43c24562c28d527823dcdb1819d bodySize=830  refBytes=439
        t=2026-09-22T09:28:35+0200 lvl=info msg="HOTSTUFF PROPOSAL MANIFEST stored"     from=127.0.0.1:45502 number=27 proposalID=0xc457dd79da993bcff8abfe021e53ec648960108dd4328be4172196593b43f605 manifestBytes=1220 missing=0 bodyBytes=3350
        t=2026-09-22T09:28:35+0200 lvl=info msg="HOTSTUFF PROPOSAL REF"                 number=28 viewID=0x37762291276c699e9224838a599821436b2edaa619db855160051cf5ba212490 proposalID=0x8f669e50b6ced01bab55a5213b9bedb5b7ebe4ca9874af1ce96732b26e547b99 blockHash=0x6c32942214b552c1e3c7b1bfb3de3e86a58409338ea138304da68baa231bb244 bodyHash=0xac1ed363fee7222b4486d848345d2bf86ba5fc7f7c608a5d49a055d199f5f01e bodySize=830  refBytes=439
        t=2026-09-22T09:28:35+0200 lvl=warn msg="Send msg try again"                    address=[::]:59100      Couldn't send to=127.0.0.1:45502 error="Operation Canceled"
        t=2026-09-22T09:28:35+0200 lvl=eror msg=CloseConnect                            =[::]:59100 having error closing conn to=127.0.0.1:45502 error="Connection Closed"
        t=2026-09-22T09:28:36+0200 lvl=info msg="HOTSTUFF PROPOSAL MANIFEST stored"     from=127.0.0.1:34267 number=29 proposalID=0xf8b49b1e7dbe944fd14143513b3c6e557ba5e82d2a5594f32b73e4d9d85781f9 manifestBytes=1220 missing=0 bodyBytes=3350
        t=2026-09-22T09:28:36+0200 lvl=warn msg="HandleConn drops connection: closed"   address=127.0.0.1:59100 remot=127.0.0.1:34267
        t=2026-09-22T09:28:36+0200 lvl=info msg="HOTSTUFF PROPOSAL MANIFEST stored"     from=127.0.0.1:34267 number=29 proposalID=0xf8b49b1e7dbe944fd14143513b3c6e557ba5e82d2a5594f32b73e4d9d85781f9 manifestBytes=1220 missing=0 bodyBytes=3350
        t=2026-09-22T09:28:37+0200 lvl=info msg="HOTSTUFF PROPOSAL MANIFEST stored"     from=127.0.0.1:46203 number=30 proposalID=0x3a0624e3342f59b8377cf6d4761be8ae04c214637975a032724e5e682ac34062 manifestBytes=830  missing=0 bodyBytes=830
        t=2026-09-22T09:28:37+0200 lvl=info msg="HOTSTUFF PROPOSAL MANIFEST stored"     from=127.0.0.1:45502 number=31 proposalID=0x03f8615f7c8bb89e60fa3f817e098da2cc2d8266a42efac52fc5a06e99da0821 manifestBytes=1220 missing=0 bodyBytes=3350
        t=2026-09-22T09:28:38+0200 lvl=info msg="HOTSTUFF PROPOSAL MANIFEST stored"     from=127.0.0.1:34278 number=32 proposalID=0x7830985e239edd2922f1aa8de46d3ab529296f35aff0542542ecc3315e217f55 manifestBytes=830  missing=0 bodyBytes=830
        t=2026-09-22T09:28:38+0200 lvl=info msg="HOTSTUFF PROPOSAL MANIFEST stored"     from=127.0.0.1:34267 number=33 proposalID=0x41a915bc5be37356e1790987ab531e0330bdcfd5cdc18668107cab007d449d62 manifestBytes=1220 missing=0 bodyBytes=3350
        t=2026-09-22T09:28:38+0200 lvl=info msg="HOTSTUFF PROPOSAL MANIFEST stored"     from=127.0.0.1:33198 number=34 proposalID=0xe3827356aff998de7db3c827dfbb8de3d9220102ad15a54b2e79764e84c62d32 manifestBytes=830  missing=0 bodyBytes=830
        t=2026-09-22T09:28:39+0200 lvl=info msg="HOTSTUFF PROPOSAL MANIFEST stored"     from=127.0.0.1:34278 number=35 proposalID=0x4dbdd37e6a6a9c0ab57e2a26866a8f901f5bcb4fe239e7dcc4e0ccf7deef217f manifestBytes=1220 missing=1 bodyBytes=3350
        t=2026-09-22T09:28:39+0200 lvl=eror msg="OnPropose wait proposal body"          number=35 proposalID=0x4dbdd37e6a6a9c0ab57e2a26866a8f901f5bcb4fe239e7dcc4e0ccf7deef217f err="hotstuff view state too old"
        t=2026-09-22T09:28:39+0200 lvl=warn msg="reject new-view before storage"        from=127.0.0.1:34278 viewID=0x46f4c5dfbf78e82b408eb41f04185bec97b55f0e5b8d47d2bd7c43a753019911 err="hotstuff proposal validation pending"
        t=2026-09-22T09:28:39+0200 lvl=warn msg="reject new-view before storage"        from=127.0.0.1:59182 viewID=0x46f4c5dfbf78e82b408eb41f04185bec97b55f0e5b8d47d2bd7c43a753019911 err="hotstuff proposal validation pending"
        t=2026-09-22T09:28:39+0200 lvl=warn msg="reject new-view before storage"        from=127.0.0.1:33198 viewID=0x46f4c5dfbf78e82b408eb41f04185bec97b55f0e5b8d47d2bd7c43a753019911 err="hotstuff proposal validation pending"
        t=2026-09-22T09:28:40+0200 lvl=warn msg="reject new-view before storage"        from=127.0.0.1:34267 viewID=0x46f4c5dfbf78e82b408eb41f04185bec97b55f0e5b8d47d2bd7c43a753019911 err="hotstuff proposal validation pending"
        t=2026-09-22T09:28:40+0200 lvl=warn msg="reject new-view before storage"        from=127.0.0.1:45502 viewID=0x46f4c5dfbf78e82b408eb41f04185bec97b55f0e5b8d47d2bd7c43a753019911 err="hotstuff proposal validation pending"
        t=2026-09-22T09:28:40+0200 lvl=info msg="HOTSTUFF PROPOSAL REF"                 number=36 viewID=0x46f4c5dfbf78e82b408eb41f04185bec97b55f0e5b8d47d2bd7c43a753019911 proposalID=0x786f41fa2984d6fa70b731d7910a0938007731de8aa775e19e5b876f576ea8f2 blockHash=0xc6fb25370d514e0ef63e8982c3d9608e9ccff566cc1d1be6ff37ef2f0217b471 bodyHash=0xb6ac2261e34c827b0d05f3e85640e307f8c0199c2989c63e1fc86f5155f01952 bodySize=830  refBytes=439
        t=2026-09-22T09:28:40+0200 lvl=warn msg="Send msg try again"                    address=[::]:59100      Couldn't send to=127.0.0.1:34267 error="Operation Canceled"
        t=2026-09-22T09:28:40+0200 lvl=eror msg=CloseConnect                            =[::]:59100 having error closing conn to=127.0.0.1:43583 error="Connection Closed"
        t=2026-09-22T09:28:40+0200 lvl=warn msg="Send msg try again"                    address=[::]:59100      Couldn't send to=127.0.0.1:45502 error="Operation Canceled"
        t=2026-09-22T09:28:40+0200 lvl=warn msg="Send msg try again"                    address=[::]:59100      Couldn't send to=127.0.0.1:33198 error="Operation Canceled"
        t=2026-09-22T09:28:40+0200 lvl=eror msg=CloseConnect                            =[::]:59100 having error closing conn to=127.0.0.1:33198 error="Connection Closed"
        t=2026-09-22T09:28:40+0200 lvl=eror msg=CloseConnect                            =[::]:59100 having error closing conn to=127.0.0.1:45502 error="Connection Closed"
        t=2026-09-22T09:28:40+0200 lvl=info msg="HOTSTUFF PROPOSAL MANIFEST stored"     from=127.0.0.1:45502 number=37 proposalID=0xc8c734837aac93fef4b148be804d8f08de2bbcf2f6df6928d0c12d3f127d8495 manifestBytes=1220 missing=0 bodyBytes=3350
        t=2026-09-22T09:28:40+0200 lvl=info msg="HOTSTUFF PROPOSAL REF"                 number=38 viewID=0x361ed8cd5d880f42c1e2626bd30d1d86a87a6f0b6afa41166ca59fad01f62097 proposalID=0x321ac203d01bec483725e7c1edf2d9d55f0447a57ad879cf9f9c24d241888843 blockHash=0xc430c172a0a2687da51422db270f01a429b1e91508b73d505728c4eeee94eeff bodyHash=0x5f76a22601aeade8efee18e146c7e2d89472835e55b2e4edf73a35caa88cbcfe bodySize=830  refBytes=439
        t=2026-09-22T09:28:41+0200 lvl=info msg="HOTSTUFF PROPOSAL MANIFEST stored"     from=127.0.0.1:59182 number=39 proposalID=0x66ccc9bda03431fa263638d5ab66f631efc7b5d15652106fae6d37c73d7587cf manifestBytes=1220 missing=0 bodyBytes=3350
        t=2026-09-22T09:28:42+0200 lvl=info msg="HOTSTUFF PROPOSAL MANIFEST stored"     from=127.0.0.1:33198 number=40 proposalID=0x62bf8ee6c1a65c9798773223f725493ef6f95e8e7fe5dddb7f44707640454ca3 manifestBytes=830  missing=0 bodyBytes=830
        t=2026-09-22T09:28:42+0200 lvl=info msg="HOTSTUFF PROPOSAL MANIFEST stored"     from=127.0.0.1:45502 number=41 proposalID=0xab50b447a1884caedc95495c16d3c0e43853a99044f30218eec8d76c49542750 manifestBytes=1220 missing=0 bodyBytes=3350
        t=2026-09-22T09:28:42+0200 lvl=info msg="HOTSTUFF PROPOSAL MANIFEST stored"     from=127.0.0.1:45502 number=42 proposalID=0x005590362cfd823871cec5f29921fd0d3fa4d80ecb2e13686ea840d7e9daef1d manifestBytes=830  missing=0 bodyBytes=830
        t=2026-09-22T09:28:43+0200 lvl=info msg="HOTSTUFF PROPOSAL MANIFEST stored"     from=127.0.0.1:34267 number=43 proposalID=0x297dc7acab1fd6c21dbc85b965251d404bb39310f9c9c897e575f700457a0f73 manifestBytes=1220 missing=0 bodyBytes=3350
        t=2026-09-22T09:28:43+0200 lvl=info msg="HOTSTUFF PROPOSAL MANIFEST stored"     from=127.0.0.1:34267 number=43 proposalID=0x297dc7acab1fd6c21dbc85b965251d404bb39310f9c9c897e575f700457a0f73 manifestBytes=1220 missing=0 bodyBytes=3350
        t=2026-09-22T09:28:43+0200 lvl=warn msg="HandleConn drops connection: closed"   address=127.0.0.1:59100 remot=127.0.0.1:34267
        t=2026-09-22T09:28:43+0200 lvl=info msg="HOTSTUFF PROPOSAL REF"                 number=44 viewID=0x6b0d65b5baaa3e0596701613b5ce9ddc4cc946d68f267d84da44589bed92ff9d proposalID=0x26efbd634005abf37cbf802918b34dda2ba15ac5b8643c1e66ce20ddd20245d2 blockHash=0x701ab759812c083fbfc091904b2b8323cff035bf1d1fb7b353e96e6ec38c7755 bodyHash=0xdc9e4a30b0b2349e5354c782318b4f00bd4a1b37bd21fd7b35ed092a34a9d2f6 bodySize=830  refBytes=439
        t=2026-09-22T09:28:43+0200 lvl=warn msg=GetBlockByNumer                         number=1
        t=2026-09-22T09:28:43+0200 lvl=warn msg=GetBlockByNumer                         number=43
        t=2026-09-22T09:28:43+0200 lvl=info msg="HOTSTUFF PROPOSAL MANIFEST stored"     from=127.0.0.1:34267 number=45 proposalID=0xa3090c3e924bcf757b634fe8f205475967ef36f9502e678e17a2bc37c9757f10 manifestBytes=1220 missing=0 bodyBytes=3350
        t=2026-09-22T09:28:44+0200 lvl=info msg="HOTSTUFF PROPOSAL MANIFEST stored"     from=127.0.0.1:46203 number=46 proposalID=0x24f5c27a356710b209901ccb99954e38e4b7429509b1026b690fe5e56592544e manifestBytes=830  missing=0 bodyBytes=830
        t=2026-09-22T09:28:44+0200 lvl=info msg="HOTSTUFF PROPOSAL MANIFEST stored"     from=127.0.0.1:45502 number=47 proposalID=0x75aa053130e0fbb037ea22605c397b45cbc2ebfc5a84d3eebfd33c9080602d65 manifestBytes=1220 missing=1 bodyBytes=3350
        t=2026-09-22T09:28:44+0200 lvl=eror msg="OnPropose wait proposal body"          number=47 proposalID=0x75aa053130e0fbb037ea22605c397b45cbc2ebfc5a84d3eebfd33c9080602d65 err="hotstuff view state too old"
        t=2026-09-22T09:28:44+0200 lvl=warn msg="HOTSTUFF PROPOSAL MANIFEST authority rejected" from=127.0.0.1:59182 leader=127.0.0.1:59182 number=48 proposalID=0x9790b1188e649011827faf5d19f03b0f31ae7a61e1781c9d9a297fa68ca11d28 err="proposal manifest does not match the current deterministic leader route: manifest key committee is already canonical but is not the current route"
        t=2026-09-22T09:28:44+0200 lvl=info msg="HOTSTUFF PROPOSAL REPAIR REQUEST"      to=127.0.0.1:59182 number=48 proposalID=0x9790b1188e649011827faf5d19f03b0f31ae7a61e1781c9d9a297fa68ca11d28 missing=0 attempt=0
        t=2026-09-22T09:28:44+0200 lvl=info msg="HOTSTUFF PROPOSAL MANIFEST stored"     from=127.0.0.1:59182 number=48 proposalID=0x9790b1188e649011827faf5d19f03b0f31ae7a61e1781c9d9a297fa68ca11d28 manifestBytes=830  missing=0 bodyBytes=830
        t=2026-09-22T09:28:45+0200 lvl=warn msg=GetBlockByNumer                         number=1
        t=2026-09-22T09:28:45+0200 lvl=warn msg=GetBlockByNumer                         number=47
        t=2026-09-22T09:28:45+0200 lvl=warn msg=GetBlockByNumer                         number=1
        t=2026-09-22T09:28:45+0200 lvl=warn msg=GetBlockByNumer                         number=47
    fhs_process_recovery_test.go:226: validator 962123 complete log: /tmp/fhs-process-failure-1778460259.log
    fhs_process_recovery_test.go:231: validator 962123 log tail:
        t=2026-09-22T09:27:34+0200 lvl=warn msg=GetBlockByNumer number=0
        t=2026-09-22T09:27:34+0200 lvl=warn msg="Failed to load snapshot, regenerating" err="missing or corrupted snapshot"
        t=2026-09-22T09:27:42+0200 lvl=eror msg=Connect                                 Could not connect to=127.0.0.1:34267 error="CRYPTO_ERROR 0x150 (remote): tls: internal error"
        t=2026-09-22T09:27:46+0200 lvl=info msg="HOTSTUFF PROPOSAL MANIFEST stored"     from=127.0.0.1:59182 number=1 proposalID=0xabe4425a31905907dbc5e0f9253fde114104091de2db85f5780c2a45fd77d09f manifestBytes=1219 missing=0 bodyBytes=1314
        t=2026-09-22T09:27:47+0200 lvl=info msg="HOTSTUFF PROPOSAL MANIFEST stored"     from=127.0.0.1:34267 number=2 proposalID=0x277381ce6a71cd67ca9d6a692a393b69e96e57df174500a2324f7ba07abe8db2 manifestBytes=830  missing=0 bodyBytes=830
        t=2026-09-22T09:27:47+0200 lvl=info msg="HOTSTUFF PROPOSAL MANIFEST stored"     from=127.0.0.1:34267 number=3 proposalID=0xd5a384e1c839fb78a72eaa60a9f48f9912c93b8c6c4fb8b28871a310df813bf6 manifestBytes=1219 missing=0 bodyBytes=1314
        t=2026-09-22T09:27:47+0200 lvl=info msg="HOTSTUFF PROPOSAL MANIFEST stored"     from=127.0.0.1:34278 number=4 proposalID=0xac6804e21db867a12828a90cd92588c4e1ee413e6c10c316cd29a61f57e992cf manifestBytes=830  missing=0 bodyBytes=830
        t=2026-09-22T09:27:48+0200 lvl=info msg="HOTSTUFF PROPOSAL MANIFEST stored"     from=127.0.0.1:33198 number=5 proposalID=0x26b72cc4211b5e9addfbc327a8405cadb6374538bbc05767ef818df9208a83cc manifestBytes=1219 missing=0 bodyBytes=1314
        t=2026-09-22T09:27:48+0200 lvl=info msg="HOTSTUFF PROPOSAL MANIFEST stored"     from=127.0.0.1:59100 number=6 proposalID=0x4c207330d9c5f4e8c907f157e1bf4d7c6fc263c83c6a872adaa20b4647865e74 manifestBytes=830  missing=0 bodyBytes=830
        t=2026-09-22T09:27:49+0200 lvl=info msg="HOTSTUFF PROPOSAL REF"                 number=7 viewID=0xaae10349feee5e39d267b53861e90a81c71f3194c198501b5a85aaaee0cb9f1c proposalID=0xef845b47a2256ae748b8f4be6a3b7311dfd37ec97c8b4210d9d0d0b29c8e3188 blockHash=0x5b112efefcf79be5d024c3738ee6188c56cae82d791e04ae082c3879bdd0e97a bodyHash=0x44142c39fb395d03ff43b14c2938d5de176b5e4841d03b6e9e056a04620b6f32 bodySize=1313 refBytes=442
        t=2026-09-22T09:27:49+0200 lvl=warn msg="Send msg try again"                    address=[::]:46203 Couldn't send to=127.0.0.1:34267 error="Operation Canceled"
        t=2026-09-22T09:27:49+0200 lvl=eror msg=CloseConnect                            =[::]:46203 having error closing conn to=127.0.0.1:33109 error="Connection Closed"
        t=2026-09-22T09:27:49+0200 lvl=info msg="HOTSTUFF PROPOSAL MANIFEST stored"     from=127.0.0.1:33198 number=8 proposalID=0xd2fc47dcde8ce612458ea5170fdb51e345381d9b633371f506001cd59a40ff99 manifestBytes=830  missing=0 bodyBytes=830
        t=2026-09-22T09:27:49+0200 lvl=warn msg=GetBlockByNumer                         number=1
        t=2026-09-22T09:27:49+0200 lvl=warn msg=GetBlockByNumer                         number=7
        t=2026-09-22T09:27:49+0200 lvl=warn msg=GetBlockByNumer                         number=1
        t=2026-09-22T09:27:49+0200 lvl=warn msg=GetBlockByNumer                         number=7
        t=2026-09-22T09:27:54+0200 lvl=warn msg="HOTSTUFF RECOVERY resend NewView"      number=9 viewID=0x268e2aaa900cc18e3e9605a4854438d5b19a8fdaff9ebbdc964cb6801411f421 to=127.0.0.1:45502
        t=2026-09-22T09:27:59+0200 lvl=warn msg="HOTSTUFF RECOVERY resend NewView"      number=9 viewID=0x268e2aaa900cc18e3e9605a4854438d5b19a8fdaff9ebbdc964cb6801411f421 to=127.0.0.1:45502
        t=2026-09-22T09:28:04+0200 lvl=warn msg="HOTSTUFF RECOVERY resend NewView"      number=9 viewID=0x268e2aaa900cc18e3e9605a4854438d5b19a8fdaff9ebbdc964cb6801411f421 to=127.0.0.1:45502
        t=2026-09-22T09:28:09+0200 lvl=warn msg="HOTSTUFF RECOVERY resend NewView"      number=9 viewID=0x268e2aaa900cc18e3e9605a4854438d5b19a8fdaff9ebbdc964cb6801411f421 to=127.0.0.1:45502
        t=2026-09-22T09:28:14+0200 lvl=warn msg="HOTSTUFF RECOVERY resend NewView"      number=9 viewID=0x268e2aaa900cc18e3e9605a4854438d5b19a8fdaff9ebbdc964cb6801411f421 to=127.0.0.1:45502
        t=2026-09-22T09:28:19+0200 lvl=warn msg="HOTSTUFF RECOVERY resend NewView"      number=9 viewID=0x268e2aaa900cc18e3e9605a4854438d5b19a8fdaff9ebbdc964cb6801411f421 to=127.0.0.1:45502
        t=2026-09-22T09:28:24+0200 lvl=warn msg="HOTSTUFF RECOVERY resend NewView"      number=9 viewID=0x268e2aaa900cc18e3e9605a4854438d5b19a8fdaff9ebbdc964cb6801411f421 to=127.0.0.1:45502
        t=2026-09-22T09:28:27+0200 lvl=info msg="HOTSTUFF PROPOSAL MANIFEST stored"     from=127.0.0.1:45502 number=9 proposalID=0x2eac56ee3e4558a1216a1279922f6fa9c5607ef5904a9e61c40a55bda2d69c04 manifestBytes=1220 missing=0 bodyBytes=20186
        t=2026-09-22T09:28:27+0200 lvl=info msg="HOTSTUFF PROPOSAL MANIFEST stored"     from=127.0.0.1:34278 number=10 proposalID=0x0b40b6a039b4ab1e89c4ae13a11ed6708301e912effc88726fc4f63d157ffb24 manifestBytes=830  missing=0 bodyBytes=830
        t=2026-09-22T09:28:28+0200 lvl=info msg="HOTSTUFF PROPOSAL MANIFEST stored"     from=127.0.0.1:34267 number=11 proposalID=0x79b200c93a5cf495cfc90fb1ac2498b1e7a604250f8ea33eaf32a2f57f0c4922 manifestBytes=1220 missing=0 bodyBytes=3350
        t=2026-09-22T09:28:28+0200 lvl=info msg="HOTSTUFF PROPOSAL MANIFEST stored"     from=127.0.0.1:34278 number=12 proposalID=0xb5583d8c81d258914b517e11a79f97c75be6c0ea29f3579240eac7c2d512d59b manifestBytes=830  missing=0 bodyBytes=830
        t=2026-09-22T09:28:29+0200 lvl=info msg="HOTSTUFF PROPOSAL MANIFEST stored"     from=127.0.0.1:34267 number=13 proposalID=0xed840969bb73b5831d00ad539261fc601601e5eb947140dd74d6c2892fe60be8 manifestBytes=1220 missing=0 bodyBytes=3350
        t=2026-09-22T09:28:29+0200 lvl=info msg="HOTSTUFF PROPOSAL REF"                 number=14 viewID=0xaf9c9a97b7e6149b2a484349fdb797049bfbceee4e265f862a51af1db08dd121 proposalID=0x969f49d6dd97a64fd3c9b1f7ae7e82bf8cd9d1b4f3edec6b03539e50ed460441 blockHash=0xbdd7c631c6a85318006f7d84e2de369f685ba32120c3cde2b4085587eb75c8fa bodyHash=0x85f9da8a78fb94e707510a7554f5580524320a050e2f73aadef0ad1c584ee457 bodySize=830  refBytes=439
        t=2026-09-22T09:28:29+0200 lvl=info msg="HOTSTUFF PROPOSAL MANIFEST stored"     from=127.0.0.1:34278 number=15 proposalID=0x1bbae7c00efae661bfdd5d03c93b8aa871e94bfadcd17519cb001e2824b50eb7 manifestBytes=1220 missing=0 bodyBytes=3350
        t=2026-09-22T09:28:30+0200 lvl=info msg="HOTSTUFF PROPOSAL MANIFEST stored"     from=127.0.0.1:34278 number=16 proposalID=0xfdca49f74d6aa5f8950d537ee478b063f288f482a0ca57f18179e0cdb56f4423 manifestBytes=830  missing=0 bodyBytes=830
        t=2026-09-22T09:28:30+0200 lvl=info msg="HOTSTUFF PROPOSAL MANIFEST stored"     from=127.0.0.1:59100 number=17 proposalID=0x5a2dac7ff647c9c9787e12123515d605c926597196c6b50d61e1ddcbf4e705a6 manifestBytes=1220 missing=0 bodyBytes=3350
        t=2026-09-22T09:28:31+0200 lvl=info msg="HOTSTUFF PROPOSAL MANIFEST stored"     from=127.0.0.1:59100 number=18 proposalID=0xeab512ed3e5d8ca1273004bdf1df853eb5b02b4ed88ee309a4a0f9be0755c704 manifestBytes=830  missing=0 bodyBytes=830
        t=2026-09-22T09:28:31+0200 lvl=info msg="HOTSTUFF PROPOSAL MANIFEST stored"     from=127.0.0.1:34267 number=19 proposalID=0xb1a896bf61f390d0133ffc98f68175ad59e37c225edee2d04418b2ff1196ab3a manifestBytes=1220 missing=0 bodyBytes=3350
        t=2026-09-22T09:28:31+0200 lvl=info msg="HOTSTUFF PROPOSAL MANIFEST stored"     from=127.0.0.1:34267 number=20 proposalID=0x683e886d576e33c938f9539fe9beaf321dd0d801f14159a3b9e1c645a3c4fe85 manifestBytes=830  missing=0 bodyBytes=830
        t=2026-09-22T09:28:32+0200 lvl=info msg="HOTSTUFF PROPOSAL REF"                 number=21 viewID=0xbe00460bdad669da06093c8a2542780ca9cbcb410b6a11e67c6d1857107076b0 proposalID=0xd6d25f0de461544685f6e31d03e1a417f3f1860de92892a75a8709b46e15bf8a blockHash=0x6b459ca0ddb8354bb1b04ed73fac4d0cf96c7641f01bf82437818e5349a288a2 bodyHash=0xce66e66e57dbb8fa2d613e5d458c74ce9d654f6f634a12a3cd612f19fccc2b13 bodySize=3350 refBytes=442
        t=2026-09-22T09:28:32+0200 lvl=warn msg="Send msg try again"                    address=[::]:46203 Couldn't send to=127.0.0.1:34267 error="Operation Canceled"
        t=2026-09-22T09:28:32+0200 lvl=warn msg="Send msg try again"                    address=[::]:46203 Couldn't send to=127.0.0.1:34278 error="Operation Canceled"
        t=2026-09-22T09:28:32+0200 lvl=eror msg=CloseConnect                            =[::]:46203 having error closing conn to=127.0.0.1:34267 error="Connection Closed"
        t=2026-09-22T09:28:32+0200 lvl=eror msg=CloseConnect                            =[::]:46203 having error closing conn to=127.0.0.1:34278 error="Connection Closed"
        t=2026-09-22T09:28:33+0200 lvl=info msg="HOTSTUFF PROPOSAL MANIFEST stored"     from=127.0.0.1:59100 number=22 proposalID=0x6c654a8e13680e93de92231b08efc6eb919853bfbdb0ffdb9fbf1ec525095979 manifestBytes=830  missing=0 bodyBytes=830
        t=2026-09-22T09:28:33+0200 lvl=info msg="HOTSTUFF PROPOSAL MANIFEST stored"     from=127.0.0.1:34278 number=23 proposalID=0xf29f97eedaae52466101755ec7dcfd79b896ee0cf1a7d7cdb10bcd951140f760 manifestBytes=1220 missing=1 bodyBytes=3350
        t=2026-09-22T09:28:33+0200 lvl=eror msg="OnPropose wait proposal body"          number=23 proposalID=0xf29f97eedaae52466101755ec7dcfd79b896ee0cf1a7d7cdb10bcd951140f760 err="hotstuff view state too old"
        t=2026-09-22T09:28:33+0200 lvl=warn msg="reject new-view before storage"        from=127.0.0.1:33198 viewID=0x112ed32eadeaf23723e721cbf1ed086e2b5c2b05f6cc22e2167c98f30518fc4c err="hotstuff proposal validation pending"
        t=2026-09-22T09:28:33+0200 lvl=warn msg="reject new-view before storage"        from=127.0.0.1:34267 viewID=0x112ed32eadeaf23723e721cbf1ed086e2b5c2b05f6cc22e2167c98f30518fc4c err="hotstuff proposal validation pending"
        t=2026-09-22T09:28:33+0200 lvl=warn msg="reject new-view before storage"        from=127.0.0.1:59182 viewID=0x112ed32eadeaf23723e721cbf1ed086e2b5c2b05f6cc22e2167c98f30518fc4c err="hotstuff proposal validation pending"
        t=2026-09-22T09:28:33+0200 lvl=warn msg="reject new-view before storage"        from=127.0.0.1:34278 viewID=0x112ed32eadeaf23723e721cbf1ed086e2b5c2b05f6cc22e2167c98f30518fc4c err="hotstuff proposal validation pending"
        t=2026-09-22T09:28:33+0200 lvl=warn msg="reject new-view before storage"        from=127.0.0.1:45502 viewID=0x112ed32eadeaf23723e721cbf1ed086e2b5c2b05f6cc22e2167c98f30518fc4c err="hotstuff proposal validation pending"
        t=2026-09-22T09:28:34+0200 lvl=info msg="HOTSTUFF PROPOSAL REF"                 number=24 viewID=0x112ed32eadeaf23723e721cbf1ed086e2b5c2b05f6cc22e2167c98f30518fc4c proposalID=0x40e00595ddad245b5e7f0f121210f3e6f8c58e3ba32b743ba0d39351c347aa75 blockHash=0xb5456dd72126f61fdbcf966471dc84721c5ced731f654002c7e74a4b79b3fb48 bodyHash=0x8fca5df995f66e54fe22e2d58813b28cdb93c53cab68062993b727ac1ce25cff bodySize=830  refBytes=439
        t=2026-09-22T09:28:34+0200 lvl=warn msg="Send msg try again"                    address=[::]:46203 Couldn't send to=127.0.0.1:45502 error="Operation Canceled"
        t=2026-09-22T09:28:34+0200 lvl=eror msg=CloseConnect                            =[::]:46203 having error closing conn to=127.0.0.1:45502 error="Connection Closed"
        t=2026-09-22T09:28:34+0200 lvl=warn msg="Send msg try again"                    address=[::]:46203 Couldn't send to=127.0.0.1:34278 error="Operation Canceled"
        t=2026-09-22T09:28:34+0200 lvl=warn msg="Send msg try again"                    address=[::]:46203 Couldn't send to=127.0.0.1:59182 error="Operation Canceled"
        t=2026-09-22T09:28:34+0200 lvl=eror msg=CloseConnect                            =[::]:46203 having error closing conn to=127.0.0.1:34278 error="Connection Closed"
        t=2026-09-22T09:28:34+0200 lvl=eror msg=CloseConnect                            =[::]:46203 having error closing conn to=127.0.0.1:59182 error="Connection Closed"
        t=2026-09-22T09:28:34+0200 lvl=info msg="HOTSTUFF PROPOSAL MANIFEST stored"     from=127.0.0.1:59100 number=25 proposalID=0xfa001a993f5f72b6071de0cca1979daf7345d69ed9acfc4704e7bbd03f3b2ef5 manifestBytes=1220 missing=0 bodyBytes=3350
        t=2026-09-22T09:28:34+0200 lvl=warn msg="HandleConn drops connection: closed"   address=127.0.0.1:46203 remot=127.0.0.1:59100
        t=2026-09-22T09:28:34+0200 lvl=info msg="HOTSTUFF PROPOSAL MANIFEST stored"     from=127.0.0.1:59100 number=25 proposalID=0xfa001a993f5f72b6071de0cca1979daf7345d69ed9acfc4704e7bbd03f3b2ef5 manifestBytes=1220 missing=0 bodyBytes=3350
        t=2026-09-22T09:28:35+0200 lvl=info msg="HOTSTUFF PROPOSAL MANIFEST stored"     from=127.0.0.1:59100 number=26 proposalID=0x0dde648e218523442e48734bb751df71aa705fa8a049bec8c006e8b09e47866f manifestBytes=830  missing=0 bodyBytes=830
        t=2026-09-22T09:28:35+0200 lvl=info msg="HOTSTUFF PROPOSAL MANIFEST stored"     from=127.0.0.1:45502 number=27 proposalID=0xc457dd79da993bcff8abfe021e53ec648960108dd4328be4172196593b43f605 manifestBytes=1220 missing=0 bodyBytes=3350
        t=2026-09-22T09:28:35+0200 lvl=info msg="HOTSTUFF PROPOSAL MANIFEST stored"     from=127.0.0.1:59100 number=28 proposalID=0x8f669e50b6ced01bab55a5213b9bedb5b7ebe4ca9874af1ce96732b26e547b99 manifestBytes=830  missing=0 bodyBytes=830
        t=2026-09-22T09:28:36+0200 lvl=info msg="HOTSTUFF PROPOSAL MANIFEST stored"     from=127.0.0.1:34267 number=29 proposalID=0xf8b49b1e7dbe944fd14143513b3c6e557ba5e82d2a5594f32b73e4d9d85781f9 manifestBytes=1220 missing=0 bodyBytes=3350
        t=2026-09-22T09:28:37+0200 lvl=info msg="HOTSTUFF PROPOSAL REF"                 number=30 viewID=0x7d4ae7d3afb22259b110835c96ec4919821db535058fe48eb26da21ed9c180dc proposalID=0x3a0624e3342f59b8377cf6d4761be8ae04c214637975a032724e5e682ac34062 blockHash=0x9a1284627ea60cd51588a371cbfffbe23307393b01c5061b71d2bcc5c7450845 bodyHash=0xc86a45655895fa6413fed2e8833d6da003f02214d4946839c1014d24cc06f7da bodySize=830  refBytes=439
        t=2026-09-22T09:28:37+0200 lvl=warn msg="Send msg try again"                    address=[::]:46203      Couldn't send to=127.0.0.1:34278 error="Operation Canceled"
        t=2026-09-22T09:28:37+0200 lvl=eror msg=CloseConnect                            =[::]:46203 having error closing conn to=127.0.0.1:34278 error="Connection Closed"
        t=2026-09-22T09:28:37+0200 lvl=warn msg="reject new-view before storage"        from=127.0.0.1:45502 viewID=0x7d4ae7d3afb22259b110835c96ec4919821db535058fe48eb26da21ed9c180dc err="hotstuff view state too old"
        t=2026-09-22T09:28:37+0200 lvl=info msg="HOTSTUFF PROPOSAL MANIFEST stored"     from=127.0.0.1:45502 number=31 proposalID=0x03f8615f7c8bb89e60fa3f817e098da2cc2d8266a42efac52fc5a06e99da0821 manifestBytes=1220 missing=0 bodyBytes=3350
        t=2026-09-22T09:28:38+0200 lvl=info msg="HOTSTUFF PROPOSAL MANIFEST stored"     from=127.0.0.1:34278 number=32 proposalID=0x7830985e239edd2922f1aa8de46d3ab529296f35aff0542542ecc3315e217f55 manifestBytes=830  missing=0 bodyBytes=830
        t=2026-09-22T09:28:38+0200 lvl=info msg="HOTSTUFF PROPOSAL MANIFEST stored"     from=127.0.0.1:34267 number=33 proposalID=0x41a915bc5be37356e1790987ab531e0330bdcfd5cdc18668107cab007d449d62 manifestBytes=1220 missing=1 bodyBytes=3350
        t=2026-09-22T09:28:38+0200 lvl=eror msg="OnPropose wait proposal body"          number=33 proposalID=0x41a915bc5be37356e1790987ab531e0330bdcfd5cdc18668107cab007d449d62 err="hotstuff view state too old"
        t=2026-09-22T09:28:38+0200 lvl=warn msg="HOTSTUFF PROPOSAL MANIFEST authority rejected" from=127.0.0.1:33198 leader=127.0.0.1:33198 number=34 proposalID=0xe3827356aff998de7db3c827dfbb8de3d9220102ad15a54b2e79764e84c62d32 err="proposal manifest does not match the current deterministic leader route: manifest key committee is already canonical but is not the current route"
        t=2026-09-22T09:28:39+0200 lvl=info msg="HOTSTUFF PROPOSAL REPAIR REQUEST"      to=127.0.0.1:33198 number=34 proposalID=0xe3827356aff998de7db3c827dfbb8de3d9220102ad15a54b2e79764e84c62d32 missing=0 attempt=0
        t=2026-09-22T09:28:39+0200 lvl=info msg="HOTSTUFF PROPOSAL MANIFEST stored"     from=127.0.0.1:33198 number=34 proposalID=0xe3827356aff998de7db3c827dfbb8de3d9220102ad15a54b2e79764e84c62d32 manifestBytes=830  missing=0 bodyBytes=830
        t=2026-09-22T09:28:39+0200 lvl=info msg="HOTSTUFF PROPOSAL MANIFEST stored"     from=127.0.0.1:34278 number=35 proposalID=0x4dbdd37e6a6a9c0ab57e2a26866a8f901f5bcb4fe239e7dcc4e0ccf7deef217f manifestBytes=1220 missing=1 bodyBytes=3350
        t=2026-09-22T09:28:39+0200 lvl=eror msg="OnPropose wait proposal body"          number=35 proposalID=0x4dbdd37e6a6a9c0ab57e2a26866a8f901f5bcb4fe239e7dcc4e0ccf7deef217f err="hotstuff view state too old"
        t=2026-09-22T09:28:40+0200 lvl=info msg="HOTSTUFF PROPOSAL MANIFEST stored"     from=127.0.0.1:59100 number=36 proposalID=0x786f41fa2984d6fa70b731d7910a0938007731de8aa775e19e5b876f576ea8f2 manifestBytes=830  missing=0 bodyBytes=830
        t=2026-09-22T09:28:40+0200 lvl=info msg="HOTSTUFF PROPOSAL MANIFEST stored"     from=127.0.0.1:45502 number=37 proposalID=0xc8c734837aac93fef4b148be804d8f08de2bbcf2f6df6928d0c12d3f127d8495 manifestBytes=1220 missing=0 bodyBytes=3350
        t=2026-09-22T09:28:40+0200 lvl=info msg="HOTSTUFF PROPOSAL MANIFEST stored"     from=127.0.0.1:59100 number=38 proposalID=0x321ac203d01bec483725e7c1edf2d9d55f0447a57ad879cf9f9c24d241888843 manifestBytes=830  missing=0 bodyBytes=830
        t=2026-09-22T09:28:41+0200 lvl=info msg="HOTSTUFF PROPOSAL MANIFEST stored"     from=127.0.0.1:59182 number=39 proposalID=0x66ccc9bda03431fa263638d5ab66f631efc7b5d15652106fae6d37c73d7587cf manifestBytes=1220 missing=0 bodyBytes=3350
        t=2026-09-22T09:28:42+0200 lvl=info msg="HOTSTUFF PROPOSAL MANIFEST stored"     from=127.0.0.1:33198 number=40 proposalID=0x62bf8ee6c1a65c9798773223f725493ef6f95e8e7fe5dddb7f44707640454ca3 manifestBytes=830  missing=0 bodyBytes=830
        t=2026-09-22T09:28:42+0200 lvl=info msg="HOTSTUFF PROPOSAL MANIFEST stored"     from=127.0.0.1:45502 number=41 proposalID=0xab50b447a1884caedc95495c16d3c0e43853a99044f30218eec8d76c49542750 manifestBytes=1220 missing=0 bodyBytes=3350
        t=2026-09-22T09:28:42+0200 lvl=warn msg="HandleConn drops connection: closed"   address=127.0.0.1:46203 remot=127.0.0.1:45502
        t=2026-09-22T09:28:42+0200 lvl=info msg="HOTSTUFF PROPOSAL MANIFEST stored"     from=127.0.0.1:45502 number=42 proposalID=0x005590362cfd823871cec5f29921fd0d3fa4d80ecb2e13686ea840d7e9daef1d manifestBytes=830  missing=0 bodyBytes=830
        t=2026-09-22T09:28:43+0200 lvl=info msg="HOTSTUFF PROPOSAL MANIFEST stored"     from=127.0.0.1:34267 number=43 proposalID=0x297dc7acab1fd6c21dbc85b965251d404bb39310f9c9c897e575f700457a0f73 manifestBytes=1220 missing=0 bodyBytes=3350
        t=2026-09-22T09:28:43+0200 lvl=info msg="HOTSTUFF PROPOSAL MANIFEST stored"     from=127.0.0.1:59100 number=44 proposalID=0x26efbd634005abf37cbf802918b34dda2ba15ac5b8643c1e66ce20ddd20245d2 manifestBytes=830  missing=0 bodyBytes=830
        t=2026-09-22T09:28:43+0200 lvl=warn msg=GetBlockByNumer                         number=1
        t=2026-09-22T09:28:43+0200 lvl=warn msg=GetBlockByNumer                         number=43
        t=2026-09-22T09:28:43+0200 lvl=info msg="HOTSTUFF PROPOSAL MANIFEST stored"     from=127.0.0.1:34267 number=45 proposalID=0xa3090c3e924bcf757b634fe8f205475967ef36f9502e678e17a2bc37c9757f10 manifestBytes=1220 missing=0 bodyBytes=3350
        t=2026-09-22T09:28:44+0200 lvl=info msg="HOTSTUFF PROPOSAL REF"                 number=46 viewID=0x0c95ff0351c5e91807bd50a8d1f8e83a82918ec637b98816657c398a1be12e7c proposalID=0x24f5c27a356710b209901ccb99954e38e4b7429509b1026b690fe5e56592544e blockHash=0xba046688763a4d7674a0a6fa92e962d078979b90163ac70e24d93ed23ec1394b bodyHash=0x16060593c14b1079784e8ffcc30fd2ff131024a50b81a9d4020f2fb1b46b15fe bodySize=830  refBytes=439
        t=2026-09-22T09:28:44+0200 lvl=info msg="HOTSTUFF PROPOSAL MANIFEST stored"     from=127.0.0.1:45502 number=47 proposalID=0x75aa053130e0fbb037ea22605c397b45cbc2ebfc5a84d3eebfd33c9080602d65 manifestBytes=1220 missing=0 bodyBytes=3350
        t=2026-09-22T09:28:44+0200 lvl=info msg="HOTSTUFF PROPOSAL MANIFEST stored"     from=127.0.0.1:59182 number=48 proposalID=0x9790b1188e649011827faf5d19f03b0f31ae7a61e1781c9d9a297fa68ca11d28 manifestBytes=830  missing=0 bodyBytes=830
        t=2026-09-22T09:28:45+0200 lvl=warn msg=GetBlockByNumer                         number=1
        t=2026-09-22T09:28:45+0200 lvl=warn msg=GetBlockByNumer                         number=47
        t=2026-09-22T09:28:45+0200 lvl=warn msg=GetBlockByNumer                         number=1
        t=2026-09-22T09:28:45+0200 lvl=warn msg=GetBlockByNumer                         number=47
    fhs_process_recovery_test.go:226: validator 962117 complete log: /tmp/fhs-process-failure-2204123797.log
    fhs_process_recovery_test.go:231: validator 962117 log tail:
        t=2026-09-22T09:27:31+0200 lvl=warn msg=GetBlockByNumer number=0
        t=2026-09-22T09:27:31+0200 lvl=warn msg="Failed to load snapshot, regenerating" err="missing or corrupted snapshot"
        t=2026-09-22T09:27:42+0200 lvl=eror msg=Connect                                 Could not connect to=127.0.0.1:34267 error="CRYPTO_ERROR 0x150 (remote): tls: internal error"
        t=2026-09-22T09:27:42+0200 lvl=eror msg=Connect                                 Could not connect to=127.0.0.1:59100 error="CRYPTO_ERROR 0x150 (remote): tls: internal error"
        t=2026-09-22T09:27:46+0200 lvl=info msg="HOTSTUFF PROPOSAL MANIFEST stored"     from=127.0.0.1:59182 number=1 proposalID=0xabe4425a31905907dbc5e0f9253fde114104091de2db85f5780c2a45fd77d09f manifestBytes=1219 missing=0 bodyBytes=1314
        t=2026-09-22T09:27:47+0200 lvl=info msg="HOTSTUFF PROPOSAL MANIFEST stored"     from=127.0.0.1:34267 number=2 proposalID=0x277381ce6a71cd67ca9d6a692a393b69e96e57df174500a2324f7ba07abe8db2 manifestBytes=830  missing=0 bodyBytes=830
        t=2026-09-22T09:27:47+0200 lvl=info msg="HOTSTUFF PROPOSAL MANIFEST stored"     from=127.0.0.1:34267 number=3 proposalID=0xd5a384e1c839fb78a72eaa60a9f48f9912c93b8c6c4fb8b28871a310df813bf6 manifestBytes=1219 missing=0 bodyBytes=1314
        t=2026-09-22T09:27:47+0200 lvl=info msg="HOTSTUFF PROPOSAL MANIFEST stored"     from=127.0.0.1:34278 number=4 proposalID=0xac6804e21db867a12828a90cd92588c4e1ee413e6c10c316cd29a61f57e992cf manifestBytes=830  missing=0 bodyBytes=830
        t=2026-09-22T09:27:48+0200 lvl=info msg="HOTSTUFF PROPOSAL REF"                 number=5 viewID=0xa9d956b949b1091c05be5da65400896f19563a154207ab12392e9dc9a9564bef proposalID=0x26b72cc4211b5e9addfbc327a8405cadb6374538bbc05767ef818df9208a83cc blockHash=0x1aa095b7b1564e588b6f4d35bd18cedae8c3b8db32d0b9e92d25a9a1a3ba75ba bodyHash=0xf60f9a0acac84daba4f4ecdc3b96798703f3221a554ad95b02cfd5a1fcc9ae42 bodySize=1314 refBytes=442
        t=2026-09-22T09:27:48+0200 lvl=info msg="HOTSTUFF PROPOSAL MANIFEST stored"     from=127.0.0.1:59100 number=6 proposalID=0x4c207330d9c5f4e8c907f157e1bf4d7c6fc263c83c6a872adaa20b4647865e74 manifestBytes=830  missing=0 bodyBytes=830
        t=2026-09-22T09:27:49+0200 lvl=info msg="HOTSTUFF PROPOSAL MANIFEST stored"     from=127.0.0.1:46203 number=7 proposalID=0xef845b47a2256ae748b8f4be6a3b7311dfd37ec97c8b4210d9d0d0b29c8e3188 manifestBytes=1219 missing=0 bodyBytes=1313
        t=2026-09-22T09:27:49+0200 lvl=info msg="HOTSTUFF PROPOSAL REF"                 number=8 viewID=0x299362a55cd50ab6428222c63debc46cac2bcc3c11e77050362c4c45dc8a2c82 proposalID=0xd2fc47dcde8ce612458ea5170fdb51e345381d9b633371f506001cd59a40ff99 blockHash=0xdc9ae4461e262160fb373bab99f9003059f88ebd7c97ddffed65bfa0af08d95b bodyHash=0x55232ae65524240b47bddfacbdc5207f4a8ad13d21d99ed8f0a2c4a56f57ac39 bodySize=830  refBytes=439
        t=2026-09-22T09:27:49+0200 lvl=warn msg=GetBlockByNumer                         number=1
        t=2026-09-22T09:27:49+0200 lvl=warn msg=GetBlockByNumer                         number=7
        t=2026-09-22T09:27:49+0200 lvl=warn msg=GetBlockByNumer                         number=1
        t=2026-09-22T09:27:49+0200 lvl=warn msg=GetBlockByNumer                         number=7
        t=2026-09-22T09:27:54+0200 lvl=warn msg="HOTSTUFF RECOVERY resend NewView"      number=9 viewID=0x268e2aaa900cc18e3e9605a4854438d5b19a8fdaff9ebbdc964cb6801411f421 to=127.0.0.1:45502
        t=2026-09-22T09:27:59+0200 lvl=warn msg="HOTSTUFF RECOVERY resend NewView"      number=9 viewID=0x268e2aaa900cc18e3e9605a4854438d5b19a8fdaff9ebbdc964cb6801411f421 to=127.0.0.1:45502
        t=2026-09-22T09:28:04+0200 lvl=warn msg="HOTSTUFF RECOVERY resend NewView"      number=9 viewID=0x268e2aaa900cc18e3e9605a4854438d5b19a8fdaff9ebbdc964cb6801411f421 to=127.0.0.1:45502
        t=2026-09-22T09:28:09+0200 lvl=warn msg="HOTSTUFF RECOVERY resend NewView"      number=9 viewID=0x268e2aaa900cc18e3e9605a4854438d5b19a8fdaff9ebbdc964cb6801411f421 to=127.0.0.1:45502
        t=2026-09-22T09:28:14+0200 lvl=warn msg="HOTSTUFF RECOVERY resend NewView"      number=9 viewID=0x268e2aaa900cc18e3e9605a4854438d5b19a8fdaff9ebbdc964cb6801411f421 to=127.0.0.1:45502
        t=2026-09-22T09:28:19+0200 lvl=warn msg="HOTSTUFF RECOVERY resend NewView"      number=9 viewID=0x268e2aaa900cc18e3e9605a4854438d5b19a8fdaff9ebbdc964cb6801411f421 to=127.0.0.1:45502
        t=2026-09-22T09:28:24+0200 lvl=warn msg="HOTSTUFF RECOVERY resend NewView"      number=9 viewID=0x268e2aaa900cc18e3e9605a4854438d5b19a8fdaff9ebbdc964cb6801411f421 to=127.0.0.1:45502
        t=2026-09-22T09:28:27+0200 lvl=info msg="HOTSTUFF PROPOSAL MANIFEST stored"     from=127.0.0.1:45502 number=9 proposalID=0x2eac56ee3e4558a1216a1279922f6fa9c5607ef5904a9e61c40a55bda2d69c04 manifestBytes=1220 missing=0 bodyBytes=20186
        t=2026-09-22T09:28:27+0200 lvl=info msg="HOTSTUFF PROPOSAL MANIFEST stored"     from=127.0.0.1:34278 number=10 proposalID=0x0b40b6a039b4ab1e89c4ae13a11ed6708301e912effc88726fc4f63d157ffb24 manifestBytes=830  missing=0 bodyBytes=830
        t=2026-09-22T09:28:28+0200 lvl=info msg="HOTSTUFF PROPOSAL MANIFEST stored"     from=127.0.0.1:34267 number=11 proposalID=0x79b200c93a5cf495cfc90fb1ac2498b1e7a604250f8ea33eaf32a2f57f0c4922 manifestBytes=1220 missing=0 bodyBytes=3350
        t=2026-09-22T09:28:28+0200 lvl=info msg="HOTSTUFF PROPOSAL MANIFEST stored"     from=127.0.0.1:34278 number=12 proposalID=0xb5583d8c81d258914b517e11a79f97c75be6c0ea29f3579240eac7c2d512d59b manifestBytes=830  missing=0 bodyBytes=830
        t=2026-09-22T09:28:29+0200 lvl=info msg="HOTSTUFF PROPOSAL MANIFEST stored"     from=127.0.0.1:34267 number=13 proposalID=0xed840969bb73b5831d00ad539261fc601601e5eb947140dd74d6c2892fe60be8 manifestBytes=1220 missing=0 bodyBytes=3350
        t=2026-09-22T09:28:29+0200 lvl=info msg="HOTSTUFF PROPOSAL MANIFEST stored"     from=127.0.0.1:46203 number=14 proposalID=0x969f49d6dd97a64fd3c9b1f7ae7e82bf8cd9d1b4f3edec6b03539e50ed460441 manifestBytes=830  missing=0 bodyBytes=830
        t=2026-09-22T09:28:29+0200 lvl=info msg="HOTSTUFF PROPOSAL MANIFEST stored"     from=127.0.0.1:34278 number=15 proposalID=0x1bbae7c00efae661bfdd5d03c93b8aa871e94bfadcd17519cb001e2824b50eb7 manifestBytes=1220 missing=0 bodyBytes=3350
        t=2026-09-22T09:28:30+0200 lvl=info msg="HOTSTUFF PROPOSAL MANIFEST stored"     from=127.0.0.1:34278 number=16 proposalID=0xfdca49f74d6aa5f8950d537ee478b063f288f482a0ca57f18179e0cdb56f4423 manifestBytes=830  missing=0 bodyBytes=830
        t=2026-09-22T09:28:30+0200 lvl=info msg="HOTSTUFF PROPOSAL MANIFEST stored"     from=127.0.0.1:59100 number=17 proposalID=0x5a2dac7ff647c9c9787e12123515d605c926597196c6b50d61e1ddcbf4e705a6 manifestBytes=1220 missing=0 bodyBytes=3350
        t=2026-09-22T09:28:31+0200 lvl=info msg="HOTSTUFF PROPOSAL MANIFEST stored"     from=127.0.0.1:59100 number=18 proposalID=0xeab512ed3e5d8ca1273004bdf1df853eb5b02b4ed88ee309a4a0f9be0755c704 manifestBytes=830  missing=0 bodyBytes=830
        t=2026-09-22T09:28:31+0200 lvl=info msg="HOTSTUFF PROPOSAL MANIFEST stored"     from=127.0.0.1:34267 number=19 proposalID=0xb1a896bf61f390d0133ffc98f68175ad59e37c225edee2d04418b2ff1196ab3a manifestBytes=1220 missing=1 bodyBytes=3350
        t=2026-09-22T09:28:31+0200 lvl=eror msg="OnPropose wait proposal body"          number=19 proposalID=0xb1a896bf61f390d0133ffc98f68175ad59e37c225edee2d04418b2ff1196ab3a err="hotstuff view state too old"
        t=2026-09-22T09:28:31+0200 lvl=warn msg="HOTSTUFF PROPOSAL MANIFEST authority rejected" from=127.0.0.1:34267 leader=127.0.0.1:34267 number=20 proposalID=0x683e886d576e33c938f9539fe9beaf321dd0d801f14159a3b9e1c645a3c4fe85 err="proposal manifest does not match the current deterministic leader route: manifest key committee is already canonical but is not the current route"
        t=2026-09-22T09:28:32+0200 lvl=info msg="HOTSTUFF PROPOSAL REPAIR REQUEST"      to=127.0.0.1:34267 number=20 proposalID=0x683e886d576e33c938f9539fe9beaf321dd0d801f14159a3b9e1c645a3c4fe85 missing=0 attempt=0
        t=2026-09-22T09:28:32+0200 lvl=info msg="HOTSTUFF PROPOSAL MANIFEST stored"     from=127.0.0.1:34267 number=20 proposalID=0x683e886d576e33c938f9539fe9beaf321dd0d801f14159a3b9e1c645a3c4fe85 manifestBytes=830  missing=0 bodyBytes=830
        t=2026-09-22T09:28:32+0200 lvl=info msg="HOTSTUFF PROPOSAL MANIFEST stored"     from=127.0.0.1:46203 number=21 proposalID=0xd6d25f0de461544685f6e31d03e1a417f3f1860de92892a75a8709b46e15bf8a manifestBytes=1220 missing=0 bodyBytes=3350
        t=2026-09-22T09:28:33+0200 lvl=info msg="HOTSTUFF PROPOSAL MANIFEST stored"     from=127.0.0.1:59100 number=22 proposalID=0x6c654a8e13680e93de92231b08efc6eb919853bfbdb0ffdb9fbf1ec525095979 manifestBytes=830  missing=0 bodyBytes=830
        t=2026-09-22T09:28:33+0200 lvl=info msg="HOTSTUFF PROPOSAL MANIFEST stored"     from=127.0.0.1:34278 number=23 proposalID=0xf29f97eedaae52466101755ec7dcfd79b896ee0cf1a7d7cdb10bcd951140f760 manifestBytes=1220 missing=0 bodyBytes=3350
        t=2026-09-22T09:28:34+0200 lvl=info msg="HOTSTUFF PROPOSAL MANIFEST stored"     from=127.0.0.1:46203 number=24 proposalID=0x40e00595ddad245b5e7f0f121210f3e6f8c58e3ba32b743ba0d39351c347aa75 manifestBytes=830  missing=0 bodyBytes=830
        t=2026-09-22T09:28:34+0200 lvl=info msg="HOTSTUFF PROPOSAL MANIFEST stored"     from=127.0.0.1:59100 number=25 proposalID=0xfa001a993f5f72b6071de0cca1979daf7345d69ed9acfc4704e7bbd03f3b2ef5 manifestBytes=1220 missing=0 bodyBytes=3350
        t=2026-09-22T09:28:35+0200 lvl=info msg="HOTSTUFF PROPOSAL MANIFEST stored"     from=127.0.0.1:59100 number=26 proposalID=0x0dde648e218523442e48734bb751df71aa705fa8a049bec8c006e8b09e47866f manifestBytes=830  missing=0 bodyBytes=830
        t=2026-09-22T09:28:35+0200 lvl=info msg="HOTSTUFF PROPOSAL MANIFEST stored"     from=127.0.0.1:45502 number=27 proposalID=0xc457dd79da993bcff8abfe021e53ec648960108dd4328be4172196593b43f605 manifestBytes=1220 missing=0 bodyBytes=3350
        t=2026-09-22T09:28:35+0200 lvl=info msg="HOTSTUFF PROPOSAL MANIFEST stored"     from=127.0.0.1:59100 number=28 proposalID=0x8f669e50b6ced01bab55a5213b9bedb5b7ebe4ca9874af1ce96732b26e547b99 manifestBytes=830  missing=0 bodyBytes=830
        t=2026-09-22T09:28:36+0200 lvl=info msg="HOTSTUFF PROPOSAL MANIFEST stored"     from=127.0.0.1:34267 number=29 proposalID=0xf8b49b1e7dbe944fd14143513b3c6e557ba5e82d2a5594f32b73e4d9d85781f9 manifestBytes=1220 missing=0 bodyBytes=3350
        t=2026-09-22T09:28:37+0200 lvl=info msg="HOTSTUFF PROPOSAL MANIFEST stored"     from=127.0.0.1:46203 number=30 proposalID=0x3a0624e3342f59b8377cf6d4761be8ae04c214637975a032724e5e682ac34062 manifestBytes=830  missing=0 bodyBytes=830
        t=2026-09-22T09:28:37+0200 lvl=info msg="HOTSTUFF PROPOSAL MANIFEST stored"     from=127.0.0.1:45502 number=31 proposalID=0x03f8615f7c8bb89e60fa3f817e098da2cc2d8266a42efac52fc5a06e99da0821 manifestBytes=1220 missing=0 bodyBytes=3350
        t=2026-09-22T09:28:38+0200 lvl=info msg="HOTSTUFF PROPOSAL MANIFEST stored"     from=127.0.0.1:34278 number=32 proposalID=0x7830985e239edd2922f1aa8de46d3ab529296f35aff0542542ecc3315e217f55 manifestBytes=830  missing=0 bodyBytes=830
        t=2026-09-22T09:28:38+0200 lvl=info msg="HOTSTUFF PROPOSAL MANIFEST stored"     from=127.0.0.1:34267 number=33 proposalID=0x41a915bc5be37356e1790987ab531e0330bdcfd5cdc18668107cab007d449d62 manifestBytes=1220 missing=0 bodyBytes=3350
        t=2026-09-22T09:28:38+0200 lvl=info msg="HOTSTUFF PROPOSAL REF"                 number=34 viewID=0xf286e70c30431fda1157da03b28ee2d62bc3d53b97e262608498c6b366e8e5bb proposalID=0xe3827356aff998de7db3c827dfbb8de3d9220102ad15a54b2e79764e84c62d32 blockHash=0xb80b4f39a0fbb5ffdbcfe6f8c852a44365603638c616f4115c5a2a9de5e8bcd9 bodyHash=0x95adcf61b3b0b434777597e3a2c877356295e443151fa56fa3e08a7b6b7345bf bodySize=830  refBytes=439
        t=2026-09-22T09:28:38+0200 lvl=warn msg="Send msg try again"                    address=[::]:33198 Couldn't send to=127.0.0.1:45502 error="Operation Canceled"
        t=2026-09-22T09:28:38+0200 lvl=eror msg=CloseConnect                            =[::]:33198 having error closing conn to=127.0.0.1:47721 error="Connection Closed"
        t=2026-09-22T09:28:39+0200 lvl=info msg="HOTSTUFF PROPOSAL MANIFEST stored"     from=127.0.0.1:34278 number=35 proposalID=0x4dbdd37e6a6a9c0ab57e2a26866a8f901f5bcb4fe239e7dcc4e0ccf7deef217f manifestBytes=1220 missing=0 bodyBytes=3350
        t=2026-09-22T09:28:40+0200 lvl=info msg="HOTSTUFF PROPOSAL MANIFEST stored"     from=127.0.0.1:59100 number=36 proposalID=0x786f41fa2984d6fa70b731d7910a0938007731de8aa775e19e5b876f576ea8f2 manifestBytes=830  missing=0 bodyBytes=830
        t=2026-09-22T09:28:40+0200 lvl=warn msg="HandleConn drops connection: closed"   address=127.0.0.1:33198 remot=127.0.0.1:59100
        t=2026-09-22T09:28:40+0200 lvl=info msg="HOTSTUFF PROPOSAL MANIFEST stored"     from=127.0.0.1:59100 number=36 proposalID=0x786f41fa2984d6fa70b731d7910a0938007731de8aa775e19e5b876f576ea8f2 manifestBytes=830  missing=0 bodyBytes=830
        t=2026-09-22T09:28:40+0200 lvl=info msg="HOTSTUFF PROPOSAL MANIFEST stored"     from=127.0.0.1:45502 number=37 proposalID=0xc8c734837aac93fef4b148be804d8f08de2bbcf2f6df6928d0c12d3f127d8495 manifestBytes=1220 missing=0 bodyBytes=3350
        t=2026-09-22T09:28:40+0200 lvl=info msg="HOTSTUFF PROPOSAL MANIFEST stored"     from=127.0.0.1:59100 number=38 proposalID=0x321ac203d01bec483725e7c1edf2d9d55f0447a57ad879cf9f9c24d241888843 manifestBytes=830  missing=0 bodyBytes=830
        t=2026-09-22T09:28:41+0200 lvl=info msg="HOTSTUFF PROPOSAL MANIFEST stored"     from=127.0.0.1:59182 number=39 proposalID=0x66ccc9bda03431fa263638d5ab66f631efc7b5d15652106fae6d37c73d7587cf manifestBytes=1220 missing=0 bodyBytes=3350
        t=2026-09-22T09:28:42+0200 lvl=info msg="HOTSTUFF PROPOSAL REF"                 number=40 viewID=0x600d08e7028e7ae8c98974e73b624f525befb7125a757e4113f068b59ade96ae proposalID=0x62bf8ee6c1a65c9798773223f725493ef6f95e8e7fe5dddb7f44707640454ca3 blockHash=0x497cf10a13213819e5af063dead21366f3e1c0fed72320742005d9c73d076429 bodyHash=0x6173a2e9e9cc53f22f489f2858de443f095da98e3c9b31ae77c8a0e8426a6e50 bodySize=830  refBytes=439
        t=2026-09-22T09:28:42+0200 lvl=warn msg="Send msg try again"                    address=[::]:33198      Couldn't send to=127.0.0.1:59182 error="Operation Canceled"
        t=2026-09-22T09:28:42+0200 lvl=eror msg=CloseConnect                            =[::]:33198 having error closing conn to=127.0.0.1:59182 error="Connection Closed"
        t=2026-09-22T09:28:42+0200 lvl=info msg="HOTSTUFF PROPOSAL MANIFEST stored"     from=127.0.0.1:45502 number=41 proposalID=0xab50b447a1884caedc95495c16d3c0e43853a99044f30218eec8d76c49542750 manifestBytes=1220 missing=0 bodyBytes=3350
        t=2026-09-22T09:28:42+0200 lvl=info msg="HOTSTUFF PROPOSAL MANIFEST stored"     from=127.0.0.1:45502 number=42 proposalID=0x005590362cfd823871cec5f29921fd0d3fa4d80ecb2e13686ea840d7e9daef1d manifestBytes=830  missing=0 bodyBytes=830
        t=2026-09-22T09:28:43+0200 lvl=info msg="HOTSTUFF PROPOSAL MANIFEST stored"     from=127.0.0.1:34267 number=43 proposalID=0x297dc7acab1fd6c21dbc85b965251d404bb39310f9c9c897e575f700457a0f73 manifestBytes=1220 missing=0 bodyBytes=3350
        t=2026-09-22T09:28:43+0200 lvl=info msg="HOTSTUFF PROPOSAL MANIFEST stored"     from=127.0.0.1:59100 number=44 proposalID=0x26efbd634005abf37cbf802918b34dda2ba15ac5b8643c1e66ce20ddd20245d2 manifestBytes=830  missing=0 bodyBytes=830
        t=2026-09-22T09:28:43+0200 lvl=warn msg=GetBlockByNumer                         number=1
        t=2026-09-22T09:28:43+0200 lvl=warn msg=GetBlockByNumer                         number=43
        t=2026-09-22T09:28:43+0200 lvl=info msg="HOTSTUFF PROPOSAL MANIFEST stored"     from=127.0.0.1:34267 number=45 proposalID=0xa3090c3e924bcf757b634fe8f205475967ef36f9502e678e17a2bc37c9757f10 manifestBytes=1220 missing=0 bodyBytes=3350
        t=2026-09-22T09:28:44+0200 lvl=info msg="HOTSTUFF PROPOSAL MANIFEST stored"     from=127.0.0.1:46203 number=46 proposalID=0x24f5c27a356710b209901ccb99954e38e4b7429509b1026b690fe5e56592544e manifestBytes=830  missing=0 bodyBytes=830
        t=2026-09-22T09:28:44+0200 lvl=info msg="HOTSTUFF PROPOSAL MANIFEST stored"     from=127.0.0.1:45502 number=47 proposalID=0x75aa053130e0fbb037ea22605c397b45cbc2ebfc5a84d3eebfd33c9080602d65 manifestBytes=1220 missing=0 bodyBytes=3350
        t=2026-09-22T09:28:44+0200 lvl=info msg="HOTSTUFF PROPOSAL MANIFEST stored"     from=127.0.0.1:59182 number=48 proposalID=0x9790b1188e649011827faf5d19f03b0f31ae7a61e1781c9d9a297fa68ca11d28 manifestBytes=830  missing=0 bodyBytes=830
        t=2026-09-22T09:28:45+0200 lvl=warn msg=GetBlockByNumer                         number=1
        t=2026-09-22T09:28:45+0200 lvl=warn msg=GetBlockByNumer                         number=47
        t=2026-09-22T09:28:45+0200 lvl=warn msg=GetBlockByNumer                         number=1
        t=2026-09-22T09:28:45+0200 lvl=warn msg=GetBlockByNumer                         number=47
    fhs_process_recovery_test.go:226: validator 962111 complete log: /tmp/fhs-process-failure-668717019.log
    fhs_process_recovery_test.go:231: validator 962111 log tail:
        t=2026-09-22T09:27:27+0200 lvl=warn msg=GetBlockByNumer number=0
        t=2026-09-22T09:27:27+0200 lvl=warn msg="Failed to load snapshot, regenerating" err="missing or corrupted snapshot"
        t=2026-09-22T09:27:42+0200 lvl=eror msg=Connect                                 Could not connect to=127.0.0.1:59100 error="CRYPTO_ERROR 0x150 (remote): tls: internal error"
        t=2026-09-22T09:27:42+0200 lvl=eror msg=Connect                                 Could not connect to=127.0.0.1:34267 error="CRYPTO_ERROR 0x150 (remote): tls: internal error"
        t=2026-09-22T09:27:42+0200 lvl=eror msg=Connect                                 Could not connect to=127.0.0.1:46203 error="CRYPTO_ERROR 0x150 (remote): tls: internal error"
        t=2026-09-22T09:27:46+0200 lvl=info msg="HOTSTUFF PROPOSAL MANIFEST stored"     from=127.0.0.1:59182 number=1 proposalID=0xabe4425a31905907dbc5e0f9253fde114104091de2db85f5780c2a45fd77d09f manifestBytes=1219 missing=0 bodyBytes=1314
        t=2026-09-22T09:27:47+0200 lvl=info msg="HOTSTUFF PROPOSAL MANIFEST stored"     from=127.0.0.1:34267 number=2 proposalID=0x277381ce6a71cd67ca9d6a692a393b69e96e57df174500a2324f7ba07abe8db2 manifestBytes=830  missing=0 bodyBytes=830
        t=2026-09-22T09:27:47+0200 lvl=info msg="HOTSTUFF PROPOSAL MANIFEST stored"     from=127.0.0.1:34267 number=3 proposalID=0xd5a384e1c839fb78a72eaa60a9f48f9912c93b8c6c4fb8b28871a310df813bf6 manifestBytes=1219 missing=0 bodyBytes=1314
        t=2026-09-22T09:27:47+0200 lvl=info msg="HOTSTUFF PROPOSAL MANIFEST stored"     from=127.0.0.1:34278 number=4 proposalID=0xac6804e21db867a12828a90cd92588c4e1ee413e6c10c316cd29a61f57e992cf manifestBytes=830  missing=0 bodyBytes=830
        t=2026-09-22T09:27:48+0200 lvl=info msg="HOTSTUFF PROPOSAL MANIFEST stored"     from=127.0.0.1:33198 number=5 proposalID=0x26b72cc4211b5e9addfbc327a8405cadb6374538bbc05767ef818df9208a83cc manifestBytes=1219 missing=0 bodyBytes=1314
        t=2026-09-22T09:27:48+0200 lvl=info msg="HOTSTUFF PROPOSAL MANIFEST stored"     from=127.0.0.1:59100 number=6 proposalID=0x4c207330d9c5f4e8c907f157e1bf4d7c6fc263c83c6a872adaa20b4647865e74 manifestBytes=830  missing=0 bodyBytes=830
        t=2026-09-22T09:27:49+0200 lvl=info msg="HOTSTUFF PROPOSAL MANIFEST stored"     from=127.0.0.1:46203 number=7 proposalID=0xef845b47a2256ae748b8f4be6a3b7311dfd37ec97c8b4210d9d0d0b29c8e3188 manifestBytes=1219 missing=0 bodyBytes=1313
        t=2026-09-22T09:27:49+0200 lvl=info msg="HOTSTUFF PROPOSAL MANIFEST stored"     from=127.0.0.1:33198 number=8 proposalID=0xd2fc47dcde8ce612458ea5170fdb51e345381d9b633371f506001cd59a40ff99 manifestBytes=830  missing=0 bodyBytes=830
        t=2026-09-22T09:27:49+0200 lvl=warn msg=GetBlockByNumer                         number=1
        t=2026-09-22T09:27:49+0200 lvl=warn msg=GetBlockByNumer                         number=7
        t=2026-09-22T09:27:49+0200 lvl=warn msg=GetBlockByNumer                         number=1
        t=2026-09-22T09:27:49+0200 lvl=warn msg=GetBlockByNumer                         number=7
        t=2026-09-22T09:27:54+0200 lvl=warn msg="HOTSTUFF RECOVERY resend NewView"      number=9 viewID=0x268e2aaa900cc18e3e9605a4854438d5b19a8fdaff9ebbdc964cb6801411f421 to=127.0.0.1:45502
        t=2026-09-22T09:27:59+0200 lvl=warn msg="HOTSTUFF RECOVERY resend NewView"      number=9 viewID=0x268e2aaa900cc18e3e9605a4854438d5b19a8fdaff9ebbdc964cb6801411f421 to=127.0.0.1:45502
        t=2026-09-22T09:28:04+0200 lvl=warn msg="HOTSTUFF RECOVERY resend NewView"      number=9 viewID=0x268e2aaa900cc18e3e9605a4854438d5b19a8fdaff9ebbdc964cb6801411f421 to=127.0.0.1:45502
        t=2026-09-22T09:28:09+0200 lvl=warn msg="HOTSTUFF RECOVERY resend NewView"      number=9 viewID=0x268e2aaa900cc18e3e9605a4854438d5b19a8fdaff9ebbdc964cb6801411f421 to=127.0.0.1:45502
        t=2026-09-22T09:28:14+0200 lvl=warn msg="HOTSTUFF RECOVERY resend NewView"      number=9 viewID=0x268e2aaa900cc18e3e9605a4854438d5b19a8fdaff9ebbdc964cb6801411f421 to=127.0.0.1:45502
        t=2026-09-22T09:28:19+0200 lvl=warn msg="HOTSTUFF RECOVERY resend NewView"      number=9 viewID=0x268e2aaa900cc18e3e9605a4854438d5b19a8fdaff9ebbdc964cb6801411f421 to=127.0.0.1:45502
        t=2026-09-22T09:28:24+0200 lvl=warn msg="HOTSTUFF RECOVERY resend NewView"      number=9 viewID=0x268e2aaa900cc18e3e9605a4854438d5b19a8fdaff9ebbdc964cb6801411f421 to=127.0.0.1:45502
        t=2026-09-22T09:28:27+0200 lvl=info msg="HOTSTUFF PROPOSAL REF"                 number=9 viewID=0x268e2aaa900cc18e3e9605a4854438d5b19a8fdaff9ebbdc964cb6801411f421 proposalID=0x2eac56ee3e4558a1216a1279922f6fa9c5607ef5904a9e61c40a55bda2d69c04 blockHash=0x60462446801dce03c840e2da2ea05e0845da5cf4789b1bcfecd8661917754188 bodyHash=0xdfba1a7589d270e38a5bdf9cf60375d6573bc344739aedbf86677f085137da11 bodySize=20186 refBytes=442
        t=2026-09-22T09:28:27+0200 lvl=info msg="HOTSTUFF PROPOSAL MANIFEST stored"     from=127.0.0.1:34278 number=10 proposalID=0x0b40b6a039b4ab1e89c4ae13a11ed6708301e912effc88726fc4f63d157ffb24 manifestBytes=830  missing=0 bodyBytes=830
        t=2026-09-22T09:28:28+0200 lvl=info msg="HOTSTUFF PROPOSAL MANIFEST stored"     from=127.0.0.1:34267 number=11 proposalID=0x79b200c93a5cf495cfc90fb1ac2498b1e7a604250f8ea33eaf32a2f57f0c4922 manifestBytes=1220 missing=0 bodyBytes=3350
        t=2026-09-22T09:28:28+0200 lvl=info msg="HOTSTUFF PROPOSAL MANIFEST stored"     from=127.0.0.1:34278 number=12 proposalID=0xb5583d8c81d258914b517e11a79f97c75be6c0ea29f3579240eac7c2d512d59b manifestBytes=830  missing=0 bodyBytes=830
        t=2026-09-22T09:28:29+0200 lvl=info msg="HOTSTUFF PROPOSAL MANIFEST stored"     from=127.0.0.1:34267 number=13 proposalID=0xed840969bb73b5831d00ad539261fc601601e5eb947140dd74d6c2892fe60be8 manifestBytes=1220 missing=0 bodyBytes=3350
        t=2026-09-22T09:28:29+0200 lvl=info msg="HOTSTUFF PROPOSAL MANIFEST stored"     from=127.0.0.1:46203 number=14 proposalID=0x969f49d6dd97a64fd3c9b1f7ae7e82bf8cd9d1b4f3edec6b03539e50ed460441 manifestBytes=830  missing=0 bodyBytes=830
        t=2026-09-22T09:28:29+0200 lvl=info msg="HOTSTUFF PROPOSAL MANIFEST stored"     from=127.0.0.1:34278 number=15 proposalID=0x1bbae7c00efae661bfdd5d03c93b8aa871e94bfadcd17519cb001e2824b50eb7 manifestBytes=1220 missing=0 bodyBytes=3350
        t=2026-09-22T09:28:30+0200 lvl=info msg="HOTSTUFF PROPOSAL MANIFEST stored"     from=127.0.0.1:34278 number=16 proposalID=0xfdca49f74d6aa5f8950d537ee478b063f288f482a0ca57f18179e0cdb56f4423 manifestBytes=830  missing=0 bodyBytes=830
        t=2026-09-22T09:28:30+0200 lvl=info msg="HOTSTUFF PROPOSAL MANIFEST stored"     from=127.0.0.1:59100 number=17 proposalID=0x5a2dac7ff647c9c9787e12123515d605c926597196c6b50d61e1ddcbf4e705a6 manifestBytes=1220 missing=1 bodyBytes=3350
        t=2026-09-22T09:28:30+0200 lvl=eror msg="OnPropose wait proposal body"          number=17 proposalID=0x5a2dac7ff647c9c9787e12123515d605c926597196c6b50d61e1ddcbf4e705a6 err="hotstuff view state too old"
        t=2026-09-22T09:28:31+0200 lvl=warn msg="HOTSTUFF PROPOSAL MANIFEST authority rejected" from=127.0.0.1:59100 leader=127.0.0.1:59100 number=18 proposalID=0xeab512ed3e5d8ca1273004bdf1df853eb5b02b4ed88ee309a4a0f9be0755c704 err="proposal manifest does not match the current deterministic leader route: manifest key committee is already canonical but is not the current route"
        t=2026-09-22T09:28:31+0200 lvl=eror msg="OnPropose wait proposal body"          number=18 proposalID=0xeab512ed3e5d8ca1273004bdf1df853eb5b02b4ed88ee309a4a0f9be0755c704 err="hotstuff view state too old"
        t=2026-09-22T09:28:31+0200 lvl=info msg="HOTSTUFF PROPOSAL REPAIR REQUEST"      to=127.0.0.1:59100 number=18 proposalID=0xeab512ed3e5d8ca1273004bdf1df853eb5b02b4ed88ee309a4a0f9be0755c704 missing=0 attempt=0
        t=2026-09-22T09:28:31+0200 lvl=info msg="HOTSTUFF PROPOSAL MANIFEST stored"     from=127.0.0.1:59100 number=18 proposalID=0xeab512ed3e5d8ca1273004bdf1df853eb5b02b4ed88ee309a4a0f9be0755c704 manifestBytes=830  missing=0 bodyBytes=830
        t=2026-09-22T09:28:31+0200 lvl=info msg="HOTSTUFF PROPOSAL MANIFEST stored"     from=127.0.0.1:34267 number=19 proposalID=0xb1a896bf61f390d0133ffc98f68175ad59e37c225edee2d04418b2ff1196ab3a manifestBytes=1220 missing=1 bodyBytes=3350
        t=2026-09-22T09:28:31+0200 lvl=warn msg="HandleConn drops connection: closed"   address=127.0.0.1:45502 remot=127.0.0.1:34267
        t=2026-09-22T09:28:31+0200 lvl=eror msg="OnPropose wait proposal body"          number=19 proposalID=0xb1a896bf61f390d0133ffc98f68175ad59e37c225edee2d04418b2ff1196ab3a err="hotstuff view state too old"
        t=2026-09-22T09:28:31+0200 lvl=warn msg="HOTSTUFF PROPOSAL MANIFEST authority rejected" from=127.0.0.1:34267 leader=127.0.0.1:34267 number=20 proposalID=0x683e886d576e33c938f9539fe9beaf321dd0d801f14159a3b9e1c645a3c4fe85 err="proposal manifest does not match the current deterministic leader route: manifest key committee is already canonical but is not the current route"
        t=2026-09-22T09:28:32+0200 lvl=info msg="HOTSTUFF PROPOSAL REPAIR REQUEST"      to=127.0.0.1:34267 number=20 proposalID=0x683e886d576e33c938f9539fe9beaf321dd0d801f14159a3b9e1c645a3c4fe85 missing=0 attempt=0
        t=2026-09-22T09:28:32+0200 lvl=info msg="HOTSTUFF PROPOSAL MANIFEST stored"     from=127.0.0.1:34267 number=20 proposalID=0x683e886d576e33c938f9539fe9beaf321dd0d801f14159a3b9e1c645a3c4fe85 manifestBytes=830  missing=0 bodyBytes=830
        t=2026-09-22T09:28:32+0200 lvl=info msg="HOTSTUFF PROPOSAL MANIFEST stored"     from=127.0.0.1:46203 number=21 proposalID=0xd6d25f0de461544685f6e31d03e1a417f3f1860de92892a75a8709b46e15bf8a manifestBytes=1220 missing=0 bodyBytes=3350
        t=2026-09-22T09:28:33+0200 lvl=info msg="HOTSTUFF PROPOSAL MANIFEST stored"     from=127.0.0.1:59100 number=22 proposalID=0x6c654a8e13680e93de92231b08efc6eb919853bfbdb0ffdb9fbf1ec525095979 manifestBytes=830  missing=0 bodyBytes=830
        t=2026-09-22T09:28:33+0200 lvl=info msg="HOTSTUFF PROPOSAL MANIFEST stored"     from=127.0.0.1:34278 number=23 proposalID=0xf29f97eedaae52466101755ec7dcfd79b896ee0cf1a7d7cdb10bcd951140f760 manifestBytes=1220 missing=0 bodyBytes=3350
        t=2026-09-22T09:28:34+0200 lvl=warn msg="HandleConn drops connection: closed"   address=127.0.0.1:45502 remot=127.0.0.1:46203
        t=2026-09-22T09:28:34+0200 lvl=eror msg="OnPropose wait proposal body"          number=24 proposalID=0x40e00595ddad245b5e7f0f121210f3e6f8c58e3ba32b743ba0d39351c347aa75 err="hotstuff view state too old"
        t=2026-09-22T09:28:34+0200 lvl=info msg="HOTSTUFF PROPOSAL REPAIR REQUEST"      to=127.0.0.1:46203 number=24 proposalID=0x40e00595ddad245b5e7f0f121210f3e6f8c58e3ba32b743ba0d39351c347aa75 missing=0 attempt=0
        t=2026-09-22T09:28:34+0200 lvl=info msg="HOTSTUFF PROPOSAL MANIFEST stored"     from=127.0.0.1:46203 number=24 proposalID=0x40e00595ddad245b5e7f0f121210f3e6f8c58e3ba32b743ba0d39351c347aa75 manifestBytes=830  missing=0 bodyBytes=830
        t=2026-09-22T09:28:34+0200 lvl=warn msg="HandleConn drops connection: closed"   address=127.0.0.1:45502 remot=127.0.0.1:59100
        t=2026-09-22T09:28:34+0200 lvl=info msg="HOTSTUFF PROPOSAL MANIFEST stored"     from=127.0.0.1:59100 number=25 proposalID=0xfa001a993f5f72b6071de0cca1979daf7345d69ed9acfc4704e7bbd03f3b2ef5 manifestBytes=1220 missing=0 bodyBytes=3350
        t=2026-09-22T09:28:35+0200 lvl=info msg="HOTSTUFF PROPOSAL MANIFEST stored"     from=127.0.0.1:59100 number=26 proposalID=0x0dde648e218523442e48734bb751df71aa705fa8a049bec8c006e8b09e47866f manifestBytes=830  missing=0 bodyBytes=830
        t=2026-09-22T09:28:35+0200 lvl=info msg="HOTSTUFF PROPOSAL REF"                 number=27 viewID=0x1cb51e93f97301530132cec5b2f68f051ac6ec70a0908c143d9e5db68682eb92 proposalID=0xc457dd79da993bcff8abfe021e53ec648960108dd4328be4172196593b43f605 blockHash=0x05fe8cd396fc8a67b45df231122cabcbc28ee175f33961c29dd5fbf2029fe05e bodyHash=0xa3ff461f5db47abaa2fdaa0dcec1204506cf480a2b4930689c3cd453cbce75c4 bodySize=3350  refBytes=442
        t=2026-09-22T09:28:35+0200 lvl=info msg="HOTSTUFF PROPOSAL MANIFEST stored"     from=127.0.0.1:59100 number=28 proposalID=0x8f669e50b6ced01bab55a5213b9bedb5b7ebe4ca9874af1ce96732b26e547b99 manifestBytes=830  missing=0 bodyBytes=830
        t=2026-09-22T09:28:35+0200 lvl=warn msg="HandleConn drops connection: closed"   address=127.0.0.1:45502 remot=127.0.0.1:59100
        t=2026-09-22T09:28:36+0200 lvl=info msg="HOTSTUFF PROPOSAL MANIFEST stored"     from=127.0.0.1:34267 number=29 proposalID=0xf8b49b1e7dbe944fd14143513b3c6e557ba5e82d2a5594f32b73e4d9d85781f9 manifestBytes=1220 missing=1 bodyBytes=3350
        t=2026-09-22T09:28:36+0200 lvl=eror msg="OnPropose wait proposal body"          number=29 proposalID=0xf8b49b1e7dbe944fd14143513b3c6e557ba5e82d2a5594f32b73e4d9d85781f9 err="hotstuff view state too old"
        t=2026-09-22T09:28:37+0200 lvl=warn msg="HOTSTUFF PROPOSAL MANIFEST authority rejected" from=127.0.0.1:46203 leader=127.0.0.1:46203 number=30 proposalID=0x3a0624e3342f59b8377cf6d4761be8ae04c214637975a032724e5e682ac34062 err="proposal manifest does not match the current deterministic leader route: manifest key committee is already canonical but is not the current route"
        t=2026-09-22T09:28:37+0200 lvl=eror msg="OnPropose wait proposal body"          number=30 proposalID=0x3a0624e3342f59b8377cf6d4761be8ae04c214637975a032724e5e682ac34062 err="hotstuff view state too old"
        t=2026-09-22T09:28:37+0200 lvl=warn msg="reject new-view before storage"        from=127.0.0.1:46203 viewID=0xbed02b0fd6737a2bb2a2df684a2d8d619d81e8a09f95d1339b89b878209c6710 err="hotstuff proposal validation pending"
        t=2026-09-22T09:28:37+0200 lvl=warn msg="reject new-view before storage"        from=127.0.0.1:34267 viewID=0xbed02b0fd6737a2bb2a2df684a2d8d619d81e8a09f95d1339b89b878209c6710 err="hotstuff proposal validation pending"
        t=2026-09-22T09:28:37+0200 lvl=warn msg="reject new-view before storage"        from=127.0.0.1:34278 viewID=0xbed02b0fd6737a2bb2a2df684a2d8d619d81e8a09f95d1339b89b878209c6710 err="hotstuff proposal validation pending"
        t=2026-09-22T09:28:37+0200 lvl=warn msg="reject new-view before storage"        from=127.0.0.1:59100 viewID=0xbed02b0fd6737a2bb2a2df684a2d8d619d81e8a09f95d1339b89b878209c6710 err="hotstuff proposal validation pending"
        t=2026-09-22T09:28:37+0200 lvl=warn msg="reject new-view before storage"        from=127.0.0.1:33198 viewID=0xbed02b0fd6737a2bb2a2df684a2d8d619d81e8a09f95d1339b89b878209c6710 err="hotstuff proposal validation pending"
        t=2026-09-22T09:28:37+0200 lvl=warn msg="reject new-view before storage"        from=127.0.0.1:59182 viewID=0xbed02b0fd6737a2bb2a2df684a2d8d619d81e8a09f95d1339b89b878209c6710 err="hotstuff proposal validation pending"
        t=2026-09-22T09:28:37+0200 lvl=info msg="HOTSTUFF PROPOSAL REPAIR REQUEST"      to=127.0.0.1:46203 number=30 proposalID=0x3a0624e3342f59b8377cf6d4761be8ae04c214637975a032724e5e682ac34062 missing=0 attempt=0
        t=2026-09-22T09:28:37+0200 lvl=info msg="HOTSTUFF PROPOSAL MANIFEST stored"     from=127.0.0.1:46203 number=30 proposalID=0x3a0624e3342f59b8377cf6d4761be8ae04c214637975a032724e5e682ac34062 manifestBytes=830  missing=0 bodyBytes=830
        t=2026-09-22T09:28:37+0200 lvl=info msg="HOTSTUFF PROPOSAL REF"                 number=31 viewID=0xbed02b0fd6737a2bb2a2df684a2d8d619d81e8a09f95d1339b89b878209c6710 proposalID=0x03f8615f7c8bb89e60fa3f817e098da2cc2d8266a42efac52fc5a06e99da0821 blockHash=0xd3dc32f63ffd13a80e7e54facfce5e0104ca53156436c4e08da1e27072a0ba7a bodyHash=0x3f000730aec625e1c1fe46bbe70ea86685dde739d04574325fc86193e14b64ee bodySize=3350  refBytes=442
        t=2026-09-22T09:28:37+0200 lvl=warn msg="Send msg try again"                    address=[::]:45502      Couldn't send to=127.0.0.1:34267 error="Operation Canceled"
        t=2026-09-22T09:28:37+0200 lvl=eror msg=CloseConnect                            =[::]:45502 having error closing conn to=127.0.0.1:60849 error="Connection Closed"
        t=2026-09-22T09:28:38+0200 lvl=info msg="HOTSTUFF PROPOSAL MANIFEST stored"     from=127.0.0.1:34278 number=32 proposalID=0x7830985e239edd2922f1aa8de46d3ab529296f35aff0542542ecc3315e217f55 manifestBytes=830  missing=0 bodyBytes=830
        t=2026-09-22T09:28:38+0200 lvl=info msg="HOTSTUFF PROPOSAL MANIFEST stored"     from=127.0.0.1:34267 number=33 proposalID=0x41a915bc5be37356e1790987ab531e0330bdcfd5cdc18668107cab007d449d62 manifestBytes=1220 missing=0 bodyBytes=3350
        t=2026-09-22T09:28:38+0200 lvl=info msg="HOTSTUFF PROPOSAL MANIFEST stored"     from=127.0.0.1:33198 number=34 proposalID=0xe3827356aff998de7db3c827dfbb8de3d9220102ad15a54b2e79764e84c62d32 manifestBytes=830  missing=0 bodyBytes=830
        t=2026-09-22T09:28:38+0200 lvl=warn msg="HandleConn drops connection: closed"   address=127.0.0.1:45502 remot=127.0.0.1:33198
        t=2026-09-22T09:28:39+0200 lvl=info msg="HOTSTUFF PROPOSAL MANIFEST stored"     from=127.0.0.1:34278 number=35 proposalID=0x4dbdd37e6a6a9c0ab57e2a26866a8f901f5bcb4fe239e7dcc4e0ccf7deef217f manifestBytes=1220 missing=0 bodyBytes=3350
        t=2026-09-22T09:28:40+0200 lvl=info msg="HOTSTUFF PROPOSAL MANIFEST stored"     from=127.0.0.1:59100 number=36 proposalID=0x786f41fa2984d6fa70b731d7910a0938007731de8aa775e19e5b876f576ea8f2 manifestBytes=830  missing=0 bodyBytes=830
        t=2026-09-22T09:28:40+0200 lvl=warn msg="HandleConn drops connection: closed"   address=127.0.0.1:45502 remot=127.0.0.1:59100
        t=2026-09-22T09:28:40+0200 lvl=info msg="HOTSTUFF PROPOSAL REF"                 number=37 viewID=0x6639c3013c1f204d14206f4c3b92c8aefa53e8175863e5752857c4ea581fd2e3 proposalID=0xc8c734837aac93fef4b148be804d8f08de2bbcf2f6df6928d0c12d3f127d8495 blockHash=0xb68729ec07720708b01d858f2502fb37791a50a82b6654630ec1619c754ca929 bodyHash=0xa7300e3285fed02166a22aef5e8890bc8ea4c37c202773767c3c71ee40f885fe bodySize=3350  refBytes=442
        t=2026-09-22T09:28:40+0200 lvl=warn msg="Send msg try again"                    address=[::]:45502      Couldn't send to=127.0.0.1:34267 error="Operation Canceled"
        t=2026-09-22T09:28:40+0200 lvl=eror msg=CloseConnect                            =[::]:45502 having error closing conn to=127.0.0.1:34267 error="Connection Closed"
        t=2026-09-22T09:28:40+0200 lvl=info msg="HOTSTUFF PROPOSAL MANIFEST stored"     from=127.0.0.1:59100 number=38 proposalID=0x321ac203d01bec483725e7c1edf2d9d55f0447a57ad879cf9f9c24d241888843 manifestBytes=830  missing=0 bodyBytes=830
        t=2026-09-22T09:28:41+0200 lvl=info msg="HOTSTUFF PROPOSAL MANIFEST stored"     from=127.0.0.1:59182 number=39 proposalID=0x66ccc9bda03431fa263638d5ab66f631efc7b5d15652106fae6d37c73d7587cf manifestBytes=1220 missing=0 bodyBytes=3350
        t=2026-09-22T09:28:42+0200 lvl=info msg="HOTSTUFF PROPOSAL MANIFEST stored"     from=127.0.0.1:33198 number=40 proposalID=0x62bf8ee6c1a65c9798773223f725493ef6f95e8e7fe5dddb7f44707640454ca3 manifestBytes=830  missing=0 bodyBytes=830
        t=2026-09-22T09:28:42+0200 lvl=info msg="HOTSTUFF PROPOSAL REF"                 number=41 viewID=0xf6bac730bbee2bbe79ddcdb1828fc909a4a0af397bb3c4fa095d7099d91919c4 proposalID=0xab50b447a1884caedc95495c16d3c0e43853a99044f30218eec8d76c49542750 blockHash=0x173a2583c1071391e3717b62960cd960571683919952a470a75f1aac13ead089 bodyHash=0x7d02046d9d08fb8611730c5113f01002d6b82b2645c71c32d60be2fe4db4056b bodySize=3350  refBytes=442
        t=2026-09-22T09:28:42+0200 lvl=warn msg="Send msg try again"                    address=[::]:45502      Couldn't send to=127.0.0.1:46203 error="Operation Canceled"
        t=2026-09-22T09:28:42+0200 lvl=eror msg=CloseConnect                            =[::]:45502 having error closing conn to=127.0.0.1:46014 error="Connection Closed"
        t=2026-09-22T09:28:42+0200 lvl=info msg="HOTSTUFF PROPOSAL REF"                 number=42 viewID=0x2d97869eaa096153798588ae093b464775d463e2c5b7eb89815a8d71f221a7fb proposalID=0x005590362cfd823871cec5f29921fd0d3fa4d80ecb2e13686ea840d7e9daef1d blockHash=0x36480094682c619a05af880fc0bdf682bb34bedbb06317085a743326cf2eb7b1 bodyHash=0xd76945647c35540f8cfab18456ff2d3666a454099df841fad2b44127a45e01aa bodySize=830   refBytes=439
        t=2026-09-22T09:28:43+0200 lvl=info msg="HOTSTUFF PROPOSAL MANIFEST stored"     from=127.0.0.1:34267 number=43 proposalID=0x297dc7acab1fd6c21dbc85b965251d404bb39310f9c9c897e575f700457a0f73 manifestBytes=1220 missing=0 bodyBytes=3350
        t=2026-09-22T09:28:43+0200 lvl=info msg="HOTSTUFF PROPOSAL MANIFEST stored"     from=127.0.0.1:59100 number=44 proposalID=0x26efbd634005abf37cbf802918b34dda2ba15ac5b8643c1e66ce20ddd20245d2 manifestBytes=830  missing=0 bodyBytes=830
        t=2026-09-22T09:28:43+0200 lvl=warn msg=GetBlockByNumer                         number=1
        t=2026-09-22T09:28:43+0200 lvl=warn msg=GetBlockByNumer                         number=43
        t=2026-09-22T09:28:43+0200 lvl=info msg="HOTSTUFF PROPOSAL MANIFEST stored"     from=127.0.0.1:34267 number=45 proposalID=0xa3090c3e924bcf757b634fe8f205475967ef36f9502e678e17a2bc37c9757f10 manifestBytes=1220 missing=0 bodyBytes=3350
        t=2026-09-22T09:28:44+0200 lvl=info msg="HOTSTUFF PROPOSAL MANIFEST stored"     from=127.0.0.1:46203 number=46 proposalID=0x24f5c27a356710b209901ccb99954e38e4b7429509b1026b690fe5e56592544e manifestBytes=830  missing=0 bodyBytes=830
        t=2026-09-22T09:28:44+0200 lvl=info msg="HOTSTUFF PROPOSAL REF"                 number=47 viewID=0xae547a1bda51011b7743359e8d3b62cd916a68f3121d381f873ceb9d1ec206ac proposalID=0x75aa053130e0fbb037ea22605c397b45cbc2ebfc5a84d3eebfd33c9080602d65 blockHash=0xbb3f3a3cc43ee0a94a0da84081deb238ad1b2d7e0bc1a13ed1a97f27db05d7f9 bodyHash=0x3f126f74e6ff13f3f95f159a9b637d863da8083a56dae9eca40a550db3af81d2 bodySize=3350  refBytes=442
        t=2026-09-22T09:28:44+0200 lvl=info msg="HOTSTUFF PROPOSAL MANIFEST stored"     from=127.0.0.1:59182 number=48 proposalID=0x9790b1188e649011827faf5d19f03b0f31ae7a61e1781c9d9a297fa68ca11d28 manifestBytes=830  missing=0 bodyBytes=830
        t=2026-09-22T09:28:45+0200 lvl=warn msg=GetBlockByNumer                         number=1
        t=2026-09-22T09:28:45+0200 lvl=warn msg=GetBlockByNumer                         number=47
        t=2026-09-22T09:28:45+0200 lvl=warn msg=GetBlockByNumer                         number=1
        t=2026-09-22T09:28:45+0200 lvl=warn msg=GetBlockByNumer                         number=47
    fhs_process_recovery_test.go:226: validator 962106 complete log: /tmp/fhs-process-failure-2023104979.log
    fhs_process_recovery_test.go:231: validator 962106 log tail:
        t=2026-09-22T09:27:24+0200 lvl=warn msg=GetBlockByNumer number=0
        t=2026-09-22T09:27:24+0200 lvl=warn msg="Failed to load snapshot, regenerating" err="missing or corrupted snapshot"
        t=2026-09-22T09:27:42+0200 lvl=eror msg=Connect                                 Could not connect to=127.0.0.1:46203 error="CRYPTO_ERROR 0x150 (remote): tls: internal error"
        t=2026-09-22T09:27:42+0200 lvl=eror msg=Connect                                 Could not connect to=127.0.0.1:33198 error="CRYPTO_ERROR 0x150 (remote): tls: internal error"
        t=2026-09-22T09:27:42+0200 lvl=eror msg=Connect                                 Could not connect to=127.0.0.1:59100 error="CRYPTO_ERROR 0x150 (remote): tls: internal error"
        t=2026-09-22T09:27:42+0200 lvl=eror msg=Connect                                 Could not connect to=127.0.0.1:34267 error="CRYPTO_ERROR 0x150 (remote): tls: internal error"
        t=2026-09-22T09:27:46+0200 lvl=info msg="HOTSTUFF PROPOSAL REF"                 number=1 viewID=0x009e83032845abedfc57a0bd009885ba68cc91999e15ffcd0615b3b6a2c87cac proposalID=0xabe4425a31905907dbc5e0f9253fde114104091de2db85f5780c2a45fd77d09f blockHash=0xc1500f93e658d194a10c24ae27b62c6b84cd0f31df9f19d1aaaec612cb679f8b bodyHash=0xf8a0d3d2869d11a90c7f040ace50d6bd6976b2931ad4ee32c5bf41cf225c3d4d bodySize=1314 refBytes=442
        t=2026-09-22T09:27:47+0200 lvl=info msg="HOTSTUFF PROPOSAL MANIFEST stored"     from=127.0.0.1:34267 number=2 proposalID=0x277381ce6a71cd67ca9d6a692a393b69e96e57df174500a2324f7ba07abe8db2 manifestBytes=830 missing=0 bodyBytes=830
        t=2026-09-22T09:27:47+0200 lvl=info msg="HOTSTUFF PROPOSAL MANIFEST stored"     from=127.0.0.1:34267 number=3 proposalID=0xd5a384e1c839fb78a72eaa60a9f48f9912c93b8c6c4fb8b28871a310df813bf6 manifestBytes=1219 missing=0 bodyBytes=1314
        t=2026-09-22T09:27:47+0200 lvl=info msg="HOTSTUFF PROPOSAL MANIFEST stored"     from=127.0.0.1:34278 number=4 proposalID=0xac6804e21db867a12828a90cd92588c4e1ee413e6c10c316cd29a61f57e992cf manifestBytes=830  missing=0 bodyBytes=830
        t=2026-09-22T09:27:48+0200 lvl=info msg="HOTSTUFF PROPOSAL MANIFEST stored"     from=127.0.0.1:33198 number=5 proposalID=0x26b72cc4211b5e9addfbc327a8405cadb6374538bbc05767ef818df9208a83cc manifestBytes=1219 missing=0 bodyBytes=1314
        t=2026-09-22T09:27:48+0200 lvl=info msg="HOTSTUFF PROPOSAL MANIFEST stored"     from=127.0.0.1:59100 number=6 proposalID=0x4c207330d9c5f4e8c907f157e1bf4d7c6fc263c83c6a872adaa20b4647865e74 manifestBytes=830  missing=0 bodyBytes=830
        t=2026-09-22T09:27:49+0200 lvl=info msg="HOTSTUFF PROPOSAL MANIFEST stored"     from=127.0.0.1:46203 number=7 proposalID=0xef845b47a2256ae748b8f4be6a3b7311dfd37ec97c8b4210d9d0d0b29c8e3188 manifestBytes=1219 missing=0 bodyBytes=1313
        t=2026-09-22T09:27:49+0200 lvl=info msg="HOTSTUFF PROPOSAL MANIFEST stored"     from=127.0.0.1:33198 number=8 proposalID=0xd2fc47dcde8ce612458ea5170fdb51e345381d9b633371f506001cd59a40ff99 manifestBytes=830  missing=0 bodyBytes=830
        t=2026-09-22T09:27:49+0200 lvl=warn msg=GetBlockByNumer                         number=1
        t=2026-09-22T09:27:49+0200 lvl=warn msg=GetBlockByNumer                         number=7
        t=2026-09-22T09:27:49+0200 lvl=warn msg=GetBlockByNumer                         number=1
        t=2026-09-22T09:27:49+0200 lvl=warn msg=GetBlockByNumer                         number=7
        t=2026-09-22T09:27:54+0200 lvl=warn msg="HOTSTUFF RECOVERY resend NewView"      number=9 viewID=0x268e2aaa900cc18e3e9605a4854438d5b19a8fdaff9ebbdc964cb6801411f421 to=127.0.0.1:45502
        t=2026-09-22T09:27:59+0200 lvl=warn msg="HOTSTUFF RECOVERY resend NewView"      number=9 viewID=0x268e2aaa900cc18e3e9605a4854438d5b19a8fdaff9ebbdc964cb6801411f421 to=127.0.0.1:45502
        t=2026-09-22T09:28:04+0200 lvl=warn msg="HOTSTUFF RECOVERY resend NewView"      number=9 viewID=0x268e2aaa900cc18e3e9605a4854438d5b19a8fdaff9ebbdc964cb6801411f421 to=127.0.0.1:45502
        t=2026-09-22T09:28:09+0200 lvl=warn msg="HOTSTUFF RECOVERY resend NewView"      number=9 viewID=0x268e2aaa900cc18e3e9605a4854438d5b19a8fdaff9ebbdc964cb6801411f421 to=127.0.0.1:45502
        t=2026-09-22T09:28:14+0200 lvl=warn msg="HOTSTUFF RECOVERY resend NewView"      number=9 viewID=0x268e2aaa900cc18e3e9605a4854438d5b19a8fdaff9ebbdc964cb6801411f421 to=127.0.0.1:45502
        t=2026-09-22T09:28:19+0200 lvl=warn msg="HOTSTUFF RECOVERY resend NewView"      number=9 viewID=0x268e2aaa900cc18e3e9605a4854438d5b19a8fdaff9ebbdc964cb6801411f421 to=127.0.0.1:45502
        t=2026-09-22T09:28:24+0200 lvl=warn msg="HOTSTUFF RECOVERY resend NewView"      number=9 viewID=0x268e2aaa900cc18e3e9605a4854438d5b19a8fdaff9ebbdc964cb6801411f421 to=127.0.0.1:45502
        t=2026-09-22T09:28:27+0200 lvl=info msg="HOTSTUFF PROPOSAL MANIFEST stored"     from=127.0.0.1:45502 number=9 proposalID=0x2eac56ee3e4558a1216a1279922f6fa9c5607ef5904a9e61c40a55bda2d69c04 manifestBytes=1220 missing=0 bodyBytes=20186
        t=2026-09-22T09:28:27+0200 lvl=info msg="HOTSTUFF PROPOSAL MANIFEST stored"     from=127.0.0.1:34278 number=10 proposalID=0x0b40b6a039b4ab1e89c4ae13a11ed6708301e912effc88726fc4f63d157ffb24 manifestBytes=830  missing=0 bodyBytes=830
        t=2026-09-22T09:28:28+0200 lvl=info msg="HOTSTUFF PROPOSAL MANIFEST stored"     from=127.0.0.1:34267 number=11 proposalID=0x79b200c93a5cf495cfc90fb1ac2498b1e7a604250f8ea33eaf32a2f57f0c4922 manifestBytes=1220 missing=0 bodyBytes=3350
        t=2026-09-22T09:28:28+0200 lvl=info msg="HOTSTUFF PROPOSAL MANIFEST stored"     from=127.0.0.1:34278 number=12 proposalID=0xb5583d8c81d258914b517e11a79f97c75be6c0ea29f3579240eac7c2d512d59b manifestBytes=830  missing=0 bodyBytes=830
        t=2026-09-22T09:28:29+0200 lvl=info msg="HOTSTUFF PROPOSAL MANIFEST stored"     from=127.0.0.1:34267 number=13 proposalID=0xed840969bb73b5831d00ad539261fc601601e5eb947140dd74d6c2892fe60be8 manifestBytes=1220 missing=0 bodyBytes=3350
        t=2026-09-22T09:28:29+0200 lvl=info msg="HOTSTUFF PROPOSAL MANIFEST stored"     from=127.0.0.1:46203 number=14 proposalID=0x969f49d6dd97a64fd3c9b1f7ae7e82bf8cd9d1b4f3edec6b03539e50ed460441 manifestBytes=830  missing=0 bodyBytes=830
        t=2026-09-22T09:28:29+0200 lvl=info msg="HOTSTUFF PROPOSAL MANIFEST stored"     from=127.0.0.1:34278 number=15 proposalID=0x1bbae7c00efae661bfdd5d03c93b8aa871e94bfadcd17519cb001e2824b50eb7 manifestBytes=1220 missing=0 bodyBytes=3350
        t=2026-09-22T09:28:30+0200 lvl=info msg="HOTSTUFF PROPOSAL MANIFEST stored"     from=127.0.0.1:34278 number=16 proposalID=0xfdca49f74d6aa5f8950d537ee478b063f288f482a0ca57f18179e0cdb56f4423 manifestBytes=830  missing=0 bodyBytes=830
        t=2026-09-22T09:28:30+0200 lvl=info msg="HOTSTUFF PROPOSAL MANIFEST stored"     from=127.0.0.1:59100 number=17 proposalID=0x5a2dac7ff647c9c9787e12123515d605c926597196c6b50d61e1ddcbf4e705a6 manifestBytes=1220 missing=0 bodyBytes=3350
        t=2026-09-22T09:28:30+0200 lvl=info msg="HOTSTUFF PROPOSAL MANIFEST stored"     from=127.0.0.1:59100 number=18 proposalID=0xeab512ed3e5d8ca1273004bdf1df853eb5b02b4ed88ee309a4a0f9be0755c704 manifestBytes=830  missing=0 bodyBytes=830
        t=2026-09-22T09:28:31+0200 lvl=info msg="HOTSTUFF PROPOSAL MANIFEST stored"     from=127.0.0.1:34267 number=19 proposalID=0xb1a896bf61f390d0133ffc98f68175ad59e37c225edee2d04418b2ff1196ab3a manifestBytes=1220 missing=0 bodyBytes=3350
        t=2026-09-22T09:28:31+0200 lvl=info msg="HOTSTUFF PROPOSAL MANIFEST stored"     from=127.0.0.1:34267 number=20 proposalID=0x683e886d576e33c938f9539fe9beaf321dd0d801f14159a3b9e1c645a3c4fe85 manifestBytes=830  missing=0 bodyBytes=830
        t=2026-09-22T09:28:32+0200 lvl=info msg="HOTSTUFF PROPOSAL MANIFEST stored"     from=127.0.0.1:46203 number=21 proposalID=0xd6d25f0de461544685f6e31d03e1a417f3f1860de92892a75a8709b46e15bf8a manifestBytes=1220 missing=0 bodyBytes=3350
        t=2026-09-22T09:28:33+0200 lvl=info msg="HOTSTUFF PROPOSAL MANIFEST stored"     from=127.0.0.1:59100 number=22 proposalID=0x6c654a8e13680e93de92231b08efc6eb919853bfbdb0ffdb9fbf1ec525095979 manifestBytes=830  missing=0 bodyBytes=830
        t=2026-09-22T09:28:33+0200 lvl=info msg="HOTSTUFF PROPOSAL MANIFEST stored"     from=127.0.0.1:34278 number=23 proposalID=0xf29f97eedaae52466101755ec7dcfd79b896ee0cf1a7d7cdb10bcd951140f760 manifestBytes=1220 missing=0 bodyBytes=3350
        t=2026-09-22T09:28:34+0200 lvl=info msg="HOTSTUFF PROPOSAL MANIFEST stored"     from=127.0.0.1:46203 number=24 proposalID=0x40e00595ddad245b5e7f0f121210f3e6f8c58e3ba32b743ba0d39351c347aa75 manifestBytes=830  missing=0 bodyBytes=830
        t=2026-09-22T09:28:34+0200 lvl=warn msg="HandleConn drops connection: closed"   address=127.0.0.1:59182 remot=127.0.0.1:46203
        t=2026-09-22T09:28:34+0200 lvl=info msg="HOTSTUFF PROPOSAL MANIFEST stored"     from=127.0.0.1:46203 number=24 proposalID=0x40e00595ddad245b5e7f0f121210f3e6f8c58e3ba32b743ba0d39351c347aa75 manifestBytes=830  missing=0 bodyBytes=830
        t=2026-09-22T09:28:34+0200 lvl=warn msg="HandleConn drops connection: closed"   address=127.0.0.1:59182 remot=127.0.0.1:59100
        t=2026-09-22T09:28:34+0200 lvl=info msg="HOTSTUFF PROPOSAL REPAIR REQUEST"      to=127.0.0.1:59100 number=25 proposalID=0xfa001a993f5f72b6071de0cca1979daf7345d69ed9acfc4704e7bbd03f3b2ef5 missing=0 attempt=0
        t=2026-09-22T09:28:34+0200 lvl=info msg="HOTSTUFF PROPOSAL MANIFEST stored"     from=127.0.0.1:59100 number=25 proposalID=0xfa001a993f5f72b6071de0cca1979daf7345d69ed9acfc4704e7bbd03f3b2ef5 manifestBytes=1220 missing=0 bodyBytes=3350
        t=2026-09-22T09:28:35+0200 lvl=info msg="HOTSTUFF PROPOSAL MANIFEST stored"     from=127.0.0.1:59100 number=26 proposalID=0x0dde648e218523442e48734bb751df71aa705fa8a049bec8c006e8b09e47866f manifestBytes=830  missing=0 bodyBytes=830
        t=2026-09-22T09:28:35+0200 lvl=info msg="HOTSTUFF PROPOSAL MANIFEST stored"     from=127.0.0.1:45502 number=27 proposalID=0xc457dd79da993bcff8abfe021e53ec648960108dd4328be4172196593b43f605 manifestBytes=1220 missing=0 bodyBytes=3350
        t=2026-09-22T09:28:35+0200 lvl=info msg="HOTSTUFF PROPOSAL MANIFEST stored"     from=127.0.0.1:59100 number=28 proposalID=0x8f669e50b6ced01bab55a5213b9bedb5b7ebe4ca9874af1ce96732b26e547b99 manifestBytes=830  missing=0 bodyBytes=830
        t=2026-09-22T09:28:36+0200 lvl=info msg="HOTSTUFF PROPOSAL MANIFEST stored"     from=127.0.0.1:34267 number=29 proposalID=0xf8b49b1e7dbe944fd14143513b3c6e557ba5e82d2a5594f32b73e4d9d85781f9 manifestBytes=1220 missing=0 bodyBytes=3350
        t=2026-09-22T09:28:37+0200 lvl=info msg="HOTSTUFF PROPOSAL MANIFEST stored"     from=127.0.0.1:46203 number=30 proposalID=0x3a0624e3342f59b8377cf6d4761be8ae04c214637975a032724e5e682ac34062 manifestBytes=830  missing=0 bodyBytes=830
        t=2026-09-22T09:28:37+0200 lvl=info msg="HOTSTUFF PROPOSAL MANIFEST stored"     from=127.0.0.1:45502 number=31 proposalID=0x03f8615f7c8bb89e60fa3f817e098da2cc2d8266a42efac52fc5a06e99da0821 manifestBytes=1220 missing=0 bodyBytes=3350
        t=2026-09-22T09:28:38+0200 lvl=info msg="HOTSTUFF PROPOSAL MANIFEST stored"     from=127.0.0.1:34278 number=32 proposalID=0x7830985e239edd2922f1aa8de46d3ab529296f35aff0542542ecc3315e217f55 manifestBytes=830  missing=0 bodyBytes=830
        t=2026-09-22T09:28:38+0200 lvl=info msg="HOTSTUFF PROPOSAL MANIFEST stored"     from=127.0.0.1:34267 number=33 proposalID=0x41a915bc5be37356e1790987ab531e0330bdcfd5cdc18668107cab007d449d62 manifestBytes=1220 missing=0 bodyBytes=3350
        t=2026-09-22T09:28:38+0200 lvl=info msg="HOTSTUFF PROPOSAL MANIFEST stored"     from=127.0.0.1:33198 number=34 proposalID=0xe3827356aff998de7db3c827dfbb8de3d9220102ad15a54b2e79764e84c62d32 manifestBytes=830  missing=0 bodyBytes=830
        t=2026-09-22T09:28:39+0200 lvl=info msg="HOTSTUFF PROPOSAL MANIFEST stored"     from=127.0.0.1:34278 number=35 proposalID=0x4dbdd37e6a6a9c0ab57e2a26866a8f901f5bcb4fe239e7dcc4e0ccf7deef217f manifestBytes=1220 missing=0 bodyBytes=3350
        t=2026-09-22T09:28:40+0200 lvl=info msg="HOTSTUFF PROPOSAL MANIFEST stored"     from=127.0.0.1:59100 number=36 proposalID=0x786f41fa2984d6fa70b731d7910a0938007731de8aa775e19e5b876f576ea8f2 manifestBytes=830  missing=0 bodyBytes=830
        t=2026-09-22T09:28:40+0200 lvl=info msg="HOTSTUFF PROPOSAL MANIFEST stored"     from=127.0.0.1:45502 number=37 proposalID=0xc8c734837aac93fef4b148be804d8f08de2bbcf2f6df6928d0c12d3f127d8495 manifestBytes=1220 missing=0 bodyBytes=3350
        t=2026-09-22T09:28:40+0200 lvl=info msg="HOTSTUFF PROPOSAL MANIFEST stored"     from=127.0.0.1:59100 number=38 proposalID=0x321ac203d01bec483725e7c1edf2d9d55f0447a57ad879cf9f9c24d241888843 manifestBytes=830  missing=0 bodyBytes=830
        t=2026-09-22T09:28:41+0200 lvl=info msg="HOTSTUFF PROPOSAL REF"                 number=39 viewID=0x4c10933f0679d908b861928e0a175e116bef3eb8def7752350776bcd52cb4aa8 proposalID=0x66ccc9bda03431fa263638d5ab66f631efc7b5d15652106fae6d37c73d7587cf blockHash=0x58cc5706148edcc19c357d0aa9e33efc80f9e0b64cabd518891306752c0c2cec bodyHash=0x54367d6b123b3eacc6dac65661d5219d69826fd17851e24c9bfd27d0e86c684a bodySize=3350 refBytes=442
        t=2026-09-22T09:28:42+0200 lvl=info msg="HOTSTUFF PROPOSAL MANIFEST stored"     from=127.0.0.1:33198 number=40 proposalID=0x62bf8ee6c1a65c9798773223f725493ef6f95e8e7fe5dddb7f44707640454ca3 manifestBytes=830  missing=0 bodyBytes=830
        t=2026-09-22T09:28:42+0200 lvl=warn msg="HandleConn drops connection: closed"   address=127.0.0.1:59182 remot=127.0.0.1:33198
        t=2026-09-22T09:28:42+0200 lvl=info msg="HOTSTUFF PROPOSAL MANIFEST stored"     from=127.0.0.1:45502 number=41 proposalID=0xab50b447a1884caedc95495c16d3c0e43853a99044f30218eec8d76c49542750 manifestBytes=1220 missing=0 bodyBytes=3350
        t=2026-09-22T09:28:42+0200 lvl=info msg="HOTSTUFF PROPOSAL MANIFEST stored"     from=127.0.0.1:45502 number=42 proposalID=0x005590362cfd823871cec5f29921fd0d3fa4d80ecb2e13686ea840d7e9daef1d manifestBytes=830  missing=0 bodyBytes=830
        t=2026-09-22T09:28:43+0200 lvl=warn msg="HandleConn drops connection: closed"   address=127.0.0.1:59182 remot=127.0.0.1:34267
        t=2026-09-22T09:28:43+0200 lvl=info msg="HOTSTUFF PROPOSAL MANIFEST stored"     from=127.0.0.1:34267 number=43 proposalID=0x297dc7acab1fd6c21dbc85b965251d404bb39310f9c9c897e575f700457a0f73 manifestBytes=1220 missing=0 bodyBytes=3350
        t=2026-09-22T09:28:43+0200 lvl=info msg="HOTSTUFF PROPOSAL MANIFEST stored"     from=127.0.0.1:59100 number=44 proposalID=0x26efbd634005abf37cbf802918b34dda2ba15ac5b8643c1e66ce20ddd20245d2 manifestBytes=830  missing=0 bodyBytes=830
        t=2026-09-22T09:28:43+0200 lvl=warn msg=GetBlockByNumer                         number=1
        t=2026-09-22T09:28:43+0200 lvl=warn msg=GetBlockByNumer                         number=43
        t=2026-09-22T09:28:43+0200 lvl=warn msg="HandleConn drops connection: closed"   address=127.0.0.1:59182 remot=127.0.0.1:34267
        t=2026-09-22T09:28:43+0200 lvl=info msg="HOTSTUFF PROPOSAL MANIFEST stored"     from=127.0.0.1:34267 number=45 proposalID=0xa3090c3e924bcf757b634fe8f205475967ef36f9502e678e17a2bc37c9757f10 manifestBytes=1220 missing=0 bodyBytes=3350
        t=2026-09-22T09:28:44+0200 lvl=info msg="HOTSTUFF PROPOSAL MANIFEST stored"     from=127.0.0.1:46203 number=46 proposalID=0x24f5c27a356710b209901ccb99954e38e4b7429509b1026b690fe5e56592544e manifestBytes=830  missing=0 bodyBytes=830
        t=2026-09-22T09:28:44+0200 lvl=info msg="HOTSTUFF PROPOSAL MANIFEST stored"     from=127.0.0.1:45502 number=47 proposalID=0x75aa053130e0fbb037ea22605c397b45cbc2ebfc5a84d3eebfd33c9080602d65 manifestBytes=1220 missing=0 bodyBytes=3350
        t=2026-09-22T09:28:44+0200 lvl=info msg="HOTSTUFF PROPOSAL REF"                 number=48 viewID=0x6562fdc54c92009af17c5b3d72c49e0c1559a5e58aef4807b276a7eec7a1421e proposalID=0x9790b1188e649011827faf5d19f03b0f31ae7a61e1781c9d9a297fa68ca11d28 blockHash=0x49eb803132640280719bde0841f9e9f6eb9b89ead16419e1ca3de4d9a542ae8f bodyHash=0x4d2068a3c5c95c21f1fc0794e42d0358f8afa6486e9ce4aff28f595cc8274fe5 bodySize=830  refBytes=439
        t=2026-09-22T09:28:45+0200 lvl=warn msg=GetBlockByNumer                         number=1
        t=2026-09-22T09:28:45+0200 lvl=warn msg=GetBlockByNumer                         number=47
        t=2026-09-22T09:28:45+0200 lvl=warn msg=GetBlockByNumer                         number=1
        t=2026-09-22T09:28:45+0200 lvl=warn msg=GetBlockByNumer                         number=47
    fhs_process_recovery_test.go:226: validator 962101 complete log: /tmp/fhs-process-failure-2221852204.log
    fhs_process_recovery_test.go:231: validator 962101 log tail:
        t=2026-09-22T09:27:20+0200 lvl=warn msg=GetBlockByNumer number=0
        t=2026-09-22T09:27:20+0200 lvl=warn msg="Failed to load snapshot, regenerating" err="missing or corrupted snapshot"
        t=2026-09-22T09:27:42+0200 lvl=eror msg=Connect                                 Could not connect to=127.0.0.1:46203 error="CRYPTO_ERROR 0x150 (remote): tls: internal error"
        t=2026-09-22T09:27:42+0200 lvl=eror msg=Connect                                 Could not connect to=127.0.0.1:59100 error="CRYPTO_ERROR 0x150 (remote): tls: internal error"
        t=2026-09-22T09:27:42+0200 lvl=eror msg=Connect                                 Could not connect to=127.0.0.1:45502 error="CRYPTO_ERROR 0x150 (remote): tls: internal error"
        t=2026-09-22T09:27:42+0200 lvl=eror msg=Connect                                 Could not connect to=127.0.0.1:34267 error="CRYPTO_ERROR 0x150 (remote): tls: internal error"
        t=2026-09-22T09:27:42+0200 lvl=eror msg=Connect                                 Could not connect to=127.0.0.1:33198 error="CRYPTO_ERROR 0x150 (remote): tls: internal error"
        t=2026-09-22T09:27:46+0200 lvl=info msg="HOTSTUFF PROPOSAL MANIFEST stored"     from=127.0.0.1:59182 number=1 proposalID=0xabe4425a31905907dbc5e0f9253fde114104091de2db85f5780c2a45fd77d09f manifestBytes=1219 missing=0 bodyBytes=1314
        t=2026-09-22T09:27:47+0200 lvl=info msg="HOTSTUFF PROPOSAL MANIFEST stored"     from=127.0.0.1:34267 number=2 proposalID=0x277381ce6a71cd67ca9d6a692a393b69e96e57df174500a2324f7ba07abe8db2 manifestBytes=830  missing=0 bodyBytes=830
        t=2026-09-22T09:27:47+0200 lvl=info msg="HOTSTUFF PROPOSAL MANIFEST stored"     from=127.0.0.1:34267 number=3 proposalID=0xd5a384e1c839fb78a72eaa60a9f48f9912c93b8c6c4fb8b28871a310df813bf6 manifestBytes=1219 missing=0 bodyBytes=1314
        t=2026-09-22T09:27:47+0200 lvl=info msg="HOTSTUFF PROPOSAL REF"                 number=4 viewID=0xd8d020369691840d91188cfcb9e8f3262686894ba3f28f10887974c9d5ef01a6 proposalID=0xac6804e21db867a12828a90cd92588c4e1ee413e6c10c316cd29a61f57e992cf blockHash=0x31516fb71eb12198fb4a1adb0cf51e1bfa2bd39ed330b181e29ea1f83e2f9e35 bodyHash=0x6fdf523c3f8d469ab52f621b1be478f4f0bcb891212f626a4ca64ffff3f650b4 bodySize=830 refBytes=439
        t=2026-09-22T09:27:48+0200 lvl=info msg="HOTSTUFF PROPOSAL MANIFEST stored"     from=127.0.0.1:33198 number=5 proposalID=0x26b72cc4211b5e9addfbc327a8405cadb6374538bbc05767ef818df9208a83cc manifestBytes=1219 missing=0 bodyBytes=1314
        t=2026-09-22T09:27:48+0200 lvl=info msg="HOTSTUFF PROPOSAL MANIFEST stored"     from=127.0.0.1:59100 number=6 proposalID=0x4c207330d9c5f4e8c907f157e1bf4d7c6fc263c83c6a872adaa20b4647865e74 manifestBytes=830  missing=0 bodyBytes=830
        t=2026-09-22T09:27:49+0200 lvl=info msg="HOTSTUFF PROPOSAL MANIFEST stored"     from=127.0.0.1:46203 number=7 proposalID=0xef845b47a2256ae748b8f4be6a3b7311dfd37ec97c8b4210d9d0d0b29c8e3188 manifestBytes=1219 missing=0 bodyBytes=1313
        t=2026-09-22T09:27:49+0200 lvl=info msg="HOTSTUFF PROPOSAL MANIFEST stored"     from=127.0.0.1:33198 number=8 proposalID=0xd2fc47dcde8ce612458ea5170fdb51e345381d9b633371f506001cd59a40ff99 manifestBytes=830  missing=0 bodyBytes=830
        t=2026-09-22T09:27:49+0200 lvl=warn msg=GetBlockByNumer                         number=1
        t=2026-09-22T09:27:49+0200 lvl=warn msg=GetBlockByNumer                         number=7
        t=2026-09-22T09:27:49+0200 lvl=warn msg=GetBlockByNumer                         number=1
        t=2026-09-22T09:27:49+0200 lvl=warn msg=GetBlockByNumer                         number=7
        t=2026-09-22T09:27:49+0200 lvl=warn msg=GetBlockByNumer                         number=7
        t=2026-09-22T09:27:49+0200 lvl=warn msg=GetBlockByNumer                         number=7
        t=2026-09-22T09:27:49+0200 lvl=warn msg=GetBlockByNumer                         number=7
        t=2026-09-22T09:27:49+0200 lvl=warn msg=GetBlockByNumer                         number=7
        t=2026-09-22T09:27:49+0200 lvl=warn msg=GetBlockByNumer                         number=7
        t=2026-09-22T09:27:49+0200 lvl=warn msg=GetBlockByNumer                         number=7
        t=2026-09-22T09:27:49+0200 lvl=warn msg=GetBlockByNumer                         number=7
        t=2026-09-22T09:27:49+0200 lvl=warn msg=GetBlockByNumer                         number=1
        t=2026-09-22T09:27:49+0200 lvl=warn msg=GetBlockByNumer                         number=2
        t=2026-09-22T09:27:49+0200 lvl=warn msg=GetBlockByNumer                         number=3
        t=2026-09-22T09:27:49+0200 lvl=warn msg=GetBlockByNumer                         number=4
        t=2026-09-22T09:27:49+0200 lvl=warn msg=GetBlockByNumer                         number=5
        t=2026-09-22T09:27:49+0200 lvl=warn msg=GetBlockByNumer                         number=6
        t=2026-09-22T09:27:49+0200 lvl=warn msg=GetBlockByNumer                         number=7
        t=2026-09-22T09:27:54+0200 lvl=warn msg="HOTSTUFF RECOVERY resend NewView"      number=9 viewID=0x268e2aaa900cc18e3e9605a4854438d5b19a8fdaff9ebbdc964cb6801411f421 to=127.0.0.1:45502
        t=2026-09-22T09:27:59+0200 lvl=warn msg="HOTSTUFF RECOVERY resend NewView"      number=9 viewID=0x268e2aaa900cc18e3e9605a4854438d5b19a8fdaff9ebbdc964cb6801411f421 to=127.0.0.1:45502
        t=2026-09-22T09:28:04+0200 lvl=warn msg="HOTSTUFF RECOVERY resend NewView"      number=9 viewID=0x268e2aaa900cc18e3e9605a4854438d5b19a8fdaff9ebbdc964cb6801411f421 to=127.0.0.1:45502
        t=2026-09-22T09:28:09+0200 lvl=warn msg="HOTSTUFF RECOVERY resend NewView"      number=9 viewID=0x268e2aaa900cc18e3e9605a4854438d5b19a8fdaff9ebbdc964cb6801411f421 to=127.0.0.1:45502
        t=2026-09-22T09:28:14+0200 lvl=warn msg="HOTSTUFF RECOVERY resend NewView"      number=9 viewID=0x268e2aaa900cc18e3e9605a4854438d5b19a8fdaff9ebbdc964cb6801411f421 to=127.0.0.1:45502
        t=2026-09-22T09:28:19+0200 lvl=warn msg="HOTSTUFF RECOVERY resend NewView"      number=9 viewID=0x268e2aaa900cc18e3e9605a4854438d5b19a8fdaff9ebbdc964cb6801411f421 to=127.0.0.1:45502
        t=2026-09-22T09:28:24+0200 lvl=warn msg="HOTSTUFF RECOVERY resend NewView"      number=9 viewID=0x268e2aaa900cc18e3e9605a4854438d5b19a8fdaff9ebbdc964cb6801411f421 to=127.0.0.1:45502
        t=2026-09-22T09:28:27+0200 lvl=info msg="HOTSTUFF PROPOSAL MANIFEST stored"     from=127.0.0.1:45502 number=9 proposalID=0x2eac56ee3e4558a1216a1279922f6fa9c5607ef5904a9e61c40a55bda2d69c04 manifestBytes=1220 missing=0 bodyBytes=20186
        t=2026-09-22T09:28:27+0200 lvl=info msg="HOTSTUFF PROPOSAL REF"                 number=10 viewID=0x0eed4e69d603ab222003f3f97afa3de15eb7c2f39339c7c1247e9361179f6f61 proposalID=0x0b40b6a039b4ab1e89c4ae13a11ed6708301e912effc88726fc4f63d157ffb24 blockHash=0x7ea79e9abc04c3c52866c4f244b88cf9a6c2168ff7e6d968c1a7ee0d521fe6fd bodyHash=0xe850ec1d0af7b756d3c792c4adcb10499665e414de416ceb266edecb8b3ab698 bodySize=830 refBytes=439
        t=2026-09-22T09:28:27+0200 lvl=warn msg="Send msg try again"                    address=[::]:34278 Couldn't send to=127.0.0.1:34267 error="Operation Canceled"
        t=2026-09-22T09:28:27+0200 lvl=eror msg=CloseConnect                            =[::]:34278 having error closing conn to=127.0.0.1:50058 error="Connection Closed"
        t=2026-09-22T09:28:28+0200 lvl=info msg="HOTSTUFF PROPOSAL MANIFEST stored"     from=127.0.0.1:34267 number=11 proposalID=0x79b200c93a5cf495cfc90fb1ac2498b1e7a604250f8ea33eaf32a2f57f0c4922 manifestBytes=1220 missing=0 bodyBytes=3350
        t=2026-09-22T09:28:28+0200 lvl=info msg="HOTSTUFF PROPOSAL REF"                 number=12 viewID=0xdf066aea46d82df0a6b651d8d6c54a86f1b0eea295cc51580613c2f2f03983be proposalID=0xb5583d8c81d258914b517e11a79f97c75be6c0ea29f3579240eac7c2d512d59b blockHash=0x9880a6478e27a01a27488964394916825bfa855dfe37fcd921c3f249048fc985 bodyHash=0x40fc7689e3a510b245863bf83b9bfbc7d1de5963a6ffbc189927a883c7bd692e bodySize=830 refBytes=439
        t=2026-09-22T09:28:29+0200 lvl=info msg="HOTSTUFF PROPOSAL MANIFEST stored"     from=127.0.0.1:34267 number=13 proposalID=0xed840969bb73b5831d00ad539261fc601601e5eb947140dd74d6c2892fe60be8 manifestBytes=1220 missing=0 bodyBytes=3350
        t=2026-09-22T09:28:29+0200 lvl=info msg="HOTSTUFF PROPOSAL MANIFEST stored"     from=127.0.0.1:46203 number=14 proposalID=0x969f49d6dd97a64fd3c9b1f7ae7e82bf8cd9d1b4f3edec6b03539e50ed460441 manifestBytes=830  missing=0 bodyBytes=830
        t=2026-09-22T09:28:29+0200 lvl=info msg="HOTSTUFF PROPOSAL REF"                 number=15 viewID=0x75b331d3e1dc7f047501b7fae21c4cb62e0a3c3053182ec1f0dfb6460656d835 proposalID=0x1bbae7c00efae661bfdd5d03c93b8aa871e94bfadcd17519cb001e2824b50eb7 blockHash=0xf3d1390269e5169ff7624b0ef27c61dd9f0e7d2b326041ac7689df383c89ce9e bodyHash=0xfab9b435219ddc82028aaa4c78465df44fe3fb564e200e88cba55fa05688d60c bodySize=3350 refBytes=442
        t=2026-09-22T09:28:29+0200 lvl=warn msg="Send msg try again"                    address=[::]:34278 Couldn't send to=127.0.0.1:34267 error="Operation Canceled"
        t=2026-09-22T09:28:29+0200 lvl=eror msg=CloseConnect                            =[::]:34278 having error closing conn to=127.0.0.1:34267 error="Connection Closed"
        t=2026-09-22T09:28:30+0200 lvl=info msg="HOTSTUFF PROPOSAL REF"                 number=16 viewID=0xf234a8b0ea062cbda30d914a7689c0116c30b185e87159ec212af3f2468fc9f5 proposalID=0xfdca49f74d6aa5f8950d537ee478b063f288f482a0ca57f18179e0cdb56f4423 blockHash=0xac60ae8afbb4ff7e3719135c03910f05564fd476bacf7d8ac44c4f1abd26cc78 bodyHash=0x6ef0fdec77f522ecae88a754e48066125991ac39e7e7bb23d00dd34c16ca1e9a bodySize=830  refBytes=439
        t=2026-09-22T09:28:30+0200 lvl=info msg="HOTSTUFF PROPOSAL MANIFEST stored"     from=127.0.0.1:59100 number=17 proposalID=0x5a2dac7ff647c9c9787e12123515d605c926597196c6b50d61e1ddcbf4e705a6 manifestBytes=1220 missing=0 bodyBytes=3350
        t=2026-09-22T09:28:30+0200 lvl=info msg="HOTSTUFF PROPOSAL MANIFEST stored"     from=127.0.0.1:59100 number=18 proposalID=0xeab512ed3e5d8ca1273004bdf1df853eb5b02b4ed88ee309a4a0f9be0755c704 manifestBytes=830  missing=0 bodyBytes=830
        t=2026-09-22T09:28:31+0200 lvl=info msg="HOTSTUFF PROPOSAL MANIFEST stored"     from=127.0.0.1:34267 number=19 proposalID=0xb1a896bf61f390d0133ffc98f68175ad59e37c225edee2d04418b2ff1196ab3a manifestBytes=1220 missing=0 bodyBytes=3350
        t=2026-09-22T09:28:31+0200 lvl=info msg="HOTSTUFF PROPOSAL MANIFEST stored"     from=127.0.0.1:34267 number=20 proposalID=0x683e886d576e33c938f9539fe9beaf321dd0d801f14159a3b9e1c645a3c4fe85 manifestBytes=830  missing=0 bodyBytes=830
        t=2026-09-22T09:28:32+0200 lvl=info msg="HOTSTUFF PROPOSAL MANIFEST stored"     from=127.0.0.1:46203 number=21 proposalID=0xd6d25f0de461544685f6e31d03e1a417f3f1860de92892a75a8709b46e15bf8a manifestBytes=1220 missing=0 bodyBytes=3350
        t=2026-09-22T09:28:32+0200 lvl=warn msg="HandleConn drops connection: closed"   address=127.0.0.1:34278 remot=127.0.0.1:46203
        t=2026-09-22T09:28:33+0200 lvl=info msg="HOTSTUFF PROPOSAL MANIFEST stored"     from=127.0.0.1:59100 number=22 proposalID=0x6c654a8e13680e93de92231b08efc6eb919853bfbdb0ffdb9fbf1ec525095979 manifestBytes=830  missing=0 bodyBytes=830
        t=2026-09-22T09:28:33+0200 lvl=info msg="HOTSTUFF PROPOSAL REF"                 number=23 viewID=0x68e819c1d8d40d71fbde65f4be88e2b81c89e0b20ae6c09a43c9f5fc5b1e11f0 proposalID=0xf29f97eedaae52466101755ec7dcfd79b896ee0cf1a7d7cdb10bcd951140f760 blockHash=0xb8a913f378cd6f2d450bc81e2d2f1f761ead1b6b337a4f985ba0513fcb6cf50f bodyHash=0xef02d707963364cb78db942bd403ec4ea8383ff4e6aa4f925bc2f43dda35e455 bodySize=3350 refBytes=442
        t=2026-09-22T09:28:33+0200 lvl=warn msg="Send msg try again"                    address=[::]:34278      Couldn't send to=127.0.0.1:34267 error="Operation Canceled"
        t=2026-09-22T09:28:33+0200 lvl=eror msg=CloseConnect                            =[::]:34278 having error closing conn to=127.0.0.1:34267 error="Connection Closed"
        t=2026-09-22T09:28:34+0200 lvl=info msg="HOTSTUFF PROPOSAL MANIFEST stored"     from=127.0.0.1:46203 number=24 proposalID=0x40e00595ddad245b5e7f0f121210f3e6f8c58e3ba32b743ba0d39351c347aa75 manifestBytes=830  missing=0 bodyBytes=830
        t=2026-09-22T09:28:34+0200 lvl=warn msg="HandleConn drops connection: closed"   address=127.0.0.1:34278 remot=127.0.0.1:46203
        t=2026-09-22T09:28:34+0200 lvl=info msg="HOTSTUFF PROPOSAL MANIFEST stored"     from=127.0.0.1:46203 number=24 proposalID=0x40e00595ddad245b5e7f0f121210f3e6f8c58e3ba32b743ba0d39351c347aa75 manifestBytes=830  missing=0 bodyBytes=830
        t=2026-09-22T09:28:34+0200 lvl=info msg="HOTSTUFF PROPOSAL MANIFEST stored"     from=127.0.0.1:59100 number=25 proposalID=0xfa001a993f5f72b6071de0cca1979daf7345d69ed9acfc4704e7bbd03f3b2ef5 manifestBytes=1220 missing=0 bodyBytes=3350
        t=2026-09-22T09:28:35+0200 lvl=info msg="HOTSTUFF PROPOSAL MANIFEST stored"     from=127.0.0.1:59100 number=26 proposalID=0x0dde648e218523442e48734bb751df71aa705fa8a049bec8c006e8b09e47866f manifestBytes=830  missing=0 bodyBytes=830
        t=2026-09-22T09:28:35+0200 lvl=info msg="HOTSTUFF PROPOSAL MANIFEST stored"     from=127.0.0.1:45502 number=27 proposalID=0xc457dd79da993bcff8abfe021e53ec648960108dd4328be4172196593b43f605 manifestBytes=1220 missing=1 bodyBytes=3350
        t=2026-09-22T09:28:35+0200 lvl=eror msg="OnPropose wait proposal body"          number=27 proposalID=0xc457dd79da993bcff8abfe021e53ec648960108dd4328be4172196593b43f605 err="hotstuff view state too old"
        t=2026-09-22T09:28:35+0200 lvl=warn msg="HOTSTUFF PROPOSAL MANIFEST authority rejected" from=127.0.0.1:59100 leader=127.0.0.1:59100 number=28 proposalID=0x8f669e50b6ced01bab55a5213b9bedb5b7ebe4ca9874af1ce96732b26e547b99 err="proposal manifest does not match the current deterministic leader route: manifest key committee is already canonical but is not the current route"
        t=2026-09-22T09:28:36+0200 lvl=info msg="HOTSTUFF PROPOSAL REPAIR REQUEST"      to=127.0.0.1:59100 number=28 proposalID=0x8f669e50b6ced01bab55a5213b9bedb5b7ebe4ca9874af1ce96732b26e547b99 missing=0 attempt=0
        t=2026-09-22T09:28:36+0200 lvl=info msg="HOTSTUFF PROPOSAL MANIFEST stored"     from=127.0.0.1:59100 number=28 proposalID=0x8f669e50b6ced01bab55a5213b9bedb5b7ebe4ca9874af1ce96732b26e547b99 manifestBytes=830  missing=0 bodyBytes=830
        t=2026-09-22T09:28:36+0200 lvl=info msg="HOTSTUFF PROPOSAL MANIFEST stored"     from=127.0.0.1:34267 number=29 proposalID=0xf8b49b1e7dbe944fd14143513b3c6e557ba5e82d2a5594f32b73e4d9d85781f9 manifestBytes=1220 missing=0 bodyBytes=3350
        t=2026-09-22T09:28:37+0200 lvl=warn msg="HandleConn drops connection: closed"   address=127.0.0.1:34278 remot=127.0.0.1:46203
        t=2026-09-22T09:28:37+0200 lvl=info msg="HOTSTUFF PROPOSAL MANIFEST stored"     from=127.0.0.1:46203 number=30 proposalID=0x3a0624e3342f59b8377cf6d4761be8ae04c214637975a032724e5e682ac34062 manifestBytes=830  missing=0 bodyBytes=830
        t=2026-09-22T09:28:37+0200 lvl=info msg="HOTSTUFF PROPOSAL MANIFEST stored"     from=127.0.0.1:45502 number=31 proposalID=0x03f8615f7c8bb89e60fa3f817e098da2cc2d8266a42efac52fc5a06e99da0821 manifestBytes=1220 missing=0 bodyBytes=3350
        t=2026-09-22T09:28:38+0200 lvl=info msg="HOTSTUFF PROPOSAL REF"                 number=32 viewID=0xc779dc53d219ccae026f7f4feee1fc852d799eeb049d355ec6c58664c66a7314 proposalID=0x7830985e239edd2922f1aa8de46d3ab529296f35aff0542542ecc3315e217f55 blockHash=0xf237dca0f2b2aad9c8819bdd989930187bb824ac97a0bf23e4049312c46eeef1 bodyHash=0xea1d97af70ddd675737659a07f302650c53bf8990fea98f246b1356bdc209a20 bodySize=830  refBytes=439
        t=2026-09-22T09:28:38+0200 lvl=info msg="HOTSTUFF PROPOSAL MANIFEST stored"     from=127.0.0.1:34267 number=33 proposalID=0x41a915bc5be37356e1790987ab531e0330bdcfd5cdc18668107cab007d449d62 manifestBytes=1220 missing=0 bodyBytes=3350
        t=2026-09-22T09:28:38+0200 lvl=info msg="HOTSTUFF PROPOSAL MANIFEST stored"     from=127.0.0.1:33198 number=34 proposalID=0xe3827356aff998de7db3c827dfbb8de3d9220102ad15a54b2e79764e84c62d32 manifestBytes=830  missing=0 bodyBytes=830
        t=2026-09-22T09:28:39+0200 lvl=info msg="HOTSTUFF PROPOSAL REF"                 number=35 viewID=0x64e8dc22b8a6399df117ed77f34c63c79109765c6486fdeb490dfab67f04747d proposalID=0x4dbdd37e6a6a9c0ab57e2a26866a8f901f5bcb4fe239e7dcc4e0ccf7deef217f blockHash=0xa664ba6199d9c5fdc8e02d8f3461e43074ddcaaad9d1e32a3b124a660de01603 bodyHash=0x3e32392d233aa25ff4b2e1bb179fcaf89c9bf43749ad3b88a2efb64b2d7cd905 bodySize=3350 refBytes=442
        t=2026-09-22T09:28:40+0200 lvl=info msg="HOTSTUFF PROPOSAL MANIFEST stored"     from=127.0.0.1:59100 number=36 proposalID=0x786f41fa2984d6fa70b731d7910a0938007731de8aa775e19e5b876f576ea8f2 manifestBytes=830  missing=0 bodyBytes=830
        t=2026-09-22T09:28:40+0200 lvl=info msg="HOTSTUFF PROPOSAL MANIFEST stored"     from=127.0.0.1:45502 number=37 proposalID=0xc8c734837aac93fef4b148be804d8f08de2bbcf2f6df6928d0c12d3f127d8495 manifestBytes=1220 missing=0 bodyBytes=3350
        t=2026-09-22T09:28:40+0200 lvl=info msg="HOTSTUFF PROPOSAL MANIFEST stored"     from=127.0.0.1:59100 number=38 proposalID=0x321ac203d01bec483725e7c1edf2d9d55f0447a57ad879cf9f9c24d241888843 manifestBytes=830  missing=0 bodyBytes=830
        t=2026-09-22T09:28:41+0200 lvl=info msg="HOTSTUFF PROPOSAL MANIFEST stored"     from=127.0.0.1:59182 number=39 proposalID=0x66ccc9bda03431fa263638d5ab66f631efc7b5d15652106fae6d37c73d7587cf manifestBytes=1220 missing=1 bodyBytes=3350
        t=2026-09-22T09:28:41+0200 lvl=eror msg="OnPropose wait proposal body"          number=39 proposalID=0x66ccc9bda03431fa263638d5ab66f631efc7b5d15652106fae6d37c73d7587cf err="hotstuff view state too old"
        t=2026-09-22T09:28:42+0200 lvl=info msg="HOTSTUFF PROPOSAL MANIFEST stored"     from=127.0.0.1:33198 number=40 proposalID=0x62bf8ee6c1a65c9798773223f725493ef6f95e8e7fe5dddb7f44707640454ca3 manifestBytes=830  missing=0 bodyBytes=830
        t=2026-09-22T09:28:42+0200 lvl=info msg="HOTSTUFF PROPOSAL MANIFEST stored"     from=127.0.0.1:45502 number=41 proposalID=0xab50b447a1884caedc95495c16d3c0e43853a99044f30218eec8d76c49542750 manifestBytes=1220 missing=0 bodyBytes=3350
        t=2026-09-22T09:28:42+0200 lvl=info msg="HOTSTUFF PROPOSAL MANIFEST stored"     from=127.0.0.1:45502 number=42 proposalID=0x005590362cfd823871cec5f29921fd0d3fa4d80ecb2e13686ea840d7e9daef1d manifestBytes=830  missing=0 bodyBytes=830
        t=2026-09-22T09:28:43+0200 lvl=info msg="HOTSTUFF PROPOSAL MANIFEST stored"     from=127.0.0.1:34267 number=43 proposalID=0x297dc7acab1fd6c21dbc85b965251d404bb39310f9c9c897e575f700457a0f73 manifestBytes=1220 missing=0 bodyBytes=3350
        t=2026-09-22T09:28:43+0200 lvl=info msg="HOTSTUFF PROPOSAL MANIFEST stored"     from=127.0.0.1:59100 number=44 proposalID=0x26efbd634005abf37cbf802918b34dda2ba15ac5b8643c1e66ce20ddd20245d2 manifestBytes=830  missing=0 bodyBytes=830
        t=2026-09-22T09:28:43+0200 lvl=warn msg=GetBlockByNumer                         number=1
        t=2026-09-22T09:28:43+0200 lvl=warn msg=GetBlockByNumer                         number=43
        t=2026-09-22T09:28:43+0200 lvl=info msg="HOTSTUFF PROPOSAL MANIFEST stored"     from=127.0.0.1:34267 number=45 proposalID=0xa3090c3e924bcf757b634fe8f205475967ef36f9502e678e17a2bc37c9757f10 manifestBytes=1220 missing=0 bodyBytes=3350
        t=2026-09-22T09:28:44+0200 lvl=info msg="HOTSTUFF PROPOSAL MANIFEST stored"     from=127.0.0.1:46203 number=46 proposalID=0x24f5c27a356710b209901ccb99954e38e4b7429509b1026b690fe5e56592544e manifestBytes=830  missing=0 bodyBytes=830
        t=2026-09-22T09:28:44+0200 lvl=info msg="HOTSTUFF PROPOSAL MANIFEST stored"     from=127.0.0.1:45502 number=47 proposalID=0x75aa053130e0fbb037ea22605c397b45cbc2ebfc5a84d3eebfd33c9080602d65 manifestBytes=1220 missing=0 bodyBytes=3350
        t=2026-09-22T09:28:44+0200 lvl=info msg="HOTSTUFF PROPOSAL MANIFEST stored"     from=127.0.0.1:59182 number=48 proposalID=0x9790b1188e649011827faf5d19f03b0f31ae7a61e1781c9d9a297fa68ca11d28 manifestBytes=830  missing=0 bodyBytes=830
        t=2026-09-22T09:28:45+0200 lvl=warn msg=GetBlockByNumer                         number=1
        t=2026-09-22T09:28:45+0200 lvl=warn msg=GetBlockByNumer                         number=47
        t=2026-09-22T09:28:45+0200 lvl=warn msg=GetBlockByNumer                         number=1
        t=2026-09-22T09:28:45+0200 lvl=warn msg=GetBlockByNumer                         number=47
    dex_financial_process_test.go:104: DEX child6 full log /tmp/dex-financial-failure-2331093557.log
    dex_financial_process_test.go:109: DEX child6 log: 
    dex_financial_process_test.go:104: DEX child5 full log /tmp/dex-financial-failure-94463598.log
    dex_financial_process_test.go:109: DEX child5 log: 
    dex_financial_process_test.go:104: DEX child4 full log /tmp/dex-financial-failure-3086745113.log
    dex_financial_process_test.go:109: DEX child4 log: 
    dex_financial_process_test.go:104: DEX child3 full log /tmp/dex-financial-failure-742649207.log
    dex_financial_process_test.go:109: DEX child3 log: 
    dex_financial_process_test.go:104: DEX child2 full log /tmp/dex-financial-failure-2617098799.log
    dex_financial_process_test.go:109: DEX child2 log: 
    dex_financial_process_test.go:104: DEX child1 full log /tmp/dex-financial-failure-275115286.log
    dex_financial_process_test.go:109: DEX child1 log: 
    dex_financial_process_test.go:104: DEX child0 full log /tmp/dex-financial-failure-1441328126.log
    dex_financial_process_test.go:109: DEX child0 log: 
--- FAIL: TestFHSNativeFinancialOrdinaryCLI (217.07s)
FAIL
