=== RUN   TestFHSNativeContinuousOrdinaryCLI
    dex_continuous_network_test.go:20: CONTINUOUS_SETUP CLX=[1046172 1046177 1046182 1046187 1046192 1046198 1046204] source=http://127.0.0.1:44103 network=loopback version=3 DEXRegistered=7 activeInitially=6 relayGasPayers=2 coordinatorStateImports=0
    dex_continuous_network_test.go:21: CONTINUOUS_USER_RPC_ACK tx=0x5a5b81333c73731cabcaa8c53e7b7eed02c4406f76686ce6a81133a7c2b76cc6 nonce=0
    dex_continuous_network_test.go:21: CONTINUOUS_TX height=1 block=0xd29a6d9243adb575df5df1ef25257d2d016834df80b5f009fcc531042fe254c5 tx=0x5a5b81333c73731cabcaa8c53e7b7eed02c4406f76686ce6a81133a7c2b76cc6 payer=0x3A029B6be84C45f863Efc95dcA8121080A0E2DdD nonce=0 op=funding-1 status=1 gas=271600 gasAtoms=434560000000000 commonAtoms=86912000000000 calldata=12
    dex_continuous_network_test.go:21: CONTINUOUS_ETH_SOURCE height=1 hash=0xd29a6d9243adb575df5df1ef25257d2d016834df80b5f009fcc531042fe254c5 root=0x201b14369ad032f941c834905e189283946ae6ed91d7db5ca3e5a11fa782fc2d normalFollow=true
    dex_continuous_network_test.go:21: CONTINUOUS_USER_RPC_ACK tx=0x9033d1e38b17399ca0486c591944ced56a9148c47d82a53160f94f8045744b64 nonce=0
    dex_continuous_network_test.go:21: CONTINUOUS_TX height=3 block=0x374011baac27cb569a777b6d7acf8ef01c83139611ff2af3347dab57c501b3c2 tx=0x9033d1e38b17399ca0486c591944ced56a9148c47d82a53160f94f8045744b64 payer=0xAc72b470199948aF1189AF86381404929808Fc82 nonce=0 op=funding-1 status=1 gas=271600 gasAtoms=434560000000000 commonAtoms=86912000000000 calldata=12
    dex_continuous_network_test.go:21: CONTINUOUS_ETH_SOURCE height=3 hash=0x374011baac27cb569a777b6d7acf8ef01c83139611ff2af3347dab57c501b3c2 root=0xbbd5935d78ed84862b476556b79b94698c2295700e4acb346f4ab6b8fcb82ccd normalFollow=true
    dex_continuous_network_test.go:21: CONTINUOUS_USER_RPC_ACK tx=0x839916b20f044b96220838922b7bfebdf1ddb161f761c69cb05a8311bb3d5f00 nonce=0
    dex_continuous_network_test.go:21: CONTINUOUS_TX height=5 block=0xd8d61f9bf4bb96c6277a251f81fec4bf5f1b987acae64dda1dc5fef09ff1632a tx=0x839916b20f044b96220838922b7bfebdf1ddb161f761c69cb05a8311bb3d5f00 payer=0x8688DB19CBE86b49F8b1A5caAC45b12Ed478d8F6 nonce=0 op=funding-2 status=1 gas=271600 gasAtoms=434560000000000 commonAtoms=86912000000000 calldata=12
    dex_continuous_network_test.go:21: CONTINUOUS_ETH_SOURCE height=5 hash=0xd8d61f9bf4bb96c6277a251f81fec4bf5f1b987acae64dda1dc5fef09ff1632a root=0x199fa900f9d61de7e2055a5781cee86cc5383f093c31521bdf75106953df69a7 normalFollow=true
    dex_continuous_network_test.go:21: CONTINUOUS_USER_RPC_ACK tx=0x1e379125baacce4cc0bebba51130c15420f224d186f7d35be5c222747602c1a4 nonce=1
    dex_continuous_network_test.go:21: CONTINUOUS_TX height=7 block=0xf689b68a324405b2e854883865aaf163a7183c08af7cbb286dc030c2a5a9a308 tx=0x1e379125baacce4cc0bebba51130c15420f224d186f7d35be5c222747602c1a4 payer=0x8688DB19CBE86b49F8b1A5caAC45b12Ed478d8F6 nonce=1 op=funding-3 status=1 gas=271600 gasAtoms=434560000000000 commonAtoms=86912000000000 calldata=12
    dex_continuous_network_test.go:21: CONTINUOUS_ETH_SOURCE height=7 hash=0xf689b68a324405b2e854883865aaf163a7183c08af7cbb286dc030c2a5a9a308 root=0xe587efb970c8329ce0931901935a6f378f80a3f5ee7b595d74bad0169e1540bd normalFollow=true
    dex_continuous_network_test.go:21: NATIVE_BALANCE height=7 account=0x000000000000000000000000000000000000B123 initial=123 final=347648000000123 delta=347648000000000
    dex_continuous_network_test.go:21: NATIVE_BALANCE height=7 account=0x0000000000000000000000000000000000De0001 initial=0 final=225000000000000000000 delta=225000000000000000000
    dex_continuous_network_test.go:21: NATIVE_BALANCE height=7 account=0x3A029B6be84C45f863Efc95dcA8121080A0E2DdD initial=1000000000000000000000 final=899999565440000000000 delta=-100000434560000000000
    dex_continuous_network_test.go:21: NATIVE_BALANCE height=7 account=0x8688DB19CBE86b49F8b1A5caAC45b12Ed478d8F6 initial=1000000000000000000000 final=974999130880000000000 delta=-25000869120000000000
    dex_continuous_network_test.go:21: NATIVE_BALANCE height=7 account=0xAc72b470199948aF1189AF86381404929808Fc82 initial=1000000000000000000000 final=899999565440000000000 delta=-100000434560000000000
    dex_continuous_network_test.go:21: NATIVE_BALANCE height=7 account=0xE83D19567A7559DA5866908682DF632bbfb4720F initial=1000000000000000000000 final=1000000000000000000000 delta=0
    dex_continuous_network_test.go:21: NATIVE_BALANCE height=7 account=0xe16C56D1Fe7564f2EE4Bb309d57c9B9aa62F2f7f initial=77 final=77 delta=0
    dex_continuous_network_test.go:21: NATIVE_BALANCE height=7 account=0xeE3BaacE4C8Be51181e8065585DceF36f4Ea355B initial=1000000000000000000000000000 final=1000000000000000000000000000 delta=0
    dex_continuous_network_test.go:21: NATIVE_BALANCE height=7 account=0xfC29a62fC13B5B7996DDD8233608E0FD6a5f4387 initial=1000000000000000000000 final=1000000000000000000000 delta=0
    dex_continuous_network_test.go:21: NATIVE_LEDGER_RECONCILED height=7 custody=225000000000000000000 gas=1738240000000000 commonReward=347648000000000 burn=1390592000000000 accounts=9 engine=0/0/0
    dex_continuous_network_test.go:21: CONTINUOUS_BUCKET key=F atoms=0
    dex_continuous_network_test.go:21: CONTINUOUS_BUCKET key=I atoms=5000000000000000000
    dex_continuous_network_test.go:21: CONTINUOUS_BUCKET key=R atoms=0
    dex_continuous_network_test.go:21: CONTINUOUS_BUCKET key=S atoms=20000000000000000000
    dex_continuous_network_test.go:21: CONTINUOUS_BUCKET key=T atoms=0
    dex_continuous_network_test.go:21: CONTINUOUS_BUCKET key=U atoms=200000000000000000000
    dex_continuous_network_test.go:21: CONTINUOUS_BUCKET key=W atoms=0
    dex_continuous_network_test.go:21: CONTINUOUS_BUCKET key=Z atoms=0
    dex_continuous_network_test.go:21: CONTINUOUS_LIMITS maxCalldata=12 maxHeaders=0 maxMPTNodes=0 maxMPTBytes=0 operationCounts=map[funding-1:2 funding-2:1 funding-3:1]
    dex_continuous_network_test.go:22: NORMAL_FINANCIAL_ROLES index=0 CommonPID=1046372 DEXSidecarPID=1046381 api=127.0.0.2:41099 pow=false rpcReward=false
    dex_continuous_network_test.go:22: CONTINUOUS_COMMON_PEER index=0 parentPID=1046372 initialConnection=true forcedHeadRefresh=false
    dex_continuous_network_test.go:22: NORMAL_FINANCIAL_ROLES index=1 CommonPID=1046397 DEXSidecarPID=1046422 api=127.0.0.3:36335 pow=false rpcReward=false
    dex_continuous_network_test.go:22: CONTINUOUS_COMMON_PEER index=1 parentPID=1046397 initialConnection=true forcedHeadRefresh=false
    dex_continuous_network_test.go:22: NORMAL_FINANCIAL_ROLES index=2 CommonPID=1046440 DEXSidecarPID=1046475 api=127.0.0.4:46115 pow=false rpcReward=false
    dex_continuous_network_test.go:22: CONTINUOUS_COMMON_PEER index=2 parentPID=1046440 initialConnection=true forcedHeadRefresh=false
    dex_continuous_network_test.go:22: NORMAL_FINANCIAL_ROLES index=3 CommonPID=1046491 DEXSidecarPID=1046503 api=127.0.0.5:37317 pow=false rpcReward=false
    dex_continuous_network_test.go:22: CONTINUOUS_COMMON_PEER index=3 parentPID=1046491 initialConnection=true forcedHeadRefresh=false
    dex_continuous_network_test.go:22: NORMAL_FINANCIAL_ROLES index=4 CommonPID=1046520 DEXSidecarPID=1046530 api=127.0.0.6:41149 pow=false rpcReward=false
    dex_continuous_network_test.go:22: CONTINUOUS_COMMON_PEER index=4 parentPID=1046520 initialConnection=true forcedHeadRefresh=false
    dex_continuous_network_test.go:22: NORMAL_FINANCIAL_ROLES index=5 CommonPID=1046548 DEXSidecarPID=1046557 api=127.0.0.7:35593 pow=false rpcReward=false
    dex_continuous_network_test.go:22: CONTINUOUS_COMMON_PEER index=5 parentPID=1046548 initialConnection=true forcedHeadRefresh=false
    dex_continuous_network_test.go:24: NORMAL_RELAY index=0 pid=1046568 store=/tmp/TestFHSNativeContinuousOrdinaryCLI252306699/001/relay-0 payer=0xfC29a62fC13B5B7996DDD8233608E0FD6a5f4387
    dex_continuous_network_test.go:24: NORMAL_RELAY index=1 pid=1046569 store=/tmp/TestFHSNativeContinuousOrdinaryCLI252306699/001/relay-1 payer=0xE83D19567A7559DA5866908682DF632bbfb4720F
    dex_continuous_network_test.go:26: CONTINUOUS_DEX certified>=1 finalized>=0 active=6
    dex_continuous_network_test.go:26: CONTINUOUS_DEX_INGRESS expectedHeight=2 bytes=282
    dex_continuous_network_test.go:26: CONTINUOUS_DEX certified>=2 finalized>=0 active=6
    dex_continuous_network_test.go:26: CONTINUOUS_DEX_INGRESS expectedHeight=3 bytes=282
    dex_continuous_network_test.go:26: CONTINUOUS_DEX certified>=3 finalized>=0 active=6
    dex_continuous_network_test.go:26: CONTINUOUS_DEX_INGRESS expectedHeight=4 bytes=282
    dex_continuous_network_test.go:26: CONTINUOUS_DEX certified>=4 finalized>=0 active=6
    dex_continuous_network_test.go:26: CONTINUOUS_DEX_INGRESS expectedHeight=5 bytes=282
    dex_continuous_network_test.go:26: CONTINUOUS_DEX certified>=5 finalized>=0 active=6
    dex_continuous_network_test.go:26: CONTINUOUS_PARTICIPATION height=5 period=1 authenticatedParticipants=6
    dex_continuous_network_test.go:26: CONTINUOUS_DEX_INGRESS expectedHeight=6 bytes=2468
    dex_continuous_network_test.go:26: CONTINUOUS_DEX certified>=6 finalized>=0 active=6
    dex_continuous_network_test.go:26: CONTINUOUS_DEX_INGRESS expectedHeight=7 bytes=282
    dex_continuous_network_test.go:26: CONTINUOUS_DEX certified>=7 finalized>=0 active=6
    dex_continuous_network_test.go:26: CONTINUOUS_DEX_INGRESS expectedHeight=8 bytes=282
    dex_continuous_network_test.go:26: CONTINUOUS_DEX certified>=8 finalized>=0 active=6
    dex_continuous_network_test.go:26: CONTINUOUS_DEX_INGRESS expectedHeight=9 bytes=282
    dex_continuous_network_test.go:26: CONTINUOUS_DEX certified>=9 finalized>=0 active=6
    dex_continuous_network_test.go:26: CONTINUOUS_DEX certified>=9 finalized>=7 active=6
    dex_continuous_network_test.go:26: CONTINUOUS_SOURCE_INTERVAL dex=7 anchor=7 cursor=4 total=225000000000000000000
    dex_continuous_network_test.go:26: CONTINUOUS_DEX_INGRESS expectedHeight=10 bytes=282
    dex_continuous_network_test.go:26: CONTINUOUS_DEX certified>=10 finalized>=0 active=6
    dex_continuous_network_test.go:26: CONTINUOUS_DEX_INGRESS expectedHeight=11 bytes=282
    dex_continuous_network_test.go:26: CONTINUOUS_DEX certified>=11 finalized>=0 active=6
    dex_continuous_network_test.go:26: CONTINUOUS_DEX_INGRESS expectedHeight=12 bytes=282
    dex_continuous_network_test.go:26: CONTINUOUS_DEX certified>=12 finalized>=0 active=6
    dex_continuous_network_test.go:26: CONTINUOUS_DEX_INGRESS expectedHeight=13 bytes=282
    dex_continuous_network_test.go:26: CONTINUOUS_DEX certified>=13 finalized>=0 active=6
    dex_continuous_network_test.go:26: CONTINUOUS_DEX_INGRESS expectedHeight=14 bytes=282
    dex_continuous_network_test.go:26: CONTINUOUS_DEX certified>=14 finalized>=0 active=6
    dex_continuous_network_test.go:26: CONTINUOUS_DEX_INGRESS expectedHeight=15 bytes=282
    dex_continuous_network_test.go:26: CONTINUOUS_DEX certified>=15 finalized>=0 active=6
    dex_continuous_network_test.go:26: CONTINUOUS_PARTICIPATION height=15 period=2 authenticatedParticipants=6
    dex_continuous_network_test.go:26: CONTINUOUS_DEX_INGRESS expectedHeight=16 bytes=2468
    dex_continuous_network_test.go:26: CONTINUOUS_DEX certified>=16 finalized>=0 active=6
    dex_continuous_network_test.go:26: CONTINUOUS_DEX_INGRESS expectedHeight=17 bytes=282
    dex_continuous_network_test.go:26: CONTINUOUS_DEX certified>=17 finalized>=0 active=6
    dex_continuous_economy_test.go:278: CONTINUOUS_DEX certified>=17 finalized>=14 active=6
    dex_continuous_economy_test.go:278: CONTINUOUS_DEX_INGRESS expectedHeight=18 bytes=20876
    dex_continuous_economy_test.go:278: CONTINUOUS_DEX certified>=18 finalized>=0 active=6
    dex_continuous_economy_test.go:278: CONTINUOUS_REWARD_CLOSE period=1 actionHeight=18 packageBytes=20876 participants=6 grace=14
    dex_continuous_economy_test.go:279: CONTINUOUS_DEX_INGRESS expectedHeight=19 bytes=282
    dex_continuous_economy_test.go:279: CONTINUOUS_DEX certified>=19 finalized>=0 active=6
    dex_continuous_economy_test.go:280: CONTINUOUS_DEX_INGRESS expectedHeight=20 bytes=282
    dex_continuous_economy_test.go:280: CONTINUOUS_DEX certified>=20 finalized>=0 active=6
    dex_continuous_economy_test.go:281: CONTINUOUS_DEX certified>=20 finalized>=18 active=6
    dex_continuous_network_test.go:26: CONTINUOUS_CYCLE cycle=1 DEXFinalized=18 CLXAnchor=7 inbox=4 fees=64000000000000000 support=19020000000000000000 total=225000000000000000000 withdrawalReserved=10000000000000000000 rewardReserved=1000000000000000000
    dex_continuous_network_test.go:27: CONTINUOUS_ANCHOR_COST tx=0x0187e1e0027d50ed197559458bb964cfdcb96caf06f17b3f3c4d1d487959ca4f calldata=14860 headers=7 mptNodes=7 mptBytes=1207 gas=12815768
    dex_continuous_network_test.go:27: CONTINUOUS_TX height=9 block=0x2fd1af85ca7b65ffe78c539ef1760568323abac0aad333058967cc299eafb0fe tx=0x0187e1e0027d50ed197559458bb964cfdcb96caf06f17b3f3c4d1d487959ca4f payer=0xE83D19567A7559DA5866908682DF632bbfb4720F nonce=0 op=anchor status=1 gas=12815768 gasAtoms=20505228800000000 commonAtoms=4101045760000000 calldata=14860
    dex_continuous_network_test.go:27: CONTINUOUS_ANCHOR_COST tx=0x1cd133044bf03aa5e133030e20f6a9f9ed5863bdb4fc92702c9dd958d6f64d37 calldata=14860 headers=7 mptNodes=7 mptBytes=1207 gas=12815768
    dex_continuous_network_test.go:27: CONTINUOUS_TX height=10 block=0xb230391aebc83a4a95f92f17926d72ec471851079f1c27f5addc86eeceb74d36 tx=0x1cd133044bf03aa5e133030e20f6a9f9ed5863bdb4fc92702c9dd958d6f64d37 payer=0xfC29a62fC13B5B7996DDD8233608E0FD6a5f4387 nonce=0 op=anchor status=1 gas=12815768 gasAtoms=20505228800000000 commonAtoms=4101045760000000 calldata=14860
    dex_continuous_network_test.go:27: CONTINUOUS_CHECKPOINT sequence=1 hash=20b02f0a6cadd4116db5a3416dcd7aef0e3e15a3161a83acab0055a74b551179 anchor=7/f689b68a324405b2e854883865aaf163a7183c08af7cbb286dc030c2a5a9a308 inbox=0..4 fee=0 rewardFee=0 rewardSupport=0
    dex_continuous_network_test.go:27: CONTINUOUS_TX height=12 block=0xace6e62f4735feaee5cbc93bf7622252dac972c1e0f28f826680898770a5c245 tx=0x79fe2c90c03e7ac290b337caa115dad4fd8633789a94ff2b17f1794627f4338b payer=0xE83D19567A7559DA5866908682DF632bbfb4720F nonce=1 op=checkpoint status=1 gas=12125412 gasAtoms=19400659200000000 commonAtoms=3880131840000000 calldata=2052
    dex_continuous_network_test.go:27: CONTINUOUS_TX height=13 block=0x5816d173537eac56c6bd2071ef87f3ec916b80ec3a1991906f250cee86f8997a tx=0x1552a4f3775bc9a8dfb01b74e76db091045eb016ac791acb1c54d8c2f601693c payer=0xfC29a62fC13B5B7996DDD8233608E0FD6a5f4387 nonce=1 op=checkpoint-replay status=1 gas=12125412 gasAtoms=19400659200000000 commonAtoms=3880131840000000 calldata=2052
    dex_continuous_network_test.go:27: CONTINUOUS_CHECKPOINT sequence=2 hash=904f964b76ec6d5cbb54fb32537fe3516ca209633f6a026a0a40dde42a569eb6 anchor=7/f689b68a324405b2e854883865aaf163a7183c08af7cbb286dc030c2a5a9a308 inbox=4..4 fee=0 rewardFee=0 rewardSupport=0
    dex_continuous_network_test.go:27: CONTINUOUS_TX height=15 block=0x899212f283541725855fa75e43dd35f6aec9a6b463e5f5e8deb96a11f0801245 tx=0x3d208d115be9cd00f30f2b62d8fc0095f50ef0ac635669aa9f430c8d3597140d payer=0xE83D19567A7559DA5866908682DF632bbfb4720F nonce=2 op=checkpoint status=1 gas=12126132 gasAtoms=19401811200000000 commonAtoms=3880362240000000 calldata=2052
    dex_continuous_network_test.go:27: CONTINUOUS_TX height=16 block=0x7dc0d8344abd81b807ea1f8b235f916bb09542069ea0aa4e3229737d82f9a64a tx=0x340a336be9c4b2d507aee9c53783168129dd233592f39d92011f561b3a138975 payer=0xfC29a62fC13B5B7996DDD8233608E0FD6a5f4387 nonce=2 op=checkpoint-replay status=1 gas=12126132 gasAtoms=19401811200000000 commonAtoms=3880362240000000 calldata=2052
    dex_continuous_network_test.go:27: CONTINUOUS_CHECKPOINT sequence=3 hash=bde2ad29ca43de181abf756568a8ed2f22e6ff6263401c002f81c69ccc9cdee2 anchor=7/f689b68a324405b2e854883865aaf163a7183c08af7cbb286dc030c2a5a9a308 inbox=4..4 fee=0 rewardFee=0 rewardSupport=0
    dex_continuous_network_test.go:27: CONTINUOUS_TX height=18 block=0x797d82cb7b1cee8fb626f8b43429e8ccd76111fc9727ba74ae9ee0405c0a3d60 tx=0xef53a8d750df59b477663971e73703d74388eff40f3994dfa111097b91b6093b payer=0xE83D19567A7559DA5866908682DF632bbfb4720F nonce=3 op=checkpoint status=1 gas=12126156 gasAtoms=19401849600000000 commonAtoms=3880369920000000 calldata=2052
    dex_continuous_network_test.go:27: CONTINUOUS_TX height=19 block=0x434553d80118da56264e8e4d815ead8a4ed962223f22e59383f0648c62745c0f tx=0x7b2922fae7d9ca1ba8ebd1d6dccd437b57d0acb271654ac9d1866ea14347c20a payer=0xfC29a62fC13B5B7996DDD8233608E0FD6a5f4387 nonce=3 op=checkpoint-replay status=1 gas=12126156 gasAtoms=19401849600000000 commonAtoms=3880369920000000 calldata=2052
    dex_continuous_network_test.go:27: CONTINUOUS_CHECKPOINT sequence=4 hash=e81744d7c8230b100a92c04ea6f61eb0a1b5899a10be649b03a814240d75b875 anchor=7/f689b68a324405b2e854883865aaf163a7183c08af7cbb286dc030c2a5a9a308 inbox=4..4 fee=0 rewardFee=0 rewardSupport=0
    dex_continuous_network_test.go:27: CONTINUOUS_TX height=21 block=0x937f8e142c77e26bcd7bc157a8c85df2462093c5e7ae6a15734fc76dc6d7ce4d tx=0x11b99258aa2b499c0e503363c0804dcf527260267cab6562deac4a5d410e9eb4 payer=0xfC29a62fC13B5B7996DDD8233608E0FD6a5f4387 nonce=4 op=checkpoint status=1 gas=12153840 gasAtoms=19446144000000000 commonAtoms=3889228800000000 calldata=2574
    dex_continuous_network_test.go:27: CONTINUOUS_TX height=22 block=0xc652fddc27b935db71e0986140da2ebd232d064a3015fff19869ac680c400a84 tx=0x96023f0e35c278915814a261fa7e5d397ee5d5cb44b05f800382c516939f5a6c payer=0xE83D19567A7559DA5866908682DF632bbfb4720F nonce=4 op=checkpoint-replay status=1 gas=12153840 gasAtoms=19446144000000000 commonAtoms=3889228800000000 calldata=2574
    dex_continuous_network_test.go:27: CONTINUOUS_CHECKPOINT sequence=5 hash=36d04fce0470bbdbb231e99692e4aaba43600d242b2748378913a23d410748a6 anchor=7/f689b68a324405b2e854883865aaf163a7183c08af7cbb286dc030c2a5a9a308 inbox=4..4 fee=0 rewardFee=0 rewardSupport=0
    dex_continuous_network_test.go:27: CONTINUOUS_TX height=24 block=0xe0d387bc91fb1a6d2a890435c92af7beec7177766f227d38c36f6b913f85f27c tx=0xd0cb70041fa36bb769708f0c8c37900e28a7123ba95cc459510c33e9406b2103 payer=0xfC29a62fC13B5B7996DDD8233608E0FD6a5f4387 nonce=5 op=checkpoint status=1 gas=12126180 gasAtoms=19401888000000000 commonAtoms=3880377600000000 calldata=2052
    dex_continuous_network_test.go:27: CONTINUOUS_TX height=25 block=0x6d5c3d876bb07838f23fddbee09eb851fe2c5ef67655c7566e3609ff46c05283 tx=0xe059b87b30c5ab23448720513198d4b258754247fe87dd71e15507054e14c8b7 payer=0xE83D19567A7559DA5866908682DF632bbfb4720F nonce=5 op=checkpoint-replay status=1 gas=12126180 gasAtoms=19401888000000000 commonAtoms=3880377600000000 calldata=2052
    dex_continuous_network_test.go:27: CONTINUOUS_CHECKPOINT sequence=6 hash=2f30ccd570f487cfa94f168a198a1f0192b51b20af2e0169b26574dd4db38df8 anchor=7/f689b68a324405b2e854883865aaf163a7183c08af7cbb286dc030c2a5a9a308 inbox=4..4 fee=0 rewardFee=0 rewardSupport=0
    dex_continuous_network_test.go:27: CONTINUOUS_TX height=27 block=0xb6fecad70cd92e8d5b7cd96b416cad5cc724b0ae7843b7f345769741cc462d48 tx=0xc8271c9072cad92d17d511bf799f95621a157e7a0b02ebe64d54ee4cf4309550 payer=0xfC29a62fC13B5B7996DDD8233608E0FD6a5f4387 nonce=6 op=checkpoint status=1 gas=12126168 gasAtoms=19401868800000000 commonAtoms=3880373760000000 calldata=2052
    dex_continuous_network_test.go:27: CONTINUOUS_TX height=28 block=0x4161cf53bae8b72983d4aa8e08f03d5d57f6ba548c8eedbf106bc1fb80335657 tx=0x2a85f90541b9fd7200f4edc3ae5151fe85e564f5c012cd5e1d27537aa6ce1d5f payer=0xE83D19567A7559DA5866908682DF632bbfb4720F nonce=6 op=checkpoint-replay status=1 gas=12126168 gasAtoms=19401868800000000 commonAtoms=3880373760000000 calldata=2052
    dex_continuous_network_test.go:27: CONTINUOUS_CHECKPOINT sequence=7 hash=6b4cea87c5e76cee25a50b3608478ad8c930b6118d0308b0c9d21cc2d0c0333c anchor=7/f689b68a324405b2e854883865aaf163a7183c08af7cbb286dc030c2a5a9a308 inbox=4..4 fee=0 rewardFee=0 rewardSupport=0
    dex_continuous_network_test.go:27: CONTINUOUS_TX height=30 block=0xa1aae6626201087e937148d9b4067e5ab7fd268bb6714744bb18d72322b8eb9b tx=0xee29bea16980fe9ca919773d4a720d143a42aeb561619bbdfb9c84f502f09172 payer=0xfC29a62fC13B5B7996DDD8233608E0FD6a5f4387 nonce=7 op=checkpoint status=1 gas=12126192 gasAtoms=19401907200000000 commonAtoms=3880381440000000 calldata=2052
    dex_continuous_network_test.go:27: CONTINUOUS_TX height=31 block=0x6e597ca3f686ffc31d41937b265c41feb0fe01d982624cac040292798c7d9ffa tx=0x260a2ac5bd411e27fc11ce2fc2882fce6e1446b10cb5353dff1df084d9bb1410 payer=0xE83D19567A7559DA5866908682DF632bbfb4720F nonce=7 op=checkpoint-replay status=1 gas=12126192 gasAtoms=19401907200000000 commonAtoms=3880381440000000 calldata=2052
    dex_continuous_network_test.go:27: CONTINUOUS_CHECKPOINT sequence=8 hash=60faa744a1e36c97b16620779c36e25bc61a5ef44a501cbdcc877bbe7a099abc anchor=7/f689b68a324405b2e854883865aaf163a7183c08af7cbb286dc030c2a5a9a308 inbox=4..4 fee=0 rewardFee=0 rewardSupport=0
    dex_continuous_network_test.go:27: CONTINUOUS_TX height=33 block=0x89a0e8081552130bd5aa030007e818004eb1c327aa2b1415c4c22badcd34df96 tx=0x4b174f94ac257076d4894021f7f722dea4c1ba796706116f78de29d32ea5c2c7 payer=0xfC29a62fC13B5B7996DDD8233608E0FD6a5f4387 nonce=8 op=checkpoint status=1 gas=12126168 gasAtoms=19401868800000000 commonAtoms=3880373760000000 calldata=2052
    dex_continuous_network_test.go:27: CONTINUOUS_TX height=34 block=0x576384cd3c13814c0f48bd9d0a14c47fe8e1972f8dbed788223cc05f660c7705 tx=0x17798c284377dc438d72f16b1ec2ca455dedd42f7c6d80d45c37bb37d6df658b payer=0xE83D19567A7559DA5866908682DF632bbfb4720F nonce=8 op=checkpoint-replay status=1 gas=12126168 gasAtoms=19401868800000000 commonAtoms=3880373760000000 calldata=2052
    dex_continuous_network_test.go:27: CONTINUOUS_CHECKPOINT sequence=9 hash=766aa2b4a5527915d3d88e889bcc143a2883d4a622542a30cef61e90f48fb4f4 anchor=7/f689b68a324405b2e854883865aaf163a7183c08af7cbb286dc030c2a5a9a308 inbox=4..4 fee=40000000000000000 rewardFee=0 rewardSupport=0
    dex_continuous_network_test.go:27: CONTINUOUS_TX height=36 block=0xa23650579b37dbed8be70792e6ac3ee6e4848a52d769fb25fcc5a636be271900 tx=0x9dd114ceafcc6c1889c499e69c719e4cbf02c8bd251c38d89b97f0133de2643a payer=0xE83D19567A7559DA5866908682DF632bbfb4720F nonce=9 op=checkpoint status=1 gas=12126192 gasAtoms=19401907200000000 commonAtoms=3880381440000000 calldata=2052
    dex_continuous_network_test.go:27: CONTINUOUS_TX height=37 block=0xe5ee0cc4dd5f8ce36ac22116b08629a85ace5f60440718ab86009dd449aed26e tx=0x2f1c3e36913cf0b78c1ad81bbd95eed6d126cc1c06d86f9b42b092d9450a44fa payer=0xfC29a62fC13B5B7996DDD8233608E0FD6a5f4387 nonce=9 op=checkpoint-replay status=1 gas=12126192 gasAtoms=19401907200000000 commonAtoms=3880381440000000 calldata=2052
    dex_continuous_network_test.go:27: CONTINUOUS_CHECKPOINT sequence=10 hash=974810b6163e7628646e6c8a6d4dddaf7565af8172d749e3285ae384fc0535b5 anchor=7/f689b68a324405b2e854883865aaf163a7183c08af7cbb286dc030c2a5a9a308 inbox=4..4 fee=0 rewardFee=0 rewardSupport=0
    dex_continuous_network_test.go:27: CONTINUOUS_TX height=39 block=0x25ef89bb4fe62ddf12de381e413d85dcc300d33a966091be9d00234042da65b3 tx=0x844637185f0abec95561e05638f4bfe5c558e05d8122d464acc650e29a01ba0c payer=0xE83D19567A7559DA5866908682DF632bbfb4720F nonce=10 op=checkpoint status=1 gas=12153828 gasAtoms=19446124800000000 commonAtoms=3889224960000000 calldata=2574
    dex_continuous_network_test.go:27: CONTINUOUS_TX height=40 block=0x63c102bae8fc3880c0d9f6eabf8c6ee89cce4754aa312b0933325841b61622b3 tx=0x134953ec6e8b7e9bffa6d3dc3527946941ddf92e0cf1174ac3615b307b9612ec payer=0xfC29a62fC13B5B7996DDD8233608E0FD6a5f4387 nonce=10 op=checkpoint-replay status=1 gas=12153828 gasAtoms=19446124800000000 commonAtoms=3889224960000000 calldata=2574
    dex_continuous_network_test.go:27: CONTINUOUS_CHECKPOINT sequence=11 hash=0e6e15ab00f3d7deb8e29fd0634f24a5b1184ce8d83d5ae32d4418fbbe736e80 anchor=7/f689b68a324405b2e854883865aaf163a7183c08af7cbb286dc030c2a5a9a308 inbox=4..4 fee=0 rewardFee=0 rewardSupport=0
    dex_continuous_network_test.go:27: CONTINUOUS_TX height=42 block=0xb9b639877eb29c46ccf9a5758d224bd49289885c9fc9c44c361f2e8893c8bde7 tx=0x838296829dc015aabf5297f7a0908b48964c362d3f968aa14d99c6edbdf2f76e payer=0xE83D19567A7559DA5866908682DF632bbfb4720F nonce=11 op=checkpoint status=1 gas=12126180 gasAtoms=19401888000000000 commonAtoms=3880377600000000 calldata=2052
    dex_continuous_network_test.go:27: CONTINUOUS_CHECKPOINT sequence=12 hash=aa5510c3b0a0c09eb16026680be0f5e90bdcef3702aac664e69acbe54a303b57 anchor=7/f689b68a324405b2e854883865aaf163a7183c08af7cbb286dc030c2a5a9a308 inbox=4..4 fee=0 rewardFee=0 rewardSupport=0
    dex_continuous_network_test.go:27: CONTINUOUS_TX height=44 block=0xed29795edbf4b1ad2e3603a5e61a07b97da6d9721b6867e8b8c01db8a4a56a02 tx=0x6ad9edeca781ad869b31cd3405128e949edefaf591b10a3abc0d28b278d153bf payer=0xfC29a62fC13B5B7996DDD8233608E0FD6a5f4387 nonce=11 op=checkpoint status=1 gas=12126180 gasAtoms=19401888000000000 commonAtoms=3880377600000000 calldata=2052
    dex_continuous_network_test.go:27: CONTINUOUS_CHECKPOINT sequence=13 hash=abe968175a65543c56cb6997a67ab05db6aac57113886dc9aabb59637c78efc1 anchor=7/f689b68a324405b2e854883865aaf163a7183c08af7cbb286dc030c2a5a9a308 inbox=4..4 fee=44000000000000000 rewardFee=0 rewardSupport=0
    dex_continuous_network_test.go:27: CONTINUOUS_TX height=46 block=0xcfd0a919a699f4b33cab66a8cfdb44fe08f99ea009b64307b90d2d9cc6cc27be tx=0xad1666e0612c29b507f751d841d5145997a6477bf6e808655ae0300df4e2d650 payer=0xfC29a62fC13B5B7996DDD8233608E0FD6a5f4387 nonce=12 op=checkpoint status=1 gas=12126252 gasAtoms=19402003200000000 commonAtoms=3880400640000000 calldata=2052
    dex_continuous_network_test.go:27: CONTINUOUS_TX height=47 block=0xbc75cef34ebc380b79903b3c56d8edc38b4615f2d8415eea6413a644d0ac4d54 tx=0xa60b6e19cf72ab9c2067b0d4cc98aa28a72f009989f9e4c0bb22d300969b4989 payer=0xE83D19567A7559DA5866908682DF632bbfb4720F nonce=12 op=checkpoint-replay status=1 gas=12126252 gasAtoms=19402003200000000 commonAtoms=3880400640000000 calldata=2052
    dex_continuous_network_test.go:27: CONTINUOUS_CHECKPOINT sequence=14 hash=4498b68638e12f39b594be7d62bdb80afc70d63a279e2c798b2570bd671f6102 anchor=7/f689b68a324405b2e854883865aaf163a7183c08af7cbb286dc030c2a5a9a308 inbox=4..4 fee=0 rewardFee=0 rewardSupport=0
    dex_continuous_network_test.go:27: CONTINUOUS_TX height=49 block=0xb74c99504d8ed80807d97a91c105e14f1a92aacd7a7a4b1175b9a9bd41109e01 tx=0x842ed133a4f777bd4ebd664ada9a7c244a5c7b0d0931ba559adbdc544f89888f payer=0xfC29a62fC13B5B7996DDD8233608E0FD6a5f4387 nonce=13 op=checkpoint status=1 gas=12126720 gasAtoms=19402752000000000 commonAtoms=3880550400000000 calldata=2052
    dex_continuous_network_test.go:27: CONTINUOUS_TX height=50 block=0x080a2b96571f66c1dfd708238a575d5c7a744c43e1690f4d36a9161186cf5a8e tx=0x26cbe1f5335210e17066572f967d6e8b1dd4a9139ffb0246084aeba6682efe96 payer=0xE83D19567A7559DA5866908682DF632bbfb4720F nonce=13 op=checkpoint-replay status=1 gas=12126720 gasAtoms=19402752000000000 commonAtoms=3880550400000000 calldata=2052
    dex_continuous_network_test.go:27: CONTINUOUS_CHECKPOINT sequence=15 hash=28e59dbed0ec0240fda9869e35bd8c89ce90183c64a5b430cc7d2ba453b275ee anchor=7/f689b68a324405b2e854883865aaf163a7183c08af7cbb286dc030c2a5a9a308 inbox=4..4 fee=0 rewardFee=0 rewardSupport=0
    dex_continuous_network_test.go:27: CONTINUOUS_TX height=52 block=0x6293351c207894c92e980026ab0f795ba434447f13bb52f3889b3a70c215b510 tx=0xd8597bba9ccf636eda9f639d95af42d982f823a1ccd1da3d6f0dfaf338335a22 payer=0xfC29a62fC13B5B7996DDD8233608E0FD6a5f4387 nonce=14 op=checkpoint status=1 gas=12126192 gasAtoms=19401907200000000 commonAtoms=3880381440000000 calldata=2052
    dex_continuous_network_test.go:27: CONTINUOUS_TX height=53 block=0x0ceb106c1f67e9cf3b2ded282cae2f7d45ede1e4bc914c686a099c41500377d4 tx=0x3200d82f801237269492cfbd4d2af927b6441e5c08aa896691f122d2922dafba payer=0xE83D19567A7559DA5866908682DF632bbfb4720F nonce=14 op=checkpoint-replay status=1 gas=12126192 gasAtoms=19401907200000000 commonAtoms=3880381440000000 calldata=2052
    dex_continuous_network_test.go:27: CONTINUOUS_CHECKPOINT sequence=16 hash=c3c159ac55b53e4f332aceec0aec1c8fd75ae7de112e6e6b480c550b2a88af23 anchor=7/f689b68a324405b2e854883865aaf163a7183c08af7cbb286dc030c2a5a9a308 inbox=4..4 fee=0 rewardFee=0 rewardSupport=0
    dex_continuous_network_test.go:27: CONTINUOUS_TX height=55 block=0xfb14adadf14195ab8b16e9cb732cf41346e7decc27606d0b51185b8cf1aaa13e tx=0xe1a6707eb6a84d9c7413311c913f0d7153aa664e2fb4050f2a51f4df9ce38a59 payer=0xfC29a62fC13B5B7996DDD8233608E0FD6a5f4387 nonce=15 op=checkpoint status=1 gas=12153876 gasAtoms=19446201600000000 commonAtoms=3889240320000000 calldata=2574
    dex_continuous_network_test.go:27: CONTINUOUS_TX height=56 block=0xb1ae4b8cd99f11966a4bb7b5004776e37bc33a083019e649b2c9b16b69a63519 tx=0xaa57810d75d09b7dd685cfd6bdef7c87593b75a67d904ccab7c60def199ffc96 payer=0xE83D19567A7559DA5866908682DF632bbfb4720F nonce=15 op=checkpoint-replay status=1 gas=12153876 gasAtoms=19446201600000000 commonAtoms=3889240320000000 calldata=2574
    dex_continuous_network_test.go:27: CONTINUOUS_CHECKPOINT sequence=17 hash=a5a008b6ce57788310850d982e02d9855372ae06aff3f80f467f633a408b7f35 anchor=7/f689b68a324405b2e854883865aaf163a7183c08af7cbb286dc030c2a5a9a308 inbox=4..4 fee=0 rewardFee=0 rewardSupport=0
    dex_continuous_network_test.go:27: CONTINUOUS_TX height=58 block=0x1bcc5a5a35bb3764a7821e1ee5ffef2cd846555b08896c699afadae73d13ca61 tx=0x2290627dcb59404fafca2f4ff0e2ea36688e63c011e3fcebb0dcb757e7e29ba0 payer=0xfC29a62fC13B5B7996DDD8233608E0FD6a5f4387 nonce=16 op=checkpoint status=1 gas=12126192 gasAtoms=19401907200000000 commonAtoms=3880381440000000 calldata=2052
    dex_continuous_network_test.go:27: CONTINUOUS_TX height=60 block=0xaa806b9054c2824815302fceb96d0575cd5f4a7cbff83995251fb116e846a953 tx=0xd845556685ded8540a34edf94dba763b06929c1f72620419f85f97d70a0dee5a payer=0xE83D19567A7559DA5866908682DF632bbfb4720F nonce=16 op=checkpoint-replay status=1 gas=12126192 gasAtoms=19401907200000000 commonAtoms=3880381440000000 calldata=2052
    dex_continuous_network_test.go:27: CONTINUOUS_CHECKPOINT sequence=18 hash=0c1ea1f5cbe9646189af871b7ff455ed2b3712ea50692abbe583dc34f29c9c91 anchor=7/f689b68a324405b2e854883865aaf163a7183c08af7cbb286dc030c2a5a9a308 inbox=4..4 fee=0 rewardFee=20000000000000000 rewardSupport=980000000000000000
    dex_continuous_network_test.go:27: CONTINUOUS_TX height=62 block=0xcffefa056b9bb5b33e18941a53cb6690d42315633e63cf75e4cb118662c9fabd tx=0xef3a27935da5b1acf97f7053e5fb75647840d55dc8dbf7e33e4ad65aae2c2144 payer=0xfC29a62fC13B5B7996DDD8233608E0FD6a5f4387 nonce=17 op=checkpoint status=1 gas=12127212 gasAtoms=19403539200000000 commonAtoms=3880707840000000 calldata=2052
    dex_continuous_network_test.go:27: CONTINUOUS_ETH_SOURCE height=62 hash=0xcffefa056b9bb5b33e18941a53cb6690d42315633e63cf75e4cb118662c9fabd root=0x5029822f6306953a0a7d617c4e3ded3fbc4f3490ad35494e992dabe31ca2b021 normalFollow=true
    dex_continuous_network_test.go:27: NATIVE_BALANCE height=62 account=0x000000000000000000000000000000000000B123 initial=123 final=136655522560000123 delta=136655522560000000
    dex_continuous_network_test.go:27: NATIVE_BALANCE height=62 account=0x0000000000000000000000000000000000De0001 initial=0 final=225000000000000000000 delta=225000000000000000000
    dex_continuous_network_test.go:27: NATIVE_BALANCE height=62 account=0x3A029B6be84C45f863Efc95dcA8121080A0E2DdD initial=1000000000000000000000 final=899999565440000000000 delta=-100000434560000000000
    dex_continuous_network_test.go:27: NATIVE_BALANCE height=62 account=0x8688DB19CBE86b49F8b1A5caAC45b12Ed478d8F6 initial=1000000000000000000000 final=974999130880000000000 delta=-25000869120000000000
    dex_continuous_network_test.go:27: NATIVE_BALANCE height=62 account=0xAc72b470199948aF1189AF86381404929808Fc82 initial=1000000000000000000000 final=899999565440000000000 delta=-100000434560000000000
    dex_continuous_network_test.go:27: NATIVE_BALANCE height=62 account=0xE83D19567A7559DA5866908682DF632bbfb4720F initial=1000000000000000000000 final=999668932083200000000 delta=-331067916800000000
    dex_continuous_network_test.go:27: NATIVE_BALANCE height=62 account=0xe16C56D1Fe7564f2EE4Bb309d57c9B9aa62F2f7f initial=77 final=77 delta=0
    dex_continuous_network_test.go:27: NATIVE_BALANCE height=62 account=0xeE3BaacE4C8Be51181e8065585DceF36f4Ea355B initial=1000000000000000000000000000 final=1000000000000000000000000000 delta=0
    dex_continuous_network_test.go:27: NATIVE_BALANCE height=62 account=0xfC29a62fC13B5B7996DDD8233608E0FD6a5f4387 initial=1000000000000000000000 final=999649528544000000000 delta=-350471456000000000
    dex_continuous_network_test.go:27: NATIVE_LEDGER_RECONCILED height=62 custody=225000000000000000000 gas=683277612800000000 commonReward=136655522560000000 burn=546622090240000000 accounts=9 engine=0/0/0
    dex_continuous_network_test.go:27: CONTINUOUS_BUCKET key=F atoms=64000000000000000
    dex_continuous_network_test.go:27: CONTINUOUS_BUCKET key=I atoms=5000000000000000000
    dex_continuous_network_test.go:27: CONTINUOUS_BUCKET key=R atoms=1000000000000000000
    dex_continuous_network_test.go:27: CONTINUOUS_BUCKET key=S atoms=19020000000000000000
    dex_continuous_network_test.go:27: CONTINUOUS_BUCKET key=T atoms=189916000000000000000
    dex_continuous_network_test.go:27: CONTINUOUS_BUCKET key=U atoms=0
    dex_continuous_network_test.go:27: CONTINUOUS_BUCKET key=W atoms=10000000000000000000
    dex_continuous_network_test.go:27: CONTINUOUS_BUCKET key=Z atoms=0
    dex_continuous_network_test.go:27: CONTINUOUS_LIMITS maxCalldata=14860 maxHeaders=7 maxMPTNodes=7 maxMPTBytes=1207 operationCounts=map[anchor:2 checkpoint:18 checkpoint-replay:15 funding-1:2 funding-2:1 funding-3:1]
    dex_continuous_network_test.go:27: CONTINUOUS_SETTLED DEXSequence=18 CLXAccepted=18 CLXHeight=62 root=0x5029822f6306953a0a7d617c4e3ded3fbc4f3490ad35494e992dabe31ca2b021 custody=225000000000000000000
    dex_continuous_network_test.go:32: NORMAL_FINANCIAL_ROLES index=6 CommonPID=1046901 DEXSidecarPID=1046925 api=127.0.0.8:38761 pow=false rpcReward=false
    dex_continuous_network_test.go:32: CONTINUOUS_COMMON_PEER index=6 parentPID=1046901 initialConnection=true forcedHeadRefresh=false
    dex_continuous_network_test.go:32: CONTINUOUS_DEX certified>=20 finalized>=19 active=7
    dex_continuous_network_test.go:32: CONTINUOUS_SEVENTH_JOIN finalized=19 certified=20 snapshotBytes=350592 root=25f3bf35037a331b876da0c9e8508056aa5845e6fc487b8fd9f8fe2ed9ff7032 cursor=4 committedCertificates=6 ownVoteKey=true freshOwnWAL=true importedPeerSafety=false
    dex_continuous_network_test.go:33: CONTINUOUS_RELAY_PAUSE index=0 pid=1046568 hard=true sourceAnchor=68 CLXAccepted=18 jobs=27 counts=map[complete:20 submitted:1 waiting:6]
    dex_continuous_network_test.go:33: CONTINUOUS_RELAY_PAUSE index=1 pid=1046569 hard=true sourceAnchor=68 CLXAccepted=18 jobs=27 counts=map[complete:20 submitted:1 waiting:6]
    dex_continuous_network_test.go:34: CONTINUOUS_TX height=64 block=0xdf6b05979ccb8a953156f0ece068aa464fd8b21c8814e0d25a8a9d44dab75bb6 tx=0x945cfdfbe49bf64148203345dbbe633548394ac5fe04fb264141eae47ff3af8b payer=0xE83D19567A7559DA5866908682DF632bbfb4720F nonce=17 op=checkpoint-replay status=1 gas=12127212 gasAtoms=19403539200000000 commonAtoms=3880707840000000 calldata=2052
    dex_continuous_network_test.go:34: CONTINUOUS_CLAIM id=a8dbc41525ca119a6cfee2bc040598afced2904b635307ae88de970f62316b01 seq=18 recipient=a73604c6a86a2c2c9df353da8d92719bd07a4a10 amount=166666666666666667 kind=2
    dex_continuous_network_test.go:34: CONTINUOUS_TX height=66 block=0x0edc9c1798e296539a0e264c2ccb0e3e0cc19f010511a8fe644009f8964a77fa tx=0xb050a8d76bebd41dc5ded338a7ab50351b0494164b5b5ec39fdef53e818362e1 payer=0xfC29a62fC13B5B7996DDD8233608E0FD6a5f4387 nonce=18 op=claim status=1 gas=390144 gasAtoms=624230400000000 commonAtoms=124846080000000 calldata=356
    dex_continuous_network_test.go:34: CONTINUOUS_TX height=68 block=0x6fb062d7073073b6c8fbe369239c9962fc5f62497bd3dd3903f4ea1aa820f203 tx=0x4753dadca3a6caee18763a2c554b3a11bdb50f7e4c89e399fc61b3e4c27b0fd1 payer=0xE83D19567A7559DA5866908682DF632bbfb4720F nonce=18 op=claim-replay status=1 gas=390144 gasAtoms=624230400000000 commonAtoms=124846080000000 calldata=356
    dex_continuous_network_test.go:34: CONTINUOUS_ETH_SOURCE height=68 hash=0x6fb062d7073073b6c8fbe369239c9962fc5f62497bd3dd3903f4ea1aa820f203 root=0x2cb990f16634c0faa611361cc70f3af2c6b6646c33361fc1f4fa9d20d2502122 normalFollow=true
    dex_continuous_network_test.go:34: CONTINUOUS_INTERVAL label=second-deposit-boundary-relays-down before=68 after=68 ordinarySignedTransfers=0 custodyBefore=224833333333333333333 custodyAfter=224833333333333333333
    dex_continuous_network_test.go:35: CONTINUOUS_USER_RPC_ACK tx=0x69e64fed0138395285ca8f5abc070f7290054d5f53f8ab4d87ad4779e8114e70 nonce=1
    dex_continuous_network_test.go:35: CONTINUOUS_TX height=70 block=0x7206e28aa01834c62a8988f6905c2d0751400b092e7712cb418e5856cc860ed3 tx=0x69e64fed0138395285ca8f5abc070f7290054d5f53f8ab4d87ad4779e8114e70 payer=0x3A029B6be84C45f863Efc95dcA8121080A0E2DdD nonce=1 op=funding-1 status=1 gas=271600 gasAtoms=434560000000000 commonAtoms=86912000000000 calldata=12
    dex_continuous_network_test.go:35: CONTINUOUS_ETH_SOURCE height=70 hash=0x7206e28aa01834c62a8988f6905c2d0751400b092e7712cb418e5856cc860ed3 root=0x1b53491550fef9c21bc8eed50f86d89780860af7fb67e6885efe27d05eec1575 normalFollow=true
    dex_continuous_network_test.go:35: CONTINUOUS_USER_RPC_ACK tx=0x0278cec693d0fc96bb498c018a3bdc785006ad75bbadec03f82f7adf29835bd0 nonce=1
    dex_continuous_network_test.go:35: CONTINUOUS_TX height=72 block=0x85874884f72e83f721ab5644f3a1dbf80a156fc25f59f569bd6b975e741f80df tx=0x0278cec693d0fc96bb498c018a3bdc785006ad75bbadec03f82f7adf29835bd0 payer=0xAc72b470199948aF1189AF86381404929808Fc82 nonce=1 op=funding-1 status=1 gas=271600 gasAtoms=434560000000000 commonAtoms=86912000000000 calldata=12
    dex_continuous_network_test.go:35: CONTINUOUS_ETH_SOURCE height=72 hash=0x85874884f72e83f721ab5644f3a1dbf80a156fc25f59f569bd6b975e741f80df root=0xb58a780612ace0d443103c2c1286f79807360d051ed93cecba740c9090eef0c6 normalFollow=true
    dex_continuous_network_test.go:36: CONTINUOUS_RELAY_COLD_REOPEN index=0 oldPID=1046568 newPID=1046974 sameStore=/tmp/TestFHSNativeContinuousOrdinaryCLI252306699/001/relay-0 deferredRecipients=1
    dex_continuous_network_test.go:36: CONTINUOUS_RELAY_COLD_REOPEN index=1 oldPID=1046569 newPID=1046975 sameStore=/tmp/TestFHSNativeContinuousOrdinaryCLI252306699/001/relay-1 deferredRecipients=1
    dex_continuous_network_test.go:37: CONTINUOUS_DEX certified>=21 finalized>=0 active=7
    dex_continuous_network_test.go:37: CONTINUOUS_DEX_INGRESS expectedHeight=22 bytes=282
    dex_continuous_network_test.go:37: CONTINUOUS_DEX certified>=22 finalized>=0 active=7
    dex_continuous_network_test.go:37: continuous DEX deadline certified=23 finalized=0 statuses=[{State:active Certified:22 Finalized:19 PendingTransport:0 Error:} {State:active Certified:22 Finalized:19 PendingTransport:2 Error:} {State:active Certified:22 Finalized:19 PendingTransport:0 Error:} {State:active Certified:22 Finalized:19 PendingTransport:0 Error:} {State:active Certified:22 Finalized:19 PendingTransport:0 Error:} {State:active Certified:22 Finalized:19 PendingTransport:0 Error:} {State:active Certified:22 Finalized:19 PendingTransport:0 Error:}] relay=[{Version:1 Devnet:true Authenticated:{SourceAnchor:{Version:1 ChainID:10101919 Genesis:[45 248 117 172 138 78 135 249 63 13 110 167 124 118 243 200 197 99 164 16 52 19 37 77 29 31 177 137 39 194 157 236] DEXID:[44 164 121 142 126 190 33 185 33 155 126 222 246 225 246 157 69 119 10 104 181 63 134 207 76 240 149 254 88 238 140 4] Custody:[0 0 0 0 0 0 0 0 0 0 0 0 0 0 0 0 0 222 0 1] Height:92 BlockHash:[234 225 108 80 17 249 230 11 72 167 223 171 177 165 235 54 95 199 119 91 115 193 1 196 252 178 164 235 109 17 113 78] StateRoot:[59 0 72 49 185 50 37 24 103 208 0 97 29 18 96 131 53 222 32 151 98 245 224 135 110 139 193 235 96 68 210 123] SourceKeyHash:[57 50 73 49 241 81 88 181 162 177 207 220 147 251 33 102 155 104 76 10 73 45 70 113 143 146 82 187 114 228 138 183] SourceCommittee:[79 178 219 135 253 119 26 92 81 158 189 79 137 151 35 0 154 72 29 29 233 61 80 246 146 245 14 128 126 214 65 79] SourceEpoch:1 InboxCount:6} DEXSequence:19 CLXSequence:19 CLXSequenceVerified:true} Counts:map[complete:27 waiting:1] TotalJobs:28 JobsTruncated:false Jobs:[{ID:[2 170 191 75 23 201 83 112 176 203 73 132 56 105 29 198 163 231 128 209 140 180 231 238 167 16 248 205 56 208 166 249] Lane:2 Phase:complete Nonce:0 Reserved:false TXHash:[0 0 0 0 0 0 0 0 0 0 0 0 0 0 0 0 0 0 0 0 0 0 0 0 0 0 0 0 0 0 0 0] Sends:2 RPCAckObserved:false LastError:} {ID:[80 128 53 24 92 227 209 192 7 220 93 92 187 63 108 143 153 18 84 62 2 116 116 209 104 131 149 8 195 183 4 221] Lane:1 Phase:complete Nonce:0 Reserved:true TXHash:[28 209 51 4 75 240 58 165 225 51 3 14 32 246 169 249 237 88 99 189 180 252 146 112 44 157 217 88 214 246 77 55] Sends:1 RPCAckObserved:true LastError:} {ID:[249 59 100 7 183 220 55 46 46 129 172 132 93 142 219 104 229 92 134 200 164 191 82 243 89 170 65 165 120 53 206 106] Lane:3 Phase:complete Nonce:1 Reserved:true TXHash:[21 82 164 243 119 91 201 168 223 176 27 116 231 109 176 145 4 94 176 22 172 121 26 203 28 84 216 194 246 1 105 60] Sends:1 RPCAckObserved:true LastError:} {ID:[189 115 69 101 26 120 116 44 35 88 64 52 76 48 53 245 89 67 157 39 57 239 40 4 190 52 26 3 67 225 50 26] Lane:3 Phase:complete Nonce:2 Reserved:true TXHash:[52 10 51 107 233 196 178 213 7 174 233 197 55 131 22 129 41 221 35 53 146 243 157 146 1 31 86 27 58 19 137 117] Sends:1 RPCAckObserved:true LastError:} {ID:[239 97 121 218 41 231 239 25 151 13 190 68 40 38 218 191 216 22 64 74 42 94 129 3 154 54 222 3 113 249 248 182] Lane:3 Phase:complete Nonce:3 Reserved:true TXHash:[123 41 34 250 231 217 202 27 168 235 209 214 220 205 67 123 87 208 172 178 113 101 74 201 209 134 110 161 67 71 194 10] Sends:1 RPCAckObserved:true LastError:} {ID:[234 247 228 156 15 80 138 115 123 1 123 119 244 141 146 217 148 216 23 94 68 198 10 64 92 120 183 151 80 187 115 21] Lane:3 Phase:complete Nonce:4 Reserved:true TXHash:[17 185 146 88 170 43 73 156 14 80 51 99 192 128 77 207 82 114 96 38 124 171 101 98 222 172 74 93 65 14 158 180] Sends:1 RPCAckObserved:true LastError:} {ID:[172 90 172 144 87 41 3 245 131 203 111 129 24 94 159 193 241 52 100 222 182 104 133 49 65 160 171 156 213 28 15 12] Lane:3 Phase:complete Nonce:5 Reserved:true TXHash:[208 203 112 4 31 163 107 183 105 112 143 12 140 55 144 14 40 167 18 59 169 92 196 89 81 12 51 233 64 107 33 3] Sends:1 RPCAckObserved:true LastError:} {ID:[244 239 77 248 105 26 158 98 129 3 148 71 254 88 166 241 225 253 176 72 70 89 203 195 61 141 131 146 193 123 249 118] Lane:3 Phase:complete Nonce:6 Reserved:true TXHash:[200 39 28 144 114 202 217 45 23 213 17 191 121 159 149 98 26 21 126 122 11 2 235 230 77 84 238 76 244 48 149 80] Sends:1 RPCAckObserved:true LastError:} {ID:[249 65 193 19 9 255 236 222 83 139 175 5 46 241 240 154 52 243 80 144 21 108 15 216 131 127 126 239 58 159 30 176] Lane:3 Phase:complete Nonce:7 Reserved:true TXHash:[238 41 190 161 105 128 254 156 169 25 119 61 74 114 13 20 58 66 174 181 97 97 155 189 251 156 132 245 2 240 145 114] Sends:1 RPCAckObserved:true LastError:} {ID:[244 235 114 74 69 135 59 210 145 220 99 141 106 137 139 28 206 27 197 195 11 20 88 174 20 126 153 65 70 109 154 156] Lane:3 Phase:complete Nonce:8 Reserved:true TXHash:[75 23 79 148 172 37 112 118 212 137 64 33 247 247 34 222 164 193 186 121 103 6 17 111 120 222 41 211 46 165 194 199] Sends:1 RPCAckObserved:true LastError:} {ID:[129 49 213 209 200 114 138 213 212 242 153 18 35 65 219 184 56 171 133 2 231 248 57 239 236 178 170 227 201 222 236 165] Lane:3 Phase:complete Nonce:9 Reserved:true TXHash:[47 28 62 54 145 60 240 183 140 26 216 27 189 149 238 214 209 38 204 28 6 216 111 155 66 176 146 217 69 10 68 250] Sends:1 RPCAckObserved:true LastError:} {ID:[94 143 153 12 18 208 186 71 227 236 7 197 66 128 144 214 38 132 33 196 81 124 61 15 31 128 254 167 13 217 220 179] Lane:3 Phase:complete Nonce:10 Reserved:true TXHash:[19 73 83 236 110 139 126 155 255 166 211 220 53 39 148 105 65 221 249 46 12 241 23 74 195 97 91 48 123 150 18 236] Sends:1 RPCAckObserved:true LastError:} {ID:[234 126 79 199 233 193 189 206 196 189 151 50 56 80 231 84 129 138 151 15 196 73 248 209 139 54 35 121 210 11 110 44] Lane:3 Phase:complete Nonce:0 Reserved:false TXHash:[0 0 0 0 0 0 0 0 0 0 0 0 0 0 0 0 0 0 0 0 0 0 0 0 0 0 0 0 0 0 0 0] Sends:0 RPCAckObserved:false LastError:} {ID:[142 131 86 18 234 163 212 40 99 23 98 127 124 71 177 110 85 35 210 68 101 134 144 83 157 38 32 125 4 120 174 209] Lane:3 Phase:complete Nonce:11 Reserved:true TXHash:[106 217 237 236 167 129 173 134 155 49 205 52 5 18 142 148 158 222 250 245 145 177 10 58 188 13 40 178 120 209 83 191] Sends:1 RPCAckObserved:true LastError:} {ID:[158 14 191 109 95 180 18 227 59 218 245 110 163 226 229 90 163 1 226 24 185 199 188 154 143 151 163 16 62 86 20 37] Lane:3 Phase:complete Nonce:12 Reserved:true TXHash:[173 22 102 224 97 44 41 181 7 247 81 216 65 213 20 89 151 166 71 123 246 232 8 101 90 224 48 13 244 226 214 80] Sends:1 RPCAckObserved:true LastError:} {ID:[35 229 54 107 50 20 152 170 2 94 137 170 251 128 102 136 172 209 144 31 179 7 27 139 146 95 221 76 22 29 223 47] Lane:3 Phase:complete Nonce:13 Reserved:true TXHash:[132 46 209 51 164 247 119 189 78 189 102 74 218 154 124 36 74 92 123 13 9 49 186 85 154 219 220 84 79 137 136 143] Sends:1 RPCAckObserved:true LastError:} {ID:[118 102 114 19 201 126 150 178 102 16 111 228 209 145 61 1 64 154 14 246 76 55 20 221 74 30 146 206 144 102 253 228] Lane:3 Phase:complete Nonce:14 Reserved:true TXHash:[216 89 123 186 156 207 99 110 218 159 99 157 149 175 66 217 130 248 35 161 204 209 218 61 111 13 250 243 56 51 90 34] Sends:1 RPCAckObserved:true LastError:} {ID:[198 167 241 47 43 238 109 205 148 231 27 213 22 220 177 207 124 215 84 11 249 168 119 165 103 47 34 177 230 124 62 112] Lane:3 Phase:complete Nonce:15 Reserved:true TXHash:[225 166 112 126 182 168 77 156 116 19 49 28 145 63 13 113 83 170 102 78 47 180 5 15 42 81 244 223 156 227 138 89] Sends:1 RPCAckObserved:true LastError:} {ID:[18 53 156 146 164 36 187 56 201 25 94 20 239 163 5 19 52 162 81 239 61 130 168 225 155 108 39 2 37 54 98 48] Lane:3 Phase:complete Nonce:16 Reserved:true TXHash:[34 144 98 125 203 89 64 79 175 202 47 79 240 226 234 54 104 142 99 192 17 227 252 235 176 220 183 87 231 226 155 160] Sends:1 RPCAckObserved:true LastError:} {ID:[3 81 154 205 25 235 22 190 25 55 204 185 139 118 8 223 202 71 167 36 7 34 3 28 77 90 89 115 107 146 242 23] Lane:3 Phase:complete Nonce:17 Reserved:true TXHash:[239 58 39 147 93 165 177 172 249 127 112 83 229 251 117 100 120 64 213 93 200 219 247 227 62 74 214 90 174 44 33 68] Sends:1 RPCAckObserved:true LastError:} {ID:[242 229 159 151 77 25 166 5 199 83 156 235 109 32 122 146 107 20 215 184 90 196 34 13 55 181 212 143 207 146 42 161] Lane:4 Phase:complete Nonce:20 Reserved:true TXHash:[87 54 16 212 238 232 126 97 126 71 159 201 209 18 17 48 130 195 157 109 31 225 201 77 128 140 89 168 220 30 114 125] Sends:1 RPCAckObserved:true LastError:} {ID:[242 155 125 45 13 31 160 223 42 245 238 153 95 190 217 144 121 58 27 164 164 106 210 186 179 90 76 248 223 47 141 200] Lane:4 Phase:complete Nonce:21 Reserved:true TXHash:[165 47 169 22 146 42 184 207 124 193 128 128 183 253 10 57 115 231 103 140 85 133 234 134 208 80 249 71 66 7 224 36] Sends:1 RPCAckObserved:true LastError:} {ID:[203 146 190 180 232 115 233 165 209 113 110 121 114 79 72 160 10 161 23 72 78 200 176 243 54 66 161 15 187 186 139 178] Lane:4 Phase:complete Nonce:22 Reserved:true TXHash:[173 183 86 104 220 159 154 217 228 178 31 57 181 62 222 154 18 244 192 80 107 23 208 215 55 31 24 121 67 174 38 141] Sends:1 RPCAckObserved:true LastError:} {ID:[94 77 54 76 138 4 54 106 98 123 103 248 75 213 72 222 21 245 240 138 247 143 153 138 66 89 34 64 52 92 57 7] Lane:4 Phase:complete Nonce:18 Reserved:true TXHash:[176 80 168 215 107 235 212 29 197 222 211 56 167 171 80 53 27 4 148 22 75 91 94 195 159 222 245 62 129 131 98 225] Sends:1 RPCAckObserved:true LastError:} {ID:[155 129 207 236 109 19 1 57 224 133 25 49 68 249 164 66 214 105 137 43 111 52 49 185 140 189 67 116 49 107 238 80] Lane:4 Phase:complete Nonce:19 Reserved:true TXHash:[225 87 194 153 28 109 198 135 181 18 63 120 251 210 154 65 134 109 54 125 86 154 171 223 47 136 40 234 199 98 23 70] Sends:1 RPCAckObserved:true LastError:} {ID:[151 37 183 254 247 31 63 236 230 245 51 146 4 127 161 41 56 94 112 179 187 24 6 176 16 142 39 92 19 152 128 208] Lane:4 Phase:complete Nonce:0 Reserved:false TXHash:[0 0 0 0 0 0 0 0 0 0 0 0 0 0 0 0 0 0 0 0 0 0 0 0 0 0 0 0 0 0 0 0] Sends:0 RPCAckObserved:false LastError:} {ID:[101 79 53 180 13 88 187 150 3 102 28 99 247 38 244 239 196 11 217 205 65 210 104 219 78 126 133 89 24 13 84 186] Lane:3 Phase:complete Nonce:23 Reserved:true TXHash:[19 141 100 121 167 224 225 118 208 246 115 91 118 171 232 161 182 53 49 50 239 120 112 55 57 184 243 34 82 87 219 0] Sends:1 RPCAckObserved:true LastError:} {ID:[47 241 21 111 86 17 0 114 113 22 108 245 78 171 89 144 129 53 122 52 207 217 168 134 48 2 240 20 185 160 10 42] Lane:2 Phase:waiting Nonce:0 Reserved:false TXHash:[0 0 0 0 0 0 0 0 0 0 0 0 0 0 0 0 0 0 0 0 0 0 0 0 0 0 0 0 0 0 0 0] Sends:45 RPCAckObserved:false LastError:relay HTTP unavailable status=400}] DiscoveryError:authenticated CLX source data unavailable StepError:relay HTTP unavailable status=400} {Version:1 Devnet:true Authenticated:{SourceAnchor:{Version:1 ChainID:10101919 Genesis:[45 248 117 172 138 78 135 249 63 13 110 167 124 118 243 200 197 99 164 16 52 19 37 77 29 31 177 137 39 194 157 236] DEXID:[44 164 121 142 126 190 33 185 33 155 126 222 246 225 246 157 69 119 10 104 181 63 134 207 76 240 149 254 88 238 140 4] Custody:[0 0 0 0 0 0 0 0 0 0 0 0 0 0 0 0 0 222 0 1] Height:92 BlockHash:[234 225 108 80 17 249 230 11 72 167 223 171 177 165 235 54 95 199 119 91 115 193 1 196 252 178 164 235 109 17 113 78] StateRoot:[59 0 72 49 185 50 37 24 103 208 0 97 29 18 96 131 53 222 32 151 98 245 224 135 110 139 193 235 96 68 210 123] SourceKeyHash:[57 50 73 49 241 81 88 181 162 177 207 220 147 251 33 102 155 104 76 10 73 45 70 113 143 146 82 187 114 228 138 183] SourceCommittee:[79 178 219 135 253 119 26 92 81 158 189 79 137 151 35 0 154 72 29 29 233 61 80 246 146 245 14 128 126 214 65 79] SourceEpoch:1 InboxCount:6} DEXSequence:19 CLXSequence:19 CLXSequenceVerified:true} Counts:map[complete:27 waiting:1] TotalJobs:28 JobsTruncated:false Jobs:[{ID:[2 170 191 75 23 201 83 112 176 203 73 132 56 105 29 198 163 231 128 209 140 180 231 238 167 16 248 205 56 208 166 249] Lane:2 Phase:complete Nonce:0 Reserved:false TXHash:[0 0 0 0 0 0 0 0 0 0 0 0 0 0 0 0 0 0 0 0 0 0 0 0 0 0 0 0 0 0 0 0] Sends:2 RPCAckObserved:false LastError:} {ID:[80 128 53 24 92 227 209 192 7 220 93 92 187 63 108 143 153 18 84 62 2 116 116 209 104 131 149 8 195 183 4 221] Lane:1 Phase:complete Nonce:0 Reserved:true TXHash:[1 135 225 224 2 125 80 237 25 117 89 69 139 185 100 207 220 185 108 175 6 241 123 63 60 77 29 72 121 89 202 79] Sends:1 RPCAckObserved:true LastError:} {ID:[249 59 100 7 183 220 55 46 46 129 172 132 93 142 219 104 229 92 134 200 164 191 82 243 89 170 65 165 120 53 206 106] Lane:3 Phase:complete Nonce:1 Reserved:true TXHash:[121 254 44 144 192 62 122 194 144 179 55 202 161 21 218 212 253 134 51 120 154 148 255 43 23 241 121 70 39 244 51 139] Sends:1 RPCAckObserved:true LastError:} {ID:[189 115 69 101 26 120 116 44 35 88 64 52 76 48 53 245 89 67 157 39 57 239 40 4 190 52 26 3 67 225 50 26] Lane:3 Phase:complete Nonce:2 Reserved:true TXHash:[61 32 141 17 91 233 205 0 243 15 43 98 216 252 0 149 245 14 240 172 99 86 105 170 159 67 12 141 53 151 20 13] Sends:1 RPCAckObserved:true LastError:} {ID:[239 97 121 218 41 231 239 25 151 13 190 68 40 38 218 191 216 22 64 74 42 94 129 3 154 54 222 3 113 249 248 182] Lane:3 Phase:complete Nonce:3 Reserved:true TXHash:[239 83 168 215 80 223 89 180 119 102 57 113 231 55 3 215 67 136 239 244 15 57 148 223 161 17 9 123 145 182 9 59] Sends:1 RPCAckObserved:true LastError:} {ID:[234 247 228 156 15 80 138 115 123 1 123 119 244 141 146 217 148 216 23 94 68 198 10 64 92 120 183 151 80 187 115 21] Lane:3 Phase:complete Nonce:4 Reserved:true TXHash:[150 2 63 14 53 194 120 145 88 20 162 97 250 126 93 57 126 229 213 203 68 176 95 128 3 130 197 22 147 159 90 108] Sends:1 RPCAckObserved:true LastError:} {ID:[172 90 172 144 87 41 3 245 131 203 111 129 24 94 159 193 241 52 100 222 182 104 133 49 65 160 171 156 213 28 15 12] Lane:3 Phase:complete Nonce:5 Reserved:true TXHash:[224 89 184 123 48 197 171 35 68 135 32 81 49 152 212 178 88 117 66 71 254 135 221 113 225 85 7 5 78 20 200 183] Sends:1 RPCAckObserved:true LastError:} {ID:[244 239 77 248 105 26 158 98 129 3 148 71 254 88 166 241 225 253 176 72 70 89 203 195 61 141 131 146 193 123 249 118] Lane:3 Phase:complete Nonce:6 Reserved:true TXHash:[42 133 249 5 65 185 253 114 0 244 237 195 174 81 81 254 133 229 100 245 192 18 205 94 29 39 83 122 166 206 29 95] Sends:1 RPCAckObserved:true LastError:} {ID:[249 65 193 19 9 255 236 222 83 139 175 5 46 241 240 154 52 243 80 144 21 108 15 216 131 127 126 239 58 159 30 176] Lane:3 Phase:complete Nonce:7 Reserved:true TXHash:[38 10 42 197 189 65 30 39 252 17 206 47 194 136 47 206 110 20 70 177 12 181 53 61 255 29 240 132 217 187 20 16] Sends:1 RPCAckObserved:true LastError:} {ID:[244 235 114 74 69 135 59 210 145 220 99 141 106 137 139 28 206 27 197 195 11 20 88 174 20 126 153 65 70 109 154 156] Lane:3 Phase:complete Nonce:8 Reserved:true TXHash:[23 121 140 40 67 119 220 67 141 114 241 107 30 194 202 69 93 237 212 47 124 109 128 212 92 55 187 55 214 223 101 139] Sends:1 RPCAckObserved:true LastError:} {ID:[129 49 213 209 200 114 138 213 212 242 153 18 35 65 219 184 56 171 133 2 231 248 57 239 236 178 170 227 201 222 236 165] Lane:3 Phase:complete Nonce:9 Reserved:true TXHash:[157 209 20 206 175 204 108 24 137 196 153 230 156 113 158 76 191 2 200 189 37 28 56 216 155 151 240 19 61 226 100 58] Sends:1 RPCAckObserved:true LastError:} {ID:[94 143 153 12 18 208 186 71 227 236 7 197 66 128 144 214 38 132 33 196 81 124 61 15 31 128 254 167 13 217 220 179] Lane:3 Phase:complete Nonce:10 Reserved:true TXHash:[132 70 55 24 95 10 190 201 85 97 224 86 56 244 191 229 197 88 224 93 129 34 212 100 172 198 80 226 154 1 186 12] Sends:1 RPCAckObserved:true LastError:} {ID:[234 126 79 199 233 193 189 206 196 189 151 50 56 80 231 84 129 138 151 15 196 73 248 209 139 54 35 121 210 11 110 44] Lane:3 Phase:complete Nonce:11 Reserved:true TXHash:[131 130 150 130 157 192 21 170 191 82 151 247 160 144 139 72 150 76 54 45 63 150 138 161 77 153 198 237 189 242 247 110] Sends:1 RPCAckObserved:true LastError:} {ID:[142 131 86 18 234 163 212 40 99 23 98 127 124 71 177 110 85 35 210 68 101 134 144 83 157 38 32 125 4 120 174 209] Lane:3 Phase:complete Nonce:0 Reserved:false TXHash:[0 0 0 0 0 0 0 0 0 0 0 0 0 0 0 0 0 0 0 0 0 0 0 0 0 0 0 0 0 0 0 0] Sends:0 RPCAckObserved:false LastError:} {ID:[158 14 191 109 95 180 18 227 59 218 245 110 163 226 229 90 163 1 226 24 185 199 188 154 143 151 163 16 62 86 20 37] Lane:3 Phase:complete Nonce:12 Reserved:true TXHash:[166 11 110 25 207 114 171 156 32 103 176 212 204 152 170 40 167 47 0 153 137 249 228 192 187 34 211 0 150 155 73 137] Sends:1 RPCAckObserved:true LastError:} {ID:[35 229 54 107 50 20 152 170 2 94 137 170 251 128 102 136 172 209 144 31 179 7 27 139 146 95 221 76 22 29 223 47] Lane:3 Phase:complete Nonce:13 Reserved:true TXHash:[38 203 225 245 51 82 16 225 112 102 87 47 150 125 110 139 29 212 169 19 159 251 2 70 8 74 235 166 104 46 254 150] Sends:1 RPCAckObserved:true LastError:} {ID:[118 102 114 19 201 126 150 178 102 16 111 228 209 145 61 1 64 154 14 246 76 55 20 221 74 30 146 206 144 102 253 228] Lane:3 Phase:complete Nonce:14 Reserved:true TXHash:[50 0 216 47 128 18 55 38 148 146 207 189 77 42 249 39 182 68 30 92 8 170 137 102 145 241 34 210 146 45 175 186] Sends:1 RPCAckObserved:true LastError:} {ID:[198 167 241 47 43 238 109 205 148 231 27 213 22 220 177 207 124 215 84 11 249 168 119 165 103 47 34 177 230 124 62 112] Lane:3 Phase:complete Nonce:15 Reserved:true TXHash:[170 87 129 13 117 208 155 125 214 133 207 214 189 239 124 135 89 59 117 166 125 144 76 202 183 198 13 239 25 159 252 150] Sends:1 RPCAckObserved:true LastError:} {ID:[18 53 156 146 164 36 187 56 201 25 94 20 239 163 5 19 52 162 81 239 61 130 168 225 155 108 39 2 37 54 98 48] Lane:3 Phase:complete Nonce:16 Reserved:true TXHash:[216 69 85 102 133 222 216 84 10 52 237 249 77 186 118 59 6 146 156 31 114 98 4 25 248 95 151 215 10 13 238 90] Sends:1 RPCAckObserved:true LastError:} {ID:[3 81 154 205 25 235 22 190 25 55 204 185 139 118 8 223 202 71 167 36 7 34 3 28 77 90 89 115 107 146 242 23] Lane:3 Phase:complete Nonce:17 Reserved:true TXHash:[148 92 253 251 228 155 246 65 72 32 51 69 219 190 99 53 72 57 74 197 254 4 251 38 65 65 234 228 127 243 175 139] Sends:1 RPCAckObserved:true LastError:} {ID:[242 229 159 151 77 25 166 5 199 83 156 235 109 32 122 146 107 20 215 184 90 196 34 13 55 181 212 143 207 146 42 161] Lane:4 Phase:complete Nonce:20 Reserved:true TXHash:[231 254 224 198 245 225 239 107 39 131 118 36 103 248 217 173 243 48 182 49 238 47 152 178 248 253 140 82 133 211 213 3] Sends:1 RPCAckObserved:true LastError:} {ID:[242 155 125 45 13 31 160 223 42 245 238 153 95 190 217 144 121 58 27 164 164 106 210 186 179 90 76 248 223 47 141 200] Lane:4 Phase:complete Nonce:21 Reserved:true TXHash:[247 81 40 99 176 43 251 95 65 46 82 22 90 126 86 43 59 251 98 29 219 53 49 145 168 175 27 151 217 182 194 221] Sends:1 RPCAckObserved:true LastError:} {ID:[203 146 190 180 232 115 233 165 209 113 110 121 114 79 72 160 10 161 23 72 78 200 176 243 54 66 161 15 187 186 139 178] Lane:4 Phase:complete Nonce:22 Reserved:true TXHash:[106 220 135 210 90 93 40 64 95 164 217 60 37 44 144 118 248 31 174 224 86 225 205 9 133 18 55 64 155 197 75 241] Sends:1 RPCAckObserved:true LastError:} {ID:[94 77 54 76 138 4 54 106 98 123 103 248 75 213 72 222 21 245 240 138 247 143 153 138 66 89 34 64 52 92 57 7] Lane:4 Phase:complete Nonce:18 Reserved:true TXHash:[71 83 218 220 163 166 202 238 24 118 58 44 85 75 58 17 189 181 15 126 76 137 227 153 252 97 179 228 194 123 15 209] Sends:1 RPCAckObserved:true LastError:} {ID:[155 129 207 236 109 19 1 57 224 133 25 49 68 249 164 66 214 105 137 43 111 52 49 185 140 189 67 116 49 107 238 80] Lane:4 Phase:complete Nonce:0 Reserved:false TXHash:[0 0 0 0 0 0 0 0 0 0 0 0 0 0 0 0 0 0 0 0 0 0 0 0 0 0 0 0 0 0 0 0] Sends:0 RPCAckObserved:false LastError:} {ID:[151 37 183 254 247 31 63 236 230 245 51 146 4 127 161 41 56 94 112 179 187 24 6 176 16 142 39 92 19 152 128 208] Lane:4 Phase:complete Nonce:19 Reserved:true TXHash:[121 203 7 34 48 174 244 49 32 240 245 40 109 56 195 84 129 46 161 170 201 9 197 124 19 240 202 198 25 152 96 80] Sends:1 RPCAckObserved:true LastError:} {ID:[101 79 53 180 13 88 187 150 3 102 28 99 247 38 244 239 196 11 217 205 65 210 104 219 78 126 133 89 24 13 84 186] Lane:3 Phase:complete Nonce:23 Reserved:true TXHash:[53 156 148 247 101 31 48 167 191 42 58 146 89 74 224 216 142 148 227 107 117 188 159 75 224 10 56 175 123 113 87 226] Sends:1 RPCAckObserved:true LastError:} {ID:[47 241 21 111 86 17 0 114 113 22 108 245 78 171 89 144 129 53 122 52 207 217 168 134 48 2 240 20 185 160 10 42] Lane:2 Phase:waiting Nonce:0 Reserved:false TXHash:[0 0 0 0 0 0 0 0 0 0 0 0 0 0 0 0 0 0 0 0 0 0 0 0 0 0 0 0 0 0 0 0] Sends:45 RPCAckObserved:false LastError:relay HTTP unavailable status=400}] DiscoveryError:authenticated CLX source data unavailable StepError:relay HTTP unavailable status=400}]
    dex_financial_cli_test.go:116: ordinary CLI full log /tmp/dex-normal-cli-failure-280860880.log
    dex_financial_cli_test.go:121: ordinary Common6:  STANDALONE PREPARE QC VERIFIED  number=20 viewID="375df9…d274be" from=127.0.0.7:35839 maskBytes=1
        INFO [09-22|13:01:30.772] handleNewViewMsg got new view message    from=127.0.0.7:35839 viewId="30ea31…db8ff0"
        WARN [09-22|13:01:30.793] reject new-view before storage           from=127.0.0.7:35839 viewID="30ea31…db8ff0" err="hotstuff view state too old"
        INFO [09-22|13:01:30.794] handleNewViewMsg got new view message    from=127.0.0.6:36973 viewId="1ae51f…732c64"
        WARN [09-22|13:01:30.799] GetBlockByNumer                          number=59
        WARN [09-22|13:01:30.803] reject new-view before storage           from=127.0.0.6:36973 viewID="1ae51f…732c64" err="hotstuff view state too old"
        INFO [09-22|13:01:30.840] handleNewViewMsg got new view message    from=127.0.0.2:45151 viewId="72b7ee…4c62a7"
        WARN [09-22|13:01:30.848] GetBlockByNumer                          number=60
        WARN [09-22|13:01:30.858] reject new-view before storage           from=127.0.0.2:45151 viewID="72b7ee…4c62a7" err="hotstuff view state too old"
        WARN [09-22|13:01:30.892] GetBlockByNumer                          number=61
        INFO [09-22|13:01:30.895] HOTSTUFF STANDALONE PREPARE QC VERIFIED  number=11 viewID="58d5fc…e49143" from=127.0.0.5:43511 maskBytes=1
        WARN [09-22|13:01:30.956] GetBlockByNumer                          number=62
        INFO [09-22|13:01:30.969] handleNewViewMsg got new view message    from=127.0.0.5:43511 viewId="7ce4b6…762389"
        WARN [09-22|13:01:30.988] reject new-view before storage           from=127.0.0.5:43511 viewID="7ce4b6…762389" err="hotstuff view state too old"
        INFO [09-22|13:01:31.003] handleNewViewMsg got new view message    from=127.0.0.4:33051 viewId="6841cf…c03de9"
        WARN [09-22|13:01:31.011] GetBlockByNumer                          number=63
        WARN [09-22|13:01:31.021] reject new-view before storage           from=127.0.0.4:33051 viewID="6841cf…c03de9" err="hotstuff view state too old"
        WARN [09-22|13:01:31.070] GetBlockByNumer                          number=64
        WARN [09-22|13:01:31.183] GetBlockByNumer                          number=65
        WARN [09-22|13:01:31.268] GetBlockByNumer                          number=66
        WARN [09-22|13:01:31.323] GetBlockByNumer                          number=67
        INFO [09-22|13:01:31.340] HOTSTUFF STANDALONE PREPARE QC VERIFIED  number=18 viewID="22c124…3e7a83" from=127.0.0.5:43511 maskBytes=1
        INFO [09-22|13:01:31.372] handleNewViewMsg got new view message    from=127.0.0.2:45151 viewId="6841cf…c03de9"
        WARN [09-22|13:01:31.373] GetBlockByNumer                          number=68
        WARN [09-22|13:01:31.390] reject new-view before storage           from=127.0.0.2:45151 viewID="6841cf…c03de9" err="hotstuff view state too old"
        WARN [09-22|13:01:31.427] GetBlockByNumer                          number=69
        INFO [09-22|13:01:31.461] handleNewViewMsg got new view message    from=127.0.0.7:35839 viewId="1aa20c…6f0b1d"
        WARN [09-22|13:01:31.479] reject new-view before storage           from=127.0.0.7:35839 viewID="1aa20c…6f0b1d" err="hotstuff view state too old"
        WARN [09-22|13:01:31.480] GetBlockByNumer                          number=70
        INFO [09-22|13:01:31.514] HOTSTUFF STANDALONE PREPARE QC VERIFIED  number=9  viewID="8cace8…f11997" from=127.0.0.3:34283 maskBytes=1
        INFO [09-22|13:01:31.523] handleNewViewMsg got new view message    from=127.0.0.4:33051 viewId="cf3dcf…557a70"
        WARN [09-22|13:01:31.537] GetBlockByNumer                          number=71
        WARN [09-22|13:01:31.551] reject new-view before storage           from=127.0.0.4:33051 viewID="cf3dcf…557a70" err="hotstuff view state too old"
        INFO [09-22|13:01:31.657] handleNewViewMsg got new view message    from=127.0.0.3:34283 viewId="7ce4b6…762389"
        WARN [09-22|13:01:31.673] reject new-view before storage           from=127.0.0.3:34283 viewID="7ce4b6…762389" err="hotstuff view state too old"
        INFO [09-22|13:01:31.779] HOTSTUFF STANDALONE PREPARE QC VERIFIED  number=12 viewID="253611…6a40c9" from=127.0.0.6:36973 maskBytes=1
        INFO [09-22|13:01:31.783] handleNewViewMsg got new view message    from=127.0.0.6:36973 viewId="7ce4b6…762389"
        WARN [09-22|13:01:31.791] reject new-view before storage           from=127.0.0.6:36973 viewID="7ce4b6…762389" err="hotstuff view state too old"
        INFO [09-22|13:01:31.792] handleNewViewMsg got new view message    from=127.0.0.5:43511 viewId="30ea31…db8ff0"
        WARN [09-22|13:01:31.799] reject new-view before storage           from=127.0.0.5:43511 viewID="30ea31…db8ff0" err="hotstuff view state too old"
        INFO [09-22|13:01:31.811] handleNewViewMsg got new view message    from=127.0.0.2:45151 viewId="cf3dcf…557a70"
        WARN [09-22|13:01:31.831] reject new-view before storage           from=127.0.0.2:45151 viewID="cf3dcf…557a70" err="hotstuff view state too old"
        INFO [09-22|13:01:31.898] HOTSTUFF STANDALONE PREPARE QC VERIFIED  number=16 viewID="afafdd…69a27d" from=127.0.0.3:34283 maskBytes=1
        INFO [09-22|13:01:31.952] handleNewViewMsg got new view message    from=127.0.0.4:33051 viewId="a89163…bca984"
        WARN [09-22|13:01:31.967] reject new-view before storage           from=127.0.0.4:33051 viewID="a89163…bca984" err="hotstuff view state too old"
        INFO [09-22|13:01:32.052] HOTSTUFF STANDALONE PREPARE QC VERIFIED  number=19 viewID="3e17b6…489a7e" from=127.0.0.6:36973 maskBytes=1
        INFO [09-22|13:01:36.962] handleNewViewMsg got new view message    from=127.0.0.7:35839 viewId="2f57e5…18e69e"
        INFO [09-22|13:01:37.032] handleNewViewMsg got new view message    from=127.0.0.2:45151 viewId="2f57e5…18e69e"
        INFO [09-22|13:01:37.050] handleNewViewMsg got new view message    from=127.0.0.6:36973 viewId="2f57e5…18e69e"
        INFO [09-22|13:01:37.066] handleNewViewMsg got new view message    from=127.0.0.3:34283 viewId="2f57e5…18e69e"
        INFO [09-22|13:01:37.100] handleNewViewMsg got new view message    from=127.0.0.5:43511 viewId="2f57e5…18e69e"
        INFO [09-22|13:01:37.898] handleNewViewMsg got new view message    from=127.0.0.8:37123 viewId="2f57e5…18e69e"
        INFO [09-22|13:01:37.919] handleNewViewMsg got new view message    from=127.0.0.4:33051 viewId="2f57e5…18e69e"
        INFO [09-22|13:01:38.325] HOTSTUFF STANDALONE PREPARE QC VERIFIED  number=62 viewID="d84cfa…454474" from=127.0.0.7:35839 maskBytes=1
        INFO [09-22|13:01:38.337] handleNewViewMsg got new view message    from=127.0.0.5:43511 viewId="ca3238…691de3"
        INFO [09-22|13:01:38.366] handleNewViewMsg got new view message    from=127.0.0.3:34283 viewId="ca3238…691de3"
        INFO [09-22|13:01:38.833] handleNewViewMsg got new view message    from=127.0.0.4:33051 viewId="ca3238…691de3"
        INFO [09-22|13:01:38.857] handleNewViewMsg got new view message    from=127.0.0.6:36973 viewId="ca3238…691de3"
        INFO [09-22|13:01:38.886] handleNewViewMsg got new view message    from=127.0.0.7:35839 viewId="ca3238…691de3"
        INFO [09-22|13:01:39.402] handleNewViewMsg got new view message    from=127.0.0.8:37123 viewId="ca3238…691de3"
        INFO [09-22|13:01:39.949] HOTSTUFF PREPARE QC BROADCAST            number=63 viewID="2f57e5…18e69e" votes=5 threshold=5
        INFO [09-22|13:01:39.953] handleNewViewMsg got new view message    from=127.0.0.2:45151 viewId="ca3238…691de3"
        WARN [09-22|13:01:39.967] reject new-view before storage           from=127.0.0.2:45151 viewID="ca3238…691de3" err="hotstuff view state too old"
        INFO [09-22|13:01:40.762] HOTSTUFF PREPARE QC VERIFIED             number=63 viewID="2f57e5…18e69e" from=127.0.0.8:37123 maskBytes=1
        INFO [09-22|13:01:45.661] HOTSTUFF PREPARE QC VERIFIED             number=65 viewID="94c454…9f152b" from=127.0.0.3:34283 maskBytes=1
        INFO [09-22|13:01:58.803] handleNewViewMsg got new view message    from=127.0.0.4:33051 viewId="e2d79b…743a23"
        INFO [09-22|13:01:58.824] handleNewViewMsg got new view message    from=127.0.0.7:35839 viewId="e2d79b…743a23"
        INFO [09-22|13:01:58.885] handleNewViewMsg got new view message    from=127.0.0.6:36973 viewId="e2d79b…743a23"
        INFO [09-22|13:01:58.975] handleNewViewMsg got new view message    from=127.0.0.5:43511 viewId="e2d79b…743a23"
        INFO [09-22|13:01:58.992] handleNewViewMsg got new view message    from=127.0.0.2:45151 viewId="e2d79b…743a23"
        INFO [09-22|13:01:59.086] handleNewViewMsg got new view message    from=127.0.0.3:34283 viewId="e2d79b…743a23"
        INFO [09-22|13:01:59.108] handleNewViewMsg got new view message    from=127.0.0.8:37123 viewId="e2d79b…743a23"
        WARN [09-22|13:02:04.267] GetBlockByNumer                          number=76
        WARN [09-22|13:02:04.267] GetBlockByNumer                          number=74
        WARN [09-22|13:02:04.267] GetBlockByNumer                          number=72
        WARN [09-22|13:02:04.267] GetBlockByNumer                          number=70
        WARN [09-22|13:02:04.270] GetBlockByNumer                          number=71
        WARN [09-22|13:02:04.365] GetBlockByNumer                          number=72
        WARN [09-22|13:02:04.417] GetBlockByNumer                          number=73
        WARN [09-22|13:02:04.474] GetBlockByNumer                          number=74
        WARN [09-22|13:02:04.518] GetBlockByNumer                          number=75
        WARN [09-22|13:02:04.598] GetBlockByNumer                          number=76
        WARN [09-22|13:02:04.653] GetBlockByNumer                          number=77
        WARN [09-22|13:02:05.431] GetBlockByNumer                          number=78
        WARN [09-22|13:02:05.998] GetBlockByNumer                          number=79
        WARN [09-22|13:02:06.693] GetBlockByNumer                          number=80
        WARN [09-22|13:02:14.648] GetBlockByNumer                          number=81
        WARN [09-22|13:02:15.846] GetBlockByNumer                          number=82
        WARN [09-22|13:02:15.989] GetBlockByNumer                          number=83
        WARN [09-22|13:02:16.501] GetBlockByNumer                          number=84
        INFO [09-22|13:02:20.902] handleNewViewMsg got new view message    from=127.0.0.8:37123 viewId="0ea095…828c8a"
        INFO [09-22|13:02:20.920] handleNewViewMsg got new view message    from=127.0.0.6:36973 viewId="0ea095…828c8a"
        INFO [09-22|13:02:20.936] handleNewViewMsg got new view message    from=127.0.0.2:45151 viewId="0ea095…828c8a"
        INFO [09-22|13:02:20.952] handleNewViewMsg got new view message    from=127.0.0.4:33051 viewId="0ea095…828c8a"
        INFO [09-22|13:02:20.968] handleNewViewMsg got new view message    from=127.0.0.5:43511 viewId="0ea095…828c8a"
        INFO [09-22|13:02:21.021] handleNewViewMsg got new view message    from=127.0.0.7:35839 viewId="0ea095…828c8a"
        INFO [09-22|13:02:21.041] handleNewViewMsg got new view message    from=127.0.0.3:34283 viewId="0ea095…828c8a"
        WARN [09-22|13:02:22.620] GetBlockByNumer                          number=85
        WARN [09-22|13:02:22.935] GetBlockByNumer                          number=85
        WARN [09-22|13:02:22.999] GetBlockByNumer                          number=86
        WARN [09-22|13:02:23.062] GetBlockByNumer                          number=87
        WARN [09-22|13:02:24.076] GetBlockByNumer                          number=88
        WARN [09-22|13:02:27.353] GetBlockByNumer                          number=89
        WARN [09-22|13:02:28.319] GetBlockByNumer                          number=90
        WARN [09-22|13:02:28.492] GetBlockByNumer                          number=91
        WARN [09-22|13:02:29.202] GetBlockByNumer                          number=92
        INFO [09-22|13:02:42.679] handleNewViewMsg got new view message    from=127.0.0.6:36973 viewId="1e53b3…7952eb"
        INFO [09-22|13:02:42.696] handleNewViewMsg got new view message    from=127.0.0.8:37123 viewId="1e53b3…7952eb"
        INFO [09-22|13:02:42.714] handleNewViewMsg got new view message    from=127.0.0.3:34283 viewId="1e53b3…7952eb"
        INFO [09-22|13:02:42.733] handleNewViewMsg got new view message    from=127.0.0.5:43511 viewId="1e53b3…7952eb"
        INFO [09-22|13:02:42.755] handleNewViewMsg got new view message    from=127.0.0.7:35839 viewId="1e53b3…7952eb"
        INFO [09-22|13:02:42.857] handleNewViewMsg got new view message    from=127.0.0.2:45151 viewId="1e53b3…7952eb"
        INFO [09-22|13:02:42.877] handleNewViewMsg got new view message    from=127.0.0.4:33051 viewId="1e53b3…7952eb"
    dex_continuous_fixture_test.go:354: continuous relay log /tmp/continuous-relay-failure-2364121620.log
    dex_continuous_fixture_test.go:356: relay status {Version:1 Devnet:true Authenticated:{SourceAnchor:{Version:1 ChainID:10101919 Genesis:[45 248 117 172 138 78 135 249 63 13 110 167 124 118 243 200 197 99 164 16 52 19 37 77 29 31 177 137 39 194 157 236] DEXID:[44 164 121 142 126 190 33 185 33 155 126 222 246 225 246 157 69 119 10 104 181 63 134 207 76 240 149 254 88 238 140 4] Custody:[0 0 0 0 0 0 0 0 0 0 0 0 0 0 0 0 0 222 0 1] Height:92 BlockHash:[234 225 108 80 17 249 230 11 72 167 223 171 177 165 235 54 95 199 119 91 115 193 1 196 252 178 164 235 109 17 113 78] StateRoot:[59 0 72 49 185 50 37 24 103 208 0 97 29 18 96 131 53 222 32 151 98 245 224 135 110 139 193 235 96 68 210 123] SourceKeyHash:[57 50 73 49 241 81 88 181 162 177 207 220 147 251 33 102 155 104 76 10 73 45 70 113 143 146 82 187 114 228 138 183] SourceCommittee:[79 178 219 135 253 119 26 92 81 158 189 79 137 151 35 0 154 72 29 29 233 61 80 246 146 245 14 128 126 214 65 79] SourceEpoch:1 InboxCount:6} DEXSequence:19 CLXSequence:19 CLXSequenceVerified:true} Counts:map[complete:27 waiting:1] TotalJobs:28 JobsTruncated:false Jobs:[{ID:[2 170 191 75 23 201 83 112 176 203 73 132 56 105 29 198 163 231 128 209 140 180 231 238 167 16 248 205 56 208 166 249] Lane:2 Phase:complete Nonce:0 Reserved:false TXHash:[0 0 0 0 0 0 0 0 0 0 0 0 0 0 0 0 0 0 0 0 0 0 0 0 0 0 0 0 0 0 0 0] Sends:2 RPCAckObserved:false LastError:} {ID:[80 128 53 24 92 227 209 192 7 220 93 92 187 63 108 143 153 18 84 62 2 116 116 209 104 131 149 8 195 183 4 221] Lane:1 Phase:complete Nonce:0 Reserved:true TXHash:[1 135 225 224 2 125 80 237 25 117 89 69 139 185 100 207 220 185 108 175 6 241 123 63 60 77 29 72 121 89 202 79] Sends:1 RPCAckObserved:true LastError:} {ID:[249 59 100 7 183 220 55 46 46 129 172 132 93 142 219 104 229 92 134 200 164 191 82 243 89 170 65 165 120 53 206 106] Lane:3 Phase:complete Nonce:1 Reserved:true TXHash:[121 254 44 144 192 62 122 194 144 179 55 202 161 21 218 212 253 134 51 120 154 148 255 43 23 241 121 70 39 244 51 139] Sends:1 RPCAckObserved:true LastError:} {ID:[189 115 69 101 26 120 116 44 35 88 64 52 76 48 53 245 89 67 157 39 57 239 40 4 190 52 26 3 67 225 50 26] Lane:3 Phase:complete Nonce:2 Reserved:true TXHash:[61 32 141 17 91 233 205 0 243 15 43 98 216 252 0 149 245 14 240 172 99 86 105 170 159 67 12 141 53 151 20 13] Sends:1 RPCAckObserved:true LastError:} {ID:[239 97 121 218 41 231 239 25 151 13 190 68 40 38 218 191 216 22 64 74 42 94 129 3 154 54 222 3 113 249 248 182] Lane:3 Phase:complete Nonce:3 Reserved:true TXHash:[239 83 168 215 80 223 89 180 119 102 57 113 231 55 3 215 67 136 239 244 15 57 148 223 161 17 9 123 145 182 9 59] Sends:1 RPCAckObserved:true LastError:} {ID:[234 247 228 156 15 80 138 115 123 1 123 119 244 141 146 217 148 216 23 94 68 198 10 64 92 120 183 151 80 187 115 21] Lane:3 Phase:complete Nonce:4 Reserved:true TXHash:[150 2 63 14 53 194 120 145 88 20 162 97 250 126 93 57 126 229 213 203 68 176 95 128 3 130 197 22 147 159 90 108] Sends:1 RPCAckObserved:true LastError:} {ID:[172 90 172 144 87 41 3 245 131 203 111 129 24 94 159 193 241 52 100 222 182 104 133 49 65 160 171 156 213 28 15 12] Lane:3 Phase:complete Nonce:5 Reserved:true TXHash:[224 89 184 123 48 197 171 35 68 135 32 81 49 152 212 178 88 117 66 71 254 135 221 113 225 85 7 5 78 20 200 183] Sends:1 RPCAckObserved:true LastError:} {ID:[244 239 77 248 105 26 158 98 129 3 148 71 254 88 166 241 225 253 176 72 70 89 203 195 61 141 131 146 193 123 249 118] Lane:3 Phase:complete Nonce:6 Reserved:true TXHash:[42 133 249 5 65 185 253 114 0 244 237 195 174 81 81 254 133 229 100 245 192 18 205 94 29 39 83 122 166 206 29 95] Sends:1 RPCAckObserved:true LastError:} {ID:[249 65 193 19 9 255 236 222 83 139 175 5 46 241 240 154 52 243 80 144 21 108 15 216 131 127 126 239 58 159 30 176] Lane:3 Phase:complete Nonce:7 Reserved:true TXHash:[38 10 42 197 189 65 30 39 252 17 206 47 194 136 47 206 110 20 70 177 12 181 53 61 255 29 240 132 217 187 20 16] Sends:1 RPCAckObserved:true LastError:} {ID:[244 235 114 74 69 135 59 210 145 220 99 141 106 137 139 28 206 27 197 195 11 20 88 174 20 126 153 65 70 109 154 156] Lane:3 Phase:complete Nonce:8 Reserved:true TXHash:[23 121 140 40 67 119 220 67 141 114 241 107 30 194 202 69 93 237 212 47 124 109 128 212 92 55 187 55 214 223 101 139] Sends:1 RPCAckObserved:true LastError:} {ID:[129 49 213 209 200 114 138 213 212 242 153 18 35 65 219 184 56 171 133 2 231 248 57 239 236 178 170 227 201 222 236 165] Lane:3 Phase:complete Nonce:9 Reserved:true TXHash:[157 209 20 206 175 204 108 24 137 196 153 230 156 113 158 76 191 2 200 189 37 28 56 216 155 151 240 19 61 226 100 58] Sends:1 RPCAckObserved:true LastError:} {ID:[94 143 153 12 18 208 186 71 227 236 7 197 66 128 144 214 38 132 33 196 81 124 61 15 31 128 254 167 13 217 220 179] Lane:3 Phase:complete Nonce:10 Reserved:true TXHash:[132 70 55 24 95 10 190 201 85 97 224 86 56 244 191 229 197 88 224 93 129 34 212 100 172 198 80 226 154 1 186 12] Sends:1 RPCAckObserved:true LastError:} {ID:[234 126 79 199 233 193 189 206 196 189 151 50 56 80 231 84 129 138 151 15 196 73 248 209 139 54 35 121 210 11 110 44] Lane:3 Phase:complete Nonce:11 Reserved:true TXHash:[131 130 150 130 157 192 21 170 191 82 151 247 160 144 139 72 150 76 54 45 63 150 138 161 77 153 198 237 189 242 247 110] Sends:1 RPCAckObserved:true LastError:} {ID:[142 131 86 18 234 163 212 40 99 23 98 127 124 71 177 110 85 35 210 68 101 134 144 83 157 38 32 125 4 120 174 209] Lane:3 Phase:complete Nonce:0 Reserved:false TXHash:[0 0 0 0 0 0 0 0 0 0 0 0 0 0 0 0 0 0 0 0 0 0 0 0 0 0 0 0 0 0 0 0] Sends:0 RPCAckObserved:false LastError:} {ID:[158 14 191 109 95 180 18 227 59 218 245 110 163 226 229 90 163 1 226 24 185 199 188 154 143 151 163 16 62 86 20 37] Lane:3 Phase:complete Nonce:12 Reserved:true TXHash:[166 11 110 25 207 114 171 156 32 103 176 212 204 152 170 40 167 47 0 153 137 249 228 192 187 34 211 0 150 155 73 137] Sends:1 RPCAckObserved:true LastError:} {ID:[35 229 54 107 50 20 152 170 2 94 137 170 251 128 102 136 172 209 144 31 179 7 27 139 146 95 221 76 22 29 223 47] Lane:3 Phase:complete Nonce:13 Reserved:true TXHash:[38 203 225 245 51 82 16 225 112 102 87 47 150 125 110 139 29 212 169 19 159 251 2 70 8 74 235 166 104 46 254 150] Sends:1 RPCAckObserved:true LastError:} {ID:[118 102 114 19 201 126 150 178 102 16 111 228 209 145 61 1 64 154 14 246 76 55 20 221 74 30 146 206 144 102 253 228] Lane:3 Phase:complete Nonce:14 Reserved:true TXHash:[50 0 216 47 128 18 55 38 148 146 207 189 77 42 249 39 182 68 30 92 8 170 137 102 145 241 34 210 146 45 175 186] Sends:1 RPCAckObserved:true LastError:} {ID:[198 167 241 47 43 238 109 205 148 231 27 213 22 220 177 207 124 215 84 11 249 168 119 165 103 47 34 177 230 124 62 112] Lane:3 Phase:complete Nonce:15 Reserved:true TXHash:[170 87 129 13 117 208 155 125 214 133 207 214 189 239 124 135 89 59 117 166 125 144 76 202 183 198 13 239 25 159 252 150] Sends:1 RPCAckObserved:true LastError:} {ID:[18 53 156 146 164 36 187 56 201 25 94 20 239 163 5 19 52 162 81 239 61 130 168 225 155 108 39 2 37 54 98 48] Lane:3 Phase:complete Nonce:16 Reserved:true TXHash:[216 69 85 102 133 222 216 84 10 52 237 249 77 186 118 59 6 146 156 31 114 98 4 25 248 95 151 215 10 13 238 90] Sends:1 RPCAckObserved:true LastError:} {ID:[3 81 154 205 25 235 22 190 25 55 204 185 139 118 8 223 202 71 167 36 7 34 3 28 77 90 89 115 107 146 242 23] Lane:3 Phase:complete Nonce:17 Reserved:true TXHash:[148 92 253 251 228 155 246 65 72 32 51 69 219 190 99 53 72 57 74 197 254 4 251 38 65 65 234 228 127 243 175 139] Sends:1 RPCAckObserved:true LastError:} {ID:[242 229 159 151 77 25 166 5 199 83 156 235 109 32 122 146 107 20 215 184 90 196 34 13 55 181 212 143 207 146 42 161] Lane:4 Phase:complete Nonce:20 Reserved:true TXHash:[231 254 224 198 245 225 239 107 39 131 118 36 103 248 217 173 243 48 182 49 238 47 152 178 248 253 140 82 133 211 213 3] Sends:1 RPCAckObserved:true LastError:} {ID:[242 155 125 45 13 31 160 223 42 245 238 153 95 190 217 144 121 58 27 164 164 106 210 186 179 90 76 248 223 47 141 200] Lane:4 Phase:complete Nonce:21 Reserved:true TXHash:[247 81 40 99 176 43 251 95 65 46 82 22 90 126 86 43 59 251 98 29 219 53 49 145 168 175 27 151 217 182 194 221] Sends:1 RPCAckObserved:true LastError:} {ID:[203 146 190 180 232 115 233 165 209 113 110 121 114 79 72 160 10 161 23 72 78 200 176 243 54 66 161 15 187 186 139 178] Lane:4 Phase:complete Nonce:22 Reserved:true TXHash:[106 220 135 210 90 93 40 64 95 164 217 60 37 44 144 118 248 31 174 224 86 225 205 9 133 18 55 64 155 197 75 241] Sends:1 RPCAckObserved:true LastError:} {ID:[94 77 54 76 138 4 54 106 98 123 103 248 75 213 72 222 21 245 240 138 247 143 153 138 66 89 34 64 52 92 57 7] Lane:4 Phase:complete Nonce:18 Reserved:true TXHash:[71 83 218 220 163 166 202 238 24 118 58 44 85 75 58 17 189 181 15 126 76 137 227 153 252 97 179 228 194 123 15 209] Sends:1 RPCAckObserved:true LastError:} {ID:[155 129 207 236 109 19 1 57 224 133 25 49 68 249 164 66 214 105 137 43 111 52 49 185 140 189 67 116 49 107 238 80] Lane:4 Phase:complete Nonce:0 Reserved:false TXHash:[0 0 0 0 0 0 0 0 0 0 0 0 0 0 0 0 0 0 0 0 0 0 0 0 0 0 0 0 0 0 0 0] Sends:0 RPCAckObserved:false LastError:} {ID:[151 37 183 254 247 31 63 236 230 245 51 146 4 127 161 41 56 94 112 179 187 24 6 176 16 142 39 92 19 152 128 208] Lane:4 Phase:complete Nonce:19 Reserved:true TXHash:[121 203 7 34 48 174 244 49 32 240 245 40 109 56 195 84 129 46 161 170 201 9 197 124 19 240 202 198 25 152 96 80] Sends:1 RPCAckObserved:true LastError:} {ID:[101 79 53 180 13 88 187 150 3 102 28 99 247 38 244 239 196 11 217 205 65 210 104 219 78 126 133 89 24 13 84 186] Lane:3 Phase:complete Nonce:23 Reserved:true TXHash:[53 156 148 247 101 31 48 167 191 42 58 146 89 74 224 216 142 148 227 107 117 188 159 75 224 10 56 175 123 113 87 226] Sends:1 RPCAckObserved:true LastError:} {ID:[47 241 21 111 86 17 0 114 113 22 108 245 78 171 89 144 129 53 122 52 207 217 168 134 48 2 240 20 185 160 10 42] Lane:2 Phase:waiting Nonce:0 Reserved:false TXHash:[0 0 0 0 0 0 0 0 0 0 0 0 0 0 0 0 0 0 0 0 0 0 0 0 0 0 0 0 0 0 0 0] Sends:45 RPCAckObserved:false LastError:relay HTTP unavailable status=400}] DiscoveryError:authenticated CLX source data unavailable StepError:relay HTTP unavailable status=400}
    dex_continuous_fixture_test.go:354: continuous relay log /tmp/continuous-relay-failure-41175291.log
    dex_continuous_fixture_test.go:356: relay status {Version:1 Devnet:true Authenticated:{SourceAnchor:{Version:1 ChainID:10101919 Genesis:[45 248 117 172 138 78 135 249 63 13 110 167 124 118 243 200 197 99 164 16 52 19 37 77 29 31 177 137 39 194 157 236] DEXID:[44 164 121 142 126 190 33 185 33 155 126 222 246 225 246 157 69 119 10 104 181 63 134 207 76 240 149 254 88 238 140 4] Custody:[0 0 0 0 0 0 0 0 0 0 0 0 0 0 0 0 0 222 0 1] Height:92 BlockHash:[234 225 108 80 17 249 230 11 72 167 223 171 177 165 235 54 95 199 119 91 115 193 1 196 252 178 164 235 109 17 113 78] StateRoot:[59 0 72 49 185 50 37 24 103 208 0 97 29 18 96 131 53 222 32 151 98 245 224 135 110 139 193 235 96 68 210 123] SourceKeyHash:[57 50 73 49 241 81 88 181 162 177 207 220 147 251 33 102 155 104 76 10 73 45 70 113 143 146 82 187 114 228 138 183] SourceCommittee:[79 178 219 135 253 119 26 92 81 158 189 79 137 151 35 0 154 72 29 29 233 61 80 246 146 245 14 128 126 214 65 79] SourceEpoch:1 InboxCount:6} DEXSequence:19 CLXSequence:19 CLXSequenceVerified:true} Counts:map[complete:27 waiting:1] TotalJobs:28 JobsTruncated:false Jobs:[{ID:[2 170 191 75 23 201 83 112 176 203 73 132 56 105 29 198 163 231 128 209 140 180 231 238 167 16 248 205 56 208 166 249] Lane:2 Phase:complete Nonce:0 Reserved:false TXHash:[0 0 0 0 0 0 0 0 0 0 0 0 0 0 0 0 0 0 0 0 0 0 0 0 0 0 0 0 0 0 0 0] Sends:2 RPCAckObserved:false LastError:} {ID:[80 128 53 24 92 227 209 192 7 220 93 92 187 63 108 143 153 18 84 62 2 116 116 209 104 131 149 8 195 183 4 221] Lane:1 Phase:complete Nonce:0 Reserved:true TXHash:[28 209 51 4 75 240 58 165 225 51 3 14 32 246 169 249 237 88 99 189 180 252 146 112 44 157 217 88 214 246 77 55] Sends:1 RPCAckObserved:true LastError:} {ID:[249 59 100 7 183 220 55 46 46 129 172 132 93 142 219 104 229 92 134 200 164 191 82 243 89 170 65 165 120 53 206 106] Lane:3 Phase:complete Nonce:1 Reserved:true TXHash:[21 82 164 243 119 91 201 168 223 176 27 116 231 109 176 145 4 94 176 22 172 121 26 203 28 84 216 194 246 1 105 60] Sends:1 RPCAckObserved:true LastError:} {ID:[189 115 69 101 26 120 116 44 35 88 64 52 76 48 53 245 89 67 157 39 57 239 40 4 190 52 26 3 67 225 50 26] Lane:3 Phase:complete Nonce:2 Reserved:true TXHash:[52 10 51 107 233 196 178 213 7 174 233 197 55 131 22 129 41 221 35 53 146 243 157 146 1 31 86 27 58 19 137 117] Sends:1 RPCAckObserved:true LastError:} {ID:[239 97 121 218 41 231 239 25 151 13 190 68 40 38 218 191 216 22 64 74 42 94 129 3 154 54 222 3 113 249 248 182] Lane:3 Phase:complete Nonce:3 Reserved:true TXHash:[123 41 34 250 231 217 202 27 168 235 209 214 220 205 67 123 87 208 172 178 113 101 74 201 209 134 110 161 67 71 194 10] Sends:1 RPCAckObserved:true LastError:} {ID:[234 247 228 156 15 80 138 115 123 1 123 119 244 141 146 217 148 216 23 94 68 198 10 64 92 120 183 151 80 187 115 21] Lane:3 Phase:complete Nonce:4 Reserved:true TXHash:[17 185 146 88 170 43 73 156 14 80 51 99 192 128 77 207 82 114 96 38 124 171 101 98 222 172 74 93 65 14 158 180] Sends:1 RPCAckObserved:true LastError:} {ID:[172 90 172 144 87 41 3 245 131 203 111 129 24 94 159 193 241 52 100 222 182 104 133 49 65 160 171 156 213 28 15 12] Lane:3 Phase:complete Nonce:5 Reserved:true TXHash:[208 203 112 4 31 163 107 183 105 112 143 12 140 55 144 14 40 167 18 59 169 92 196 89 81 12 51 233 64 107 33 3] Sends:1 RPCAckObserved:true LastError:} {ID:[244 239 77 248 105 26 158 98 129 3 148 71 254 88 166 241 225 253 176 72 70 89 203 195 61 141 131 146 193 123 249 118] Lane:3 Phase:complete Nonce:6 Reserved:true TXHash:[200 39 28 144 114 202 217 45 23 213 17 191 121 159 149 98 26 21 126 122 11 2 235 230 77 84 238 76 244 48 149 80] Sends:1 RPCAckObserved:true LastError:} {ID:[249 65 193 19 9 255 236 222 83 139 175 5 46 241 240 154 52 243 80 144 21 108 15 216 131 127 126 239 58 159 30 176] Lane:3 Phase:complete Nonce:7 Reserved:true TXHash:[238 41 190 161 105 128 254 156 169 25 119 61 74 114 13 20 58 66 174 181 97 97 155 189 251 156 132 245 2 240 145 114] Sends:1 RPCAckObserved:true LastError:} {ID:[244 235 114 74 69 135 59 210 145 220 99 141 106 137 139 28 206 27 197 195 11 20 88 174 20 126 153 65 70 109 154 156] Lane:3 Phase:complete Nonce:8 Reserved:true TXHash:[75 23 79 148 172 37 112 118 212 137 64 33 247 247 34 222 164 193 186 121 103 6 17 111 120 222 41 211 46 165 194 199] Sends:1 RPCAckObserved:true LastError:} {ID:[129 49 213 209 200 114 138 213 212 242 153 18 35 65 219 184 56 171 133 2 231 248 57 239 236 178 170 227 201 222 236 165] Lane:3 Phase:complete Nonce:9 Reserved:true TXHash:[47 28 62 54 145 60 240 183 140 26 216 27 189 149 238 214 209 38 204 28 6 216 111 155 66 176 146 217 69 10 68 250] Sends:1 RPCAckObserved:true LastError:} {ID:[94 143 153 12 18 208 186 71 227 236 7 197 66 128 144 214 38 132 33 196 81 124 61 15 31 128 254 167 13 217 220 179] Lane:3 Phase:complete Nonce:10 Reserved:true TXHash:[19 73 83 236 110 139 126 155 255 166 211 220 53 39 148 105 65 221 249 46 12 241 23 74 195 97 91 48 123 150 18 236] Sends:1 RPCAckObserved:true LastError:} {ID:[234 126 79 199 233 193 189 206 196 189 151 50 56 80 231 84 129 138 151 15 196 73 248 209 139 54 35 121 210 11 110 44] Lane:3 Phase:complete Nonce:0 Reserved:false TXHash:[0 0 0 0 0 0 0 0 0 0 0 0 0 0 0 0 0 0 0 0 0 0 0 0 0 0 0 0 0 0 0 0] Sends:0 RPCAckObserved:false LastError:} {ID:[142 131 86 18 234 163 212 40 99 23 98 127 124 71 177 110 85 35 210 68 101 134 144 83 157 38 32 125 4 120 174 209] Lane:3 Phase:complete Nonce:11 Reserved:true TXHash:[106 217 237 236 167 129 173 134 155 49 205 52 5 18 142 148 158 222 250 245 145 177 10 58 188 13 40 178 120 209 83 191] Sends:1 RPCAckObserved:true LastError:} {ID:[158 14 191 109 95 180 18 227 59 218 245 110 163 226 229 90 163 1 226 24 185 199 188 154 143 151 163 16 62 86 20 37] Lane:3 Phase:complete Nonce:12 Reserved:true TXHash:[173 22 102 224 97 44 41 181 7 247 81 216 65 213 20 89 151 166 71 123 246 232 8 101 90 224 48 13 244 226 214 80] Sends:1 RPCAckObserved:true LastError:} {ID:[35 229 54 107 50 20 152 170 2 94 137 170 251 128 102 136 172 209 144 31 179 7 27 139 146 95 221 76 22 29 223 47] Lane:3 Phase:complete Nonce:13 Reserved:true TXHash:[132 46 209 51 164 247 119 189 78 189 102 74 218 154 124 36 74 92 123 13 9 49 186 85 154 219 220 84 79 137 136 143] Sends:1 RPCAckObserved:true LastError:} {ID:[118 102 114 19 201 126 150 178 102 16 111 228 209 145 61 1 64 154 14 246 76 55 20 221 74 30 146 206 144 102 253 228] Lane:3 Phase:complete Nonce:14 Reserved:true TXHash:[216 89 123 186 156 207 99 110 218 159 99 157 149 175 66 217 130 248 35 161 204 209 218 61 111 13 250 243 56 51 90 34] Sends:1 RPCAckObserved:true LastError:} {ID:[198 167 241 47 43 238 109 205 148 231 27 213 22 220 177 207 124 215 84 11 249 168 119 165 103 47 34 177 230 124 62 112] Lane:3 Phase:complete Nonce:15 Reserved:true TXHash:[225 166 112 126 182 168 77 156 116 19 49 28 145 63 13 113 83 170 102 78 47 180 5 15 42 81 244 223 156 227 138 89] Sends:1 RPCAckObserved:true LastError:} {ID:[18 53 156 146 164 36 187 56 201 25 94 20 239 163 5 19 52 162 81 239 61 130 168 225 155 108 39 2 37 54 98 48] Lane:3 Phase:complete Nonce:16 Reserved:true TXHash:[34 144 98 125 203 89 64 79 175 202 47 79 240 226 234 54 104 142 99 192 17 227 252 235 176 220 183 87 231 226 155 160] Sends:1 RPCAckObserved:true LastError:} {ID:[3 81 154 205 25 235 22 190 25 55 204 185 139 118 8 223 202 71 167 36 7 34 3 28 77 90 89 115 107 146 242 23] Lane:3 Phase:complete Nonce:17 Reserved:true TXHash:[239 58 39 147 93 165 177 172 249 127 112 83 229 251 117 100 120 64 213 93 200 219 247 227 62 74 214 90 174 44 33 68] Sends:1 RPCAckObserved:true LastError:} {ID:[242 229 159 151 77 25 166 5 199 83 156 235 109 32 122 146 107 20 215 184 90 196 34 13 55 181 212 143 207 146 42 161] Lane:4 Phase:complete Nonce:20 Reserved:true TXHash:[87 54 16 212 238 232 126 97 126 71 159 201 209 18 17 48 130 195 157 109 31 225 201 77 128 140 89 168 220 30 114 125] Sends:1 RPCAckObserved:true LastError:} {ID:[242 155 125 45 13 31 160 223 42 245 238 153 95 190 217 144 121 58 27 164 164 106 210 186 179 90 76 248 223 47 141 200] Lane:4 Phase:complete Nonce:21 Reserved:true TXHash:[165 47 169 22 146 42 184 207 124 193 128 128 183 253 10 57 115 231 103 140 85 133 234 134 208 80 249 71 66 7 224 36] Sends:1 RPCAckObserved:true LastError:} {ID:[203 146 190 180 232 115 233 165 209 113 110 121 114 79 72 160 10 161 23 72 78 200 176 243 54 66 161 15 187 186 139 178] Lane:4 Phase:complete Nonce:22 Reserved:true TXHash:[173 183 86 104 220 159 154 217 228 178 31 57 181 62 222 154 18 244 192 80 107 23 208 215 55 31 24 121 67 174 38 141] Sends:1 RPCAckObserved:true LastError:} {ID:[94 77 54 76 138 4 54 106 98 123 103 248 75 213 72 222 21 245 240 138 247 143 153 138 66 89 34 64 52 92 57 7] Lane:4 Phase:complete Nonce:18 Reserved:true TXHash:[176 80 168 215 107 235 212 29 197 222 211 56 167 171 80 53 27 4 148 22 75 91 94 195 159 222 245 62 129 131 98 225] Sends:1 RPCAckObserved:true LastError:} {ID:[155 129 207 236 109 19 1 57 224 133 25 49 68 249 164 66 214 105 137 43 111 52 49 185 140 189 67 116 49 107 238 80] Lane:4 Phase:complete Nonce:19 Reserved:true TXHash:[225 87 194 153 28 109 198 135 181 18 63 120 251 210 154 65 134 109 54 125 86 154 171 223 47 136 40 234 199 98 23 70] Sends:1 RPCAckObserved:true LastError:} {ID:[151 37 183 254 247 31 63 236 230 245 51 146 4 127 161 41 56 94 112 179 187 24 6 176 16 142 39 92 19 152 128 208] Lane:4 Phase:complete Nonce:0 Reserved:false TXHash:[0 0 0 0 0 0 0 0 0 0 0 0 0 0 0 0 0 0 0 0 0 0 0 0 0 0 0 0 0 0 0 0] Sends:0 RPCAckObserved:false LastError:} {ID:[101 79 53 180 13 88 187 150 3 102 28 99 247 38 244 239 196 11 217 205 65 210 104 219 78 126 133 89 24 13 84 186] Lane:3 Phase:complete Nonce:23 Reserved:true TXHash:[19 141 100 121 167 224 225 118 208 246 115 91 118 171 232 161 182 53 49 50 239 120 112 55 57 184 243 34 82 87 219 0] Sends:1 RPCAckObserved:true LastError:} {ID:[47 241 21 111 86 17 0 114 113 22 108 245 78 171 89 144 129 53 122 52 207 217 168 134 48 2 240 20 185 160 10 42] Lane:2 Phase:waiting Nonce:0 Reserved:false TXHash:[0 0 0 0 0 0 0 0 0 0 0 0 0 0 0 0 0 0 0 0 0 0 0 0 0 0 0 0 0 0 0 0] Sends:45 RPCAckObserved:false LastError:Get "http://127.0.0.2:41099/v1/status": interrupt signal received}] DiscoveryError:authenticated CLX source data unavailable StepError:Get "http://127.0.0.2:41099/v1/status": interrupt signal received}
    dex_financial_cli_test.go:116: ordinary CLI full log /tmp/dex-normal-cli-failure-1864781065.log
    dex_financial_cli_test.go:121: ordinary Common5: 4.262] handleNewViewMsg got new view message    from=127.0.0.4:33051 viewId="3a77cd…46f997"
        WARN [09-22|13:00:04.866] GetBlockByNumer                          number=33
        WARN [09-22|13:00:05.295] GetBlockByNumer                          number=34
        WARN [09-22|13:00:11.223] GetBlockByNumer                          number=35
        WARN [09-22|13:00:13.568] GetBlockByNumer                          number=36
        WARN [09-22|13:00:14.208] GetBlockByNumer                          number=37
        WARN [09-22|13:00:19.261] GetBlockByNumer                          number=37
        WARN [09-22|13:00:19.315] GetBlockByNumer                          number=38
        WARN [09-22|13:00:19.574] GetBlockByNumer                          number=39
        WARN [09-22|13:00:20.178] GetBlockByNumer                          number=40
        INFO [09-22|13:00:26.335] handleNewViewMsg got new view message    from=127.0.0.4:33051 viewId="e06f75…fb0f3c"
        INFO [09-22|13:00:26.356] handleNewViewMsg got new view message    from=127.0.0.3:34283 viewId="e06f75…fb0f3c"
        INFO [09-22|13:00:26.374] handleNewViewMsg got new view message    from=127.0.0.7:35839 viewId="e06f75…fb0f3c"
        INFO [09-22|13:00:26.393] handleNewViewMsg got new view message    from=127.0.0.5:43511 viewId="e06f75…fb0f3c"
        INFO [09-22|13:00:26.411] handleNewViewMsg got new view message    from=127.0.0.2:45151 viewId="e06f75…fb0f3c"
        INFO [09-22|13:00:26.481] handleNewViewMsg got new view message    from=127.0.0.6:36973 viewId="e06f75…fb0f3c"
        WARN [09-22|13:00:29.522] GetBlockByNumer                          number=41
        WARN [09-22|13:00:30.059] GetBlockByNumer                          number=42
        WARN [09-22|13:00:31.463] GetBlockByNumer                          number=42
        WARN [09-22|13:00:31.522] GetBlockByNumer                          number=43
        WARN [09-22|13:00:31.761] GetBlockByNumer                          number=44
        WARN [09-22|13:00:41.770] GetBlockByNumer                          number=45
        WARN [09-22|13:00:42.918] GetBlockByNumer                          number=46
        WARN [09-22|13:00:43.309] GetBlockByNumer                          number=47
        INFO [09-22|13:00:48.531] handleNewViewMsg got new view message    from=127.0.0.3:34283 viewId="3d7b6e…09716f"
        INFO [09-22|13:00:48.548] handleNewViewMsg got new view message    from=127.0.0.2:45151 viewId="3d7b6e…09716f"
        INFO [09-22|13:00:48.575] handleNewViewMsg got new view message    from=127.0.0.7:35839 viewId="3d7b6e…09716f"
        INFO [09-22|13:00:48.628] handleNewViewMsg got new view message    from=127.0.0.6:36973 viewId="3d7b6e…09716f"
        INFO [09-22|13:00:48.665] handleNewViewMsg got new view message    from=127.0.0.5:43511 viewId="3d7b6e…09716f"
        INFO [09-22|13:00:48.768] handleNewViewMsg got new view message    from=127.0.0.4:33051 viewId="3d7b6e…09716f"
        WARN [09-22|13:00:51.691] GetBlockByNumer                          number=48
        WARN [09-22|13:00:52.101] GetBlockByNumer                          number=48
        WARN [09-22|13:00:52.162] GetBlockByNumer                          number=49
        WARN [09-22|13:00:52.278] GetBlockByNumer                          number=50
        WARN [09-22|13:01:00.056] GetBlockByNumer                          number=50
        WARN [09-22|13:01:00.127] GetBlockByNumer                          number=51
        WARN [09-22|13:01:00.498] GetBlockByNumer                          number=52
        WARN [09-22|13:01:01.345] GetBlockByNumer                          number=53
        WARN [09-22|13:01:08.397] GetBlockByNumer                          number=54
        WARN [09-22|13:01:08.933] GetBlockByNumer                          number=55
        WARN [09-22|13:01:09.305] GetBlockByNumer                          number=56
        INFO [09-22|13:01:10.912] handleNewViewMsg got new view message    from=127.0.0.2:45151 viewId="d558ba…13aca2"
        INFO [09-22|13:01:10.937] handleNewViewMsg got new view message    from=127.0.0.7:35839 viewId="d558ba…13aca2"
        INFO [09-22|13:01:10.963] handleNewViewMsg got new view message    from=127.0.0.5:43511 viewId="d558ba…13aca2"
        INFO [09-22|13:01:10.980] handleNewViewMsg got new view message    from=127.0.0.3:34283 viewId="d558ba…13aca2"
        INFO [09-22|13:01:10.996] handleNewViewMsg got new view message    from=127.0.0.6:36973 viewId="d558ba…13aca2"
        INFO [09-22|13:01:11.050] handleNewViewMsg got new view message    from=127.0.0.4:33051 viewId="d558ba…13aca2"
        WARN [09-22|13:01:13.769] GetBlockByNumer                          number=57
        WARN [09-22|13:01:14.261] GetBlockByNumer                          number=58
        WARN [09-22|13:01:14.937] GetBlockByNumer                          number=58
        WARN [09-22|13:01:14.976] GetBlockByNumer                          number=59
        WARN [09-22|13:01:15.113] GetBlockByNumer                          number=60
        WARN [09-22|13:01:19.228] GetBlockByNumer                          number=61
        WARN [09-22|13:01:19.870] GetBlockByNumer                          number=62
        WARN [09-22|13:01:20.262] GetBlockByNumer                          number=63
        WARN [09-22|13:01:20.759] GetBlockByNumer                          number=64
        WARN [09-22|13:01:22.483] GetBlockByNumer                          number=64
        WARN [09-22|13:01:22.524] GetBlockByNumer                          number=65
        WARN [09-22|13:01:22.645] GetBlockByNumer                          number=66
        WARN [09-22|13:01:22.915] GetBlockByNumer                          number=67
        WARN [09-22|13:01:24.231] GetBlockByNumer                          number=68
        WARN [09-22|13:01:28.243] GetBlockByNumer                          number=69
        WARN [09-22|13:01:28.659] GetBlockByNumer                          number=70
        WARN [09-22|13:01:28.795] GetBlockByNumer                          number=71
        WARN [09-22|13:01:29.939] GetBlockByNumer                          number=72
        INFO [09-22|13:01:33.089] handleNewViewMsg got new view message    from=127.0.0.2:45151 viewId="d84cfa…454474"
        INFO [09-22|13:01:33.109] handleNewViewMsg got new view message    from=127.0.0.5:43511 viewId="d84cfa…454474"
        INFO [09-22|13:01:33.127] handleNewViewMsg got new view message    from=127.0.0.4:33051 viewId="d84cfa…454474"
        INFO [09-22|13:01:33.159] handleNewViewMsg got new view message    from=127.0.0.3:34283 viewId="d84cfa…454474"
        INFO [09-22|13:01:33.182] handleNewViewMsg got new view message    from=127.0.0.6:36973 viewId="d84cfa…454474"
        INFO [09-22|13:01:33.269] handleNewViewMsg got new view message    from=127.0.0.7:35839 viewId="d84cfa…454474"
        INFO [09-22|13:01:33.306] handleNewViewMsg got new view message    from=127.0.0.8:37123 viewId="d84cfa…454474"
        INFO [09-22|13:01:37.219] HOTSTUFF PREPARE QC BROADCAST            number=62 viewID="d84cfa…454474" votes=5 threshold=5
        INFO [09-22|13:01:37.485] HOTSTUFF PREPARE QC VERIFIED             number=62 viewID="d84cfa…454474" from=127.0.0.7:35839 maskBytes=1
        INFO [09-22|13:01:40.359] HOTSTUFF PREPARE QC VERIFIED             number=63 viewID="2f57e5…18e69e" from=127.0.0.8:37123 maskBytes=1
        WARN [09-22|13:01:41.294] GetBlockByNumer                          number=73
        WARN [09-22|13:01:41.816] GetBlockByNumer                          number=74
        INFO [09-22|13:01:45.488] HOTSTUFF PREPARE QC VERIFIED             number=65 viewID="94c454…9f152b" from=127.0.0.3:34283 maskBytes=1
        WARN [09-22|13:01:51.278] GetBlockByNumer                          number=75
        WARN [09-22|13:01:52.859] GetBlockByNumer                          number=76
        INFO [09-22|13:01:55.588] handleNewViewMsg got new view message    from=127.0.0.7:35839 viewId="8b499f…00ccda"
        INFO [09-22|13:01:55.622] handleNewViewMsg got new view message    from=127.0.0.4:33051 viewId="8b499f…00ccda"
        INFO [09-22|13:01:55.642] handleNewViewMsg got new view message    from=127.0.0.5:43511 viewId="8b499f…00ccda"
        INFO [09-22|13:01:55.657] handleNewViewMsg got new view message    from=127.0.0.2:45151 viewId="8b499f…00ccda"
        INFO [09-22|13:01:55.672] handleNewViewMsg got new view message    from=127.0.0.6:36973 viewId="8b499f…00ccda"
        INFO [09-22|13:01:55.751] handleNewViewMsg got new view message    from=127.0.0.3:34283 viewId="8b499f…00ccda"
        INFO [09-22|13:01:55.917] handleNewViewMsg got new view message    from=127.0.0.8:37123 viewId="8b499f…00ccda"
        WARN [09-22|13:02:04.537] GetBlockByNumer                          number=77
        WARN [09-22|13:02:05.025] GetBlockByNumer                          number=78
        WARN [09-22|13:02:05.889] GetBlockByNumer                          number=79
        WARN [09-22|13:02:06.023] GetBlockByNumer                          number=80
        WARN [09-22|13:02:14.629] GetBlockByNumer                          number=81
        WARN [09-22|13:02:15.782] GetBlockByNumer                          number=82
        WARN [09-22|13:02:15.782] GetBlockByNumer                          number=80
        WARN [09-22|13:02:15.811] GetBlockByNumer                          number=82
        WARN [09-22|13:02:15.822] GetBlockByNumer                          number=81
        WARN [09-22|13:02:15.830] GetBlockByNumer                          number=82
        WARN [09-22|13:02:15.868] GetBlockByNumer                          number=83
        WARN [09-22|13:02:15.994] GetBlockByNumer                          number=84
        INFO [09-22|13:02:17.749] handleNewViewMsg got new view message    from=127.0.0.4:33051 viewId="ac51e1…19c838"
        INFO [09-22|13:02:17.771] handleNewViewMsg got new view message    from=127.0.0.8:37123 viewId="ac51e1…19c838"
        INFO [09-22|13:02:17.793] handleNewViewMsg got new view message    from=127.0.0.6:36973 viewId="ac51e1…19c838"
        INFO [09-22|13:02:17.831] handleNewViewMsg got new view message    from=127.0.0.7:35839 viewId="ac51e1…19c838"
        INFO [09-22|13:02:17.861] handleNewViewMsg got new view message    from=127.0.0.2:45151 viewId="ac51e1…19c838"
        INFO [09-22|13:02:17.915] handleNewViewMsg got new view message    from=127.0.0.3:34283 viewId="ac51e1…19c838"
        INFO [09-22|13:02:17.955] handleNewViewMsg got new view message    from=127.0.0.5:43511 viewId="ac51e1…19c838"
        WARN [09-22|13:02:22.622] GetBlockByNumer                          number=85
        WARN [09-22|13:02:23.149] GetBlockByNumer                          number=86
        WARN [09-22|13:02:23.639] GetBlockByNumer                          number=87
        WARN [09-22|13:02:24.006] GetBlockByNumer                          number=88
        WARN [09-22|13:02:27.390] GetBlockByNumer                          number=89
        WARN [09-22|13:02:28.312] GetBlockByNumer                          number=90
        WARN [09-22|13:02:28.522] GetBlockByNumer                          number=91
        WARN [09-22|13:02:29.178] GetBlockByNumer                          number=92
        INFO [09-22|13:02:39.608] handleNewViewMsg got new view message    from=127.0.0.8:37123 viewId="6cf9cc…03cef0"
        INFO [09-22|13:02:39.638] handleNewViewMsg got new view message    from=127.0.0.5:43511 viewId="6cf9cc…03cef0"
        INFO [09-22|13:02:39.654] handleNewViewMsg got new view message    from=127.0.0.6:36973 viewId="6cf9cc…03cef0"
        INFO [09-22|13:02:39.670] handleNewViewMsg got new view message    from=127.0.0.3:34283 viewId="6cf9cc…03cef0"
        INFO [09-22|13:02:39.690] handleNewViewMsg got new view message    from=127.0.0.7:35839 viewId="6cf9cc…03cef0"
        INFO [09-22|13:02:39.759] handleNewViewMsg got new view message    from=127.0.0.2:45151 viewId="6cf9cc…03cef0"
        INFO [09-22|13:02:39.811] handleNewViewMsg got new view message    from=127.0.0.4:33051 viewId="6cf9cc…03cef0"
        INFO [09-22|13:03:01.379] handleNewViewMsg got new view message    from=127.0.0.4:33051 viewId="f9f3f9…e94453"
        INFO [09-22|13:03:01.396] handleNewViewMsg got new view message    from=127.0.0.7:35839 viewId="f9f3f9…e94453"
        INFO [09-22|13:03:01.420] handleNewViewMsg got new view message    from=127.0.0.3:34283 viewId="f9f3f9…e94453"
        INFO [09-22|13:03:01.450] handleNewViewMsg got new view message    from=127.0.0.8:37123 viewId="f9f3f9…e94453"
        INFO [09-22|13:03:01.479] handleNewViewMsg got new view message    from=127.0.0.6:36973 viewId="f9f3f9…e94453"
        INFO [09-22|13:03:01.543] handleNewViewMsg got new view message    from=127.0.0.5:43511 viewId="f9f3f9…e94453"
        INFO [09-22|13:03:01.560] handleNewViewMsg got new view message    from=127.0.0.2:45151 viewId="f9f3f9…e94453"
    dex_financial_cli_test.go:116: ordinary CLI full log /tmp/dex-normal-cli-failure-1986220888.log
    dex_financial_cli_test.go:121: ordinary Common4:                        number=38
        WARN [09-22|13:00:19.539] GetBlockByNumer                          number=39
        WARN [09-22|13:00:19.584] GetBlockByNumer                          number=40
        WARN [09-22|13:00:19.594] GetBlockByNumer                          number=39
        INFO [09-22|13:00:23.267] handleNewViewMsg got new view message    from=127.0.0.4:33051 viewId="b2b05b…aabe67"
        INFO [09-22|13:00:23.293] handleNewViewMsg got new view message    from=127.0.0.6:36973 viewId="b2b05b…aabe67"
        INFO [09-22|13:00:23.310] handleNewViewMsg got new view message    from=127.0.0.3:34283 viewId="b2b05b…aabe67"
        INFO [09-22|13:00:23.329] handleNewViewMsg got new view message    from=127.0.0.7:35839 viewId="b2b05b…aabe67"
        INFO [09-22|13:00:23.346] handleNewViewMsg got new view message    from=127.0.0.5:43511 viewId="b2b05b…aabe67"
        INFO [09-22|13:00:23.420] handleNewViewMsg got new view message    from=127.0.0.2:45151 viewId="b2b05b…aabe67"
        WARN [09-22|13:00:28.911] GetBlockByNumer                          number=41
        WARN [09-22|13:00:30.075] GetBlockByNumer                          number=42
        WARN [09-22|13:00:31.461] GetBlockByNumer                          number=42
        WARN [09-22|13:00:31.600] GetBlockByNumer                          number=43
        WARN [09-22|13:00:31.761] GetBlockByNumer                          number=44
        WARN [09-22|13:00:42.400] GetBlockByNumer                          number=45
        WARN [09-22|13:00:42.933] GetBlockByNumer                          number=46
        WARN [09-22|13:00:43.308] GetBlockByNumer                          number=47
        INFO [09-22|13:00:45.384] handleNewViewMsg got new view message    from=127.0.0.6:36973 viewId="76f766…025163"
        INFO [09-22|13:00:45.437] handleNewViewMsg got new view message    from=127.0.0.3:34283 viewId="76f766…025163"
        INFO [09-22|13:00:45.463] handleNewViewMsg got new view message    from=127.0.0.2:45151 viewId="76f766…025163"
        INFO [09-22|13:00:45.529] handleNewViewMsg got new view message    from=127.0.0.7:35839 viewId="76f766…025163"
        INFO [09-22|13:00:45.574] handleNewViewMsg got new view message    from=127.0.0.5:43511 viewId="76f766…025163"
        INFO [09-22|13:00:45.628] handleNewViewMsg got new view message    from=127.0.0.4:33051 viewId="76f766…025163"
        WARN [09-22|13:00:51.146] GetBlockByNumer                          number=48
        WARN [09-22|13:00:52.098] GetBlockByNumer                          number=48
        WARN [09-22|13:00:52.168] GetBlockByNumer                          number=49
        WARN [09-22|13:00:52.333] GetBlockByNumer                          number=50
        WARN [09-22|13:00:59.859] GetBlockByNumer                          number=51
        WARN [09-22|13:01:00.099] GetBlockByNumer                          number=52
        WARN [09-22|13:01:01.322] GetBlockByNumer                          number=53
        INFO [09-22|13:01:07.699] handleNewViewMsg got new view message    from=127.0.0.4:33051 viewId="ce71e9…a897d7"
        INFO [09-22|13:01:07.790] handleNewViewMsg got new view message    from=127.0.0.3:34283 viewId="ce71e9…a897d7"
        INFO [09-22|13:01:07.825] handleNewViewMsg got new view message    from=127.0.0.6:36973 viewId="ce71e9…a897d7"
        INFO [09-22|13:01:07.847] handleNewViewMsg got new view message    from=127.0.0.7:35839 viewId="ce71e9…a897d7"
        INFO [09-22|13:01:07.866] handleNewViewMsg got new view message    from=127.0.0.5:43511 viewId="ce71e9…a897d7"
        INFO [09-22|13:01:07.934] handleNewViewMsg got new view message    from=127.0.0.2:45151 viewId="ce71e9…a897d7"
        WARN [09-22|13:01:08.165] GetBlockByNumer                          number=53
        WARN [09-22|13:01:08.203] GetBlockByNumer                          number=54
        WARN [09-22|13:01:08.426] GetBlockByNumer                          number=55
        WARN [09-22|13:01:09.289] GetBlockByNumer                          number=56
        WARN [09-22|13:01:14.321] GetBlockByNumer                          number=57
        WARN [09-22|13:01:14.955] GetBlockByNumer                          number=58
        WARN [09-22|13:01:14.955] GetBlockByNumer                          number=56
        WARN [09-22|13:01:15.036] GetBlockByNumer                          number=58
        WARN [09-22|13:01:15.050] GetBlockByNumer                          number=57
        WARN [09-22|13:01:15.058] GetBlockByNumer                          number=58
        WARN [09-22|13:01:15.099] GetBlockByNumer                          number=59
        WARN [09-22|13:01:15.157] GetBlockByNumer                          number=60
        WARN [09-22|13:01:15.169] GetBlockByNumer                          number=59
        WARN [09-22|13:01:19.263] GetBlockByNumer                          number=61
        WARN [09-22|13:01:19.640] GetBlockByNumer                          number=61
        WARN [09-22|13:01:19.757] GetBlockByNumer                          number=62
        WARN [09-22|13:01:19.799] GetBlockByNumer                          number=63
        WARN [09-22|13:01:20.765] GetBlockByNumer                          number=64
        WARN [09-22|13:01:22.492] GetBlockByNumer                          number=64
        WARN [09-22|13:01:22.539] GetBlockByNumer                          number=65
        WARN [09-22|13:01:22.661] GetBlockByNumer                          number=66
        WARN [09-22|13:01:23.511] GetBlockByNumer                          number=67
        WARN [09-22|13:01:24.217] GetBlockByNumer                          number=68
        INFO [09-22|13:01:25.975] handleNewViewMsg got new view message    from=127.0.0.8:37123 viewId="c4285a…e1d054"
        WARN [09-22|13:01:25.982] reject new-view before storage           from=127.0.0.8:37123 viewID="c4285a…e1d054" err="hotstuff view state too old"
        WARN [09-22|13:01:28.231] GetBlockByNumer                          number=69
        WARN [09-22|13:01:28.666] GetBlockByNumer                          number=70
        WARN [09-22|13:01:28.805] GetBlockByNumer                          number=71
        WARN [09-22|13:01:29.941] GetBlockByNumer                          number=72
        INFO [09-22|13:01:30.020] handleNewViewMsg got new view message    from=127.0.0.7:35839 viewId="4cbffd…8abf3f"
        INFO [09-22|13:01:30.059] handleNewViewMsg got new view message    from=127.0.0.6:36973 viewId="4cbffd…8abf3f"
        INFO [09-22|13:01:30.078] handleNewViewMsg got new view message    from=127.0.0.3:34283 viewId="4cbffd…8abf3f"
        INFO [09-22|13:01:30.095] handleNewViewMsg got new view message    from=127.0.0.4:33051 viewId="4cbffd…8abf3f"
        INFO [09-22|13:01:30.113] handleNewViewMsg got new view message    from=127.0.0.5:43511 viewId="4cbffd…8abf3f"
        INFO [09-22|13:01:30.218] handleNewViewMsg got new view message    from=127.0.0.2:45151 viewId="4cbffd…8abf3f"
        INFO [09-22|13:01:30.391] handleNewViewMsg got new view message    from=127.0.0.8:37123 viewId="4cbffd…8abf3f"
        INFO [09-22|13:01:37.266] HOTSTUFF PREPARE QC VERIFIED             number=62 viewID="d84cfa…454474" from=127.0.0.7:35839 maskBytes=1
        INFO [09-22|13:01:40.400] HOTSTUFF PREPARE QC VERIFIED             number=63 viewID="2f57e5…18e69e" from=127.0.0.8:37123 maskBytes=1
        WARN [09-22|13:01:41.068] GetBlockByNumer                          number=72
        WARN [09-22|13:01:41.146] GetBlockByNumer                          number=73
        WARN [09-22|13:01:41.259] GetBlockByNumer                          number=74
        INFO [09-22|13:01:45.647] HOTSTUFF PREPARE QC VERIFIED             number=65 viewID="94c454…9f152b" from=127.0.0.3:34283 maskBytes=1
        WARN [09-22|13:01:51.296] GetBlockByNumer                          number=75
        WARN [09-22|13:01:52.202] GetBlockByNumer                          number=76
        INFO [09-22|13:01:52.317] handleNewViewMsg got new view message    from=127.0.0.4:33051 viewId="3ba769…aeb4fc"
        INFO [09-22|13:01:52.338] handleNewViewMsg got new view message    from=127.0.0.6:36973 viewId="3ba769…aeb4fc"
        INFO [09-22|13:01:52.359] handleNewViewMsg got new view message    from=127.0.0.2:45151 viewId="3ba769…aeb4fc"
        INFO [09-22|13:01:52.404] handleNewViewMsg got new view message    from=127.0.0.8:37123 viewId="3ba769…aeb4fc"
        INFO [09-22|13:01:52.428] handleNewViewMsg got new view message    from=127.0.0.3:34283 viewId="3ba769…aeb4fc"
        INFO [09-22|13:01:52.971] handleNewViewMsg got new view message    from=127.0.0.5:43511 viewId="3ba769…aeb4fc"
        INFO [09-22|13:01:52.995] handleNewViewMsg got new view message    from=127.0.0.7:35839 viewId="3ba769…aeb4fc"
        WARN [09-22|13:02:04.500] GetBlockByNumer                          number=77
        WARN [09-22|13:02:05.552] GetBlockByNumer                          number=78
        WARN [09-22|13:02:05.975] GetBlockByNumer                          number=78
        WARN [09-22|13:02:06.015] GetBlockByNumer                          number=79
        WARN [09-22|13:02:06.087] GetBlockByNumer                          number=80
        WARN [09-22|13:02:06.104] GetBlockByNumer                          number=79
        INFO [09-22|13:02:14.585] handleNewViewMsg got new view message    from=127.0.0.8:37123 viewId="eff6c1…6cd7a2"
        INFO [09-22|13:02:14.626] handleNewViewMsg got new view message    from=127.0.0.4:33051 viewId="eff6c1…6cd7a2"
        INFO [09-22|13:02:14.667] handleNewViewMsg got new view message    from=127.0.0.6:36973 viewId="eff6c1…6cd7a2"
        INFO [09-22|13:02:14.682] handleNewViewMsg got new view message    from=127.0.0.3:34283 viewId="eff6c1…6cd7a2"
        INFO [09-22|13:02:14.698] handleNewViewMsg got new view message    from=127.0.0.7:35839 viewId="eff6c1…6cd7a2"
        INFO [09-22|13:02:14.784] handleNewViewMsg got new view message    from=127.0.0.2:45151 viewId="eff6c1…6cd7a2"
        INFO [09-22|13:02:14.869] handleNewViewMsg got new view message    from=127.0.0.5:43511 viewId="eff6c1…6cd7a2"
        WARN [09-22|13:02:14.982] GetBlockByNumer                          number=80
        WARN [09-22|13:02:15.036] GetBlockByNumer                          number=81
        WARN [09-22|13:02:15.211] GetBlockByNumer                          number=82
        WARN [09-22|13:02:15.439] GetBlockByNumer                          number=83
        WARN [09-22|13:02:15.854] GetBlockByNumer                          number=84
        WARN [09-22|13:02:22.617] GetBlockByNumer                          number=85
        WARN [09-22|13:02:23.149] GetBlockByNumer                          number=86
        WARN [09-22|13:02:23.632] GetBlockByNumer                          number=87
        WARN [09-22|13:02:24.002] GetBlockByNumer                          number=88
        WARN [09-22|13:02:27.293] GetBlockByNumer                          number=89
        WARN [09-22|13:02:28.328] GetBlockByNumer                          number=90
        WARN [09-22|13:02:28.508] GetBlockByNumer                          number=91
        WARN [09-22|13:02:29.173] GetBlockByNumer                          number=92
        INFO [09-22|13:02:36.502] handleNewViewMsg got new view message    from=127.0.0.6:36973 viewId="b1235b…b8df21"
        INFO [09-22|13:02:36.522] handleNewViewMsg got new view message    from=127.0.0.5:43511 viewId="b1235b…b8df21"
        INFO [09-22|13:02:36.541] handleNewViewMsg got new view message    from=127.0.0.7:35839 viewId="b1235b…b8df21"
        INFO [09-22|13:02:36.557] handleNewViewMsg got new view message    from=127.0.0.2:45151 viewId="b1235b…b8df21"
        INFO [09-22|13:02:36.582] handleNewViewMsg got new view message    from=127.0.0.8:37123 viewId="b1235b…b8df21"
        INFO [09-22|13:02:36.639] handleNewViewMsg got new view message    from=127.0.0.4:33051 viewId="b1235b…b8df21"
        INFO [09-22|13:02:36.686] handleNewViewMsg got new view message    from=127.0.0.3:34283 viewId="b1235b…b8df21"
        INFO [09-22|13:02:58.297] handleNewViewMsg got new view message    from=127.0.0.5:43511 viewId="86f495…05b4fa"
        INFO [09-22|13:02:58.323] handleNewViewMsg got new view message    from=127.0.0.4:33051 viewId="86f495…05b4fa"
        INFO [09-22|13:02:58.351] handleNewViewMsg got new view message    from=127.0.0.8:37123 viewId="86f495…05b4fa"
        INFO [09-22|13:02:58.372] handleNewViewMsg got new view message    from=127.0.0.6:36973 viewId="86f495…05b4fa"
        INFO [09-22|13:02:58.391] handleNewViewMsg got new view message    from=127.0.0.7:35839 viewId="86f495…05b4fa"
        INFO [09-22|13:02:58.488] handleNewViewMsg got new view message    from=127.0.0.2:45151 viewId="86f495…05b4fa"
        INFO [09-22|13:02:58.566] handleNewViewMsg got new view message    from=127.0.0.3:34283 viewId="86f495…05b4fa"
    dex_financial_cli_test.go:116: ordinary CLI full log /tmp/dex-normal-cli-failure-2727092267.log
    dex_financial_cli_test.go:121: ordinary Common3: 59:58.410] GetBlockByNumer                          number=31
        WARN [09-22|13:00:03.822] GetBlockByNumer                          number=32
        WARN [09-22|13:00:04.191] GetBlockByNumer                          number=33
        WARN [09-22|13:00:05.294] GetBlockByNumer                          number=34
        WARN [09-22|13:00:11.768] GetBlockByNumer                          number=35
        WARN [09-22|13:00:13.729] GetBlockByNumer                          number=36
        WARN [09-22|13:00:14.257] GetBlockByNumer                          number=37
        WARN [09-22|13:00:19.457] GetBlockByNumer                          number=38
        WARN [09-22|13:00:19.457] GetBlockByNumer                          number=36
        WARN [09-22|13:00:19.459] GetBlockByNumer                          number=37
        WARN [09-22|13:00:19.498] GetBlockByNumer                          number=38
        WARN [09-22|13:00:19.596] GetBlockByNumer                          number=39
        WARN [09-22|13:00:19.672] GetBlockByNumer                          number=40
        INFO [09-22|13:00:20.123] handleNewViewMsg got new view message    from=127.0.0.5:43511 viewId="81087c…4ca8b7"
        INFO [09-22|13:00:20.148] handleNewViewMsg got new view message    from=127.0.0.7:35839 viewId="81087c…4ca8b7"
        INFO [09-22|13:00:20.183] handleNewViewMsg got new view message    from=127.0.0.6:36973 viewId="81087c…4ca8b7"
        INFO [09-22|13:00:20.206] handleNewViewMsg got new view message    from=127.0.0.4:33051 viewId="81087c…4ca8b7"
        INFO [09-22|13:00:20.222] handleNewViewMsg got new view message    from=127.0.0.3:34283 viewId="81087c…4ca8b7"
        INFO [09-22|13:00:20.298] handleNewViewMsg got new view message    from=127.0.0.2:45151 viewId="81087c…4ca8b7"
        WARN [09-22|13:00:28.915] GetBlockByNumer                          number=41
        WARN [09-22|13:00:30.065] GetBlockByNumer                          number=42
        WARN [09-22|13:00:31.767] GetBlockByNumer                          number=43
        WARN [09-22|13:00:32.189] GetBlockByNumer                          number=44
        INFO [09-22|13:00:42.187] handleNewViewMsg got new view message    from=127.0.0.7:35839 viewId="dfed2c…31d51a"
        INFO [09-22|13:00:42.207] handleNewViewMsg got new view message    from=127.0.0.2:45151 viewId="dfed2c…31d51a"
        INFO [09-22|13:00:42.223] handleNewViewMsg got new view message    from=127.0.0.5:43511 viewId="dfed2c…31d51a"
        INFO [09-22|13:00:42.275] handleNewViewMsg got new view message    from=127.0.0.3:34283 viewId="dfed2c…31d51a"
        INFO [09-22|13:00:42.303] handleNewViewMsg got new view message    from=127.0.0.4:33051 viewId="dfed2c…31d51a"
        WARN [09-22|13:00:42.373] GetBlockByNumer                          number=45
        INFO [09-22|13:00:42.396] handleNewViewMsg got new view message    from=127.0.0.6:36973 viewId="dfed2c…31d51a"
        WARN [09-22|13:00:42.497] GetBlockByNumer                          number=45
        WARN [09-22|13:00:42.636] GetBlockByNumer                          number=46
        WARN [09-22|13:00:42.783] GetBlockByNumer                          number=47
        WARN [09-22|13:00:51.141] GetBlockByNumer                          number=48
        WARN [09-22|13:00:52.375] GetBlockByNumer                          number=49
        WARN [09-22|13:00:52.906] GetBlockByNumer                          number=50
        WARN [09-22|13:00:59.852] GetBlockByNumer                          number=51
        WARN [09-22|13:01:00.490] GetBlockByNumer                          number=51
        WARN [09-22|13:01:00.586] GetBlockByNumer                          number=52
        WARN [09-22|13:01:00.671] GetBlockByNumer                          number=53
        INFO [09-22|13:01:04.276] handleNewViewMsg got new view message    from=127.0.0.6:36973 viewId="499f1d…a48abb"
        INFO [09-22|13:01:04.300] handleNewViewMsg got new view message    from=127.0.0.5:43511 viewId="499f1d…a48abb"
        INFO [09-22|13:01:04.317] handleNewViewMsg got new view message    from=127.0.0.7:35839 viewId="499f1d…a48abb"
        INFO [09-22|13:01:04.332] handleNewViewMsg got new view message    from=127.0.0.3:34283 viewId="499f1d…a48abb"
        INFO [09-22|13:01:04.348] handleNewViewMsg got new view message    from=127.0.0.2:45151 viewId="499f1d…a48abb"
        INFO [09-22|13:01:04.469] handleNewViewMsg got new view message    from=127.0.0.4:33051 viewId="499f1d…a48abb"
        WARN [09-22|13:01:08.170] GetBlockByNumer                          number=53
        WARN [09-22|13:01:08.234] GetBlockByNumer                          number=54
        WARN [09-22|13:01:08.416] GetBlockByNumer                          number=55
        WARN [09-22|13:01:08.627] GetBlockByNumer                          number=56
        WARN [09-22|13:01:14.288] GetBlockByNumer                          number=57
        WARN [09-22|13:01:15.021] GetBlockByNumer                          number=58
        WARN [09-22|13:01:15.099] GetBlockByNumer                          number=59
        WARN [09-22|13:01:15.614] GetBlockByNumer                          number=60
        WARN [09-22|13:01:19.232] GetBlockByNumer                          number=61
        WARN [09-22|13:01:19.650] GetBlockByNumer                          number=61
        WARN [09-22|13:01:19.717] GetBlockByNumer                          number=62
        WARN [09-22|13:01:19.845] GetBlockByNumer                          number=63
        WARN [09-22|13:01:20.030] GetBlockByNumer                          number=64
        WARN [09-22|13:01:22.660] GetBlockByNumer                          number=65
        WARN [09-22|13:01:23.214] GetBlockByNumer                          number=66
        WARN [09-22|13:01:23.545] GetBlockByNumer                          number=67
        WARN [09-22|13:01:24.292] GetBlockByNumer                          number=68
        INFO [09-22|13:01:26.802] handleNewViewMsg got new view message    from=127.0.0.4:33051 viewId="6d951b…ae8511"
        INFO [09-22|13:01:26.819] handleNewViewMsg got new view message    from=127.0.0.5:43511 viewId="6d951b…ae8511"
        INFO [09-22|13:01:26.844] handleNewViewMsg got new view message    from=127.0.0.7:35839 viewId="6d951b…ae8511"
        INFO [09-22|13:01:26.861] handleNewViewMsg got new view message    from=127.0.0.6:36973 viewId="6d951b…ae8511"
        INFO [09-22|13:01:26.888] handleNewViewMsg got new view message    from=127.0.0.3:34283 viewId="6d951b…ae8511"
        INFO [09-22|13:01:26.975] handleNewViewMsg got new view message    from=127.0.0.2:45151 viewId="6d951b…ae8511"
        INFO [09-22|13:01:27.043] handleNewViewMsg got new view message    from=127.0.0.8:37123 viewId="6d951b…ae8511"
        WARN [09-22|13:01:28.225] GetBlockByNumer                          number=69
        WARN [09-22|13:01:28.660] GetBlockByNumer                          number=70
        WARN [09-22|13:01:29.397] GetBlockByNumer                          number=71
        WARN [09-22|13:01:29.994] GetBlockByNumer                          number=72
        INFO [09-22|13:01:37.319] HOTSTUFF PREPARE QC VERIFIED             number=62 viewID="d84cfa…454474" from=127.0.0.7:35839 maskBytes=1
        INFO [09-22|13:01:40.347] HOTSTUFF PREPARE QC VERIFIED             number=63 viewID="2f57e5…18e69e" from=127.0.0.8:37123 maskBytes=1
        WARN [09-22|13:01:41.081] GetBlockByNumer                          number=72
        WARN [09-22|13:01:41.166] GetBlockByNumer                          number=73
        WARN [09-22|13:01:41.339] GetBlockByNumer                          number=74
        INFO [09-22|13:01:45.699] HOTSTUFF PREPARE QC VERIFIED             number=65 viewID="94c454…9f152b" from=127.0.0.3:34283 maskBytes=1
        INFO [09-22|13:01:49.412] handleNewViewMsg got new view message    from=127.0.0.2:45151 viewId="a0e44f…38621c"
        INFO [09-22|13:01:49.431] handleNewViewMsg got new view message    from=127.0.0.7:35839 viewId="a0e44f…38621c"
        INFO [09-22|13:01:49.461] handleNewViewMsg got new view message    from=127.0.0.4:33051 viewId="a0e44f…38621c"
        INFO [09-22|13:01:49.486] handleNewViewMsg got new view message    from=127.0.0.8:37123 viewId="a0e44f…38621c"
        INFO [09-22|13:01:49.543] handleNewViewMsg got new view message    from=127.0.0.5:43511 viewId="a0e44f…38621c"
        INFO [09-22|13:01:49.826] handleNewViewMsg got new view message    from=127.0.0.3:34283 viewId="a0e44f…38621c"
        INFO [09-22|13:01:49.867] handleNewViewMsg got new view message    from=127.0.0.6:36973 viewId="a0e44f…38621c"
        WARN [09-22|13:01:51.893] GetBlockByNumer                          number=75
        WARN [09-22|13:01:52.112] GetBlockByNumer                          number=76
        WARN [09-22|13:02:03.970] GetBlockByNumer                          number=77
        WARN [09-22|13:02:05.136] GetBlockByNumer                          number=78
        WARN [09-22|13:02:05.980] GetBlockByNumer                          number=79
        WARN [09-22|13:02:06.682] GetBlockByNumer                          number=80
        INFO [09-22|13:02:11.399] handleNewViewMsg got new view message    from=127.0.0.4:33051 viewId="690462…3b31d2"
        INFO [09-22|13:02:11.442] handleNewViewMsg got new view message    from=127.0.0.5:43511 viewId="690462…3b31d2"
        INFO [09-22|13:02:11.468] handleNewViewMsg got new view message    from=127.0.0.6:36973 viewId="690462…3b31d2"
        INFO [09-22|13:02:11.487] handleNewViewMsg got new view message    from=127.0.0.7:35839 viewId="690462…3b31d2"
        INFO [09-22|13:02:11.502] handleNewViewMsg got new view message    from=127.0.0.3:34283 viewId="690462…3b31d2"
        INFO [09-22|13:02:11.570] handleNewViewMsg got new view message    from=127.0.0.8:37123 viewId="690462…3b31d2"
        INFO [09-22|13:02:11.665] handleNewViewMsg got new view message    from=127.0.0.2:45151 viewId="690462…3b31d2"
        WARN [09-22|13:02:15.001] GetBlockByNumer                          number=80
        WARN [09-22|13:02:15.093] GetBlockByNumer                          number=81
        WARN [09-22|13:02:15.268] GetBlockByNumer                          number=82
        WARN [09-22|13:02:15.439] GetBlockByNumer                          number=83
        WARN [09-22|13:02:16.503] GetBlockByNumer                          number=84
        WARN [09-22|13:02:22.616] GetBlockByNumer                          number=85
        WARN [09-22|13:02:23.140] GetBlockByNumer                          number=86
        WARN [09-22|13:02:23.634] GetBlockByNumer                          number=87
        WARN [09-22|13:02:24.032] GetBlockByNumer                          number=88
        WARN [09-22|13:02:27.395] GetBlockByNumer                          number=89
        WARN [09-22|13:02:28.313] GetBlockByNumer                          number=90
        WARN [09-22|13:02:28.426] GetBlockByNumer                          number=90
        WARN [09-22|13:02:28.519] GetBlockByNumer                          number=91
        WARN [09-22|13:02:28.544] GetBlockByNumer                          number=91
        WARN [09-22|13:02:28.590] GetBlockByNumer                          number=92
        INFO [09-22|13:02:33.411] handleNewViewMsg got new view message    from=127.0.0.3:34283 viewId="a45339…1bf5a1"
        INFO [09-22|13:02:33.428] handleNewViewMsg got new view message    from=127.0.0.6:36973 viewId="a45339…1bf5a1"
        INFO [09-22|13:02:33.445] handleNewViewMsg got new view message    from=127.0.0.5:43511 viewId="a45339…1bf5a1"
        INFO [09-22|13:02:33.473] handleNewViewMsg got new view message    from=127.0.0.7:35839 viewId="a45339…1bf5a1"
        INFO [09-22|13:02:33.491] handleNewViewMsg got new view message    from=127.0.0.4:33051 viewId="a45339…1bf5a1"
        INFO [09-22|13:02:33.551] handleNewViewMsg got new view message    from=127.0.0.2:45151 viewId="a45339…1bf5a1"
        INFO [09-22|13:02:33.589] handleNewViewMsg got new view message    from=127.0.0.8:37123 viewId="a45339…1bf5a1"
        INFO [09-22|13:02:55.131] handleNewViewMsg got new view message    from=127.0.0.4:33051 viewId="77a232…cb4234"
        INFO [09-22|13:02:55.150] handleNewViewMsg got new view message    from=127.0.0.7:35839 viewId="77a232…cb4234"
        INFO [09-22|13:02:55.172] handleNewViewMsg got new view message    from=127.0.0.8:37123 viewId="77a232…cb4234"
        INFO [09-22|13:02:55.244] handleNewViewMsg got new view message    from=127.0.0.5:43511 viewId="77a232…cb4234"
        INFO [09-22|13:02:55.260] handleNewViewMsg got new view message    from=127.0.0.6:36973 viewId="77a232…cb4234"
        INFO [09-22|13:02:55.346] handleNewViewMsg got new view message    from=127.0.0.2:45151 viewId="77a232…cb4234"
        INFO [09-22|13:02:55.363] handleNewViewMsg got new view message    from=127.0.0.3:34283 viewId="77a232…cb4234"
    dex_financial_cli_test.go:116: ordinary CLI full log /tmp/dex-normal-cli-failure-367810962.log
    dex_financial_cli_test.go:121: ordinary Common2: =33
        WARN [09-22|13:00:04.718] GetBlockByNumer                          number=34
        WARN [09-22|13:00:11.821] GetBlockByNumer                          number=35
        WARN [09-22|13:00:12.663] GetBlockByNumer                          number=36
        WARN [09-22|13:00:13.549] GetBlockByNumer                          number=37
        INFO [09-22|13:00:17.061] handleNewViewMsg got new view message    from=127.0.0.5:43511 viewId="2a93e8…621f3d"
        INFO [09-22|13:00:17.097] handleNewViewMsg got new view message    from=127.0.0.2:45151 viewId="2a93e8…621f3d"
        INFO [09-22|13:00:17.117] handleNewViewMsg got new view message    from=127.0.0.4:33051 viewId="2a93e8…621f3d"
        INFO [09-22|13:00:17.144] handleNewViewMsg got new view message    from=127.0.0.6:36973 viewId="2a93e8…621f3d"
        INFO [09-22|13:00:17.167] handleNewViewMsg got new view message    from=127.0.0.7:35839 viewId="2a93e8…621f3d"
        INFO [09-22|13:00:17.249] handleNewViewMsg got new view message    from=127.0.0.3:34283 viewId="2a93e8…621f3d"
        WARN [09-22|13:00:19.659] GetBlockByNumer                          number=38
        WARN [09-22|13:00:19.989] GetBlockByNumer                          number=39
        WARN [09-22|13:00:20.188] GetBlockByNumer                          number=40
        WARN [09-22|13:00:29.239] GetBlockByNumer                          number=40
        WARN [09-22|13:00:29.315] GetBlockByNumer                          number=41
        WARN [09-22|13:00:29.502] GetBlockByNumer                          number=42
        WARN [09-22|13:00:31.767] GetBlockByNumer                          number=43
        WARN [09-22|13:00:32.197] GetBlockByNumer                          number=44
        INFO [09-22|13:00:39.025] handleNewViewMsg got new view message    from=127.0.0.4:33051 viewId="88ec17…c481cc"
        INFO [09-22|13:00:39.054] handleNewViewMsg got new view message    from=127.0.0.2:45151 viewId="88ec17…c481cc"
        INFO [09-22|13:00:39.075] handleNewViewMsg got new view message    from=127.0.0.5:43511 viewId="88ec17…c481cc"
        INFO [09-22|13:00:39.099] handleNewViewMsg got new view message    from=127.0.0.6:36973 viewId="88ec17…c481cc"
        INFO [09-22|13:00:39.131] handleNewViewMsg got new view message    from=127.0.0.7:35839 viewId="88ec17…c481cc"
        INFO [09-22|13:00:39.197] handleNewViewMsg got new view message    from=127.0.0.3:34283 viewId="88ec17…c481cc"
        WARN [09-22|13:00:42.389] GetBlockByNumer                          number=45
        WARN [09-22|13:00:42.498] GetBlockByNumer                          number=45
        WARN [09-22|13:00:42.611] GetBlockByNumer                          number=46
        WARN [09-22|13:00:42.761] GetBlockByNumer                          number=47
        WARN [09-22|13:00:51.555] GetBlockByNumer                          number=47
        WARN [09-22|13:00:51.603] GetBlockByNumer                          number=48
        WARN [09-22|13:00:51.706] GetBlockByNumer                          number=49
        WARN [09-22|13:00:52.941] GetBlockByNumer                          number=50
        WARN [09-22|13:01:00.441] GetBlockByNumer                          number=51
        WARN [09-22|13:01:00.490] GetBlockByNumer                          number=51
        WARN [09-22|13:01:00.682] GetBlockByNumer                          number=52
        WARN [09-22|13:01:00.785] GetBlockByNumer                          number=53
        INFO [09-22|13:01:01.209] handleNewViewMsg got new view message    from=127.0.0.2:45151 viewId="42121c…27305b"
        INFO [09-22|13:01:01.229] handleNewViewMsg got new view message    from=127.0.0.6:36973 viewId="42121c…27305b"
        INFO [09-22|13:01:01.246] handleNewViewMsg got new view message    from=127.0.0.7:35839 viewId="42121c…27305b"
        INFO [09-22|13:01:01.263] handleNewViewMsg got new view message    from=127.0.0.5:43511 viewId="42121c…27305b"
        INFO [09-22|13:01:01.279] handleNewViewMsg got new view message    from=127.0.0.4:33051 viewId="42121c…27305b"
        INFO [09-22|13:01:01.362] handleNewViewMsg got new view message    from=127.0.0.3:34283 viewId="42121c…27305b"
        WARN [09-22|13:01:08.381] GetBlockByNumer                          number=54
        WARN [09-22|13:01:08.584] GetBlockByNumer                          number=54
        WARN [09-22|13:01:08.693] GetBlockByNumer                          number=55
        WARN [09-22|13:01:08.806] GetBlockByNumer                          number=56
        WARN [09-22|13:01:14.324] GetBlockByNumer                          number=57
        WARN [09-22|13:01:15.006] GetBlockByNumer                          number=58
        WARN [09-22|13:01:15.097] GetBlockByNumer                          number=59
        WARN [09-22|13:01:15.625] GetBlockByNumer                          number=60
        WARN [09-22|13:01:19.249] GetBlockByNumer                          number=61
        WARN [09-22|13:01:19.838] GetBlockByNumer                          number=62
        WARN [09-22|13:01:19.981] GetBlockByNumer                          number=62
        WARN [09-22|13:01:20.112] GetBlockByNumer                          number=63
        WARN [09-22|13:01:20.301] GetBlockByNumer                          number=64
        WARN [09-22|13:01:22.658] GetBlockByNumer                          number=65
        WARN [09-22|13:01:23.258] GetBlockByNumer                          number=66
        WARN [09-22|13:01:23.490] GetBlockByNumer                          number=67
        INFO [09-22|13:01:23.504] handleNewViewMsg got new view message    from=127.0.0.2:45151 viewId="72dfa6…499ac8"
        INFO [09-22|13:01:23.546] handleNewViewMsg got new view message    from=127.0.0.4:33051 viewId="72dfa6…499ac8"
        INFO [09-22|13:01:23.582] handleNewViewMsg got new view message    from=127.0.0.7:35839 viewId="72dfa6…499ac8"
        INFO [09-22|13:01:23.602] handleNewViewMsg got new view message    from=127.0.0.5:43511 viewId="72dfa6…499ac8"
        INFO [09-22|13:01:23.634] handleNewViewMsg got new view message    from=127.0.0.3:34283 viewId="72dfa6…499ac8"
        INFO [09-22|13:01:23.711] handleNewViewMsg got new view message    from=127.0.0.6:36973 viewId="72dfa6…499ac8"
        WARN [09-22|13:01:24.219] GetBlockByNumer                          number=68
        INFO [09-22|13:01:26.147] handleNewViewMsg got new view message    from=127.0.0.8:37123 viewId="72dfa6…499ac8"
        WARN [09-22|13:01:27.882] GetBlockByNumer                          number=68
        WARN [09-22|13:01:27.937] GetBlockByNumer                          number=69
        WARN [09-22|13:01:28.167] GetBlockByNumer                          number=70
        WARN [09-22|13:01:29.386] GetBlockByNumer                          number=71
        WARN [09-22|13:01:29.911] GetBlockByNumer                          number=72
        INFO [09-22|13:01:37.460] HOTSTUFF PREPARE QC VERIFIED             number=62 viewID="d84cfa…454474" from=127.0.0.7:35839 maskBytes=1
        INFO [09-22|13:01:40.103] HOTSTUFF PREPARE QC VERIFIED             number=63 viewID="2f57e5…18e69e" from=127.0.0.8:37123 maskBytes=1
        WARN [09-22|13:01:40.700] GetBlockByNumer                          number=73
        WARN [09-22|13:01:41.838] GetBlockByNumer                          number=74
        INFO [09-22|13:01:45.643] handleNewViewMsg got new view message    from=127.0.0.7:35839 viewId="da28da…cc7cf6"
        INFO [09-22|13:01:45.720] handleNewViewMsg got new view message    from=127.0.0.2:45151 viewId="da28da…cc7cf6"
        INFO [09-22|13:01:45.772] HOTSTUFF PREPARE QC VERIFIED             number=65 viewID="94c454…9f152b" from=127.0.0.3:34283 maskBytes=1
        INFO [09-22|13:01:45.772] handleNewViewMsg got new view message    from=127.0.0.6:36973 viewId="da28da…cc7cf6"
        INFO [09-22|13:01:45.785] handleNewViewMsg got new view message    from=127.0.0.8:37123 viewId="da28da…cc7cf6"
        INFO [09-22|13:01:45.799] handleNewViewMsg got new view message    from=127.0.0.5:43511 viewId="da28da…cc7cf6"
        INFO [09-22|13:01:45.918] handleNewViewMsg got new view message    from=127.0.0.4:33051 viewId="da28da…cc7cf6"
        INFO [09-22|13:01:45.932] handleNewViewMsg got new view message    from=127.0.0.3:34283 viewId="da28da…cc7cf6"
        INFO [09-22|13:01:46.042] HOTSTUFF STANDALONE PREPARE QC VERIFIED  number=65 viewID="94c454…9f152b" from=127.0.0.3:34283 maskBytes=1
        WARN [09-22|13:01:51.895] GetBlockByNumer                          number=75
        WARN [09-22|13:01:52.869] GetBlockByNumer                          number=76
        WARN [09-22|13:02:03.964] GetBlockByNumer                          number=77
        WARN [09-22|13:02:05.257] GetBlockByNumer                          number=77
        WARN [09-22|13:02:05.375] GetBlockByNumer                          number=78
        WARN [09-22|13:02:05.488] GetBlockByNumer                          number=79
        WARN [09-22|13:02:05.500] GetBlockByNumer                          number=78
        WARN [09-22|13:02:05.534] GetBlockByNumer                          number=79
        WARN [09-22|13:02:06.686] GetBlockByNumer                          number=80
        INFO [09-22|13:02:08.328] handleNewViewMsg got new view message    from=127.0.0.4:33051 viewId="cf5afe…95c062"
        INFO [09-22|13:02:08.346] handleNewViewMsg got new view message    from=127.0.0.6:36973 viewId="cf5afe…95c062"
        INFO [09-22|13:02:08.376] handleNewViewMsg got new view message    from=127.0.0.5:43511 viewId="cf5afe…95c062"
        INFO [09-22|13:02:08.402] handleNewViewMsg got new view message    from=127.0.0.2:45151 viewId="cf5afe…95c062"
        INFO [09-22|13:02:08.427] handleNewViewMsg got new view message    from=127.0.0.3:34283 viewId="cf5afe…95c062"
        INFO [09-22|13:02:08.487] handleNewViewMsg got new view message    from=127.0.0.7:35839 viewId="cf5afe…95c062"
        INFO [09-22|13:02:08.520] handleNewViewMsg got new view message    from=127.0.0.8:37123 viewId="cf5afe…95c062"
        WARN [09-22|13:02:15.242] GetBlockByNumer                          number=81
        WARN [09-22|13:02:15.802] GetBlockByNumer                          number=82
        WARN [09-22|13:02:16.017] GetBlockByNumer                          number=83
        WARN [09-22|13:02:16.505] GetBlockByNumer                          number=84
        WARN [09-22|13:02:21.996] GetBlockByNumer                          number=85
        WARN [09-22|13:02:23.108] GetBlockByNumer                          number=86
        WARN [09-22|13:02:23.637] GetBlockByNumer                          number=87
        WARN [09-22|13:02:24.023] GetBlockByNumer                          number=88
        WARN [09-22|13:02:27.345] GetBlockByNumer                          number=89
        WARN [09-22|13:02:27.583] GetBlockByNumer                          number=90
        WARN [09-22|13:02:28.428] GetBlockByNumer                          number=90
        WARN [09-22|13:02:28.499] GetBlockByNumer                          number=91
        WARN [09-22|13:02:28.547] GetBlockByNumer                          number=92
        WARN [09-22|13:02:28.557] GetBlockByNumer                          number=91
        INFO [09-22|13:02:30.295] handleNewViewMsg got new view message    from=127.0.0.6:36973 viewId="140af4…c02a64"
        INFO [09-22|13:02:30.323] handleNewViewMsg got new view message    from=127.0.0.3:34283 viewId="140af4…c02a64"
        INFO [09-22|13:02:30.343] handleNewViewMsg got new view message    from=127.0.0.4:33051 viewId="140af4…c02a64"
        INFO [09-22|13:02:30.363] handleNewViewMsg got new view message    from=127.0.0.2:45151 viewId="140af4…c02a64"
        INFO [09-22|13:02:30.379] handleNewViewMsg got new view message    from=127.0.0.5:43511 viewId="140af4…c02a64"
        INFO [09-22|13:02:30.436] handleNewViewMsg got new view message    from=127.0.0.7:35839 viewId="140af4…c02a64"
        INFO [09-22|13:02:30.455] handleNewViewMsg got new view message    from=127.0.0.8:37123 viewId="140af4…c02a64"
        INFO [09-22|13:02:51.995] handleNewViewMsg got new view message    from=127.0.0.8:37123 viewId="a92c98…b314f8"
        INFO [09-22|13:02:52.025] handleNewViewMsg got new view message    from=127.0.0.4:33051 viewId="a92c98…b314f8"
        INFO [09-22|13:02:52.040] handleNewViewMsg got new view message    from=127.0.0.5:43511 viewId="a92c98…b314f8"
        INFO [09-22|13:02:52.061] handleNewViewMsg got new view message    from=127.0.0.3:34283 viewId="a92c98…b314f8"
        INFO [09-22|13:02:52.081] handleNewViewMsg got new view message    from=127.0.0.7:35839 viewId="a92c98…b314f8"
        INFO [09-22|13:02:52.192] handleNewViewMsg got new view message    from=127.0.0.6:36973 viewId="a92c98…b314f8"
        INFO [09-22|13:02:52.208] handleNewViewMsg got new view message    from=127.0.0.2:45151 viewId="a92c98…b314f8"
    dex_financial_cli_test.go:116: ordinary CLI full log /tmp/dex-normal-cli-failure-1174978152.log
    dex_financial_cli_test.go:121: ordinary Common1:               number=32
        WARN [09-22|13:00:04.514] GetBlockByNumer                          number=32
        WARN [09-22|13:00:04.598] GetBlockByNumer                          number=33
        WARN [09-22|13:00:04.712] GetBlockByNumer                          number=34
        WARN [09-22|13:00:11.828] GetBlockByNumer                          number=35
        WARN [09-22|13:00:12.323] GetBlockByNumer                          number=36
        WARN [09-22|13:00:13.625] GetBlockByNumer                          number=37
        INFO [09-22|13:00:13.976] handleNewViewMsg got new view message    from=127.0.0.4:33051 viewId="d7422a…286b17"
        INFO [09-22|13:00:14.045] handleNewViewMsg got new view message    from=127.0.0.5:43511 viewId="d7422a…286b17"
        INFO [09-22|13:00:14.099] handleNewViewMsg got new view message    from=127.0.0.2:45151 viewId="d7422a…286b17"
        INFO [09-22|13:00:14.117] handleNewViewMsg got new view message    from=127.0.0.3:34283 viewId="d7422a…286b17"
        INFO [09-22|13:00:14.142] handleNewViewMsg got new view message    from=127.0.0.6:36973 viewId="d7422a…286b17"
        INFO [09-22|13:00:14.215] handleNewViewMsg got new view message    from=127.0.0.7:35839 viewId="d7422a…286b17"
        WARN [09-22|13:00:19.063] GetBlockByNumer                          number=38
        WARN [09-22|13:00:19.983] GetBlockByNumer                          number=39
        WARN [09-22|13:00:20.186] GetBlockByNumer                          number=40
        WARN [09-22|13:00:29.264] GetBlockByNumer                          number=40
        WARN [09-22|13:00:29.314] GetBlockByNumer                          number=41
        WARN [09-22|13:00:29.506] GetBlockByNumer                          number=42
        WARN [09-22|13:00:31.193] GetBlockByNumer                          number=43
        WARN [09-22|13:00:32.182] GetBlockByNumer                          number=44
        INFO [09-22|13:00:35.994] handleNewViewMsg got new view message    from=127.0.0.6:36973 viewId="963773…29c28a"
        INFO [09-22|13:00:36.033] handleNewViewMsg got new view message    from=127.0.0.4:33051 viewId="963773…29c28a"
        INFO [09-22|13:00:36.054] handleNewViewMsg got new view message    from=127.0.0.5:43511 viewId="963773…29c28a"
        INFO [09-22|13:00:36.076] handleNewViewMsg got new view message    from=127.0.0.7:35839 viewId="963773…29c28a"
        INFO [09-22|13:00:36.093] handleNewViewMsg got new view message    from=127.0.0.3:34283 viewId="963773…29c28a"
        INFO [09-22|13:00:36.178] handleNewViewMsg got new view message    from=127.0.0.2:45151 viewId="963773…29c28a"
        WARN [09-22|13:00:42.082] GetBlockByNumer                          number=44
        WARN [09-22|13:00:42.135] GetBlockByNumer                          number=45
        WARN [09-22|13:00:42.403] GetBlockByNumer                          number=46
        WARN [09-22|13:00:43.308] GetBlockByNumer                          number=47
        WARN [09-22|13:00:51.551] GetBlockByNumer                          number=47
        WARN [09-22|13:00:51.616] GetBlockByNumer                          number=48
        WARN [09-22|13:00:51.698] GetBlockByNumer                          number=49
        WARN [09-22|13:00:52.845] GetBlockByNumer                          number=50
        INFO [09-22|13:00:57.982] handleNewViewMsg got new view message    from=127.0.0.3:34283 viewId="367003…6e9084"
        INFO [09-22|13:00:58.064] handleNewViewMsg got new view message    from=127.0.0.6:36973 viewId="367003…6e9084"
        INFO [09-22|13:00:58.095] handleNewViewMsg got new view message    from=127.0.0.5:43511 viewId="367003…6e9084"
        INFO [09-22|13:00:58.125] handleNewViewMsg got new view message    from=127.0.0.7:35839 viewId="367003…6e9084"
        INFO [09-22|13:00:58.146] handleNewViewMsg got new view message    from=127.0.0.4:33051 viewId="367003…6e9084"
        INFO [09-22|13:00:58.204] handleNewViewMsg got new view message    from=127.0.0.2:45151 viewId="367003…6e9084"
        WARN [09-22|13:01:00.496] GetBlockByNumer                          number=51
        WARN [09-22|13:01:00.797] GetBlockByNumer                          number=52
        WARN [09-22|13:01:01.360] GetBlockByNumer                          number=53
        WARN [09-22|13:01:07.794] GetBlockByNumer                          number=54
        WARN [09-22|13:01:08.957] GetBlockByNumer                          number=55
        WARN [09-22|13:01:09.309] GetBlockByNumer                          number=56
        WARN [09-22|13:01:14.279] GetBlockByNumer                          number=57
        WARN [09-22|13:01:14.513] GetBlockByNumer                          number=57
        WARN [09-22|13:01:14.620] GetBlockByNumer                          number=58
        WARN [09-22|13:01:14.899] GetBlockByNumer                          number=59
        WARN [09-22|13:01:15.639] GetBlockByNumer                          number=60
        WARN [09-22|13:01:18.693] GetBlockByNumer                          number=61
        WARN [09-22|13:01:19.159] GetBlockByNumer                          number=62
        WARN [09-22|13:01:20.253] GetBlockByNumer                          number=63
        INFO [09-22|13:01:20.324] handleNewViewMsg got new view message    from=127.0.0.2:45151 viewId="dadf58…f80398"
        INFO [09-22|13:01:20.364] handleNewViewMsg got new view message    from=127.0.0.3:34283 viewId="dadf58…f80398"
        INFO [09-22|13:01:20.386] handleNewViewMsg got new view message    from=127.0.0.6:36973 viewId="dadf58…f80398"
        INFO [09-22|13:01:20.434] handleNewViewMsg got new view message    from=127.0.0.4:33051 viewId="dadf58…f80398"
        INFO [09-22|13:01:20.451] handleNewViewMsg got new view message    from=127.0.0.7:35839 viewId="dadf58…f80398"
        INFO [09-22|13:01:20.541] handleNewViewMsg got new view message    from=127.0.0.5:43511 viewId="dadf58…f80398"
        WARN [09-22|13:01:20.792] GetBlockByNumer                          number=64
        WARN [09-22|13:01:22.078] GetBlockByNumer                          number=65
        WARN [09-22|13:01:23.258] GetBlockByNumer                          number=66
        WARN [09-22|13:01:23.502] GetBlockByNumer                          number=66
        WARN [09-22|13:01:23.525] GetBlockByNumer                          number=67
        WARN [09-22|13:01:23.549] GetBlockByNumer                          number=67
        WARN [09-22|13:01:23.624] GetBlockByNumer                          number=68
        INFO [09-22|13:01:26.058] handleNewViewMsg got new view message    from=127.0.0.8:37123 viewId="dadf58…f80398"
        WARN [09-22|13:01:26.096] reject new-view before storage           from=127.0.0.8:37123 viewID="dadf58…f80398" err="hotstuff view state too old"
        WARN [09-22|13:01:27.512] GetBlockByNumer                          number=69
        WARN [09-22|13:01:27.984] GetBlockByNumer                          number=70
        WARN [09-22|13:01:29.133] GetBlockByNumer                          number=70
        WARN [09-22|13:01:29.211] GetBlockByNumer                          number=71
        WARN [09-22|13:01:29.393] GetBlockByNumer                          number=72
        INFO [09-22|13:01:37.430] HOTSTUFF PREPARE QC VERIFIED             number=62 viewID="d84cfa…454474" from=127.0.0.7:35839 maskBytes=1
        INFO [09-22|13:01:40.070] HOTSTUFF PREPARE QC VERIFIED             number=63 viewID="2f57e5…18e69e" from=127.0.0.8:37123 maskBytes=1
        WARN [09-22|13:01:40.688] GetBlockByNumer                          number=73
        WARN [09-22|13:01:41.841] GetBlockByNumer                          number=74
        INFO [09-22|13:01:43.892] handleNewViewMsg got new view message    from=127.0.0.3:34283 viewId="94c454…9f152b"
        INFO [09-22|13:01:43.911] handleNewViewMsg got new view message    from=127.0.0.7:35839 viewId="94c454…9f152b"
        INFO [09-22|13:01:44.328] handleNewViewMsg got new view message    from=127.0.0.5:43511 viewId="94c454…9f152b"
        INFO [09-22|13:01:44.621] handleNewViewMsg got new view message    from=127.0.0.6:36973 viewId="94c454…9f152b"
        INFO [09-22|13:01:44.649] handleNewViewMsg got new view message    from=127.0.0.8:37123 viewId="94c454…9f152b"
        INFO [09-22|13:01:44.916] handleNewViewMsg got new view message    from=127.0.0.2:45151 viewId="94c454…9f152b"
        INFO [09-22|13:01:45.350] handleNewViewMsg got new view message    from=127.0.0.4:33051 viewId="94c454…9f152b"
        INFO [09-22|13:01:45.439] HOTSTUFF PREPARE QC BROADCAST            number=65 viewID="94c454…9f152b" votes=5 threshold=5
        INFO [09-22|13:01:45.853] HOTSTUFF PREPARE QC VERIFIED             number=65 viewID="94c454…9f152b" from=127.0.0.3:34283 maskBytes=1
        WARN [09-22|13:01:51.868] GetBlockByNumer                          number=75
        WARN [09-22|13:01:52.887] GetBlockByNumer                          number=76
        WARN [09-22|13:02:04.515] GetBlockByNumer                          number=77
        WARN [09-22|13:02:05.152] GetBlockByNumer                          number=78
        INFO [09-22|13:02:05.381] handleNewViewMsg got new view message    from=127.0.0.7:35839 viewId="7b02e6…e9705d"
        WARN [09-22|13:02:05.473] GetBlockByNumer                          number=79
        INFO [09-22|13:02:05.516] handleNewViewMsg got new view message    from=127.0.0.5:43511 viewId="7b02e6…e9705d"
        INFO [09-22|13:02:05.581] handleNewViewMsg got new view message    from=127.0.0.8:37123 viewId="7b02e6…e9705d"
        INFO [09-22|13:02:05.654] handleNewViewMsg got new view message    from=127.0.0.2:45151 viewId="7b02e6…e9705d"
        INFO [09-22|13:02:05.674] handleNewViewMsg got new view message    from=127.0.0.3:34283 viewId="7b02e6…e9705d"
        INFO [09-22|13:02:05.959] handleNewViewMsg got new view message    from=127.0.0.6:36973 viewId="7b02e6…e9705d"
        INFO [09-22|13:02:06.206] handleNewViewMsg got new view message    from=127.0.0.4:33051 viewId="7b02e6…e9705d"
        WARN [09-22|13:02:06.698] GetBlockByNumer                          number=80
        WARN [09-22|13:02:15.204] GetBlockByNumer                          number=81
        WARN [09-22|13:02:15.850] GetBlockByNumer                          number=82
        WARN [09-22|13:02:16.016] GetBlockByNumer                          number=83
        WARN [09-22|13:02:16.504] GetBlockByNumer                          number=84
        WARN [09-22|13:02:22.056] GetBlockByNumer                          number=85
        WARN [09-22|13:02:22.394] GetBlockByNumer                          number=86
        WARN [09-22|13:02:23.267] GetBlockByNumer                          number=86
        WARN [09-22|13:02:23.318] GetBlockByNumer                          number=87
        WARN [09-22|13:02:23.655] GetBlockByNumer                          number=88
        WARN [09-22|13:02:26.717] GetBlockByNumer                          number=89
        INFO [09-22|13:02:27.229] handleNewViewMsg got new view message    from=127.0.0.8:37123 viewId="b72501…bc9e49"
        INFO [09-22|13:02:27.256] handleNewViewMsg got new view message    from=127.0.0.6:36973 viewId="b72501…bc9e49"
        INFO [09-22|13:02:27.288] handleNewViewMsg got new view message    from=127.0.0.5:43511 viewId="b72501…bc9e49"
        INFO [09-22|13:02:27.360] handleNewViewMsg got new view message    from=127.0.0.4:33051 viewId="b72501…bc9e49"
        INFO [09-22|13:02:27.401] handleNewViewMsg got new view message    from=127.0.0.3:34283 viewId="b72501…bc9e49"
        INFO [09-22|13:02:27.617] handleNewViewMsg got new view message    from=127.0.0.7:35839 viewId="b72501…bc9e49"
        WARN [09-22|13:02:27.621] GetBlockByNumer                          number=90
        INFO [09-22|13:02:27.643] handleNewViewMsg got new view message    from=127.0.0.2:45151 viewId="b72501…bc9e49"
        WARN [09-22|13:02:27.907] GetBlockByNumer                          number=91
        WARN [09-22|13:02:29.169] GetBlockByNumer                          number=92
        INFO [09-22|13:02:48.906] handleNewViewMsg got new view message    from=127.0.0.6:36973 viewId="2ec4f1…4533c6"
        INFO [09-22|13:02:48.934] handleNewViewMsg got new view message    from=127.0.0.3:34283 viewId="2ec4f1…4533c6"
        INFO [09-22|13:02:48.958] handleNewViewMsg got new view message    from=127.0.0.8:37123 viewId="2ec4f1…4533c6"
        INFO [09-22|13:02:48.975] handleNewViewMsg got new view message    from=127.0.0.7:35839 viewId="2ec4f1…4533c6"
        INFO [09-22|13:02:48.994] handleNewViewMsg got new view message    from=127.0.0.4:33051 viewId="2ec4f1…4533c6"
        INFO [09-22|13:02:49.076] handleNewViewMsg got new view message    from=127.0.0.2:45151 viewId="2ec4f1…4533c6"
        INFO [09-22|13:02:49.102] handleNewViewMsg got new view message    from=127.0.0.5:43511 viewId="2ec4f1…4533c6"
    dex_financial_cli_test.go:116: ordinary CLI full log /tmp/dex-normal-cli-failure-3764367699.log
    dex_financial_cli_test.go:121: ordinary Common0: etBlockByNumer                          number=31
        WARN [09-22|13:00:03.153] GetBlockByNumer                          number=32
        WARN [09-22|13:00:04.888] GetBlockByNumer                          number=33
        WARN [09-22|13:00:05.248] GetBlockByNumer                          number=34
        INFO [09-22|13:00:10.368] handleNewViewMsg got new view message    from=127.0.0.2:45151 viewId="0663a8…62e7b8"
        INFO [09-22|13:00:10.513] handleNewViewMsg got new view message    from=127.0.0.5:43511 viewId="0663a8…62e7b8"
        INFO [09-22|13:00:10.695] handleNewViewMsg got new view message    from=127.0.0.6:36973 viewId="0663a8…62e7b8"
        INFO [09-22|13:00:11.115] handleNewViewMsg got new view message    from=127.0.0.7:35839 viewId="0663a8…62e7b8"
        INFO [09-22|13:00:11.149] handleNewViewMsg got new view message    from=127.0.0.3:34283 viewId="0663a8…62e7b8"
        WARN [09-22|13:00:11.259] GetBlockByNumer                          number=35
        INFO [09-22|13:00:11.691] handleNewViewMsg got new view message    from=127.0.0.4:33051 viewId="0663a8…62e7b8"
        WARN [09-22|13:00:13.169] GetBlockByNumer                          number=36
        WARN [09-22|13:00:14.428] GetBlockByNumer                          number=37
        WARN [09-22|13:00:19.038] GetBlockByNumer                          number=38
        WARN [09-22|13:00:19.989] GetBlockByNumer                          number=39
        WARN [09-22|13:00:20.191] GetBlockByNumer                          number=40
        WARN [09-22|13:00:29.506] GetBlockByNumer                          number=41
        WARN [09-22|13:00:30.063] GetBlockByNumer                          number=42
        WARN [09-22|13:00:31.213] GetBlockByNumer                          number=43
        WARN [09-22|13:00:32.200] GetBlockByNumer                          number=44
        INFO [09-22|13:00:32.790] handleNewViewMsg got new view message    from=127.0.0.2:45151 viewId="9cbfd4…703ded"
        INFO [09-22|13:00:32.810] handleNewViewMsg got new view message    from=127.0.0.5:43511 viewId="9cbfd4…703ded"
        INFO [09-22|13:00:32.855] handleNewViewMsg got new view message    from=127.0.0.7:35839 viewId="9cbfd4…703ded"
        INFO [09-22|13:00:32.875] handleNewViewMsg got new view message    from=127.0.0.6:36973 viewId="9cbfd4…703ded"
        INFO [09-22|13:00:32.947] handleNewViewMsg got new view message    from=127.0.0.4:33051 viewId="9cbfd4…703ded"
        INFO [09-22|13:00:33.003] handleNewViewMsg got new view message    from=127.0.0.3:34283 viewId="9cbfd4…703ded"
        WARN [09-22|13:00:41.778] GetBlockByNumer                          number=45
        WARN [09-22|13:00:42.179] GetBlockByNumer                          number=46
        WARN [09-22|13:00:43.315] GetBlockByNumer                          number=47
        WARN [09-22|13:00:51.717] GetBlockByNumer                          number=48
        WARN [09-22|13:00:52.386] GetBlockByNumer                          number=49
        WARN [09-22|13:00:52.873] GetBlockByNumer                          number=50
        INFO [09-22|13:00:54.792] handleNewViewMsg got new view message    from=127.0.0.2:45151 viewId="265ef3…811e60"
        INFO [09-22|13:00:54.808] handleNewViewMsg got new view message    from=127.0.0.3:34283 viewId="265ef3…811e60"
        INFO [09-22|13:00:54.847] handleNewViewMsg got new view message    from=127.0.0.5:43511 viewId="265ef3…811e60"
        INFO [09-22|13:00:54.868] handleNewViewMsg got new view message    from=127.0.0.6:36973 viewId="265ef3…811e60"
        INFO [09-22|13:00:54.891] handleNewViewMsg got new view message    from=127.0.0.7:35839 viewId="265ef3…811e60"
        INFO [09-22|13:00:54.964] handleNewViewMsg got new view message    from=127.0.0.4:33051 viewId="265ef3…811e60"
        WARN [09-22|13:01:00.499] GetBlockByNumer                          number=51
        WARN [09-22|13:01:00.807] GetBlockByNumer                          number=52
        WARN [09-22|13:01:01.351] GetBlockByNumer                          number=53
        WARN [09-22|13:01:07.783] GetBlockByNumer                          number=54
        WARN [09-22|13:01:08.952] GetBlockByNumer                          number=55
        WARN [09-22|13:01:09.336] GetBlockByNumer                          number=56
        WARN [09-22|13:01:13.762] GetBlockByNumer                          number=57
        WARN [09-22|13:01:14.234] GetBlockByNumer                          number=58
        WARN [09-22|13:01:14.543] GetBlockByNumer                          number=59
        WARN [09-22|13:01:15.621] GetBlockByNumer                          number=60
        INFO [09-22|13:01:17.134] handleNewViewMsg got new view message    from=127.0.0.3:34283 viewId="395738…f2fcf8"
        INFO [09-22|13:01:17.153] handleNewViewMsg got new view message    from=127.0.0.5:43511 viewId="395738…f2fcf8"
        INFO [09-22|13:01:17.180] handleNewViewMsg got new view message    from=127.0.0.7:35839 viewId="395738…f2fcf8"
        INFO [09-22|13:01:17.193] handleNewViewMsg got new view message    from=127.0.0.4:33051 viewId="395738…f2fcf8"
        INFO [09-22|13:01:17.210] handleNewViewMsg got new view message    from=127.0.0.2:45151 viewId="395738…f2fcf8"
        INFO [09-22|13:01:17.298] handleNewViewMsg got new view message    from=127.0.0.6:36973 viewId="395738…f2fcf8"
        WARN [09-22|13:01:18.664] GetBlockByNumer                          number=61
        WARN [09-22|13:01:19.141] GetBlockByNumer                          number=62
        WARN [09-22|13:01:20.280] GetBlockByNumer                          number=63
        WARN [09-22|13:01:20.828] GetBlockByNumer                          number=64
        WARN [09-22|13:01:22.098] GetBlockByNumer                          number=65
        WARN [09-22|13:01:22.863] GetBlockByNumer                          number=65
        WARN [09-22|13:01:22.940] GetBlockByNumer                          number=66
        WARN [09-22|13:01:23.139] GetBlockByNumer                          number=67
        WARN [09-22|13:01:23.680] GetBlockByNumer                          number=68
        WARN [09-22|13:01:27.517] GetBlockByNumer                          number=69
        WARN [09-22|13:01:28.631] GetBlockByNumer                          number=70
        WARN [09-22|13:01:29.120] GetBlockByNumer                          number=70
        WARN [09-22|13:01:29.185] GetBlockByNumer                          number=71
        WARN [09-22|13:01:29.413] GetBlockByNumer                          number=72
        INFO [09-22|13:01:37.280] HOTSTUFF PREPARE QC VERIFIED             number=62 viewID="d84cfa…454474" from=127.0.0.7:35839 maskBytes=1
        INFO [09-22|13:01:40.039] HOTSTUFF PREPARE QC VERIFIED             number=63 viewID="2f57e5…18e69e" from=127.0.0.8:37123 maskBytes=1
        INFO [09-22|13:01:40.341] handleNewViewMsg got new view message    from=127.0.0.8:37123 viewId="9e8fcf…3e376a"
        INFO [09-22|13:01:40.352] handleNewViewMsg got new view message    from=127.0.0.7:35839 viewId="d61abe…d32006"
        INFO [09-22|13:01:40.376] handleNewViewMsg got new view message    from=127.0.0.2:45151 viewId="d61abe…d32006"
        INFO [09-22|13:01:40.408] handleNewViewMsg got new view message    from=127.0.0.6:36973 viewId="d61abe…d32006"
        INFO [09-22|13:01:40.458] handleNewViewMsg got new view message    from=127.0.0.3:34283 viewId="d61abe…d32006"
        INFO [09-22|13:01:40.483] handleNewViewMsg got new view message    from=127.0.0.5:43511 viewId="9e8fcf…3e376a"
        INFO [09-22|13:01:40.546] handleNewViewMsg got new view message    from=127.0.0.7:35839 viewId="9e8fcf…3e376a"
        INFO [09-22|13:01:40.998] handleNewViewMsg got new view message    from=127.0.0.2:45151 viewId="9e8fcf…3e376a"
        INFO [09-22|13:01:41.029] handleNewViewMsg got new view message    from=127.0.0.3:34283 viewId="9e8fcf…3e376a"
        INFO [09-22|13:01:41.111] handleNewViewMsg got new view message    from=127.0.0.4:33051 viewId="9e8fcf…3e376a"
        INFO [09-22|13:01:41.191] handleNewViewMsg got new view message    from=127.0.0.6:36973 viewId="9e8fcf…3e376a"
        INFO [09-22|13:01:41.287] HOTSTUFF STANDALONE PREPARE QC VERIFIED  number=63 viewID="2f57e5…18e69e" from=127.0.0.8:37123 maskBytes=1
        WARN [09-22|13:01:41.304] GetBlockByNumer                          number=73
        WARN [09-22|13:01:41.834] GetBlockByNumer                          number=74
        INFO [09-22|13:01:45.624] HOTSTUFF PREPARE QC VERIFIED             number=65 viewID="94c454…9f152b" from=127.0.0.3:34283 maskBytes=1
        WARN [09-22|13:01:51.934] GetBlockByNumer                          number=75
        WARN [09-22|13:01:52.895] GetBlockByNumer                          number=76
        INFO [09-22|13:02:02.447] handleNewViewMsg got new view message    from=127.0.0.2:45151 viewId="aaff81…b40725"
        INFO [09-22|13:02:02.469] handleNewViewMsg got new view message    from=127.0.0.5:43511 viewId="aaff81…b40725"
        INFO [09-22|13:02:02.491] handleNewViewMsg got new view message    from=127.0.0.3:34283 viewId="aaff81…b40725"
        INFO [09-22|13:02:02.540] handleNewViewMsg got new view message    from=127.0.0.7:35839 viewId="aaff81…b40725"
        INFO [09-22|13:02:02.558] handleNewViewMsg got new view message    from=127.0.0.4:33051 viewId="aaff81…b40725"
        INFO [09-22|13:02:02.612] handleNewViewMsg got new view message    from=127.0.0.6:36973 viewId="aaff81…b40725"
        INFO [09-22|13:02:02.640] handleNewViewMsg got new view message    from=127.0.0.8:37123 viewId="aaff81…b40725"
        WARN [09-22|13:02:04.266] GetBlockByNumer                          number=76
        WARN [09-22|13:02:04.362] GetBlockByNumer                          number=77
        WARN [09-22|13:02:04.550] GetBlockByNumer                          number=78
        WARN [09-22|13:02:05.999] GetBlockByNumer                          number=79
        WARN [09-22|13:02:06.717] GetBlockByNumer                          number=80
        WARN [09-22|13:02:15.228] GetBlockByNumer                          number=81
        WARN [09-22|13:02:15.750] GetBlockByNumer                          number=82
        WARN [09-22|13:02:15.983] GetBlockByNumer                          number=83
        WARN [09-22|13:02:16.513] GetBlockByNumer                          number=84
        WARN [09-22|13:02:22.275] GetBlockByNumer                          number=84
        WARN [09-22|13:02:22.389] GetBlockByNumer                          number=85
        WARN [09-22|13:02:22.637] GetBlockByNumer                          number=86
        WARN [09-22|13:02:22.991] GetBlockByNumer                          number=87
        WARN [09-22|13:02:23.327] GetBlockByNumer                          number=88
        INFO [09-22|13:02:23.929] handleNewViewMsg got new view message    from=127.0.0.2:45151 viewId="40f55b…e0ab87"
        INFO [09-22|13:02:23.965] handleNewViewMsg got new view message    from=127.0.0.6:36973 viewId="40f55b…e0ab87"
        INFO [09-22|13:02:24.002] handleNewViewMsg got new view message    from=127.0.0.8:37123 viewId="40f55b…e0ab87"
        INFO [09-22|13:02:24.020] handleNewViewMsg got new view message    from=127.0.0.4:33051 viewId="40f55b…e0ab87"
        INFO [09-22|13:02:24.041] handleNewViewMsg got new view message    from=127.0.0.5:43511 viewId="40f55b…e0ab87"
        INFO [09-22|13:02:24.143] handleNewViewMsg got new view message    from=127.0.0.3:34283 viewId="40f55b…e0ab87"
        INFO [09-22|13:02:24.163] handleNewViewMsg got new view message    from=127.0.0.7:35839 viewId="40f55b…e0ab87"
        WARN [09-22|13:02:26.711] GetBlockByNumer                          number=89
        WARN [09-22|13:02:27.866] GetBlockByNumer                          number=89
        WARN [09-22|13:02:27.944] GetBlockByNumer                          number=90
        WARN [09-22|13:02:28.202] GetBlockByNumer                          number=91
        WARN [09-22|13:02:29.175] GetBlockByNumer                          number=92
        INFO [09-22|13:02:45.782] handleNewViewMsg got new view message    from=127.0.0.3:34283 viewId="1b473a…e985c9"
        INFO [09-22|13:02:45.808] handleNewViewMsg got new view message    from=127.0.0.5:43511 viewId="1b473a…e985c9"
        INFO [09-22|13:02:45.822] handleNewViewMsg got new view message    from=127.0.0.8:37123 viewId="1b473a…e985c9"
        INFO [09-22|13:02:46.031] handleNewViewMsg got new view message    from=127.0.0.2:45151 viewId="1b473a…e985c9"
        INFO [09-22|13:02:46.053] handleNewViewMsg got new view message    from=127.0.0.7:35839 viewId="1b473a…e985c9"
        INFO [09-22|13:02:46.137] handleNewViewMsg got new view message    from=127.0.0.6:36973 viewId="1b473a…e985c9"
        INFO [09-22|13:02:46.154] handleNewViewMsg got new view message    from=127.0.0.4:33051 viewId="1b473a…e985c9"
    fhs_process_recovery_test.go:227: validator 1046204 complete log: /tmp/fhs-process-failure-998974391.log
    fhs_process_recovery_test.go:232: validator 1046204 log tail:
        ation pending"
        t=2026-09-22T13:01:13+0200 lvl=warn msg=GetBlockByNumer                         number=1
        t=2026-09-22T13:01:13+0200 lvl=warn msg=GetBlockByNumer                         number=1
        t=2026-09-22T13:01:13+0200 lvl=warn msg=GetBlockByNumer                         number=57
        t=2026-09-22T13:01:13+0200 lvl=info msg="HOTSTUFF PROPOSAL REF"                 number=59 viewID=0xc430fdda62d4362cf51e2e323fef7d4551db07698e266dc7a681a84b55868521 proposalID=0x8c4e79f74ba6f00b3d1c91245895b3dc0a8b46d031c41343c497b9cc0f7774f2 blockHash=0xdf929b22b9921118a23802cc1daa2671d02ebf215183315412c5ee4456ca71ad bodyHash=0x5d021faaf0130cfa04b910dd8d889511f8815dde56968d017d06c59e2517279e bodySize=830  refBytes=439
        t=2026-09-22T13:01:14+0200 lvl=warn msg=GetBlockByNumer                         number=1
        t=2026-09-22T13:01:14+0200 lvl=warn msg=GetBlockByNumer                         number=1
        t=2026-09-22T13:01:14+0200 lvl=warn msg=GetBlockByNumer                         number=57
        t=2026-09-22T13:01:14+0200 lvl=info msg="HOTSTUFF PROPOSAL MANIFEST stored"     from=127.0.0.1:35266 number=60 proposalID=0x7eb743f8a039f6ace3dbb859f729bf7c53c1364c889ebd34e3529eff17807611 manifestBytes=1220 missing=0 bodyBytes=3350
        t=2026-09-22T13:01:14+0200 lvl=warn msg=GetBlockByNumer                         number=1
        t=2026-09-22T13:01:14+0200 lvl=warn msg=GetBlockByNumer                         number=1
        t=2026-09-22T13:01:14+0200 lvl=info msg="HOTSTUFF PROPOSAL MANIFEST stored"     from=127.0.0.1:35266 number=61 proposalID=0xe6485feb1b43f1447a0784b56b37714e6afee1f4a789dda93f75a8a47b8bfc5c manifestBytes=830  missing=0 bodyBytes=830
        t=2026-09-22T13:01:14+0200 lvl=warn msg=GetBlockByNumer                         number=1
        t=2026-09-22T13:01:14+0200 lvl=warn msg=GetBlockByNumer                         number=59
        t=2026-09-22T13:01:15+0200 lvl=warn msg=GetBlockByNumer                         number=1
        t=2026-09-22T13:01:15+0200 lvl=warn msg=GetBlockByNumer                         number=1
        t=2026-09-22T13:01:15+0200 lvl=warn msg=GetBlockByNumer                         number=60
        t=2026-09-22T13:01:15+0200 lvl=warn msg=GetBlockByNumer                         number=1
        t=2026-09-22T13:01:15+0200 lvl=warn msg=GetBlockByNumer                         number=1
        t=2026-09-22T13:01:15+0200 lvl=warn msg=GetBlockByNumer                         number=60
        t=2026-09-22T13:01:15+0200 lvl=warn msg=GetBlockByNumer                         number=1
        t=2026-09-22T13:01:15+0200 lvl=warn msg=GetBlockByNumer                         number=1
        t=2026-09-22T13:01:15+0200 lvl=warn msg=GetBlockByNumer                         number=60
        t=2026-09-22T13:01:16+0200 lvl=warn msg=GetBlockByNumer                         number=1
        t=2026-09-22T13:01:16+0200 lvl=warn msg=GetBlockByNumer                         number=1
        t=2026-09-22T13:01:16+0200 lvl=warn msg=GetBlockByNumer                         number=60
        t=2026-09-22T13:01:16+0200 lvl=warn msg=GetBlockByNumer                         number=1
        t=2026-09-22T13:01:16+0200 lvl=warn msg=GetBlockByNumer                         number=1
        t=2026-09-22T13:01:16+0200 lvl=warn msg=GetBlockByNumer                         number=60
        t=2026-09-22T13:01:16+0200 lvl=warn msg=GetBlockByNumer                         number=1
        t=2026-09-22T13:01:16+0200 lvl=warn msg=GetBlockByNumer                         number=1
        t=2026-09-22T13:01:16+0200 lvl=warn msg=GetBlockByNumer                         number=60
        t=2026-09-22T13:01:17+0200 lvl=warn msg=GetBlockByNumer                         number=1
        t=2026-09-22T13:01:17+0200 lvl=warn msg=GetBlockByNumer                         number=1
        t=2026-09-22T13:01:17+0200 lvl=warn msg=GetBlockByNumer                         number=60
        t=2026-09-22T13:01:17+0200 lvl=warn msg=GetBlockByNumer                         number=1
        t=2026-09-22T13:01:17+0200 lvl=warn msg=GetBlockByNumer                         number=1
        t=2026-09-22T13:01:17+0200 lvl=warn msg=GetBlockByNumer                         number=60
        t=2026-09-22T13:01:17+0200 lvl=warn msg=GetBlockByNumer                         number=1
        t=2026-09-22T13:01:17+0200 lvl=warn msg=GetBlockByNumer                         number=1
        t=2026-09-22T13:01:17+0200 lvl=warn msg=GetBlockByNumer                         number=60
        t=2026-09-22T13:01:18+0200 lvl=info msg="HOTSTUFF PROPOSAL MANIFEST stored"     from=127.0.0.1:43659 number=62 proposalID=0x28b3cd36d4759008fe439d35ab735fada14dbf555b05ab9f7b97593cde68dca5 manifestBytes=1220 missing=0 bodyBytes=3350
        t=2026-09-22T13:01:18+0200 lvl=warn msg="HandleConn drops connection: closed"   address=127.0.0.1:46150 remot=127.0.0.1:43659
        t=2026-09-22T13:01:18+0200 lvl=warn msg=GetBlockByNumer                         number=1
        t=2026-09-22T13:01:18+0200 lvl=warn msg=GetBlockByNumer                         number=1
        t=2026-09-22T13:01:18+0200 lvl=info msg="HOTSTUFF PROPOSAL REF"                 number=63 viewID=0xf65603facb9a84ffc1fc37fbd455bb41b5308421cf763d5ff5bb94eba7b0868b proposalID=0x926d258f108bfd846b1d8c2bddc4a10fbd4834c186975211706fdec591caf9d6 blockHash=0x78de010001753e88eadd031792ffd2e96dc70cdbfaf0924ba6868ce24dc8aed4 bodyHash=0x52b7377af5d352064ea4f6893f8960af61762a27c60ca9c9a6f7fba9108c34d4 bodySize=830  refBytes=439
        t=2026-09-22T13:01:18+0200 lvl=warn msg=GetBlockByNumer                         number=60
        t=2026-09-22T13:01:18+0200 lvl=warn msg=GetBlockByNumer                         number=1
        t=2026-09-22T13:01:18+0200 lvl=warn msg=GetBlockByNumer                         number=1
        t=2026-09-22T13:01:18+0200 lvl=warn msg="reject new-view before storage"        from=127.0.0.1:41794 viewID=0xf65603facb9a84ffc1fc37fbd455bb41b5308421cf763d5ff5bb94eba7b0868b err="hotstuff view state too old"
        t=2026-09-22T13:01:18+0200 lvl=warn msg=GetBlockByNumer                         number=61
        t=2026-09-22T13:01:18+0200 lvl=info msg="HOTSTUFF PROPOSAL MANIFEST stored"     from=127.0.0.1:43659 number=64 proposalID=0xad28f97ce9037531b6aad4bfedda03a68bfff73158829585bc2ff1b6ed45e602 manifestBytes=1220 missing=0 bodyBytes=3350
        t=2026-09-22T13:01:18+0200 lvl=warn msg="Send msg try again"                    address=[::]:46150      Couldn't send to=127.0.0.1:41794 error="Operation Canceled"
        t=2026-09-22T13:01:18+0200 lvl=eror msg=CloseConnect                            =[::]:46150 having error closing conn to=127.0.0.1:41794 error="Connection Closed"
        t=2026-09-22T13:01:19+0200 lvl=warn msg=GetBlockByNumer                         number=1
        t=2026-09-22T13:01:19+0200 lvl=warn msg=GetBlockByNumer                         number=1
        t=2026-09-22T13:01:19+0200 lvl=warn msg=GetBlockByNumer                         number=61
        t=2026-09-22T13:01:19+0200 lvl=info msg="HOTSTUFF PROPOSAL REF"                 number=65 viewID=0x64f2842f25976de7aa1806d2e8db9d25a904c9b39c3b55c02804ef091e836ca5 proposalID=0xc250a378e43f9a95f538366df1710dbfa2bafb88965eeb068cbbfd4e71a2c0bd blockHash=0xfa667d7cff1e2af0f3ba58664ccc615a97f5f3165dac13b2bb0433506a69d609 bodyHash=0x87c84a5d2b94572d0da677c7e5f23320fc3a2f6c0c06b99d24b83e6db2d3b2ae bodySize=830  refBytes=439
        t=2026-09-22T13:01:19+0200 lvl=warn msg="Send msg try again"                    address=[::]:46150      Couldn't send to=127.0.0.1:60003 error="Operation Canceled"
        t=2026-09-22T13:01:19+0200 lvl=eror msg=CloseConnect                            =[::]:46150 having error closing conn to=127.0.0.1:60003 error="Connection Closed"
        t=2026-09-22T13:01:19+0200 lvl=warn msg="Send msg try again"                    address=[::]:46150      Couldn't send to=127.0.0.1:43659 error="Operation Canceled"
        t=2026-09-22T13:01:19+0200 lvl=eror msg=CloseConnect                            =[::]:46150 having error closing conn to=127.0.0.1:60911 error="Connection Closed"
        t=2026-09-22T13:01:19+0200 lvl=warn msg="Send msg try again"                    address=[::]:46150      Couldn't send to=127.0.0.1:35266 error="Operation Canceled"
        t=2026-09-22T13:01:19+0200 lvl=eror msg=CloseConnect                            =[::]:46150 having error closing conn to=127.0.0.1:39834 error="Connection Closed"
        t=2026-09-22T13:01:19+0200 lvl=warn msg=GetBlockByNumer                         number=1
        t=2026-09-22T13:01:19+0200 lvl=warn msg=GetBlockByNumer                         number=1
        t=2026-09-22T13:01:19+0200 lvl=warn msg=GetBlockByNumer                         number=62
        t=2026-09-22T13:01:19+0200 lvl=warn msg=GetBlockByNumer                         number=1
        t=2026-09-22T13:01:19+0200 lvl=warn msg="reject new-view before storage"        from=127.0.0.1:41794 viewID=0x64f2842f25976de7aa1806d2e8db9d25a904c9b39c3b55c02804ef091e836ca5 err="hotstuff view state too old"
        t=2026-09-22T13:01:19+0200 lvl=warn msg=GetBlockByNumer                         number=62
        t=2026-09-22T13:01:19+0200 lvl=warn msg=GetBlockByNumer                         number=1
        t=2026-09-22T13:01:19+0200 lvl=warn msg=GetBlockByNumer                         number=62
        t=2026-09-22T13:01:21+0200 lvl=warn msg="HandleConn drops connection: closed"   address=127.0.0.1:46150 remot=127.0.0.1:35266
        t=2026-09-22T13:01:21+0200 lvl=info msg="HOTSTUFF PROPOSAL REPAIR REQUEST"      to=127.0.0.1:35266 number=66 proposalID=0x68328e14c0d0d7e9ac0f5cb5d75f0a16b9998a6873f38709b5e8eca9b2f1a72e missing=0 attempt=0
        t=2026-09-22T13:01:21+0200 lvl=info msg="HOTSTUFF PROPOSAL MANIFEST stored"     from=127.0.0.1:35266 number=66 proposalID=0x68328e14c0d0d7e9ac0f5cb5d75f0a16b9998a6873f38709b5e8eca9b2f1a72e manifestBytes=1219 missing=0 bodyBytes=1653
        t=2026-09-22T13:01:22+0200 lvl=info msg="HOTSTUFF PROPOSAL MANIFEST stored"     from=127.0.0.1:41794 number=67 proposalID=0xeeb67cdfbb7fcd9cfebcd775c7f777834df1da215fc85320b21457321b9a7709 manifestBytes=830  missing=0 bodyBytes=830
        t=2026-09-22T13:01:22+0200 lvl=warn msg="HandleConn drops connection: closed"   address=127.0.0.1:46150 remot=127.0.0.1:41794
        t=2026-09-22T13:01:22+0200 lvl=info msg="HOTSTUFF PROPOSAL MANIFEST stored"     from=127.0.0.1:41794 number=67 proposalID=0xeeb67cdfbb7fcd9cfebcd775c7f777834df1da215fc85320b21457321b9a7709 manifestBytes=830  missing=0 bodyBytes=830
        t=2026-09-22T13:01:22+0200 lvl=info msg="HOTSTUFF PROPOSAL MANIFEST stored"     from=127.0.0.1:40959 number=68 proposalID=0x91035bc4d697a06a4ff1dee0351df131a57dbca4fc577f4e15acb89c4c01ddc8 manifestBytes=1219 missing=0 bodyBytes=1653
        t=2026-09-22T13:01:23+0200 lvl=info msg="HOTSTUFF PROPOSAL REF"                 number=69 viewID=0x2b05b720f73c8b281c9d6f241138c572f7a49e5c579bf43e49b1d96ff0a5ed17 proposalID=0x7dc01755cc7a85ed47c5f4c65b576104a5fe4d6569259bab339b21373bd32757 blockHash=0xeffdcbfbb139a85f884f826fa672d695716f98f51e9be6ad3ec73fdbee7e9c65 bodyHash=0x0330817ff2104db6b8e95bd4303cf3584d752182ffe3ccc905de3600ef46e843 bodySize=830  refBytes=439
        t=2026-09-22T13:01:23+0200 lvl=warn msg="Send msg try again"                    address=[::]:46150      Couldn't send to=127.0.0.1:40959 error="Operation Canceled"
        t=2026-09-22T13:01:23+0200 lvl=eror msg=CloseConnect                            =[::]:46150 having error closing conn to=127.0.0.1:40959 error="Connection Closed"
        t=2026-09-22T13:01:23+0200 lvl=warn msg="Send msg try again"                    address=[::]:46150      Couldn't send to=127.0.0.1:41794 error="Operation Canceled"
        t=2026-09-22T13:01:23+0200 lvl=eror msg=CloseConnect                            =[::]:46150 having error closing conn to=127.0.0.1:50293 error="Connection Closed"
        t=2026-09-22T13:01:26+0200 lvl=warn msg=GetBlockByNumer                         number=1
        t=2026-09-22T13:01:26+0200 lvl=warn msg=GetBlockByNumer                         number=1
        t=2026-09-22T13:01:26+0200 lvl=warn msg=GetBlockByNumer                         number=68
        t=2026-09-22T13:01:26+0200 lvl=warn msg=GetBlockByNumer                         number=1
        t=2026-09-22T13:01:26+0200 lvl=warn msg=GetBlockByNumer                         number=1
        t=2026-09-22T13:01:26+0200 lvl=warn msg=GetBlockByNumer                         number=68
        t=2026-09-22T13:01:27+0200 lvl=info msg="HOTSTUFF PROPOSAL REF"                 number=70 viewID=0xbf042cd0c6ae854e636d51d76219739ed3eb05d1363344ce78a845767af11b16 proposalID=0x89e6bcbb378b3cefeddb4b899b8129005e06959cb9b32d3dd59dcf2b9eca101e blockHash=0x7206e28aa01834c62a8988f6905c2d0751400b092e7712cb418e5856cc860ed3 bodyHash=0xa0b0c16ef5042db77cd53c131125575a99b96e003f59fa9e0e04cec955a148cd bodySize=1314 refBytes=442
        t=2026-09-22T13:01:27+0200 lvl=info msg="HOTSTUFF PROPOSAL MANIFEST stored"     from=127.0.0.1:43659 number=71 proposalID=0x1995b4502873e820b4b4d5782571d469bacde47dee79b3e53ddafd2b2cadab1c manifestBytes=830  missing=0 bodyBytes=830
        t=2026-09-22T13:01:27+0200 lvl=warn msg="HandleConn drops connection: closed"   address=127.0.0.1:46150 remot=127.0.0.1:43659
        t=2026-09-22T13:01:27+0200 lvl=warn msg=GetBlockByNumer                         number=1
        t=2026-09-22T13:01:28+0200 lvl=warn msg=GetBlockByNumer                         number=1
        t=2026-09-22T13:01:28+0200 lvl=warn msg=GetBlockByNumer                         number=1
        t=2026-09-22T13:01:28+0200 lvl=warn msg=GetBlockByNumer                         number=1
        t=2026-09-22T13:01:28+0200 lvl=info msg="HOTSTUFF PROPOSAL MANIFEST stored"     from=127.0.0.1:41794 number=72 proposalID=0x563c502aecff2d84637907386fb022ee302eee1bf980820890fa4c010291c866 manifestBytes=1219 missing=0 bodyBytes=1314
        t=2026-09-22T13:01:28+0200 lvl=info msg="HOTSTUFF PROPOSAL MANIFEST stored"     from=127.0.0.1:41794 number=73 proposalID=0xe6eda97d1471a2c0b2e7e1aad24a20f0553947a8e567fbd5fecddc52c67f1528 manifestBytes=830  missing=0 bodyBytes=830
        t=2026-09-22T13:01:29+0200 lvl=warn msg=GetBlockByNumer                         number=1
        t=2026-09-22T13:01:29+0200 lvl=warn msg=GetBlockByNumer                         number=1
        t=2026-09-22T13:01:34+0200 lvl=warn msg="HOTSTUFF RECOVERY resend NewView"      number=74 viewID=0xf3ae1fc78a612e46a67a7ad7dcf99af330ca59a8db9bd12b930bb21eed6cea67 to=127.0.0.1:50635
        t=2026-09-22T13:01:39+0200 lvl=warn msg="HOTSTUFF RECOVERY resend NewView"      number=74 viewID=0xf3ae1fc78a612e46a67a7ad7dcf99af330ca59a8db9bd12b930bb21eed6cea67 to=127.0.0.1:50635
        t=2026-09-22T13:01:40+0200 lvl=info msg="HOTSTUFF PROPOSAL MANIFEST stored"     from=127.0.0.1:50635 number=74 proposalID=0x0099e83e6cb895d7cf0c244d311dce96a20a98567e3a1968c81307f0b8ff0eac manifestBytes=1219 missing=0 bodyBytes=1653
        t=2026-09-22T13:01:40+0200 lvl=info msg="HOTSTUFF PROPOSAL MANIFEST stored"     from=127.0.0.1:40959 number=75 proposalID=0x931026544b4738ed20db1ef02c4a14ab741758d2f5d02fdb545b4ccaee34e341 manifestBytes=830  missing=0 bodyBytes=830
        t=2026-09-22T13:01:40+0200 lvl=warn msg="HandleConn drops connection: closed"   address=127.0.0.1:46150 remot=127.0.0.1:40959
        t=2026-09-22T13:01:40+0200 lvl=info msg="HOTSTUFF PROPOSAL MANIFEST stored"     from=127.0.0.1:40959 number=75 proposalID=0x931026544b4738ed20db1ef02c4a14ab741758d2f5d02fdb545b4ccaee34e341 manifestBytes=830  missing=0 bodyBytes=830
        t=2026-09-22T13:01:46+0200 lvl=warn msg="HOTSTUFF RECOVERY resend NewView"      number=76 viewID=0x72f931a560343b264d4b848308e6537b4232891a05aada4c378b62007729fd76 to=127.0.0.1:43659
        t=2026-09-22T13:01:50+0200 lvl=warn msg="HandleConn drops connection: closed"   address=127.0.0.1:46150 remot=127.0.0.1:43659
        t=2026-09-22T13:01:51+0200 lvl=info msg="HOTSTUFF PROPOSAL MANIFEST stored"     from=127.0.0.1:43659 number=76 proposalID=0x601039c8f1019b552ae74e8d083b730378cb34efc778147268a05aa41b178b1a manifestBytes=1219 missing=0 bodyBytes=1653
        t=2026-09-22T13:01:51+0200 lvl=info msg="HOTSTUFF PROPOSAL MANIFEST stored"     from=127.0.0.1:35266 number=77 proposalID=0x4ae23d84ad652926d6ae0aa9e98911d6bc7a675c8d7da3bebf88828290bae8f9 manifestBytes=830  missing=0 bodyBytes=830
        t=2026-09-22T13:01:51+0200 lvl=warn msg="HandleConn drops connection: closed"   address=127.0.0.1:46150 remot=127.0.0.1:35266
        t=2026-09-22T13:01:56+0200 lvl=warn msg="HOTSTUFF RECOVERY resend NewView"      number=78 viewID=0x8b37c373307a18ae3019dc7159001d52783717af65d19cc487e591679469b2cf to=127.0.0.1:35266
        t=2026-09-22T13:02:01+0200 lvl=warn msg="HOTSTUFF RECOVERY resend NewView"      number=78 viewID=0x8b37c373307a18ae3019dc7159001d52783717af65d19cc487e591679469b2cf to=127.0.0.1:35266
        t=2026-09-22T13:02:03+0200 lvl=info msg="HOTSTUFF PROPOSAL MANIFEST stored"     from=127.0.0.1:35266 number=78 proposalID=0x82e50a849f05f352ad180658af216392d5175d4cc2ef816496ba1e3dabd5ce8a manifestBytes=1219 missing=0 bodyBytes=1653
        t=2026-09-22T13:02:04+0200 lvl=info msg="HOTSTUFF PROPOSAL REF"                 number=79 viewID=0xa2c0e389e11d9f1782d4c7c3b90afba1db4edbb3a57c54dc73cc76a540260521 proposalID=0xb142d6cb692cd726f2038f4412fcab301163f6de4066cfc78e2f292c1cf29dea blockHash=0x3de3e74ef7f2c1da493daf82d55bf8cab3c6c4a42d11a60bc9f52535b355db98 bodyHash=0x3516f1245f961d491b0b46028926305dd54f7bf07af361b66beb8f4f40e12fc2 bodySize=830  refBytes=439
        t=2026-09-22T13:02:04+0200 lvl=warn msg="Send msg try again"                    address=[::]:46150      Couldn't send to=127.0.0.1:35266 error="Operation Canceled"
        t=2026-09-22T13:02:04+0200 lvl=eror msg=CloseConnect                            =[::]:46150 having error closing conn to=127.0.0.1:42606 error="Connection Closed"
        t=2026-09-22T13:02:04+0200 lvl=warn msg="HotStuff message rejected"             from=                code=MsgTryPropose number=0  viewID=0x0000000000000000000000000000000000000000000000000000000000000000 err="hotstuff invalid leader view"
        t=2026-09-22T13:02:04+0200 lvl=warn msg="reject new-view before storage"        from=127.0.0.1:50635 viewID=0xa2c0e389e11d9f1782d4c7c3b90afba1db4edbb3a57c54dc73cc76a540260521 err="hotstuff view state too old"
        t=2026-09-22T13:02:04+0200 lvl=warn msg="reject new-view before storage"        from=127.0.0.1:43659 viewID=0xa2c0e389e11d9f1782d4c7c3b90afba1db4edbb3a57c54dc73cc76a540260521 err="hotstuff view state too old"
        t=2026-09-22T13:02:04+0200 lvl=info msg="HOTSTUFF PROPOSAL MANIFEST stored"     from=127.0.0.1:50635 number=80 proposalID=0x511e0cce1284ba46e443e98c3ba08e4c2371308910b0020bf657271176cb2d7e manifestBytes=1219 missing=0 bodyBytes=1653
        t=2026-09-22T13:02:04+0200 lvl=warn msg="HandleConn drops connection: closed"   address=127.0.0.1:46150 remot=127.0.0.1:50635
        t=2026-09-22T13:02:04+0200 lvl=info msg="HOTSTUFF PROPOSAL MANIFEST stored"     from=127.0.0.1:50635 number=80 proposalID=0x511e0cce1284ba46e443e98c3ba08e4c2371308910b0020bf657271176cb2d7e manifestBytes=1219 missing=0 bodyBytes=1653
        t=2026-09-22T13:02:05+0200 lvl=info msg="HOTSTUFF PROPOSAL MANIFEST stored"     from=127.0.0.1:60003 number=81 proposalID=0x6c07d38bb0840443c511ef8d59b14192e7b372bc842fa9b7fcb1b48f03f66ad6 manifestBytes=830  missing=0 bodyBytes=830
        t=2026-09-22T13:02:05+0200 lvl=warn msg="HandleConn drops connection: closed"   address=127.0.0.1:46150 remot=127.0.0.1:60003
        t=2026-09-22T13:02:05+0200 lvl=info msg="HOTSTUFF PROPOSAL MANIFEST stored"     from=127.0.0.1:60003 number=81 proposalID=0x6c07d38bb0840443c511ef8d59b14192e7b372bc842fa9b7fcb1b48f03f66ad6 manifestBytes=830  missing=0 bodyBytes=830
        t=2026-09-22T13:02:10+0200 lvl=warn msg="HOTSTUFF RECOVERY resend NewView"      number=82 viewID=0x2bab6fb1f50a848b600b286dff80127d5a4198ccdc116165c81b5ee1db713023 to=127.0.0.1:46150
        t=2026-09-22T13:02:14+0200 lvl=info msg="HOTSTUFF PROPOSAL REF"                 number=82 viewID=0x2bab6fb1f50a848b600b286dff80127d5a4198ccdc116165c81b5ee1db713023 proposalID=0xcf2ef0630ff44978612f3769b4d56f4ee002a16f9c6fafbd79351de8d4c37bdb blockHash=0x3fd765e5058ddb67c62a2103e14879ca379ebc8dc72317ff3ec1045a2df1fe3b bodyHash=0x653cce35212b07f67f62797d2afbf864e45af323108f5cb2d928e97108153ea3 bodySize=1653 refBytes=442
        t=2026-09-22T13:02:14+0200 lvl=info msg="HOTSTUFF PROPOSAL MANIFEST stored"     from=127.0.0.1:60003 number=83 proposalID=0xa001b60be55a77143cf028543a28faf7685684464d0d8a63935d21f979fa4bb6 manifestBytes=830  missing=0 bodyBytes=830
        t=2026-09-22T13:02:15+0200 lvl=info msg="HOTSTUFF PROPOSAL MANIFEST stored"     from=127.0.0.1:60003 number=84 proposalID=0xea5bc9aee58d7758f7bdcdd06ca583fea90f55a01b61f3d24bb38c1d1bf2504a manifestBytes=1219 missing=0 bodyBytes=1653
        t=2026-09-22T13:02:15+0200 lvl=info msg="HOTSTUFF PROPOSAL MANIFEST stored"     from=127.0.0.1:40959 number=85 proposalID=0x8ae921e70cb6bc738b667f77a924f935e0085b39ec538c8b5f6b6f6371cbf34e manifestBytes=830  missing=0 bodyBytes=830
        t=2026-09-22T13:02:20+0200 lvl=warn msg="HOTSTUFF RECOVERY resend NewView"      number=86 viewID=0x7d60a31f27826cf745b5a2cb8fe2bdca96a714d50481154b5a85677bcd021d21 to=127.0.0.1:40959
        t=2026-09-22T13:02:21+0200 lvl=info msg="HOTSTUFF PROPOSAL MANIFEST stored"     from=127.0.0.1:40959 number=86 proposalID=0xb6fb70a3ab9602c3aa8edd2316625af154586fa7630218d6f899b29fd215d583 manifestBytes=1219 missing=0 bodyBytes=1653
        t=2026-09-22T13:02:22+0200 lvl=info msg="HOTSTUFF PROPOSAL MANIFEST stored"     from=127.0.0.1:41794 number=87 proposalID=0x730a1e52adb5cd7cfd3743b50bed3f906f5802a12fa4526e3b35e50f564ac474 manifestBytes=830  missing=0 bodyBytes=830
        t=2026-09-22T13:02:22+0200 lvl=info msg="HOTSTUFF PROPOSAL MANIFEST stored"     from=127.0.0.1:40959 number=88 proposalID=0x54ac3cf01555928a67757f422e88a32c7983c816167dea3ee383a4dbebd97351 manifestBytes=1219 missing=0 bodyBytes=1653
        t=2026-09-22T13:02:23+0200 lvl=info msg="HOTSTUFF PROPOSAL MANIFEST stored"     from=127.0.0.1:50635 number=89 proposalID=0xf2a928fc647c10be8f178b8f644c6ac21b159d84dff74848598d811ef0e1fe6d manifestBytes=830  missing=0 bodyBytes=830
        t=2026-09-22T13:02:26+0200 lvl=info msg="HOTSTUFF PROPOSAL MANIFEST stored"     from=127.0.0.1:50635 number=90 proposalID=0x486d10ef0830b6914551db1d12b3aaaf0cee53a6b29c7e839db3dba8ef0de848 manifestBytes=1220 missing=0 bodyBytes=3350
        t=2026-09-22T13:02:27+0200 lvl=info msg="HOTSTUFF PROPOSAL MANIFEST stored"     from=127.0.0.1:43659 number=91 proposalID=0xcc13774a2b132b822aa7db9e142f319d5fd3aa2012b413071f63ae848778eb24 manifestBytes=830  missing=0 bodyBytes=830
        t=2026-09-22T13:02:27+0200 lvl=warn msg="HandleConn drops connection: closed"   address=127.0.0.1:46150 remot=127.0.0.1:43659
        t=2026-09-22T13:02:27+0200 lvl=info msg="HOTSTUFF PROPOSAL MANIFEST stored"     from=127.0.0.1:43659 number=92 proposalID=0xde8368b94a0ba1ee3a0b6c53cdcf77a44b8f0ffd12090dfea8d076e1fab6f46b manifestBytes=1220 missing=0 bodyBytes=3350
        t=2026-09-22T13:02:28+0200 lvl=info msg="HOTSTUFF PROPOSAL MANIFEST stored"     from=127.0.0.1:43659 number=93 proposalID=0x6756be72aeae9aa3321dff52a78d2137af0b0317f8882a4bd8bed54503ed4557 manifestBytes=830  missing=0 bodyBytes=830
        t=2026-09-22T13:02:28+0200 lvl=warn msg="HandleConn drops connection: closed"   address=127.0.0.1:46150 remot=127.0.0.1:43659
        t=2026-09-22T13:02:28+0200 lvl=info msg="HOTSTUFF PROPOSAL MANIFEST stored"     from=127.0.0.1:43659 number=93 proposalID=0x6756be72aeae9aa3321dff52a78d2137af0b0317f8882a4bd8bed54503ed4557 manifestBytes=830  missing=0 bodyBytes=830
        t=2026-09-22T13:02:28+0200 lvl=warn msg="reject new-view before storage"        from=127.0.0.1:35266 viewID=0xc1728b3d2e6885dbe7b7dc7cef5e6c862288b3ee455b79f3b86f0199c03b8a4b err="hotstuff proposal validation pending"
        t=2026-09-22T13:02:33+0200 lvl=warn msg="HOTSTUFF RECOVERY resend NewView"      number=94 viewID=0xc1728b3d2e6885dbe7b7dc7cef5e6c862288b3ee455b79f3b86f0199c03b8a4b to=127.0.0.1:46150
        t=2026-09-22T13:02:38+0200 lvl=warn msg="HOTSTUFF RECOVERY resend NewView"      number=94 viewID=0xc1728b3d2e6885dbe7b7dc7cef5e6c862288b3ee455b79f3b86f0199c03b8a4b to=127.0.0.1:46150
        t=2026-09-22T13:02:43+0200 lvl=warn msg="HOTSTUFF RECOVERY resend NewView"      number=94 viewID=0xc1728b3d2e6885dbe7b7dc7cef5e6c862288b3ee455b79f3b86f0199c03b8a4b to=127.0.0.1:46150
        t=2026-09-22T13:02:48+0200 lvl=warn msg="HOTSTUFF RECOVERY resend NewView"      number=94 viewID=0xc1728b3d2e6885dbe7b7dc7cef5e6c862288b3ee455b79f3b86f0199c03b8a4b to=127.0.0.1:46150
        t=2026-09-22T13:02:53+0200 lvl=warn msg="HOTSTUFF RECOVERY resend NewView"      number=94 viewID=0xc1728b3d2e6885dbe7b7dc7cef5e6c862288b3ee455b79f3b86f0199c03b8a4b to=127.0.0.1:46150
        t=2026-09-22T13:02:58+0200 lvl=warn msg="HOTSTUFF RECOVERY resend NewView"      number=94 viewID=0xc1728b3d2e6885dbe7b7dc7cef5e6c862288b3ee455b79f3b86f0199c03b8a4b to=127.0.0.1:46150
    fhs_process_recovery_test.go:227: validator 1046198 complete log: /tmp/fhs-process-failure-1608583094.log
    fhs_process_recovery_test.go:232: validator 1046198 log tail:
        6-09-22T13:01:10+0200 lvl=warn msg=GetBlockByNumer                         number=1
        t=2026-09-22T13:01:10+0200 lvl=warn msg=GetBlockByNumer                         number=56
        t=2026-09-22T13:01:10+0200 lvl=warn msg=GetBlockByNumer                         number=1
        t=2026-09-22T13:01:10+0200 lvl=warn msg=GetBlockByNumer                         number=1
        t=2026-09-22T13:01:10+0200 lvl=warn msg=GetBlockByNumer                         number=56
        t=2026-09-22T13:01:11+0200 lvl=warn msg=GetBlockByNumer                         number=1
        t=2026-09-22T13:01:11+0200 lvl=warn msg=GetBlockByNumer                         number=1
        t=2026-09-22T13:01:11+0200 lvl=warn msg=GetBlockByNumer                         number=56
        t=2026-09-22T13:01:11+0200 lvl=warn msg=GetBlockByNumer                         number=1
        t=2026-09-22T13:01:11+0200 lvl=warn msg=GetBlockByNumer                         number=1
        t=2026-09-22T13:01:11+0200 lvl=warn msg=GetBlockByNumer                         number=56
        t=2026-09-22T13:01:11+0200 lvl=warn msg=GetBlockByNumer                         number=1
        t=2026-09-22T13:01:11+0200 lvl=warn msg=GetBlockByNumer                         number=1
        t=2026-09-22T13:01:11+0200 lvl=warn msg=GetBlockByNumer                         number=56
        t=2026-09-22T13:01:12+0200 lvl=warn msg=GetBlockByNumer                         number=1
        t=2026-09-22T13:01:12+0200 lvl=warn msg=GetBlockByNumer                         number=1
        t=2026-09-22T13:01:12+0200 lvl=warn msg=GetBlockByNumer                         number=56
        t=2026-09-22T13:01:12+0200 lvl=warn msg=GetBlockByNumer                         number=1
        t=2026-09-22T13:01:12+0200 lvl=warn msg=GetBlockByNumer                         number=1
        t=2026-09-22T13:01:12+0200 lvl=warn msg=GetBlockByNumer                         number=56
        t=2026-09-22T13:01:12+0200 lvl=warn msg=GetBlockByNumer                         number=1
        t=2026-09-22T13:01:12+0200 lvl=warn msg=GetBlockByNumer                         number=1
        t=2026-09-22T13:01:12+0200 lvl=warn msg=GetBlockByNumer                         number=56
        t=2026-09-22T13:01:13+0200 lvl=warn msg=GetBlockByNumer                         number=1
        t=2026-09-22T13:01:13+0200 lvl=warn msg=GetBlockByNumer                         number=1
        t=2026-09-22T13:01:13+0200 lvl=warn msg=GetBlockByNumer                         number=56
        t=2026-09-22T13:01:13+0200 lvl=info msg="HOTSTUFF PROPOSAL REF"                 number=58 viewID=0x32ad0e5c84ffbab4fb996a9c2f65843ff5fd3fbe8807763aa237c89c4920719f proposalID=0xdf048ef7941c3162229cf5a8e10205f1a97b54c2218541648725178e0f5b549b blockHash=0x1bcc5a5a35bb3764a7821e1ee5ffef2cd846555b08896c699afadae73d13ca61 bodyHash=0xc16d1c671247976b5e7c8be5114e272ca688707b5fb2d90d59c907f2b039d4b8 bodySize=3350 refBytes=442
        t=2026-09-22T13:01:13+0200 lvl=warn msg=GetBlockByNumer                         number=1
        t=2026-09-22T13:01:13+0200 lvl=warn msg=GetBlockByNumer                         number=1
        t=2026-09-22T13:01:13+0200 lvl=warn msg=GetBlockByNumer                         number=56
        t=2026-09-22T13:01:13+0200 lvl=warn msg=GetBlockByNumer                         number=1
        t=2026-09-22T13:01:13+0200 lvl=warn msg=GetBlockByNumer                         number=1
        t=2026-09-22T13:01:13+0200 lvl=warn msg=GetBlockByNumer                         number=57
        t=2026-09-22T13:01:13+0200 lvl=info msg="HOTSTUFF PROPOSAL MANIFEST stored"     from=127.0.0.1:46150 number=59 proposalID=0x8c4e79f74ba6f00b3d1c91245895b3dc0a8b46d031c41343c497b9cc0f7774f2 manifestBytes=830  missing=0 bodyBytes=830
        t=2026-09-22T13:01:14+0200 lvl=warn msg=GetBlockByNumer                         number=1
        t=2026-09-22T13:01:14+0200 lvl=warn msg=GetBlockByNumer                         number=1
        t=2026-09-22T13:01:14+0200 lvl=warn msg=GetBlockByNumer                         number=57
        t=2026-09-22T13:01:14+0200 lvl=info msg="HOTSTUFF PROPOSAL MANIFEST stored"     from=127.0.0.1:35266 number=60 proposalID=0x7eb743f8a039f6ace3dbb859f729bf7c53c1364c889ebd34e3529eff17807611 manifestBytes=1220 missing=0 bodyBytes=3350
        t=2026-09-22T13:01:14+0200 lvl=warn msg=GetBlockByNumer                         number=1
        t=2026-09-22T13:01:14+0200 lvl=warn msg=GetBlockByNumer                         number=1
        t=2026-09-22T13:01:14+0200 lvl=info msg="HOTSTUFF PROPOSAL MANIFEST stored"     from=127.0.0.1:35266 number=61 proposalID=0xe6485feb1b43f1447a0784b56b37714e6afee1f4a789dda93f75a8a47b8bfc5c manifestBytes=830  missing=0 bodyBytes=830
        t=2026-09-22T13:01:14+0200 lvl=warn msg=GetBlockByNumer                         number=1
        t=2026-09-22T13:01:14+0200 lvl=warn msg=GetBlockByNumer                         number=59
        t=2026-09-22T13:01:15+0200 lvl=warn msg=GetBlockByNumer                         number=1
        t=2026-09-22T13:01:15+0200 lvl=warn msg=GetBlockByNumer                         number=1
        t=2026-09-22T13:01:15+0200 lvl=warn msg=GetBlockByNumer                         number=60
        t=2026-09-22T13:01:15+0200 lvl=warn msg=GetBlockByNumer                         number=1
        t=2026-09-22T13:01:15+0200 lvl=warn msg=GetBlockByNumer                         number=1
        t=2026-09-22T13:01:15+0200 lvl=warn msg=GetBlockByNumer                         number=60
        t=2026-09-22T13:01:15+0200 lvl=warn msg=GetBlockByNumer                         number=1
        t=2026-09-22T13:01:15+0200 lvl=warn msg=GetBlockByNumer                         number=1
        t=2026-09-22T13:01:15+0200 lvl=warn msg=GetBlockByNumer                         number=60
        t=2026-09-22T13:01:16+0200 lvl=warn msg=GetBlockByNumer                         number=1
        t=2026-09-22T13:01:16+0200 lvl=warn msg=GetBlockByNumer                         number=1
        t=2026-09-22T13:01:16+0200 lvl=warn msg=GetBlockByNumer                         number=60
        t=2026-09-22T13:01:16+0200 lvl=warn msg=GetBlockByNumer                         number=1
        t=2026-09-22T13:01:16+0200 lvl=warn msg=GetBlockByNumer                         number=1
        t=2026-09-22T13:01:16+0200 lvl=warn msg=GetBlockByNumer                         number=60
        t=2026-09-22T13:01:16+0200 lvl=warn msg=GetBlockByNumer                         number=1
        t=2026-09-22T13:01:16+0200 lvl=warn msg=GetBlockByNumer                         number=1
        t=2026-09-22T13:01:16+0200 lvl=warn msg=GetBlockByNumer                         number=60
        t=2026-09-22T13:01:17+0200 lvl=warn msg=GetBlockByNumer                         number=1
        t=2026-09-22T13:01:17+0200 lvl=warn msg=GetBlockByNumer                         number=1
        t=2026-09-22T13:01:17+0200 lvl=warn msg=GetBlockByNumer                         number=60
        t=2026-09-22T13:01:17+0200 lvl=warn msg=GetBlockByNumer                         number=1
        t=2026-09-22T13:01:17+0200 lvl=warn msg=GetBlockByNumer                         number=1
        t=2026-09-22T13:01:17+0200 lvl=warn msg=GetBlockByNumer                         number=60
        t=2026-09-22T13:01:17+0200 lvl=warn msg=GetBlockByNumer                         number=1
        t=2026-09-22T13:01:17+0200 lvl=warn msg=GetBlockByNumer                         number=1
        t=2026-09-22T13:01:17+0200 lvl=warn msg=GetBlockByNumer                         number=60
        t=2026-09-22T13:01:18+0200 lvl=info msg="HOTSTUFF PROPOSAL MANIFEST stored"     from=127.0.0.1:43659 number=62 proposalID=0x28b3cd36d4759008fe439d35ab735fada14dbf555b05ab9f7b97593cde68dca5 manifestBytes=1220 missing=0 bodyBytes=3350
        t=2026-09-22T13:01:18+0200 lvl=warn msg=GetBlockByNumer                         number=1
        t=2026-09-22T13:01:18+0200 lvl=warn msg=GetBlockByNumer                         number=1
        t=2026-09-22T13:01:18+0200 lvl=warn msg=GetBlockByNumer                         number=60
        t=2026-09-22T13:01:18+0200 lvl=info msg="HOTSTUFF PROPOSAL MANIFEST stored"     from=127.0.0.1:46150 number=63 proposalID=0x926d258f108bfd846b1d8c2bddc4a10fbd4834c186975211706fdec591caf9d6 manifestBytes=830  missing=0 bodyBytes=830
        t=2026-09-22T13:01:18+0200 lvl=warn msg=GetBlockByNumer                         number=1
        t=2026-09-22T13:01:18+0200 lvl=warn msg=GetBlockByNumer                         number=1
        t=2026-09-22T13:01:18+0200 lvl=warn msg=GetBlockByNumer                         number=61
        t=2026-09-22T13:01:18+0200 lvl=info msg="HOTSTUFF PROPOSAL MANIFEST stored"     from=127.0.0.1:43659 number=64 proposalID=0xad28f97ce9037531b6aad4bfedda03a68bfff73158829585bc2ff1b6ed45e602 manifestBytes=1220 missing=0 bodyBytes=3350
        t=2026-09-22T13:01:19+0200 lvl=warn msg=GetBlockByNumer                         number=1
        t=2026-09-22T13:01:19+0200 lvl=warn msg=GetBlockByNumer                         number=1
        t=2026-09-22T13:01:19+0200 lvl=warn msg=GetBlockByNumer                         number=61
        t=2026-09-22T13:01:19+0200 lvl=info msg="HOTSTUFF PROPOSAL MANIFEST stored"     from=127.0.0.1:46150 number=65 proposalID=0xc250a378e43f9a95f538366df1710dbfa2bafb88965eeb068cbbfd4e71a2c0bd manifestBytes=830  missing=0 bodyBytes=830
        t=2026-09-22T13:01:19+0200 lvl=warn msg="HandleConn drops connection: closed"   address=127.0.0.1:60003 remot=127.0.0.1:46150
        t=2026-09-22T13:01:19+0200 lvl=warn msg=GetBlockByNumer                         number=1
        t=2026-09-22T13:01:19+0200 lvl=warn msg=GetBlockByNumer                         number=1
        t=2026-09-22T13:01:19+0200 lvl=warn msg=GetBlockByNumer                         number=62
        t=2026-09-22T13:01:19+0200 lvl=warn msg=GetBlockByNumer                         number=1
        t=2026-09-22T13:01:19+0200 lvl=warn msg=GetBlockByNumer                         number=62
        t=2026-09-22T13:01:19+0200 lvl=warn msg=GetBlockByNumer                         number=1
        t=2026-09-22T13:01:19+0200 lvl=warn msg=GetBlockByNumer                         number=62
        t=2026-09-22T13:01:21+0200 lvl=info msg="HOTSTUFF PROPOSAL MANIFEST stored"     from=127.0.0.1:35266 number=66 proposalID=0x68328e14c0d0d7e9ac0f5cb5d75f0a16b9998a6873f38709b5e8eca9b2f1a72e manifestBytes=1219 missing=0 bodyBytes=1653
        t=2026-09-22T13:01:22+0200 lvl=info msg="HOTSTUFF PROPOSAL MANIFEST stored"     from=127.0.0.1:41794 number=67 proposalID=0xeeb67cdfbb7fcd9cfebcd775c7f777834df1da215fc85320b21457321b9a7709 manifestBytes=830  missing=0 bodyBytes=830
        t=2026-09-22T13:01:22+0200 lvl=info msg="HOTSTUFF PROPOSAL MANIFEST stored"     from=127.0.0.1:40959 number=68 proposalID=0x91035bc4d697a06a4ff1dee0351df131a57dbca4fc577f4e15acb89c4c01ddc8 manifestBytes=1219 missing=0 bodyBytes=1653
        t=2026-09-22T13:01:23+0200 lvl=info msg="HOTSTUFF PROPOSAL MANIFEST stored"     from=127.0.0.1:46150 number=69 proposalID=0x7dc01755cc7a85ed47c5f4c65b576104a5fe4d6569259bab339b21373bd32757 manifestBytes=830  missing=0 bodyBytes=830
        t=2026-09-22T13:01:26+0200 lvl=warn msg=GetBlockByNumer                         number=1
        t=2026-09-22T13:01:26+0200 lvl=warn msg=GetBlockByNumer                         number=1
        t=2026-09-22T13:01:26+0200 lvl=warn msg=GetBlockByNumer                         number=68
        t=2026-09-22T13:01:26+0200 lvl=warn msg=GetBlockByNumer                         number=1
        t=2026-09-22T13:01:26+0200 lvl=warn msg=GetBlockByNumer                         number=1
        t=2026-09-22T13:01:26+0200 lvl=warn msg=GetBlockByNumer                         number=68
        t=2026-09-22T13:01:27+0200 lvl=info msg="HOTSTUFF PROPOSAL MANIFEST stored"     from=127.0.0.1:46150 number=70 proposalID=0x89e6bcbb378b3cefeddb4b899b8129005e06959cb9b32d3dd59dcf2b9eca101e manifestBytes=1219 missing=1 bodyBytes=1314
        t=2026-09-22T13:01:27+0200 lvl=eror msg="OnPropose wait proposal body"          number=70 proposalID=0x89e6bcbb378b3cefeddb4b899b8129005e06959cb9b32d3dd59dcf2b9eca101e err="hotstuff view state too old"
        t=2026-09-22T13:01:27+0200 lvl=warn msg="HOTSTUFF PROPOSAL MANIFEST authority rejected" from=127.0.0.1:43659 leader=127.0.0.1:43659 number=71 proposalID=0x1995b4502873e820b4b4d5782571d469bacde47dee79b3e53ddafd2b2cadab1c err="proposal manifest does not match the current deterministic leader route: manifest key committee is already canonical but is not the current route"
        t=2026-09-22T13:01:27+0200 lvl=eror msg="OnPropose wait proposal body"          number=71 proposalID=0x1995b4502873e820b4b4d5782571d469bacde47dee79b3e53ddafd2b2cadab1c err="hotstuff view state too old"
        t=2026-09-22T13:01:27+0200 lvl=warn msg=GetBlockByNumer                         number=1
        t=2026-09-22T13:01:28+0200 lvl=warn msg=GetBlockByNumer                         number=1
        t=2026-09-22T13:01:28+0200 lvl=info msg="HOTSTUFF PROPOSAL REPAIR REQUEST"      to=127.0.0.1:43659 number=71 proposalID=0x1995b4502873e820b4b4d5782571d469bacde47dee79b3e53ddafd2b2cadab1c missing=0 attempt=0
        t=2026-09-22T13:01:28+0200 lvl=info msg="HOTSTUFF PROPOSAL MANIFEST stored"     from=127.0.0.1:43659 number=71 proposalID=0x1995b4502873e820b4b4d5782571d469bacde47dee79b3e53ddafd2b2cadab1c manifestBytes=830  missing=0 bodyBytes=830
        t=2026-09-22T13:01:28+0200 lvl=warn msg=GetBlockByNumer                         number=1
        t=2026-09-22T13:01:28+0200 lvl=warn msg=GetBlockByNumer                         number=1
        t=2026-09-22T13:01:28+0200 lvl=info msg="HOTSTUFF PROPOSAL MANIFEST stored"     from=127.0.0.1:41794 number=72 proposalID=0x563c502aecff2d84637907386fb022ee302eee1bf980820890fa4c010291c866 manifestBytes=1219 missing=0 bodyBytes=1314
        t=2026-09-22T13:01:28+0200 lvl=info msg="HOTSTUFF PROPOSAL MANIFEST stored"     from=127.0.0.1:41794 number=73 proposalID=0xe6eda97d1471a2c0b2e7e1aad24a20f0553947a8e567fbd5fecddc52c67f1528 manifestBytes=830  missing=0 bodyBytes=830
        t=2026-09-22T13:01:29+0200 lvl=warn msg=GetBlockByNumer                         number=1
        t=2026-09-22T13:01:29+0200 lvl=warn msg=GetBlockByNumer                         number=1
        t=2026-09-22T13:01:34+0200 lvl=warn msg="HOTSTUFF RECOVERY resend NewView"      number=74 viewID=0xf3ae1fc78a612e46a67a7ad7dcf99af330ca59a8db9bd12b930bb21eed6cea67 to=127.0.0.1:50635
        t=2026-09-22T13:01:39+0200 lvl=warn msg="HOTSTUFF RECOVERY resend NewView"      number=74 viewID=0xf3ae1fc78a612e46a67a7ad7dcf99af330ca59a8db9bd12b930bb21eed6cea67 to=127.0.0.1:50635
        t=2026-09-22T13:01:40+0200 lvl=warn msg="HandleConn drops connection: closed"   address=127.0.0.1:60003 remot=127.0.0.1:50635
        t=2026-09-22T13:01:40+0200 lvl=info msg="HOTSTUFF PROPOSAL REPAIR REQUEST"      to=127.0.0.1:50635 number=74 proposalID=0x0099e83e6cb895d7cf0c244d311dce96a20a98567e3a1968c81307f0b8ff0eac missing=0 attempt=0
        t=2026-09-22T13:01:40+0200 lvl=info msg="HOTSTUFF PROPOSAL MANIFEST stored"     from=127.0.0.1:50635 number=74 proposalID=0x0099e83e6cb895d7cf0c244d311dce96a20a98567e3a1968c81307f0b8ff0eac manifestBytes=1219 missing=0 bodyBytes=1653
        t=2026-09-22T13:01:40+0200 lvl=info msg="HOTSTUFF PROPOSAL MANIFEST stored"     from=127.0.0.1:40959 number=75 proposalID=0x931026544b4738ed20db1ef02c4a14ab741758d2f5d02fdb545b4ccaee34e341 manifestBytes=830  missing=0 bodyBytes=830
        t=2026-09-22T13:01:46+0200 lvl=warn msg="HOTSTUFF RECOVERY resend NewView"      number=76 viewID=0x72f931a560343b264d4b848308e6537b4232891a05aada4c378b62007729fd76 to=127.0.0.1:43659
        t=2026-09-22T13:01:50+0200 lvl=info msg="HOTSTUFF PROPOSAL MANIFEST stored"     from=127.0.0.1:43659 number=76 proposalID=0x601039c8f1019b552ae74e8d083b730378cb34efc778147268a05aa41b178b1a manifestBytes=1219 missing=0 bodyBytes=1653
        t=2026-09-22T13:01:50+0200 lvl=warn msg="HandleConn drops connection: closed"   address=127.0.0.1:60003 remot=127.0.0.1:43659
        t=2026-09-22T13:01:51+0200 lvl=warn msg="HOTSTUFF RECOVERY resend NewView"      number=76 viewID=0x72f931a560343b264d4b848308e6537b4232891a05aada4c378b62007729fd76 to=127.0.0.1:43659
        t=2026-09-22T13:01:51+0200 lvl=info msg="HOTSTUFF PROPOSAL MANIFEST stored"     from=127.0.0.1:35266 number=77 proposalID=0x4ae23d84ad652926d6ae0aa9e98911d6bc7a675c8d7da3bebf88828290bae8f9 manifestBytes=830  missing=0 bodyBytes=830
        t=2026-09-22T13:01:51+0200 lvl=warn msg="HandleConn drops connection: closed"   address=127.0.0.1:60003 remot=127.0.0.1:35266
        t=2026-09-22T13:01:51+0200 lvl=info msg="HOTSTUFF PROPOSAL MANIFEST stored"     from=127.0.0.1:35266 number=77 proposalID=0x4ae23d84ad652926d6ae0aa9e98911d6bc7a675c8d7da3bebf88828290bae8f9 manifestBytes=830  missing=0 bodyBytes=830
        t=2026-09-22T13:01:51+0200 lvl=warn msg="does not accept incoming connection because it's closed" address=[::]:60003      from=127.0.0.1:44741
        t=2026-09-22T13:01:57+0200 lvl=warn msg="HOTSTUFF RECOVERY resend NewView"      number=78 viewID=0x8b37c373307a18ae3019dc7159001d52783717af65d19cc487e591679469b2cf to=127.0.0.1:35266
        t=2026-09-22T13:02:02+0200 lvl=warn msg="HOTSTUFF RECOVERY resend NewView"      number=78 viewID=0x8b37c373307a18ae3019dc7159001d52783717af65d19cc487e591679469b2cf to=127.0.0.1:35266
        t=2026-09-22T13:02:03+0200 lvl=info msg="HOTSTUFF PROPOSAL MANIFEST stored"     from=127.0.0.1:35266 number=78 proposalID=0x82e50a849f05f352ad180658af216392d5175d4cc2ef816496ba1e3dabd5ce8a manifestBytes=1219 missing=0 bodyBytes=1653
        t=2026-09-22T13:02:04+0200 lvl=info msg="HOTSTUFF PROPOSAL MANIFEST stored"     from=127.0.0.1:46150 number=79 proposalID=0xb142d6cb692cd726f2038f4412fcab301163f6de4066cfc78e2f292c1cf29dea manifestBytes=830  missing=0 bodyBytes=830
        t=2026-09-22T13:02:04+0200 lvl=info msg="HOTSTUFF PROPOSAL MANIFEST stored"     from=127.0.0.1:50635 number=80 proposalID=0x511e0cce1284ba46e443e98c3ba08e4c2371308910b0020bf657271176cb2d7e manifestBytes=1219 missing=0 bodyBytes=1653
        t=2026-09-22T13:02:04+0200 lvl=warn msg="HandleConn drops connection: closed"   address=127.0.0.1:60003 remot=127.0.0.1:50635
        t=2026-09-22T13:02:04+0200 lvl=info msg="HOTSTUFF PROPOSAL MANIFEST stored"     from=127.0.0.1:50635 number=80 proposalID=0x511e0cce1284ba46e443e98c3ba08e4c2371308910b0020bf657271176cb2d7e manifestBytes=1219 missing=0 bodyBytes=1653
        t=2026-09-22T13:02:05+0200 lvl=info msg="HOTSTUFF PROPOSAL REF"                 number=81 viewID=0xf11b1f8afe81877b403f3acb95858cdfb1cf1a4faa0388ea8bbcf643e149176a proposalID=0x6c07d38bb0840443c511ef8d59b14192e7b372bc842fa9b7fcb1b48f03f66ad6 blockHash=0x3561bfd492e34264443b844f5eadd4665946f0acf212a3dd4401eb060fd76760 bodyHash=0xce48c078ee162ff31b4916901ffcbd2c7db94bd9e87b1905381a38ad4c63339f bodySize=830  refBytes=439
        t=2026-09-22T13:02:05+0200 lvl=warn msg="Send msg try again"                    address=[::]:60003      Couldn't send to=127.0.0.1:46150 error="Operation Canceled"
        t=2026-09-22T13:02:05+0200 lvl=eror msg=CloseConnect                            =[::]:60003 having error closing conn to=127.0.0.1:42126 error="Connection Closed"
        t=2026-09-22T13:02:05+0200 lvl=warn msg="Send msg try again"                    address=[::]:60003      Couldn't send to=127.0.0.1:41794 error="Operation Canceled"
        t=2026-09-22T13:02:05+0200 lvl=eror msg=CloseConnect                            =[::]:60003 having error closing conn to=127.0.0.1:41794 error="Connection Closed"
        t=2026-09-22T13:02:10+0200 lvl=warn msg="HOTSTUFF RECOVERY resend NewView"      number=82 viewID=0x2bab6fb1f50a848b600b286dff80127d5a4198ccdc116165c81b5ee1db713023 to=127.0.0.1:46150
        t=2026-09-22T13:02:14+0200 lvl=info msg="HOTSTUFF PROPOSAL MANIFEST stored"     from=127.0.0.1:46150 number=82 proposalID=0xcf2ef0630ff44978612f3769b4d56f4ee002a16f9c6fafbd79351de8d4c37bdb manifestBytes=1219 missing=0 bodyBytes=1653
        t=2026-09-22T13:02:14+0200 lvl=info msg="HOTSTUFF PROPOSAL REF"                 number=83 viewID=0xbd97563cc5bf4385a3ca7a5b0f4fd8445b1d22aa5617352e02a1c2069a62d31f proposalID=0xa001b60be55a77143cf028543a28faf7685684464d0d8a63935d21f979fa4bb6 blockHash=0xed8b49e54d411ff6b179c2c53cae4ad5a461bcfcf67ae7175d14a807e0d0dbca bodyHash=0x9f1b085458182771f146de67bc1e050d8210d067559bfb29e338de88db9400dc bodySize=830  refBytes=439
        t=2026-09-22T13:02:15+0200 lvl=info msg="HOTSTUFF PROPOSAL REF"                 number=84 viewID=0xcb06605c3c112c46cf067e4eb6cc9817fcd88141757ddf21e49f492d559b342a proposalID=0xea5bc9aee58d7758f7bdcdd06ca583fea90f55a01b61f3d24bb38c1d1bf2504a blockHash=0x988b055926614a5ebe777237bac645e8c483696f7d0eaafd8791fa0c5d415572 bodyHash=0x36135342ff15c397a0e947e9c56bdbb46d7d5eed0d8873f2a36ff23334ad4ccc bodySize=1653 refBytes=442
        t=2026-09-22T13:02:15+0200 lvl=warn msg="Send msg try again"                    address=[::]:60003      Couldn't send to=127.0.0.1:35266 error="Operation Canceled"
        t=2026-09-22T13:02:15+0200 lvl=warn msg="Send msg try again"                    address=[::]:60003      Couldn't send to=127.0.0.1:40959 error="Operation Canceled"
        t=2026-09-22T13:02:15+0200 lvl=eror msg=CloseConnect                            =[::]:60003 having error closing conn to=127.0.0.1:40896 error="Connection Closed"
        t=2026-09-22T13:02:15+0200 lvl=eror msg=CloseConnect                            =[::]:60003 having error closing conn to=127.0.0.1:40959 error="Connection Closed"
        t=2026-09-22T13:02:15+0200 lvl=info msg="HOTSTUFF PROPOSAL MANIFEST stored"     from=127.0.0.1:40959 number=85 proposalID=0x8ae921e70cb6bc738b667f77a924f935e0085b39ec538c8b5f6b6f6371cbf34e manifestBytes=830  missing=0 bodyBytes=830
        t=2026-09-22T13:02:20+0200 lvl=warn msg="HOTSTUFF RECOVERY resend NewView"      number=86 viewID=0x7d60a31f27826cf745b5a2cb8fe2bdca96a714d50481154b5a85677bcd021d21 to=127.0.0.1:40959
        t=2026-09-22T13:02:21+0200 lvl=info msg="HOTSTUFF PROPOSAL MANIFEST stored"     from=127.0.0.1:40959 number=86 proposalID=0xb6fb70a3ab9602c3aa8edd2316625af154586fa7630218d6f899b29fd215d583 manifestBytes=1219 missing=0 bodyBytes=1653
        t=2026-09-22T13:02:22+0200 lvl=info msg="HOTSTUFF PROPOSAL MANIFEST stored"     from=127.0.0.1:41794 number=87 proposalID=0x730a1e52adb5cd7cfd3743b50bed3f906f5802a12fa4526e3b35e50f564ac474 manifestBytes=830  missing=0 bodyBytes=830
        t=2026-09-22T13:02:22+0200 lvl=info msg="HOTSTUFF PROPOSAL MANIFEST stored"     from=127.0.0.1:40959 number=88 proposalID=0x54ac3cf01555928a67757f422e88a32c7983c816167dea3ee383a4dbebd97351 manifestBytes=1219 missing=0 bodyBytes=1653
        t=2026-09-22T13:02:23+0200 lvl=info msg="HOTSTUFF PROPOSAL MANIFEST stored"     from=127.0.0.1:50635 number=89 proposalID=0xf2a928fc647c10be8f178b8f644c6ac21b159d84dff74848598d811ef0e1fe6d manifestBytes=830  missing=0 bodyBytes=830
        t=2026-09-22T13:02:26+0200 lvl=info msg="HOTSTUFF PROPOSAL MANIFEST stored"     from=127.0.0.1:50635 number=90 proposalID=0x486d10ef0830b6914551db1d12b3aaaf0cee53a6b29c7e839db3dba8ef0de848 manifestBytes=1220 missing=0 bodyBytes=3350
        t=2026-09-22T13:02:27+0200 lvl=info msg="HOTSTUFF PROPOSAL MANIFEST stored"     from=127.0.0.1:43659 number=91 proposalID=0xcc13774a2b132b822aa7db9e142f319d5fd3aa2012b413071f63ae848778eb24 manifestBytes=830  missing=0 bodyBytes=830
        t=2026-09-22T13:02:27+0200 lvl=info msg="HOTSTUFF PROPOSAL MANIFEST stored"     from=127.0.0.1:43659 number=92 proposalID=0xde8368b94a0ba1ee3a0b6c53cdcf77a44b8f0ffd12090dfea8d076e1fab6f46b manifestBytes=1220 missing=0 bodyBytes=3350
        t=2026-09-22T13:02:28+0200 lvl=info msg="HOTSTUFF PROPOSAL MANIFEST stored"     from=127.0.0.1:43659 number=93 proposalID=0x6756be72aeae9aa3321dff52a78d2137af0b0317f8882a4bd8bed54503ed4557 manifestBytes=830  missing=0 bodyBytes=830
        t=2026-09-22T13:02:33+0200 lvl=warn msg="HOTSTUFF RECOVERY resend NewView"      number=94 viewID=0xc1728b3d2e6885dbe7b7dc7cef5e6c862288b3ee455b79f3b86f0199c03b8a4b to=127.0.0.1:46150
        t=2026-09-22T13:02:38+0200 lvl=warn msg="HOTSTUFF RECOVERY resend NewView"      number=94 viewID=0xc1728b3d2e6885dbe7b7dc7cef5e6c862288b3ee455b79f3b86f0199c03b8a4b to=127.0.0.1:46150
        t=2026-09-22T13:02:43+0200 lvl=warn msg="HOTSTUFF RECOVERY resend NewView"      number=94 viewID=0xc1728b3d2e6885dbe7b7dc7cef5e6c862288b3ee455b79f3b86f0199c03b8a4b to=127.0.0.1:46150
        t=2026-09-22T13:02:48+0200 lvl=warn msg="HOTSTUFF RECOVERY resend NewView"      number=94 viewID=0xc1728b3d2e6885dbe7b7dc7cef5e6c862288b3ee455b79f3b86f0199c03b8a4b to=127.0.0.1:46150
        t=2026-09-22T13:02:53+0200 lvl=warn msg="HOTSTUFF RECOVERY resend NewView"      number=94 viewID=0xc1728b3d2e6885dbe7b7dc7cef5e6c862288b3ee455b79f3b86f0199c03b8a4b to=127.0.0.1:46150
        t=2026-09-22T13:02:58+0200 lvl=warn msg="HOTSTUFF RECOVERY resend NewView"      number=94 viewID=0xc1728b3d2e6885dbe7b7dc7cef5e6c862288b3ee455b79f3b86f0199c03b8a4b to=127.0.0.1:46150
        t=2026-09-22T13:03:03+0200 lvl=warn msg="HOTSTUFF RECOVERY resend NewView"      number=94 viewID=0xc1728b3d2e6885dbe7b7dc7cef5e6c862288b3ee455b79f3b86f0199c03b8a4b to=127.0.0.1:46150
    fhs_process_recovery_test.go:227: validator 1046192 complete log: /tmp/fhs-process-failure-1852569605.log
    fhs_process_recovery_test.go:232: validator 1046192 log tail:
        lvl=warn msg=GetBlockByNumer                         number=1
        t=2026-09-22T13:01:12+0200 lvl=warn msg=GetBlockByNumer                         number=56
        t=2026-09-22T13:01:12+0200 lvl=warn msg=GetBlockByNumer                         number=1
        t=2026-09-22T13:01:12+0200 lvl=warn msg=GetBlockByNumer                         number=1
        t=2026-09-22T13:01:12+0200 lvl=warn msg=GetBlockByNumer                         number=56
        t=2026-09-22T13:01:13+0200 lvl=warn msg=GetBlockByNumer                         number=1
        t=2026-09-22T13:01:13+0200 lvl=warn msg=GetBlockByNumer                         number=1
        t=2026-09-22T13:01:13+0200 lvl=warn msg=GetBlockByNumer                         number=56
        t=2026-09-22T13:01:13+0200 lvl=info msg="HOTSTUFF PROPOSAL MANIFEST stored"     from=127.0.0.1:60003 number=58 proposalID=0xdf048ef7941c3162229cf5a8e10205f1a97b54c2218541648725178e0f5b549b manifestBytes=1220 missing=0 bodyBytes=3350
        t=2026-09-22T13:01:13+0200 lvl=warn msg=GetBlockByNumer                         number=1
        t=2026-09-22T13:01:13+0200 lvl=warn msg=GetBlockByNumer                         number=1
        t=2026-09-22T13:01:13+0200 lvl=warn msg=GetBlockByNumer                         number=56
        t=2026-09-22T13:01:13+0200 lvl=warn msg=GetBlockByNumer                         number=1
        t=2026-09-22T13:01:13+0200 lvl=warn msg=GetBlockByNumer                         number=1
        t=2026-09-22T13:01:13+0200 lvl=warn msg=GetBlockByNumer                         number=57
        t=2026-09-22T13:01:13+0200 lvl=info msg="HOTSTUFF PROPOSAL MANIFEST stored"     from=127.0.0.1:46150 number=59 proposalID=0x8c4e79f74ba6f00b3d1c91245895b3dc0a8b46d031c41343c497b9cc0f7774f2 manifestBytes=830  missing=0 bodyBytes=830
        t=2026-09-22T13:01:14+0200 lvl=warn msg=GetBlockByNumer                         number=1
        t=2026-09-22T13:01:14+0200 lvl=warn msg=GetBlockByNumer                         number=1
        t=2026-09-22T13:01:14+0200 lvl=warn msg=GetBlockByNumer                         number=57
        t=2026-09-22T13:01:14+0200 lvl=info msg="HOTSTUFF PROPOSAL MANIFEST stored"     from=127.0.0.1:35266 number=60 proposalID=0x7eb743f8a039f6ace3dbb859f729bf7c53c1364c889ebd34e3529eff17807611 manifestBytes=1220 missing=0 bodyBytes=3350
        t=2026-09-22T13:01:14+0200 lvl=warn msg=GetBlockByNumer                         number=1
        t=2026-09-22T13:01:14+0200 lvl=warn msg=GetBlockByNumer                         number=1
        t=2026-09-22T13:01:14+0200 lvl=info msg="HOTSTUFF PROPOSAL MANIFEST stored"     from=127.0.0.1:35266 number=61 proposalID=0xe6485feb1b43f1447a0784b56b37714e6afee1f4a789dda93f75a8a47b8bfc5c manifestBytes=830  missing=0 bodyBytes=830
        t=2026-09-22T13:01:14+0200 lvl=warn msg=GetBlockByNumer                         number=1
        t=2026-09-22T13:01:14+0200 lvl=warn msg=GetBlockByNumer                         number=59
        t=2026-09-22T13:01:15+0200 lvl=warn msg=GetBlockByNumer                         number=1
        t=2026-09-22T13:01:15+0200 lvl=warn msg=GetBlockByNumer                         number=1
        t=2026-09-22T13:01:15+0200 lvl=warn msg=GetBlockByNumer                         number=60
        t=2026-09-22T13:01:15+0200 lvl=warn msg=GetBlockByNumer                         number=1
        t=2026-09-22T13:01:15+0200 lvl=warn msg=GetBlockByNumer                         number=1
        t=2026-09-22T13:01:15+0200 lvl=warn msg=GetBlockByNumer                         number=60
        t=2026-09-22T13:01:15+0200 lvl=warn msg=GetBlockByNumer                         number=1
        t=2026-09-22T13:01:15+0200 lvl=warn msg=GetBlockByNumer                         number=1
        t=2026-09-22T13:01:15+0200 lvl=warn msg=GetBlockByNumer                         number=60
        t=2026-09-22T13:01:16+0200 lvl=warn msg=GetBlockByNumer                         number=1
        t=2026-09-22T13:01:16+0200 lvl=warn msg=GetBlockByNumer                         number=1
        t=2026-09-22T13:01:16+0200 lvl=warn msg=GetBlockByNumer                         number=60
        t=2026-09-22T13:01:16+0200 lvl=warn msg=GetBlockByNumer                         number=1
        t=2026-09-22T13:01:16+0200 lvl=warn msg=GetBlockByNumer                         number=1
        t=2026-09-22T13:01:16+0200 lvl=warn msg=GetBlockByNumer                         number=60
        t=2026-09-22T13:01:16+0200 lvl=warn msg=GetBlockByNumer                         number=1
        t=2026-09-22T13:01:16+0200 lvl=warn msg=GetBlockByNumer                         number=1
        t=2026-09-22T13:01:16+0200 lvl=warn msg=GetBlockByNumer                         number=60
        t=2026-09-22T13:01:17+0200 lvl=warn msg=GetBlockByNumer                         number=1
        t=2026-09-22T13:01:17+0200 lvl=warn msg=GetBlockByNumer                         number=1
        t=2026-09-22T13:01:17+0200 lvl=warn msg=GetBlockByNumer                         number=60
        t=2026-09-22T13:01:17+0200 lvl=warn msg=GetBlockByNumer                         number=1
        t=2026-09-22T13:01:17+0200 lvl=warn msg=GetBlockByNumer                         number=1
        t=2026-09-22T13:01:17+0200 lvl=warn msg=GetBlockByNumer                         number=60
        t=2026-09-22T13:01:17+0200 lvl=warn msg=GetBlockByNumer                         number=1
        t=2026-09-22T13:01:17+0200 lvl=warn msg=GetBlockByNumer                         number=1
        t=2026-09-22T13:01:17+0200 lvl=warn msg=GetBlockByNumer                         number=60
        t=2026-09-22T13:01:18+0200 lvl=info msg="HOTSTUFF PROPOSAL MANIFEST stored"     from=127.0.0.1:43659 number=62 proposalID=0x28b3cd36d4759008fe439d35ab735fada14dbf555b05ab9f7b97593cde68dca5 manifestBytes=1220 missing=0 bodyBytes=3350
        t=2026-09-22T13:01:18+0200 lvl=warn msg=GetBlockByNumer                         number=1
        t=2026-09-22T13:01:18+0200 lvl=warn msg=GetBlockByNumer                         number=1
        t=2026-09-22T13:01:18+0200 lvl=warn msg=GetBlockByNumer                         number=60
        t=2026-09-22T13:01:18+0200 lvl=info msg="HOTSTUFF PROPOSAL MANIFEST stored"     from=127.0.0.1:46150 number=63 proposalID=0x926d258f108bfd846b1d8c2bddc4a10fbd4834c186975211706fdec591caf9d6 manifestBytes=830  missing=0 bodyBytes=830
        t=2026-09-22T13:01:18+0200 lvl=warn msg=GetBlockByNumer                         number=1
        t=2026-09-22T13:01:18+0200 lvl=warn msg=GetBlockByNumer                         number=1
        t=2026-09-22T13:01:18+0200 lvl=warn msg=GetBlockByNumer                         number=61
        t=2026-09-22T13:01:18+0200 lvl=info msg="HOTSTUFF PROPOSAL MANIFEST stored"     from=127.0.0.1:43659 number=64 proposalID=0xad28f97ce9037531b6aad4bfedda03a68bfff73158829585bc2ff1b6ed45e602 manifestBytes=1220 missing=0 bodyBytes=3350
        t=2026-09-22T13:01:19+0200 lvl=warn msg=GetBlockByNumer                         number=1
        t=2026-09-22T13:01:19+0200 lvl=warn msg=GetBlockByNumer                         number=1
        t=2026-09-22T13:01:19+0200 lvl=warn msg=GetBlockByNumer                         number=61
        t=2026-09-22T13:01:19+0200 lvl=info msg="HOTSTUFF PROPOSAL MANIFEST stored"     from=127.0.0.1:46150 number=65 proposalID=0xc250a378e43f9a95f538366df1710dbfa2bafb88965eeb068cbbfd4e71a2c0bd manifestBytes=830  missing=0 bodyBytes=830
        t=2026-09-22T13:01:19+0200 lvl=warn msg=GetBlockByNumer                         number=1
        t=2026-09-22T13:01:19+0200 lvl=warn msg=GetBlockByNumer                         number=1
        t=2026-09-22T13:01:19+0200 lvl=warn msg=GetBlockByNumer                         number=62
        t=2026-09-22T13:01:19+0200 lvl=warn msg=GetBlockByNumer                         number=1
        t=2026-09-22T13:01:19+0200 lvl=warn msg=GetBlockByNumer                         number=62
        t=2026-09-22T13:01:19+0200 lvl=warn msg=GetBlockByNumer                         number=1
        t=2026-09-22T13:01:19+0200 lvl=warn msg=GetBlockByNumer                         number=62
        t=2026-09-22T13:01:21+0200 lvl=info msg="HOTSTUFF PROPOSAL MANIFEST stored"     from=127.0.0.1:35266 number=66 proposalID=0x68328e14c0d0d7e9ac0f5cb5d75f0a16b9998a6873f38709b5e8eca9b2f1a72e manifestBytes=1219 missing=0 bodyBytes=1653
        t=2026-09-22T13:01:22+0200 lvl=info msg="HOTSTUFF PROPOSAL MANIFEST stored"     from=127.0.0.1:41794 number=67 proposalID=0xeeb67cdfbb7fcd9cfebcd775c7f777834df1da215fc85320b21457321b9a7709 manifestBytes=830  missing=0 bodyBytes=830
        t=2026-09-22T13:01:22+0200 lvl=info msg="HOTSTUFF PROPOSAL MANIFEST stored"     from=127.0.0.1:40959 number=68 proposalID=0x91035bc4d697a06a4ff1dee0351df131a57dbca4fc577f4e15acb89c4c01ddc8 manifestBytes=1219 missing=0 bodyBytes=1653
        t=2026-09-22T13:01:23+0200 lvl=info msg="HOTSTUFF PROPOSAL MANIFEST stored"     from=127.0.0.1:46150 number=69 proposalID=0x7dc01755cc7a85ed47c5f4c65b576104a5fe4d6569259bab339b21373bd32757 manifestBytes=830  missing=0 bodyBytes=830
        t=2026-09-22T13:01:26+0200 lvl=warn msg=GetBlockByNumer                         number=1
        t=2026-09-22T13:01:26+0200 lvl=warn msg=GetBlockByNumer                         number=1
        t=2026-09-22T13:01:26+0200 lvl=warn msg=GetBlockByNumer                         number=68
        t=2026-09-22T13:01:26+0200 lvl=warn msg=GetBlockByNumer                         number=1
        t=2026-09-22T13:01:26+0200 lvl=warn msg=GetBlockByNumer                         number=1
        t=2026-09-22T13:01:26+0200 lvl=warn msg=GetBlockByNumer                         number=68
        t=2026-09-22T13:01:27+0200 lvl=info msg="HOTSTUFF PROPOSAL MANIFEST stored"     from=127.0.0.1:46150 number=70 proposalID=0x89e6bcbb378b3cefeddb4b899b8129005e06959cb9b32d3dd59dcf2b9eca101e manifestBytes=1219 missing=0 bodyBytes=1314
        t=2026-09-22T13:01:27+0200 lvl=info msg="HOTSTUFF PROPOSAL MANIFEST stored"     from=127.0.0.1:43659 number=71 proposalID=0x1995b4502873e820b4b4d5782571d469bacde47dee79b3e53ddafd2b2cadab1c manifestBytes=830  missing=0 bodyBytes=830
        t=2026-09-22T13:01:27+0200 lvl=warn msg=GetBlockByNumer                         number=1
        t=2026-09-22T13:01:28+0200 lvl=warn msg=GetBlockByNumer                         number=1
        t=2026-09-22T13:01:28+0200 lvl=warn msg=GetBlockByNumer                         number=1
        t=2026-09-22T13:01:28+0200 lvl=warn msg=GetBlockByNumer                         number=1
        t=2026-09-22T13:01:28+0200 lvl=info msg="HOTSTUFF PROPOSAL MANIFEST stored"     from=127.0.0.1:41794 number=72 proposalID=0x563c502aecff2d84637907386fb022ee302eee1bf980820890fa4c010291c866 manifestBytes=1219 missing=0 bodyBytes=1314
        t=2026-09-22T13:01:28+0200 lvl=info msg="HOTSTUFF PROPOSAL MANIFEST stored"     from=127.0.0.1:41794 number=73 proposalID=0xe6eda97d1471a2c0b2e7e1aad24a20f0553947a8e567fbd5fecddc52c67f1528 manifestBytes=830  missing=0 bodyBytes=830
        t=2026-09-22T13:01:29+0200 lvl=warn msg=GetBlockByNumer                         number=1
        t=2026-09-22T13:01:29+0200 lvl=warn msg=GetBlockByNumer                         number=1
        t=2026-09-22T13:01:34+0200 lvl=warn msg="HOTSTUFF RECOVERY resend NewView"      number=74 viewID=0xf3ae1fc78a612e46a67a7ad7dcf99af330ca59a8db9bd12b930bb21eed6cea67 to=127.0.0.1:50635
        t=2026-09-22T13:01:39+0200 lvl=warn msg="HOTSTUFF RECOVERY resend NewView"      number=74 viewID=0xf3ae1fc78a612e46a67a7ad7dcf99af330ca59a8db9bd12b930bb21eed6cea67 to=127.0.0.1:50635
        t=2026-09-22T13:01:40+0200 lvl=info msg="HOTSTUFF PROPOSAL REF"                 number=74 viewID=0xf3ae1fc78a612e46a67a7ad7dcf99af330ca59a8db9bd12b930bb21eed6cea67 proposalID=0x0099e83e6cb895d7cf0c244d311dce96a20a98567e3a1968c81307f0b8ff0eac blockHash=0x541921956a588d5f824e03507a278bf71d83b2d6cd8ba195ba8cb50b071994d8 bodyHash=0x4a69129ee2a283a2e960d86b75d2aa9fc82e04517ac2a27dbb84adec007c08ea bodySize=1653 refBytes=442
        t=2026-09-22T13:01:40+0200 lvl=warn msg="Send msg try again"                    address=[::]:50635      Couldn't send to=127.0.0.1:40959 error="Operation Canceled"
        t=2026-09-22T13:01:40+0200 lvl=warn msg="Send msg try again"                    address=[::]:50635      Couldn't send to=127.0.0.1:41794 error="Operation Canceled"
        t=2026-09-22T13:01:40+0200 lvl=warn msg="Send msg try again"                    address=[::]:50635      Couldn't send to=127.0.0.1:43659 error="Operation Canceled"
        t=2026-09-22T13:01:40+0200 lvl=warn msg="Send msg try again"                    address=[::]:50635      Couldn't send to=127.0.0.1:60003 error="Operation Canceled"
        t=2026-09-22T13:01:40+0200 lvl=eror msg=CloseConnect                            =[::]:50635 having error closing conn to=127.0.0.1:55553 error="Connection Closed"
        t=2026-09-22T13:01:40+0200 lvl=eror msg=CloseConnect                            =[::]:50635 having error closing conn to=127.0.0.1:60003 error="Connection Closed"
        t=2026-09-22T13:01:40+0200 lvl=eror msg=CloseConnect                            =[::]:50635 having error closing conn to=127.0.0.1:40959 error="Connection Closed"
        t=2026-09-22T13:01:40+0200 lvl=warn msg="Send msg try again"                    address=[::]:50635      Couldn't send to=127.0.0.1:41794 error="Unknown Error"
        t=2026-09-22T13:01:40+0200 lvl=eror msg=CloseConnect                            =[::]:50635 having error closing conn to=127.0.0.1:38682 error="Connection Closed"
        t=2026-09-22T13:01:40+0200 lvl=info msg="HOTSTUFF PROPOSAL MANIFEST stored"     from=127.0.0.1:40959 number=75 proposalID=0x931026544b4738ed20db1ef02c4a14ab741758d2f5d02fdb545b4ccaee34e341 manifestBytes=830  missing=0 bodyBytes=830
        t=2026-09-22T13:01:46+0200 lvl=warn msg="HOTSTUFF RECOVERY resend NewView"      number=76 viewID=0x72f931a560343b264d4b848308e6537b4232891a05aada4c378b62007729fd76 to=127.0.0.1:43659
        t=2026-09-22T13:01:50+0200 lvl=info msg="HOTSTUFF PROPOSAL MANIFEST stored"     from=127.0.0.1:43659 number=76 proposalID=0x601039c8f1019b552ae74e8d083b730378cb34efc778147268a05aa41b178b1a manifestBytes=1219 missing=0 bodyBytes=1653
        t=2026-09-22T13:01:51+0200 lvl=info msg="HOTSTUFF PROPOSAL MANIFEST stored"     from=127.0.0.1:35266 number=77 proposalID=0x4ae23d84ad652926d6ae0aa9e98911d6bc7a675c8d7da3bebf88828290bae8f9 manifestBytes=830  missing=0 bodyBytes=830
        t=2026-09-22T13:01:51+0200 lvl=warn msg="HandleConn drops connection: closed"   address=127.0.0.1:50635 remot=127.0.0.1:35266
        t=2026-09-22T13:01:57+0200 lvl=warn msg="HOTSTUFF RECOVERY resend NewView"      number=78 viewID=0x8b37c373307a18ae3019dc7159001d52783717af65d19cc487e591679469b2cf to=127.0.0.1:35266
        t=2026-09-22T13:02:02+0200 lvl=warn msg="HOTSTUFF RECOVERY resend NewView"      number=78 viewID=0x8b37c373307a18ae3019dc7159001d52783717af65d19cc487e591679469b2cf to=127.0.0.1:35266
        t=2026-09-22T13:02:03+0200 lvl=info msg="HOTSTUFF PROPOSAL MANIFEST stored"     from=127.0.0.1:35266 number=78 proposalID=0x82e50a849f05f352ad180658af216392d5175d4cc2ef816496ba1e3dabd5ce8a manifestBytes=1219 missing=1 bodyBytes=1653
        t=2026-09-22T13:02:03+0200 lvl=eror msg="OnPropose wait proposal body"          number=78 proposalID=0x82e50a849f05f352ad180658af216392d5175d4cc2ef816496ba1e3dabd5ce8a err="hotstuff view state too old"
        t=2026-09-22T13:02:04+0200 lvl=warn msg="HOTSTUFF PROPOSAL MANIFEST authority rejected" from=127.0.0.1:46150 leader=127.0.0.1:46150 number=79 proposalID=0xb142d6cb692cd726f2038f4412fcab301163f6de4066cfc78e2f292c1cf29dea err="proposal manifest does not match the current deterministic leader route: manifest key committee is already canonical but is not the current route"
        t=2026-09-22T13:02:04+0200 lvl=eror msg="OnPropose wait proposal body"          number=79 proposalID=0xb142d6cb692cd726f2038f4412fcab301163f6de4066cfc78e2f292c1cf29dea err="hotstuff view state too old"
        t=2026-09-22T13:02:04+0200 lvl=warn msg="reject new-view before storage"        from=127.0.0.1:46150 viewID=0x14118d57050d524a0e07925d012c9166a57c2178c9b3205c41b6b7358bfa7343 err="hotstuff proposal validation pending"
        t=2026-09-22T13:02:04+0200 lvl=warn msg="reject new-view before storage"        from=127.0.0.1:60003 viewID=0x14118d57050d524a0e07925d012c9166a57c2178c9b3205c41b6b7358bfa7343 err="hotstuff proposal validation pending"
        t=2026-09-22T13:02:04+0200 lvl=warn msg="reject new-view before storage"        from=127.0.0.1:41794 viewID=0x14118d57050d524a0e07925d012c9166a57c2178c9b3205c41b6b7358bfa7343 err="hotstuff proposal validation pending"
        t=2026-09-22T13:02:04+0200 lvl=warn msg="reject new-view before storage"        from=127.0.0.1:40959 viewID=0x14118d57050d524a0e07925d012c9166a57c2178c9b3205c41b6b7358bfa7343 err="hotstuff proposal validation pending"
        t=2026-09-22T13:02:04+0200 lvl=warn msg="reject new-view before storage"        from=127.0.0.1:35266 viewID=0x14118d57050d524a0e07925d012c9166a57c2178c9b3205c41b6b7358bfa7343 err="hotstuff proposal validation pending"
        t=2026-09-22T13:02:04+0200 lvl=info msg="HOTSTUFF PROPOSAL REPAIR REQUEST"      to=127.0.0.1:46150 number=79 proposalID=0xb142d6cb692cd726f2038f4412fcab301163f6de4066cfc78e2f292c1cf29dea missing=0 attempt=0
        t=2026-09-22T13:02:04+0200 lvl=info msg="HOTSTUFF PROPOSAL MANIFEST stored"     from=127.0.0.1:46150 number=79 proposalID=0xb142d6cb692cd726f2038f4412fcab301163f6de4066cfc78e2f292c1cf29dea manifestBytes=830  missing=0 bodyBytes=830
        t=2026-09-22T13:02:04+0200 lvl=info msg="HOTSTUFF PROPOSAL REF"                 number=80 viewID=0x14118d57050d524a0e07925d012c9166a57c2178c9b3205c41b6b7358bfa7343 proposalID=0x511e0cce1284ba46e443e98c3ba08e4c2371308910b0020bf657271176cb2d7e blockHash=0xae7289b16a9ddf76c41d84cf50a6bb386cbcb43ae51394d6ea0b8a859a900a60 bodyHash=0x9f73d8df6edd9b0f59784f8efe8efbb17159784e80cfff976320f4e48475ffd7 bodySize=1653 refBytes=442
        t=2026-09-22T13:02:04+0200 lvl=warn msg="Send msg try again"                    address=[::]:50635      Couldn't send to=127.0.0.1:43659 error="Operation Canceled"
        t=2026-09-22T13:02:04+0200 lvl=eror msg=CloseConnect                            =[::]:50635 having error closing conn to=127.0.0.1:43659 error="Connection Closed"
        t=2026-09-22T13:02:04+0200 lvl=warn msg="Send msg try again"                    address=[::]:50635      Couldn't send to=127.0.0.1:60003 error="Operation Canceled"
        t=2026-09-22T13:02:04+0200 lvl=warn msg="Send msg try again"                    address=[::]:50635      Couldn't send to=127.0.0.1:46150 error="Operation Canceled"
        t=2026-09-22T13:02:04+0200 lvl=eror msg=CloseConnect                            =[::]:50635 having error closing conn to=127.0.0.1:60003 error="Connection Closed"
        t=2026-09-22T13:02:04+0200 lvl=eror msg=CloseConnect                            =[::]:50635 having error closing conn to=127.0.0.1:46150 error="Connection Closed"
        t=2026-09-22T13:02:05+0200 lvl=info msg="HOTSTUFF PROPOSAL MANIFEST stored"     from=127.0.0.1:60003 number=81 proposalID=0x6c07d38bb0840443c511ef8d59b14192e7b372bc842fa9b7fcb1b48f03f66ad6 manifestBytes=830  missing=0 bodyBytes=830
        t=2026-09-22T13:02:10+0200 lvl=warn msg="HOTSTUFF RECOVERY resend NewView"      number=82 viewID=0x2bab6fb1f50a848b600b286dff80127d5a4198ccdc116165c81b5ee1db713023 to=127.0.0.1:46150
        t=2026-09-22T13:02:14+0200 lvl=info msg="HOTSTUFF PROPOSAL MANIFEST stored"     from=127.0.0.1:46150 number=82 proposalID=0xcf2ef0630ff44978612f3769b4d56f4ee002a16f9c6fafbd79351de8d4c37bdb manifestBytes=1219 missing=0 bodyBytes=1653
        t=2026-09-22T13:02:14+0200 lvl=info msg="HOTSTUFF PROPOSAL MANIFEST stored"     from=127.0.0.1:60003 number=83 proposalID=0xa001b60be55a77143cf028543a28faf7685684464d0d8a63935d21f979fa4bb6 manifestBytes=830  missing=0 bodyBytes=830
        t=2026-09-22T13:02:15+0200 lvl=info msg="HOTSTUFF PROPOSAL MANIFEST stored"     from=127.0.0.1:60003 number=84 proposalID=0xea5bc9aee58d7758f7bdcdd06ca583fea90f55a01b61f3d24bb38c1d1bf2504a manifestBytes=1219 missing=0 bodyBytes=1653
        t=2026-09-22T13:02:15+0200 lvl=info msg="HOTSTUFF PROPOSAL MANIFEST stored"     from=127.0.0.1:40959 number=85 proposalID=0x8ae921e70cb6bc738b667f77a924f935e0085b39ec538c8b5f6b6f6371cbf34e manifestBytes=830  missing=0 bodyBytes=830
        t=2026-09-22T13:02:20+0200 lvl=warn msg="HOTSTUFF RECOVERY resend NewView"      number=86 viewID=0x7d60a31f27826cf745b5a2cb8fe2bdca96a714d50481154b5a85677bcd021d21 to=127.0.0.1:40959
        t=2026-09-22T13:02:21+0200 lvl=info msg="HOTSTUFF PROPOSAL MANIFEST stored"     from=127.0.0.1:40959 number=86 proposalID=0xb6fb70a3ab9602c3aa8edd2316625af154586fa7630218d6f899b29fd215d583 manifestBytes=1219 missing=0 bodyBytes=1653
        t=2026-09-22T13:02:22+0200 lvl=info msg="HOTSTUFF PROPOSAL MANIFEST stored"     from=127.0.0.1:41794 number=87 proposalID=0x730a1e52adb5cd7cfd3743b50bed3f906f5802a12fa4526e3b35e50f564ac474 manifestBytes=830  missing=0 bodyBytes=830
        t=2026-09-22T13:02:22+0200 lvl=info msg="HOTSTUFF PROPOSAL MANIFEST stored"     from=127.0.0.1:40959 number=88 proposalID=0x54ac3cf01555928a67757f422e88a32c7983c816167dea3ee383a4dbebd97351 manifestBytes=1219 missing=0 bodyBytes=1653
        t=2026-09-22T13:02:22+0200 lvl=warn msg="reject new-view before storage"        from=127.0.0.1:43659 viewID=0x221a4d88d9d9c1305a0e7ddeb6fc0d6f56a3e476dcd7d75211485ee61d09c8bf err="hotstuff proposal validation pending"
        t=2026-09-22T13:02:23+0200 lvl=info msg="HOTSTUFF PROPOSAL REF"                 number=89 viewID=0x221a4d88d9d9c1305a0e7ddeb6fc0d6f56a3e476dcd7d75211485ee61d09c8bf proposalID=0xf2a928fc647c10be8f178b8f644c6ac21b159d84dff74848598d811ef0e1fe6d blockHash=0xea1ed7f1f21b33601c44bcaaa01c6b87d5d20cd84b0ee22af3e601117fe88a55 bodyHash=0x128a1ed9e2ed35bb5f765106d634568f59b01dacd3cfb3337bf1d1e673f3dca6 bodySize=830  refBytes=439
        t=2026-09-22T13:02:26+0200 lvl=info msg="HOTSTUFF PROPOSAL REF"                 number=90 viewID=0x3cb03d28286fbfa12b3f7c7f6b43a112c7f7b6dfe489f9a97fa7d3894d6f29a3 proposalID=0x486d10ef0830b6914551db1d12b3aaaf0cee53a6b29c7e839db3dba8ef0de848 blockHash=0xd5cf67f810e688eb02747afb62ba6f6754bf94e6950afb2e4d7ddadc31fe5f1e bodyHash=0xd4ae05251bb20e20685a86eed4d44010fb2a28a121e3820940ec89806e83b077 bodySize=3350 refBytes=442
        t=2026-09-22T13:02:26+0200 lvl=warn msg="Send msg try again"                    address=[::]:50635      Couldn't send to=127.0.0.1:40959 error="Operation Canceled"
        t=2026-09-22T13:02:26+0200 lvl=eror msg=CloseConnect                            =[::]:50635 having error closing conn to=127.0.0.1:40959 error="Connection Closed"
        t=2026-09-22T13:02:27+0200 lvl=info msg="HOTSTUFF PROPOSAL MANIFEST stored"     from=127.0.0.1:43659 number=91 proposalID=0xcc13774a2b132b822aa7db9e142f319d5fd3aa2012b413071f63ae848778eb24 manifestBytes=830  missing=0 bodyBytes=830
        t=2026-09-22T13:02:27+0200 lvl=warn msg="HandleConn drops connection: closed"   address=127.0.0.1:50635 remot=127.0.0.1:43659
        t=2026-09-22T13:02:27+0200 lvl=info msg="HOTSTUFF PROPOSAL MANIFEST stored"     from=127.0.0.1:43659 number=91 proposalID=0xcc13774a2b132b822aa7db9e142f319d5fd3aa2012b413071f63ae848778eb24 manifestBytes=830  missing=0 bodyBytes=830
        t=2026-09-22T13:02:27+0200 lvl=info msg="HOTSTUFF PROPOSAL MANIFEST stored"     from=127.0.0.1:43659 number=92 proposalID=0xde8368b94a0ba1ee3a0b6c53cdcf77a44b8f0ffd12090dfea8d076e1fab6f46b manifestBytes=1220 missing=0 bodyBytes=3350
        t=2026-09-22T13:02:28+0200 lvl=info msg="HOTSTUFF PROPOSAL MANIFEST stored"     from=127.0.0.1:43659 number=93 proposalID=0x6756be72aeae9aa3321dff52a78d2137af0b0317f8882a4bd8bed54503ed4557 manifestBytes=830  missing=0 bodyBytes=830
        t=2026-09-22T13:02:33+0200 lvl=warn msg="HOTSTUFF RECOVERY resend NewView"      number=94 viewID=0xc1728b3d2e6885dbe7b7dc7cef5e6c862288b3ee455b79f3b86f0199c03b8a4b to=127.0.0.1:46150
        t=2026-09-22T13:02:38+0200 lvl=warn msg="HOTSTUFF RECOVERY resend NewView"      number=94 viewID=0xc1728b3d2e6885dbe7b7dc7cef5e6c862288b3ee455b79f3b86f0199c03b8a4b to=127.0.0.1:46150
        t=2026-09-22T13:02:43+0200 lvl=warn msg="HOTSTUFF RECOVERY resend NewView"      number=94 viewID=0xc1728b3d2e6885dbe7b7dc7cef5e6c862288b3ee455b79f3b86f0199c03b8a4b to=127.0.0.1:46150
        t=2026-09-22T13:02:48+0200 lvl=warn msg="HOTSTUFF RECOVERY resend NewView"      number=94 viewID=0xc1728b3d2e6885dbe7b7dc7cef5e6c862288b3ee455b79f3b86f0199c03b8a4b to=127.0.0.1:46150
        t=2026-09-22T13:02:53+0200 lvl=warn msg="HOTSTUFF RECOVERY resend NewView"      number=94 viewID=0xc1728b3d2e6885dbe7b7dc7cef5e6c862288b3ee455b79f3b86f0199c03b8a4b to=127.0.0.1:46150
        t=2026-09-22T13:02:58+0200 lvl=warn msg="HOTSTUFF RECOVERY resend NewView"      number=94 viewID=0xc1728b3d2e6885dbe7b7dc7cef5e6c862288b3ee455b79f3b86f0199c03b8a4b to=127.0.0.1:46150
        t=2026-09-22T13:03:03+0200 lvl=warn msg="HOTSTUFF RECOVERY resend NewView"      number=94 viewID=0xc1728b3d2e6885dbe7b7dc7cef5e6c862288b3ee455b79f3b86f0199c03b8a4b to=127.0.0.1:46150
    fhs_process_recovery_test.go:227: validator 1046187 complete log: /tmp/fhs-process-failure-3850222055.log
    fhs_process_recovery_test.go:232: validator 1046187 log tail:
        026-09-22T13:01:17+0200 lvl=warn msg=GetBlockByNumer                         number=1
        t=2026-09-22T13:01:17+0200 lvl=warn msg=GetBlockByNumer                         number=1
        t=2026-09-22T13:01:17+0200 lvl=warn msg=GetBlockByNumer                         number=60
        t=2026-09-22T13:01:18+0200 lvl=info msg="HOTSTUFF PROPOSAL REF"                 number=62 viewID=0x8acb4044495cc5340cb1fd0a1087076f492146b439471513e49e989f5e68daf4 proposalID=0x28b3cd36d4759008fe439d35ab735fada14dbf555b05ab9f7b97593cde68dca5 blockHash=0xcffefa056b9bb5b33e18941a53cb6690d42315633e63cf75e4cb118662c9fabd bodyHash=0xb5a3748372f877a2f560792c9444d4174b3515b474eef7bf4775a7dd4b6afe74 bodySize=3350 refBytes=442
        t=2026-09-22T13:01:18+0200 lvl=warn msg="Send msg try again"                    address=[::]:43659      Couldn't send to=127.0.0.1:46150 error="Operation Canceled"
        t=2026-09-22T13:01:18+0200 lvl=eror msg=CloseConnect                            =[::]:43659 having error closing conn to=127.0.0.1:46150 error="Connection Closed"
        t=2026-09-22T13:01:18+0200 lvl=warn msg=GetBlockByNumer                         number=1
        t=2026-09-22T13:01:18+0200 lvl=warn msg=GetBlockByNumer                         number=1
        t=2026-09-22T13:01:18+0200 lvl=warn msg=GetBlockByNumer                         number=60
        t=2026-09-22T13:01:18+0200 lvl=info msg="HOTSTUFF PROPOSAL MANIFEST stored"     from=127.0.0.1:46150 number=63 proposalID=0x926d258f108bfd846b1d8c2bddc4a10fbd4834c186975211706fdec591caf9d6 manifestBytes=830  missing=0 bodyBytes=830
        t=2026-09-22T13:01:18+0200 lvl=warn msg=GetBlockByNumer                         number=1
        t=2026-09-22T13:01:18+0200 lvl=warn msg=GetBlockByNumer                         number=1
        t=2026-09-22T13:01:18+0200 lvl=warn msg=GetBlockByNumer                         number=61
        t=2026-09-22T13:01:18+0200 lvl=warn msg="reject new-view before storage"        from=127.0.0.1:46150 viewID=0x2624800512ca05c379075cea4edaba09534dbb7a74f5583129add333b2c5043f err="hotstuff proposal validation pending"
        t=2026-09-22T13:01:18+0200 lvl=warn msg="reject new-view before storage"        from=127.0.0.1:60003 viewID=0x2624800512ca05c379075cea4edaba09534dbb7a74f5583129add333b2c5043f err="hotstuff proposal validation pending"
        t=2026-09-22T13:01:18+0200 lvl=warn msg="HotStuff message rejected"             from=                code=MsgTryPropose number=0  viewID=0x0000000000000000000000000000000000000000000000000000000000000000 err="hotstuff invalid leader view"
        t=2026-09-22T13:01:18+0200 lvl=info msg="HOTSTUFF PROPOSAL REF"                 number=64 viewID=0x2624800512ca05c379075cea4edaba09534dbb7a74f5583129add333b2c5043f proposalID=0xad28f97ce9037531b6aad4bfedda03a68bfff73158829585bc2ff1b6ed45e602 blockHash=0xdf6b05979ccb8a953156f0ece068aa464fd8b21c8814e0d25a8a9d44dab75bb6 bodyHash=0x4f577eb12bb9051996cb04cdd2f39a7ec465dc190dfb38656c274f8062ca5f7b bodySize=3350 refBytes=442
        t=2026-09-22T13:01:19+0200 lvl=warn msg=GetBlockByNumer                         number=1
        t=2026-09-22T13:01:19+0200 lvl=warn msg=GetBlockByNumer                         number=1
        t=2026-09-22T13:01:19+0200 lvl=warn msg=GetBlockByNumer                         number=61
        t=2026-09-22T13:01:19+0200 lvl=warn msg="reject new-view before storage"        from=127.0.0.1:41794 viewID=0x2624800512ca05c379075cea4edaba09534dbb7a74f5583129add333b2c5043f err="hotstuff view state too old"
        t=2026-09-22T13:01:19+0200 lvl=warn msg="reject new-view before storage"        from=127.0.0.1:40959 viewID=0x2624800512ca05c379075cea4edaba09534dbb7a74f5583129add333b2c5043f err="hotstuff view state too old"
        t=2026-09-22T13:01:19+0200 lvl=info msg="HOTSTUFF PROPOSAL MANIFEST stored"     from=127.0.0.1:46150 number=65 proposalID=0xc250a378e43f9a95f538366df1710dbfa2bafb88965eeb068cbbfd4e71a2c0bd manifestBytes=830  missing=0 bodyBytes=830
        t=2026-09-22T13:01:19+0200 lvl=warn msg="HandleConn drops connection: closed"   address=127.0.0.1:43659 remot=127.0.0.1:46150
        t=2026-09-22T13:01:19+0200 lvl=info msg="HOTSTUFF PROPOSAL MANIFEST stored"     from=127.0.0.1:46150 number=65 proposalID=0xc250a378e43f9a95f538366df1710dbfa2bafb88965eeb068cbbfd4e71a2c0bd manifestBytes=830  missing=0 bodyBytes=830
        t=2026-09-22T13:01:19+0200 lvl=warn msg=GetBlockByNumer                         number=1
        t=2026-09-22T13:01:19+0200 lvl=warn msg=GetBlockByNumer                         number=1
        t=2026-09-22T13:01:19+0200 lvl=warn msg=GetBlockByNumer                         number=62
        t=2026-09-22T13:01:19+0200 lvl=warn msg=GetBlockByNumer                         number=1
        t=2026-09-22T13:01:19+0200 lvl=warn msg=GetBlockByNumer                         number=62
        t=2026-09-22T13:01:19+0200 lvl=warn msg=GetBlockByNumer                         number=1
        t=2026-09-22T13:01:19+0200 lvl=warn msg=GetBlockByNumer                         number=62
        t=2026-09-22T13:01:21+0200 lvl=info msg="HOTSTUFF PROPOSAL MANIFEST stored"     from=127.0.0.1:35266 number=66 proposalID=0x68328e14c0d0d7e9ac0f5cb5d75f0a16b9998a6873f38709b5e8eca9b2f1a72e manifestBytes=1219 missing=1 bodyBytes=1653
        t=2026-09-22T13:01:21+0200 lvl=warn msg="HandleConn drops connection: closed"   address=127.0.0.1:43659 remot=127.0.0.1:35266
        t=2026-09-22T13:01:21+0200 lvl=info msg="HOTSTUFF PROPOSAL MANIFEST stored"     from=127.0.0.1:35266 number=66 proposalID=0x68328e14c0d0d7e9ac0f5cb5d75f0a16b9998a6873f38709b5e8eca9b2f1a72e manifestBytes=1219 missing=1 bodyBytes=1653
        t=2026-09-22T13:01:22+0200 lvl=info msg="HOTSTUFF PROPOSAL MANIFEST stored"     from=127.0.0.1:41794 number=67 proposalID=0xeeb67cdfbb7fcd9cfebcd775c7f777834df1da215fc85320b21457321b9a7709 manifestBytes=830  missing=0 bodyBytes=830
        t=2026-09-22T13:01:22+0200 lvl=info msg="HOTSTUFF PROPOSAL MANIFEST stored"     from=127.0.0.1:40959 number=68 proposalID=0x91035bc4d697a06a4ff1dee0351df131a57dbca4fc577f4e15acb89c4c01ddc8 manifestBytes=1219 missing=0 bodyBytes=1653
        t=2026-09-22T13:01:22+0200 lvl=warn msg="HandleConn drops connection: closed"   address=127.0.0.1:43659 remot=127.0.0.1:40959
        t=2026-09-22T13:01:22+0200 lvl=info msg="HOTSTUFF PROPOSAL MANIFEST stored"     from=127.0.0.1:40959 number=68 proposalID=0x91035bc4d697a06a4ff1dee0351df131a57dbca4fc577f4e15acb89c4c01ddc8 manifestBytes=1219 missing=0 bodyBytes=1653
        t=2026-09-22T13:01:23+0200 lvl=info msg="HOTSTUFF PROPOSAL MANIFEST stored"     from=127.0.0.1:46150 number=69 proposalID=0x7dc01755cc7a85ed47c5f4c65b576104a5fe4d6569259bab339b21373bd32757 manifestBytes=830  missing=0 bodyBytes=830
        t=2026-09-22T13:01:26+0200 lvl=warn msg=GetBlockByNumer                         number=1
        t=2026-09-22T13:01:26+0200 lvl=warn msg=GetBlockByNumer                         number=1
        t=2026-09-22T13:01:26+0200 lvl=warn msg=GetBlockByNumer                         number=68
        t=2026-09-22T13:01:26+0200 lvl=warn msg=GetBlockByNumer                         number=1
        t=2026-09-22T13:01:26+0200 lvl=warn msg=GetBlockByNumer                         number=1
        t=2026-09-22T13:01:26+0200 lvl=warn msg=GetBlockByNumer                         number=68
        t=2026-09-22T13:01:27+0200 lvl=info msg="HOTSTUFF PROPOSAL MANIFEST stored"     from=127.0.0.1:46150 number=70 proposalID=0x89e6bcbb378b3cefeddb4b899b8129005e06959cb9b32d3dd59dcf2b9eca101e manifestBytes=1219 missing=0 bodyBytes=1314
        t=2026-09-22T13:01:27+0200 lvl=info msg="HOTSTUFF PROPOSAL REF"                 number=71 viewID=0x8aafb7393ee9a8c0e3515f8b264426b8fcfc313d21ba229fe8ebc7e858973a8d proposalID=0x1995b4502873e820b4b4d5782571d469bacde47dee79b3e53ddafd2b2cadab1c blockHash=0x992bf896dd0b4bd884a1639f027b6d08606ad7da579525f579c40307574d705f bodyHash=0xb68b158b8b9f483248177c03825987d5939cd3d7421214f071347cc35c70486b bodySize=830  refBytes=439
        t=2026-09-22T13:01:27+0200 lvl=warn msg="Send msg try again"                    address=[::]:43659      Couldn't send to=127.0.0.1:46150 error="Operation Canceled"
        t=2026-09-22T13:01:27+0200 lvl=eror msg=CloseConnect                            =[::]:43659 having error closing conn to=127.0.0.1:41555 error="Connection Closed"
        t=2026-09-22T13:01:27+0200 lvl=warn msg="reject new-view before storage"        from=127.0.0.1:60003 viewID=0x8aafb7393ee9a8c0e3515f8b264426b8fcfc313d21ba229fe8ebc7e858973a8d err="hotstuff view state too old"
        t=2026-09-22T13:01:27+0200 lvl=warn msg=GetBlockByNumer                         number=1
        t=2026-09-22T13:01:28+0200 lvl=warn msg=GetBlockByNumer                         number=1
        t=2026-09-22T13:01:28+0200 lvl=warn msg=GetBlockByNumer                         number=1
        t=2026-09-22T13:01:28+0200 lvl=warn msg=GetBlockByNumer                         number=1
        t=2026-09-22T13:01:28+0200 lvl=info msg="HOTSTUFF PROPOSAL MANIFEST stored"     from=127.0.0.1:41794 number=72 proposalID=0x563c502aecff2d84637907386fb022ee302eee1bf980820890fa4c010291c866 manifestBytes=1219 missing=0 bodyBytes=1314
        t=2026-09-22T13:01:28+0200 lvl=info msg="HOTSTUFF PROPOSAL MANIFEST stored"     from=127.0.0.1:41794 number=73 proposalID=0xe6eda97d1471a2c0b2e7e1aad24a20f0553947a8e567fbd5fecddc52c67f1528 manifestBytes=830  missing=0 bodyBytes=830
        t=2026-09-22T13:01:29+0200 lvl=warn msg=GetBlockByNumer                         number=1
        t=2026-09-22T13:01:29+0200 lvl=warn msg=GetBlockByNumer                         number=1
        t=2026-09-22T13:01:34+0200 lvl=warn msg="HOTSTUFF RECOVERY resend NewView"      number=74 viewID=0xf3ae1fc78a612e46a67a7ad7dcf99af330ca59a8db9bd12b930bb21eed6cea67 to=127.0.0.1:50635
        t=2026-09-22T13:01:39+0200 lvl=warn msg="HOTSTUFF RECOVERY resend NewView"      number=74 viewID=0xf3ae1fc78a612e46a67a7ad7dcf99af330ca59a8db9bd12b930bb21eed6cea67 to=127.0.0.1:50635
        t=2026-09-22T13:01:40+0200 lvl=warn msg="HandleConn drops connection: closed"   address=127.0.0.1:43659 remot=127.0.0.1:50635
        t=2026-09-22T13:01:40+0200 lvl=info msg="HOTSTUFF PROPOSAL REPAIR REQUEST"      to=127.0.0.1:50635 number=74 proposalID=0x0099e83e6cb895d7cf0c244d311dce96a20a98567e3a1968c81307f0b8ff0eac missing=0 attempt=0
        t=2026-09-22T13:01:40+0200 lvl=info msg="HOTSTUFF PROPOSAL MANIFEST stored"     from=127.0.0.1:50635 number=74 proposalID=0x0099e83e6cb895d7cf0c244d311dce96a20a98567e3a1968c81307f0b8ff0eac manifestBytes=1219 missing=0 bodyBytes=1653
        t=2026-09-22T13:01:40+0200 lvl=info msg="HOTSTUFF PROPOSAL MANIFEST stored"     from=127.0.0.1:40959 number=75 proposalID=0x931026544b4738ed20db1ef02c4a14ab741758d2f5d02fdb545b4ccaee34e341 manifestBytes=830  missing=0 bodyBytes=830
        t=2026-09-22T13:01:46+0200 lvl=warn msg="HOTSTUFF RECOVERY resend NewView"      number=76 viewID=0x72f931a560343b264d4b848308e6537b4232891a05aada4c378b62007729fd76 to=127.0.0.1:43659
        t=2026-09-22T13:01:50+0200 lvl=info msg="HOTSTUFF PROPOSAL REF"                 number=76 viewID=0x72f931a560343b264d4b848308e6537b4232891a05aada4c378b62007729fd76 proposalID=0x601039c8f1019b552ae74e8d083b730378cb34efc778147268a05aa41b178b1a blockHash=0xe971aa3a04d7a2cbbe1291f6c2eebace80b6f4a614c72e6b73aa0b1df25e5b3b bodyHash=0xe2c5d03b6dfccf949099774410978271595ffbfc612843075d9f2077420ffedb bodySize=1653 refBytes=442
        t=2026-09-22T13:01:50+0200 lvl=warn msg="Send msg try again"                    address=[::]:43659      Couldn't send to=127.0.0.1:46150 error="Operation Canceled"
        t=2026-09-22T13:01:50+0200 lvl=warn msg="Send msg try again"                    address=[::]:43659      Couldn't send to=127.0.0.1:60003 error="Operation Canceled"
        t=2026-09-22T13:01:50+0200 lvl=eror msg=CloseConnect                            =[::]:43659 having error closing conn to=127.0.0.1:41436 error="Connection Closed"
        t=2026-09-22T13:01:50+0200 lvl=eror msg=CloseConnect                            =[::]:43659 having error closing conn to=127.0.0.1:46150 error="Connection Closed"
        t=2026-09-22T13:01:51+0200 lvl=warn msg="reject new-view before storage"        from=127.0.0.1:60003 viewID=0x72f931a560343b264d4b848308e6537b4232891a05aada4c378b62007729fd76 err="hotstuff view state too old"
        t=2026-09-22T13:01:51+0200 lvl=info msg="HOTSTUFF PROPOSAL MANIFEST stored"     from=127.0.0.1:35266 number=77 proposalID=0x4ae23d84ad652926d6ae0aa9e98911d6bc7a675c8d7da3bebf88828290bae8f9 manifestBytes=830  missing=0 bodyBytes=830
        t=2026-09-22T13:01:51+0200 lvl=warn msg="HandleConn drops connection: closed"   address=127.0.0.1:43659 remot=127.0.0.1:35266
        t=2026-09-22T13:01:51+0200 lvl=info msg="HOTSTUFF PROPOSAL MANIFEST stored"     from=127.0.0.1:35266 number=77 proposalID=0x4ae23d84ad652926d6ae0aa9e98911d6bc7a675c8d7da3bebf88828290bae8f9 manifestBytes=830  missing=0 bodyBytes=830
        t=2026-09-22T13:01:56+0200 lvl=warn msg="HOTSTUFF RECOVERY resend NewView"      number=78 viewID=0x8b37c373307a18ae3019dc7159001d52783717af65d19cc487e591679469b2cf to=127.0.0.1:35266
        t=2026-09-22T13:02:01+0200 lvl=warn msg="HOTSTUFF RECOVERY resend NewView"      number=78 viewID=0x8b37c373307a18ae3019dc7159001d52783717af65d19cc487e591679469b2cf to=127.0.0.1:35266
        t=2026-09-22T13:02:03+0200 lvl=info msg="HOTSTUFF PROPOSAL MANIFEST stored"     from=127.0.0.1:35266 number=78 proposalID=0x82e50a849f05f352ad180658af216392d5175d4cc2ef816496ba1e3dabd5ce8a manifestBytes=1219 missing=1 bodyBytes=1653
        t=2026-09-22T13:02:03+0200 lvl=eror msg="OnPropose wait proposal body"          number=78 proposalID=0x82e50a849f05f352ad180658af216392d5175d4cc2ef816496ba1e3dabd5ce8a err="hotstuff view state too old"
        t=2026-09-22T13:02:04+0200 lvl=warn msg="HOTSTUFF PROPOSAL MANIFEST authority rejected" from=127.0.0.1:46150 leader=127.0.0.1:46150 number=79 proposalID=0xb142d6cb692cd726f2038f4412fcab301163f6de4066cfc78e2f292c1cf29dea err="proposal manifest does not match the current deterministic leader route: manifest key committee is already canonical but is not the current route"
        t=2026-09-22T13:02:04+0200 lvl=eror msg="OnPropose wait proposal body"          number=79 proposalID=0xb142d6cb692cd726f2038f4412fcab301163f6de4066cfc78e2f292c1cf29dea err="hotstuff view state too old"
        t=2026-09-22T13:02:04+0200 lvl=info msg="HOTSTUFF PROPOSAL REPAIR REQUEST"      to=127.0.0.1:46150 number=79 proposalID=0xb142d6cb692cd726f2038f4412fcab301163f6de4066cfc78e2f292c1cf29dea missing=0 attempt=0
        t=2026-09-22T13:02:04+0200 lvl=info msg="HOTSTUFF PROPOSAL MANIFEST stored"     from=127.0.0.1:46150 number=79 proposalID=0xb142d6cb692cd726f2038f4412fcab301163f6de4066cfc78e2f292c1cf29dea manifestBytes=830  missing=0 bodyBytes=830
        t=2026-09-22T13:02:04+0200 lvl=info msg="HOTSTUFF PROPOSAL MANIFEST stored"     from=127.0.0.1:50635 number=80 proposalID=0x511e0cce1284ba46e443e98c3ba08e4c2371308910b0020bf657271176cb2d7e manifestBytes=1219 missing=0 bodyBytes=1653
        t=2026-09-22T13:02:04+0200 lvl=warn msg="HandleConn drops connection: closed"   address=127.0.0.1:43659 remot=127.0.0.1:50635
        t=2026-09-22T13:02:04+0200 lvl=info msg="HOTSTUFF PROPOSAL MANIFEST stored"     from=127.0.0.1:50635 number=80 proposalID=0x511e0cce1284ba46e443e98c3ba08e4c2371308910b0020bf657271176cb2d7e manifestBytes=1219 missing=0 bodyBytes=1653
        t=2026-09-22T13:02:05+0200 lvl=info msg="HOTSTUFF PROPOSAL MANIFEST stored"     from=127.0.0.1:60003 number=81 proposalID=0x6c07d38bb0840443c511ef8d59b14192e7b372bc842fa9b7fcb1b48f03f66ad6 manifestBytes=830  missing=0 bodyBytes=830
        t=2026-09-22T13:02:10+0200 lvl=warn msg="HOTSTUFF RECOVERY resend NewView"      number=82 viewID=0x2bab6fb1f50a848b600b286dff80127d5a4198ccdc116165c81b5ee1db713023 to=127.0.0.1:46150
        t=2026-09-22T13:02:14+0200 lvl=info msg="HOTSTUFF PROPOSAL MANIFEST stored"     from=127.0.0.1:46150 number=82 proposalID=0xcf2ef0630ff44978612f3769b4d56f4ee002a16f9c6fafbd79351de8d4c37bdb manifestBytes=1219 missing=0 bodyBytes=1653
        t=2026-09-22T13:02:14+0200 lvl=info msg="HOTSTUFF PROPOSAL MANIFEST stored"     from=127.0.0.1:60003 number=83 proposalID=0xa001b60be55a77143cf028543a28faf7685684464d0d8a63935d21f979fa4bb6 manifestBytes=830  missing=0 bodyBytes=830
        t=2026-09-22T13:02:15+0200 lvl=info msg="HOTSTUFF PROPOSAL MANIFEST stored"     from=127.0.0.1:60003 number=84 proposalID=0xea5bc9aee58d7758f7bdcdd06ca583fea90f55a01b61f3d24bb38c1d1bf2504a manifestBytes=1219 missing=0 bodyBytes=1653
        t=2026-09-22T13:02:15+0200 lvl=info msg="HOTSTUFF PROPOSAL MANIFEST stored"     from=127.0.0.1:40959 number=85 proposalID=0x8ae921e70cb6bc738b667f77a924f935e0085b39ec538c8b5f6b6f6371cbf34e manifestBytes=830  missing=0 bodyBytes=830
        t=2026-09-22T13:02:20+0200 lvl=warn msg="HOTSTUFF RECOVERY resend NewView"      number=86 viewID=0x7d60a31f27826cf745b5a2cb8fe2bdca96a714d50481154b5a85677bcd021d21 to=127.0.0.1:40959
        t=2026-09-22T13:02:21+0200 lvl=info msg="HOTSTUFF PROPOSAL MANIFEST stored"     from=127.0.0.1:40959 number=86 proposalID=0xb6fb70a3ab9602c3aa8edd2316625af154586fa7630218d6f899b29fd215d583 manifestBytes=1219 missing=0 bodyBytes=1653
        t=2026-09-22T13:02:22+0200 lvl=info msg="HOTSTUFF PROPOSAL MANIFEST stored"     from=127.0.0.1:41794 number=87 proposalID=0x730a1e52adb5cd7cfd3743b50bed3f906f5802a12fa4526e3b35e50f564ac474 manifestBytes=830  missing=0 bodyBytes=830
        t=2026-09-22T13:02:22+0200 lvl=info msg="HOTSTUFF PROPOSAL MANIFEST stored"     from=127.0.0.1:40959 number=88 proposalID=0x54ac3cf01555928a67757f422e88a32c7983c816167dea3ee383a4dbebd97351 manifestBytes=1219 missing=0 bodyBytes=1653
        t=2026-09-22T13:02:23+0200 lvl=info msg="HOTSTUFF PROPOSAL MANIFEST stored"     from=127.0.0.1:50635 number=89 proposalID=0xf2a928fc647c10be8f178b8f644c6ac21b159d84dff74848598d811ef0e1fe6d manifestBytes=830  missing=0 bodyBytes=830
        t=2026-09-22T13:02:26+0200 lvl=info msg="HOTSTUFF PROPOSAL MANIFEST stored"     from=127.0.0.1:50635 number=90 proposalID=0x486d10ef0830b6914551db1d12b3aaaf0cee53a6b29c7e839db3dba8ef0de848 manifestBytes=1220 missing=1 bodyBytes=3350
        t=2026-09-22T13:02:26+0200 lvl=eror msg="OnPropose wait proposal body"          number=90 proposalID=0x486d10ef0830b6914551db1d12b3aaaf0cee53a6b29c7e839db3dba8ef0de848 err="hotstuff view state too old"
        t=2026-09-22T13:02:26+0200 lvl=warn msg="reject new-view before storage"        from=127.0.0.1:50635 viewID=0x27084e15d2791b0a20d94b9e2c44361b205ec51fe48a223547b41b4a58f9f7c4 err="hotstuff proposal validation pending"
        t=2026-09-22T13:02:26+0200 lvl=warn msg="reject new-view before storage"        from=127.0.0.1:46150 viewID=0x27084e15d2791b0a20d94b9e2c44361b205ec51fe48a223547b41b4a58f9f7c4 err="hotstuff proposal validation pending"
        t=2026-09-22T13:02:26+0200 lvl=warn msg="reject new-view before storage"        from=127.0.0.1:41794 viewID=0x27084e15d2791b0a20d94b9e2c44361b205ec51fe48a223547b41b4a58f9f7c4 err="hotstuff proposal validation pending"
        t=2026-09-22T13:02:26+0200 lvl=warn msg="reject new-view before storage"        from=127.0.0.1:60003 viewID=0x27084e15d2791b0a20d94b9e2c44361b205ec51fe48a223547b41b4a58f9f7c4 err="hotstuff proposal validation pending"
        t=2026-09-22T13:02:26+0200 lvl=warn msg="reject new-view before storage"        from=127.0.0.1:35266 viewID=0x27084e15d2791b0a20d94b9e2c44361b205ec51fe48a223547b41b4a58f9f7c4 err="hotstuff proposal validation pending"
        t=2026-09-22T13:02:27+0200 lvl=info msg="HOTSTUFF PROPOSAL REF"                 number=91 viewID=0x27084e15d2791b0a20d94b9e2c44361b205ec51fe48a223547b41b4a58f9f7c4 proposalID=0xcc13774a2b132b822aa7db9e142f319d5fd3aa2012b413071f63ae848778eb24 blockHash=0x34b97172bc9ece35dafdb92b04f26af4df3c4472c6d3a796cfa3dabb29d48fff bodyHash=0x54e937f69f79438aeefdbb146c14dee8adf2d52ad74c4748eb5ab6924f44f352 bodySize=830  refBytes=439
        t=2026-09-22T13:02:27+0200 lvl=warn msg="Send msg try again"                    address=[::]:43659      Couldn't send to=127.0.0.1:46150 error="Operation Canceled"
        t=2026-09-22T13:02:27+0200 lvl=eror msg=CloseConnect                            =[::]:43659 having error closing conn to=127.0.0.1:46150 error="Connection Closed"
        t=2026-09-22T13:02:27+0200 lvl=warn msg="Send msg try again"                    address=[::]:43659      Couldn't send to=127.0.0.1:41794 error="Operation Canceled"
        t=2026-09-22T13:02:27+0200 lvl=warn msg="Send msg try again"                    address=[::]:43659      Couldn't send to=127.0.0.1:50635 error="Operation Canceled"
        t=2026-09-22T13:02:27+0200 lvl=eror msg=CloseConnect                            =[::]:43659 having error closing conn to=127.0.0.1:41794 error="Connection Closed"
        t=2026-09-22T13:02:27+0200 lvl=warn msg="Send msg try again"                    address=[::]:43659      Couldn't send to=127.0.0.1:40959 error="Operation Canceled"
        t=2026-09-22T13:02:27+0200 lvl=warn msg="Send msg try again"                    address=[::]:43659      Couldn't send to=127.0.0.1:35266 error="Operation Canceled"
        t=2026-09-22T13:02:27+0200 lvl=eror msg=CloseConnect                            =[::]:43659 having error closing conn to=127.0.0.1:41570 error="Connection Closed"
        t=2026-09-22T13:02:27+0200 lvl=eror msg=CloseConnect                            =[::]:43659 having error closing conn to=127.0.0.1:51131 error="Connection Closed"
        t=2026-09-22T13:02:27+0200 lvl=warn msg="Send msg try again"                    address=[::]:43659      Couldn't send to=127.0.0.1:40959 error="Unknown Error"
        t=2026-09-22T13:02:27+0200 lvl=eror msg=CloseConnect                            =[::]:43659 having error closing conn to=127.0.0.1:32804 error="Connection Closed"
        t=2026-09-22T13:02:27+0200 lvl=warn msg="HotStuff message rejected"             from=                code=MsgTryPropose number=0  viewID=0x0000000000000000000000000000000000000000000000000000000000000000 err="hotstuff invalid leader view"
        t=2026-09-22T13:02:27+0200 lvl=info msg="HOTSTUFF PROPOSAL REF"                 number=92 viewID=0x8881a9749985e81f6ae32ebf0e142b512cd834f5b805038653e6eababda860d1 proposalID=0xde8368b94a0ba1ee3a0b6c53cdcf77a44b8f0ffd12090dfea8d076e1fab6f46b blockHash=0xeae16c5011f9e60b48a7dfabb1a5eb365fc7775b73c101c4fcb2a4eb6d11714e bodyHash=0xf338c3811b96c6bc15e99997d42499ca7938a870797cc92cfa581bb92c6244bd bodySize=3350 refBytes=442
        t=2026-09-22T13:02:28+0200 lvl=info msg="HOTSTUFF PROPOSAL REF"                 number=93 viewID=0xabc7b4f3288077878d4ee3dcf750d0bdbe0b74ed9c43792dca3b776dc2530a6f proposalID=0x6756be72aeae9aa3321dff52a78d2137af0b0317f8882a4bd8bed54503ed4557 blockHash=0x6e572d26f4417fd8e1528e58fedd80707bf5d590eef85655dd98c1a24809b8bb bodyHash=0xc56729022e1cc3c59c38340f3d01d90dfe219abf564bb037f5df2e5754d39170 bodySize=830  refBytes=439
        t=2026-09-22T13:02:28+0200 lvl=warn msg="Send msg try again"                    address=[::]:43659      Couldn't send to=127.0.0.1:41794 error="Operation Canceled"
        t=2026-09-22T13:02:28+0200 lvl=eror msg=CloseConnect                            =[::]:43659 having error closing conn to=127.0.0.1:41794 error="Connection Closed"
        t=2026-09-22T13:02:28+0200 lvl=warn msg="Send msg try again"                    address=[::]:43659      Couldn't send to=127.0.0.1:46150 error="Operation Canceled"
        t=2026-09-22T13:02:28+0200 lvl=eror msg=CloseConnect                            =[::]:43659 having error closing conn to=127.0.0.1:46150 error="Connection Closed"
        t=2026-09-22T13:02:33+0200 lvl=warn msg="HOTSTUFF RECOVERY resend NewView"      number=94 viewID=0xc1728b3d2e6885dbe7b7dc7cef5e6c862288b3ee455b79f3b86f0199c03b8a4b to=127.0.0.1:46150
        t=2026-09-22T13:02:38+0200 lvl=warn msg="HOTSTUFF RECOVERY resend NewView"      number=94 viewID=0xc1728b3d2e6885dbe7b7dc7cef5e6c862288b3ee455b79f3b86f0199c03b8a4b to=127.0.0.1:46150
        t=2026-09-22T13:02:43+0200 lvl=warn msg="HOTSTUFF RECOVERY resend NewView"      number=94 viewID=0xc1728b3d2e6885dbe7b7dc7cef5e6c862288b3ee455b79f3b86f0199c03b8a4b to=127.0.0.1:46150
        t=2026-09-22T13:02:48+0200 lvl=warn msg="HOTSTUFF RECOVERY resend NewView"      number=94 viewID=0xc1728b3d2e6885dbe7b7dc7cef5e6c862288b3ee455b79f3b86f0199c03b8a4b to=127.0.0.1:46150
        t=2026-09-22T13:02:53+0200 lvl=warn msg="HOTSTUFF RECOVERY resend NewView"      number=94 viewID=0xc1728b3d2e6885dbe7b7dc7cef5e6c862288b3ee455b79f3b86f0199c03b8a4b to=127.0.0.1:46150
        t=2026-09-22T13:02:58+0200 lvl=warn msg="HOTSTUFF RECOVERY resend NewView"      number=94 viewID=0xc1728b3d2e6885dbe7b7dc7cef5e6c862288b3ee455b79f3b86f0199c03b8a4b to=127.0.0.1:46150
        t=2026-09-22T13:03:03+0200 lvl=warn msg="HOTSTUFF RECOVERY resend NewView"      number=94 viewID=0xc1728b3d2e6885dbe7b7dc7cef5e6c862288b3ee455b79f3b86f0199c03b8a4b to=127.0.0.1:46150
    fhs_process_recovery_test.go:227: validator 1046182 complete log: /tmp/fhs-process-failure-2439083942.log
    fhs_process_recovery_test.go:232: validator 1046182 log tail:
        red"     from=127.0.0.1:60003 number=58 proposalID=0xdf048ef7941c3162229cf5a8e10205f1a97b54c2218541648725178e0f5b549b manifestBytes=1220 missing=0 bodyBytes=3350
        t=2026-09-22T13:01:13+0200 lvl=warn msg=GetBlockByNumer                         number=1
        t=2026-09-22T13:01:13+0200 lvl=warn msg=GetBlockByNumer                         number=56
        t=2026-09-22T13:01:13+0200 lvl=warn msg=GetBlockByNumer                         number=1
        t=2026-09-22T13:01:13+0200 lvl=warn msg=GetBlockByNumer                         number=1
        t=2026-09-22T13:01:13+0200 lvl=warn msg=GetBlockByNumer                         number=57
        t=2026-09-22T13:01:13+0200 lvl=info msg="HOTSTUFF PROPOSAL MANIFEST stored"     from=127.0.0.1:46150 number=59 proposalID=0x8c4e79f74ba6f00b3d1c91245895b3dc0a8b46d031c41343c497b9cc0f7774f2 manifestBytes=830  missing=0 bodyBytes=830
        t=2026-09-22T13:01:14+0200 lvl=warn msg=GetBlockByNumer                         number=1
        t=2026-09-22T13:01:14+0200 lvl=warn msg=GetBlockByNumer                         number=1
        t=2026-09-22T13:01:14+0200 lvl=warn msg=GetBlockByNumer                         number=57
        t=2026-09-22T13:01:14+0200 lvl=info msg="HOTSTUFF PROPOSAL MANIFEST stored"     from=127.0.0.1:35266 number=60 proposalID=0x7eb743f8a039f6ace3dbb859f729bf7c53c1364c889ebd34e3529eff17807611 manifestBytes=1220 missing=0 bodyBytes=3350
        t=2026-09-22T13:01:14+0200 lvl=warn msg=GetBlockByNumer                         number=1
        t=2026-09-22T13:01:14+0200 lvl=warn msg=GetBlockByNumer                         number=1
        t=2026-09-22T13:01:14+0200 lvl=info msg="HOTSTUFF PROPOSAL MANIFEST stored"     from=127.0.0.1:35266 number=61 proposalID=0xe6485feb1b43f1447a0784b56b37714e6afee1f4a789dda93f75a8a47b8bfc5c manifestBytes=830  missing=0 bodyBytes=830
        t=2026-09-22T13:01:14+0200 lvl=warn msg=GetBlockByNumer                         number=1
        t=2026-09-22T13:01:14+0200 lvl=warn msg=GetBlockByNumer                         number=59
        t=2026-09-22T13:01:15+0200 lvl=warn msg=GetBlockByNumer                         number=1
        t=2026-09-22T13:01:15+0200 lvl=warn msg=GetBlockByNumer                         number=1
        t=2026-09-22T13:01:15+0200 lvl=warn msg=GetBlockByNumer                         number=60
        t=2026-09-22T13:01:15+0200 lvl=warn msg=GetBlockByNumer                         number=1
        t=2026-09-22T13:01:15+0200 lvl=warn msg=GetBlockByNumer                         number=1
        t=2026-09-22T13:01:15+0200 lvl=warn msg=GetBlockByNumer                         number=60
        t=2026-09-22T13:01:15+0200 lvl=warn msg=GetBlockByNumer                         number=1
        t=2026-09-22T13:01:15+0200 lvl=warn msg=GetBlockByNumer                         number=1
        t=2026-09-22T13:01:15+0200 lvl=warn msg=GetBlockByNumer                         number=60
        t=2026-09-22T13:01:16+0200 lvl=warn msg=GetBlockByNumer                         number=1
        t=2026-09-22T13:01:16+0200 lvl=warn msg=GetBlockByNumer                         number=1
        t=2026-09-22T13:01:16+0200 lvl=warn msg=GetBlockByNumer                         number=60
        t=2026-09-22T13:01:16+0200 lvl=warn msg=GetBlockByNumer                         number=1
        t=2026-09-22T13:01:16+0200 lvl=warn msg=GetBlockByNumer                         number=1
        t=2026-09-22T13:01:16+0200 lvl=warn msg=GetBlockByNumer                         number=60
        t=2026-09-22T13:01:16+0200 lvl=warn msg=GetBlockByNumer                         number=1
        t=2026-09-22T13:01:16+0200 lvl=warn msg=GetBlockByNumer                         number=1
        t=2026-09-22T13:01:16+0200 lvl=warn msg=GetBlockByNumer                         number=60
        t=2026-09-22T13:01:17+0200 lvl=warn msg=GetBlockByNumer                         number=1
        t=2026-09-22T13:01:17+0200 lvl=warn msg=GetBlockByNumer                         number=1
        t=2026-09-22T13:01:17+0200 lvl=warn msg=GetBlockByNumer                         number=60
        t=2026-09-22T13:01:17+0200 lvl=warn msg=GetBlockByNumer                         number=1
        t=2026-09-22T13:01:17+0200 lvl=warn msg=GetBlockByNumer                         number=1
        t=2026-09-22T13:01:17+0200 lvl=warn msg=GetBlockByNumer                         number=60
        t=2026-09-22T13:01:17+0200 lvl=warn msg=GetBlockByNumer                         number=1
        t=2026-09-22T13:01:17+0200 lvl=warn msg=GetBlockByNumer                         number=1
        t=2026-09-22T13:01:17+0200 lvl=warn msg=GetBlockByNumer                         number=60
        t=2026-09-22T13:01:18+0200 lvl=info msg="HOTSTUFF PROPOSAL MANIFEST stored"     from=127.0.0.1:43659 number=62 proposalID=0x28b3cd36d4759008fe439d35ab735fada14dbf555b05ab9f7b97593cde68dca5 manifestBytes=1220 missing=1 bodyBytes=3350
        t=2026-09-22T13:01:18+0200 lvl=eror msg="OnPropose wait proposal body"          number=62 proposalID=0x28b3cd36d4759008fe439d35ab735fada14dbf555b05ab9f7b97593cde68dca5 err="hotstuff view state too old"
        t=2026-09-22T13:01:18+0200 lvl=warn msg=GetBlockByNumer                         number=1
        t=2026-09-22T13:01:18+0200 lvl=warn msg=GetBlockByNumer                         number=1
        t=2026-09-22T13:01:18+0200 lvl=warn msg=GetBlockByNumer                         number=60
        t=2026-09-22T13:01:18+0200 lvl=warn msg="HOTSTUFF PROPOSAL MANIFEST authority rejected" from=127.0.0.1:46150 leader=127.0.0.1:46150 number=63 proposalID=0x926d258f108bfd846b1d8c2bddc4a10fbd4834c186975211706fdec591caf9d6 err="proposal manifest does not match the current deterministic leader route: manifest key committee is already canonical but is not the current route"
        t=2026-09-22T13:01:18+0200 lvl=eror msg="OnPropose wait proposal body"          number=63 proposalID=0x926d258f108bfd846b1d8c2bddc4a10fbd4834c186975211706fdec591caf9d6 err="hotstuff view state too old"
        t=2026-09-22T13:01:18+0200 lvl=warn msg=GetBlockByNumer                         number=1
        t=2026-09-22T13:01:18+0200 lvl=warn msg=GetBlockByNumer                         number=1
        t=2026-09-22T13:01:18+0200 lvl=warn msg=GetBlockByNumer                         number=61
        t=2026-09-22T13:01:18+0200 lvl=warn msg="HOTSTUFF PROPOSAL MANIFEST authority rejected" from=127.0.0.1:43659 leader=127.0.0.1:43659 number=64 proposalID=0xad28f97ce9037531b6aad4bfedda03a68bfff73158829585bc2ff1b6ed45e602 err="proposal manifest does not match the current deterministic leader route: manifest key committee is already canonical but is not the current route"
        t=2026-09-22T13:01:18+0200 lvl=info msg="HOTSTUFF PROPOSAL REPAIR REQUEST"      to=127.0.0.1:46150 number=63 proposalID=0x926d258f108bfd846b1d8c2bddc4a10fbd4834c186975211706fdec591caf9d6 missing=0 attempt=0
        t=2026-09-22T13:01:18+0200 lvl=info msg="HOTSTUFF PROPOSAL MANIFEST stored"     from=127.0.0.1:46150 number=63 proposalID=0x926d258f108bfd846b1d8c2bddc4a10fbd4834c186975211706fdec591caf9d6 manifestBytes=830  missing=0 bodyBytes=830
        t=2026-09-22T13:01:19+0200 lvl=warn msg=GetBlockByNumer                         number=1
        t=2026-09-22T13:01:19+0200 lvl=warn msg=GetBlockByNumer                         number=1
        t=2026-09-22T13:01:19+0200 lvl=warn msg=GetBlockByNumer                         number=61
        t=2026-09-22T13:01:19+0200 lvl=eror msg="OnPropose wait proposal body"          number=64 proposalID=0xad28f97ce9037531b6aad4bfedda03a68bfff73158829585bc2ff1b6ed45e602 err="hotstuff view state too old"
        t=2026-09-22T13:01:19+0200 lvl=warn msg="HOTSTUFF PROPOSAL MANIFEST authority rejected" from=127.0.0.1:46150 leader=127.0.0.1:46150 number=65 proposalID=0xc250a378e43f9a95f538366df1710dbfa2bafb88965eeb068cbbfd4e71a2c0bd err="proposal manifest does not match the current deterministic leader route: manifest key committee is already canonical but is not the current route"
        t=2026-09-22T13:01:19+0200 lvl=info msg="HOTSTUFF PROPOSAL REPAIR REQUEST"      to=127.0.0.1:43659 number=64 proposalID=0xad28f97ce9037531b6aad4bfedda03a68bfff73158829585bc2ff1b6ed45e602 missing=0 attempt=0
        t=2026-09-22T13:01:19+0200 lvl=warn msg=GetBlockByNumer                         number=1
        t=2026-09-22T13:01:19+0200 lvl=info msg="HOTSTUFF PROPOSAL MANIFEST stored"     from=127.0.0.1:43659 number=64 proposalID=0xad28f97ce9037531b6aad4bfedda03a68bfff73158829585bc2ff1b6ed45e602 manifestBytes=1220 missing=0 bodyBytes=3350
        t=2026-09-22T13:01:19+0200 lvl=warn msg=GetBlockByNumer                         number=1
        t=2026-09-22T13:01:19+0200 lvl=warn msg=GetBlockByNumer                         number=62
        t=2026-09-22T13:01:19+0200 lvl=warn msg=GetBlockByNumer                         number=1
        t=2026-09-22T13:01:19+0200 lvl=warn msg=GetBlockByNumer                         number=62
        t=2026-09-22T13:01:19+0200 lvl=warn msg=GetBlockByNumer                         number=1
        t=2026-09-22T13:01:19+0200 lvl=info msg="HOTSTUFF PROPOSAL REPAIR REQUEST"      to=127.0.0.1:46150 number=65 proposalID=0xc250a378e43f9a95f538366df1710dbfa2bafb88965eeb068cbbfd4e71a2c0bd missing=0 attempt=0
        t=2026-09-22T13:01:19+0200 lvl=info msg="HOTSTUFF PROPOSAL MANIFEST stored"     from=127.0.0.1:46150 number=65 proposalID=0xc250a378e43f9a95f538366df1710dbfa2bafb88965eeb068cbbfd4e71a2c0bd manifestBytes=830  missing=0 bodyBytes=830
        t=2026-09-22T13:01:19+0200 lvl=warn msg=GetBlockByNumer                         number=62
        t=2026-09-22T13:01:21+0200 lvl=info msg="HOTSTUFF PROPOSAL MANIFEST stored"     from=127.0.0.1:35266 number=66 proposalID=0x68328e14c0d0d7e9ac0f5cb5d75f0a16b9998a6873f38709b5e8eca9b2f1a72e manifestBytes=1219 missing=0 bodyBytes=1653
        t=2026-09-22T13:01:21+0200 lvl=warn msg="HandleConn drops connection: closed"   address=127.0.0.1:40959 remot=127.0.0.1:35266
        t=2026-09-22T13:01:21+0200 lvl=info msg="HOTSTUFF PROPOSAL MANIFEST stored"     from=127.0.0.1:35266 number=66 proposalID=0x68328e14c0d0d7e9ac0f5cb5d75f0a16b9998a6873f38709b5e8eca9b2f1a72e manifestBytes=1219 missing=0 bodyBytes=1653
        t=2026-09-22T13:01:22+0200 lvl=info msg="HOTSTUFF PROPOSAL MANIFEST stored"     from=127.0.0.1:41794 number=67 proposalID=0xeeb67cdfbb7fcd9cfebcd775c7f777834df1da215fc85320b21457321b9a7709 manifestBytes=830  missing=0 bodyBytes=830
        t=2026-09-22T13:01:22+0200 lvl=warn msg="HandleConn drops connection: closed"   address=127.0.0.1:40959 remot=127.0.0.1:41794
        t=2026-09-22T13:01:22+0200 lvl=info msg="HOTSTUFF PROPOSAL MANIFEST stored"     from=127.0.0.1:41794 number=67 proposalID=0xeeb67cdfbb7fcd9cfebcd775c7f777834df1da215fc85320b21457321b9a7709 manifestBytes=830  missing=0 bodyBytes=830
        t=2026-09-22T13:01:22+0200 lvl=info msg="HOTSTUFF PROPOSAL REF"                 number=68 viewID=0x19a5297e02769f8c4fbaebc9cb500b810a37e4deb3f62f87a68c0050ec32148c proposalID=0x91035bc4d697a06a4ff1dee0351df131a57dbca4fc577f4e15acb89c4c01ddc8 blockHash=0x6fb062d7073073b6c8fbe369239c9962fc5f62497bd3dd3903f4ea1aa820f203 bodyHash=0x2017b1e5e15b550c6963c1458c4abce6de7aae973720ed8c4d2d9af9ca3bdda8 bodySize=1653 refBytes=442
        t=2026-09-22T13:01:22+0200 lvl=warn msg="Send msg try again"                    address=[::]:40959      Couldn't send to=127.0.0.1:43659 error="Operation Canceled"
        t=2026-09-22T13:01:22+0200 lvl=eror msg=CloseConnect                            =[::]:40959 having error closing conn to=127.0.0.1:43659 error="Connection Closed"
        t=2026-09-22T13:01:23+0200 lvl=warn msg="HandleConn drops connection: closed"   address=127.0.0.1:40959 remot=127.0.0.1:46150
        t=2026-09-22T13:01:23+0200 lvl=eror msg="OnPropose wait proposal body"          number=69 proposalID=0x7dc01755cc7a85ed47c5f4c65b576104a5fe4d6569259bab339b21373bd32757 err="hotstuff view state too old"
        t=2026-09-22T13:01:23+0200 lvl=info msg="HOTSTUFF PROPOSAL REPAIR REQUEST"      to=127.0.0.1:46150 number=69 proposalID=0x7dc01755cc7a85ed47c5f4c65b576104a5fe4d6569259bab339b21373bd32757 missing=0 attempt=0
        t=2026-09-22T13:01:23+0200 lvl=info msg="HOTSTUFF PROPOSAL MANIFEST stored"     from=127.0.0.1:46150 number=69 proposalID=0x7dc01755cc7a85ed47c5f4c65b576104a5fe4d6569259bab339b21373bd32757 manifestBytes=830  missing=0 bodyBytes=830
        t=2026-09-22T13:01:26+0200 lvl=warn msg=GetBlockByNumer                         number=1
        t=2026-09-22T13:01:26+0200 lvl=warn msg=GetBlockByNumer                         number=1
        t=2026-09-22T13:01:26+0200 lvl=warn msg=GetBlockByNumer                         number=68
        t=2026-09-22T13:01:26+0200 lvl=warn msg=GetBlockByNumer                         number=1
        t=2026-09-22T13:01:26+0200 lvl=warn msg=GetBlockByNumer                         number=1
        t=2026-09-22T13:01:26+0200 lvl=warn msg=GetBlockByNumer                         number=68
        t=2026-09-22T13:01:27+0200 lvl=info msg="HOTSTUFF PROPOSAL MANIFEST stored"     from=127.0.0.1:46150 number=70 proposalID=0x89e6bcbb378b3cefeddb4b899b8129005e06959cb9b32d3dd59dcf2b9eca101e manifestBytes=1219 missing=0 bodyBytes=1314
        t=2026-09-22T13:01:27+0200 lvl=info msg="HOTSTUFF PROPOSAL MANIFEST stored"     from=127.0.0.1:43659 number=71 proposalID=0x1995b4502873e820b4b4d5782571d469bacde47dee79b3e53ddafd2b2cadab1c manifestBytes=830  missing=0 bodyBytes=830
        t=2026-09-22T13:01:27+0200 lvl=warn msg=GetBlockByNumer                         number=1
        t=2026-09-22T13:01:28+0200 lvl=warn msg=GetBlockByNumer                         number=1
        t=2026-09-22T13:01:28+0200 lvl=warn msg=GetBlockByNumer                         number=1
        t=2026-09-22T13:01:28+0200 lvl=warn msg=GetBlockByNumer                         number=1
        t=2026-09-22T13:01:28+0200 lvl=warn msg="HandleConn drops connection: closed"   address=127.0.0.1:40959 remot=127.0.0.1:41794
        t=2026-09-22T13:01:28+0200 lvl=info msg="HOTSTUFF PROPOSAL MANIFEST stored"     from=127.0.0.1:41794 number=72 proposalID=0x563c502aecff2d84637907386fb022ee302eee1bf980820890fa4c010291c866 manifestBytes=1219 missing=0 bodyBytes=1314
        t=2026-09-22T13:01:28+0200 lvl=info msg="HOTSTUFF PROPOSAL MANIFEST stored"     from=127.0.0.1:41794 number=73 proposalID=0xe6eda97d1471a2c0b2e7e1aad24a20f0553947a8e567fbd5fecddc52c67f1528 manifestBytes=830  missing=0 bodyBytes=830
        t=2026-09-22T13:01:29+0200 lvl=warn msg=GetBlockByNumer                         number=1
        t=2026-09-22T13:01:29+0200 lvl=warn msg=GetBlockByNumer                         number=1
        t=2026-09-22T13:01:34+0200 lvl=warn msg="HOTSTUFF RECOVERY resend NewView"      number=74 viewID=0xf3ae1fc78a612e46a67a7ad7dcf99af330ca59a8db9bd12b930bb21eed6cea67 to=127.0.0.1:50635
        t=2026-09-22T13:01:39+0200 lvl=warn msg="HOTSTUFF RECOVERY resend NewView"      number=74 viewID=0xf3ae1fc78a612e46a67a7ad7dcf99af330ca59a8db9bd12b930bb21eed6cea67 to=127.0.0.1:50635
        t=2026-09-22T13:01:40+0200 lvl=warn msg="HandleConn drops connection: closed"   address=127.0.0.1:40959 remot=127.0.0.1:50635
        t=2026-09-22T13:01:40+0200 lvl=info msg="HOTSTUFF PROPOSAL MANIFEST stored"     from=127.0.0.1:50635 number=74 proposalID=0x0099e83e6cb895d7cf0c244d311dce96a20a98567e3a1968c81307f0b8ff0eac manifestBytes=1219 missing=1 bodyBytes=1653
        t=2026-09-22T13:01:40+0200 lvl=info msg="HOTSTUFF PROPOSAL REF"                 number=75 viewID=0xfc0414483f843ff901ebc17c3b526b36012b0c6344a8771e3fbfc71fb10e778b proposalID=0x931026544b4738ed20db1ef02c4a14ab741758d2f5d02fdb545b4ccaee34e341 blockHash=0x6e14fee0116e65f465da4db21b97175e26fe5450419475b23d886cc977891ca9 bodyHash=0xa77e3866a8ef32f49299e53937d7beddf7a92b640e3d107fd0f1ea7419001f12 bodySize=830  refBytes=439
        t=2026-09-22T13:01:40+0200 lvl=warn msg="Send msg try again"                    address=[::]:40959      Couldn't send to=127.0.0.1:46150 error="Operation Canceled"
        t=2026-09-22T13:01:40+0200 lvl=eror msg=CloseConnect                            =[::]:40959 having error closing conn to=127.0.0.1:38443 error="Connection Closed"
        t=2026-09-22T13:01:46+0200 lvl=warn msg="HOTSTUFF RECOVERY resend NewView"      number=76 viewID=0x72f931a560343b264d4b848308e6537b4232891a05aada4c378b62007729fd76 to=127.0.0.1:43659
        t=2026-09-22T13:01:50+0200 lvl=info msg="HOTSTUFF PROPOSAL MANIFEST stored"     from=127.0.0.1:43659 number=76 proposalID=0x601039c8f1019b552ae74e8d083b730378cb34efc778147268a05aa41b178b1a manifestBytes=1219 missing=0 bodyBytes=1653
        t=2026-09-22T13:01:51+0200 lvl=info msg="HOTSTUFF PROPOSAL MANIFEST stored"     from=127.0.0.1:35266 number=77 proposalID=0x4ae23d84ad652926d6ae0aa9e98911d6bc7a675c8d7da3bebf88828290bae8f9 manifestBytes=830  missing=0 bodyBytes=830
        t=2026-09-22T13:01:51+0200 lvl=warn msg="HandleConn drops connection: closed"   address=127.0.0.1:40959 remot=127.0.0.1:35266
        t=2026-09-22T13:01:51+0200 lvl=info msg="HOTSTUFF PROPOSAL MANIFEST stored"     from=127.0.0.1:35266 number=77 proposalID=0x4ae23d84ad652926d6ae0aa9e98911d6bc7a675c8d7da3bebf88828290bae8f9 manifestBytes=830  missing=0 bodyBytes=830
        t=2026-09-22T13:01:56+0200 lvl=warn msg="HOTSTUFF RECOVERY resend NewView"      number=78 viewID=0x8b37c373307a18ae3019dc7159001d52783717af65d19cc487e591679469b2cf to=127.0.0.1:35266
        t=2026-09-22T13:02:01+0200 lvl=warn msg="HOTSTUFF RECOVERY resend NewView"      number=78 viewID=0x8b37c373307a18ae3019dc7159001d52783717af65d19cc487e591679469b2cf to=127.0.0.1:35266
        t=2026-09-22T13:02:03+0200 lvl=info msg="HOTSTUFF PROPOSAL MANIFEST stored"     from=127.0.0.1:35266 number=78 proposalID=0x82e50a849f05f352ad180658af216392d5175d4cc2ef816496ba1e3dabd5ce8a manifestBytes=1219 missing=0 bodyBytes=1653
        t=2026-09-22T13:02:04+0200 lvl=info msg="HOTSTUFF PROPOSAL MANIFEST stored"     from=127.0.0.1:46150 number=79 proposalID=0xb142d6cb692cd726f2038f4412fcab301163f6de4066cfc78e2f292c1cf29dea manifestBytes=830  missing=0 bodyBytes=830
        t=2026-09-22T13:02:04+0200 lvl=info msg="HOTSTUFF PROPOSAL MANIFEST stored"     from=127.0.0.1:50635 number=80 proposalID=0x511e0cce1284ba46e443e98c3ba08e4c2371308910b0020bf657271176cb2d7e manifestBytes=1219 missing=0 bodyBytes=1653
        t=2026-09-22T13:02:05+0200 lvl=info msg="HOTSTUFF PROPOSAL MANIFEST stored"     from=127.0.0.1:60003 number=81 proposalID=0x6c07d38bb0840443c511ef8d59b14192e7b372bc842fa9b7fcb1b48f03f66ad6 manifestBytes=830  missing=0 bodyBytes=830
        t=2026-09-22T13:02:11+0200 lvl=warn msg="HOTSTUFF RECOVERY resend NewView"      number=82 viewID=0x2bab6fb1f50a848b600b286dff80127d5a4198ccdc116165c81b5ee1db713023 to=127.0.0.1:46150
        t=2026-09-22T13:02:14+0200 lvl=info msg="HOTSTUFF PROPOSAL MANIFEST stored"     from=127.0.0.1:46150 number=82 proposalID=0xcf2ef0630ff44978612f3769b4d56f4ee002a16f9c6fafbd79351de8d4c37bdb manifestBytes=1219 missing=0 bodyBytes=1653
        t=2026-09-22T13:02:14+0200 lvl=info msg="HOTSTUFF PROPOSAL MANIFEST stored"     from=127.0.0.1:60003 number=83 proposalID=0xa001b60be55a77143cf028543a28faf7685684464d0d8a63935d21f979fa4bb6 manifestBytes=830  missing=0 bodyBytes=830
        t=2026-09-22T13:02:15+0200 lvl=info msg="HOTSTUFF PROPOSAL MANIFEST stored"     from=127.0.0.1:60003 number=84 proposalID=0xea5bc9aee58d7758f7bdcdd06ca583fea90f55a01b61f3d24bb38c1d1bf2504a manifestBytes=1219 missing=0 bodyBytes=1653
        t=2026-09-22T13:02:15+0200 lvl=warn msg="HandleConn drops connection: closed"   address=127.0.0.1:40959 remot=127.0.0.1:60003
        t=2026-09-22T13:02:15+0200 lvl=info msg="HOTSTUFF PROPOSAL REF"                 number=85 viewID=0xb9d479759ea591d9d64228cc5323f1545457d5f1dfe5b2b003b3c0b481f1a914 proposalID=0x8ae921e70cb6bc738b667f77a924f935e0085b39ec538c8b5f6b6f6371cbf34e blockHash=0xd5c9d1f32d9ac610c87e0d3496c1131def7fe76c82ebff90bc62d5983a6736f7 bodyHash=0x075b68b394bd95c29a6160385482c498997d0b7dfd6ff614acc819f411aeb264 bodySize=830  refBytes=439
        t=2026-09-22T13:02:15+0200 lvl=warn msg="Send msg try again"                    address=[::]:40959      Couldn't send to=127.0.0.1:41794 error="Operation Canceled"
        t=2026-09-22T13:02:15+0200 lvl=eror msg=CloseConnect                            =[::]:40959 having error closing conn to=127.0.0.1:50491 error="Connection Closed"
        t=2026-09-22T13:02:15+0200 lvl=warn msg="reject new-view before storage"        from=127.0.0.1:35266 viewID=0xb9d479759ea591d9d64228cc5323f1545457d5f1dfe5b2b003b3c0b481f1a914 err="hotstuff view state too old"
        t=2026-09-22T13:02:20+0200 lvl=warn msg="HOTSTUFF RECOVERY resend NewView"      number=86 viewID=0x7d60a31f27826cf745b5a2cb8fe2bdca96a714d50481154b5a85677bcd021d21 to=127.0.0.1:40959
        t=2026-09-22T13:02:21+0200 lvl=info msg="HOTSTUFF PROPOSAL REF"                 number=86 viewID=0x7d60a31f27826cf745b5a2cb8fe2bdca96a714d50481154b5a85677bcd021d21 proposalID=0xb6fb70a3ab9602c3aa8edd2316625af154586fa7630218d6f899b29fd215d583 blockHash=0x00a204195d5d63f14f4f948a73e080e8d3abf5ef64875032cc62980dfc72f56a bodyHash=0xb0a3289a66644c0ac6d9c74ef96c3fd2782b99eb5776077517e6686b0a0e0456 bodySize=1653 refBytes=442
        t=2026-09-22T13:02:22+0200 lvl=info msg="HOTSTUFF PROPOSAL MANIFEST stored"     from=127.0.0.1:41794 number=87 proposalID=0x730a1e52adb5cd7cfd3743b50bed3f906f5802a12fa4526e3b35e50f564ac474 manifestBytes=830  missing=0 bodyBytes=830
        t=2026-09-22T13:02:22+0200 lvl=info msg="HOTSTUFF PROPOSAL REF"                 number=88 viewID=0xff617d2808733717883329e1b1c6ce1ce90c283472dce08353bd4b2c8deab56a proposalID=0x54ac3cf01555928a67757f422e88a32c7983c816167dea3ee383a4dbebd97351 blockHash=0xe6674a8a76306ccd3c730ccc18bc0ea4b59e5dd9003ee85496f6841c822e7f84 bodyHash=0x89778b379fe6241e08782b7c0cb06f149107c28488d82486a5672594599121b5 bodySize=1653 refBytes=442
        t=2026-09-22T13:02:23+0200 lvl=info msg="HOTSTUFF PROPOSAL MANIFEST stored"     from=127.0.0.1:50635 number=89 proposalID=0xf2a928fc647c10be8f178b8f644c6ac21b159d84dff74848598d811ef0e1fe6d manifestBytes=830  missing=0 bodyBytes=830
        t=2026-09-22T13:02:26+0200 lvl=info msg="HOTSTUFF PROPOSAL MANIFEST stored"     from=127.0.0.1:50635 number=90 proposalID=0x486d10ef0830b6914551db1d12b3aaaf0cee53a6b29c7e839db3dba8ef0de848 manifestBytes=1220 missing=1 bodyBytes=3350
        t=2026-09-22T13:02:26+0200 lvl=warn msg="HandleConn drops connection: closed"   address=127.0.0.1:40959 remot=127.0.0.1:50635
        t=2026-09-22T13:02:26+0200 lvl=info msg="HOTSTUFF PROPOSAL MANIFEST stored"     from=127.0.0.1:50635 number=90 proposalID=0x486d10ef0830b6914551db1d12b3aaaf0cee53a6b29c7e839db3dba8ef0de848 manifestBytes=1220 missing=1 bodyBytes=3350
        t=2026-09-22T13:02:26+0200 lvl=eror msg="OnPropose wait proposal body"          number=90 proposalID=0x486d10ef0830b6914551db1d12b3aaaf0cee53a6b29c7e839db3dba8ef0de848 err="hotstuff view state too old"
        t=2026-09-22T13:02:27+0200 lvl=warn msg="HandleConn drops connection: closed"   address=127.0.0.1:40959 remot=127.0.0.1:43659
        t=2026-09-22T13:02:27+0200 lvl=info msg="HOTSTUFF PROPOSAL MANIFEST stored"     from=127.0.0.1:43659 number=91 proposalID=0xcc13774a2b132b822aa7db9e142f319d5fd3aa2012b413071f63ae848778eb24 manifestBytes=830  missing=0 bodyBytes=830
        t=2026-09-22T13:02:27+0200 lvl=info msg="HOTSTUFF PROPOSAL MANIFEST stored"     from=127.0.0.1:43659 number=92 proposalID=0xde8368b94a0ba1ee3a0b6c53cdcf77a44b8f0ffd12090dfea8d076e1fab6f46b manifestBytes=1220 missing=0 bodyBytes=3350
        t=2026-09-22T13:02:28+0200 lvl=info msg="HOTSTUFF PROPOSAL MANIFEST stored"     from=127.0.0.1:43659 number=93 proposalID=0x6756be72aeae9aa3321dff52a78d2137af0b0317f8882a4bd8bed54503ed4557 manifestBytes=830  missing=0 bodyBytes=830
        t=2026-09-22T13:02:33+0200 lvl=warn msg="HOTSTUFF RECOVERY resend NewView"      number=94 viewID=0xc1728b3d2e6885dbe7b7dc7cef5e6c862288b3ee455b79f3b86f0199c03b8a4b to=127.0.0.1:46150
        t=2026-09-22T13:02:38+0200 lvl=warn msg="HOTSTUFF RECOVERY resend NewView"      number=94 viewID=0xc1728b3d2e6885dbe7b7dc7cef5e6c862288b3ee455b79f3b86f0199c03b8a4b to=127.0.0.1:46150
        t=2026-09-22T13:02:43+0200 lvl=warn msg="HOTSTUFF RECOVERY resend NewView"      number=94 viewID=0xc1728b3d2e6885dbe7b7dc7cef5e6c862288b3ee455b79f3b86f0199c03b8a4b to=127.0.0.1:46150
        t=2026-09-22T13:02:48+0200 lvl=warn msg="HOTSTUFF RECOVERY resend NewView"      number=94 viewID=0xc1728b3d2e6885dbe7b7dc7cef5e6c862288b3ee455b79f3b86f0199c03b8a4b to=127.0.0.1:46150
        t=2026-09-22T13:02:53+0200 lvl=warn msg="HOTSTUFF RECOVERY resend NewView"      number=94 viewID=0xc1728b3d2e6885dbe7b7dc7cef5e6c862288b3ee455b79f3b86f0199c03b8a4b to=127.0.0.1:46150
        t=2026-09-22T13:02:58+0200 lvl=warn msg="HOTSTUFF RECOVERY resend NewView"      number=94 viewID=0xc1728b3d2e6885dbe7b7dc7cef5e6c862288b3ee455b79f3b86f0199c03b8a4b to=127.0.0.1:46150
        t=2026-09-22T13:03:03+0200 lvl=warn msg="HOTSTUFF RECOVERY resend NewView"      number=94 viewID=0xc1728b3d2e6885dbe7b7dc7cef5e6c862288b3ee455b79f3b86f0199c03b8a4b to=127.0.0.1:46150
    fhs_process_recovery_test.go:227: validator 1046177 complete log: /tmp/fhs-process-failure-1563585770.log
    fhs_process_recovery_test.go:232: validator 1046177 log tail:
        0 lvl=warn msg=GetBlockByNumer                         number=1
        t=2026-09-22T13:01:13+0200 lvl=warn msg=GetBlockByNumer                         number=1
        t=2026-09-22T13:01:13+0200 lvl=warn msg=GetBlockByNumer                         number=56
        t=2026-09-22T13:01:13+0200 lvl=warn msg=GetBlockByNumer                         number=1
        t=2026-09-22T13:01:13+0200 lvl=warn msg=GetBlockByNumer                         number=1
        t=2026-09-22T13:01:13+0200 lvl=warn msg=GetBlockByNumer                         number=57
        t=2026-09-22T13:01:13+0200 lvl=info msg="HOTSTUFF PROPOSAL MANIFEST stored"     from=127.0.0.1:46150 number=59 proposalID=0x8c4e79f74ba6f00b3d1c91245895b3dc0a8b46d031c41343c497b9cc0f7774f2 manifestBytes=830  missing=0 bodyBytes=830
        t=2026-09-22T13:01:14+0200 lvl=warn msg=GetBlockByNumer                         number=1
        t=2026-09-22T13:01:14+0200 lvl=warn msg=GetBlockByNumer                         number=1
        t=2026-09-22T13:01:14+0200 lvl=warn msg=GetBlockByNumer                         number=57
        t=2026-09-22T13:01:14+0200 lvl=info msg="HOTSTUFF PROPOSAL REF"                 number=60 viewID=0x042a252d5f2216fa812b05eefcd1c03fcb9c25eae4857938ca719b56af043d0f proposalID=0x7eb743f8a039f6ace3dbb859f729bf7c53c1364c889ebd34e3529eff17807611 blockHash=0xaa806b9054c2824815302fceb96d0575cd5f4a7cbff83995251fb116e846a953 bodyHash=0xcc67b3023f1d40912a45895ceec593b16f373d58982b6e21b5524cc392374895 bodySize=3350 refBytes=442
        t=2026-09-22T13:01:14+0200 lvl=warn msg=GetBlockByNumer                         number=1
        t=2026-09-22T13:01:14+0200 lvl=warn msg=GetBlockByNumer                         number=1
        t=2026-09-22T13:01:14+0200 lvl=info msg="HOTSTUFF PROPOSAL REF"                 number=61 viewID=0x5f43e302bcf377746721421d9eb665927e9e723171c4a3e99218030ef2cd3103 proposalID=0xe6485feb1b43f1447a0784b56b37714e6afee1f4a789dda93f75a8a47b8bfc5c blockHash=0x213317619acc5a1bc00512ca6b1b5e5fe1b73e0f04c127aca6ce0ef82bce69f4 bodyHash=0x92fd42856411dc10783d437c97f6184e1aa021202865853a28d8de88347e1a5e bodySize=830  refBytes=439
        t=2026-09-22T13:01:14+0200 lvl=warn msg="Send msg try again"                    address=[::]:35266      Couldn't send to=127.0.0.1:41794 error="Operation Canceled"
        t=2026-09-22T13:01:14+0200 lvl=eror msg=CloseConnect                            =[::]:35266 having error closing conn to=127.0.0.1:57077 error="Connection Closed"
        t=2026-09-22T13:01:14+0200 lvl=warn msg=GetBlockByNumer                         number=1
        t=2026-09-22T13:01:14+0200 lvl=warn msg=GetBlockByNumer                         number=59
        t=2026-09-22T13:01:15+0200 lvl=warn msg=GetBlockByNumer                         number=1
        t=2026-09-22T13:01:15+0200 lvl=warn msg=GetBlockByNumer                         number=1
        t=2026-09-22T13:01:15+0200 lvl=warn msg=GetBlockByNumer                         number=60
        t=2026-09-22T13:01:15+0200 lvl=warn msg=GetBlockByNumer                         number=1
        t=2026-09-22T13:01:15+0200 lvl=warn msg=GetBlockByNumer                         number=1
        t=2026-09-22T13:01:15+0200 lvl=warn msg=GetBlockByNumer                         number=60
        t=2026-09-22T13:01:15+0200 lvl=warn msg=GetBlockByNumer                         number=1
        t=2026-09-22T13:01:15+0200 lvl=warn msg=GetBlockByNumer                         number=1
        t=2026-09-22T13:01:15+0200 lvl=warn msg=GetBlockByNumer                         number=60
        t=2026-09-22T13:01:16+0200 lvl=warn msg=GetBlockByNumer                         number=1
        t=2026-09-22T13:01:16+0200 lvl=warn msg=GetBlockByNumer                         number=1
        t=2026-09-22T13:01:16+0200 lvl=warn msg=GetBlockByNumer                         number=60
        t=2026-09-22T13:01:16+0200 lvl=warn msg=GetBlockByNumer                         number=1
        t=2026-09-22T13:01:16+0200 lvl=warn msg=GetBlockByNumer                         number=1
        t=2026-09-22T13:01:16+0200 lvl=warn msg=GetBlockByNumer                         number=60
        t=2026-09-22T13:01:16+0200 lvl=warn msg=GetBlockByNumer                         number=1
        t=2026-09-22T13:01:16+0200 lvl=warn msg=GetBlockByNumer                         number=1
        t=2026-09-22T13:01:16+0200 lvl=warn msg=GetBlockByNumer                         number=60
        t=2026-09-22T13:01:17+0200 lvl=warn msg=GetBlockByNumer                         number=1
        t=2026-09-22T13:01:17+0200 lvl=warn msg=GetBlockByNumer                         number=1
        t=2026-09-22T13:01:17+0200 lvl=warn msg=GetBlockByNumer                         number=60
        t=2026-09-22T13:01:17+0200 lvl=warn msg=GetBlockByNumer                         number=1
        t=2026-09-22T13:01:17+0200 lvl=warn msg=GetBlockByNumer                         number=1
        t=2026-09-22T13:01:17+0200 lvl=warn msg=GetBlockByNumer                         number=60
        t=2026-09-22T13:01:17+0200 lvl=warn msg=GetBlockByNumer                         number=1
        t=2026-09-22T13:01:17+0200 lvl=warn msg=GetBlockByNumer                         number=1
        t=2026-09-22T13:01:17+0200 lvl=warn msg=GetBlockByNumer                         number=60
        t=2026-09-22T13:01:18+0200 lvl=info msg="HOTSTUFF PROPOSAL MANIFEST stored"     from=127.0.0.1:43659 number=62 proposalID=0x28b3cd36d4759008fe439d35ab735fada14dbf555b05ab9f7b97593cde68dca5 manifestBytes=1220 missing=0 bodyBytes=3350
        t=2026-09-22T13:01:18+0200 lvl=warn msg=GetBlockByNumer                         number=1
        t=2026-09-22T13:01:18+0200 lvl=warn msg=GetBlockByNumer                         number=1
        t=2026-09-22T13:01:18+0200 lvl=warn msg=GetBlockByNumer                         number=60
        t=2026-09-22T13:01:18+0200 lvl=info msg="HOTSTUFF PROPOSAL MANIFEST stored"     from=127.0.0.1:46150 number=63 proposalID=0x926d258f108bfd846b1d8c2bddc4a10fbd4834c186975211706fdec591caf9d6 manifestBytes=830  missing=0 bodyBytes=830
        t=2026-09-22T13:01:18+0200 lvl=warn msg=GetBlockByNumer                         number=1
        t=2026-09-22T13:01:18+0200 lvl=warn msg=GetBlockByNumer                         number=1
        t=2026-09-22T13:01:18+0200 lvl=warn msg=GetBlockByNumer                         number=61
        t=2026-09-22T13:01:18+0200 lvl=info msg="HOTSTUFF PROPOSAL MANIFEST stored"     from=127.0.0.1:43659 number=64 proposalID=0xad28f97ce9037531b6aad4bfedda03a68bfff73158829585bc2ff1b6ed45e602 manifestBytes=1220 missing=0 bodyBytes=3350
        t=2026-09-22T13:01:19+0200 lvl=warn msg=GetBlockByNumer                         number=1
        t=2026-09-22T13:01:19+0200 lvl=warn msg=GetBlockByNumer                         number=1
        t=2026-09-22T13:01:19+0200 lvl=warn msg=GetBlockByNumer                         number=61
        t=2026-09-22T13:01:19+0200 lvl=info msg="HOTSTUFF PROPOSAL MANIFEST stored"     from=127.0.0.1:46150 number=65 proposalID=0xc250a378e43f9a95f538366df1710dbfa2bafb88965eeb068cbbfd4e71a2c0bd manifestBytes=830  missing=0 bodyBytes=830
        t=2026-09-22T13:01:19+0200 lvl=warn msg="HandleConn drops connection: closed"   address=127.0.0.1:35266 remot=127.0.0.1:46150
        t=2026-09-22T13:01:19+0200 lvl=warn msg=GetBlockByNumer                         number=1
        t=2026-09-22T13:01:19+0200 lvl=info msg="HOTSTUFF PROPOSAL MANIFEST stored"     from=127.0.0.1:46150 number=65 proposalID=0xc250a378e43f9a95f538366df1710dbfa2bafb88965eeb068cbbfd4e71a2c0bd manifestBytes=830  missing=0 bodyBytes=830
        t=2026-09-22T13:01:19+0200 lvl=warn msg=GetBlockByNumer                         number=1
        t=2026-09-22T13:01:19+0200 lvl=warn msg=GetBlockByNumer                         number=62
        t=2026-09-22T13:01:19+0200 lvl=warn msg=GetBlockByNumer                         number=1
        t=2026-09-22T13:01:19+0200 lvl=warn msg=GetBlockByNumer                         number=62
        t=2026-09-22T13:01:19+0200 lvl=warn msg=GetBlockByNumer                         number=1
        t=2026-09-22T13:01:19+0200 lvl=warn msg=GetBlockByNumer                         number=62
        t=2026-09-22T13:01:21+0200 lvl=info msg="HOTSTUFF PROPOSAL REF"                 number=66 viewID=0xf9fa42e46a49dc580ba5bccd048147a7d6b3a236b79420f8f4ef8fb54b0f4134 proposalID=0x68328e14c0d0d7e9ac0f5cb5d75f0a16b9998a6873f38709b5e8eca9b2f1a72e blockHash=0x0edc9c1798e296539a0e264c2ccb0e3e0cc19f010511a8fe644009f8964a77fa bodyHash=0xf1d09103e65b92fe3a1972ae957ea6f4bc6852c8b6b38202b1762de1e3e5995d bodySize=1653 refBytes=442
        t=2026-09-22T13:01:21+0200 lvl=warn msg="Send msg try again"                    address=[::]:35266      Couldn't send to=127.0.0.1:46150 error="Operation Canceled"
        t=2026-09-22T13:01:21+0200 lvl=warn msg="Send msg try again"                    address=[::]:35266      Couldn't send to=127.0.0.1:40959 error="Operation Canceled"
        t=2026-09-22T13:01:21+0200 lvl=eror msg=CloseConnect                            =[::]:35266 having error closing conn to=127.0.0.1:46150 error="Connection Closed"
        t=2026-09-22T13:01:21+0200 lvl=warn msg="Send msg try again"                    address=[::]:35266      Couldn't send to=127.0.0.1:43659 error="Operation Canceled"
        t=2026-09-22T13:01:21+0200 lvl=warn msg="Send msg try again"                    address=[::]:35266      Couldn't send to=127.0.0.1:43659 error="Operation Canceled"
        t=2026-09-22T13:01:21+0200 lvl=eror msg=CloseConnect                            =[::]:35266 having error closing conn to=127.0.0.1:43659 error="Connection Closed"
        t=2026-09-22T13:01:21+0200 lvl=eror msg=CloseConnect                            =[::]:35266 having error closing conn to=127.0.0.1:40959 error="Connection Closed"
        t=2026-09-22T13:01:22+0200 lvl=info msg="HOTSTUFF PROPOSAL MANIFEST stored"     from=127.0.0.1:41794 number=67 proposalID=0xeeb67cdfbb7fcd9cfebcd775c7f777834df1da215fc85320b21457321b9a7709 manifestBytes=830  missing=0 bodyBytes=830
        t=2026-09-22T13:01:22+0200 lvl=info msg="HOTSTUFF PROPOSAL MANIFEST stored"     from=127.0.0.1:40959 number=68 proposalID=0x91035bc4d697a06a4ff1dee0351df131a57dbca4fc577f4e15acb89c4c01ddc8 manifestBytes=1219 missing=0 bodyBytes=1653
        t=2026-09-22T13:01:23+0200 lvl=info msg="HOTSTUFF PROPOSAL MANIFEST stored"     from=127.0.0.1:46150 number=69 proposalID=0x7dc01755cc7a85ed47c5f4c65b576104a5fe4d6569259bab339b21373bd32757 manifestBytes=830  missing=0 bodyBytes=830
        t=2026-09-22T13:01:26+0200 lvl=warn msg=GetBlockByNumer                         number=1
        t=2026-09-22T13:01:26+0200 lvl=warn msg=GetBlockByNumer                         number=1
        t=2026-09-22T13:01:26+0200 lvl=warn msg=GetBlockByNumer                         number=68
        t=2026-09-22T13:01:26+0200 lvl=warn msg=GetBlockByNumer                         number=1
        t=2026-09-22T13:01:26+0200 lvl=warn msg=GetBlockByNumer                         number=1
        t=2026-09-22T13:01:26+0200 lvl=warn msg=GetBlockByNumer                         number=68
        t=2026-09-22T13:01:27+0200 lvl=info msg="HOTSTUFF PROPOSAL MANIFEST stored"     from=127.0.0.1:46150 number=70 proposalID=0x89e6bcbb378b3cefeddb4b899b8129005e06959cb9b32d3dd59dcf2b9eca101e manifestBytes=1219 missing=0 bodyBytes=1314
        t=2026-09-22T13:01:27+0200 lvl=info msg="HOTSTUFF PROPOSAL MANIFEST stored"     from=127.0.0.1:43659 number=71 proposalID=0x1995b4502873e820b4b4d5782571d469bacde47dee79b3e53ddafd2b2cadab1c manifestBytes=830  missing=0 bodyBytes=830
        t=2026-09-22T13:01:27+0200 lvl=warn msg=GetBlockByNumer                         number=1
        t=2026-09-22T13:01:28+0200 lvl=warn msg=GetBlockByNumer                         number=1
        t=2026-09-22T13:01:28+0200 lvl=warn msg=GetBlockByNumer                         number=1
        t=2026-09-22T13:01:28+0200 lvl=warn msg=GetBlockByNumer                         number=1
        t=2026-09-22T13:01:28+0200 lvl=info msg="HOTSTUFF PROPOSAL MANIFEST stored"     from=127.0.0.1:41794 number=72 proposalID=0x563c502aecff2d84637907386fb022ee302eee1bf980820890fa4c010291c866 manifestBytes=1219 missing=0 bodyBytes=1314
        t=2026-09-22T13:01:28+0200 lvl=info msg="HOTSTUFF PROPOSAL MANIFEST stored"     from=127.0.0.1:41794 number=73 proposalID=0xe6eda97d1471a2c0b2e7e1aad24a20f0553947a8e567fbd5fecddc52c67f1528 manifestBytes=830  missing=0 bodyBytes=830
        t=2026-09-22T13:01:29+0200 lvl=warn msg=GetBlockByNumer                         number=1
        t=2026-09-22T13:01:29+0200 lvl=warn msg=GetBlockByNumer                         number=1
        t=2026-09-22T13:01:34+0200 lvl=warn msg="HOTSTUFF RECOVERY resend NewView"      number=74 viewID=0xf3ae1fc78a612e46a67a7ad7dcf99af330ca59a8db9bd12b930bb21eed6cea67 to=127.0.0.1:50635
        t=2026-09-22T13:01:39+0200 lvl=warn msg="HOTSTUFF RECOVERY resend NewView"      number=74 viewID=0xf3ae1fc78a612e46a67a7ad7dcf99af330ca59a8db9bd12b930bb21eed6cea67 to=127.0.0.1:50635
        t=2026-09-22T13:01:40+0200 lvl=info msg="HOTSTUFF PROPOSAL MANIFEST stored"     from=127.0.0.1:50635 number=74 proposalID=0x0099e83e6cb895d7cf0c244d311dce96a20a98567e3a1968c81307f0b8ff0eac manifestBytes=1219 missing=0 bodyBytes=1653
        t=2026-09-22T13:01:40+0200 lvl=info msg="HOTSTUFF PROPOSAL MANIFEST stored"     from=127.0.0.1:40959 number=75 proposalID=0x931026544b4738ed20db1ef02c4a14ab741758d2f5d02fdb545b4ccaee34e341 manifestBytes=830  missing=0 bodyBytes=830
        t=2026-09-22T13:01:46+0200 lvl=warn msg="HOTSTUFF RECOVERY resend NewView"      number=76 viewID=0x72f931a560343b264d4b848308e6537b4232891a05aada4c378b62007729fd76 to=127.0.0.1:43659
        t=2026-09-22T13:01:50+0200 lvl=info msg="HOTSTUFF PROPOSAL MANIFEST stored"     from=127.0.0.1:43659 number=76 proposalID=0x601039c8f1019b552ae74e8d083b730378cb34efc778147268a05aa41b178b1a manifestBytes=1219 missing=0 bodyBytes=1653
        t=2026-09-22T13:01:51+0200 lvl=info msg="HOTSTUFF PROPOSAL REF"                 number=77 viewID=0xb77ff5f8c0f96328b149415e3a2e561a4124751d79b63355e2ff70e2be929baf proposalID=0x4ae23d84ad652926d6ae0aa9e98911d6bc7a675c8d7da3bebf88828290bae8f9 blockHash=0xef9e46e8d13288bf9d8f9b5fa8239e4a622ed695959593ba95364af008eb146c bodyHash=0x7ce37c1948fd334adc237b78075c7951c84206a5697de10e3f6270fb47620340 bodySize=830  refBytes=439
        t=2026-09-22T13:01:51+0200 lvl=warn msg="Send msg try again"                    address=[::]:35266      Couldn't send to=127.0.0.1:46150 error="Operation Canceled"
        t=2026-09-22T13:01:51+0200 lvl=eror msg=CloseConnect                            =[::]:35266 having error closing conn to=127.0.0.1:52017 error="Connection Closed"
        t=2026-09-22T13:01:51+0200 lvl=warn msg="Send msg try again"                    address=[::]:35266      Couldn't send to=127.0.0.1:40959 error="Operation Canceled"
        t=2026-09-22T13:01:51+0200 lvl=warn msg="Send msg try again"                    address=[::]:35266      Couldn't send to=127.0.0.1:43659 error="Operation Canceled"
        t=2026-09-22T13:01:51+0200 lvl=eror msg=CloseConnect                            =[::]:35266 having error closing conn to=127.0.0.1:40959 error="Connection Closed"
        t=2026-09-22T13:01:51+0200 lvl=warn msg="Send msg try again"                    address=[::]:35266      Couldn't send to=127.0.0.1:50635 error="Operation Canceled"
        t=2026-09-22T13:01:51+0200 lvl=eror msg=CloseConnect                            =[::]:35266 having error closing conn to=127.0.0.1:43659 error="Connection Closed"
        t=2026-09-22T13:01:51+0200 lvl=warn msg="Send msg try again"                    address=[::]:35266      Couldn't send to=127.0.0.1:60003 error="Operation Canceled"
        t=2026-09-22T13:01:51+0200 lvl=eror msg=CloseConnect                            =[::]:35266 having error closing conn to=127.0.0.1:48303 error="Connection Closed"
        t=2026-09-22T13:01:51+0200 lvl=warn msg="Send msg try again"                    address=[::]:35266      Couldn't send to=127.0.0.1:60003 error="Operation Canceled"
        t=2026-09-22T13:01:51+0200 lvl=eror msg=CloseConnect                            =[::]:35266 having error closing conn to=127.0.0.1:53837 error="Connection Closed"
        t=2026-09-22T13:01:51+0200 lvl=warn msg="HandleConn drops connection: closed"   address=127.0.0.1:35266 remot=127.0.0.1:60003
        t=2026-09-22T13:01:56+0200 lvl=warn msg="HOTSTUFF RECOVERY resend NewView"      number=78 viewID=0x8b37c373307a18ae3019dc7159001d52783717af65d19cc487e591679469b2cf to=127.0.0.1:35266
        t=2026-09-22T13:02:02+0200 lvl=warn msg="HOTSTUFF RECOVERY resend NewView"      number=78 viewID=0x8b37c373307a18ae3019dc7159001d52783717af65d19cc487e591679469b2cf to=127.0.0.1:35266
        t=2026-09-22T13:02:03+0200 lvl=info msg="HOTSTUFF PROPOSAL REF"                 number=78 viewID=0x8b37c373307a18ae3019dc7159001d52783717af65d19cc487e591679469b2cf proposalID=0x82e50a849f05f352ad180658af216392d5175d4cc2ef816496ba1e3dabd5ce8a blockHash=0xdbda81cecd380e61f6cc9597584a63eb861e1edccfd062d190e0e9d0d2ce6e9e bodyHash=0x303fe29070dabc35af7fcb47d95474e7ac3c3211e0df460dbf79141baa9f0701 bodySize=1653 refBytes=442
        t=2026-09-22T13:02:04+0200 lvl=warn msg="HandleConn drops connection: closed"   address=127.0.0.1:35266 remot=127.0.0.1:46150
        t=2026-09-22T13:02:04+0200 lvl=info msg="HOTSTUFF PROPOSAL MANIFEST stored"     from=127.0.0.1:46150 number=79 proposalID=0xb142d6cb692cd726f2038f4412fcab301163f6de4066cfc78e2f292c1cf29dea manifestBytes=830  missing=0 bodyBytes=830
        t=2026-09-22T13:02:04+0200 lvl=info msg="HOTSTUFF PROPOSAL MANIFEST stored"     from=127.0.0.1:50635 number=80 proposalID=0x511e0cce1284ba46e443e98c3ba08e4c2371308910b0020bf657271176cb2d7e manifestBytes=1219 missing=0 bodyBytes=1653
        t=2026-09-22T13:02:05+0200 lvl=info msg="HOTSTUFF PROPOSAL MANIFEST stored"     from=127.0.0.1:60003 number=81 proposalID=0x6c07d38bb0840443c511ef8d59b14192e7b372bc842fa9b7fcb1b48f03f66ad6 manifestBytes=830  missing=0 bodyBytes=830
        t=2026-09-22T13:02:10+0200 lvl=warn msg="HOTSTUFF RECOVERY resend NewView"      number=82 viewID=0x2bab6fb1f50a848b600b286dff80127d5a4198ccdc116165c81b5ee1db713023 to=127.0.0.1:46150
        t=2026-09-22T13:02:14+0200 lvl=info msg="HOTSTUFF PROPOSAL MANIFEST stored"     from=127.0.0.1:46150 number=82 proposalID=0xcf2ef0630ff44978612f3769b4d56f4ee002a16f9c6fafbd79351de8d4c37bdb manifestBytes=1219 missing=0 bodyBytes=1653
        t=2026-09-22T13:02:14+0200 lvl=info msg="HOTSTUFF PROPOSAL MANIFEST stored"     from=127.0.0.1:60003 number=83 proposalID=0xa001b60be55a77143cf028543a28faf7685684464d0d8a63935d21f979fa4bb6 manifestBytes=830  missing=0 bodyBytes=830
        t=2026-09-22T13:02:15+0200 lvl=warn msg="HandleConn drops connection: closed"   address=127.0.0.1:35266 remot=127.0.0.1:60003
        t=2026-09-22T13:02:15+0200 lvl=eror msg="OnPropose wait proposal body"          number=84 proposalID=0xea5bc9aee58d7758f7bdcdd06ca583fea90f55a01b61f3d24bb38c1d1bf2504a err="hotstuff view state too old"
        t=2026-09-22T13:02:15+0200 lvl=info msg="HOTSTUFF PROPOSAL REPAIR REQUEST"      to=127.0.0.1:60003 number=84 proposalID=0xea5bc9aee58d7758f7bdcdd06ca583fea90f55a01b61f3d24bb38c1d1bf2504a missing=0 attempt=0
        t=2026-09-22T13:02:15+0200 lvl=warn msg="HOTSTUFF PROPOSAL MANIFEST authority rejected" from=127.0.0.1:40959 leader=127.0.0.1:40959 number=85 proposalID=0x8ae921e70cb6bc738b667f77a924f935e0085b39ec538c8b5f6b6f6371cbf34e err="proposal manifest does not match the current deterministic leader route: manifest key committee is already canonical but is not the current route"
        t=2026-09-22T13:02:15+0200 lvl=info msg="HOTSTUFF PROPOSAL MANIFEST stored"     from=127.0.0.1:60003 number=84 proposalID=0xea5bc9aee58d7758f7bdcdd06ca583fea90f55a01b61f3d24bb38c1d1bf2504a manifestBytes=1219 missing=0 bodyBytes=1653
        t=2026-09-22T13:02:15+0200 lvl=eror msg="OnPropose wait proposal body"          number=85 proposalID=0x8ae921e70cb6bc738b667f77a924f935e0085b39ec538c8b5f6b6f6371cbf34e err="hotstuff view state too old"
        t=2026-09-22T13:02:16+0200 lvl=info msg="HOTSTUFF PROPOSAL REPAIR REQUEST"      to=127.0.0.1:40959 number=85 proposalID=0x8ae921e70cb6bc738b667f77a924f935e0085b39ec538c8b5f6b6f6371cbf34e missing=0 attempt=0
        t=2026-09-22T13:02:16+0200 lvl=info msg="HOTSTUFF PROPOSAL MANIFEST stored"     from=127.0.0.1:40959 number=85 proposalID=0x8ae921e70cb6bc738b667f77a924f935e0085b39ec538c8b5f6b6f6371cbf34e manifestBytes=830  missing=0 bodyBytes=830
        t=2026-09-22T13:02:21+0200 lvl=warn msg="HOTSTUFF RECOVERY resend NewView"      number=86 viewID=0x7d60a31f27826cf745b5a2cb8fe2bdca96a714d50481154b5a85677bcd021d21 to=127.0.0.1:40959
        t=2026-09-22T13:02:21+0200 lvl=info msg="HOTSTUFF PROPOSAL MANIFEST stored"     from=127.0.0.1:40959 number=86 proposalID=0xb6fb70a3ab9602c3aa8edd2316625af154586fa7630218d6f899b29fd215d583 manifestBytes=1219 missing=1 bodyBytes=1653
        t=2026-09-22T13:02:21+0200 lvl=eror msg="OnPropose wait proposal body"          number=86 proposalID=0xb6fb70a3ab9602c3aa8edd2316625af154586fa7630218d6f899b29fd215d583 err="hotstuff view state too old"
        t=2026-09-22T13:02:22+0200 lvl=warn msg="HOTSTUFF PROPOSAL MANIFEST authority rejected" from=127.0.0.1:41794 leader=127.0.0.1:41794 number=87 proposalID=0x730a1e52adb5cd7cfd3743b50bed3f906f5802a12fa4526e3b35e50f564ac474 err="proposal manifest does not match the current deterministic leader route: manifest key committee is already canonical but is not the current route"
        t=2026-09-22T13:02:22+0200 lvl=eror msg="OnPropose wait proposal body"          number=87 proposalID=0x730a1e52adb5cd7cfd3743b50bed3f906f5802a12fa4526e3b35e50f564ac474 err="hotstuff view state too old"
        t=2026-09-22T13:02:22+0200 lvl=info msg="HOTSTUFF PROPOSAL REPAIR REQUEST"      to=127.0.0.1:41794 number=87 proposalID=0x730a1e52adb5cd7cfd3743b50bed3f906f5802a12fa4526e3b35e50f564ac474 missing=0 attempt=0
        t=2026-09-22T13:02:22+0200 lvl=info msg="HOTSTUFF PROPOSAL MANIFEST stored"     from=127.0.0.1:41794 number=87 proposalID=0x730a1e52adb5cd7cfd3743b50bed3f906f5802a12fa4526e3b35e50f564ac474 manifestBytes=830  missing=0 bodyBytes=830
        t=2026-09-22T13:02:22+0200 lvl=info msg="HOTSTUFF PROPOSAL MANIFEST stored"     from=127.0.0.1:40959 number=88 proposalID=0x54ac3cf01555928a67757f422e88a32c7983c816167dea3ee383a4dbebd97351 manifestBytes=1219 missing=0 bodyBytes=1653
        t=2026-09-22T13:02:23+0200 lvl=info msg="HOTSTUFF PROPOSAL MANIFEST stored"     from=127.0.0.1:50635 number=89 proposalID=0xf2a928fc647c10be8f178b8f644c6ac21b159d84dff74848598d811ef0e1fe6d manifestBytes=830  missing=0 bodyBytes=830
        t=2026-09-22T13:02:26+0200 lvl=info msg="HOTSTUFF PROPOSAL MANIFEST stored"     from=127.0.0.1:50635 number=90 proposalID=0x486d10ef0830b6914551db1d12b3aaaf0cee53a6b29c7e839db3dba8ef0de848 manifestBytes=1220 missing=0 bodyBytes=3350
        t=2026-09-22T13:02:27+0200 lvl=info msg="HOTSTUFF PROPOSAL MANIFEST stored"     from=127.0.0.1:43659 number=91 proposalID=0xcc13774a2b132b822aa7db9e142f319d5fd3aa2012b413071f63ae848778eb24 manifestBytes=830  missing=0 bodyBytes=830
        t=2026-09-22T13:02:27+0200 lvl=warn msg="HandleConn drops connection: closed"   address=127.0.0.1:35266 remot=127.0.0.1:43659
        t=2026-09-22T13:02:27+0200 lvl=info msg="HOTSTUFF PROPOSAL MANIFEST stored"     from=127.0.0.1:43659 number=92 proposalID=0xde8368b94a0ba1ee3a0b6c53cdcf77a44b8f0ffd12090dfea8d076e1fab6f46b manifestBytes=1220 missing=0 bodyBytes=3350
        t=2026-09-22T13:02:28+0200 lvl=info msg="HOTSTUFF PROPOSAL MANIFEST stored"     from=127.0.0.1:43659 number=93 proposalID=0x6756be72aeae9aa3321dff52a78d2137af0b0317f8882a4bd8bed54503ed4557 manifestBytes=830  missing=0 bodyBytes=830
        t=2026-09-22T13:02:33+0200 lvl=warn msg="HOTSTUFF RECOVERY resend NewView"      number=94 viewID=0xc1728b3d2e6885dbe7b7dc7cef5e6c862288b3ee455b79f3b86f0199c03b8a4b to=127.0.0.1:46150
        t=2026-09-22T13:02:38+0200 lvl=warn msg="HOTSTUFF RECOVERY resend NewView"      number=94 viewID=0xc1728b3d2e6885dbe7b7dc7cef5e6c862288b3ee455b79f3b86f0199c03b8a4b to=127.0.0.1:46150
        t=2026-09-22T13:02:43+0200 lvl=warn msg="HOTSTUFF RECOVERY resend NewView"      number=94 viewID=0xc1728b3d2e6885dbe7b7dc7cef5e6c862288b3ee455b79f3b86f0199c03b8a4b to=127.0.0.1:46150
        t=2026-09-22T13:02:48+0200 lvl=warn msg="HOTSTUFF RECOVERY resend NewView"      number=94 viewID=0xc1728b3d2e6885dbe7b7dc7cef5e6c862288b3ee455b79f3b86f0199c03b8a4b to=127.0.0.1:46150
        t=2026-09-22T13:02:53+0200 lvl=warn msg="HOTSTUFF RECOVERY resend NewView"      number=94 viewID=0xc1728b3d2e6885dbe7b7dc7cef5e6c862288b3ee455b79f3b86f0199c03b8a4b to=127.0.0.1:46150
        t=2026-09-22T13:02:58+0200 lvl=warn msg="HOTSTUFF RECOVERY resend NewView"      number=94 viewID=0xc1728b3d2e6885dbe7b7dc7cef5e6c862288b3ee455b79f3b86f0199c03b8a4b to=127.0.0.1:46150
        t=2026-09-22T13:03:03+0200 lvl=warn msg="HOTSTUFF RECOVERY resend NewView"      number=94 viewID=0xc1728b3d2e6885dbe7b7dc7cef5e6c862288b3ee455b79f3b86f0199c03b8a4b to=127.0.0.1:46150
    fhs_process_recovery_test.go:227: validator 1046172 complete log: /tmp/fhs-process-failure-4203304093.log
    fhs_process_recovery_test.go:232: validator 1046172 log tail:
        14+0200 lvl=warn msg=GetBlockByNumer                         number=59
        t=2026-09-22T13:01:15+0200 lvl=warn msg=GetBlockByNumer                         number=1
        t=2026-09-22T13:01:15+0200 lvl=warn msg=GetBlockByNumer                         number=60
        t=2026-09-22T13:01:15+0200 lvl=warn msg=GetBlockByNumer                         number=1
        t=2026-09-22T13:01:15+0200 lvl=warn msg=GetBlockByNumer                         number=60
        t=2026-09-22T13:01:15+0200 lvl=warn msg=GetBlockByNumer                         number=1
        t=2026-09-22T13:01:15+0200 lvl=warn msg=GetBlockByNumer                         number=1
        t=2026-09-22T13:01:15+0200 lvl=warn msg=GetBlockByNumer                         number=60
        t=2026-09-22T13:01:15+0200 lvl=warn msg=GetBlockByNumer                         number=1
        t=2026-09-22T13:01:15+0200 lvl=warn msg=GetBlockByNumer                         number=1
        t=2026-09-22T13:01:15+0200 lvl=warn msg=GetBlockByNumer                         number=60
        t=2026-09-22T13:01:16+0200 lvl=warn msg=GetBlockByNumer                         number=1
        t=2026-09-22T13:01:16+0200 lvl=warn msg=GetBlockByNumer                         number=1
        t=2026-09-22T13:01:16+0200 lvl=warn msg=GetBlockByNumer                         number=60
        t=2026-09-22T13:01:16+0200 lvl=warn msg=GetBlockByNumer                         number=1
        t=2026-09-22T13:01:16+0200 lvl=warn msg=GetBlockByNumer                         number=1
        t=2026-09-22T13:01:16+0200 lvl=warn msg=GetBlockByNumer                         number=60
        t=2026-09-22T13:01:16+0200 lvl=warn msg=GetBlockByNumer                         number=1
        t=2026-09-22T13:01:16+0200 lvl=warn msg=GetBlockByNumer                         number=1
        t=2026-09-22T13:01:16+0200 lvl=warn msg=GetBlockByNumer                         number=60
        t=2026-09-22T13:01:17+0200 lvl=warn msg=GetBlockByNumer                         number=1
        t=2026-09-22T13:01:17+0200 lvl=warn msg=GetBlockByNumer                         number=1
        t=2026-09-22T13:01:17+0200 lvl=warn msg=GetBlockByNumer                         number=60
        t=2026-09-22T13:01:17+0200 lvl=warn msg=GetBlockByNumer                         number=1
        t=2026-09-22T13:01:17+0200 lvl=warn msg=GetBlockByNumer                         number=1
        t=2026-09-22T13:01:17+0200 lvl=warn msg=GetBlockByNumer                         number=60
        t=2026-09-22T13:01:17+0200 lvl=warn msg=GetBlockByNumer                         number=1
        t=2026-09-22T13:01:17+0200 lvl=warn msg=GetBlockByNumer                         number=1
        t=2026-09-22T13:01:17+0200 lvl=warn msg=GetBlockByNumer                         number=60
        t=2026-09-22T13:01:18+0200 lvl=info msg="HOTSTUFF PROPOSAL MANIFEST stored"     from=127.0.0.1:43659 number=62 proposalID=0x28b3cd36d4759008fe439d35ab735fada14dbf555b05ab9f7b97593cde68dca5 manifestBytes=1220 missing=1 bodyBytes=3350
        t=2026-09-22T13:01:18+0200 lvl=eror msg="OnPropose wait proposal body"          number=62 proposalID=0x28b3cd36d4759008fe439d35ab735fada14dbf555b05ab9f7b97593cde68dca5 err="hotstuff view state too old"
        t=2026-09-22T13:01:18+0200 lvl=warn msg=GetBlockByNumer                         number=1
        t=2026-09-22T13:01:18+0200 lvl=warn msg=GetBlockByNumer                         number=1
        t=2026-09-22T13:01:18+0200 lvl=warn msg=GetBlockByNumer                         number=60
        t=2026-09-22T13:01:18+0200 lvl=warn msg="HOTSTUFF PROPOSAL MANIFEST authority rejected" from=127.0.0.1:46150 leader=127.0.0.1:46150 number=63 proposalID=0x926d258f108bfd846b1d8c2bddc4a10fbd4834c186975211706fdec591caf9d6 err="proposal manifest does not match the current deterministic leader route: manifest key committee is already canonical but is not the current route"
        t=2026-09-22T13:01:18+0200 lvl=eror msg="OnPropose wait proposal body"          number=63 proposalID=0x926d258f108bfd846b1d8c2bddc4a10fbd4834c186975211706fdec591caf9d6 err="hotstuff view state too old"
        t=2026-09-22T13:01:18+0200 lvl=warn msg=GetBlockByNumer                         number=1
        t=2026-09-22T13:01:18+0200 lvl=warn msg=GetBlockByNumer                         number=61
        t=2026-09-22T13:01:18+0200 lvl=warn msg=GetBlockByNumer                         number=1
        t=2026-09-22T13:01:18+0200 lvl=warn msg=GetBlockByNumer                         number=61
        t=2026-09-22T13:01:18+0200 lvl=warn msg="HOTSTUFF PROPOSAL MANIFEST authority rejected" from=127.0.0.1:43659 leader=127.0.0.1:43659 number=64 proposalID=0xad28f97ce9037531b6aad4bfedda03a68bfff73158829585bc2ff1b6ed45e602 err="proposal manifest does not match the current deterministic leader route: manifest key committee is already canonical but is not the current route"
        t=2026-09-22T13:01:18+0200 lvl=info msg="HOTSTUFF PROPOSAL REPAIR REQUEST"      to=127.0.0.1:46150 number=63 proposalID=0x926d258f108bfd846b1d8c2bddc4a10fbd4834c186975211706fdec591caf9d6 missing=0 attempt=0
        t=2026-09-22T13:01:18+0200 lvl=info msg="HOTSTUFF PROPOSAL MANIFEST stored"     from=127.0.0.1:46150 number=63 proposalID=0x926d258f108bfd846b1d8c2bddc4a10fbd4834c186975211706fdec591caf9d6 manifestBytes=830  missing=0 bodyBytes=830
        t=2026-09-22T13:01:19+0200 lvl=warn msg="HandleConn drops connection: closed"   address=127.0.0.1:41794 remot=127.0.0.1:46150
        t=2026-09-22T13:01:19+0200 lvl=warn msg=GetBlockByNumer                         number=1
        t=2026-09-22T13:01:19+0200 lvl=info msg="HOTSTUFF PROPOSAL MANIFEST stored"     from=127.0.0.1:46150 number=63 proposalID=0x926d258f108bfd846b1d8c2bddc4a10fbd4834c186975211706fdec591caf9d6 manifestBytes=830  missing=0 bodyBytes=830
        t=2026-09-22T13:01:19+0200 lvl=warn msg=GetBlockByNumer                         number=1
        t=2026-09-22T13:01:19+0200 lvl=warn msg=GetBlockByNumer                         number=61
        t=2026-09-22T13:01:19+0200 lvl=eror msg="OnPropose wait proposal body"          number=64 proposalID=0xad28f97ce9037531b6aad4bfedda03a68bfff73158829585bc2ff1b6ed45e602 err="hotstuff view state too old"
        t=2026-09-22T13:01:19+0200 lvl=info msg="HOTSTUFF PROPOSAL REPAIR REQUEST"      to=127.0.0.1:43659 number=64 proposalID=0xad28f97ce9037531b6aad4bfedda03a68bfff73158829585bc2ff1b6ed45e602 missing=0 attempt=0
        t=2026-09-22T13:01:19+0200 lvl=warn msg="HOTSTUFF PROPOSAL MANIFEST authority rejected" from=127.0.0.1:46150 leader=127.0.0.1:46150 number=65 proposalID=0xc250a378e43f9a95f538366df1710dbfa2bafb88965eeb068cbbfd4e71a2c0bd err="proposal manifest does not match the current deterministic leader route: manifest key committee is already canonical but is not the current route"
        t=2026-09-22T13:01:19+0200 lvl=info msg="HOTSTUFF PROPOSAL MANIFEST stored"     from=127.0.0.1:43659 number=64 proposalID=0xad28f97ce9037531b6aad4bfedda03a68bfff73158829585bc2ff1b6ed45e602 manifestBytes=1220 missing=0 bodyBytes=3350
        t=2026-09-22T13:01:19+0200 lvl=warn msg=GetBlockByNumer                         number=1
        t=2026-09-22T13:01:19+0200 lvl=warn msg=GetBlockByNumer                         number=62
        t=2026-09-22T13:01:19+0200 lvl=warn msg=GetBlockByNumer                         number=1
        t=2026-09-22T13:01:19+0200 lvl=warn msg=GetBlockByNumer                         number=62
        t=2026-09-22T13:01:19+0200 lvl=warn msg=GetBlockByNumer                         number=62
        t=2026-09-22T13:01:19+0200 lvl=warn msg=GetBlockByNumer                         number=1
        t=2026-09-22T13:01:19+0200 lvl=warn msg=GetBlockByNumer                         number=62
        t=2026-09-22T13:01:19+0200 lvl=eror msg="OnPropose wait proposal body"          number=65 proposalID=0xc250a378e43f9a95f538366df1710dbfa2bafb88965eeb068cbbfd4e71a2c0bd err="hotstuff view state too old"
        t=2026-09-22T13:01:19+0200 lvl=warn msg=GetBlockByNumer                         number=62
        t=2026-09-22T13:01:19+0200 lvl=warn msg=GetBlockByNumer                         number=62
        t=2026-09-22T13:01:19+0200 lvl=warn msg=GetBlockByNumer                         number=62
        t=2026-09-22T13:01:19+0200 lvl=warn msg=GetBlockByNumer                         number=62
        t=2026-09-22T13:01:19+0200 lvl=warn msg=GetBlockByNumer                         number=62
        t=2026-09-22T13:01:19+0200 lvl=warn msg=GetBlockByNumer                         number=62
        t=2026-09-22T13:01:19+0200 lvl=warn msg=GetBlockByNumer                         number=62
        t=2026-09-22T13:01:19+0200 lvl=warn msg=GetBlockByNumer                         number=62
        t=2026-09-22T13:01:19+0200 lvl=warn msg=GetBlockByNumer                         number=62
        t=2026-09-22T13:01:19+0200 lvl=warn msg=GetBlockByNumer                         number=1
        t=2026-09-22T13:01:19+0200 lvl=warn msg=GetBlockByNumer                         number=62
        t=2026-09-22T13:01:19+0200 lvl=info msg="HOTSTUFF PROPOSAL REPAIR REQUEST"      to=127.0.0.1:46150 number=65 proposalID=0xc250a378e43f9a95f538366df1710dbfa2bafb88965eeb068cbbfd4e71a2c0bd missing=0 attempt=0
        t=2026-09-22T13:01:19+0200 lvl=info msg="HOTSTUFF PROPOSAL MANIFEST stored"     from=127.0.0.1:46150 number=65 proposalID=0xc250a378e43f9a95f538366df1710dbfa2bafb88965eeb068cbbfd4e71a2c0bd manifestBytes=830  missing=0 bodyBytes=830
        t=2026-09-22T13:01:21+0200 lvl=info msg="HOTSTUFF PROPOSAL MANIFEST stored"     from=127.0.0.1:35266 number=66 proposalID=0x68328e14c0d0d7e9ac0f5cb5d75f0a16b9998a6873f38709b5e8eca9b2f1a72e manifestBytes=1219 missing=0 bodyBytes=1653
        t=2026-09-22T13:01:21+0200 lvl=warn msg="reject new-view before storage"        from=127.0.0.1:35266 viewID=0x3a1a7b7b9316ce40a8a1060fc585498f3c0c3ec251f6eacd3bafdf4f060c895c err="hotstuff proposal validation pending"
        t=2026-09-22T13:01:22+0200 lvl=info msg="HOTSTUFF PROPOSAL REF"                 number=67 viewID=0x3a1a7b7b9316ce40a8a1060fc585498f3c0c3ec251f6eacd3bafdf4f060c895c proposalID=0xeeb67cdfbb7fcd9cfebcd775c7f777834df1da215fc85320b21457321b9a7709 blockHash=0x655d9cea60ea3277037532e35385c5e0283e36bf2ae9a70e114f4f7015f2b663 bodyHash=0x5bdc9c93db9eca069033054f961f6312152be0c6be758abd970b59db95692cab bodySize=830   refBytes=439
        t=2026-09-22T13:01:22+0200 lvl=warn msg="Send msg try again"                    address=[::]:41794      Couldn't send to=127.0.0.1:46150 error="Operation Canceled"
        t=2026-09-22T13:01:22+0200 lvl=eror msg=CloseConnect                            =[::]:41794 having error closing conn to=127.0.0.1:45967 error="Connection Closed"
        t=2026-09-22T13:01:22+0200 lvl=warn msg="Send msg try again"                    address=[::]:41794      Couldn't send to=127.0.0.1:40959 error="Operation Canceled"
        t=2026-09-22T13:01:22+0200 lvl=eror msg=CloseConnect                            =[::]:41794 having error closing conn to=127.0.0.1:40959 error="Connection Closed"
        t=2026-09-22T13:01:22+0200 lvl=info msg="HOTSTUFF PROPOSAL MANIFEST stored"     from=127.0.0.1:40959 number=68 proposalID=0x91035bc4d697a06a4ff1dee0351df131a57dbca4fc577f4e15acb89c4c01ddc8 manifestBytes=1219 missing=0 bodyBytes=1653
        t=2026-09-22T13:01:23+0200 lvl=info msg="HOTSTUFF PROPOSAL MANIFEST stored"     from=127.0.0.1:46150 number=69 proposalID=0x7dc01755cc7a85ed47c5f4c65b576104a5fe4d6569259bab339b21373bd32757 manifestBytes=830  missing=0 bodyBytes=830
        t=2026-09-22T13:01:23+0200 lvl=warn msg="HandleConn drops connection: closed"   address=127.0.0.1:41794 remot=127.0.0.1:46150
        t=2026-09-22T13:01:26+0200 lvl=warn msg=GetBlockByNumer                         number=1
        t=2026-09-22T13:01:26+0200 lvl=warn msg=GetBlockByNumer                         number=63
        t=2026-09-22T13:01:26+0200 lvl=warn msg=GetBlockByNumer                         number=64
        t=2026-09-22T13:01:26+0200 lvl=warn msg=GetBlockByNumer                         number=65
        t=2026-09-22T13:01:26+0200 lvl=warn msg=GetBlockByNumer                         number=66
        t=2026-09-22T13:01:26+0200 lvl=warn msg=GetBlockByNumer                         number=67
        t=2026-09-22T13:01:26+0200 lvl=warn msg=GetBlockByNumer                         number=68
        t=2026-09-22T13:01:26+0200 lvl=warn msg=GetBlockByNumer                         number=1
        t=2026-09-22T13:01:26+0200 lvl=warn msg=GetBlockByNumer                         number=68
        t=2026-09-22T13:01:26+0200 lvl=warn msg=GetBlockByNumer                         number=1
        t=2026-09-22T13:01:26+0200 lvl=warn msg=GetBlockByNumer                         number=1
        t=2026-09-22T13:01:26+0200 lvl=warn msg=GetBlockByNumer                         number=68
        t=2026-09-22T13:01:26+0200 lvl=warn msg=GetBlockByNumer                         number=68
        t=2026-09-22T13:01:27+0200 lvl=info msg="HOTSTUFF PROPOSAL MANIFEST stored"     from=127.0.0.1:46150 number=70 proposalID=0x89e6bcbb378b3cefeddb4b899b8129005e06959cb9b32d3dd59dcf2b9eca101e manifestBytes=1219 missing=0 bodyBytes=1314
        t=2026-09-22T13:01:27+0200 lvl=info msg="HOTSTUFF PROPOSAL MANIFEST stored"     from=127.0.0.1:43659 number=71 proposalID=0x1995b4502873e820b4b4d5782571d469bacde47dee79b3e53ddafd2b2cadab1c manifestBytes=830  missing=0 bodyBytes=830
        t=2026-09-22T13:01:27+0200 lvl=warn msg="reject new-view before storage"        from=127.0.0.1:43659 viewID=0x560438b3f3019bb5c164d0ebff33f757f0425ba051e6453e91da428e6d9271fe err="hotstuff proposal validation pending"
        t=2026-09-22T13:01:27+0200 lvl=warn msg="reject new-view before storage"        from=127.0.0.1:40959 viewID=0x560438b3f3019bb5c164d0ebff33f757f0425ba051e6453e91da428e6d9271fe err="hotstuff proposal validation pending"
        t=2026-09-22T13:01:27+0200 lvl=warn msg=GetBlockByNumer                         number=1
        t=2026-09-22T13:01:28+0200 lvl=warn msg=GetBlockByNumer                         number=1
        t=2026-09-22T13:01:28+0200 lvl=warn msg=GetBlockByNumer                         number=1
        t=2026-09-22T13:01:28+0200 lvl=warn msg=GetBlockByNumer                         number=1
        t=2026-09-22T13:01:28+0200 lvl=warn msg=GetBlockByNumer                         number=69
        t=2026-09-22T13:01:28+0200 lvl=warn msg=GetBlockByNumer                         number=70
        t=2026-09-22T13:01:28+0200 lvl=warn msg=GetBlockByNumer                         number=70
        t=2026-09-22T13:01:28+0200 lvl=info msg="HOTSTUFF PROPOSAL REF"                 number=72 viewID=0x560438b3f3019bb5c164d0ebff33f757f0425ba051e6453e91da428e6d9271fe proposalID=0x563c502aecff2d84637907386fb022ee302eee1bf980820890fa4c010291c866 blockHash=0x85874884f72e83f721ab5644f3a1dbf80a156fc25f59f569bd6b975e741f80df bodyHash=0x108e3660e258c47c3711a16f356eca1269357aff80c48caae206460e89e26509 bodySize=1314  refBytes=442
        t=2026-09-22T13:01:28+0200 lvl=warn msg="Send msg try again"                    address=[::]:41794      Couldn't send to=127.0.0.1:40959 error="Operation Canceled"
        t=2026-09-22T13:01:28+0200 lvl=eror msg=CloseConnect                            =[::]:41794 having error closing conn to=127.0.0.1:40959 error="Connection Closed"
        t=2026-09-22T13:01:28+0200 lvl=info msg="HOTSTUFF PROPOSAL REF"                 number=73 viewID=0x4da3dcf7db0c6f8a6c3b030f5fd68a58f230114c2a3263697f0e2a5cc04a2cf8 proposalID=0xe6eda97d1471a2c0b2e7e1aad24a20f0553947a8e567fbd5fecddc52c67f1528 blockHash=0xd866a2d8e17eb78afa08a4912bcae18aee47d07d934cdd502b65ce4bc78d9fa1 bodyHash=0x8720ebbb7a5bed8f96cc6b35117bb1e3ac7c67a3e23780c7e849d77e0e33227d bodySize=830   refBytes=439
        t=2026-09-22T13:01:29+0200 lvl=warn msg=GetBlockByNumer                         number=1
        t=2026-09-22T13:01:29+0200 lvl=warn msg=GetBlockByNumer                         number=1
        t=2026-09-22T13:01:29+0200 lvl=warn msg=GetBlockByNumer                         number=71
        t=2026-09-22T13:01:29+0200 lvl=warn msg=GetBlockByNumer                         number=72
        t=2026-09-22T13:01:29+0200 lvl=warn msg=GetBlockByNumer                         number=72
        t=2026-09-22T13:01:34+0200 lvl=warn msg="HOTSTUFF RECOVERY resend NewView"      number=74 viewID=0xf3ae1fc78a612e46a67a7ad7dcf99af330ca59a8db9bd12b930bb21eed6cea67 to=127.0.0.1:50635
        t=2026-09-22T13:01:39+0200 lvl=warn msg="HOTSTUFF RECOVERY resend NewView"      number=74 viewID=0xf3ae1fc78a612e46a67a7ad7dcf99af330ca59a8db9bd12b930bb21eed6cea67 to=127.0.0.1:50635
        t=2026-09-22T13:01:40+0200 lvl=warn msg="HandleConn drops connection: closed"   address=127.0.0.1:41794 remot=127.0.0.1:50635
        t=2026-09-22T13:01:40+0200 lvl=info msg="HOTSTUFF PROPOSAL MANIFEST stored"     from=127.0.0.1:50635 number=74 proposalID=0x0099e83e6cb895d7cf0c244d311dce96a20a98567e3a1968c81307f0b8ff0eac manifestBytes=1219 missing=0 bodyBytes=1653
        t=2026-09-22T13:01:40+0200 lvl=info msg="HOTSTUFF PROPOSAL MANIFEST stored"     from=127.0.0.1:40959 number=75 proposalID=0x931026544b4738ed20db1ef02c4a14ab741758d2f5d02fdb545b4ccaee34e341 manifestBytes=830  missing=0 bodyBytes=830
        t=2026-09-22T13:01:46+0200 lvl=warn msg="HOTSTUFF RECOVERY resend NewView"      number=76 viewID=0x72f931a560343b264d4b848308e6537b4232891a05aada4c378b62007729fd76 to=127.0.0.1:43659
        t=2026-09-22T13:01:50+0200 lvl=info msg="HOTSTUFF PROPOSAL MANIFEST stored"     from=127.0.0.1:43659 number=76 proposalID=0x601039c8f1019b552ae74e8d083b730378cb34efc778147268a05aa41b178b1a manifestBytes=1219 missing=0 bodyBytes=1653
        t=2026-09-22T13:01:51+0200 lvl=info msg="HOTSTUFF PROPOSAL MANIFEST stored"     from=127.0.0.1:35266 number=77 proposalID=0x4ae23d84ad652926d6ae0aa9e98911d6bc7a675c8d7da3bebf88828290bae8f9 manifestBytes=830  missing=0 bodyBytes=830
        t=2026-09-22T13:01:57+0200 lvl=warn msg="HOTSTUFF RECOVERY resend NewView"      number=78 viewID=0x8b37c373307a18ae3019dc7159001d52783717af65d19cc487e591679469b2cf to=127.0.0.1:35266
        t=2026-09-22T13:02:02+0200 lvl=warn msg="HOTSTUFF RECOVERY resend NewView"      number=78 viewID=0x8b37c373307a18ae3019dc7159001d52783717af65d19cc487e591679469b2cf to=127.0.0.1:35266
        t=2026-09-22T13:02:03+0200 lvl=info msg="HOTSTUFF PROPOSAL MANIFEST stored"     from=127.0.0.1:35266 number=78 proposalID=0x82e50a849f05f352ad180658af216392d5175d4cc2ef816496ba1e3dabd5ce8a manifestBytes=1219 missing=0 bodyBytes=1653
        t=2026-09-22T13:02:04+0200 lvl=info msg="HOTSTUFF PROPOSAL MANIFEST stored"     from=127.0.0.1:46150 number=79 proposalID=0xb142d6cb692cd726f2038f4412fcab301163f6de4066cfc78e2f292c1cf29dea manifestBytes=830  missing=0 bodyBytes=830
        t=2026-09-22T13:02:04+0200 lvl=info msg="HOTSTUFF PROPOSAL MANIFEST stored"     from=127.0.0.1:50635 number=80 proposalID=0x511e0cce1284ba46e443e98c3ba08e4c2371308910b0020bf657271176cb2d7e manifestBytes=1219 missing=0 bodyBytes=1653
        t=2026-09-22T13:02:05+0200 lvl=info msg="HOTSTUFF PROPOSAL MANIFEST stored"     from=127.0.0.1:60003 number=81 proposalID=0x6c07d38bb0840443c511ef8d59b14192e7b372bc842fa9b7fcb1b48f03f66ad6 manifestBytes=830  missing=0 bodyBytes=830
        t=2026-09-22T13:02:05+0200 lvl=warn msg="HandleConn drops connection: closed"   address=127.0.0.1:41794 remot=127.0.0.1:60003
        t=2026-09-22T13:02:10+0200 lvl=warn msg="HOTSTUFF RECOVERY resend NewView"      number=82 viewID=0x2bab6fb1f50a848b600b286dff80127d5a4198ccdc116165c81b5ee1db713023 to=127.0.0.1:46150
        t=2026-09-22T13:02:14+0200 lvl=info msg="HOTSTUFF PROPOSAL MANIFEST stored"     from=127.0.0.1:46150 number=82 proposalID=0xcf2ef0630ff44978612f3769b4d56f4ee002a16f9c6fafbd79351de8d4c37bdb manifestBytes=1219 missing=0 bodyBytes=1653
        t=2026-09-22T13:02:14+0200 lvl=info msg="HOTSTUFF PROPOSAL MANIFEST stored"     from=127.0.0.1:60003 number=83 proposalID=0xa001b60be55a77143cf028543a28faf7685684464d0d8a63935d21f979fa4bb6 manifestBytes=830  missing=0 bodyBytes=830
        t=2026-09-22T13:02:15+0200 lvl=info msg="HOTSTUFF PROPOSAL MANIFEST stored"     from=127.0.0.1:60003 number=84 proposalID=0xea5bc9aee58d7758f7bdcdd06ca583fea90f55a01b61f3d24bb38c1d1bf2504a manifestBytes=1219 missing=0 bodyBytes=1653
        t=2026-09-22T13:02:15+0200 lvl=warn msg="HandleConn drops connection: closed"   address=127.0.0.1:41794 remot=127.0.0.1:40959
        t=2026-09-22T13:02:15+0200 lvl=info msg="HOTSTUFF PROPOSAL MANIFEST stored"     from=127.0.0.1:40959 number=85 proposalID=0x8ae921e70cb6bc738b667f77a924f935e0085b39ec538c8b5f6b6f6371cbf34e manifestBytes=830  missing=0 bodyBytes=830
        t=2026-09-22T13:02:20+0200 lvl=warn msg="HOTSTUFF RECOVERY resend NewView"      number=86 viewID=0x7d60a31f27826cf745b5a2cb8fe2bdca96a714d50481154b5a85677bcd021d21 to=127.0.0.1:40959
        t=2026-09-22T13:02:21+0200 lvl=info msg="HOTSTUFF PROPOSAL MANIFEST stored"     from=127.0.0.1:40959 number=86 proposalID=0xb6fb70a3ab9602c3aa8edd2316625af154586fa7630218d6f899b29fd215d583 manifestBytes=1219 missing=0 bodyBytes=1653
        t=2026-09-22T13:02:22+0200 lvl=info msg="HOTSTUFF PROPOSAL REF"                 number=87 viewID=0x8d37935c44c43c21193400ecea6716e047a7bf1f4c8af61bdc7d6d57d6a162c3 proposalID=0x730a1e52adb5cd7cfd3743b50bed3f906f5802a12fa4526e3b35e50f564ac474 blockHash=0x865e23acfa479d80c97f6b5d27649a0c492b31beebc4556fee428d12842e6659 bodyHash=0x0a641edb1536fab434a06fd7147d44fcc9217a87c65dab9129bfcd485686f134 bodySize=830   refBytes=439
        t=2026-09-22T13:02:22+0200 lvl=warn msg="reject new-view before storage"        from=127.0.0.1:35266 viewID=0x8d37935c44c43c21193400ecea6716e047a7bf1f4c8af61bdc7d6d57d6a162c3 err="hotstuff view state too old"
        t=2026-09-22T13:02:22+0200 lvl=info msg="HOTSTUFF PROPOSAL MANIFEST stored"     from=127.0.0.1:40959 number=88 proposalID=0x54ac3cf01555928a67757f422e88a32c7983c816167dea3ee383a4dbebd97351 manifestBytes=1219 missing=0 bodyBytes=1653
        t=2026-09-22T13:02:23+0200 lvl=info msg="HOTSTUFF PROPOSAL MANIFEST stored"     from=127.0.0.1:50635 number=89 proposalID=0xf2a928fc647c10be8f178b8f644c6ac21b159d84dff74848598d811ef0e1fe6d manifestBytes=830  missing=0 bodyBytes=830
        t=2026-09-22T13:02:26+0200 lvl=info msg="HOTSTUFF PROPOSAL MANIFEST stored"     from=127.0.0.1:50635 number=90 proposalID=0x486d10ef0830b6914551db1d12b3aaaf0cee53a6b29c7e839db3dba8ef0de848 manifestBytes=1220 missing=0 bodyBytes=3350
        t=2026-09-22T13:02:27+0200 lvl=info msg="HOTSTUFF PROPOSAL MANIFEST stored"     from=127.0.0.1:43659 number=91 proposalID=0xcc13774a2b132b822aa7db9e142f319d5fd3aa2012b413071f63ae848778eb24 manifestBytes=830  missing=0 bodyBytes=830
        t=2026-09-22T13:02:27+0200 lvl=warn msg="HandleConn drops connection: closed"   address=127.0.0.1:41794 remot=127.0.0.1:43659
        t=2026-09-22T13:02:27+0200 lvl=info msg="HOTSTUFF PROPOSAL MANIFEST stored"     from=127.0.0.1:43659 number=92 proposalID=0xde8368b94a0ba1ee3a0b6c53cdcf77a44b8f0ffd12090dfea8d076e1fab6f46b manifestBytes=1220 missing=0 bodyBytes=3350
        t=2026-09-22T13:02:28+0200 lvl=warn msg="HandleConn drops connection: closed"   address=127.0.0.1:41794 remot=127.0.0.1:43659
        t=2026-09-22T13:02:28+0200 lvl=eror msg="OnPropose wait proposal body"          number=93 proposalID=0x6756be72aeae9aa3321dff52a78d2137af0b0317f8882a4bd8bed54503ed4557 err="hotstuff view state too old"
        t=2026-09-22T13:02:28+0200 lvl=info msg="HOTSTUFF PROPOSAL REPAIR REQUEST"      to=127.0.0.1:43659 number=93 proposalID=0x6756be72aeae9aa3321dff52a78d2137af0b0317f8882a4bd8bed54503ed4557 missing=0 attempt=0
        t=2026-09-22T13:02:28+0200 lvl=info msg="HOTSTUFF PROPOSAL MANIFEST stored"     from=127.0.0.1:43659 number=93 proposalID=0x6756be72aeae9aa3321dff52a78d2137af0b0317f8882a4bd8bed54503ed4557 manifestBytes=830  missing=0 bodyBytes=830
        t=2026-09-22T13:02:33+0200 lvl=warn msg="HOTSTUFF RECOVERY resend NewView"      number=94 viewID=0xc1728b3d2e6885dbe7b7dc7cef5e6c862288b3ee455b79f3b86f0199c03b8a4b to=127.0.0.1:46150
        t=2026-09-22T13:02:38+0200 lvl=warn msg="HOTSTUFF RECOVERY resend NewView"      number=94 viewID=0xc1728b3d2e6885dbe7b7dc7cef5e6c862288b3ee455b79f3b86f0199c03b8a4b to=127.0.0.1:46150
        t=2026-09-22T13:02:43+0200 lvl=warn msg="HOTSTUFF RECOVERY resend NewView"      number=94 viewID=0xc1728b3d2e6885dbe7b7dc7cef5e6c862288b3ee455b79f3b86f0199c03b8a4b to=127.0.0.1:46150
        t=2026-09-22T13:02:48+0200 lvl=warn msg="HOTSTUFF RECOVERY resend NewView"      number=94 viewID=0xc1728b3d2e6885dbe7b7dc7cef5e6c862288b3ee455b79f3b86f0199c03b8a4b to=127.0.0.1:46150
        t=2026-09-22T13:02:53+0200 lvl=warn msg="HOTSTUFF RECOVERY resend NewView"      number=94 viewID=0xc1728b3d2e6885dbe7b7dc7cef5e6c862288b3ee455b79f3b86f0199c03b8a4b to=127.0.0.1:46150
        t=2026-09-22T13:02:58+0200 lvl=warn msg="HOTSTUFF RECOVERY resend NewView"      number=94 viewID=0xc1728b3d2e6885dbe7b7dc7cef5e6c862288b3ee455b79f3b86f0199c03b8a4b to=127.0.0.1:46150
        t=2026-09-22T13:03:03+0200 lvl=warn msg="HOTSTUFF RECOVERY resend NewView"      number=94 viewID=0xc1728b3d2e6885dbe7b7dc7cef5e6c862288b3ee455b79f3b86f0199c03b8a4b to=127.0.0.1:46150
    dex_financial_process_test.go:104: DEX child6 full log /tmp/dex-financial-failure-240843722.log
    dex_financial_process_test.go:109: DEX child6 log: 
    dex_financial_process_test.go:104: DEX child5 full log /tmp/dex-financial-failure-1809705625.log
    dex_financial_process_test.go:109: DEX child5 log: 
    dex_financial_process_test.go:104: DEX child4 full log /tmp/dex-financial-failure-2438280735.log
    dex_financial_process_test.go:109: DEX child4 log: 
    dex_financial_process_test.go:104: DEX child3 full log /tmp/dex-financial-failure-1150052577.log
    dex_financial_process_test.go:109: DEX child3 log: 
    dex_financial_process_test.go:104: DEX child2 full log /tmp/dex-financial-failure-1353204480.log
    dex_financial_process_test.go:109: DEX child2 log: 
    dex_financial_process_test.go:104: DEX child1 full log /tmp/dex-financial-failure-2139799542.log
    dex_financial_process_test.go:109: DEX child1 log: 
    dex_financial_process_test.go:104: DEX child0 full log /tmp/dex-financial-failure-1906306702.log
    dex_financial_process_test.go:109: DEX child0 log: 
--- FAIL: TestFHSNativeContinuousOrdinaryCLI (284.16s)
FAIL
