=== RUN   TestFHSNativeContinuousOrdinaryCLI
    fhs_process_recovery_test.go:159: CONTINUOUS_CLX_CHILD_LIFETIME timeout=46m59.55463172s parentDeadline=2026-09-23T09:10:37Z finite=true protocolTimeoutsUnchanged=true
    fhs_process_recovery_test.go:159: CONTINUOUS_CLX_CHILD_LIFETIME timeout=46m59.488785532s parentDeadline=2026-09-23T09:10:37Z finite=true protocolTimeoutsUnchanged=true
    fhs_process_recovery_test.go:159: CONTINUOUS_CLX_CHILD_LIFETIME timeout=46m59.459351574s parentDeadline=2026-09-23T09:10:37Z finite=true protocolTimeoutsUnchanged=true
    fhs_process_recovery_test.go:159: CONTINUOUS_CLX_CHILD_LIFETIME timeout=46m59.429127337s parentDeadline=2026-09-23T09:10:37Z finite=true protocolTimeoutsUnchanged=true
    fhs_process_recovery_test.go:159: CONTINUOUS_CLX_CHILD_LIFETIME timeout=46m59.397884845s parentDeadline=2026-09-23T09:10:37Z finite=true protocolTimeoutsUnchanged=true
    fhs_process_recovery_test.go:159: CONTINUOUS_CLX_CHILD_LIFETIME timeout=46m59.346107584s parentDeadline=2026-09-23T09:10:37Z finite=true protocolTimeoutsUnchanged=true
    fhs_process_recovery_test.go:159: CONTINUOUS_CLX_CHILD_LIFETIME timeout=46m59.306028278s parentDeadline=2026-09-23T09:10:37Z finite=true protocolTimeoutsUnchanged=true
    dex_continuous_network_test.go:20: CONTINUOUS_SETUP CLX=[1173408 1173414 1173420 1173425 1173431 1173437 1173443] source=http://127.0.0.1:43283 network=loopback version=3 DEXRegistered=7 activeInitially=6 relayGasPayers=2 coordinatorStateImports=0
    dex_continuous_network_test.go:21: CONTINUOUS_USER_RPC_ACK tx=0x7b47e2c7dd36a53b54d7859a9373e3a74f6d0e57d4aaba1dbc5252597de194d6 nonce=0
    dex_continuous_network_test.go:21: CONTINUOUS_TX height=1 block=0x48b318d8b6ce3ffc84c258f3a15eb8d21a317d7de3623b4f8181723eb8304867 tx=0x7b47e2c7dd36a53b54d7859a9373e3a74f6d0e57d4aaba1dbc5252597de194d6 payer=0x79d686c8c9927F8449CEe794D8e096390278ca7F nonce=0 op=funding-1 status=1 gas=271600 gasAtoms=434560000000000 commonAtoms=86912000000000 calldata=12
    dex_continuous_network_test.go:21: CONTINUOUS_ETH_SOURCE height=1 hash=0x48b318d8b6ce3ffc84c258f3a15eb8d21a317d7de3623b4f8181723eb8304867 root=0xd8142e9576ee09a18c2b9fb5047ab2fe8d73bf4f64b4f9ebae1d23ebc45c8f60 normalFollow=true
    dex_continuous_network_test.go:21: CONTINUOUS_USER_RPC_ACK tx=0x29d5a35651a0dd3e692c8abb2562a8a201b7e0f9c9764622e7df9c38ed7cac86 nonce=0
    dex_continuous_network_test.go:21: CONTINUOUS_TX height=3 block=0xf44491c69731189578f1379bf6c93814412d38622ef6e7140f0c7cccc9220100 tx=0x29d5a35651a0dd3e692c8abb2562a8a201b7e0f9c9764622e7df9c38ed7cac86 payer=0x4c5B74C2aFF5f0720cDE33f062fDA443Dfdf7D5a nonce=0 op=funding-1 status=1 gas=271600 gasAtoms=434560000000000 commonAtoms=86912000000000 calldata=12
    dex_continuous_network_test.go:21: CONTINUOUS_ETH_SOURCE height=3 hash=0xf44491c69731189578f1379bf6c93814412d38622ef6e7140f0c7cccc9220100 root=0x9990d3f78b4300a2b348fd0d6f71044657d19fec4c88bfe91220a56a41eeaa57 normalFollow=true
    dex_continuous_network_test.go:21: CONTINUOUS_USER_RPC_ACK tx=0x0d63abc5953763aae0ac019a671c0c1f5bf93b43457a675fdefb0ed187c5bdb6 nonce=0
    dex_continuous_network_test.go:21: CONTINUOUS_TX height=5 block=0x95ff7b702d5fe62d3a3a7767ea76b746659db96e255e75e13624ac20b5abed66 tx=0x0d63abc5953763aae0ac019a671c0c1f5bf93b43457a675fdefb0ed187c5bdb6 payer=0x4Cf39b94C1367A5567B5b3dcD53A1355Dc58d087 nonce=0 op=funding-2 status=1 gas=271600 gasAtoms=434560000000000 commonAtoms=86912000000000 calldata=12
    dex_continuous_network_test.go:21: CONTINUOUS_ETH_SOURCE height=5 hash=0x95ff7b702d5fe62d3a3a7767ea76b746659db96e255e75e13624ac20b5abed66 root=0xb3b03480cf391890b02a60cae1e0ce7b8c18526dfb06d2cca04d3f146a5b1a21 normalFollow=true
    dex_continuous_network_test.go:21: CONTINUOUS_USER_RPC_ACK tx=0x75c53d07676ad7dd186a9943e73c8a81cecfa64ae3ba439329121bf55b1a332a nonce=1
    dex_continuous_network_test.go:21: CONTINUOUS_TX height=7 block=0xa7511f198fb170cca428af1469567b03c3669329914b6a31b946843eec7044aa tx=0x75c53d07676ad7dd186a9943e73c8a81cecfa64ae3ba439329121bf55b1a332a payer=0x4Cf39b94C1367A5567B5b3dcD53A1355Dc58d087 nonce=1 op=funding-3 status=1 gas=271600 gasAtoms=434560000000000 commonAtoms=86912000000000 calldata=12
    dex_continuous_network_test.go:21: CONTINUOUS_ETH_SOURCE height=7 hash=0xa7511f198fb170cca428af1469567b03c3669329914b6a31b946843eec7044aa root=0xb6283e85196ba6b5c6a95a284f3dff66781c00fbe6abb01ee91ad2ad06608785 normalFollow=true
    dex_continuous_network_test.go:21: NATIVE_BALANCE height=7 account=0x000000000000000000000000000000000000B123 initial=123 final=347648000000123 delta=347648000000000
    dex_continuous_network_test.go:21: NATIVE_BALANCE height=7 account=0x0000000000000000000000000000000000De0001 initial=0 final=225000000000000000000 delta=225000000000000000000
    dex_continuous_network_test.go:21: NATIVE_BALANCE height=7 account=0x2d73c15905D2bBBf901A74dae7BD3A075b147AAd initial=1000000000000000000000 final=1000000000000000000000 delta=0
    dex_continuous_network_test.go:21: NATIVE_BALANCE height=7 account=0x4Cf39b94C1367A5567B5b3dcD53A1355Dc58d087 initial=1000000000000000000000 final=974999130880000000000 delta=-25000869120000000000
    dex_continuous_network_test.go:21: NATIVE_BALANCE height=7 account=0x4c5B74C2aFF5f0720cDE33f062fDA443Dfdf7D5a initial=1000000000000000000000 final=899999565440000000000 delta=-100000434560000000000
    dex_continuous_network_test.go:21: NATIVE_BALANCE height=7 account=0x64ff47950Ca0bb3230C1461D2D99A0d924972000 initial=1000000000000000000000 final=1000000000000000000000 delta=0
    dex_continuous_network_test.go:21: NATIVE_BALANCE height=7 account=0x6D980618633Ec8e761E0FadFf375FD5256516545 initial=1000000000000000000000000000 final=1000000000000000000000000000 delta=0
    dex_continuous_network_test.go:21: NATIVE_BALANCE height=7 account=0x6EC34261b01f876D69482Bdd04f6C8127D81d9b9 initial=77 final=77 delta=0
    dex_continuous_network_test.go:21: NATIVE_BALANCE height=7 account=0x79d686c8c9927F8449CEe794D8e096390278ca7F initial=1000000000000000000000 final=899999565440000000000 delta=-100000434560000000000
    dex_continuous_network_test.go:21: NATIVE_LEDGER_RECONCILED height=7 custody=225000000000000000000 gas=1738240000000000 commonReward=347648000000000 burn=1390592000000000 accounts=9 engine=0/0/0
    dex_continuous_network_test.go:21: CONTINUOUS_BUCKET key=F atoms=0
    dex_continuous_network_test.go:21: CONTINUOUS_BUCKET key=I atoms=5000000000000000000
    dex_continuous_network_test.go:21: CONTINUOUS_BUCKET key=R atoms=0
    dex_continuous_network_test.go:21: CONTINUOUS_BUCKET key=S atoms=20000000000000000000
    dex_continuous_network_test.go:21: CONTINUOUS_BUCKET key=T atoms=0
    dex_continuous_network_test.go:21: CONTINUOUS_BUCKET key=U atoms=200000000000000000000
    dex_continuous_network_test.go:21: CONTINUOUS_BUCKET key=W atoms=0
    dex_continuous_network_test.go:21: CONTINUOUS_BUCKET key=Z atoms=0
    dex_continuous_network_test.go:21: CONTINUOUS_LIMITS maxCalldata=12 maxHeaders=0 maxMPTNodes=0 maxMPTBytes=0 operationCounts=map[funding-1:2 funding-2:1 funding-3:1]
    dex_continuous_network_test.go:22: NORMAL_FINANCIAL_ROLES index=0 CommonPID=1173521 DEXSidecarPID=1173529 api=127.0.0.2:43941 pow=false rpcReward=false
    dex_continuous_network_test.go:22: CONTINUOUS_COMMON_PEER index=0 parentPID=1173521 initialConnection=true forcedHeadRefresh=false
    dex_continuous_network_test.go:22: NORMAL_FINANCIAL_ROLES index=1 CommonPID=1173546 DEXSidecarPID=1173554 api=127.0.0.3:37269 pow=false rpcReward=false
    dex_continuous_network_test.go:22: CONTINUOUS_COMMON_PEER index=1 parentPID=1173546 initialConnection=true forcedHeadRefresh=false
    dex_continuous_network_test.go:22: NORMAL_FINANCIAL_ROLES index=2 CommonPID=1173572 DEXSidecarPID=1173582 api=127.0.0.4:43643 pow=false rpcReward=false
    dex_continuous_network_test.go:22: CONTINUOUS_COMMON_PEER index=2 parentPID=1173572 initialConnection=true forcedHeadRefresh=false
    dex_continuous_network_test.go:22: NORMAL_FINANCIAL_ROLES index=3 CommonPID=1173602 DEXSidecarPID=1173611 api=127.0.0.5:43851 pow=false rpcReward=false
    dex_continuous_network_test.go:22: CONTINUOUS_COMMON_PEER index=3 parentPID=1173602 initialConnection=true forcedHeadRefresh=false
    dex_continuous_network_test.go:22: NORMAL_FINANCIAL_ROLES index=4 CommonPID=1173629 DEXSidecarPID=1173637 api=127.0.0.6:42425 pow=false rpcReward=false
    dex_continuous_network_test.go:22: CONTINUOUS_COMMON_PEER index=4 parentPID=1173629 initialConnection=true forcedHeadRefresh=false
    dex_continuous_network_test.go:22: NORMAL_FINANCIAL_ROLES index=5 CommonPID=1173657 DEXSidecarPID=1173667 api=127.0.0.7:34891 pow=false rpcReward=false
    dex_continuous_network_test.go:22: CONTINUOUS_COMMON_PEER index=5 parentPID=1173657 initialConnection=true forcedHeadRefresh=false
    dex_continuous_network_test.go:24: NORMAL_RELAY index=0 pid=1173678 store=/tmp/TestFHSNativeContinuousOrdinaryCLI172876112/001/relay-0 payer=0x2d73c15905D2bBBf901A74dae7BD3A075b147AAd
    dex_continuous_network_test.go:24: NORMAL_RELAY index=1 pid=1173679 store=/tmp/TestFHSNativeContinuousOrdinaryCLI172876112/001/relay-1 payer=0x64ff47950Ca0bb3230C1461D2D99A0d924972000
    dex_continuous_network_test.go:26: CONTINUOUS_DEX certified>=1 finalized>=0 active=6
    dex_continuous_network_test.go:26: CONTINUOUS_DEX_INGRESS expectedHeight=2 bytes=282
    dex_continuous_network_test.go:26: CONTINUOUS_DEX certified>=2 finalized>=0 active=6
    dex_continuous_network_test.go:26: CONTINUOUS_CERTIFIED_RECORD height=2 view=4 finalizedTip=1 anchor=7 inbox=4..4 actionBytes=282 dataRoot=7af0e9340fc96fd9d6477991beae46aa9a125a7b6ae00e91f25241ff91f2f51d isCDXA=false NOT_FINALITY=true
    dex_continuous_network_test.go:26: CONTINUOUS_SOURCE_DESCENDANT height=3 certifiedInbox=1 actualFinalized=1 importedCursor=4 targetCursor=4
    dex_continuous_network_test.go:26: CONTINUOUS_DEX_INGRESS expectedHeight=3 bytes=282
    dex_continuous_network_test.go:26: CONTINUOUS_DEX certified>=3 finalized>=0 active=6
    dex_continuous_network_test.go:26: CONTINUOUS_CERTIFIED_RECORD height=3 view=5 finalizedTip=2 anchor=7 inbox=4..4 actionBytes=282 dataRoot=4682f2b0827f213deac3a0d955e8618c39f7a931408eaec200b90c0282f04558 isCDXA=false NOT_FINALITY=true
    dex_continuous_network_test.go:26: CONTINUOUS_SOURCE_DESCENDANT height=4 certifiedInbox=1 actualFinalized=2 importedCursor=4 targetCursor=4
    dex_continuous_network_test.go:26: CONTINUOUS_DEX_INGRESS expectedHeight=4 bytes=282
    dex_continuous_network_test.go:26: CONTINUOUS_DEX certified>=4 finalized>=0 active=6
    dex_continuous_network_test.go:26: CONTINUOUS_CERTIFIED_RECORD height=4 view=6 finalizedTip=3 anchor=7 inbox=4..4 actionBytes=282 dataRoot=28e58557aef808feeea7809eaf474aa69cd2587b8d609d347b97d8b5ff84fe90 isCDXA=false NOT_FINALITY=true
    dex_continuous_network_test.go:26: CONTINUOUS_SOURCE_DESCENDANT height=5 certifiedInbox=1 actualFinalized=3 importedCursor=4 targetCursor=4
    dex_continuous_network_test.go:26: CONTINUOUS_DEX_INGRESS expectedHeight=5 bytes=282
    dex_continuous_network_test.go:26: CONTINUOUS_DEX certified>=5 finalized>=0 active=6
    dex_continuous_network_test.go:26: CONTINUOUS_CERTIFIED_RECORD height=5 view=8 finalizedTip=3 anchor=7 inbox=4..4 actionBytes=282 dataRoot=1847bd444dfc6edc8ddbe051a3394558f2f5c1a45f9d6b8c1fef69af47a855a5 isCDXA=false NOT_FINALITY=true
    dex_continuous_network_test.go:26: CONTINUOUS_CERTIFIED_RECORD height=5 view=8 finalizedTip=3 anchor=7 inbox=4..4 actionBytes=282 dataRoot=1847bd444dfc6edc8ddbe051a3394558f2f5c1a45f9d6b8c1fef69af47a855a5 isCDXA=false NOT_FINALITY=true
    dex_continuous_network_test.go:26: CONTINUOUS_PARTICIPATION_CANDIDATES height=5 certifiedView=8 proposal=43514ea716044866f03659e1c25e2c16141b897f4221fe969205f160d3e280c4 selected/retained: node0=6/6 node1=6/6 node2=6/6 node3=6/6 node4=6/6 node5=6/6 oldViewEvidenceRetained=true
    dex_continuous_network_test.go:26: CONTINUOUS_PARTICIPATION height=5 period=1 authenticatedParticipants=6
    dex_continuous_network_test.go:26: CONTINUOUS_DEX_INGRESS expectedHeight=6 bytes=2468
    dex_continuous_network_test.go:26: CONTINUOUS_DEX certified>=6 finalized>=0 active=6
    dex_continuous_network_test.go:26: CONTINUOUS_CERTIFIED_RECORD height=6 view=9 finalizedTip=5 anchor=7 inbox=4..4 actionBytes=2468 dataRoot=a4af17e4ac18e6aaf04df8428c5c25feed31129c04795efe5d1ac443c99ebdca isCDXA=false NOT_FINALITY=true
    dex_continuous_network_test.go:26: CONTINUOUS_SOURCE_DESCENDANT height=7 certifiedInbox=1 actualFinalized=5 importedCursor=4 targetCursor=4
    dex_continuous_network_test.go:26: CONTINUOUS_DEX_INGRESS expectedHeight=7 bytes=282
    dex_continuous_network_test.go:26: CONTINUOUS_DEX certified>=7 finalized>=0 active=6
    dex_continuous_network_test.go:26: CONTINUOUS_CERTIFIED_RECORD height=7 view=10 finalizedTip=6 anchor=7 inbox=4..4 actionBytes=282 dataRoot=a6f3be7031c5d4deacd8fa1cfb6e2213cc6d219d40bf247ce2e367748536e22e isCDXA=false NOT_FINALITY=true
    dex_continuous_network_test.go:26: CONTINUOUS_CERTIFIED_RECORD height=7 view=10 finalizedTip=6 anchor=7 inbox=4..4 actionBytes=282 dataRoot=a6f3be7031c5d4deacd8fa1cfb6e2213cc6d219d40bf247ce2e367748536e22e isCDXA=false NOT_FINALITY=true
    dex_continuous_network_test.go:26: CONTINUOUS_SOURCE_INTERVAL certifiedParent=7 actualFinalized=6 anchor=7 cursor=4 total=225000000000000000000 authenticatedParent=true NOT_FINALITY=true
    dex_continuous_network_test.go:26: CONTINUOUS_DEX_INGRESS expectedHeight=8 bytes=282
    dex_continuous_network_test.go:26: CONTINUOUS_DEX certified>=8 finalized>=0 active=6
    dex_continuous_network_test.go:26: CONTINUOUS_CERTIFIED_RECORD height=8 view=11 finalizedTip=7 anchor=7 inbox=4..4 actionBytes=282 dataRoot=63eb021898e0ad57ba11f1de7d48c606b0c8200fcffeac1f1a2b98b53d47102c isCDXA=false NOT_FINALITY=true
    dex_continuous_network_test.go:26: CONTINUOUS_DEX_INGRESS expectedHeight=9 bytes=282
    dex_continuous_network_test.go:26: CONTINUOUS_DEX certified>=9 finalized>=0 active=6
    dex_continuous_network_test.go:26: CONTINUOUS_CERTIFIED_RECORD height=9 view=12 finalizedTip=8 anchor=7 inbox=4..4 actionBytes=282 dataRoot=def22179dbec6106cdaadaca6c532dd4a246447bfa720261d7f90880e60bba6f isCDXA=false NOT_FINALITY=true
    dex_continuous_network_test.go:26: CONTINUOUS_DEX_INGRESS expectedHeight=10 bytes=282
    dex_continuous_network_test.go:26: CONTINUOUS_DEX certified>=10 finalized>=0 active=6
    dex_continuous_network_test.go:26: CONTINUOUS_CERTIFIED_RECORD height=10 view=13 finalizedTip=9 anchor=7 inbox=4..4 actionBytes=282 dataRoot=7acba58cffff4dc83698a89db249caed2865da857aa245dabda11466d1649e37 isCDXA=false NOT_FINALITY=true
    dex_continuous_network_test.go:26: CONTINUOUS_DEX_INGRESS expectedHeight=11 bytes=282
    dex_continuous_network_test.go:26: CONTINUOUS_DEX certified>=11 finalized>=0 active=6
    dex_continuous_network_test.go:26: CONTINUOUS_CERTIFIED_RECORD height=11 view=15 finalizedTip=9 anchor=7 inbox=4..4 actionBytes=282 dataRoot=4d110e4bee15fa9a732e67d6dcf1e115201a09da1c6a57723dab575a6eb5c2c5 isCDXA=false NOT_FINALITY=true
    dex_continuous_network_test.go:26: CONTINUOUS_DEX_INGRESS expectedHeight=12 bytes=282
    dex_continuous_network_test.go:26: CONTINUOUS_DEX certified>=12 finalized>=0 active=6
    dex_continuous_network_test.go:26: CONTINUOUS_CERTIFIED_RECORD height=12 view=16 finalizedTip=11 anchor=7 inbox=4..4 actionBytes=282 dataRoot=e2d0b245bb94f9a4742f021b0bf53b98c3413e8ca460618486684ddd040e8f2d isCDXA=false NOT_FINALITY=true
    dex_continuous_network_test.go:26: CONTINUOUS_DEX_INGRESS expectedHeight=13 bytes=282
    dex_continuous_network_test.go:26: CONTINUOUS_DEX certified>=13 finalized>=0 active=6
    dex_continuous_network_test.go:26: CONTINUOUS_CERTIFIED_RECORD height=13 view=17 finalizedTip=12 anchor=7 inbox=4..4 actionBytes=282 dataRoot=8968350049f2dd2648fb06f5fec94936f8c732fcb1d60463bcbdadd2f283ad64 isCDXA=false NOT_FINALITY=true
    dex_continuous_network_test.go:26: CONTINUOUS_DEX_INGRESS expectedHeight=14 bytes=282
    dex_continuous_network_test.go:26: CONTINUOUS_DEX certified>=14 finalized>=0 active=6
    dex_continuous_network_test.go:26: CONTINUOUS_CERTIFIED_RECORD height=14 view=18 finalizedTip=13 anchor=7 inbox=4..4 actionBytes=282 dataRoot=2822a19ce535ed0e3136dacbfcdd2d083ee6817a2636468b8af003a66c672eca isCDXA=false NOT_FINALITY=true
    dex_continuous_network_test.go:26: CONTINUOUS_DEX_INGRESS expectedHeight=15 bytes=282
    dex_continuous_network_test.go:26: CONTINUOUS_DEX certified>=15 finalized>=0 active=6
    dex_continuous_network_test.go:26: CONTINUOUS_CERTIFIED_RECORD height=15 view=19 finalizedTip=14 anchor=7 inbox=4..4 actionBytes=282 dataRoot=ceb16b8ba68118121919d694cb5b466415a6c8e73bc7db7d0b9d38387eb0e5de isCDXA=false NOT_FINALITY=true
    dex_continuous_network_test.go:26: CONTINUOUS_CERTIFIED_RECORD height=15 view=19 finalizedTip=14 anchor=7 inbox=4..4 actionBytes=282 dataRoot=ceb16b8ba68118121919d694cb5b466415a6c8e73bc7db7d0b9d38387eb0e5de isCDXA=false NOT_FINALITY=true
    dex_continuous_network_test.go:26: CONTINUOUS_PARTICIPATION_CANDIDATES height=15 certifiedView=19 proposal=7aedd0c69a34ee84caa9b4f8963c2ed7d71358386014e8c5889174fddd9b1e51 selected/retained: node0=6/6 node1=6/6 node2=6/6 node3=6/6 node4=6/6 node5=6/6 oldViewEvidenceRetained=true
    dex_continuous_network_test.go:26: CONTINUOUS_PARTICIPATION height=15 period=2 authenticatedParticipants=6
    dex_continuous_network_test.go:26: CONTINUOUS_DEX_INGRESS expectedHeight=16 bytes=2468
    dex_continuous_network_test.go:26: CONTINUOUS_DEX certified>=16 finalized>=0 active=6
    dex_continuous_network_test.go:26: CONTINUOUS_CERTIFIED_RECORD height=16 view=20 finalizedTip=15 anchor=7 inbox=4..4 actionBytes=2468 dataRoot=8e66b1e169617b9c005effdd5f567f67309e84973ccc911ee81636f15705d904 isCDXA=false NOT_FINALITY=true
    dex_continuous_network_test.go:26: CONTINUOUS_DEX_INGRESS expectedHeight=17 bytes=282
    dex_continuous_network_test.go:26: CONTINUOUS_DEX certified>=17 finalized>=0 active=6
    dex_continuous_network_test.go:26: CONTINUOUS_CERTIFIED_RECORD height=17 view=22 finalizedTip=15 anchor=7 inbox=4..4 actionBytes=282 dataRoot=30770a6c14547e57d6c9baa4d15c9f70c157f15f866460dc95e88b7eeb7edcb2 isCDXA=false NOT_FINALITY=true
    dex_continuous_economy_test.go:351: CONTINUOUS_DEX certified>=17 finalized>=14 active=6
    dex_continuous_economy_test.go:351: CONTINUOUS_DEX_INGRESS expectedHeight=18 bytes=20876
    dex_continuous_economy_test.go:351: CONTINUOUS_DEX certified>=18 finalized>=0 active=6
    dex_continuous_economy_test.go:351: CONTINUOUS_CERTIFIED_RECORD height=18 view=23 finalizedTip=17 anchor=7 inbox=4..4 actionBytes=20876 dataRoot=5e25b2e2637bebcf5721a639c8a726405998fdc8417785eadd2b6b2bb06e9a16 isCDXA=false NOT_FINALITY=true
    dex_continuous_economy_test.go:351: CONTINUOUS_REWARD_CLOSE period=1 actionHeight=18 packageBytes=20876 participants=6 grace=14
    dex_continuous_economy_test.go:352: CONTINUOUS_DEX_INGRESS expectedHeight=19 bytes=282
    dex_continuous_economy_test.go:352: CONTINUOUS_DEX certified>=19 finalized>=0 active=6
    dex_continuous_economy_test.go:352: CONTINUOUS_CERTIFIED_RECORD height=19 view=24 finalizedTip=18 anchor=7 inbox=4..4 actionBytes=282 dataRoot=f41f203a640b2e9fb71a55d3898c233315583ffef3151bef6deff33e41fcbb70 isCDXA=false NOT_FINALITY=true
    dex_continuous_economy_test.go:353: CONTINUOUS_DEX_INGRESS expectedHeight=20 bytes=282
    dex_continuous_economy_test.go:353: CONTINUOUS_DEX certified>=20 finalized>=0 active=6
    dex_continuous_economy_test.go:353: CONTINUOUS_CERTIFIED_RECORD height=20 view=25 finalizedTip=19 anchor=7 inbox=4..4 actionBytes=282 dataRoot=5acedb0861e1dff634d205c75824709fb2b63febe87ce38ea45f7001be31d0fe isCDXA=false NOT_FINALITY=true
    dex_continuous_economy_test.go:354: CONTINUOUS_DEX certified>=20 finalized>=18 active=6
    dex_continuous_network_test.go:26: CONTINUOUS_CYCLE cycle=1 DEXFinalized=18 CLXAnchor=7 inbox=4 fees=64000000000000000 support=19020000000000000000 total=225000000000000000000 withdrawalReserved=10000000000000000000 rewardReserved=1000000000000000000
    dex_continuous_network_test.go:27: CONTINUOUS_PROGRESS_START label=settlement-18 idle=2m0s hard=2026-09-23T09:10:07.485821588Z canonical={Sequence:0 Claims:0 Anchor:0}
    dex_continuous_network_test.go:27: CONTINUOUS_ANCHOR_COST tx=0xb3eb2bf35d1dc85d239aade3c10ce488564320b308874f24643f203499f6d9b7 calldata=14392 headers=7 mptNodes=7 mptBytes=1271 gas=12790484
    dex_continuous_network_test.go:27: CONTINUOUS_TX height=9 block=0x333a88890d89f83dee3b90ec1f6fba1c6878ff1b85b77a2d2e05cca9a2eb2e20 tx=0xb3eb2bf35d1dc85d239aade3c10ce488564320b308874f24643f203499f6d9b7 payer=0x2d73c15905D2bBBf901A74dae7BD3A075b147AAd nonce=0 op=anchor status=1 gas=12790484 gasAtoms=20464774400000000 commonAtoms=4092954880000000 calldata=14392
    dex_continuous_network_test.go:27: CONTINUOUS_ANCHOR_COST tx=0x536c30cf8509495d2f976dbea91b543c861498522923e7d737beeac3a168c133 calldata=14392 headers=7 mptNodes=7 mptBytes=1271 gas=12790484
    dex_continuous_network_test.go:27: CONTINUOUS_TX height=10 block=0x07e95692e070eb6df1079783ca7fa0501a7e857b7bd284eafbbf71f1b58de800 tx=0x536c30cf8509495d2f976dbea91b543c861498522923e7d737beeac3a168c133 payer=0x64ff47950Ca0bb3230C1461D2D99A0d924972000 nonce=0 op=anchor status=1 gas=12790484 gasAtoms=20464774400000000 commonAtoms=4092954880000000 calldata=14392
    dex_continuous_network_test.go:27: CONTINUOUS_CHECKPOINT sequence=1 hash=20294f697cc95dae640ce2b388e49ac75f02d4848fc6f703688392f40f29973b anchor=7/a7511f198fb170cca428af1469567b03c3669329914b6a31b946843eec7044aa inbox=0..4 fee=0 rewardFee=0 rewardSupport=0
    dex_continuous_network_test.go:27: CONTINUOUS_TX height=12 block=0x760f91a9d17b8122a3fb3da4483f5dc9c0dd04d707ee639708b9f86c2906abb7 tx=0x7a04b4582d323bc60b95e221012345da68fca4e93b8fb8728378f6aadcfcb395 payer=0x2d73c15905D2bBBf901A74dae7BD3A075b147AAd nonce=1 op=checkpoint status=1 gas=12125460 gasAtoms=19400736000000000 commonAtoms=3880147200000000 calldata=2052
    dex_continuous_network_test.go:27: CONTINUOUS_TX height=13 block=0x097c2c11018c3cba0425d6be43951ec87777e66fb9048831c5e0ea5a3a36a855 tx=0x8883ecfc35e17ba2f2c4eceed5daaf1bfce6638c3ee4c26979eab4db0b0983ad payer=0x64ff47950Ca0bb3230C1461D2D99A0d924972000 nonce=1 op=checkpoint-replay status=1 gas=12125460 gasAtoms=19400736000000000 commonAtoms=3880147200000000 calldata=2052
    dex_continuous_network_test.go:27: CONTINUOUS_CHECKPOINT sequence=2 hash=0b105451d467be68a1c0d660ad0514bb76db7ed638555907c00cfd2bfdc693f5 anchor=7/a7511f198fb170cca428af1469567b03c3669329914b6a31b946843eec7044aa inbox=4..4 fee=0 rewardFee=0 rewardSupport=0
    dex_continuous_network_test.go:27: CONTINUOUS_TX height=15 block=0x2597d9bba1bbbfb798c0374d01dd857643906ac272039760e5e6d901e2261386 tx=0xa867f56184c7ac8ca0b2dc6b2fed7e2fc701cff0287a51d470efc6b0fe63681a payer=0x2d73c15905D2bBBf901A74dae7BD3A075b147AAd nonce=2 op=checkpoint status=1 gas=12126132 gasAtoms=19401811200000000 commonAtoms=3880362240000000 calldata=2052
    dex_continuous_network_test.go:27: CONTINUOUS_TX height=16 block=0x39b0a316070ccc9fb83fd52bdf9c387a3f6f39b9d8fb1304912a23ca6f514060 tx=0xd2eea0c4210d51fcc539fbe69495eb113539887e01f5f9922b33e995708003c2 payer=0x64ff47950Ca0bb3230C1461D2D99A0d924972000 nonce=2 op=checkpoint-replay status=1 gas=12126132 gasAtoms=19401811200000000 commonAtoms=3880362240000000 calldata=2052
    dex_continuous_network_test.go:27: CONTINUOUS_CHECKPOINT sequence=3 hash=18d38411648ce9babf45f1fc77ac4607ec68a0d805179abd3db6ea6fc3745d98 anchor=7/a7511f198fb170cca428af1469567b03c3669329914b6a31b946843eec7044aa inbox=4..4 fee=0 rewardFee=0 rewardSupport=0
    dex_continuous_network_test.go:27: CONTINUOUS_TX height=18 block=0xad65d274efab1228a58543f1a3b298deac040014e84f0e24a5bed8b03240de89 tx=0x26405cd2a22c8783aeac8adf47e521118ae5bdb98c779ff714c0f77d64ef3b81 payer=0x2d73c15905D2bBBf901A74dae7BD3A075b147AAd nonce=3 op=checkpoint status=1 gas=12126132 gasAtoms=19401811200000000 commonAtoms=3880362240000000 calldata=2052
    dex_continuous_network_test.go:27: CONTINUOUS_TX height=19 block=0x49dcf0eb45d5258604c738f1e23cfc2b9c7c49310ce3b26a2996533e75accfdd tx=0x405a58b52916eb6ab166740a14e5d3e9ae4ebe97a54d80c8ce37a1ea391ee442 payer=0x64ff47950Ca0bb3230C1461D2D99A0d924972000 nonce=3 op=checkpoint-replay status=1 gas=12126132 gasAtoms=19401811200000000 commonAtoms=3880362240000000 calldata=2052
    dex_continuous_network_test.go:27: CONTINUOUS_CHECKPOINT sequence=4 hash=2598c8d09d092b3e2c4eb254f9c49d730958a22ab9c19f9e64b17bc215e7226c anchor=7/a7511f198fb170cca428af1469567b03c3669329914b6a31b946843eec7044aa inbox=4..4 fee=0 rewardFee=0 rewardSupport=0
    dex_continuous_network_test.go:27: CONTINUOUS_TX height=21 block=0xa120e3900e47cab2af1276dd7e3915aa47ae7d8d91982fe524b9a06564304128 tx=0x3c6c7e34e49eb79c89c42f5e5eec84ef6f397640aa48bb323b932c943b0fba1d payer=0x2d73c15905D2bBBf901A74dae7BD3A075b147AAd nonce=4 op=checkpoint status=1 gas=12153864 gasAtoms=19446182400000000 commonAtoms=3889236480000000 calldata=2574
    dex_continuous_network_test.go:27: CONTINUOUS_TX height=22 block=0x3e554757052029aa80892e57975acf85b8d01f728d08e5c28dc2223848518054 tx=0x26ab24300278d87de7a5abea23c907d3917ff30a84d915fe3ad02d10c73b7cca payer=0x64ff47950Ca0bb3230C1461D2D99A0d924972000 nonce=4 op=checkpoint-replay status=1 gas=12153864 gasAtoms=19446182400000000 commonAtoms=3889236480000000 calldata=2574
    dex_continuous_network_test.go:27: CONTINUOUS_CHECKPOINT sequence=5 hash=42ce19344962550b309e86a932b4351e2b95a7bf76062034e444254b98c1428c anchor=7/a7511f198fb170cca428af1469567b03c3669329914b6a31b946843eec7044aa inbox=4..4 fee=0 rewardFee=0 rewardSupport=0
    dex_continuous_network_test.go:27: CONTINUOUS_TX height=24 block=0x62d92db9aed8f6d86d518aa25e728cc260cadd67a4ca2693fb85a36c2166a0eb tx=0x88c0fbb13c7515917ec3e7f5a7d72a71ea5632c280f48f9c1ba41e02a3c5c545 payer=0x2d73c15905D2bBBf901A74dae7BD3A075b147AAd nonce=5 op=checkpoint status=1 gas=12126156 gasAtoms=19401849600000000 commonAtoms=3880369920000000 calldata=2052
    dex_continuous_network_test.go:27: CONTINUOUS_TX height=25 block=0xfedbf1eac8aaf926ca128517a6bf81414b150d8747f69624b44c3dc0ce976e2b tx=0xf6cad92c9706d25a68563364e8b76c8b0e8ff1fb015f84920710910c58636380 payer=0x64ff47950Ca0bb3230C1461D2D99A0d924972000 nonce=5 op=checkpoint-replay status=1 gas=12126156 gasAtoms=19401849600000000 commonAtoms=3880369920000000 calldata=2052
    dex_continuous_network_test.go:27: CONTINUOUS_CHECKPOINT sequence=6 hash=99455f6d9b573467841cc8aa1701c28ae3cb6301b365aee3eba3601debd1b9a2 anchor=7/a7511f198fb170cca428af1469567b03c3669329914b6a31b946843eec7044aa inbox=4..4 fee=0 rewardFee=0 rewardSupport=0
    dex_continuous_network_test.go:27: CONTINUOUS_TX height=27 block=0x23f515b40ea8fc2f2577b6f973e44370c213418f58c2ddf1a0931321585f173b tx=0xa95ba5ee1918da40dd9daeb850fd266afaa79214bfbd1b59ca5399685f6b326e payer=0x2d73c15905D2bBBf901A74dae7BD3A075b147AAd nonce=6 op=checkpoint status=1 gas=12126168 gasAtoms=19401868800000000 commonAtoms=3880373760000000 calldata=2052
    dex_continuous_network_test.go:27: CONTINUOUS_TX height=28 block=0x03669431cb908163f963175d10733e2b193ebd5bb68c9cba9888ff8a6095aaae tx=0x6009df2a24083b484e224a3fec9a320178b3cc4fb0158fb8ddf75a486229a456 payer=0x64ff47950Ca0bb3230C1461D2D99A0d924972000 nonce=6 op=checkpoint-replay status=1 gas=12126168 gasAtoms=19401868800000000 commonAtoms=3880373760000000 calldata=2052
    dex_continuous_network_test.go:27: CONTINUOUS_CHECKPOINT sequence=7 hash=b48ffd4662c9865b2f9a5ca5165d05c653322b79ce6338e068f64bff8e4c8ca7 anchor=7/a7511f198fb170cca428af1469567b03c3669329914b6a31b946843eec7044aa inbox=4..4 fee=0 rewardFee=0 rewardSupport=0
    dex_continuous_network_test.go:27: CONTINUOUS_TX height=30 block=0xdc51f953c6be435b3b27e1f64e7779d4a0fc1c9178813ec78f244852c9815368 tx=0xa4c3bb14d5a3d0b4766f89fb8fa162bdb6c868639f845425059d94867af00d94 payer=0x2d73c15905D2bBBf901A74dae7BD3A075b147AAd nonce=7 op=checkpoint status=1 gas=12126168 gasAtoms=19401868800000000 commonAtoms=3880373760000000 calldata=2052
    dex_continuous_network_test.go:27: CONTINUOUS_TX height=31 block=0xd7f07218285a48ed58ffd0d401457adf94cc36c64b8192d9fb671f9c7ec72a50 tx=0x381dfb0b68cd6067ca95f191b694eb771e7a447f5694ad548bd8fe82ce1e76ae payer=0x64ff47950Ca0bb3230C1461D2D99A0d924972000 nonce=7 op=checkpoint-replay status=1 gas=12126168 gasAtoms=19401868800000000 commonAtoms=3880373760000000 calldata=2052
    dex_continuous_network_test.go:27: CONTINUOUS_CHECKPOINT sequence=8 hash=05d57b5d72d69b9b5220703686b3f387a4a7d5fae49edd456fb57ed19d770149 anchor=7/a7511f198fb170cca428af1469567b03c3669329914b6a31b946843eec7044aa inbox=4..4 fee=0 rewardFee=0 rewardSupport=0
    dex_continuous_network_test.go:27: CONTINUOUS_TX height=33 block=0xe5f12244d93807b4fcce5098a3d13c05dc458768541de84c31dab77c7b25e1cb tx=0x03f2e5d35c05b92ad38239985fd230aef650464a6cf98654564574ff6cea0bf2 payer=0x2d73c15905D2bBBf901A74dae7BD3A075b147AAd nonce=8 op=checkpoint status=1 gas=12126156 gasAtoms=19401849600000000 commonAtoms=3880369920000000 calldata=2052
    dex_continuous_network_test.go:27: CONTINUOUS_TX height=34 block=0xa6f76a82f90c33346bc8327297b34e36ec6ec93662e4200e989d96e3e03b2fa1 tx=0x69afb2f6ccb52a16c3a93e60e807868b471cc53ae7282d758a3090c5be681321 payer=0x64ff47950Ca0bb3230C1461D2D99A0d924972000 nonce=8 op=checkpoint-replay status=1 gas=12126156 gasAtoms=19401849600000000 commonAtoms=3880369920000000 calldata=2052
    dex_continuous_network_test.go:27: CONTINUOUS_CHECKPOINT sequence=9 hash=074a33d1a32af9354d964d744470a959301d5457f99443adcf180b3714b644d7 anchor=7/a7511f198fb170cca428af1469567b03c3669329914b6a31b946843eec7044aa inbox=4..4 fee=40000000000000000 rewardFee=0 rewardSupport=0
    dex_continuous_network_test.go:27: CONTINUOUS_TX height=36 block=0x8b9b1e588245b899f2622a544f0ab16739c7a5d17ccccfaa929afce7b032b081 tx=0xe77d9834180726ad60a2d4b9d27768b682ee21991d1aecf2587706d9d261e779 payer=0x2d73c15905D2bBBf901A74dae7BD3A075b147AAd nonce=9 op=checkpoint status=1 gas=12126216 gasAtoms=19401945600000000 commonAtoms=3880389120000000 calldata=2052
    dex_continuous_network_test.go:27: CONTINUOUS_TX height=38 block=0xba56a2ad19dc8c0072272f5ac5b021d5789a648e69f8c9f6eaedbea13baf85ff tx=0x2c6862471d644f1e42a43a04f298e29949522f92016b358643be15b776c260ce payer=0x64ff47950Ca0bb3230C1461D2D99A0d924972000 nonce=9 op=checkpoint-replay status=1 gas=12126216 gasAtoms=19401945600000000 commonAtoms=3880389120000000 calldata=2052
    dex_continuous_network_test.go:27: CONTINUOUS_CHECKPOINT sequence=10 hash=2011b0b97d62e40a0ed53c3bff8d17f3f7e84ffa9aa8e2501c2ec6a54beb9e05 anchor=7/a7511f198fb170cca428af1469567b03c3669329914b6a31b946843eec7044aa inbox=4..4 fee=0 rewardFee=0 rewardSupport=0
    dex_continuous_network_test.go:27: CONTINUOUS_TX height=40 block=0x70d8e5a1876eb94987c17a3744a2e4b861743cb154b4f3cb21e842d8f2951819 tx=0xd104d8bf7a846180ced9f1f91ad488faf6522e3fe9b31d519ca0c801bb22ecd2 payer=0x2d73c15905D2bBBf901A74dae7BD3A075b147AAd nonce=10 op=checkpoint status=1 gas=12153852 gasAtoms=19446163200000000 commonAtoms=3889232640000000 calldata=2574
    dex_continuous_network_test.go:27: CONTINUOUS_CANONICAL_PROGRESS label=settlement-18 elapsed=469.356284ms idle=469.356284ms sequence=10 uniquePaid=0 nativeAnchor=7
    dex_continuous_network_test.go:27: CONTINUOUS_TX height=42 block=0x74be76d79d452aad0b499c2102fd9348e6e0e4e55fbeedf3d6ec502eac08f5ff tx=0x4b6c172c9a573b32294e1055ce6e5019be2853ff6ba820e0ebea9fd51a69fe9d payer=0x64ff47950Ca0bb3230C1461D2D99A0d924972000 nonce=10 op=checkpoint-replay status=1 gas=12153852 gasAtoms=19446163200000000 commonAtoms=3889232640000000 calldata=2574
    dex_continuous_network_test.go:27: CONTINUOUS_CHECKPOINT sequence=11 hash=c771155af8a874e87bf3215cb9ba601963c0566c390fff04faec922f8915fb22 anchor=7/a7511f198fb170cca428af1469567b03c3669329914b6a31b946843eec7044aa inbox=4..4 fee=0 rewardFee=0 rewardSupport=0
    dex_continuous_network_test.go:27: CONTINUOUS_TX height=44 block=0xd6b623fcdd56dd485209ba79b867ba53573e6b16fbd8334e36a172210c648d5b tx=0xfd3bed2cf94abdebea10c55e2a0f469067ede0b599a7fe8643b4124d4f0818b1 payer=0x2d73c15905D2bBBf901A74dae7BD3A075b147AAd nonce=11 op=checkpoint status=1 gas=12126168 gasAtoms=19401868800000000 commonAtoms=3880373760000000 calldata=2052
    dex_continuous_network_test.go:27: CONTINUOUS_CANONICAL_PROGRESS label=settlement-18 elapsed=2.525461014s idle=2.05610473s sequence=11 uniquePaid=0 nativeAnchor=7
    dex_continuous_network_test.go:27: CONTINUOUS_TX height=45 block=0xf48d34572aa92a5aa496050435c9234eceb65d13ebef059de9d38a9021ebc488 tx=0xf379104449c0a818fcfebf475a76ca6a8f6ca0bbe963689615ada029404e9035 payer=0x64ff47950Ca0bb3230C1461D2D99A0d924972000 nonce=11 op=checkpoint-replay status=1 gas=12126168 gasAtoms=19401868800000000 commonAtoms=3880373760000000 calldata=2052
    dex_continuous_network_test.go:27: CONTINUOUS_CHECKPOINT sequence=12 hash=120c0afbd46b11c8f5d7519e98835636865084174e97ebc45eaccb88006280d7 anchor=7/a7511f198fb170cca428af1469567b03c3669329914b6a31b946843eec7044aa inbox=4..4 fee=0 rewardFee=0 rewardSupport=0
    dex_continuous_network_test.go:27: CONTINUOUS_TX height=47 block=0xf0710118e44e8fce9294055df6585b403bac782c21ca748be612c1cbb1c4b6fb tx=0x611b84e4cd4a4d81b1d2943c573ee21208f8f38db295c0af395e2ccff528971b payer=0x2d73c15905D2bBBf901A74dae7BD3A075b147AAd nonce=12 op=checkpoint status=1 gas=12126132 gasAtoms=19401811200000000 commonAtoms=3880362240000000 calldata=2052
    dex_continuous_network_test.go:27: CONTINUOUS_CANONICAL_PROGRESS label=settlement-18 elapsed=5.291887909s idle=2.766426895s sequence=12 uniquePaid=0 nativeAnchor=7
    dex_continuous_network_test.go:27: CONTINUOUS_TX height=49 block=0x7f7d9283df0f9ba098789779c116f58588dfcac459236c02b4ccb80e96f3cfb5 tx=0x3932dbbdd8044eb7450ed9875059f0ccbd9c5f4c302000e7764ddd4111a2211e payer=0x64ff47950Ca0bb3230C1461D2D99A0d924972000 nonce=12 op=checkpoint-replay status=1 gas=12126132 gasAtoms=19401811200000000 commonAtoms=3880362240000000 calldata=2052
    dex_continuous_network_test.go:27: CONTINUOUS_CHECKPOINT sequence=13 hash=9e81e388960b03ad9a02c75647e29d7d1fe5b4ea1f33e683295b11031464e787 anchor=7/a7511f198fb170cca428af1469567b03c3669329914b6a31b946843eec7044aa inbox=4..4 fee=44000000000000000 rewardFee=0 rewardSupport=0
    dex_continuous_network_test.go:27: CONTINUOUS_TX height=51 block=0x2d5dbecd945936f0308ecc6bf5ef84311405badebf62273c45f405d58f45ad5f tx=0xd23d6310f314d7f93f1a77ff247cd859c4e5fd795b4b1fc30bede5b7b93ab58e payer=0x2d73c15905D2bBBf901A74dae7BD3A075b147AAd nonce=13 op=checkpoint status=1 gas=12126168 gasAtoms=19401868800000000 commonAtoms=3880373760000000 calldata=2052
    dex_continuous_network_test.go:27: CONTINUOUS_CANONICAL_PROGRESS label=settlement-18 elapsed=7.709991745s idle=2.418103836s sequence=13 uniquePaid=0 nativeAnchor=7
    dex_continuous_network_test.go:27: CONTINUOUS_TX height=53 block=0xa8d7e3eafa3d1e864f1841c756e1aff998d826978de71ec8c8e85b938bb47efa tx=0x94a32fe1c1f302009c9322ad4497c2b57f47fe0de108f486e51b7f6b3c249471 payer=0x64ff47950Ca0bb3230C1461D2D99A0d924972000 nonce=13 op=checkpoint-replay status=1 gas=12126168 gasAtoms=19401868800000000 commonAtoms=3880373760000000 calldata=2052
    dex_continuous_network_test.go:27: CONTINUOUS_CHECKPOINT sequence=14 hash=8c74026252ef0849c749c8c9863f4144cb1b57ea80f72d5850c3af30314ecd07 anchor=7/a7511f198fb170cca428af1469567b03c3669329914b6a31b946843eec7044aa inbox=4..4 fee=0 rewardFee=0 rewardSupport=0
    dex_continuous_network_test.go:27: CONTINUOUS_TX height=55 block=0x6cf8ab15ff28f9ca42e7922e0dfc55d2fe93235e84a77183bb83d76c024897b5 tx=0x970eaf2eea8292123bc032af6a91ff469530f17bec6d8cc35d5641599ce68d6b payer=0x2d73c15905D2bBBf901A74dae7BD3A075b147AAd nonce=14 op=checkpoint status=1 gas=12126696 gasAtoms=19402713600000000 commonAtoms=3880542720000000 calldata=2052
    dex_continuous_network_test.go:27: CONTINUOUS_CANONICAL_PROGRESS label=settlement-18 elapsed=10.672526933s idle=2.962535188s sequence=14 uniquePaid=0 nativeAnchor=7
    dex_continuous_network_test.go:27: CONTINUOUS_CHECKPOINT sequence=15 hash=e60fdcff9b616dc57ed3079ea0eecbae2f1e54a460511a74b1d2cbdc926c11f3 anchor=7/a7511f198fb170cca428af1469567b03c3669329914b6a31b946843eec7044aa inbox=4..4 fee=0 rewardFee=0 rewardSupport=0
    dex_continuous_network_test.go:27: CONTINUOUS_TX height=57 block=0xf2b17fed47526248f8a61d4b3c5308e8644bd7fb944c8a7f3587c16a1a36c98c tx=0xcc1fbd977f12ae9478e15791424f542b52c467301348587759086af7212b35a5 payer=0x64ff47950Ca0bb3230C1461D2D99A0d924972000 nonce=14 op=checkpoint status=1 gas=12126156 gasAtoms=19401849600000000 commonAtoms=3880369920000000 calldata=2052
    dex_continuous_network_test.go:27: CONTINUOUS_TX height=58 block=0x0b4b1a1a5113e5fbd6b8365f16036ae6f2465b09d103dcb7bcf37c014c87af1b tx=0x948691112b8b23633597d215f21f232a809047719070d3807ad114f756975728 payer=0x2d73c15905D2bBBf901A74dae7BD3A075b147AAd nonce=15 op=checkpoint-replay status=1 gas=12126156 gasAtoms=19401849600000000 commonAtoms=3880369920000000 calldata=2052
    dex_continuous_network_test.go:27: CONTINUOUS_CANONICAL_PROGRESS label=settlement-18 elapsed=13.472334618s idle=2.799807685s sequence=15 uniquePaid=0 nativeAnchor=7
    dex_continuous_network_test.go:27: CONTINUOUS_CHECKPOINT sequence=16 hash=429b62aeabe6f5820507f91435db339136f1ba279793ae00029e4204a347beba anchor=7/a7511f198fb170cca428af1469567b03c3669329914b6a31b946843eec7044aa inbox=4..4 fee=0 rewardFee=0 rewardSupport=0
    dex_continuous_network_test.go:27: CONTINUOUS_TX height=60 block=0x1722a622d9e1167154f91a5c8ca23789415a868cbeb70ce64e277f08d797cd90 tx=0x7518c278f9c8d3a3223d3488a4bec843c8800d03c6bb3f3641824d7055d2cb01 payer=0x2d73c15905D2bBBf901A74dae7BD3A075b147AAd nonce=16 op=checkpoint status=1 gas=12153816 gasAtoms=19446105600000000 commonAtoms=3889221120000000 calldata=2574
    dex_continuous_network_test.go:27: CONTINUOUS_CANONICAL_PROGRESS label=settlement-18 elapsed=16.308275597s idle=2.835940979s sequence=16 uniquePaid=0 nativeAnchor=7
    dex_continuous_network_test.go:27: CONTINUOUS_TX height=61 block=0x512d0490ed3e0359550c239a448521b81a18bf67e304bfb1b73769b9d1f0f53f tx=0x131783f359e4721047a18863e62da80470812eb49bc1efc997e71b5187159f10 payer=0x64ff47950Ca0bb3230C1461D2D99A0d924972000 nonce=15 op=checkpoint-replay status=1 gas=12153816 gasAtoms=19446105600000000 commonAtoms=3889221120000000 calldata=2574
    dex_continuous_network_test.go:27: CONTINUOUS_CHECKPOINT sequence=17 hash=be3a22d5cfaa423e71f75602b9b674afe061775230720f5c6a938da20a644768 anchor=7/a7511f198fb170cca428af1469567b03c3669329914b6a31b946843eec7044aa inbox=4..4 fee=0 rewardFee=0 rewardSupport=0
    dex_continuous_network_test.go:27: CONTINUOUS_TX height=63 block=0xea23597d845b2257fe9e794bd04e98ac75fda0d5aa2ba7d3c58238e691029632 tx=0xf39e34ac4c9b0a014a724b9639a38566449f630ca6006a98ef4ece2a6d0808d8 payer=0x2d73c15905D2bBBf901A74dae7BD3A075b147AAd nonce=17 op=checkpoint status=1 gas=12126144 gasAtoms=19401830400000000 commonAtoms=3880366080000000 calldata=2052
    dex_continuous_network_test.go:27: CONTINUOUS_CANONICAL_PROGRESS label=settlement-18 elapsed=18.596914027s idle=2.28863843s sequence=17 uniquePaid=0 nativeAnchor=7
    dex_continuous_network_test.go:27: CONTINUOUS_TX height=64 block=0x1d05050abe93216cd8fad246b96fda0594e192759894af15add8dbf3ad132bd1 tx=0x4399caf6086032f272684878cf3ec4c1774340fd018abef2d4d94e5b2805e95a payer=0x64ff47950Ca0bb3230C1461D2D99A0d924972000 nonce=16 op=checkpoint-replay status=1 gas=12126144 gasAtoms=19401830400000000 commonAtoms=3880366080000000 calldata=2052
    dex_continuous_network_test.go:27: CONTINUOUS_CHECKPOINT sequence=18 hash=8808693c62eb5050cc97a2ddb3868d015674ab153f57361b2155b5b3ef92774e anchor=7/a7511f198fb170cca428af1469567b03c3669329914b6a31b946843eec7044aa inbox=4..4 fee=0 rewardFee=20000000000000000 rewardSupport=980000000000000000
    dex_continuous_network_test.go:27: CONTINUOUS_TX height=66 block=0x52b4633107c81a5df939ae6f94e42c4106fa9b83f95d7c7d2be1e615f2672f9d tx=0x29587ccbf9d18ef521607efa8a5faafdf76b3acb1fded5833105a06a27efa5e5 payer=0x2d73c15905D2bBBf901A74dae7BD3A075b147AAd nonce=18 op=checkpoint status=1 gas=12127200 gasAtoms=19403520000000000 commonAtoms=3880704000000000 calldata=2052
    dex_continuous_network_test.go:27: CONTINUOUS_CANONICAL_PROGRESS label=settlement-18 elapsed=21.340766366s idle=2.743852339s sequence=18 uniquePaid=0 nativeAnchor=7
    dex_continuous_network_test.go:27: CONTINUOUS_ETH_SOURCE height=66 hash=0x52b4633107c81a5df939ae6f94e42c4106fa9b83f95d7c7d2be1e615f2672f9d root=0x0c5eb9074c4fbefa8c6e8d466546649c854755bd126bd197cafccb34c5bdda03 normalFollow=true
    dex_continuous_network_test.go:27: NATIVE_BALANCE height=66 account=0x000000000000000000000000000000000000B123 initial=123 final=140519372800000123 delta=140519372800000000
    dex_continuous_network_test.go:27: NATIVE_BALANCE height=66 account=0x0000000000000000000000000000000000De0001 initial=0 final=225000000000000000000 delta=225000000000000000000
    dex_continuous_network_test.go:27: NATIVE_BALANCE height=66 account=0x2d73c15905D2bBBf901A74dae7BD3A075b147AAd initial=1000000000000000000000 final=999630167571200000000 delta=-369832428800000000
    dex_continuous_network_test.go:27: NATIVE_BALANCE height=66 account=0x4Cf39b94C1367A5567B5b3dcD53A1355Dc58d087 initial=1000000000000000000000 final=974999130880000000000 delta=-25000869120000000000
    dex_continuous_network_test.go:27: NATIVE_BALANCE height=66 account=0x4c5B74C2aFF5f0720cDE33f062fDA443Dfdf7D5a initial=1000000000000000000000 final=899999565440000000000 delta=-100000434560000000000
    dex_continuous_network_test.go:27: NATIVE_BALANCE height=66 account=0x64ff47950Ca0bb3230C1461D2D99A0d924972000 initial=1000000000000000000000 final=999668973804800000000 delta=-331026195200000000
    dex_continuous_network_test.go:27: NATIVE_BALANCE height=66 account=0x6D980618633Ec8e761E0FadFf375FD5256516545 initial=1000000000000000000000000000 final=1000000000000000000000000000 delta=0
    dex_continuous_network_test.go:27: NATIVE_BALANCE height=66 account=0x6EC34261b01f876D69482Bdd04f6C8127D81d9b9 initial=77 final=77 delta=0
    dex_continuous_network_test.go:27: NATIVE_BALANCE height=66 account=0x79d686c8c9927F8449CEe794D8e096390278ca7F initial=1000000000000000000000 final=899999565440000000000 delta=-100000434560000000000
    dex_continuous_network_test.go:27: NATIVE_LEDGER_RECONCILED height=66 custody=225000000000000000000 gas=702596864000000000 commonReward=140519372800000000 burn=562077491200000000 accounts=9 engine=0/0/0
    dex_continuous_network_test.go:27: CONTINUOUS_BUCKET key=F atoms=64000000000000000
    dex_continuous_network_test.go:27: CONTINUOUS_BUCKET key=I atoms=5000000000000000000
    dex_continuous_network_test.go:27: CONTINUOUS_BUCKET key=R atoms=1000000000000000000
    dex_continuous_network_test.go:27: CONTINUOUS_BUCKET key=S atoms=19020000000000000000
    dex_continuous_network_test.go:27: CONTINUOUS_BUCKET key=T atoms=189916000000000000000
    dex_continuous_network_test.go:27: CONTINUOUS_BUCKET key=U atoms=0
    dex_continuous_network_test.go:27: CONTINUOUS_BUCKET key=W atoms=10000000000000000000
    dex_continuous_network_test.go:27: CONTINUOUS_BUCKET key=Z atoms=0
    dex_continuous_network_test.go:27: CONTINUOUS_LIMITS maxCalldata=14392 maxHeaders=7 maxMPTNodes=7 maxMPTBytes=1271 operationCounts=map[anchor:2 checkpoint:18 checkpoint-replay:16 funding-1:2 funding-2:1 funding-3:1]
    dex_continuous_network_test.go:27: CONTINUOUS_SETTLED DEXSequence=18 CLXAccepted=18 CLXHeight=66 root=0x0c5eb9074c4fbefa8c6e8d466546649c854755bd126bd197cafccb34c5bdda03 custody=225000000000000000000
    dex_continuous_network_test.go:32: NORMAL_FINANCIAL_ROLES index=6 CommonPID=1173760 DEXSidecarPID=1173770 api=127.0.0.8:41965 pow=false rpcReward=false
    dex_continuous_network_test.go:32: CONTINUOUS_COMMON_PEER index=6 parentPID=1173760 initialConnection=true forcedHeadRefresh=false
    dex_continuous_network_test.go:32: CONTINUOUS_DEX certified>=20 finalized>=19 active=7
    dex_continuous_network_test.go:32: CONTINUOUS_SEVENTH_JOIN finalized=19 certified=20 snapshotBytes=184343 root=6ca2e05f18ec4addd233be0576ecc59f07817fba01d780564174caeb9b6280db cursor=4 committedCertificates=6 ownVoteKey=true freshOwnWAL=true importedPeerSafety=false
    dex_continuous_network_test.go:33: CONTINUOUS_RELAY_PAUSE index=0 pid=1173678 hard=true sourceAnchor=77 CLXAccepted=19 jobs=27 counts=map[complete:23 waiting:4]
    dex_continuous_network_test.go:33: CONTINUOUS_RELAY_PAUSE index=1 pid=1173679 hard=true sourceAnchor=77 CLXAccepted=19 jobs=27 counts=map[complete:23 waiting:4]
    dex_continuous_network_test.go:34: CONTINUOUS_TX height=67 block=0xb0909d6fda66611e21b0c847b10339e0fa126c81a73ede3feae11d09ad5613e2 tx=0x7841ed1d36d5881be3d818379de030bfa06b20b18b06a8a7b04df3a15d5c1b02 payer=0x64ff47950Ca0bb3230C1461D2D99A0d924972000 nonce=17 op=checkpoint-replay status=1 gas=12127200 gasAtoms=19403520000000000 commonAtoms=3880704000000000 calldata=2052
    dex_continuous_network_test.go:34: CONTINUOUS_CLAIM id=2ef92d38a58a37d762c3e13ff514740e66668b43b94864b1ac6ade9f138090b8 seq=18 recipient=58f3686dd449ff362ac7a3fd112b6ff775a5ea52 amount=166666666666666667 kind=2
    dex_continuous_network_test.go:34: CONTINUOUS_TX height=69 block=0xdb2d54dd77d164e509f8002c6697286489336d2b782d3488d80de4bb96c9efca tx=0x673772487c3a02abb858c7da5e4856c858429a966c43eb3b4cd37a435724a352 payer=0x2d73c15905D2bBBf901A74dae7BD3A075b147AAd nonce=19 op=claim status=1 gas=390144 gasAtoms=624230400000000 commonAtoms=124846080000000 calldata=356
    dex_continuous_network_test.go:34: CONTINUOUS_TX height=71 block=0xa5e8618d2b4eaa2e0aa483db83ed7915e417d3cf4754e140f45909fd2e587020 tx=0x2bb0557247b9a9c11a38b725fedd1c110cd331b2f24c982024b9fb0bbd4fab4e payer=0x64ff47950Ca0bb3230C1461D2D99A0d924972000 nonce=18 op=claim-replay status=1 gas=390144 gasAtoms=624230400000000 commonAtoms=124846080000000 calldata=356
    dex_continuous_network_test.go:34: CONTINUOUS_CHECKPOINT sequence=19 hash=2b1804809dc78e820537a80bd46eab12cb589588c2e8131f51cabd788cd24ab7 anchor=7/a7511f198fb170cca428af1469567b03c3669329914b6a31b946843eec7044aa inbox=4..4 fee=0 rewardFee=0 rewardSupport=0
    dex_continuous_network_test.go:34: CONTINUOUS_TX height=73 block=0xae902c65ceb17c3d0688ad39a3cc507ecbc94692278f1ffe784c89e70915247f tx=0xbbd375a18ce794ca45b41a626fba74060c49dd7a5d8b70abdb9485a34b5792df payer=0x2d73c15905D2bBBf901A74dae7BD3A075b147AAd nonce=20 op=checkpoint status=1 gas=12126180 gasAtoms=19401888000000000 commonAtoms=3880377600000000 calldata=2052
    dex_continuous_network_test.go:34: CONTINUOUS_TX height=75 block=0xad8b8ae722e4e8040e8213d0b7fd947619a7e2f4402811f8a4a1f9197604f700 tx=0x94f1d59da74c0b79b61c3e36f56200c4d5753ff0a0a20c2d97848b650a013e08 payer=0x64ff47950Ca0bb3230C1461D2D99A0d924972000 nonce=19 op=checkpoint-replay status=1 gas=12126180 gasAtoms=19401888000000000 commonAtoms=3880377600000000 calldata=2052
    dex_continuous_network_test.go:34: CONTINUOUS_CLAIM id=a53190ca16174817c6fa0baed304eedf73e93a8f2585eb3e60408bbcd2fae84b seq=18 recipient=9ee925eb4aeb52e209c1036531e4a401850d73d8 amount=166666666666666667 kind=2
    dex_continuous_network_test.go:34: CONTINUOUS_TX height=77 block=0x1642a28056787b78ae451acfe906807d652693a44de5d433c64e3543d9666ddb tx=0x34c8ee13ad73d8119616b2ab98ac311ef3fef2f4a8a85e5b971b79f8f0b77fd3 payer=0x2d73c15905D2bBBf901A74dae7BD3A075b147AAd nonce=21 op=claim status=1 gas=390144 gasAtoms=624230400000000 commonAtoms=124846080000000 calldata=356
    dex_continuous_network_test.go:34: CONTINUOUS_ETH_SOURCE height=77 hash=0x1642a28056787b78ae451acfe906807d652693a44de5d433c64e3543d9666ddb root=0xe7085e493170a9d6ff82b0a7b1e2a68b69ec6a2e8e26d6367f726e035deb007f normalFollow=true
    dex_continuous_network_test.go:34: CONTINUOUS_INTERVAL label=second-deposit-boundary-relays-down before=77 after=77 ordinarySignedTransfers=0 custodyBefore=224666666666666666666 custodyAfter=224666666666666666666
    dex_continuous_network_test.go:35: CONTINUOUS_USER_RPC_ACK tx=0x193d1dc267ee63412e8a756af07cde379a357f4d545326c56193f56660190490 nonce=1
    dex_continuous_network_test.go:35: CONTINUOUS_TX height=79 block=0x5d3174b16f100dd0813d00b4e188ca4122439e2a40117771304a55ecac7ce0d8 tx=0x193d1dc267ee63412e8a756af07cde379a357f4d545326c56193f56660190490 payer=0x79d686c8c9927F8449CEe794D8e096390278ca7F nonce=1 op=funding-1 status=1 gas=271600 gasAtoms=434560000000000 commonAtoms=86912000000000 calldata=12
    dex_continuous_network_test.go:35: CONTINUOUS_ETH_SOURCE height=79 hash=0x5d3174b16f100dd0813d00b4e188ca4122439e2a40117771304a55ecac7ce0d8 root=0x60139409a31d4da938cbda810bc2a80432562c7906ac5ac42608def4c198e24b normalFollow=true
    dex_continuous_network_test.go:35: CONTINUOUS_USER_RPC_ACK tx=0xbfadedb2932605c02aafe15e015ad6a3abb59bd073a1b570410224d14e61502f nonce=1
    dex_continuous_network_test.go:35: CONTINUOUS_TX height=81 block=0x91903d6000f6e38ceb3024bed0ed51d1ac871873c4a110a1b0630c7e52895ea4 tx=0xbfadedb2932605c02aafe15e015ad6a3abb59bd073a1b570410224d14e61502f payer=0x4c5B74C2aFF5f0720cDE33f062fDA443Dfdf7D5a nonce=1 op=funding-1 status=1 gas=271600 gasAtoms=434560000000000 commonAtoms=86912000000000 calldata=12
    dex_continuous_network_test.go:35: CONTINUOUS_ETH_SOURCE height=81 hash=0x91903d6000f6e38ceb3024bed0ed51d1ac871873c4a110a1b0630c7e52895ea4 root=0x76706a31d75cd4c7eac354963008ec1258e399b77c99c810e804485a8a88645a normalFollow=true
    dex_continuous_network_test.go:36: CONTINUOUS_RELAY_COLD_REOPEN index=0 oldPID=1173678 newPID=1173796 sameStore=/tmp/TestFHSNativeContinuousOrdinaryCLI172876112/001/relay-0 deferredRecipients=1
    dex_continuous_network_test.go:36: CONTINUOUS_RELAY_COLD_REOPEN index=1 oldPID=1173679 newPID=1173797 sameStore=/tmp/TestFHSNativeContinuousOrdinaryCLI172876112/001/relay-1 deferredRecipients=1
    dex_continuous_network_test.go:37: CONTINUOUS_DEX certified>=21 finalized>=0 active=7
    dex_continuous_network_test.go:37: CONTINUOUS_CERTIFIED_RECORD height=21 view=37 finalizedTip=19 anchor=39 inbox=4..4 actionBytes=61426 dataRoot=8c3e56bbe698f2232b4c5e8478374594d5af3e9b4b23c9cf7bef3114e26e37af isCDXA=true NOT_FINALITY=true
    dex_continuous_network_test.go:37: CONTINUOUS_SOURCE_DESCENDANT height=22 certifiedInbox=21 actualFinalized=19 importedCursor=4 targetCursor=6
    dex_continuous_network_test.go:37: CONTINUOUS_DEX_INGRESS expectedHeight=22 bytes=282
    dex_continuous_network_test.go:37: CONTINUOUS_DEX certified>=22 finalized>=0 active=7
    dex_continuous_network_test.go:37: CONTINUOUS_CERTIFIED_RECORD height=22 view=39 finalizedTip=21 anchor=39 inbox=4..4 actionBytes=282 dataRoot=d03f07c155549c80a5b19140db5915a20f8f65281e64a788ad72b95e3ffec49d isCDXA=false NOT_FINALITY=true
    dex_continuous_network_test.go:37: CONTINUOUS_DEX certified>=23 finalized>=0 active=7
    dex_continuous_network_test.go:37: CONTINUOUS_CERTIFIED_RECORD height=23 view=41 finalizedTip=21 anchor=71 inbox=4..4 actionBytes=63266 dataRoot=27d3b5a3b29a08aef18b1514b39650e51525ed87b476794f4a783177ce229761 isCDXA=true NOT_FINALITY=true
    dex_continuous_network_test.go:37: CONTINUOUS_SOURCE_DESCENDANT height=24 certifiedInbox=23 actualFinalized=21 importedCursor=4 targetCursor=6
    dex_continuous_network_test.go:37: CONTINUOUS_DEX_INGRESS expectedHeight=24 bytes=282
    dex_continuous_network_test.go:37: CONTINUOUS_DEX certified>=24 finalized>=0 active=7
    dex_continuous_network_test.go:37: CONTINUOUS_CERTIFIED_RECORD height=24 view=42 finalizedTip=23 anchor=71 inbox=4..4 actionBytes=282 dataRoot=a177b38e86f823686b861dc92610b7fca621f0214840b659e3051c667d6f9d79 isCDXA=false NOT_FINALITY=true
    dex_continuous_network_test.go:37: CONTINUOUS_DEX certified>=25 finalized>=0 active=7
    dex_continuous_network_test.go:37: CONTINUOUS_CERTIFIED_RECORD height=25 view=44 finalizedTip=23 anchor=87 inbox=4..6 actionBytes=35356 dataRoot=2a92514fa0906b7651a6b5a7efcaa1dd016cc43288ded8a4a46234982e306d57 isCDXA=true NOT_FINALITY=true
    dex_continuous_network_test.go:37: CONTINUOUS_CERTIFIED_RECORD height=25 view=44 finalizedTip=23 anchor=87 inbox=4..6 actionBytes=35356 dataRoot=2a92514fa0906b7651a6b5a7efcaa1dd016cc43288ded8a4a46234982e306d57 isCDXA=true NOT_FINALITY=true
    dex_continuous_network_test.go:37: CONTINUOUS_PARTICIPATION_CANDIDATES height=25 certifiedView=44 proposal=0e0d867c673ce130b127d50160cb6d959b01d347cfcc4710c3cedc889acc22ce selected/retained: node0=7/7 node1=7/7 node2=7/7 node3=7/7 node4=7/7 node5=7/7 node6=7/7 oldViewEvidenceRetained=true
    dex_continuous_network_test.go:37: CONTINUOUS_PARTICIPATION height=25 period=3 authenticatedParticipants=7
    dex_continuous_network_test.go:37: CONTINUOUS_DEX_INGRESS expectedHeight=26 bytes=2829
    dex_continuous_network_test.go:37: CONTINUOUS_DEX certified>=26 finalized>=0 active=7
    dex_continuous_network_test.go:37: CONTINUOUS_CERTIFIED_RECORD height=26 view=45 finalizedTip=25 anchor=87 inbox=6..6 actionBytes=2829 dataRoot=3f2f5f8bdbcb52720792cc32153a0ae31fe4844bf33544c5c6330e127f4b518b isCDXA=false NOT_FINALITY=true
    dex_continuous_network_test.go:37: CONTINUOUS_SOURCE_DESCENDANT height=27 certifiedInbox=25 actualFinalized=25 importedCursor=6 targetCursor=6
    dex_continuous_network_test.go:37: CONTINUOUS_DEX_INGRESS expectedHeight=27 bytes=282
    dex_continuous_network_test.go:37: CONTINUOUS_DEX certified>=27 finalized>=0 active=7
    dex_continuous_network_test.go:37: CONTINUOUS_CERTIFIED_RECORD height=27 view=46 finalizedTip=26 anchor=87 inbox=6..6 actionBytes=282 dataRoot=f2d187f5e4b13f17336ac992283f918d739de9543f419272027ef1b18330a7b4 isCDXA=false NOT_FINALITY=true
    dex_continuous_network_test.go:37: CONTINUOUS_CERTIFIED_RECORD height=27 view=46 finalizedTip=26 anchor=87 inbox=6..6 actionBytes=282 dataRoot=f2d187f5e4b13f17336ac992283f918d739de9543f419272027ef1b18330a7b4 isCDXA=false NOT_FINALITY=true
    dex_continuous_network_test.go:37: CONTINUOUS_SOURCE_INTERVAL certifiedParent=27 actualFinalized=26 anchor=87 cursor=6 total=265000000000000000000 authenticatedParent=true NOT_FINALITY=true
    dex_continuous_network_test.go:37: CONTINUOUS_DEX_INGRESS expectedHeight=28 bytes=282
    dex_continuous_network_test.go:37: CONTINUOUS_DEX certified>=28 finalized>=0 active=7
    dex_continuous_network_test.go:37: CONTINUOUS_CERTIFIED_RECORD height=28 view=47 finalizedTip=27 anchor=87 inbox=6..6 actionBytes=282 dataRoot=08b704f5f338e3a2d49169a04d0d26c0c6febeea3b8556b054b760e7218f9996 isCDXA=false NOT_FINALITY=true
    dex_continuous_network_test.go:37: CONTINUOUS_DEX_INGRESS expectedHeight=29 bytes=282
    dex_continuous_network_test.go:37: CONTINUOUS_DEX certified>=29 finalized>=0 active=7
    dex_continuous_network_test.go:37: CONTINUOUS_CERTIFIED_RECORD height=29 view=48 finalizedTip=28 anchor=87 inbox=6..6 actionBytes=282 dataRoot=b37013a88e965e3575b7ffe8d0461ab55e9e441c4e815405c5fb916e7f358594 isCDXA=false NOT_FINALITY=true
    dex_continuous_network_test.go:37: CONTINUOUS_DEX_INGRESS expectedHeight=30 bytes=282
    dex_continuous_network_test.go:37: CONTINUOUS_DEX certified>=30 finalized>=0 active=7
    dex_continuous_network_test.go:37: CONTINUOUS_CERTIFIED_RECORD height=30 view=49 finalizedTip=29 anchor=87 inbox=6..6 actionBytes=282 dataRoot=e0dffaea410c2b62046cba2016ba0dcadf50ff2685989338d5cb55e48c7d3f50 isCDXA=false NOT_FINALITY=true
    dex_continuous_network_test.go:37: CONTINUOUS_DEX_INGRESS expectedHeight=31 bytes=282
    dex_continuous_network_test.go:37: CONTINUOUS_DEX certified>=31 finalized>=0 active=7
    dex_continuous_network_test.go:37: CONTINUOUS_CERTIFIED_RECORD height=31 view=50 finalizedTip=30 anchor=87 inbox=6..6 actionBytes=282 dataRoot=4f9245655a13703daff2036f6cbdc967d7b2441c66ee4b86ed4143378c5838ad isCDXA=false NOT_FINALITY=true
    dex_continuous_network_test.go:37: CONTINUOUS_DEX_INGRESS expectedHeight=32 bytes=282
    dex_continuous_network_test.go:37: CONTINUOUS_DEX certified>=32 finalized>=0 active=7
    dex_continuous_network_test.go:37: CONTINUOUS_CERTIFIED_RECORD height=32 view=51 finalizedTip=31 anchor=87 inbox=6..6 actionBytes=282 dataRoot=9c2e70b008645ec88163046301d9cde3f1d5b675cacc7160c4bbc90f4c60c002 isCDXA=false NOT_FINALITY=true
    dex_continuous_network_test.go:37: CONTINUOUS_DEX_INGRESS expectedHeight=33 bytes=282
    dex_continuous_network_test.go:37: CONTINUOUS_DEX certified>=33 finalized>=0 active=7
    dex_continuous_network_test.go:37: CONTINUOUS_CERTIFIED_RECORD height=33 view=52 finalizedTip=32 anchor=87 inbox=6..6 actionBytes=282 dataRoot=ae2f5d710a3b169157e8ce47a8ed1347fcead262f2452992d42849bb009b7f54 isCDXA=false NOT_FINALITY=true
    dex_continuous_network_test.go:37: CONTINUOUS_DEX certified>=33 finalized>=24 active=7
    dex_continuous_network_test.go:37: CONTINUOUS_DEX_INGRESS expectedHeight=34 bytes=21398
    dex_continuous_network_test.go:37: CONTINUOUS_DEX certified>=34 finalized>=0 active=7
    dex_continuous_network_test.go:37: CONTINUOUS_CERTIFIED_RECORD height=34 view=53 finalizedTip=33 anchor=87 inbox=6..6 actionBytes=21398 dataRoot=2f95dc19bab7ed69c6423ecf536b1c126d77bd61d72038584365d46cc22eb207 isCDXA=false NOT_FINALITY=true
    dex_continuous_network_test.go:37: CONTINUOUS_REWARD_CLOSE period=2 actionHeight=34 packageBytes=21398 participants=6 grace=24
    dex_continuous_network_test.go:37: CONTINUOUS_DEX_INGRESS expectedHeight=35 bytes=282
    dex_continuous_network_test.go:37: CONTINUOUS_DEX certified>=35 finalized>=0 active=7
    dex_continuous_network_test.go:37: CONTINUOUS_CERTIFIED_RECORD height=35 view=54 finalizedTip=34 anchor=87 inbox=6..6 actionBytes=282 dataRoot=0b4cc7353d061d969d176e22f3445880a6258ed79c41b08b2140fda5cba02f73 isCDXA=false NOT_FINALITY=true
    dex_continuous_network_test.go:37: CONTINUOUS_CERTIFIED_RECORD height=35 view=54 finalizedTip=34 anchor=87 inbox=6..6 actionBytes=282 dataRoot=0b4cc7353d061d969d176e22f3445880a6258ed79c41b08b2140fda5cba02f73 isCDXA=false NOT_FINALITY=true
    dex_continuous_network_test.go:37: CONTINUOUS_PARTICIPATION_CANDIDATES height=35 certifiedView=54 proposal=631caa61aa4f4b378a8da08aee1ac9ae03e40b0d7fba95186990078f775c91ac selected/retained: node0=7/7 node1=7/7 node2=7/7 node3=7/7 node4=7/7 node5=7/7 node6=7/7 oldViewEvidenceRetained=true
    dex_continuous_network_test.go:37: CONTINUOUS_PARTICIPATION height=35 period=4 authenticatedParticipants=7
    dex_continuous_network_test.go:37: CONTINUOUS_DEX_INGRESS expectedHeight=36 bytes=2829
    dex_continuous_network_test.go:37: CONTINUOUS_DEX certified>=36 finalized>=0 active=7
    dex_continuous_network_test.go:37: CONTINUOUS_CERTIFIED_RECORD height=36 view=55 finalizedTip=35 anchor=87 inbox=6..6 actionBytes=2829 dataRoot=5d932644cdd4407c0237d0f747f3b1bfdac7f4627f53ba2b5812534b01888158 isCDXA=false NOT_FINALITY=true
    dex_continuous_network_test.go:37: CONTINUOUS_DEX_INGRESS expectedHeight=37 bytes=282
    dex_continuous_network_test.go:37: CONTINUOUS_DEX certified>=37 finalized>=0 active=7
    dex_continuous_network_test.go:37: CONTINUOUS_CERTIFIED_RECORD height=37 view=56 finalizedTip=36 anchor=87 inbox=6..6 actionBytes=282 dataRoot=55b45d14c83dae408cf708d6d305c7f1102b7e470bf93db073b61b93673ce514 isCDXA=false NOT_FINALITY=true
    dex_continuous_economy_test.go:351: CONTINUOUS_DEX certified>=37 finalized>=34 active=7
    dex_continuous_economy_test.go:351: CONTINUOUS_DEX_INGRESS expectedHeight=38 bytes=21237
    dex_continuous_economy_test.go:351: CONTINUOUS_DEX certified>=38 finalized>=0 active=7
    dex_continuous_economy_test.go:351: CONTINUOUS_CERTIFIED_RECORD height=38 view=57 finalizedTip=37 anchor=87 inbox=6..6 actionBytes=21237 dataRoot=77c60bd81443fc8b44ac5a5b8054c7493f4480a0e2245ceedf8461f0a90a988b isCDXA=false NOT_FINALITY=true
    dex_continuous_economy_test.go:351: CONTINUOUS_REWARD_CLOSE period=3 actionHeight=38 packageBytes=21237 participants=7 grace=34
    dex_continuous_economy_test.go:352: CONTINUOUS_DEX_INGRESS expectedHeight=39 bytes=282
    dex_continuous_economy_test.go:352: CONTINUOUS_DEX certified>=39 finalized>=0 active=7
    dex_continuous_economy_test.go:352: CONTINUOUS_CERTIFIED_RECORD height=39 view=58 finalizedTip=38 anchor=87 inbox=6..6 actionBytes=282 dataRoot=cd6e1adfeb2491ad245ec0d73296ed1f721e5a2f5848e94244fac7732e76fb6c isCDXA=false NOT_FINALITY=true
    dex_continuous_economy_test.go:353: CONTINUOUS_DEX_INGRESS expectedHeight=40 bytes=282
    dex_continuous_economy_test.go:353: CONTINUOUS_DEX certified>=40 finalized>=0 active=7
    dex_continuous_economy_test.go:353: CONTINUOUS_CERTIFIED_RECORD height=40 view=59 finalizedTip=39 anchor=87 inbox=6..6 actionBytes=282 dataRoot=d0f349da916ec1b2e231d3c1ca6d09baf3538532f28f983e1c9418cc5883f095 isCDXA=false NOT_FINALITY=true
    dex_continuous_economy_test.go:354: CONTINUOUS_DEX certified>=40 finalized>=38 active=7
    dex_continuous_network_test.go:37: CONTINUOUS_CYCLE cycle=2 DEXFinalized=38 CLXAnchor=87 inbox=6 fees=106000000000000000 support=17062000000000000000 total=265000000000000000000 withdrawalReserved=20000000000000000000 rewardReserved=3000000000000000000
    dex_continuous_network_test.go:38: CONTINUOUS_PROGRESS_START label=settlement-38 idle=2m0s hard=2026-09-23T09:10:07.485821588Z canonical={Sequence:19 Claims:2 Anchor:7}
    dex_continuous_network_test.go:38: CONTINUOUS_CLAIM id=7e5255c0e2021a78f73dffc99d4391570e0b551e8c7cd4374ab17bc1c58258f5 seq=18 recipient=7a6fb71eae285577e05c58c98cf574a33b0faa5d amount=166666666666666666 kind=2
    dex_continuous_network_test.go:38: CONTINUOUS_TX height=83 block=0x43f48fe90e4331725540004b72e2f465ba5308a60384dff75f5a9143ed106728 tx=0x9a4b96d2027e9b3e12fcdb4d7d45d3112a1bc959f09d171812d2f7a12cb9aae8 payer=0x2d73c15905D2bBBf901A74dae7BD3A075b147AAd nonce=22 op=claim status=1 gas=390144 gasAtoms=624230400000000 commonAtoms=124846080000000 calldata=356
    dex_continuous_network_test.go:38: CONTINUOUS_TX height=84 block=0x9575575a9be998dd5590370407e47af45c5a2633e21a7e209fee8cd36d8f424e tx=0x8c9442fc11292257f854cc1244f3ae88af045baa1961d35aafd40ca52069ca88 payer=0x64ff47950Ca0bb3230C1461D2D99A0d924972000 nonce=20 op=claim-replay status=1 gas=390144 gasAtoms=624230400000000 commonAtoms=124846080000000 calldata=356
    dex_continuous_network_test.go:38: CONTINUOUS_CLAIM id=0e644f91b3edcb39d4abfa159bec518358aca4a1b2f315de5510318acc2aaa21 seq=18 recipient=8d482a36d9ba9ae4da2b6f8bd83eab1b78e23725 amount=166666666666666666 kind=2
    dex_continuous_network_test.go:38: CONTINUOUS_TX height=86 block=0xcc4fc5d13aaafd07efb61f8ae574432c1c405a92f9e5750f82123b4e73795956 tx=0x64991b6a433aa7f6a09fd15b37d739304f3b3c24daf30b2b5b16130c23d06588 payer=0x2d73c15905D2bBBf901A74dae7BD3A075b147AAd nonce=23 op=claim status=1 gas=390144 gasAtoms=624230400000000 commonAtoms=124846080000000 calldata=356
    dex_continuous_network_test.go:38: CONTINUOUS_TX height=88 block=0x4a2c7ee3a6123fa408573df21f238a4b4d5fea328990d210bd5fb91914ba8258 tx=0x3e3a7c2a2245072e0c3b78c28deddff88f85ccf7b86638a8e7777c55fc227d82 payer=0x64ff47950Ca0bb3230C1461D2D99A0d924972000 nonce=21 op=claim-replay status=1 gas=390144 gasAtoms=624230400000000 commonAtoms=124846080000000 calldata=356
    dex_continuous_network_test.go:38: CONTINUOUS_CLAIM id=9b7a16e46ed12ca74e22350dbd22005eb6c05d14a4f6d6293345d68e7725db28 seq=18 recipient=93c6e92475e31073d7d3d123a3ff34816c156845 amount=166666666666666667 kind=2
    dex_continuous_network_test.go:38: CONTINUOUS_TX height=90 block=0x26b1b98e8a7c6ef92208ffc806608f850f75926280e501497106b4a0d37ca187 tx=0xb00730e46b8f0f4c22ef780eb946c70c17abc00e439430447ef4934b0c9cdc8c payer=0x2d73c15905D2bBBf901A74dae7BD3A075b147AAd nonce=24 op=claim status=1 gas=390120 gasAtoms=624192000000000 commonAtoms=124838400000000 calldata=356
    dex_continuous_network_test.go:38: CONTINUOUS_CLAIM id=1c651f8e727853d94b7b74240f4df58cedc529e535d7c35f9f0040be16ed2787 seq=18 recipient=91a277c5f063e9a35893c0d5c0714af4945f242b amount=166666666666666667 kind=2
    dex_continuous_network_test.go:38: CONTINUOUS_TX height=92 block=0xb6e8abc1dfbc0359f2da3c30d0f653b6f05c3a963a4a793ed72bb9cf61ec4bee tx=0x071873dc099bf8a61950a92fdb74376b9ccf5591ff4a99bc96e282c3f61257fb payer=0x64ff47950Ca0bb3230C1461D2D99A0d924972000 nonce=22 op=claim status=1 gas=390120 gasAtoms=624192000000000 commonAtoms=124838400000000 calldata=356
    dex_continuous_network_test.go:38: CONTINUOUS_TX height=94 block=0x3bf39bbc616add9cdd977bd55fb51ee28124e36b95fbb84c0e4a6943358bef8a tx=0x62fadf89c1fd6639e2260ab9d79817c0e1fe399394dc5df9cfd9766144528052 payer=0x2d73c15905D2bBBf901A74dae7BD3A075b147AAd nonce=25 op=claim-replay status=1 gas=390120 gasAtoms=624192000000000 commonAtoms=124838400000000 calldata=356
    dex_continuous_network_test.go:38: CONTINUOUS_CHECKPOINT sequence=20 hash=57f79a2c8dfcdcf8ec474fdebca2e187c681d8fff4d9fbfe4168e344071b648b anchor=7/a7511f198fb170cca428af1469567b03c3669329914b6a31b946843eec7044aa inbox=4..4 fee=0 rewardFee=0 rewardSupport=0
    dex_continuous_network_test.go:38: CONTINUOUS_TX height=96 block=0xa5e86da0f75ca23e5a9b4f9d1bb8d7b5ec950ea3b11c67a39921abc5fe91524a tx=0xbadc6257bf663bd91a3a92e9da31bb6c8f785433700fc9bfa94ff508bd86764e payer=0x2d73c15905D2bBBf901A74dae7BD3A075b147AAd nonce=26 op=checkpoint status=1 gas=12153864 gasAtoms=19446182400000000 commonAtoms=3889236480000000 calldata=2574
    dex_continuous_network_test.go:38: CONTINUOUS_ANCHOR_COST tx=0xd09c6eb456795e221f41f391fbd2c4035cc59d415df07232de058c3b78841fc8 calldata=61442 headers=32 mptNodes=7 mptBytes=1720 gas=15307264
    dex_continuous_network_test.go:38: CONTINUOUS_TX height=98 block=0xc87f50412767cc65d0397a18413230d135852ae5f67d92ef1190973860901cea tx=0xd09c6eb456795e221f41f391fbd2c4035cc59d415df07232de058c3b78841fc8 payer=0x64ff47950Ca0bb3230C1461D2D99A0d924972000 nonce=23 op=anchor status=1 gas=15307264 gasAtoms=24491622400000000 commonAtoms=4898324480000000 calldata=61442
    dex_continuous_network_test.go:38: CONTINUOUS_ANCHOR_COST tx=0x46bf0f935cf5e0d32769be4c9e45cfc2f2c2e561dd0c120bd470faebb766f166 calldata=61442 headers=32 mptNodes=7 mptBytes=1720 gas=15307264
    dex_continuous_network_test.go:38: CONTINUOUS_TX height=100 block=0xe07c6b173929118b4b269f6a47496941f3d9cc36ecd404ffa77fcc3a70da74bc tx=0x46bf0f935cf5e0d32769be4c9e45cfc2f2c2e561dd0c120bd470faebb766f166 payer=0x2d73c15905D2bBBf901A74dae7BD3A075b147AAd nonce=27 op=anchor status=1 gas=15307264 gasAtoms=24491622400000000 commonAtoms=4898324480000000 calldata=61442
    dex_continuous_network_test.go:38: CONTINUOUS_CANONICAL_PROGRESS label=settlement-38 elapsed=330.992322ms idle=330.992322ms sequence=20 uniquePaid=6 nativeAnchor=39
    dex_continuous_network_test.go:38: CONTINUOUS_CHECKPOINT sequence=21 hash=f1fef7d204253d867c3a2f0dce8404235091e3051aae0ec9840aed99208c2614 anchor=39/9a88b344a1cb3c3cec1aba41061c27acda818c5275724a0a70c3b78f2f4b0f29 inbox=4..4 fee=0 rewardFee=0 rewardSupport=0
    dex_continuous_network_test.go:38: CONTINUOUS_TX height=102 block=0x4a0a5a6c00eccaa1fc7c3cb712a627b10e6c9a93162bc9b1eedacee62c92272c tx=0x77348a3e50cb9adeee626e3587b4ee58fc493bf629ab2617be5e3b5893a0f981 payer=0x64ff47950Ca0bb3230C1461D2D99A0d924972000 nonce=24 op=checkpoint status=1 gas=12126168 gasAtoms=19401868800000000 commonAtoms=3880373760000000 calldata=2052
    dex_continuous_network_test.go:38: CONTINUOUS_CANONICAL_PROGRESS label=settlement-38 elapsed=1.80995334s idle=1.478961018s sequence=21 uniquePaid=6 nativeAnchor=39
    dex_continuous_network_test.go:38: CONTINUOUS_TX height=103 block=0x894ea6b87772eb27fec40dd3e477ba09393f84ab004aa2c26f840ae85a23031b tx=0xdafb370567178464e4f4caeaa2c11ae7a048cc0881dd315eb75501cb4eeda8c3 payer=0x2d73c15905D2bBBf901A74dae7BD3A075b147AAd nonce=28 op=checkpoint-replay status=1 gas=12126168 gasAtoms=19401868800000000 commonAtoms=3880373760000000 calldata=2052
    dex_continuous_network_test.go:38: CONTINUOUS_CHECKPOINT sequence=22 hash=65774d7d9fc5020b881a4964b5e3e7f1e57bff7a733c633a6c0b78bbc0a1c1e4 anchor=39/9a88b344a1cb3c3cec1aba41061c27acda818c5275724a0a70c3b78f2f4b0f29 inbox=4..4 fee=0 rewardFee=0 rewardSupport=0
    dex_continuous_network_test.go:38: CONTINUOUS_TX height=105 block=0xabf364fb9cbb6df7998f76e542957e9baaf627551776302103e97bcc847b7a73 tx=0x85a5fe990256cbf475ff26f245aa227cf82d04d834260eacd0406f35aa0bc8a5 payer=0x64ff47950Ca0bb3230C1461D2D99A0d924972000 nonce=25 op=checkpoint status=1 gas=12153852 gasAtoms=19446163200000000 commonAtoms=3889232640000000 calldata=2574
    dex_continuous_network_test.go:38: CONTINUOUS_TX height=106 block=0xc7e2d762e992939963ebb5c74f4236b1f4bc9136c72cb4e7130982db6b01e27c tx=0x4eefc6e25f27e44a526488e292ee4c715effcadf10378cef1e622ecf0135ca47 payer=0x2d73c15905D2bBBf901A74dae7BD3A075b147AAd nonce=29 op=checkpoint-replay status=1 gas=12153852 gasAtoms=19446163200000000 commonAtoms=3889232640000000 calldata=2574
    dex_continuous_network_test.go:38: CONTINUOUS_CANONICAL_PROGRESS label=settlement-38 elapsed=5.097008559s idle=3.287055219s sequence=22 uniquePaid=6 nativeAnchor=39
    dex_continuous_network_test.go:38: CONTINUOUS_ANCHOR_COST tx=0xbb5b357a35d9bcd37a5bca42474bebcc29b485bcd0bb831b67c315cef1ebe3e5 calldata=63282 headers=32 mptNodes=7 mptBytes=1976 gas=15405036
    dex_continuous_network_test.go:38: CONTINUOUS_TX height=108 block=0x0535e40791e99b611f6695881805b011a3200f99477361d6a79f4e7a5ae7f2e7 tx=0xbb5b357a35d9bcd37a5bca42474bebcc29b485bcd0bb831b67c315cef1ebe3e5 payer=0x64ff47950Ca0bb3230C1461D2D99A0d924972000 nonce=26 op=anchor status=1 gas=15405036 gasAtoms=24648057600000000 commonAtoms=4929611520000000 calldata=63282
    dex_continuous_network_test.go:38: CONTINUOUS_CANONICAL_PROGRESS label=settlement-38 elapsed=9.121441326s idle=4.024432767s sequence=22 uniquePaid=6 nativeAnchor=71
    dex_continuous_network_test.go:38: CONTINUOUS_ANCHOR_COST tx=0x6b4e27ad13e4d80f02c8135acc9a74ccd03fd4cf4cab751d3db18a04c4e2c151 calldata=63282 headers=32 mptNodes=7 mptBytes=1976 gas=15405036
    dex_continuous_network_test.go:38: CONTINUOUS_TX height=109 block=0xc1a5f2bcb63c4e6f5d6703064a1bb5b4b0aea0d6ff747616c6d84a5cfb11c986 tx=0x6b4e27ad13e4d80f02c8135acc9a74ccd03fd4cf4cab751d3db18a04c4e2c151 payer=0x2d73c15905D2bBBf901A74dae7BD3A075b147AAd nonce=30 op=anchor status=1 gas=15405036 gasAtoms=24648057600000000 commonAtoms=4929611520000000 calldata=63282
    dex_continuous_network_test.go:38: CONTINUOUS_CHECKPOINT sequence=23 hash=044e20f0d02eb31a2751897682d80ff80b351f745c14a67f41457e73f2a2583a anchor=71/a5e8618d2b4eaa2e0aa483db83ed7915e417d3cf4754e140f45909fd2e587020 inbox=4..4 fee=0 rewardFee=0 rewardSupport=0
    dex_continuous_network_test.go:38: CONTINUOUS_TX height=111 block=0xa45faea64502246d362c1d41833f1eabd937bfac8079d6d0c97735dabc3f5ebe tx=0xfb18cf4947fad9ce88efc9b4729ac7725ce095f354ad4b15d84f9585dc01b940 payer=0x64ff47950Ca0bb3230C1461D2D99A0d924972000 nonce=27 op=checkpoint status=1 gas=12126168 gasAtoms=19401868800000000 commonAtoms=3880373760000000 calldata=2052
    dex_continuous_network_test.go:38: CONTINUOUS_CANONICAL_PROGRESS label=settlement-38 elapsed=11.131637294s idle=2.010195968s sequence=23 uniquePaid=6 nativeAnchor=71
    dex_continuous_network_test.go:38: CONTINUOUS_TX height=113 block=0xc0b0c3e22f44ed52f9fb5c79487ab4efdd279075332bab64039061dbdfd3a5b1 tx=0x26ffd4a28d89bc3acb77d1e30c278945a826106ebf5a4c083211686598180f54 payer=0x2d73c15905D2bBBf901A74dae7BD3A075b147AAd nonce=31 op=checkpoint-replay status=1 gas=12126168 gasAtoms=19401868800000000 commonAtoms=3880373760000000 calldata=2052
    dex_continuous_network_test.go:38: CONTINUOUS_CHECKPOINT sequence=24 hash=7c5617fe8c6708e23946afad581bd4087f0b86afba18c70fe620856d99aeba5d anchor=71/a5e8618d2b4eaa2e0aa483db83ed7915e417d3cf4754e140f45909fd2e587020 inbox=4..4 fee=0 rewardFee=0 rewardSupport=0
    dex_continuous_network_test.go:38: CONTINUOUS_TX height=115 block=0x3073a65d937ca94d1d5bea9fddbe3ab2df1d9fbd2100b7f0979f0462370305dc tx=0x377921fe628bbc250a93e8c916c31871ee70e0ec6f450a9d44f17730521a94e1 payer=0x64ff47950Ca0bb3230C1461D2D99A0d924972000 nonce=28 op=checkpoint status=1 gas=12153840 gasAtoms=19446144000000000 commonAtoms=3889228800000000 calldata=2574
    dex_continuous_network_test.go:38: CONTINUOUS_CANONICAL_PROGRESS label=settlement-38 elapsed=14.033496004s idle=2.90185871s sequence=24 uniquePaid=6 nativeAnchor=71
    dex_continuous_network_test.go:38: CONTINUOUS_TX height=117 block=0x1b8c0df9e4fcc4c6ffd0a83c07bf78104edd4af5bad8dda0244f23da51e82046 tx=0xbb4f0502d6f6224872d93a198175809e91fc11f97be964dc41e71de4ca2ff391 payer=0x2d73c15905D2bBBf901A74dae7BD3A075b147AAd nonce=32 op=checkpoint-replay status=1 gas=12153840 gasAtoms=19446144000000000 commonAtoms=3889228800000000 calldata=2574
    dex_continuous_network_test.go:38: CONTINUOUS_ANCHOR_COST tx=0xfe62a64b4462ebc9a189052d85490e550f8716263bb31ce2b5eb0fc9198ef0f6 calldata=32426 headers=16 mptNodes=7 mptBytes=2008 gas=13754128
    dex_continuous_network_test.go:38: CONTINUOUS_TX height=119 block=0x87c53cc90f97d483575059dddf41ffcc5c8d39046d812be3c5e85321bdd983a8 tx=0xfe62a64b4462ebc9a189052d85490e550f8716263bb31ce2b5eb0fc9198ef0f6 payer=0x64ff47950Ca0bb3230C1461D2D99A0d924972000 nonce=29 op=anchor status=1 gas=13754128 gasAtoms=22006604800000000 commonAtoms=4401320960000000 calldata=32426
    dex_continuous_network_test.go:38: CONTINUOUS_CANONICAL_PROGRESS label=settlement-38 elapsed=16.866150436s idle=2.832654432s sequence=24 uniquePaid=6 nativeAnchor=87
    dex_continuous_network_test.go:38: CONTINUOUS_ANCHOR_COST tx=0x9177c273c16da16df1a3e9757047db71e09ef434634df915e6d3c3ce2a6f4cb5 calldata=32426 headers=16 mptNodes=7 mptBytes=2008 gas=13754128
    dex_continuous_network_test.go:38: CONTINUOUS_TX height=121 block=0x1a7c2de65d82339907703fef94a4227f5a1988886f284fa4bc3730aed6c4b089 tx=0x9177c273c16da16df1a3e9757047db71e09ef434634df915e6d3c3ce2a6f4cb5 payer=0x2d73c15905D2bBBf901A74dae7BD3A075b147AAd nonce=33 op=anchor status=1 gas=13754128 gasAtoms=22006604800000000 commonAtoms=4401320960000000 calldata=32426
    dex_continuous_network_test.go:38: CONTINUOUS_CHECKPOINT sequence=25 hash=4202dc994cb231fb3ca02f8a620b66bc87c3fb7b65ac0224195f7e9cba17bb11 anchor=87/fe4bdfcc4f2d6ea2f1719b94cd057cbbb6cdc2457ce7976d8702ab93908bd4ec inbox=4..6 fee=0 rewardFee=0 rewardSupport=0
    dex_continuous_network_test.go:38: CONTINUOUS_TX height=123 block=0x369cdad74006e947ec63c79363eb549858588f978cbac1d48ae886817db011b6 tx=0xa52dc896192a8f38297d3b04ce9b55edadae3ca807b74b625a7101976c7b1b7d payer=0x64ff47950Ca0bb3230C1461D2D99A0d924972000 nonce=30 op=checkpoint status=1 gas=12126612 gasAtoms=19402579200000000 commonAtoms=3880515840000000 calldata=2052
    dex_continuous_network_test.go:38: CONTINUOUS_CANONICAL_PROGRESS label=settlement-38 elapsed=20.038200557s idle=3.172050121s sequence=25 uniquePaid=6 nativeAnchor=87
    dex_continuous_network_test.go:38: CONTINUOUS_TX height=124 block=0xd6c7aa0c67a8a1f7dfb516c0c087d7d0fbfd30bcfb94890b84d116b2beb64bcd tx=0x2ab70dd8dda700b71f0f0c899b5e768fde8711c7e9aa3f3c76e76b18b67847b0 payer=0x2d73c15905D2bBBf901A74dae7BD3A075b147AAd nonce=34 op=checkpoint-replay status=1 gas=12126612 gasAtoms=19402579200000000 commonAtoms=3880515840000000 calldata=2052
    dex_continuous_network_test.go:38: CONTINUOUS_CHECKPOINT sequence=26 hash=f05f547d177495d2d4385324750473ef353308d332b14ca8567f40ff89faa04f anchor=87/fe4bdfcc4f2d6ea2f1719b94cd057cbbb6cdc2457ce7976d8702ab93908bd4ec inbox=6..6 fee=0 rewardFee=0 rewardSupport=0
    dex_continuous_network_test.go:38: CONTINUOUS_TX height=126 block=0xef0960feb01287681eb2f2a4da266ed46462013c2a65c7232028836d75aee11b tx=0x4e9170e3c085d1899b7b6d03fe18380dfd26b4530be8e6b4ef311dcd603e1b04 payer=0x64ff47950Ca0bb3230C1461D2D99A0d924972000 nonce=31 op=checkpoint status=1 gas=12126156 gasAtoms=19401849600000000 commonAtoms=3880369920000000 calldata=2052
    dex_continuous_network_test.go:38: CONTINUOUS_TX height=128 block=0x0967438098b274a84df2e796b1a9053437c40a8f677fea6783c8380a7dc9612d tx=0x3f0ed659d80332a09c64de68a3a6d1144e7cae63b4e92f8620ccc9bddb0c9bbc payer=0x2d73c15905D2bBBf901A74dae7BD3A075b147AAd nonce=35 op=checkpoint-replay status=1 gas=12126156 gasAtoms=19401849600000000 commonAtoms=3880369920000000 calldata=2052
    dex_continuous_network_test.go:38: CONTINUOUS_CANONICAL_PROGRESS label=settlement-38 elapsed=22.947102932s idle=2.908902375s sequence=26 uniquePaid=6 nativeAnchor=87
    dex_continuous_network_test.go:38: CONTINUOUS_CHECKPOINT sequence=27 hash=0170a659c6cd0cf32812eed1ec9dbd0184a40801130ccf95875e27aa74bc02b1 anchor=87/fe4bdfcc4f2d6ea2f1719b94cd057cbbb6cdc2457ce7976d8702ab93908bd4ec inbox=6..6 fee=0 rewardFee=0 rewardSupport=0
    dex_continuous_network_test.go:38: CONTINUOUS_TX height=130 block=0xbd3df7daec5e3d0df2d595e69a3b421eb17ade0b608079187f29e60a41b3bcf2 tx=0xa21dc7d4e3908cdad8ba6e3ba33ce174bd1b101e273abbf54451464516c68b7c payer=0x64ff47950Ca0bb3230C1461D2D99A0d924972000 nonce=32 op=checkpoint status=1 gas=12126156 gasAtoms=19401849600000000 commonAtoms=3880369920000000 calldata=2052
    dex_continuous_network_test.go:38: CONTINUOUS_CANONICAL_PROGRESS label=settlement-38 elapsed=26.394348715s idle=3.447245783s sequence=27 uniquePaid=6 nativeAnchor=87
    dex_continuous_network_test.go:38: CONTINUOUS_TX height=132 block=0xec288e7d86601d8136f69634f5bee4a999823ffa0a2f0c19b255728d1a8c4e52 tx=0xe650e88d4432fc6c57e608ef8e7552564217150d24642195bc78ee27ac591462 payer=0x2d73c15905D2bBBf901A74dae7BD3A075b147AAd nonce=36 op=checkpoint-replay status=1 gas=12126156 gasAtoms=19401849600000000 commonAtoms=3880369920000000 calldata=2052
    dex_continuous_network_test.go:38: CONTINUOUS_CHECKPOINT sequence=28 hash=e006c10e73958a4458082cb0d2755c15bfd0ec63f05816b21a0b0d2a9b052c88 anchor=87/fe4bdfcc4f2d6ea2f1719b94cd057cbbb6cdc2457ce7976d8702ab93908bd4ec inbox=6..6 fee=0 rewardFee=0 rewardSupport=0
    dex_continuous_network_test.go:38: CONTINUOUS_TX height=134 block=0x8fbe6ad0b9ec94b9aeaaaa81360f74a4399d0e68a1293bc1cd3076fda9692336 tx=0x18d02434239e3d46d5217a473bff2321d9248ba9f839f4f08630f72675b21672 payer=0x64ff47950Ca0bb3230C1461D2D99A0d924972000 nonce=33 op=checkpoint status=1 gas=12126132 gasAtoms=19401811200000000 commonAtoms=3880362240000000 calldata=2052
    dex_continuous_network_test.go:38: CONTINUOUS_CANONICAL_PROGRESS label=settlement-38 elapsed=29.144502099s idle=2.750153384s sequence=28 uniquePaid=6 nativeAnchor=87
    dex_continuous_network_test.go:38: CONTINUOUS_TX height=136 block=0x4f229171d085057344bb6aacebae5e9d0d2a61eef493e9f4126903ded8a634a7 tx=0x69f32a50e04a1d0c4a2752f2c1a9a0cf81926cefdd269c5953a503962279abda payer=0x2d73c15905D2bBBf901A74dae7BD3A075b147AAd nonce=37 op=checkpoint-replay status=1 gas=12126132 gasAtoms=19401811200000000 commonAtoms=3880362240000000 calldata=2052
    dex_continuous_network_test.go:38: CONTINUOUS_CHECKPOINT sequence=29 hash=0d726f41e33adea73be664521e3b9b12d295ebbbbb11e4405d385a9a8ca5edfe anchor=87/fe4bdfcc4f2d6ea2f1719b94cd057cbbb6cdc2457ce7976d8702ab93908bd4ec inbox=6..6 fee=40000000000000000 rewardFee=0 rewardSupport=0
    dex_continuous_network_test.go:38: CONTINUOUS_TX height=138 block=0x848f68783b94fedde3b17d71f21a68dd761b51a4da3b0b283ad8e94d1d5366cc tx=0xdd8c49e330924fdbefcea6c92b782d99163b54c0315f6580b3817fa191e434ea payer=0x64ff47950Ca0bb3230C1461D2D99A0d924972000 nonce=34 op=checkpoint status=1 gas=12126168 gasAtoms=19401868800000000 commonAtoms=3880373760000000 calldata=2052
    dex_continuous_network_test.go:38: CONTINUOUS_CANONICAL_PROGRESS label=settlement-38 elapsed=32.811288015s idle=3.666785916s sequence=29 uniquePaid=6 nativeAnchor=87
    dex_continuous_network_test.go:38: CONTINUOUS_TX height=140 block=0xbe5c11d721c542cd1f1b345944d4f37bf304267e4de0712c0fd240cf698aad3e tx=0x4027abf4b21b4b8c4c9469c0b4ff2708b9d9278751d4a4a5a457e1ae1db3eb7c payer=0x2d73c15905D2bBBf901A74dae7BD3A075b147AAd nonce=38 op=checkpoint-replay status=1 gas=12126168 gasAtoms=19401868800000000 commonAtoms=3880373760000000 calldata=2052
    dex_continuous_network_test.go:38: CONTINUOUS_CHECKPOINT sequence=30 hash=c03ff5c63b26eca9ef4ded8655ac315b6b6eb956dc28345d9474feb09c460286 anchor=87/fe4bdfcc4f2d6ea2f1719b94cd057cbbb6cdc2457ce7976d8702ab93908bd4ec inbox=6..6 fee=0 rewardFee=0 rewardSupport=0
    dex_continuous_network_test.go:38: CONTINUOUS_TX height=142 block=0x23c2a23cb6a742d3767009367dfeeccb53df4402045fe4a014f2b8c8a164fc39 tx=0xa463b29c18b645c4581e2cde1c722aae15df36dab8b50d8a80f23b28f0b8e309 payer=0x64ff47950Ca0bb3230C1461D2D99A0d924972000 nonce=35 op=checkpoint status=1 gas=12126120 gasAtoms=19401792000000000 commonAtoms=3880358400000000 calldata=2052
    dex_continuous_network_test.go:38: CONTINUOUS_CANONICAL_PROGRESS label=settlement-38 elapsed=35.830009267s idle=3.018721252s sequence=30 uniquePaid=6 nativeAnchor=87
    dex_continuous_network_test.go:38: CONTINUOUS_TX height=144 block=0x0ea665a9e9802168d44d5f73ec50b494c0f2b495ee50b04ef87fc7f32f0f393a tx=0x4958d3ff52c8558bf1686087d2a3fe808869ff312904b69d52479451ec7e0a2f payer=0x2d73c15905D2bBBf901A74dae7BD3A075b147AAd nonce=39 op=checkpoint-replay status=1 gas=12126120 gasAtoms=19401792000000000 commonAtoms=3880358400000000 calldata=2052
    dex_continuous_network_test.go:38: CONTINUOUS_CHECKPOINT sequence=31 hash=5bea7d14059cfb8c5a4ad15e967a77d66eb0a53066951d93157d61bdd4e67045 anchor=87/fe4bdfcc4f2d6ea2f1719b94cd057cbbb6cdc2457ce7976d8702ab93908bd4ec inbox=6..6 fee=0 rewardFee=0 rewardSupport=0
    dex_continuous_network_test.go:38: CONTINUOUS_TX height=146 block=0x2bf540abe4cf5b5fd002fc65ab89cb8200bcda61a3339242a862de35ad685d98 tx=0x5765d0d48c2d2fe08cdc6be548e573cb8c6715d93d0ec3f9f36e96bfe6cefef6 payer=0x64ff47950Ca0bb3230C1461D2D99A0d924972000 nonce=36 op=checkpoint status=1 gas=12126132 gasAtoms=19401811200000000 commonAtoms=3880362240000000 calldata=2052
    dex_continuous_network_test.go:38: CONTINUOUS_CANONICAL_PROGRESS label=settlement-38 elapsed=39.156347257s idle=3.32633799s sequence=31 uniquePaid=6 nativeAnchor=87
    dex_continuous_network_test.go:38: CONTINUOUS_TX height=148 block=0x25b319d521a737971fc052d0a3ec6053957d6df0f6342614348f3c9995594d1f tx=0xac9738509f2e65a8244ea6764f7e144eeaca145b2576a514f1244037bbd2abce payer=0x2d73c15905D2bBBf901A74dae7BD3A075b147AAd nonce=40 op=checkpoint-replay status=1 gas=12126132 gasAtoms=19401811200000000 commonAtoms=3880362240000000 calldata=2052
    dex_continuous_network_test.go:38: CONTINUOUS_CHECKPOINT sequence=32 hash=5f1ae84d1b1bce0d450f8a857b5d279b7e44493129f19ae4ef7434a7d29fc106 anchor=87/fe4bdfcc4f2d6ea2f1719b94cd057cbbb6cdc2457ce7976d8702ab93908bd4ec inbox=6..6 fee=0 rewardFee=0 rewardSupport=0
    dex_continuous_network_test.go:38: CONTINUOUS_TX height=150 block=0x11b7263ba7c83fb50afee2f2f862b922b88517fa891f5f9e834fe3313fc186d2 tx=0xc265bb588937472a867b9da1fc14b0bb8d22c96a2ded922b63756e28e827c4c0 payer=0x64ff47950Ca0bb3230C1461D2D99A0d924972000 nonce=37 op=checkpoint status=1 gas=12126132 gasAtoms=19401811200000000 commonAtoms=3880362240000000 calldata=2052
    dex_continuous_network_test.go:38: CONTINUOUS_CANONICAL_PROGRESS label=settlement-38 elapsed=43.155928128s idle=3.999580871s sequence=32 uniquePaid=6 nativeAnchor=87
    dex_continuous_network_test.go:38: CONTINUOUS_TX height=152 block=0x8de64781cd45bb64ddc54d94174c5ec4a8cb93a42a5402e9dd7c70aae85bc849 tx=0x29e39f8e35a1f2e254333bca669a7c6038f5562ca8d7decc8201b383eade0b21 payer=0x2d73c15905D2bBBf901A74dae7BD3A075b147AAd nonce=41 op=checkpoint-replay status=1 gas=12126132 gasAtoms=19401811200000000 commonAtoms=3880362240000000 calldata=2052
    dex_continuous_network_test.go:38: CONTINUOUS_CHECKPOINT sequence=33 hash=ffe34b97774a46bc6a354d81959cdd7619ae4fe3e2ff74ab220f62a0c68c0a41 anchor=87/fe4bdfcc4f2d6ea2f1719b94cd057cbbb6cdc2457ce7976d8702ab93908bd4ec inbox=6..6 fee=44000000000000000 rewardFee=0 rewardSupport=0
    dex_continuous_network_test.go:38: CONTINUOUS_TX height=154 block=0xb74d1d33a10cd10102ab7ad1a1fad99286798748fa92deacc9375c8cb7a4dcea tx=0x09038128b3801247230809bbde785cd479151cf37edb52ed65ea82b5da4b0d89 payer=0x64ff47950Ca0bb3230C1461D2D99A0d924972000 nonce=38 op=checkpoint status=1 gas=12126192 gasAtoms=19401907200000000 commonAtoms=3880381440000000 calldata=2052
    dex_continuous_network_test.go:38: CONTINUOUS_CANONICAL_PROGRESS label=settlement-38 elapsed=46.658525459s idle=3.502597331s sequence=33 uniquePaid=6 nativeAnchor=87
    dex_continuous_network_test.go:38: CONTINUOUS_TX height=156 block=0xa2f1467e3941f13531798645da8ac9aa8a484c962685a104e5b8aafda775254f tx=0x00797d86aa01edda302ea935009b392fd1bdfe758182cfc3616dba04fe013021 payer=0x2d73c15905D2bBBf901A74dae7BD3A075b147AAd nonce=42 op=checkpoint-replay status=1 gas=12126192 gasAtoms=19401907200000000 commonAtoms=3880381440000000 calldata=2052
    dex_continuous_network_test.go:38: CONTINUOUS_CHECKPOINT sequence=34 hash=ab7e08fc1630b144e0dc3d81a55cdeef1dfa28e005d342cca016b4d9852fe97c anchor=87/fe4bdfcc4f2d6ea2f1719b94cd057cbbb6cdc2457ce7976d8702ab93908bd4ec inbox=6..6 fee=0 rewardFee=22000000000000000 rewardSupport=978000000000000000
    dex_continuous_network_test.go:38: CONTINUOUS_TX height=158 block=0xee9a73ec179c531a92247111ad8a5c82e640ae6e0fd13ffbbf59ca7f86455c01 tx=0xd279e33f490029f689e03330542361bcdca694f4b956c6475d1ca69d6c6fdf28 payer=0x64ff47950Ca0bb3230C1461D2D99A0d924972000 nonce=39 op=checkpoint status=1 gas=12127164 gasAtoms=19403462400000000 commonAtoms=3880692480000000 calldata=2052
    dex_continuous_network_test.go:38: CONTINUOUS_CANONICAL_PROGRESS label=settlement-38 elapsed=50.701989483s idle=4.043464024s sequence=34 uniquePaid=6 nativeAnchor=87
    dex_continuous_network_test.go:38: CONTINUOUS_TX height=160 block=0xf4fffb36cef0d215efd0d96d142063923d85de37cb992a26ac2b45691e7a6b8f tx=0x954bdd831b88137ec453d7f98fd0c879d3859b31f49e973946d25f0c7937d5d4 payer=0x2d73c15905D2bBBf901A74dae7BD3A075b147AAd nonce=43 op=checkpoint-replay status=1 gas=12127164 gasAtoms=19403462400000000 commonAtoms=3880692480000000 calldata=2052
    dex_continuous_network_test.go:38: CONTINUOUS_CHECKPOINT sequence=35 hash=08c5776a2246219f146ad2274600508bc3d9a0cee4230f4fc4b0d4d19bb98293 anchor=87/fe4bdfcc4f2d6ea2f1719b94cd057cbbb6cdc2457ce7976d8702ab93908bd4ec inbox=6..6 fee=0 rewardFee=0 rewardSupport=0
    dex_continuous_network_test.go:38: CONTINUOUS_TX height=162 block=0x19b440d9a3913fddaec20c4b91cc152165ed0dcd296441f26ae5e0bcd61b4088 tx=0xd35a908f5f00529fdb5908473d156f228e514341a7fca0dee0cc425ba3f359e8 payer=0x64ff47950Ca0bb3230C1461D2D99A0d924972000 nonce=40 op=checkpoint status=1 gas=12126108 gasAtoms=19401772800000000 commonAtoms=3880354560000000 calldata=2052
    dex_continuous_network_test.go:38: CONTINUOUS_CANONICAL_PROGRESS label=settlement-38 elapsed=52.578333621s idle=1.876344138s sequence=35 uniquePaid=6 nativeAnchor=87
    dex_continuous_network_test.go:38: CONTINUOUS_TX height=164 block=0xc7becee2fa3f857f7dc79cb83e3ed2ea36fc3d4f232f446a7d9665835dad2eb6 tx=0xd92d1851545bc393c5a34bd8598644b798f34d07ef6c49e539256c0440ea47c2 payer=0x2d73c15905D2bBBf901A74dae7BD3A075b147AAd nonce=44 op=checkpoint-replay status=1 gas=12126108 gasAtoms=19401772800000000 commonAtoms=3880354560000000 calldata=2052
    dex_continuous_network_test.go:38: CONTINUOUS_CHECKPOINT sequence=36 hash=f3d264c23834980d3fbd1c8b3aeac27b1fda9c9e0ee205764aeee0dd10b316b1 anchor=87/fe4bdfcc4f2d6ea2f1719b94cd057cbbb6cdc2457ce7976d8702ab93908bd4ec inbox=6..6 fee=0 rewardFee=0 rewardSupport=0
    dex_continuous_network_test.go:38: CONTINUOUS_TX height=166 block=0xb13763b18d2b9fa21e5a44689077100609abffa5db61e6910fc5a44b614279e8 tx=0xea097451364316dec904886e6a31e1b4c7e6f2d8e42bdbb55e308d6d24586c10 payer=0x64ff47950Ca0bb3230C1461D2D99A0d924972000 nonce=41 op=checkpoint status=1 gas=12126108 gasAtoms=19401772800000000 commonAtoms=3880354560000000 calldata=2052
    dex_continuous_network_test.go:38: CONTINUOUS_CANONICAL_PROGRESS label=settlement-38 elapsed=55.443719285s idle=2.865385664s sequence=36 uniquePaid=6 nativeAnchor=87
    dex_continuous_network_test.go:38: CONTINUOUS_TX height=168 block=0xc465e2e4f33d54cc1c6be771bfb83f29333019aa5e7c47fefb216330a00236d1 tx=0x3e046e894d5295b3e2c98579907a504f36c5b585f3eca5fc521449f1ebb24ca5 payer=0x2d73c15905D2bBBf901A74dae7BD3A075b147AAd nonce=45 op=checkpoint-replay status=1 gas=12126108 gasAtoms=19401772800000000 commonAtoms=3880354560000000 calldata=2052
    dex_continuous_network_test.go:38: CONTINUOUS_CHECKPOINT sequence=37 hash=13626cc610f0470d957dd8b5b1627e1f355b44abcb5904c84343a7c18d7751ed anchor=87/fe4bdfcc4f2d6ea2f1719b94cd057cbbb6cdc2457ce7976d8702ab93908bd4ec inbox=6..6 fee=0 rewardFee=0 rewardSupport=0
    dex_continuous_network_test.go:38: CONTINUOUS_TX height=170 block=0x23061dec579c4c301a53e1443dcdf81c23f89c7b7ec41eea9da5e068f592a1e2 tx=0x9eb6a26033557b704ac8ea84e8cb6ec4522b20ebbaf6953242f7f5cc757ba98e payer=0x64ff47950Ca0bb3230C1461D2D99A0d924972000 nonce=42 op=checkpoint status=1 gas=12126672 gasAtoms=19402675200000000 commonAtoms=3880535040000000 calldata=2052
    dex_continuous_network_test.go:38: CONTINUOUS_TX height=172 block=0xf3af16f8678373903e9e67878d6c7f6a80cc7555135353d0ad6e38a23af92864 tx=0x6db628990c500bcff49a426131d329a08050811b2d6a64a6f0233510b8aa6510 payer=0x2d73c15905D2bBBf901A74dae7BD3A075b147AAd nonce=46 op=checkpoint-replay status=1 gas=12126672 gasAtoms=19402675200000000 commonAtoms=3880535040000000 calldata=2052
    dex_continuous_network_test.go:38: CONTINUOUS_CANONICAL_PROGRESS label=settlement-38 elapsed=59.90119203s idle=4.457472745s sequence=37 uniquePaid=6 nativeAnchor=87
    dex_continuous_network_test.go:38: CONTINUOUS_CHECKPOINT sequence=38 hash=fcbf3c87109f16a626c49aa67bb997ebc104963b7ec3bd755a6a4021bd7dd79b anchor=87/fe4bdfcc4f2d6ea2f1719b94cd057cbbb6cdc2457ce7976d8702ab93908bd4ec inbox=6..6 fee=0 rewardFee=20000000000000000 rewardSupport=980000000000000000
    dex_continuous_network_test.go:38: CONTINUOUS_TX height=174 block=0x01be89ea3c7be49de8ce3ac8ad92180ca59cd4809f854b73e49683ccfdd3935f tx=0x8a193d76040df84a5a47279459b62e6d94cd6374155afd850633dd887c7388f1 payer=0x64ff47950Ca0bb3230C1461D2D99A0d924972000 nonce=43 op=checkpoint status=1 gas=12127140 gasAtoms=19403424000000000 commonAtoms=3880684800000000 calldata=2052
    dex_continuous_network_test.go:38: CONTINUOUS_CANONICAL_PROGRESS label=settlement-38 elapsed=1m2.132209527s idle=2.231017497s sequence=38 uniquePaid=6 nativeAnchor=87
    dex_continuous_network_test.go:38: CONTINUOUS_ETH_SOURCE height=174 hash=0x01be89ea3c7be49de8ce3ac8ad92180ca59cd4809f854b73e49683ccfdd3935f root=0x82baea287ae11d950e8886f9ae47e9147cb8c227bb55c15e2792f6823c3cee0e normalFollow=true
    dex_continuous_network_test.go:38: NATIVE_BALANCE height=174 account=0x000000000000000000000000000000000000B123 initial=123 final=321780732160000123 delta=321780732160000000
    dex_continuous_network_test.go:38: NATIVE_BALANCE height=174 account=0x0000000000000000000000000000000000De0001 initial=0 final=264000000000000000000 delta=264000000000000000000
    dex_continuous_network_test.go:38: NATIVE_BALANCE height=174 account=0x2d73c15905D2bBBf901A74dae7BD3A075b147AAd initial=1000000000000000000000 final=999186504902400000000 delta=-813495097600000000
    dex_continuous_network_test.go:38: NATIVE_BALANCE height=174 account=0x4Cf39b94C1367A5567B5b3dcD53A1355Dc58d087 initial=1000000000000000000000 final=974999130880000000000 delta=-25000869120000000000
    dex_continuous_network_test.go:38: NATIVE_BALANCE height=174 account=0x4c5B74C2aFF5f0720cDE33f062fDA443Dfdf7D5a initial=1000000000000000000000 final=879999130880000000000 delta=-120000869120000000000
    dex_continuous_network_test.go:38: NATIVE_BALANCE height=174 account=0x58F3686Dd449fF362aC7A3fd112b6fF775a5eA52 initial=0 final=166666666666666667 delta=166666666666666667
    dex_continuous_network_test.go:38: NATIVE_BALANCE height=174 account=0x64ff47950Ca0bb3230C1461D2D99A0d924972000 initial=1000000000000000000000 final=999207198796800000000 delta=-792801203200000000
    dex_continuous_network_test.go:38: NATIVE_BALANCE height=174 account=0x6D980618633Ec8e761E0FadFf375FD5256516545 initial=1000000000000000000000000000 final=1000000000000000000000000000 delta=0
    dex_continuous_network_test.go:38: NATIVE_BALANCE height=174 account=0x6EC34261b01f876D69482Bdd04f6C8127D81d9b9 initial=77 final=77 delta=0
    dex_continuous_network_test.go:38: NATIVE_BALANCE height=174 account=0x79d686c8c9927F8449CEe794D8e096390278ca7F initial=1000000000000000000000 final=879999130880000000000 delta=-120000869120000000000
    dex_continuous_network_test.go:38: NATIVE_BALANCE height=174 account=0x7a6fb71eAe285577E05C58c98Cf574A33B0faA5D initial=0 final=166666666666666666 delta=166666666666666666
    dex_continuous_network_test.go:38: NATIVE_BALANCE height=174 account=0x8d482A36D9ba9aE4dA2B6F8BD83eAb1B78e23725 initial=0 final=166666666666666666 delta=166666666666666666
    dex_continuous_network_test.go:38: NATIVE_BALANCE height=174 account=0x91a277C5F063E9A35893C0d5c0714af4945f242b initial=0 final=166666666666666667 delta=166666666666666667
    dex_continuous_network_test.go:38: NATIVE_BALANCE height=174 account=0x93c6E92475E31073D7d3D123a3Ff34816C156845 initial=0 final=166666666666666667 delta=166666666666666667
    dex_continuous_network_test.go:38: NATIVE_BALANCE height=174 account=0x9ee925eb4Aeb52e209c1036531E4A401850d73d8 initial=0 final=166666666666666667 delta=166666666666666667
    dex_continuous_network_test.go:38: NATIVE_LEDGER_RECONCILED height=174 custody=264000000000000000000 gas=1608903660800000000 commonReward=321780732160000000 burn=1287122928640000000 accounts=15 engine=0/0/0
    dex_continuous_network_test.go:38: CONTINUOUS_BUCKET key=F atoms=106000000000000000
    dex_continuous_network_test.go:38: CONTINUOUS_BUCKET key=I atoms=5000000000000000000
    dex_continuous_network_test.go:38: CONTINUOUS_BUCKET key=R atoms=2000000000000000000
    dex_continuous_network_test.go:38: CONTINUOUS_BUCKET key=S atoms=17062000000000000000
    dex_continuous_network_test.go:38: CONTINUOUS_BUCKET key=T atoms=219832000000000000000
    dex_continuous_network_test.go:38: CONTINUOUS_BUCKET key=U atoms=0
    dex_continuous_network_test.go:38: CONTINUOUS_BUCKET key=W atoms=20000000000000000000
    dex_continuous_network_test.go:38: CONTINUOUS_BUCKET key=Z atoms=0
    dex_continuous_network_test.go:38: CONTINUOUS_LIMITS maxCalldata=63282 maxHeaders=32 maxMPTNodes=7 maxMPTBytes=2008 operationCounts=map[anchor:8 checkpoint:38 checkpoint-replay:35 claim:6 claim-replay:4 funding-1:4 funding-2:1 funding-3:1]
    dex_continuous_network_test.go:38: CONTINUOUS_SETTLED DEXSequence=38 CLXAccepted=38 CLXHeight=174 root=0x82baea287ae11d950e8886f9ae47e9147cb8c227bb55c15e2792f6823c3cee0e custody=264000000000000000000
    dex_continuous_network_test.go:42: CONTINUOUS_DEX_COLD_PAUSE index=0 parentPID=1173521 walBytes=668641
    dex_continuous_network_test.go:42: CONTINUOUS_DEX_COLD_PAUSE index=1 parentPID=1173546 walBytes=668638
    dex_continuous_network_test.go:42: CONTINUOUS_DEX_COLD_PAUSE index=2 parentPID=1173572 walBytes=668639
    dex_continuous_network_test.go:42: CONTINUOUS_DEX_COLD_PAUSE index=3 parentPID=1173602 walBytes=668638
    dex_continuous_network_test.go:42: CONTINUOUS_DEX_COLD_PAUSE index=4 parentPID=1173629 walBytes=668631
    dex_continuous_network_test.go:42: CONTINUOUS_DEX_COLD_PAUSE index=5 parentPID=1173657 walBytes=668638
    dex_continuous_network_test.go:42: CONTINUOUS_DEX_COLD_PAUSE index=6 parentPID=1173760 walBytes=668720
    dex_continuous_network_test.go:43: CONTINUOUS_TX height=176 block=0x061dcae9326e8728ac4da963763c91a917a69d513b01172ace29a978ebd5c67b tx=0x338484cd609c59614418fec68087168ccbf88f53f09c0e706fbcdf1848fc39de payer=0x2d73c15905D2bBBf901A74dae7BD3A075b147AAd nonce=47 op=checkpoint-replay status=1 gas=12127140 gasAtoms=19403424000000000 commonAtoms=3880684800000000 calldata=2052
    dex_continuous_network_test.go:48: CONTINUOUS_USER_RPC_ACK tx=0x64145cfc6aeae4f1d928e54d6d87d6d4ec65827cb74f153ca90e1f40238b1ebf nonce=2
    dex_continuous_network_test.go:48: CONTINUOUS_TX height=178 block=0xa4c7dfc25e8daf59c6f121a1ad5054931a53f0ded81cb122b5e8bb32fd4d6954 tx=0x64145cfc6aeae4f1d928e54d6d87d6d4ec65827cb74f153ca90e1f40238b1ebf payer=0x4Cf39b94C1367A5567B5b3dcD53A1355Dc58d087 nonce=2 op=transfer status=1 gas=21000 gasAtoms=33600000000000 commonAtoms=6720000000000 calldata=0
    dex_continuous_network_test.go:48: CONTINUOUS_ETH_SOURCE height=178 hash=0xa4c7dfc25e8daf59c6f121a1ad5054931a53f0ded81cb122b5e8bb32fd4d6954 root=0xa7ab56c99f3c14cfd62b6b826e4d472fa12b140a71d5e86025b53e758b78d4f7 normalFollow=true
    dex_continuous_network_test.go:48: CONTINUOUS_USER_RPC_ACK tx=0xf56d4c61346f83329ce61ee965d4442ef23060cc0b0791a9465cdac148ecab9f nonce=3
    dex_continuous_network_test.go:48: CONTINUOUS_CLAIM id=310d3ea74fc4538e78dddf58b6b9c63a62629f2f1f1f5eca216d02654ec2879c seq=38 recipient=9ee925eb4aeb52e209c1036531e4a401850d73d8 amount=142857142857142857 kind=2
    dex_continuous_network_test.go:48: CONTINUOUS_TX height=180 block=0x14208ca080c7cca58d10450e70bcc8ff5a3d3a24421cbb57e6b187e2b1d84774 tx=0x1cc914903156f24d4dcc80ffeb5c688bb94b95a475a4126b79c541ca2383c965 payer=0x64ff47950Ca0bb3230C1461D2D99A0d924972000 nonce=44 op=claim status=1 gas=390144 gasAtoms=624230400000000 commonAtoms=124846080000000 calldata=356
    dex_continuous_network_test.go:48: CONTINUOUS_TX height=181 block=0xf9f86d32b6fd710fb48792bbf9cb9b5f538af93a8f8ca18ac5b0bacc23efcf8c tx=0xf56d4c61346f83329ce61ee965d4442ef23060cc0b0791a9465cdac148ecab9f payer=0x4Cf39b94C1367A5567B5b3dcD53A1355Dc58d087 nonce=3 op=transfer status=1 gas=21000 gasAtoms=33600000000000 commonAtoms=6720000000000 calldata=0
    dex_continuous_network_test.go:48: CONTINUOUS_ETH_SOURCE height=181 hash=0xf9f86d32b6fd710fb48792bbf9cb9b5f538af93a8f8ca18ac5b0bacc23efcf8c root=0xf186d493d1f801e63c2eaa4691694b868d66da63e15e9d487615ca53c7cdb7c7 normalFollow=true
    dex_continuous_network_test.go:48: CONTINUOUS_USER_RPC_ACK tx=0x8b920d0f5bc8f0b200b7529ffdce8af2bd1873d185a6f22edd50731ba3b39748 nonce=4
    dex_continuous_network_test.go:48: CONTINUOUS_TX height=183 block=0x01934b645cde16e4eb2ce67c937122d0f9794631d885fca196a1c70d5765b047 tx=0x8ee2a4c95431c9f4d46230e01f0ea91153d27e08961a58847d56b026f05d4267 payer=0x2d73c15905D2bBBf901A74dae7BD3A075b147AAd nonce=48 op=claim-replay status=1 gas=390144 gasAtoms=624230400000000 commonAtoms=124846080000000 calldata=356
    dex_continuous_network_test.go:48: CONTINUOUS_TX height=184 block=0x96452f8c826e927e9b20d2d373374608f3fcb9423a3a3131e900faf5dbf7907a tx=0x8b920d0f5bc8f0b200b7529ffdce8af2bd1873d185a6f22edd50731ba3b39748 payer=0x4Cf39b94C1367A5567B5b3dcD53A1355Dc58d087 nonce=4 op=transfer status=1 gas=21000 gasAtoms=33600000000000 commonAtoms=6720000000000 calldata=0
    dex_continuous_network_test.go:48: CONTINUOUS_ETH_SOURCE height=184 hash=0x96452f8c826e927e9b20d2d373374608f3fcb9423a3a3131e900faf5dbf7907a root=0x8dd0d44ea3f2a7d846a21446ee3befba85b3e835d51ba6cb5ae45b4d1754aca4 normalFollow=true
    dex_continuous_network_test.go:48: CONTINUOUS_USER_RPC_ACK tx=0x3cf5a4e6417768ad6e3bd9b3ae6a3275ae55f86ffe11091b024a0a24021c3f44 nonce=5
    dex_continuous_network_test.go:48: CONTINUOUS_CHECKPOINT sequence=39 hash=202814a76e784951a02ee5963cf1cf68d54a4b9e0e3b1abeffe46c1c3cb4f2a7 anchor=87/fe4bdfcc4f2d6ea2f1719b94cd057cbbb6cdc2457ce7976d8702ab93908bd4ec inbox=6..6 fee=0 rewardFee=0 rewardSupport=0
    dex_continuous_network_test.go:48: CONTINUOUS_TX height=186 block=0xb6e6122f18d644d9326446315910c715955a27cd947d82695987d212a0a60aaa tx=0xa392e9d1adb8d65553f25fba73dc473a19bb0a55d32b50ab0692e9e69e26b085 payer=0x64ff47950Ca0bb3230C1461D2D99A0d924972000 nonce=45 op=checkpoint status=1 gas=12126156 gasAtoms=19401849600000000 commonAtoms=3880369920000000 calldata=2052
    dex_continuous_network_test.go:48: CONTINUOUS_TX height=188 block=0x97301ef8dc3010fa81200068df6b363f64bc4f032eeb92c468cac57b08efebfc tx=0x3cf5a4e6417768ad6e3bd9b3ae6a3275ae55f86ffe11091b024a0a24021c3f44 payer=0x4Cf39b94C1367A5567B5b3dcD53A1355Dc58d087 nonce=5 op=transfer status=1 gas=21000 gasAtoms=33600000000000 commonAtoms=6720000000000 calldata=0
    dex_continuous_network_test.go:48: CONTINUOUS_ETH_SOURCE height=188 hash=0x97301ef8dc3010fa81200068df6b363f64bc4f032eeb92c468cac57b08efebfc root=0x50485d68891433ea8a673da351732f28ddf855def94bb2550d5eee610d94edf7 normalFollow=true
    dex_continuous_network_test.go:48: CONTINUOUS_USER_RPC_ACK tx=0x91441a79fa2be1755135ee747006e2c209e83e1ab06ec99acd0ed86afa98eb28 nonce=6
    dex_continuous_network_test.go:48: CONTINUOUS_TX height=190 block=0x614656016eb202782db0b72079cacc5d085bb05c49eb33b7469468024425f4b4 tx=0x91441a79fa2be1755135ee747006e2c209e83e1ab06ec99acd0ed86afa98eb28 payer=0x4Cf39b94C1367A5567B5b3dcD53A1355Dc58d087 nonce=6 op=transfer status=1 gas=21000 gasAtoms=33600000000000 commonAtoms=6720000000000 calldata=0
    dex_continuous_network_test.go:48: CONTINUOUS_ETH_SOURCE height=190 hash=0x614656016eb202782db0b72079cacc5d085bb05c49eb33b7469468024425f4b4 root=0x60cf7bbad6ce7b3bd3be265f25412f446ea994eaccb7ca976185c5250ede6a47 normalFollow=true
    dex_continuous_network_test.go:48: CONTINUOUS_USER_RPC_ACK tx=0xdb3166bda6d5e668fd292137973cb5e697d3cf81352ddebdc1584a53315ac5bf nonce=7
    dex_continuous_network_test.go:48: CONTINUOUS_CLAIM id=a665052c3e94766a1e75c3b9d26af2232ed4336dae2b8036948664856e9f208b seq=38 recipient=1417cfebc96e68c5ca6764496163ac6ce32b01bc amount=142857142857142857 kind=2
    dex_continuous_network_test.go:48: CONTINUOUS_TX height=192 block=0x9e33cf20d301ec73f5a8212af2d5586d73f33037680d3ebb919ebc4b4183aabe tx=0x6381a675ebe58c7b6e920ad0b889a3028dc4186987ccde49811d0e02f5e69a86 payer=0x2d73c15905D2bBBf901A74dae7BD3A075b147AAd nonce=49 op=claim status=1 gas=390132 gasAtoms=624211200000000 commonAtoms=124842240000000 calldata=356
    dex_continuous_network_test.go:48: CONTINUOUS_TX height=193 block=0x3212d579abb5c3a7d5315c3858619c02757cdd431d2d2231328c661d7d87625b tx=0x2d307fe566fa06cc658e2e6144c79b872919a71e9d0e1154af12128f48eed858 payer=0x64ff47950Ca0bb3230C1461D2D99A0d924972000 nonce=46 op=claim-replay status=1 gas=390132 gasAtoms=624211200000000 commonAtoms=124842240000000 calldata=356
    dex_continuous_network_test.go:48: CONTINUOUS_TX height=195 block=0x1c1b25437db5bd650714525a0bc49a1bd534fb7abeb4a2aa8e934b62d7533383 tx=0xdb3166bda6d5e668fd292137973cb5e697d3cf81352ddebdc1584a53315ac5bf payer=0x4Cf39b94C1367A5567B5b3dcD53A1355Dc58d087 nonce=7 op=transfer status=1 gas=21000 gasAtoms=33600000000000 commonAtoms=6720000000000 calldata=0
    dex_continuous_network_test.go:48: CONTINUOUS_ETH_SOURCE height=195 hash=0x1c1b25437db5bd650714525a0bc49a1bd534fb7abeb4a2aa8e934b62d7533383 root=0x2164de0c752a71c08c24f3ccc87afc46d8ba06c610ac7dd506c161223e75814f normalFollow=true
    dex_continuous_network_test.go:48: CONTINUOUS_USER_RPC_ACK tx=0x32d72b7ac1263db4df8f1551c6d1c70b426213f99bbab8321fee530f11fa6ac8 nonce=8
    dex_continuous_network_test.go:48: CONTINUOUS_CLAIM id=5291e8a02cfb3b8dd7b2c08e194c879ca66eafde53866e012eb1841f5e666ac8 seq=34 recipient=7a6fb71eae285577e05c58c98cf574a33b0faa5d amount=166666666666666666 kind=2
    dex_continuous_network_test.go:48: CONTINUOUS_TX height=197 block=0xd681cec3e62f9d1da56779c3d5ef1e2f4d52c27bde7ee1a65ad97f3e64650697 tx=0xcb40d04a13469568d7f76a9993adea38cab1d344d5f07da1a49aea08bf2a3bdd payer=0x2d73c15905D2bBBf901A74dae7BD3A075b147AAd nonce=50 op=claim status=1 gas=390108 gasAtoms=624172800000000 commonAtoms=124834560000000 calldata=356
    dex_continuous_network_test.go:48: CONTINUOUS_TX height=198 block=0x5977791586f02d3858482ee83ba205a49fe442c4d7de368cb5e13ca83bb9c9a9 tx=0x0f7a32027fef6479eb8d5dc25b4eee07ddaa6493c54bd6bef6bf43f15a79f8d7 payer=0x64ff47950Ca0bb3230C1461D2D99A0d924972000 nonce=47 op=claim-replay status=1 gas=390108 gasAtoms=624172800000000 commonAtoms=124834560000000 calldata=356
    dex_continuous_network_test.go:48: CONTINUOUS_TX height=199 block=0xa0d2ffba6e0bc71aaa8b1cd081f877d494ba473a18b694f626e2acec67d679d3 tx=0x32d72b7ac1263db4df8f1551c6d1c70b426213f99bbab8321fee530f11fa6ac8 payer=0x4Cf39b94C1367A5567B5b3dcD53A1355Dc58d087 nonce=8 op=transfer status=1 gas=21000 gasAtoms=33600000000000 commonAtoms=6720000000000 calldata=0
    dex_continuous_network_test.go:48: CONTINUOUS_ETH_SOURCE height=199 hash=0xa0d2ffba6e0bc71aaa8b1cd081f877d494ba473a18b694f626e2acec67d679d3 root=0x4078acd91106db2cdfff4d25728072a9a6d048ae4df1461d1ced66617d403aa4 normalFollow=true
    dex_continuous_network_test.go:48: CONTINUOUS_USER_RPC_ACK tx=0xf1f87445fe35fe8ff51f5df740ce162f9c25be48503be3e055b2c8e79a85a168 nonce=9
    dex_continuous_network_test.go:48: CONTINUOUS_TX height=201 block=0xa7216331aea28782372b70ce6b4a3daf015ba9435230dc25424fa9ec8a13b852 tx=0xf1f87445fe35fe8ff51f5df740ce162f9c25be48503be3e055b2c8e79a85a168 payer=0x4Cf39b94C1367A5567B5b3dcD53A1355Dc58d087 nonce=9 op=transfer status=1 gas=21000 gasAtoms=33600000000000 commonAtoms=6720000000000 calldata=0
    dex_continuous_network_test.go:48: CONTINUOUS_ETH_SOURCE height=201 hash=0xa7216331aea28782372b70ce6b4a3daf015ba9435230dc25424fa9ec8a13b852 root=0x9ad2a44a1ef9cb0eeff07b303c7457ed65c638e46dc19fc8bab084b34eff3cd3 normalFollow=true
    dex_continuous_network_test.go:48: CONTINUOUS_USER_RPC_ACK tx=0x8eedfceb395248d5919d174580477eaf5561f3de45e1f8ffb5d7b1a6094fd724 nonce=10
    dex_continuous_network_test.go:48: CONTINUOUS_CLAIM id=96a2d462254a41ab5bd2a0845f59c54a52d633d5deff2e9819600955d062480c seq=34 recipient=58f3686dd449ff362ac7a3fd112b6ff775a5ea52 amount=166666666666666667 kind=2
    dex_continuous_network_test.go:48: CONTINUOUS_TX height=203 block=0x691d42738a5ee8836a4d3a2230d581fc638f48180d47c55128e65ccea6726d5a tx=0x4ae99914a70d5add6ab7d50d5243e99d5c30b586b716e56e4b6eac7fd72b5f4d payer=0x2d73c15905D2bBBf901A74dae7BD3A075b147AAd nonce=51 op=claim status=1 gas=390144 gasAtoms=624230400000000 commonAtoms=124846080000000 calldata=356
    dex_continuous_network_test.go:48: CONTINUOUS_TX height=203 block=0x691d42738a5ee8836a4d3a2230d581fc638f48180d47c55128e65ccea6726d5a tx=0x9efc5cf7e7c7215c2df97bc54f0ccfe8f444e34406368f4e88fd0be7fe8a867e payer=0x64ff47950Ca0bb3230C1461D2D99A0d924972000 nonce=48 op=claim-replay status=1 gas=390144 gasAtoms=624230400000000 commonAtoms=124846080000000 calldata=356
    dex_continuous_network_test.go:48: CONTINUOUS_TX height=204 block=0x0f40c9d7a4a030ca5d90e16b3191b9d71942928fc087ee536fda759194ff9892 tx=0x8eedfceb395248d5919d174580477eaf5561f3de45e1f8ffb5d7b1a6094fd724 payer=0x4Cf39b94C1367A5567B5b3dcD53A1355Dc58d087 nonce=10 op=transfer status=1 gas=21000 gasAtoms=33600000000000 commonAtoms=6720000000000 calldata=0
    dex_continuous_network_test.go:48: CONTINUOUS_ETH_SOURCE height=204 hash=0x0f40c9d7a4a030ca5d90e16b3191b9d71942928fc087ee536fda759194ff9892 root=0x21df98c7d55f9db3a58726000aa51f00f910c739c140de6c892be0d9966c3233 normalFollow=true
    dex_continuous_network_test.go:48: CONTINUOUS_USER_RPC_ACK tx=0x5b68b92265421021e0e303c76a5288574c369fe98822864bd2e57b450e9b3bc9 nonce=11
    dex_continuous_network_test.go:48: CONTINUOUS_TX height=206 block=0x90693269cd65ff7a3ce5af5a2bf42983b4f04569dd84ef0306ede78a4a77f492 tx=0x5b68b92265421021e0e303c76a5288574c369fe98822864bd2e57b450e9b3bc9 payer=0x4Cf39b94C1367A5567B5b3dcD53A1355Dc58d087 nonce=11 op=transfer status=1 gas=21000 gasAtoms=33600000000000 commonAtoms=6720000000000 calldata=0
    dex_continuous_network_test.go:48: CONTINUOUS_ETH_SOURCE height=206 hash=0x90693269cd65ff7a3ce5af5a2bf42983b4f04569dd84ef0306ede78a4a77f492 root=0x634af3e4a4543f7897ef775c5da7cc9956863d7e545f911d22468e422c2c5145 normalFollow=true
    dex_continuous_network_test.go:48: CONTINUOUS_USER_RPC_ACK tx=0x339ecbe15a7a4eacad1454f26388c2bf8b0f5d424909c40f834045d569557146 nonce=12
    dex_continuous_network_test.go:48: CONTINUOUS_CLAIM id=1d2ae1d1f9435c4860487cb18fc3047fb7ed0c45311475a6a5ce8219e12e3d39 seq=34 recipient=8d482a36d9ba9ae4da2b6f8bd83eab1b78e23725 amount=166666666666666666 kind=2
    dex_continuous_network_test.go:48: CONTINUOUS_TX height=208 block=0x7f0e3b44d7ec407a82f716db2feaf3495ee1635aa07daa0456af0fe7b6d4d7da tx=0x697657ebf581537a4a44a59168dea4125b15a004e50b2cbbf83504aa5713b402 payer=0x2d73c15905D2bBBf901A74dae7BD3A075b147AAd nonce=52 op=claim status=1 gas=390144 gasAtoms=624230400000000 commonAtoms=124846080000000 calldata=356
    dex_continuous_network_test.go:48: CONTINUOUS_TX height=209 block=0xb12787112230e85e56a091d21c35eceaf1d6b6eee137dcd486f725a89de14ef3 tx=0x12a2e7d010cdbfb4056e5a5d24489f94b734b7881ce0eaf7f2d8b8b76b86b65b payer=0x64ff47950Ca0bb3230C1461D2D99A0d924972000 nonce=49 op=claim-replay status=1 gas=390144 gasAtoms=624230400000000 commonAtoms=124846080000000 calldata=356
    dex_continuous_network_test.go:48: CONTINUOUS_TX height=211 block=0xa5e509333984f72f6663a27e80334768e7b416414730158ae0af80bad286e1d5 tx=0x339ecbe15a7a4eacad1454f26388c2bf8b0f5d424909c40f834045d569557146 payer=0x4Cf39b94C1367A5567B5b3dcD53A1355Dc58d087 nonce=12 op=transfer status=1 gas=21000 gasAtoms=33600000000000 commonAtoms=6720000000000 calldata=0
    dex_continuous_network_test.go:48: CONTINUOUS_ETH_SOURCE height=211 hash=0xa5e509333984f72f6663a27e80334768e7b416414730158ae0af80bad286e1d5 root=0xf3c945e16172728607b3264ae1cb1e456be49b69366f0264caa259e9a8b95bff normalFollow=true
    dex_continuous_network_test.go:48: CONTINUOUS_USER_RPC_ACK tx=0x6df9ae0b1e19f9891970578000da129866c58b8f38dc603eedbf1fe51a45e440 nonce=13
    dex_continuous_network_test.go:48: CONTINUOUS_CLAIM id=e414ac4212b0c24c4907531f67a2bbdb64217c363248471a8cc3680329a24036 seq=34 recipient=93c6e92475e31073d7d3d123a3ff34816c156845 amount=166666666666666667 kind=2
    dex_continuous_network_test.go:48: CONTINUOUS_TX height=213 block=0xb3c5e709dec25c74d6b61304d934690a6d9f8d8683bb0e16168e4dee582fe4f5 tx=0xd9fc5cc20b5ed6c12e60fb08c1d1be0beaadd311ad643c090cb9a7be06e873fd payer=0x2d73c15905D2bBBf901A74dae7BD3A075b147AAd nonce=53 op=claim status=1 gas=390144 gasAtoms=624230400000000 commonAtoms=124846080000000 calldata=356
    dex_continuous_network_test.go:48: CONTINUOUS_TX height=213 block=0xb3c5e709dec25c74d6b61304d934690a6d9f8d8683bb0e16168e4dee582fe4f5 tx=0x92ef2df3887d3bfd356b22a6bf1db86729671799a660a67ccc80fe447cc58a3d payer=0x64ff47950Ca0bb3230C1461D2D99A0d924972000 nonce=50 op=claim-replay status=1 gas=390144 gasAtoms=624230400000000 commonAtoms=124846080000000 calldata=356
    dex_continuous_network_test.go:48: CONTINUOUS_TX height=215 block=0x5831641ab2e2d531d48574a9a4f536c12227fc066092893f6cbd9c3fa0831e2f tx=0x6df9ae0b1e19f9891970578000da129866c58b8f38dc603eedbf1fe51a45e440 payer=0x4Cf39b94C1367A5567B5b3dcD53A1355Dc58d087 nonce=13 op=transfer status=1 gas=21000 gasAtoms=33600000000000 commonAtoms=6720000000000 calldata=0
    dex_continuous_network_test.go:48: CONTINUOUS_ETH_SOURCE height=215 hash=0x5831641ab2e2d531d48574a9a4f536c12227fc066092893f6cbd9c3fa0831e2f root=0xb27a23b9fad5e993d4f2dd56fe90883b0cea3f62cb9e217e0694d5fa0119a337 normalFollow=true
    dex_continuous_network_test.go:48: CONTINUOUS_USER_RPC_ACK tx=0xf95b3ecc93e293cf2f08ec5feee51e7f767bc9beb1eba10c143d408387c09a22 nonce=14
    dex_continuous_network_test.go:48: CONTINUOUS_CLAIM id=0dfe1dca773995cbabca9bf12e11ce3deae0ce3d80e58ea8e4d8e57202994fd4 seq=34 recipient=9ee925eb4aeb52e209c1036531e4a401850d73d8 amount=166666666666666667 kind=2
    dex_continuous_network_test.go:48: CONTINUOUS_TX height=217 block=0xae50f676518ba2d3d8a683f62ad370427335d93e12ac33ca131b0b5b2a0ecbb3 tx=0xb1ec5f0c10d9dc3350dc6d040f1620a8b3bccab47ffb99db76947507c6a7737a payer=0x2d73c15905D2bBBf901A74dae7BD3A075b147AAd nonce=54 op=claim status=1 gas=390144 gasAtoms=624230400000000 commonAtoms=124846080000000 calldata=356
    dex_continuous_network_test.go:48: CONTINUOUS_TX height=217 block=0xae50f676518ba2d3d8a683f62ad370427335d93e12ac33ca131b0b5b2a0ecbb3 tx=0x7241e7cd3350f6cceb2815f327f03a30c94616e7e1fabfa57cd4663aa9be8758 payer=0x64ff47950Ca0bb3230C1461D2D99A0d924972000 nonce=51 op=claim-replay status=1 gas=390144 gasAtoms=624230400000000 commonAtoms=124846080000000 calldata=356
    dex_continuous_network_test.go:48: CONTINUOUS_TX height=218 block=0xd55558a838f32358dbca442cd08a02122aabe615f04416690eb7acff05840513 tx=0xf95b3ecc93e293cf2f08ec5feee51e7f767bc9beb1eba10c143d408387c09a22 payer=0x4Cf39b94C1367A5567B5b3dcD53A1355Dc58d087 nonce=14 op=transfer status=1 gas=21000 gasAtoms=33600000000000 commonAtoms=6720000000000 calldata=0
    dex_continuous_network_test.go:48: CONTINUOUS_ETH_SOURCE height=218 hash=0xd55558a838f32358dbca442cd08a02122aabe615f04416690eb7acff05840513 root=0x2e31d4d4ff820308b7b19983acfee1cad8bdc65ab103e639e83cfe0d521e4659 normalFollow=true
    dex_continuous_network_test.go:48: CONTINUOUS_USER_RPC_ACK tx=0xc57212a1b5328279d0fb53424d6edfbb28e634efebde6d83bbd79b15c1450809 nonce=15
    dex_continuous_network_test.go:48: CONTINUOUS_TX height=220 block=0x657c0fbc799b4cd6a21beded21aca5a00395430403d2a827712e74c6f6dcc546 tx=0xc57212a1b5328279d0fb53424d6edfbb28e634efebde6d83bbd79b15c1450809 payer=0x4Cf39b94C1367A5567B5b3dcD53A1355Dc58d087 nonce=15 op=transfer status=1 gas=21000 gasAtoms=33600000000000 commonAtoms=6720000000000 calldata=0
    dex_continuous_network_test.go:48: CONTINUOUS_ETH_SOURCE height=220 hash=0x657c0fbc799b4cd6a21beded21aca5a00395430403d2a827712e74c6f6dcc546 root=0xaca5a10e6357b5d46e95822a890358dc7d4de991d89991cd22803302b0db6818 normalFollow=true
    dex_continuous_network_test.go:48: CONTINUOUS_USER_RPC_ACK tx=0x606ccdc728df620bfec820e1ca6a923c3836bbcd2e85d19eca0a11b45b49544f nonce=16
    dex_continuous_network_test.go:48: CONTINUOUS_CLAIM id=b7c5a1a158f9e6af27144c82efb16850430721d6a84057f4dcab27bd1e6b1b62 seq=34 recipient=91a277c5f063e9a35893c0d5c0714af4945f242b amount=166666666666666667 kind=2
    dex_continuous_network_test.go:48: CONTINUOUS_TX height=222 block=0x96bd6efb1a39319710e21d01b15d23b1df5b829bd7a4a9306f3c9fb08ad645ac tx=0x1c7e44db50597c7ea44a405c43d8d7653c63c47dc53cf6d9c987ff8a0d373fa0 payer=0x2d73c15905D2bBBf901A74dae7BD3A075b147AAd nonce=55 op=claim status=1 gas=390144 gasAtoms=624230400000000 commonAtoms=124846080000000 calldata=356
    dex_continuous_network_test.go:48: CONTINUOUS_TX height=223 block=0x007d25e1d0e803d959a73ab071ae94b68c44363f30e9efd133d0e1456d7da783 tx=0x606ccdc728df620bfec820e1ca6a923c3836bbcd2e85d19eca0a11b45b49544f payer=0x4Cf39b94C1367A5567B5b3dcD53A1355Dc58d087 nonce=16 op=transfer status=1 gas=21000 gasAtoms=33600000000000 commonAtoms=6720000000000 calldata=0
    dex_continuous_network_test.go:48: CONTINUOUS_ETH_SOURCE height=223 hash=0x007d25e1d0e803d959a73ab071ae94b68c44363f30e9efd133d0e1456d7da783 root=0x2a41de94e9fb0b3ab24c29220c2c502c540fbbaa78eec8f9923afc83350bdc4d normalFollow=true
    dex_continuous_network_test.go:48: CONTINUOUS_USER_RPC_ACK tx=0xc6c3a73470ecfa41142b9940cc62b88da001f373f54e3e5dec708cdca97de130 nonce=17
    dex_continuous_network_test.go:48: CONTINUOUS_TX height=225 block=0x11c5f57825ed621a82dcbeb95d10fafd7c2af338b4b906bb351fb5b7e7f47893 tx=0xb6dc7023c17026eacfea2e4710cfe3e383e86fc7a9a8a976e5b196095c5a5794 payer=0x64ff47950Ca0bb3230C1461D2D99A0d924972000 nonce=52 op=claim-replay status=1 gas=390144 gasAtoms=624230400000000 commonAtoms=124846080000000 calldata=356
    dex_continuous_network_test.go:48: CONTINUOUS_TX height=226 block=0xed40c890208df2f8e94c9b27e80c16144fb1a00c295c3f996e77aa15cf3ff0b6 tx=0xc6c3a73470ecfa41142b9940cc62b88da001f373f54e3e5dec708cdca97de130 payer=0x4Cf39b94C1367A5567B5b3dcD53A1355Dc58d087 nonce=17 op=transfer status=1 gas=21000 gasAtoms=33600000000000 commonAtoms=6720000000000 calldata=0
    dex_continuous_network_test.go:48: CONTINUOUS_ETH_SOURCE height=226 hash=0xed40c890208df2f8e94c9b27e80c16144fb1a00c295c3f996e77aa15cf3ff0b6 root=0x7690dadba38a9a6b377e8554df90da40bf031679e276c58b22e3ae9bb2da5230 normalFollow=true
    dex_continuous_network_test.go:48: CONTINUOUS_USER_RPC_ACK tx=0x2a5b9cfeba77e0e145c133e8a56b7fdbbb96392af0a684ac929f1d435a834e67 nonce=18
    dex_continuous_network_test.go:48: CONTINUOUS_CLAIM id=a9cb381701398607fcf0bf2e6d10fcbf86eb78ff43ed727eb85bc5418af0d5fd seq=37 recipient=79d686c8c9927f8449cee794d8e096390278ca7f amount=10000000000000000000 kind=1
    dex_continuous_network_test.go:48: CONTINUOUS_TX height=228 block=0x8a78de46a771c82886a7852809c0e12b10449725bc8b3618293de47bdd58d6f4 tx=0x4bdddd47cefd501e029bc63157f791702136eee21802ee8f69bd99af5fd564aa payer=0x2d73c15905D2bBBf901A74dae7BD3A075b147AAd nonce=56 op=claim status=1 gas=384696 gasAtoms=615513600000000 commonAtoms=123102720000000 calldata=260
    dex_continuous_network_test.go:48: CONTINUOUS_TX height=230 block=0xcb1b9a53797b95b1e008a23b1bd3ec62e222839ec9a4fa691963d7544f125731 tx=0x2a5b9cfeba77e0e145c133e8a56b7fdbbb96392af0a684ac929f1d435a834e67 payer=0x4Cf39b94C1367A5567B5b3dcD53A1355Dc58d087 nonce=18 op=transfer status=1 gas=21000 gasAtoms=33600000000000 commonAtoms=6720000000000 calldata=0
    dex_continuous_network_test.go:48: CONTINUOUS_ETH_SOURCE height=230 hash=0xcb1b9a53797b95b1e008a23b1bd3ec62e222839ec9a4fa691963d7544f125731 root=0xf9af54605d0d6db41bea7e4ad6366c1d5e85311c34050a7d71f1426859a6487a normalFollow=true
    dex_continuous_network_test.go:48: CONTINUOUS_USER_RPC_ACK tx=0xc0597a19cc231e859eb3d4ab1820cc428395f9e0f2083c98c5290889d29afcc2 nonce=19
    dex_continuous_network_test.go:48: CONTINUOUS_TX height=232 block=0xf08d73529a55d15a851aae704b976a4cc6a24c632f4d52b34451f16971d07abe tx=0xc0597a19cc231e859eb3d4ab1820cc428395f9e0f2083c98c5290889d29afcc2 payer=0x4Cf39b94C1367A5567B5b3dcD53A1355Dc58d087 nonce=19 op=transfer status=1 gas=21000 gasAtoms=33600000000000 commonAtoms=6720000000000 calldata=0
    dex_continuous_network_test.go:48: CONTINUOUS_ETH_SOURCE height=232 hash=0xf08d73529a55d15a851aae704b976a4cc6a24c632f4d52b34451f16971d07abe root=0x904d5ac7cdd7642c3c36230003efd7098beaf222430e8fd016a45f7314f347e8 normalFollow=true
    dex_continuous_network_test.go:48: CONTINUOUS_USER_RPC_ACK tx=0x5c3d8dcf799e4bebc23814b6c8d3547d2b1fe96612dc8d4879e4622fc389e9d5 nonce=20
    dex_continuous_network_test.go:48: CONTINUOUS_CLAIM id=fbdc76e9db0f04628dea60e70eb50d159a73fe0dd9d61f6780e5bdd954f46c89 seq=38 recipient=7a6fb71eae285577e05c58c98cf574a33b0faa5d amount=142857142857142857 kind=2
    dex_continuous_network_test.go:48: CONTINUOUS_TX height=234 block=0x423b39b6b53dac5bb8689a14177599fe28a5218095197c549b57e91aecd5f5d8 tx=0x292a9d20a1d1cc1bf0b4b06700008532419674747bb010f8fcfe40e7df872222 payer=0x2d73c15905D2bBBf901A74dae7BD3A075b147AAd nonce=57 op=claim status=1 gas=390132 gasAtoms=624211200000000 commonAtoms=124842240000000 calldata=356
    dex_continuous_network_test.go:48: CONTINUOUS_TX height=235 block=0xdddc4ec7d0eebc100b95bd339c8d60cd5a09f5f6c8bbb97b7a2b46753e670b77 tx=0x5c3d8dcf799e4bebc23814b6c8d3547d2b1fe96612dc8d4879e4622fc389e9d5 payer=0x4Cf39b94C1367A5567B5b3dcD53A1355Dc58d087 nonce=20 op=transfer status=1 gas=21000 gasAtoms=33600000000000 commonAtoms=6720000000000 calldata=0
    dex_continuous_network_test.go:48: CONTINUOUS_ETH_SOURCE height=235 hash=0xdddc4ec7d0eebc100b95bd339c8d60cd5a09f5f6c8bbb97b7a2b46753e670b77 root=0xdda7592523b9ad35538578f99b3385515038163343d9c640454066b736946422 normalFollow=true
    dex_continuous_network_test.go:48: CONTINUOUS_USER_RPC_ACK tx=0xbd2d9f1163d898603bb70fb07a2f82ad7e20d7cea5da209d20f621c97b47e176 nonce=21
    dex_continuous_network_test.go:48: CONTINUOUS_TX height=237 block=0xa6821b87d93e27353db2b518fbcc1fe26caaf91e78eaec55c4cf9efa0ef4041d tx=0x96d5dd00fe225f1cbc4d9a5436226e2fe342c7d6e59135a4229d6a913c110e15 payer=0x64ff47950Ca0bb3230C1461D2D99A0d924972000 nonce=53 op=claim-replay status=1 gas=390132 gasAtoms=624211200000000 commonAtoms=124842240000000 calldata=356
    dex_continuous_network_test.go:48: CONTINUOUS_TX height=238 block=0x1a8a7f7dcbccbcb45535ec7732f0f066188dd3dd55ff5d36ccf6e44152905ccf tx=0xbd2d9f1163d898603bb70fb07a2f82ad7e20d7cea5da209d20f621c97b47e176 payer=0x4Cf39b94C1367A5567B5b3dcD53A1355Dc58d087 nonce=21 op=transfer status=1 gas=21000 gasAtoms=33600000000000 commonAtoms=6720000000000 calldata=0
    dex_continuous_network_test.go:48: CONTINUOUS_ETH_SOURCE height=238 hash=0x1a8a7f7dcbccbcb45535ec7732f0f066188dd3dd55ff5d36ccf6e44152905ccf root=0x4e5e8e410d49661f2e1fd02d7ed744b1a5c05bd5ca8e75666b0f995b086ea321 normalFollow=true
    dex_continuous_network_test.go:48: CONTINUOUS_USER_RPC_ACK tx=0x196c777f030dd22778137a5b641cd3a3adc6a77b3a2d4e5976b1332710e56713 nonce=22
    dex_continuous_network_test.go:48: CONTINUOUS_CLAIM id=5588c1e3e7f2ac28370a0c41edb898a885663dba8b3352f3c99b5a3c83908d69 seq=38 recipient=93c6e92475e31073d7d3d123a3ff34816c156845 amount=142857142857142857 kind=2
    dex_continuous_network_test.go:48: CONTINUOUS_TX height=240 block=0xcfa99dae6527533a2d6678dcdffbb4b41d8441e13d1c66a36d2b5dd0df2c9702 tx=0xb8a669afd0d486bf1b7cf84ca1c00d46f15ccec1c2d0fb37e27c53b4f0cf5659 payer=0x2d73c15905D2bBBf901A74dae7BD3A075b147AAd nonce=58 op=claim status=1 gas=390144 gasAtoms=624230400000000 commonAtoms=124846080000000 calldata=356
    dex_continuous_network_test.go:48: CONTINUOUS_TX height=241 block=0x5c702c22a29eedb5704635c6441a54f3aab4be90a2f951d7d08e0e283e34052d tx=0x196c777f030dd22778137a5b641cd3a3adc6a77b3a2d4e5976b1332710e56713 payer=0x4Cf39b94C1367A5567B5b3dcD53A1355Dc58d087 nonce=22 op=transfer status=1 gas=21000 gasAtoms=33600000000000 commonAtoms=6720000000000 calldata=0
    dex_continuous_network_test.go:48: CONTINUOUS_ETH_SOURCE height=241 hash=0x5c702c22a29eedb5704635c6441a54f3aab4be90a2f951d7d08e0e283e34052d root=0x42fb48113ff0abb2c99609df412f1d85d7d837ff84b5a5a243beb401b2030337 normalFollow=true
    dex_continuous_network_test.go:48: CONTINUOUS_ETH_SOURCE height=241 hash=0x5c702c22a29eedb5704635c6441a54f3aab4be90a2f951d7d08e0e283e34052d root=0x42fb48113ff0abb2c99609df412f1d85d7d837ff84b5a5a243beb401b2030337 normalFollow=true
    dex_continuous_network_test.go:48: CONTINUOUS_INTERVAL label=all-DEX-cold-over-64 before=176 after=241 ordinarySignedTransfers=21 custodyBefore=264000000000000000000 custodyAfter=252428571428571428572
    dex_continuous_network_test.go:49: CONTINUOUS_DEX_ABSENCE persistedAnchor=87 stoppedCLXHead=176 resumedCLXHead=241 actualStoppedHeightDelta=65
    dex_continuous_network_test.go:50: CONTINUOUS_RENEWAL_SCHEDULE_START CLX=242 maxCarriers=7 spacing=2m0s hard=2026-09-23T08:43:54.225638666Z hintNotAuthority=true normalKeyClockUnchanged=true
    dex_continuous_network_test.go:50: CONTINUOUS_USER_RPC_ACK tx=0x1e947194341dd4e487f6b8c66a2663a60ee40acb0190cb3848fc2afcf5059681 nonce=23
    dex_continuous_network_test.go:50: CONTINUOUS_TX height=243 block=0x524e548fffffe600bb9f7dfd48eab54847c844b9502677de1f7c1ac156096e32 tx=0x5d2c0c2096238fb682103301230e28dcf3e477b9dfa96ffae71950226ddb5ccd payer=0x64ff47950Ca0bb3230C1461D2D99A0d924972000 nonce=54 op=claim-replay status=1 gas=390144 gasAtoms=624230400000000 commonAtoms=124846080000000 calldata=356
    dex_continuous_network_test.go:50: CONTINUOUS_TX height=245 block=0x668a9ef840de1b8553376fc7962a41d7e0928950569d325d85d3c47fa543d502 tx=0x1e947194341dd4e487f6b8c66a2663a60ee40acb0190cb3848fc2afcf5059681 payer=0x4Cf39b94C1367A5567B5b3dcD53A1355Dc58d087 nonce=23 op=transfer status=1 gas=21000 gasAtoms=33600000000000 commonAtoms=6720000000000 calldata=0
    dex_continuous_network_test.go:50: CONTINUOUS_ETH_SOURCE height=245 hash=0x668a9ef840de1b8553376fc7962a41d7e0928950569d325d85d3c47fa543d502 root=0xcf3b349fbb769cc44bf594055a0345394842f5770f1c6f4f720fbf4da5c2c3b8 normalFollow=true
    dex_continuous_network_test.go:50: CONTINUOUS_RENEWAL_CARRIER number=1 CLX=245 maximum=7
    dex_continuous_network_test.go:50: CONTINUOUS_USER_RPC_ACK tx=0xa11ba6ae20b28d8aa0c5285a8e79bf1f76ee76bff65c95e0e29dd33abc4dbb9a nonce=24
    dex_continuous_network_test.go:50: CONTINUOUS_CLAIM id=039e24e7a2bd6cb1809968323bbbaa47aa2aada8f811bdf379ffaf8354b1212c seq=38 recipient=8d482a36d9ba9ae4da2b6f8bd83eab1b78e23725 amount=142857142857142857 kind=2
    dex_continuous_network_test.go:50: CONTINUOUS_TX height=247 block=0x1a9b7fd30795207336a589d30b4ae002263a67e5c70c040338f2bb0c9cee63d7 tx=0x84d819f1f8891538d5b936816ee6e684f94016094a9ca4ab8c4ce549aebc8f61 payer=0x2d73c15905D2bBBf901A74dae7BD3A075b147AAd nonce=59 op=claim status=1 gas=390144 gasAtoms=624230400000000 commonAtoms=124846080000000 calldata=356
    dex_continuous_network_test.go:50: CONTINUOUS_TX height=249 block=0x0151491e1d1323b6170ebea40889197654f50d9898ad712d326f52aa2487a66b tx=0x516f9f9fdcaaf9570b2ca5ba8d15398f269ebc2f9880bc3f36fdc18e0fbe77ab payer=0x64ff47950Ca0bb3230C1461D2D99A0d924972000 nonce=55 op=claim-replay status=1 gas=390144 gasAtoms=624230400000000 commonAtoms=124846080000000 calldata=356
    dex_continuous_network_test.go:50: CONTINUOUS_CLAIM id=df01da9c46a0d57d7d6fe3e762e23891558057c79d80b57fc5753215e60fcb07 seq=38 recipient=58f3686dd449ff362ac7a3fd112b6ff775a5ea52 amount=142857142857142857 kind=2
    dex_continuous_network_test.go:50: CONTINUOUS_TX height=251 block=0xfbdc91aac57f0d169c5a77faea10b2c8593278381437428b773984f77d0a7f70 tx=0x51f5394df538a1adf412836435fb5bb2b054b76e7f0a37a7dd881c5ece4f9ef8 payer=0x2d73c15905D2bBBf901A74dae7BD3A075b147AAd nonce=60 op=claim status=1 gas=390144 gasAtoms=624230400000000 commonAtoms=124846080000000 calldata=356
    dex_continuous_network_test.go:50: CONTINUOUS_TX height=253 block=0x1cfef385430772eb3abd8124ef257cf437e215b24e92228d8cf06dbf107bd7f3 tx=0xb8e1a47f9150853e4fd3e0660f0a878079af3b06f8b1d80dae7eb0010fd1b5c5 payer=0x64ff47950Ca0bb3230C1461D2D99A0d924972000 nonce=56 op=claim-replay status=1 gas=390144 gasAtoms=624230400000000 commonAtoms=124846080000000 calldata=356
    dex_continuous_network_test.go:50: CONTINUOUS_CLAIM id=45d2923b56bf5533b022aa670a4aed993e9a3e503b25338e03f11c7a2b21e4dd seq=38 recipient=91a277c5f063e9a35893c0d5c0714af4945f242b amount=142857142857142858 kind=2
    dex_continuous_network_test.go:50: CONTINUOUS_TX height=255 block=0x14d086225b5fe01526199b312854ef7a30c3448ebdf112f9c89d4dde5bde7875 tx=0x688e083820c1457c864444f1381fc55f2b5e4e25f97e14c12a00ce01caebc562 payer=0x2d73c15905D2bBBf901A74dae7BD3A075b147AAd nonce=61 op=claim status=1 gas=390144 gasAtoms=624230400000000 commonAtoms=124846080000000 calldata=356
    dex_continuous_network_test.go:50: CONTINUOUS_TX height=257 block=0xcd3351003fe6e7e238effb046824a7ced06b12eb83d6adc0623265abd9a1acc6 tx=0x7e02f47c31835a18fcfcf0c304708467acd5efca1d3c4db978a81d8fce7058cc payer=0x64ff47950Ca0bb3230C1461D2D99A0d924972000 nonce=57 op=claim-replay status=1 gas=390144 gasAtoms=624230400000000 commonAtoms=124846080000000 calldata=356
    dex_continuous_network_test.go:50: CONTINUOUS_TX height=259 block=0xbc608313405fc06806a406679543eed2299e79c32991c22f40d4d3e109e90e2b tx=0xa11ba6ae20b28d8aa0c5285a8e79bf1f76ee76bff65c95e0e29dd33abc4dbb9a payer=0x4Cf39b94C1367A5567B5b3dcD53A1355Dc58d087 nonce=24 op=transfer status=1 gas=21000 gasAtoms=33600000000000 commonAtoms=6720000000000 calldata=0
    dex_continuous_network_test.go:50: CONTINUOUS_ETH_SOURCE height=259 hash=0xbc608313405fc06806a406679543eed2299e79c32991c22f40d4d3e109e90e2b root=0x71ccf81bde4aa9721146ca182be9b6c8988f8b5f98d9929127c1f6197ca391c8 normalFollow=true
    dex_continuous_network_test.go:50: CONTINUOUS_RENEWAL_CARRIER number=2 CLX=259 maximum=7
    dex_continuous_network_test.go:50: CONTINUOUS_USER_RPC_ACK tx=0xd6fc360c1fc46ba1fa52a9dc6d9a4546a152e3c27d74c763d124681723e38494 nonce=25
    dex_continuous_network_test.go:50: CONTINUOUS_TX height=261 block=0xe9aa08aaaa77f3ad0a10f4be8def751372ad181909c3411d332621e9952702c0 tx=0xd6fc360c1fc46ba1fa52a9dc6d9a4546a152e3c27d74c763d124681723e38494 payer=0x4Cf39b94C1367A5567B5b3dcD53A1355Dc58d087 nonce=25 op=transfer status=1 gas=21000 gasAtoms=33600000000000 commonAtoms=6720000000000 calldata=0
    dex_continuous_network_test.go:50: CONTINUOUS_ETH_SOURCE height=261 hash=0xe9aa08aaaa77f3ad0a10f4be8def751372ad181909c3411d332621e9952702c0 root=0xb6be25da277be6602122b38ff1be892fa95a8f744166754fbb0fece8363b8185 normalFollow=true
    dex_continuous_network_test.go:50: CONTINUOUS_RENEWAL_CARRIER number=3 CLX=261 maximum=7
    dex_continuous_network_test.go:50: CONTINUOUS_RENEWAL_SCHEDULE_DONE before=242 after=264 carriers=3 elapsed=5m47.683574586s verifiedRelaySourcesV2=true hintNotAuthority=true
    dex_continuous_network_test.go:51: CONTINUOUS_USER_RPC_ACK tx=0x8c97eefe196f137198924a860f91a7998c5fe3a57fc3b3ff5ec9801b71b99b7b nonce=2
    dex_continuous_network_test.go:51: CONTINUOUS_TX height=266 block=0x902a04799097bda3391188d525e620844beb6d2d6d4bdccc63cf080b4ab7bca8 tx=0x8c97eefe196f137198924a860f91a7998c5fe3a57fc3b3ff5ec9801b71b99b7b payer=0x79d686c8c9927F8449CEe794D8e096390278ca7F nonce=2 op=funding-1 status=1 gas=271600 gasAtoms=434560000000000 commonAtoms=86912000000000 calldata=12
    dex_continuous_network_test.go:51: CONTINUOUS_ETH_SOURCE height=266 hash=0x902a04799097bda3391188d525e620844beb6d2d6d4bdccc63cf080b4ab7bca8 root=0x9da0663bc3026d36765659ce25165a97d0be2fc3f8a7f557d2524bbdcba899d9 normalFollow=true
    dex_continuous_network_test.go:51: CONTINUOUS_USER_RPC_ACK tx=0x75883c589a4033220fcf3631cc9e13f6d9352a09e08202fd8d91eb04edac47c6 nonce=2
    dex_continuous_network_test.go:51: CONTINUOUS_TX height=268 block=0xf99e1285bdda7a6b409dd798e88589957cf6346dafb6747eef8870bd81a6e05c tx=0x75883c589a4033220fcf3631cc9e13f6d9352a09e08202fd8d91eb04edac47c6 payer=0x4c5B74C2aFF5f0720cDE33f062fDA443Dfdf7D5a nonce=2 op=funding-1 status=1 gas=271600 gasAtoms=434560000000000 commonAtoms=86912000000000 calldata=12
    dex_continuous_network_test.go:51: CONTINUOUS_ETH_SOURCE height=268 hash=0xf99e1285bdda7a6b409dd798e88589957cf6346dafb6747eef8870bd81a6e05c root=0x48150bd0aaf4a8944f6f3dbadd7e90c509d709e4c61143f998ffe32244ae05c8 normalFollow=true
    dex_continuous_network_test.go:52: NORMAL_COMMON_DEX_RESTART index=0 parent=1173521->1174166 sidecar=1174176
    dex_continuous_network_test.go:52: CONTINUOUS_COMMON_PEER index=0 parentPID=1174166 initialConnection=true forcedHeadRefresh=false
    dex_continuous_network_test.go:52: NORMAL_COMMON_DEX_RESTART index=1 parent=1173546->1174190 sidecar=1174201
    dex_continuous_network_test.go:52: CONTINUOUS_COMMON_PEER index=1 parentPID=1174190 initialConnection=true forcedHeadRefresh=false
    dex_continuous_network_test.go:52: NORMAL_COMMON_DEX_RESTART index=2 parent=1173572->1174218 sidecar=1174233
    dex_continuous_network_test.go:52: CONTINUOUS_COMMON_PEER index=2 parentPID=1174218 initialConnection=true forcedHeadRefresh=false
    dex_continuous_network_test.go:52: NORMAL_COMMON_DEX_RESTART index=3 parent=1173602->1174259 sidecar=1174269
    dex_continuous_network_test.go:52: CONTINUOUS_COMMON_PEER index=3 parentPID=1174259 initialConnection=true forcedHeadRefresh=false
    dex_continuous_network_test.go:52: NORMAL_COMMON_DEX_RESTART index=4 parent=1173629->1174300 sidecar=1174308
    dex_continuous_network_test.go:52: CONTINUOUS_COMMON_PEER index=4 parentPID=1174300 initialConnection=true forcedHeadRefresh=false
    dex_continuous_network_test.go:52: NORMAL_COMMON_DEX_RESTART index=5 parent=1173657->1174329 sidecar=1174344
    dex_continuous_network_test.go:52: CONTINUOUS_COMMON_PEER index=5 parentPID=1174329 initialConnection=true forcedHeadRefresh=false
    dex_continuous_network_test.go:52: NORMAL_COMMON_DEX_RESTART index=6 parent=1173760->1174361 sidecar=1174376
    dex_continuous_network_test.go:52: CONTINUOUS_COMMON_PEER index=6 parentPID=1174361 initialConnection=true forcedHeadRefresh=false
    dex_continuous_network_test.go:55: CONTINUOUS_DEX certified>=41 finalized>=0 active=7
    dex_continuous_network_test.go:55: CONTINUOUS_CERTIFIED_RECORD height=41 view=80 finalizedTip=39 anchor=119 inbox=6..6 actionBytes=64920 dataRoot=ff359f75f9993944c8d2cf922f501c134c1cffdea766c270ac652017acf03421 isCDXA=true NOT_FINALITY=true
    dex_continuous_network_test.go:55: CONTINUOUS_SOURCE_DESCENDANT height=42 certifiedInbox=41 actualFinalized=39 importedCursor=6 targetCursor=8
    dex_continuous_network_test.go:55: CONTINUOUS_DEX_INGRESS expectedHeight=42 bytes=282
    dex_continuous_network_test.go:55: CONTINUOUS_DEX certified>=42 finalized>=0 active=7
    dex_continuous_network_test.go:55: CONTINUOUS_CERTIFIED_RECORD height=42 view=86 finalizedTip=39 anchor=119 inbox=6..6 actionBytes=282 dataRoot=f45c777e7f0de978ae6fc2f613fb03b38f015c049f97f3abdff26320111399d2 isCDXA=false NOT_FINALITY=true
    dex_continuous_network_test.go:55: CONTINUOUS_SOURCE_DESCENDANT height=43 certifiedInbox=41 actualFinalized=39 importedCursor=6 targetCursor=8
    dex_continuous_network_test.go:55: CONTINUOUS_DEX_INGRESS expectedHeight=43 bytes=282
    dex_continuous_network_test.go:55: CONTINUOUS_DEX certified>=43 finalized>=0 active=7
    dex_continuous_network_test.go:55: CONTINUOUS_CERTIFIED_RECORD height=43 view=87 finalizedTip=42 anchor=119 inbox=6..6 actionBytes=282 dataRoot=95b126a1123a654b5c25f4c0625085d93a5fda52e5aea782061eb506f8416cc6 isCDXA=false NOT_FINALITY=true
    dex_continuous_network_test.go:55: CONTINUOUS_DEX certified>=44 finalized>=0 active=7
    dex_continuous_network_test.go:55: CONTINUOUS_CERTIFIED_RECORD height=44 view=89 finalizedTip=42 anchor=151 inbox=6..6 actionBytes=61915 dataRoot=5f07e1ddf89dfd12fff5eeeaedc2a0757a857e69fd6a84fecb8fe9c389b5dac8 isCDXA=true NOT_FINALITY=true
    dex_continuous_network_test.go:55: CONTINUOUS_SOURCE_DESCENDANT height=45 certifiedInbox=44 actualFinalized=42 importedCursor=6 targetCursor=8
    dex_continuous_network_test.go:55: CONTINUOUS_DEX_INGRESS expectedHeight=45 bytes=282
    dex_continuous_network_test.go:55: CONTINUOUS_DEX certified>=45 finalized>=0 active=7
    dex_continuous_network_test.go:55: CONTINUOUS_CERTIFIED_RECORD height=45 view=90 finalizedTip=44 anchor=151 inbox=6..6 actionBytes=282 dataRoot=1a6ec2ce77c6ab73612e7b2cb222d43036bfd83a3f7ca51c6922f74af3a1579f isCDXA=false NOT_FINALITY=true
    dex_continuous_network_test.go:55: CONTINUOUS_CERTIFIED_RECORD height=45 view=90 finalizedTip=44 anchor=151 inbox=6..6 actionBytes=282 dataRoot=1a6ec2ce77c6ab73612e7b2cb222d43036bfd83a3f7ca51c6922f74af3a1579f isCDXA=false NOT_FINALITY=true
    dex_continuous_network_test.go:55: CONTINUOUS_PARTICIPATION_CANDIDATES height=45 certifiedView=90 proposal=e94ee2bc1615ea0087144f5b9131c2c7700e8404cd48e19eb1863f26999b59f0 selected/retained: node0=7/7 node1=7/7 node2=7/7 node3=7/7 node4=7/7 node5=7/7 node6=7/7 oldViewEvidenceRetained=true
    dex_continuous_network_test.go:55: CONTINUOUS_PARTICIPATION height=45 period=5 authenticatedParticipants=7
    dex_continuous_network_test.go:55: CONTINUOUS_DEX_INGRESS expectedHeight=46 bytes=2829
    dex_continuous_network_test.go:55: CONTINUOUS_DEX certified>=46 finalized>=0 active=7
    dex_continuous_network_test.go:55: CONTINUOUS_CERTIFIED_RECORD height=46 view=91 finalizedTip=45 anchor=151 inbox=6..6 actionBytes=2829 dataRoot=31e5610a261f31fe10806d66774438987e6a5836d945e14d3ad7db3121aaf7a4 isCDXA=false NOT_FINALITY=true
    dex_continuous_network_test.go:55: CONTINUOUS_DEX certified>=47 finalized>=0 active=7
    dex_continuous_network_test.go:55: CONTINUOUS_CERTIFIED_RECORD height=47 view=93 finalizedTip=45 anchor=183 inbox=6..6 actionBytes=62502 dataRoot=ddba148bfb91618d045e8e0fe4c3b7b89cfffa5676b6383c5cd4cc1b43d65312 isCDXA=true NOT_FINALITY=true
    dex_continuous_network_test.go:55: CONTINUOUS_SOURCE_DESCENDANT height=48 certifiedInbox=47 actualFinalized=45 importedCursor=6 targetCursor=8
    dex_continuous_network_test.go:55: CONTINUOUS_DEX_INGRESS expectedHeight=48 bytes=282
    dex_continuous_network_test.go:55: CONTINUOUS_DEX certified>=48 finalized>=0 active=7
    dex_continuous_network_test.go:55: CONTINUOUS_CERTIFIED_RECORD height=48 view=94 finalizedTip=47 anchor=183 inbox=6..6 actionBytes=282 dataRoot=d92219e07328f8e8be3269bccea4050bd0f2f1bbd591d2f473711b5af3a2c0bf isCDXA=false NOT_FINALITY=true
    dex_continuous_network_test.go:55: CONTINUOUS_DEX certified>=49 finalized>=0 active=7
    dex_continuous_network_test.go:55: CONTINUOUS_CERTIFIED_RECORD height=49 view=97 finalizedTip=47 anchor=215 inbox=6..6 actionBytes=61960 dataRoot=70e67f7380db02d0292b6b40747be2d50efe782120e70550cd2999d3c23b9c92 isCDXA=true NOT_FINALITY=true
    dex_continuous_network_test.go:55: CONTINUOUS_SOURCE_DESCENDANT height=50 certifiedInbox=49 actualFinalized=47 importedCursor=6 targetCursor=8
    dex_continuous_network_test.go:55: CONTINUOUS_DEX_INGRESS expectedHeight=50 bytes=282
    dex_continuous_network_test.go:55: CONTINUOUS_DEX certified>=50 finalized>=0 active=7
    dex_continuous_network_test.go:55: CONTINUOUS_CERTIFIED_RECORD height=50 view=98 finalizedTip=49 anchor=215 inbox=6..6 actionBytes=282 dataRoot=377a1fbf43442f7bdfad36d6fd22f623ec195e8a1e415cce35f77a44a8349a9e isCDXA=false NOT_FINALITY=true
    dex_continuous_network_test.go:55: CONTINUOUS_DEX certified>=51 finalized>=0 active=7
    dex_continuous_network_test.go:55: CONTINUOUS_CERTIFIED_RECORD height=51 view=100 finalizedTip=49 anchor=231 inbox=6..6 actionBytes=32049 dataRoot=e3690c68846ea397c6b22eb307ef2880f73ada583e6336f14c936f5d4ab6c8bc isCDXA=true NOT_FINALITY=true
    dex_continuous_network_test.go:55: CONTINUOUS_SOURCE_DESCENDANT height=52 certifiedInbox=51 actualFinalized=49 importedCursor=6 targetCursor=8
    dex_continuous_network_test.go:55: CONTINUOUS_DEX_INGRESS expectedHeight=52 bytes=282
    dex_continuous_network_test.go:55: CONTINUOUS_DEX certified>=52 finalized>=0 active=7
    dex_continuous_network_test.go:55: CONTINUOUS_CERTIFIED_RECORD height=52 view=102 finalizedTip=51 anchor=231 inbox=6..6 actionBytes=282 dataRoot=7099f6fb710986e6f7c231af96c9d996741de20ff0e86bc1933c1221ad7ccc40 isCDXA=false NOT_FINALITY=true
    dex_continuous_network_test.go:55: CONTINUOUS_DEX certified>=53 finalized>=0 active=7
    dex_continuous_network_test.go:55: CONTINUOUS_CERTIFIED_RECORD height=53 view=105 finalizedTip=51 anchor=247 inbox=6..6 actionBytes=37422 dataRoot=31d179eda74a86a3f29449d41fa80fb5475aab987d76276ce0977d6a5f354165 isCDXA=true NOT_FINALITY=true
    dex_continuous_network_test.go:55: CONTINUOUS_CERTIFIED_RECORD height=53 view=105 finalizedTip=51 anchor=247 inbox=6..6 actionBytes=37422 dataRoot=31d179eda74a86a3f29449d41fa80fb5475aab987d76276ce0977d6a5f354165 isCDXA=true NOT_FINALITY=true
    dex_continuous_network_test.go:55: catchup authenticated parent bound: certified=53 finalized=51 cursor=6 expected=8; market actions NOT_RUN
    dex_financial_cli_test.go:116: ordinary CLI full log /tmp/dex-normal-cli-failure-4294732814.log
    dex_financial_cli_test.go:121: ordinary Common6: 202
        WARN [09-23|10:36:49.174] GetBlockByNumer                          number=203
        WARN [09-23|10:36:49.274] GetBlockByNumer                          number=204
        WARN [09-23|10:36:49.407] GetBlockByNumer                          number=205
        WARN [09-23|10:36:49.480] GetBlockByNumer                          number=206
        WARN [09-23|10:36:49.521] GetBlockByNumer                          number=207
        WARN [09-23|10:36:49.591] GetBlockByNumer                          number=208
        INFO [09-23|10:36:49.596] HOTSTUFF PREPARE QC VERIFIED             number=86 viewID="1d0994…1de4fe" from=127.0.0.3:34543 maskBytes=1
        WARN [09-23|10:36:49.654] GetBlockByNumer                          number=209
        WARN [09-23|10:36:49.702] GetBlockByNumer                          number=210
        WARN [09-23|10:36:49.751] GetBlockByNumer                          number=211
        WARN [09-23|10:36:49.792] GetBlockByNumer                          number=212
        WARN [09-23|10:36:49.882] GetBlockByNumer                          number=213
        WARN [09-23|10:36:49.982] GetBlockByNumer                          number=214
        WARN [09-23|10:36:50.037] GetBlockByNumer                          number=215
        WARN [09-23|10:36:50.076] GetBlockByNumer                          number=216
        WARN [09-23|10:36:50.144] GetBlockByNumer                          number=217
        WARN [09-23|10:36:50.184] GetBlockByNumer                          number=218
        WARN [09-23|10:36:50.222] GetBlockByNumer                          number=219
        WARN [09-23|10:36:50.274] GetBlockByNumer                          number=220
        WARN [09-23|10:36:50.313] GetBlockByNumer                          number=221
        WARN [09-23|10:36:50.378] GetBlockByNumer                          number=222
        WARN [09-23|10:36:50.416] GetBlockByNumer                          number=223
        WARN [09-23|10:36:50.455] GetBlockByNumer                          number=224
        WARN [09-23|10:36:50.516] GetBlockByNumer                          number=225
        INFO [09-23|10:36:50.522] HOTSTUFF PREPARE QC VERIFIED             number=87 viewID="7e9075…d6ba78" from=127.0.0.4:37693 maskBytes=1
        WARN [09-23|10:36:50.568] GetBlockByNumer                          number=226
        WARN [09-23|10:36:50.620] GetBlockByNumer                          number=227
        WARN [09-23|10:36:50.670] GetBlockByNumer                          number=228
        WARN [09-23|10:36:50.706] GetBlockByNumer                          number=229
        WARN [09-23|10:36:50.764] GetBlockByNumer                          number=230
        WARN [09-23|10:36:50.803] GetBlockByNumer                          number=231
        WARN [09-23|10:36:50.843] GetBlockByNumer                          number=232
        WARN [09-23|10:36:50.886] GetBlockByNumer                          number=233
        WARN [09-23|10:36:50.945] GetBlockByNumer                          number=234
        WARN [09-23|10:36:50.990] GetBlockByNumer                          number=235
        WARN [09-23|10:36:51.026] GetBlockByNumer                          number=236
        WARN [09-23|10:36:51.073] GetBlockByNumer                          number=237
        WARN [09-23|10:36:51.130] GetBlockByNumer                          number=238
        WARN [09-23|10:36:51.182] GetBlockByNumer                          number=239
        WARN [09-23|10:36:51.244] GetBlockByNumer                          number=240
        WARN [09-23|10:36:51.289] GetBlockByNumer                          number=241
        WARN [09-23|10:36:51.328] GetBlockByNumer                          number=242
        WARN [09-23|10:36:51.374] GetBlockByNumer                          number=243
        WARN [09-23|10:36:51.441] GetBlockByNumer                          number=244
        WARN [09-23|10:36:51.512] GetBlockByNumer                          number=245
        WARN [09-23|10:36:51.583] GetBlockByNumer                          number=246
        WARN [09-23|10:36:51.698] GetBlockByNumer                          number=247
        WARN [09-23|10:36:51.770] GetBlockByNumer                          number=248
        WARN [09-23|10:36:51.878] GetBlockByNumer                          number=249
        WARN [09-23|10:36:51.924] GetBlockByNumer                          number=250
        WARN [09-23|10:36:52.029] GetBlockByNumer                          number=251
        WARN [09-23|10:36:52.105] GetBlockByNumer                          number=252
        WARN [09-23|10:36:52.154] GetBlockByNumer                          number=253
        WARN [09-23|10:36:52.192] GetBlockByNumer                          number=254
        WARN [09-23|10:36:52.243] GetBlockByNumer                          number=255
        WARN [09-23|10:36:52.286] GetBlockByNumer                          number=256
        WARN [09-23|10:36:52.357] GetBlockByNumer                          number=257
        WARN [09-23|10:36:52.399] GetBlockByNumer                          number=258
        WARN [09-23|10:36:52.437] GetBlockByNumer                          number=259
        WARN [09-23|10:36:52.485] GetBlockByNumer                          number=260
        WARN [09-23|10:36:52.543] GetBlockByNumer                          number=261
        WARN [09-23|10:36:52.593] GetBlockByNumer                          number=262
        WARN [09-23|10:36:52.646] ReadCommittee                            read data is empty=
        WARN [09-23|10:36:52.655] GetBlockByNumer                          number=263
        WARN [09-23|10:36:52.705] GetBlockByNumer                          number=264
        WARN [09-23|10:36:52.747] GetBlockByNumer                          number=265
        WARN [09-23|10:36:52.803] GetBlockByNumer                          number=266
        WARN [09-23|10:36:52.844] GetBlockByNumer                          number=267
        WARN [09-23|10:36:52.896] GetBlockByNumer                          number=268
        WARN [09-23|10:36:52.942] GetBlockByNumer                          number=269
        WARN [09-23|10:36:52.942] GetBlockByNumer                          number=267
        WARN [09-23|10:36:52.992] GetBlockByNumer                          number=269
        WARN [09-23|10:36:53.002] GetBlockByNumer                          number=268
        WARN [09-23|10:36:53.013] GetBlockByNumer                          number=269
        WARN [09-23|10:36:53.072] GetBlockByNumer                          number=270
        WARN [09-23|10:36:53.156] GetBlockByNumer                          number=271
        WARN [09-23|10:36:53.453] GetBlockByNumer                          number=272
        INFO [09-23|10:36:56.021] HOTSTUFF PREPARE QC VERIFIED             number=89 viewID="b416e3…d10c79" from=127.0.0.6:37251 maskBytes=1
        WARN [09-23|10:36:57.145] GetBlockByNumer                          number=273
        INFO [09-23|10:36:57.877] HOTSTUFF PREPARE QC VERIFIED             number=90 viewID="9fe34b…8aa7b3" from=127.0.0.7:41529 maskBytes=1
        INFO [09-23|10:36:57.969] handleNewViewMsg got new view message    from=127.0.0.8:37889 viewId="b707a7…f1535c"
        INFO [09-23|10:36:58.038] handleNewViewMsg got new view message    from=127.0.0.7:41529 viewId="b707a7…f1535c"
        INFO [09-23|10:36:58.122] handleNewViewMsg got new view message    from=127.0.0.6:37251 viewId="b707a7…f1535c"
        INFO [09-23|10:36:58.146] handleNewViewMsg got new view message    from=127.0.0.5:35103 viewId="b707a7…f1535c"
        INFO [09-23|10:36:58.237] handleNewViewMsg got new view message    from=127.0.0.4:37693 viewId="b707a7…f1535c"
        INFO [09-23|10:36:58.524] handleNewViewMsg got new view message    from=127.0.0.3:34543 viewId="b707a7…f1535c"
        INFO [09-23|10:36:58.622] handleNewViewMsg got new view message    from=127.0.0.2:36749 viewId="b707a7…f1535c"
        WARN [09-23|10:36:59.266] GetBlockByNumer                          number=274
        WARN [09-23|10:36:59.266] GetBlockByNumer                          number=272
        WARN [09-23|10:36:59.506] GetBlockByNumer                          number=274
        WARN [09-23|10:36:59.516] GetBlockByNumer                          number=273
        WARN [09-23|10:36:59.567] GetBlockByNumer                          number=275
        WARN [09-23|10:36:59.580] GetBlockByNumer                          number=274
        WARN [09-23|10:36:59.589] GetBlockByNumer                          number=275
        WARN [09-23|10:36:59.660] GetBlockByNumer                          number=276
        INFO [09-23|10:37:00.202] HOTSTUFF PREPARE QC BROADCAST            number=91 viewID="b707a7…f1535c" votes=5 threshold=5
        INFO [09-23|10:37:00.276] HOTSTUFF PREPARE QC VERIFIED             number=91 viewID="b707a7…f1535c" from=127.0.0.8:37889 maskBytes=1
        INFO [09-23|10:37:05.558] HOTSTUFF PREPARE QC VERIFIED             number=93 viewID="94fef4…8d1d93" from=127.0.0.3:34543 maskBytes=1
        INFO [09-23|10:37:06.922] HOTSTUFF PREPARE QC VERIFIED             number=94 viewID="e92081…a2db16" from=127.0.0.4:37693 maskBytes=1
        WARN [09-23|10:37:09.182] GetBlockByNumer                          number=276
        WARN [09-23|10:37:09.249] GetBlockByNumer                          number=277
        WARN [09-23|10:37:09.832] GetBlockByNumer                          number=278
        INFO [09-23|10:37:15.066] HOTSTUFF PREPARE QC VERIFIED             number=97 viewID="7ff75a…ca0945" from=127.0.0.7:41529 maskBytes=1
        INFO [09-23|10:37:15.070] handleNewViewMsg got new view message    from=127.0.0.2:36749 viewId="7b3abb…31855d"
        INFO [09-23|10:37:15.085] handleNewViewMsg got new view message    from=127.0.0.6:37251 viewId="7b3abb…31855d"
        INFO [09-23|10:37:15.125] handleNewViewMsg got new view message    from=127.0.0.4:37693 viewId="7b3abb…31855d"
        INFO [09-23|10:37:15.147] handleNewViewMsg got new view message    from=127.0.0.5:35103 viewId="7b3abb…31855d"
        INFO [09-23|10:37:15.175] handleNewViewMsg got new view message    from=127.0.0.8:37889 viewId="7b3abb…31855d"
        INFO [09-23|10:37:15.416] handleNewViewMsg got new view message    from=127.0.0.7:41529 viewId="7b3abb…31855d"
        INFO [09-23|10:37:15.436] handleNewViewMsg got new view message    from=127.0.0.3:34543 viewId="7b3abb…31855d"
        INFO [09-23|10:37:16.009] HOTSTUFF PREPARE QC BROADCAST            number=98 viewID="7b3abb…31855d" votes=5 threshold=5
        INFO [09-23|10:37:16.030] HOTSTUFF PREPARE QC VERIFIED             number=98 viewID="7b3abb…31855d" from=127.0.0.8:37889 maskBytes=1
        WARN [09-23|10:37:17.894] GetBlockByNumer                          number=279
        WARN [09-23|10:37:17.922] GetBlockByNumer                          number=279
        WARN [09-23|10:37:18.210] GetBlockByNumer                          number=280
        WARN [09-23|10:37:18.411] GetBlockByNumer                          number=281
        INFO [09-23|10:37:22.557] HOTSTUFF PREPARE QC VERIFIED             number=100 viewID="2a7fa1…5675a8" from=127.0.0.3:34543 maskBytes=1
        INFO [09-23|10:37:23.842] HOTSTUFF PREPARE QC VERIFIED             number=101 viewID="33e062…9ac1f9" from=127.0.0.4:37693 maskBytes=1
        INFO [09-23|10:37:24.845] HOTSTUFF PREPARE QC VERIFIED             number=102 viewID="51848e…6077be" from=127.0.0.5:35103 maskBytes=1
        WARN [09-23|10:37:25.618] GetBlockByNumer                          number=282
        WARN [09-23|10:37:26.463] GetBlockByNumer                          number=282
        WARN [09-23|10:37:26.757] GetBlockByNumer                          number=283
        WARN [09-23|10:37:26.977] GetBlockByNumer                          number=284
        WARN [09-23|10:37:27.573] GetBlockByNumer                          number=285
        INFO [09-23|10:37:31.121] handleNewViewMsg got new view message    from=127.0.0.8:37889 viewId="3a364e…596601"
        INFO [09-23|10:37:31.159] handleNewViewMsg got new view message    from=127.0.0.5:35103 viewId="3a364e…596601"
        INFO [09-23|10:37:31.201] handleNewViewMsg got new view message    from=127.0.0.4:37693 viewId="3a364e…596601"
        INFO [09-23|10:37:31.385] handleNewViewMsg got new view message    from=127.0.0.7:41529 viewId="3a364e…596601"
        INFO [09-23|10:37:31.411] handleNewViewMsg got new view message    from=127.0.0.3:34543 viewId="3a364e…596601"
        INFO [09-23|10:37:31.495] handleNewViewMsg got new view message    from=127.0.0.6:37251 viewId="3a364e…596601"
        INFO [09-23|10:37:32.465] handleNewViewMsg got new view message    from=127.0.0.2:36749 viewId="3a364e…596601"
        INFO [09-23|10:37:32.586] HOTSTUFF PREPARE QC BROADCAST            number=105 viewID="3a364e…596601" votes=5 threshold=5
        INFO [09-23|10:37:32.627] HOTSTUFF PREPARE QC VERIFIED             number=105 viewID="3a364e…596601" from=127.0.0.8:37889 maskBytes=1
    dex_continuous_fixture_test.go:382: continuous relay log /tmp/continuous-relay-failure-3489725026.log
    dex_continuous_fixture_test.go:384: relay status {Version:1 Devnet:true Authenticated:{SourceAnchor:{Version:2 ChainID:10101919 Genesis:[29 21 254 177 226 40 240 27 68 74 171 35 195 181 214 143 0 214 248 133 19 35 213 108 126 251 182 6 140 84 8 53] DEXID:[44 164 121 142 126 190 33 185 33 155 126 222 246 225 246 157 69 119 10 104 181 63 134 207 76 240 149 254 88 238 140 4] Custody:[0 0 0 0 0 0 0 0 0 0 0 0 0 0 0 0 0 222 0 1] Height:285 BlockHash:[173 50 232 144 8 115 31 23 55 238 199 204 179 41 44 160 137 111 134 34 135 52 32 115 145 124 130 83 215 33 82 6] StateRoot:[176 142 45 100 78 49 151 232 112 111 186 34 202 3 237 47 156 107 11 186 17 80 18 198 195 5 89 232 93 230 16 46] SourceKeyHash:[84 17 245 170 140 230 72 197 50 165 246 229 57 142 33 37 212 209 20 126 232 78 158 166 132 32 138 81 239 132 73 239] SourceCommittee:[163 28 115 76 146 212 80 75 141 148 228 255 123 122 165 249 189 245 74 210 144 92 159 13 177 46 99 251 160 226 103 196] SourceEpoch:1 InboxCount:8 ActivationEnd:0 ActivationRoot:[0 0 0 0 0 0 0 0 0 0 0 0 0 0 0 0 0 0 0 0 0 0 0 0 0 0 0 0 0 0 0 0]} DEXSequence:51 CLXSequence:40 CLXSequenceVerified:true} Counts:map[complete:77 queued:5 submitted:1 waiting:4] TotalJobs:87 JobsTruncated:false Jobs:[{ID:[188 215 114 109 34 9 180 94 81 171 108 113 116 182 215 1 50 43 249 152 169 125 21 217 78 22 224 126 47 139 236 37] Lane:2 Phase:complete Nonce:0 Reserved:false TXHash:[0 0 0 0 0 0 0 0 0 0 0 0 0 0 0 0 0 0 0 0 0 0 0 0 0 0 0 0 0 0 0 0] Sends:1 RPCAckObserved:false LastError:} {ID:[213 131 87 117 43 252 60 194 157 241 39 161 163 220 148 246 92 66 229 122 249 33 105 61 71 108 0 187 33 110 219 149] Lane:1 Phase:complete Nonce:0 Reserved:true TXHash:[83 108 48 207 133 9 73 93 47 151 109 190 169 27 84 60 134 20 152 82 41 35 231 215 55 190 234 195 161 104 193 51] Sends:3 RPCAckObserved:true LastError:} {ID:[147 193 111 4 50 64 132 117 187 254 230 109 175 239 7 228 86 10 105 47 48 252 4 12 240 51 206 3 74 100 219 41] Lane:3 Phase:complete Nonce:1 Reserved:true TXHash:[136 131 236 252 53 225 123 162 242 196 236 238 213 218 175 27 252 230 99 140 62 228 194 105 121 234 180 219 11 9 131 173] Sends:3 RPCAckObserved:true LastError:} {ID:[162 223 75 226 165 178 142 112 70 150 232 89 232 170 126 141 207 57 53 48 179 116 147 240 37 194 93 209 40 10 134 46] Lane:3 Phase:complete Nonce:2 Reserved:true TXHash:[210 238 160 196 33 13 81 252 197 57 251 230 148 149 235 17 53 57 136 126 1 245 249 146 43 51 233 149 112 128 3 194] Sends:2 RPCAckObserved:true LastError:} {ID:[14 226 99 50 130 168 135 140 19 173 53 195 36 69 106 114 53 151 226 67 63 106 49 103 41 115 180 154 215 52 212 147] Lane:3 Phase:complete Nonce:3 Reserved:true TXHash:[64 90 88 181 41 22 235 106 177 102 116 10 20 229 211 233 174 78 190 151 165 77 128 200 206 55 161 234 57 30 228 66] Sends:2 RPCAckObserved:true LastError:} {ID:[122 43 119 16 204 66 14 181 201 144 51 11 21 93 102 67 222 174 27 48 13 14 171 190 123 170 37 235 62 87 223 59] Lane:3 Phase:complete Nonce:4 Reserved:true TXHash:[38 171 36 48 2 120 216 125 231 165 171 234 35 201 7 211 145 127 243 10 132 217 21 254 58 208 45 16 199 59 124 202] Sends:2 RPCAckObserved:true LastError:} {ID:[106 195 163 37 199 245 97 133 8 13 127 179 254 243 162 54 229 102 210 96 114 139 135 121 197 253 14 183 73 11 251 138] Lane:3 Phase:complete Nonce:5 Reserved:true TXHash:[246 202 217 44 151 6 210 90 104 86 51 100 232 183 108 139 14 143 241 251 1 95 132 146 7 16 145 12 88 99 99 128] Sends:2 RPCAckObserved:true LastError:} {ID:[199 152 40 217 185 78 188 228 144 75 6 175 70 86 78 41 130 178 13 148 53 211 249 175 149 239 174 153 134 93 70 99] Lane:3 Phase:complete Nonce:6 Reserved:true TXHash:[96 9 223 42 36 8 59 72 78 34 74 63 236 154 50 1 120 179 204 79 176 21 143 184 221 247 90 72 98 41 164 86] Sends:3 RPCAckObserved:true LastError:} {ID:[123 168 167 214 122 237 203 36 156 25 42 153 101 67 62 238 16 134 16 119 102 48 250 171 191 86 82 205 73 226 255 125] Lane:3 Phase:complete Nonce:7 Reserved:true TXHash:[56 29 251 11 104 205 96 103 202 149 241 145 182 148 235 119 30 122 68 127 86 148 173 84 139 216 254 130 206 30 118 174] Sends:2 RPCAckObserved:true LastError:} {ID:[107 192 4 205 235 206 74 81 155 178 150 182 239 86 34 187 124 7 239 155 155 86 251 102 149 118 145 246 32 42 82 9] Lane:3 Phase:complete Nonce:8 Reserved:true TXHash:[105 175 178 246 204 181 42 22 195 169 62 96 232 7 134 139 71 28 197 58 231 40 45 117 138 48 144 197 190 104 19 33] Sends:2 RPCAckObserved:true LastError:} {ID:[125 188 113 33 8 239 205 87 24 129 145 12 102 42 22 16 130 172 173 118 124 106 133 108 95 80 204 177 151 61 122 85] Lane:3 Phase:complete Nonce:9 Reserved:true TXHash:[44 104 98 71 29 100 79 30 66 164 58 4 242 152 226 153 73 82 47 146 1 107 53 134 67 190 21 183 118 194 96 206] Sends:2 RPCAckObserved:true LastError:} {ID:[108 236 214 232 192 115 178 11 34 240 66 29 88 144 3 126 198 178 159 171 167 168 146 168 95 116 221 186 240 111 152 158] Lane:3 Phase:complete Nonce:10 Reserved:true TXHash:[75 108 23 44 154 87 59 50 41 78 16 85 206 110 80 25 190 40 83 255 107 168 32 224 235 234 159 213 26 105 254 157] Sends:2 RPCAckObserved:true LastError:} {ID:[169 143 85 187 54 41 186 50 124 85 8 29 164 53 26 0 51 192 229 86 58 229 34 221 24 215 20 14 124 216 174 119] Lane:3 Phase:complete Nonce:11 Reserved:true TXHash:[243 121 16 68 73 192 168 24 252 254 191 71 90 118 202 106 143 108 160 187 233 99 104 150 21 173 160 41 64 78 144 53] Sends:2 RPCAckObserved:true LastError:} {ID:[237 20 5 104 211 182 34 96 99 111 252 230 38 170 246 227 138 176 39 51 216 117 2 207 126 118 168 16 134 200 240 31] Lane:3 Phase:complete Nonce:12 Reserved:true TXHash:[57 50 219 189 216 4 78 183 69 14 217 135 80 89 240 204 189 156 95 76 48 32 0 231 118 77 221 65 17 162 33 30] Sends:3 RPCAckObserved:true LastError:} {ID:[251 66 210 161 105 81 170 107 164 28 232 129 2 240 136 172 122 9 169 152 173 118 107 240 215 125 127 211 177 78 83 113] Lane:3 Phase:complete Nonce:13 Reserved:true TXHash:[148 163 47 225 193 243 2 0 156 147 34 173 68 151 194 181 127 71 254 13 225 8 244 134 229 27 127 107 60 36 148 113] Sends:2 RPCAckObserved:true LastError:} {ID:[254 160 229 247 172 160 64 51 210 25 10 213 188 49 230 30 143 78 76 243 227 159 255 93 154 48 60 157 132 188 213 40] Lane:3 Phase:complete Nonce:0 Reserved:false TXHash:[0 0 0 0 0 0 0 0 0 0 0 0 0 0 0 0 0 0 0 0 0 0 0 0 0 0 0 0 0 0 0 0] Sends:0 RPCAckObserved:false LastError:} {ID:[117 91 23 32 220 161 230 188 72 108 103 161 173 72 139 209 253 66 124 72 71 166 11 214 106 188 152 69 35 188 169 36] Lane:3 Phase:complete Nonce:14 Reserved:true TXHash:[204 31 189 151 127 18 174 148 120 225 87 145 66 79 84 43 82 196 103 48 19 72 88 119 89 8 106 247 33 43 53 165] Sends:4 RPCAckObserved:true LastError:} {ID:[14 61 75 11 54 55 72 24 108 223 33 90 80 190 127 73 50 109 138 146 56 7 171 5 157 75 228 112 175 188 152 171] Lane:3 Phase:complete Nonce:15 Reserved:true TXHash:[19 23 131 243 89 228 114 16 71 161 136 99 230 45 168 4 112 129 46 180 155 193 239 201 151 231 27 81 135 21 159 16] Sends:2 RPCAckObserved:true LastError:} {ID:[159 177 36 142 221 62 47 101 114 2 16 255 168 205 15 135 146 206 192 222 208 245 227 131 33 14 162 29 131 92 196 205] Lane:3 Phase:complete Nonce:16 Reserved:true TXHash:[67 153 202 246 8 96 50 242 114 104 72 120 207 62 196 193 119 67 64 253 1 138 190 242 212 217 78 91 40 5 233 90] Sends:2 RPCAckObserved:true LastError:} {ID:[105 140 7 43 18 169 125 158 244 96 53 246 53 188 53 30 147 23 163 46 132 24 169 101 6 255 250 16 40 189 170 30] Lane:3 Phase:complete Nonce:17 Reserved:true TXHash:[120 65 237 29 54 213 136 27 227 216 24 55 157 224 48 191 160 107 32 177 139 6 168 167 176 77 243 161 93 92 27 2] Sends:2 RPCAckObserved:true LastError:} {ID:[77 227 241 145 43 207 17 181 115 134 211 182 31 43 165 217 189 58 200 67 27 97 16 28 181 0 86 55 10 145 12 74] Lane:4 Phase:complete Nonce:0 Reserved:false TXHash:[0 0 0 0 0 0 0 0 0 0 0 0 0 0 0 0 0 0 0 0 0 0 0 0 0 0 0 0 0 0 0 0] Sends:0 RPCAckObserved:false LastError:} {ID:[151 113 77 33 157 19 223 238 56 60 53 2 23 0 253 6 64 227 19 81 75 173 110 133 231 230 247 96 192 192 9 123] Lane:4 Phase:complete Nonce:22 Reserved:true TXHash:[7 24 115 220 9 155 248 166 25 80 169 47 219 116 55 107 156 207 85 145 255 74 153 188 150 226 130 195 246 18 87 251] Sends:1 RPCAckObserved:true LastError:} {ID:[55 162 173 57 190 200 245 200 161 164 116 148 125 241 3 225 110 51 100 42 40 175 205 115 201 102 190 68 163 152 29 12] Lane:4 Phase:complete Nonce:18 Reserved:true TXHash:[43 176 85 114 71 185 169 193 26 56 183 37 254 221 28 17 12 211 49 178 242 76 152 32 36 185 251 11 189 79 171 78] Sends:2 RPCAckObserved:true LastError:} {ID:[113 141 46 157 172 206 185 60 156 32 96 196 105 61 56 82 46 142 5 253 122 199 119 208 131 129 23 176 201 229 102 108] Lane:4 Phase:complete Nonce:0 Reserved:false TXHash:[0 0 0 0 0 0 0 0 0 0 0 0 0 0 0 0 0 0 0 0 0 0 0 0 0 0 0 0 0 0 0 0] Sends:0 RPCAckObserved:false LastError:} {ID:[98 70 120 75 123 121 50 119 135 151 9 132 161 231 122 198 231 94 63 41 249 46 131 207 32 214 104 80 18 125 65 210] Lane:4 Phase:complete Nonce:20 Reserved:true TXHash:[140 148 66 252 17 41 34 87 248 84 204 18 68 243 174 136 175 4 91 170 25 97 211 90 175 212 12 165 32 105 202 136] Sends:1 RPCAckObserved:true LastError:} {ID:[82 120 131 177 72 191 234 228 202 35 4 141 163 17 106 127 53 47 221 25 156 86 145 101 129 95 233 53 242 231 49 15] Lane:4 Phase:complete Nonce:21 Reserved:true TXHash:[62 58 124 42 34 69 7 46 12 59 120 194 141 237 223 248 143 133 204 247 184 102 56 168 231 119 124 85 252 34 125 130] Sends:1 RPCAckObserved:true LastError:} {ID:[156 4 164 12 91 194 6 221 42 176 61 130 26 30 96 74 158 111 50 254 10 205 179 207 206 202 64 173 104 198 2 13] Lane:3 Phase:complete Nonce:19 Reserved:true TXHash:[148 241 213 157 167 76 11 121 182 28 62 54 245 98 0 196 213 117 63 240 160 162 12 45 151 132 139 101 10 1 62 8] Sends:3 RPCAckObserved:true LastError:} {ID:[214 73 87 255 185 169 49 7 15 176 85 227 172 137 19 60 244 211 179 109 103 173 240 102 89 151 251 240 134 69 220 186] Lane:2 Phase:complete Nonce:0 Reserved:false TXHash:[0 0 0 0 0 0 0 0 0 0 0 0 0 0 0 0 0 0 0 0 0 0 0 0 0 0 0 0 0 0 0 0] Sends:2 RPCAckObserved:false LastError:} {ID:[56 196 146 13 172 37 117 69 37 148 135 95 247 207 175 181 241 123 68 222 1 59 112 183 104 65 255 150 223 131 217 161] Lane:3 Phase:complete Nonce:0 Reserved:false TXHash:[0 0 0 0 0 0 0 0 0 0 0 0 0 0 0 0 0 0 0 0 0 0 0 0 0 0 0 0 0 0 0 0] Sends:0 RPCAckObserved:false LastError:} {ID:[118 213 180 48 59 86 167 185 17 170 122 83 83 20 185 144 5 38 38 250 76 189 83 214 230 188 59 145 100 239 12 150] Lane:3 Phase:complete Nonce:24 Reserved:true TXHash:[119 52 138 62 80 203 154 222 238 98 110 53 135 180 238 88 252 73 59 246 41 171 38 23 190 94 59 88 147 160 249 129] Sends:2 RPCAckObserved:true LastError:} {ID:[34 205 202 173 234 203 123 143 102 247 216 39 94 103 11 17 98 0 10 149 46 105 247 101 252 240 233 216 222 69 9 220] Lane:2 Phase:complete Nonce:0 Reserved:false TXHash:[0 0 0 0 0 0 0 0 0 0 0 0 0 0 0 0 0 0 0 0 0 0 0 0 0 0 0 0 0 0 0 0] Sends:1 RPCAckObserved:false LastError:} {ID:[254 18 220 134 244 71 32 54 107 167 100 230 218 225 226 1 139 143 178 105 71 92 207 21 193 214 190 22 98 7 186 113] Lane:3 Phase:complete Nonce:25 Reserved:true TXHash:[133 165 254 153 2 86 203 244 117 255 38 242 69 170 34 124 248 45 4 216 52 38 14 172 208 64 111 53 170 11 200 165] Sends:2 RPCAckObserved:true LastError:} {ID:[93 115 26 222 124 127 167 232 131 201 186 141 111 242 15 198 116 232 109 202 26 162 134 190 32 18 9 157 177 17 123 143] Lane:3 Phase:complete Nonce:27 Reserved:true TXHash:[251 24 207 73 71 250 217 206 136 239 201 180 114 154 199 114 92 224 149 243 84 173 75 21 216 79 149 133 220 1 185 64] Sends:2 RPCAckObserved:true LastError:} {ID:[222 91 137 69 251 202 166 225 102 43 145 131 233 123 122 40 173 18 79 103 94 149 30 127 99 224 230 82 145 183 164 153] Lane:2 Phase:complete Nonce:0 Reserved:false TXHash:[0 0 0 0 0 0 0 0 0 0 0 0 0 0 0 0 0 0 0 0 0 0 0 0 0 0 0 0 0 0 0 0] Sends:2 RPCAckObserved:false LastError:} {ID:[16 189 250 42 26 77 172 106 207 71 110 45 173 12 166 76 139 97 98 196 168 70 188 97 188 120 25 12 108 47 94 190] Lane:3 Phase:complete Nonce:28 Reserved:true TXHash:[55 121 33 254 98 139 188 37 10 147 232 201 22 195 24 113 238 112 224 236 111 69 10 157 68 241 119 48 82 26 148 225] Sends:2 RPCAckObserved:true LastError:} {ID:[35 50 114 67 252 233 139 105 220 137 62 14 182 245 212 69 81 207 92 68 68 108 101 84 59 252 162 98 197 240 15 180] Lane:3 Phase:complete Nonce:30 Reserved:true TXHash:[165 45 200 150 25 42 143 56 41 125 59 4 206 155 85 237 173 174 60 168 7 183 75 98 90 113 1 151 108 123 27 125] Sends:2 RPCAckObserved:true LastError:} {ID:[239 162 185 10 7 75 132 55 172 196 40 85 120 8 179 202 209 139 41 71 126 166 162 247 214 6 46 85 168 249 136 4] Lane:3 Phase:complete Nonce:31 Reserved:true TXHash:[78 145 112 227 192 133 209 137 155 123 109 3 254 24 56 13 253 38 180 83 11 232 230 180 239 49 29 205 96 62 27 4] Sends:2 RPCAckObserved:true LastError:} {ID:[9 4 111 250 53 250 55 16 73 63 140 153 70 24 164 23 205 66 158 194 227 91 236 111 253 26 220 176 72 227 36 90] Lane:3 Phase:complete Nonce:32 Reserved:true TXHash:[162 29 199 212 227 144 140 218 216 186 110 59 163 60 225 116 189 27 16 30 39 58 187 245 68 81 70 69 22 198 139 124] Sends:2 RPCAckObserved:true LastError:} {ID:[83 7 132 87 43 143 29 67 172 234 115 155 201 135 30 159 63 57 141 163 254 14 93 34 232 215 93 93 35 25 99 151] Lane:1 Phase:complete Nonce:23 Reserved:true TXHash:[208 156 110 180 86 121 94 34 31 65 243 145 251 210 196 3 92 197 157 65 93 240 114 50 222 5 140 59 120 132 31 200] Sends:3 RPCAckObserved:true LastError:} {ID:[154 155 124 244 226 229 9 221 77 48 48 181 165 169 210 96 69 160 128 242 208 106 175 63 39 253 139 172 33 43 228 173] Lane:3 Phase:complete Nonce:33 Reserved:true TXHash:[24 208 36 52 35 158 61 70 213 33 122 71 59 255 35 33 217 36 139 169 248 57 244 240 134 48 247 38 117 178 22 114] Sends:2 RPCAckObserved:true LastError:} {ID:[124 138 26 164 228 118 109 149 123 77 124 57 205 195 94 105 177 64 51 67 177 240 213 229 121 3 198 82 130 71 189 28] Lane:3 Phase:complete Nonce:34 Reserved:true TXHash:[221 140 73 227 48 146 79 219 239 206 166 201 43 120 45 153 22 59 84 192 49 95 101 128 179 129 127 161 145 228 52 234] Sends:2 RPCAckObserved:true LastError:} {ID:[111 185 208 65 218 225 65 1 188 137 103 216 31 101 26 194 161 20 223 82 65 133 152 15 64 4 107 142 124 176 231 101] Lane:1 Phase:complete Nonce:26 Reserved:true TXHash:[187 91 53 122 53 217 188 211 122 91 202 66 71 75 235 204 41 180 133 188 208 187 131 27 103 195 21 206 241 235 227 229] Sends:2 RPCAckObserved:true LastError:} {ID:[36 12 218 170 147 143 200 243 63 239 55 212 181 13 122 109 181 71 207 196 255 112 189 30 60 190 238 169 101 152 126 90] Lane:3 Phase:complete Nonce:35 Reserved:true TXHash:[164 99 178 156 24 182 69 196 88 30 44 222 28 114 42 174 21 223 54 218 184 181 13 138 128 242 59 40 240 184 227 9] Sends:2 RPCAckObserved:true LastError:} {ID:[44 159 22 39 174 237 205 53 133 164 105 198 38 206 44 121 23 107 116 137 214 189 160 245 224 17 153 113 113 53 90 234] Lane:3 Phase:complete Nonce:36 Reserved:true TXHash:[87 101 208 212 140 45 47 224 140 220 107 229 72 229 115 203 140 103 21 217 61 14 195 249 243 110 150 191 230 206 254 246] Sends:2 RPCAckObserved:true LastError:} {ID:[36 33 44 202 106 64 107 207 206 124 169 7 112 0 172 185 145 62 107 63 69 220 23 98 192 170 97 115 149 129 100 72] Lane:1 Phase:complete Nonce:29 Reserved:true TXHash:[254 98 166 75 68 98 235 201 161 137 5 45 133 73 14 85 15 135 22 38 59 179 28 226 181 235 15 201 25 142 240 246] Sends:2 RPCAckObserved:true LastError:} {ID:[115 161 167 242 218 238 98 79 98 131 242 35 254 54 149 119 192 223 180 250 147 104 217 247 255 28 28 170 99 220 208 232] Lane:3 Phase:complete Nonce:37 Reserved:true TXHash:[194 101 187 88 137 55 71 42 134 123 157 161 252 20 176 187 141 34 201 106 45 237 146 43 99 117 110 40 232 39 196 192] Sends:2 RPCAckObserved:true LastError:} {ID:[108 251 51 82 206 18 209 1 147 232 235 252 183 157 251 23 251 172 64 241 85 88 44 133 52 83 37 167 131 244 238 58] Lane:3 Phase:complete Nonce:38 Reserved:true TXHash:[9 3 129 40 179 128 18 71 35 8 9 187 222 120 92 212 121 21 28 243 126 219 82 237 101 234 130 181 218 75 13 137] Sends:2 RPCAckObserved:true LastError:} {ID:[102 161 101 193 42 201 182 139 70 253 162 125 59 75 236 236 200 198 236 215 24 59 171 96 75 26 177 159 104 34 103 9] Lane:3 Phase:complete Nonce:39 Reserved:true TXHash:[210 121 227 63 73 0 41 246 137 224 51 48 84 35 97 188 220 166 148 244 185 86 198 71 93 28 166 157 108 111 223 40] Sends:2 RPCAckObserved:true LastError:} {ID:[194 126 253 136 217 151 130 50 147 212 119 165 62 28 113 171 109 221 237 102 74 221 214 231 91 146 135 146 9 238 253 5] Lane:4 Phase:complete Nonce:47 Reserved:true TXHash:[15 122 50 2 127 239 100 121 235 141 93 194 91 78 238 7 221 170 100 147 197 75 214 190 246 191 67 241 90 121 248 215] Sends:2 RPCAckObserved:true LastError:} {ID:[170 16 184 8 139 158 39 152 245 246 227 220 78 220 98 79 194 216 113 32 113 214 197 93 47 49 144 96 126 131 188 22] Lane:4 Phase:complete Nonce:48 Reserved:true TXHash:[158 252 92 247 231 199 33 92 45 249 123 197 79 12 207 232 244 68 227 68 6 54 143 78 136 253 11 231 254 138 134 126] Sends:2 RPCAckObserved:true LastError:} {ID:[15 59 135 15 63 80 10 183 9 221 57 224 37 218 93 139 192 80 124 248 147 79 4 119 62 118 179 123 178 17 57 154] Lane:4 Phase:complete Nonce:49 Reserved:true TXHash:[18 162 231 208 16 205 191 180 5 110 90 93 36 72 159 148 183 52 183 136 28 224 234 247 242 216 184 183 107 134 182 91] Sends:2 RPCAckObserved:true LastError:} {ID:[41 187 231 35 58 40 238 40 65 177 57 1 246 88 16 132 92 223 233 132 224 233 59 249 15 133 57 58 217 103 63 102] Lane:4 Phase:complete Nonce:50 Reserved:true TXHash:[146 239 45 243 136 125 59 253 53 107 34 166 191 29 184 103 41 103 23 153 166 96 166 124 204 128 254 68 124 197 138 61] Sends:2 RPCAckObserved:true LastError:} {ID:[21 127 125 165 103 128 166 175 162 210 243 203 152 112 213 97 60 216 116 236 212 126 73 208 254 139 89 232 178 179 75 187] Lane:4 Phase:complete Nonce:51 Reserved:true TXHash:[114 65 231 205 51 80 246 204 235 40 21 243 39 240 58 48 201 70 22 231 225 250 191 165 124 212 102 58 169 190 135 88] Sends:2 RPCAckObserved:true LastError:} {ID:[250 166 44 12 144 163 73 199 214 2 136 101 253 243 184 185 178 76 131 83 77 216 76 27 23 154 153 36 29 86 25 50] Lane:4 Phase:complete Nonce:52 Reserved:true TXHash:[182 220 112 35 193 112 38 234 207 234 46 71 16 207 227 227 131 232 111 199 169 168 169 118 229 177 150 9 92 90 87 148] Sends:3 RPCAckObserved:true LastError:} {ID:[215 62 196 178 106 80 8 151 4 6 71 108 164 166 77 29 62 169 164 65 39 42 252 211 248 150 94 255 89 13 207 251] Lane:3 Phase:complete Nonce:40 Reserved:true TXHash:[211 90 144 143 95 0 82 159 219 89 8 71 61 21 111 34 142 81 67 65 167 252 160 222 224 204 66 91 163 243 89 232] Sends:1 RPCAckObserved:true LastError:} {ID:[194 174 9 250 78 2 206 43 99 165 203 153 192 58 133 117 127 80 96 192 230 156 202 135 172 30 210 37 173 90 9 207] Lane:3 Phase:complete Nonce:41 Reserved:true TXHash:[234 9 116 81 54 67 22 222 201 4 136 110 106 49 225 180 199 230 242 216 228 43 219 181 94 48 141 109 36 88 108 16] Sends:3 RPCAckObserved:true LastError:} {ID:[160 69 207 100 0 146 60 55 202 196 25 185 243 62 3 71 5 201 64 53 99 147 31 107 170 123 129 40 245 89 41 77] Lane:3 Phase:complete Nonce:42 Reserved:true TXHash:[158 182 162 96 51 85 123 112 74 200 234 132 232 203 110 196 82 43 32 235 186 246 149 50 66 247 245 204 117 123 169 142] Sends:2 RPCAckObserved:true LastError:} {ID:[188 124 243 242 34 178 101 37 14 29 106 136 153 221 43 145 204 135 99 249 16 42 44 149 200 162 195 35 45 136 199 143] Lane:4 Phase:complete Nonce:0 Reserved:false TXHash:[0 0 0 0 0 0 0 0 0 0 0 0 0 0 0 0 0 0 0 0 0 0 0 0 0 0 0 0 0 0 0 0] Sends:0 RPCAckObserved:false LastError:} {ID:[57 141 1 168 217 185 154 54 77 183 235 226 89 144 22 111 13 170 96 77 134 18 124 187 66 113 20 229 55 189 220 29] Lane:3 Phase:complete Nonce:43 Reserved:true TXHash:[138 25 61 118 4 13 248 74 90 71 39 148 89 182 46 109 148 205 99 116 21 90 253 133 6 51 221 136 124 115 136 241] Sends:2 RPCAckObserved:true LastError:} {ID:[89 13 154 135 106 87 32 53 67 7 233 177 48 9 60 51 16 10 126 25 169 186 79 24 43 49 116 190 21 170 38 2] Lane:4 Phase:complete Nonce:53 Reserved:true TXHash:[150 213 221 0 254 34 95 28 188 77 154 84 54 34 110 47 227 66 199 214 229 145 53 164 34 157 106 145 60 17 14 21] Sends:3 RPCAckObserved:true LastError:} {ID:[117 84 20 148 215 7 148 161 179 38 56 97 153 99 244 174 211 196 132 159 201 239 84 56 106 199 113 200 74 221 5 38] Lane:4 Phase:complete Nonce:54 Reserved:true TXHash:[93 44 12 32 150 35 143 182 130 16 51 1 35 14 40 220 243 228 119 185 223 169 111 250 231 25 80 34 109 219 92 205] Sends:2 RPCAckObserved:true LastError:} {ID:[88 247 254 94 148 9 172 247 158 239 169 128 173 30 209 13 61 119 127 137 41 212 166 247 51 239 134 104 246 149 100 114] Lane:4 Phase:complete Nonce:55 Reserved:true TXHash:[81 111 159 159 220 170 249 87 11 44 165 186 141 21 57 143 38 158 188 47 152 128 188 63 54 253 193 142 15 190 119 171] Sends:3 RPCAckObserved:true LastError:} {ID:[21 65 114 18 144 197 201 249 81 176 51 87 194 169 7 25 157 132 35 203 124 185 218 50 82 149 18 143 247 82 68 192] Lane:4 Phase:complete Nonce:56 Reserved:true TXHash:[184 225 164 127 145 80 133 62 79 211 224 102 15 10 135 128 121 175 59 6 248 177 216 13 174 126 176 1 15 209 181 197] Sends:2 RPCAckObserved:true LastError:} {ID:[249 105 104 191 58 159 199 96 188 112 231 238 141 97 66 215 30 54 158 28 183 123 232 12 192 116 133 74 42 252 92 36] Lane:4 Phase:complete Nonce:57 Reserved:true TXHash:[126 2 244 124 49 131 90 24 252 252 240 195 4 112 132 103 172 213 239 202 29 60 77 185 120 168 29 143 206 112 88 204] Sends:3 RPCAckObserved:true LastError:} {ID:[129 69 40 156 3 153 101 254 186 185 183 98 227 177 120 231 124 54 211 30 120 191 152 171 178 123 54 106 79 147 115 71] Lane:4 Phase:complete Nonce:44 Reserved:true TXHash:[28 201 20 144 49 86 242 77 77 204 128 255 235 92 104 139 185 75 149 164 117 164 18 107 121 197 65 202 35 131 201 101] Sends:3 RPCAckObserved:true LastError:} {ID:[91 10 13 181 166 145 235 121 33 68 13 250 130 60 181 48 89 48 94 234 51 76 206 18 81 242 108 109 254 137 103 142] Lane:4 Phase:complete Nonce:46 Reserved:true TXHash:[45 48 127 229 102 250 6 204 101 142 46 97 68 199 155 135 41 25 167 30 157 14 17 84 175 18 18 143 72 238 216 88] Sends:2 RPCAckObserved:true LastError:} {ID:[174 136 17 137 81 228 74 221 29 190 131 60 168 139 136 70 168 106 64 255 147 181 142 228 233 127 50 146 126 17 152 103] Lane:3 Phase:complete Nonce:45 Reserved:true TXHash:[163 146 233 209 173 184 214 85 83 242 95 186 115 220 71 58 25 187 10 85 211 43 80 171 6 146 233 230 158 38 176 133] Sends:2 RPCAckObserved:true LastError:} {ID:[59 52 18 77 15 249 144 17 10 244 221 61 7 29 166 230 123 221 142 25 126 185 253 91 238 8 62 101 206 243 158 98] Lane:2 Phase:complete Nonce:0 Reserved:false TXHash:[0 0 0 0 0 0 0 0 0 0 0 0 0 0 0 0 0 0 0 0 0 0 0 0 0 0 0 0 0 0 0 0] Sends:39 RPCAckObserved:false LastError:} {ID:[134 60 51 153 193 125 140 173 187 2 29 51 198 242 123 184 109 39 221 172 28 49 34 209 159 17 153 115 123 59 242 88] Lane:3 Phase:complete Nonce:58 Reserved:true TXHash:[81 98 203 128 5 214 19 62 103 107 189 177 216 172 58 249 112 230 93 16 85 181 178 23 168 58 245 90 4 131 146 241] Sends:1 RPCAckObserved:true LastError:} {ID:[229 41 255 255 91 94 16 109 178 205 14 221 202 93 204 107 217 123 235 80 188 231 156 47 94 238 10 16 1 33 217 154] Lane:3 Phase:waiting Nonce:0 Reserved:false TXHash:[0 0 0 0 0 0 0 0 0 0 0 0 0 0 0 0 0 0 0 0 0 0 0 0 0 0 0 0 0 0 0 0] Sends:0 RPCAckObserved:false LastError:} {ID:[208 49 94 241 87 213 170 240 189 92 183 147 7 123 39 227 18 135 188 110 141 57 116 87 125 201 90 215 166 228 213 19] Lane:3 Phase:waiting Nonce:0 Reserved:false TXHash:[0 0 0 0 0 0 0 0 0 0 0 0 0 0 0 0 0 0 0 0 0 0 0 0 0 0 0 0 0 0 0 0] Sends:0 RPCAckObserved:false LastError:} {ID:[14 213 84 179 87 69 171 85 26 184 240 8 57 232 42 104 245 62 251 144 137 187 148 116 167 236 191 199 121 177 139 189] Lane:1 Phase:complete Nonce:59 Reserved:true TXHash:[81 177 72 65 157 45 151 144 211 121 36 140 56 151 65 210 175 5 207 4 172 88 163 68 122 197 7 10 218 185 229 16] Sends:1 RPCAckObserved:true LastError:} {ID:[224 247 123 36 176 82 149 97 135 60 172 169 153 53 117 163 246 181 151 138 108 158 17 84 50 4 65 127 66 84 125 76] Lane:2 Phase:complete Nonce:0 Reserved:false TXHash:[0 0 0 0 0 0 0 0 0 0 0 0 0 0 0 0 0 0 0 0 0 0 0 0 0 0 0 0 0 0 0 0] Sends:0 RPCAckObserved:false LastError:} {ID:[216 20 46 74 38 25 74 38 251 15 94 222 41 254 3 73 129 39 186 180 70 104 252 227 3 55 32 130 220 9 166 237] Lane:1 Phase:complete Nonce:60 Reserved:true TXHash:[168 117 66 244 216 13 225 35 112 102 78 34 135 252 82 10 226 69 3 209 88 87 102 109 118 97 184 102 109 188 225 60] Sends:1 RPCAckObserved:true LastError:} {ID:[249 124 63 26 177 9 158 141 152 215 199 3 197 8 51 203 199 167 88 189 191 163 92 206 248 149 76 120 5 204 169 134] Lane:3 Phase:waiting Nonce:0 Reserved:false TXHash:[0 0 0 0 0 0 0 0 0 0 0 0 0 0 0 0 0 0 0 0 0 0 0 0 0 0 0 0 0 0 0 0] Sends:0 RPCAckObserved:false LastError:} {ID:[121 87 30 18 90 249 119 57 198 61 7 15 251 1 171 219 233 203 115 162 38 62 239 231 144 53 41 105 140 176 225 73] Lane:3 Phase:waiting Nonce:0 Reserved:false TXHash:[0 0 0 0 0 0 0 0 0 0 0 0 0 0 0 0 0 0 0 0 0 0 0 0 0 0 0 0 0 0 0 0] Sends:0 RPCAckObserved:false LastError:authenticated CLX source data unavailable: Post "http://127.0.0.1:43283": interrupt signal received} {ID:[7 178 225 43 128 139 80 247 251 32 2 156 208 90 152 99 236 129 26 141 85 87 118 13 0 11 147 159 118 158 254 37] Lane:2 Phase:complete Nonce:0 Reserved:false TXHash:[0 0 0 0 0 0 0 0 0 0 0 0 0 0 0 0 0 0 0 0 0 0 0 0 0 0 0 0 0 0 0 0] Sends:1 RPCAckObserved:false LastError:} {ID:[111 224 103 118 155 206 239 248 136 230 150 48 217 144 30 76 14 141 28 142 155 186 16 230 209 82 181 174 236 25 14 41] Lane:3 Phase:queued Nonce:0 Reserved:false TXHash:[0 0 0 0 0 0 0 0 0 0 0 0 0 0 0 0 0 0 0 0 0 0 0 0 0 0 0 0 0 0 0 0] Sends:0 RPCAckObserved:false LastError:} {ID:[83 143 201 212 220 223 111 191 60 68 231 188 132 244 118 184 144 199 226 59 52 209 194 5 210 25 89 131 233 171 249 72] Lane:3 Phase:queued Nonce:0 Reserved:false TXHash:[0 0 0 0 0 0 0 0 0 0 0 0 0 0 0 0 0 0 0 0 0 0 0 0 0 0 0 0 0 0 0 0] Sends:0 RPCAckObserved:false LastError:} {ID:[213 159 76 98 21 164 35 53 72 228 51 142 222 111 195 54 133 128 150 11 161 207 121 99 30 52 1 133 144 210 207 42] Lane:3 Phase:queued Nonce:0 Reserved:false TXHash:[0 0 0 0 0 0 0 0 0 0 0 0 0 0 0 0 0 0 0 0 0 0 0 0 0 0 0 0 0 0 0 0] Sends:0 RPCAckObserved:false LastError:} {ID:[118 40 172 53 149 130 88 183 143 77 247 184 110 39 67 26 185 26 174 171 216 28 206 96 188 123 102 73 149 80 73 9] Lane:1 Phase:complete Nonce:61 Reserved:true TXHash:[56 136 217 218 179 230 149 215 8 40 4 116 0 221 170 207 193 47 215 68 181 235 125 170 41 174 187 162 170 73 131 115] Sends:1 RPCAckObserved:true LastError:} {ID:[151 15 2 133 229 97 243 247 122 61 193 143 249 172 97 94 130 27 233 45 83 129 12 195 107 100 141 20 219 120 113 154] Lane:2 Phase:complete Nonce:0 Reserved:false TXHash:[0 0 0 0 0 0 0 0 0 0 0 0 0 0 0 0 0 0 0 0 0 0 0 0 0 0 0 0 0 0 0 0] Sends:1 RPCAckObserved:false LastError:} {ID:[17 94 47 165 168 199 105 172 77 119 159 222 168 150 162 130 199 191 244 153 197 44 121 166 155 72 196 243 113 86 161 101] Lane:3 Phase:queued Nonce:0 Reserved:false TXHash:[0 0 0 0 0 0 0 0 0 0 0 0 0 0 0 0 0 0 0 0 0 0 0 0 0 0 0 0 0 0 0 0] Sends:0 RPCAckObserved:false LastError:} {ID:[64 9 66 67 84 171 113 48 75 90 206 220 86 254 31 155 32 192 48 82 21 44 69 132 95 119 139 91 198 237 182 137] Lane:1 Phase:complete Nonce:62 Reserved:true TXHash:[200 57 82 131 236 25 116 118 74 209 61 241 15 211 212 176 28 227 1 120 82 158 171 99 37 196 13 123 181 65 221 75] Sends:1 RPCAckObserved:true LastError:} {ID:[48 245 210 17 24 83 186 201 3 204 197 2 178 230 119 199 22 223 250 209 84 249 66 222 71 75 166 176 146 98 74 44] Lane:2 Phase:complete Nonce:0 Reserved:false TXHash:[0 0 0 0 0 0 0 0 0 0 0 0 0 0 0 0 0 0 0 0 0 0 0 0 0 0 0 0 0 0 0 0] Sends:1 RPCAckObserved:false LastError:} {ID:[94 20 188 72 203 73 42 178 211 136 158 24 54 252 248 172 79 48 96 114 42 18 151 51 32 140 117 137 163 211 211 114] Lane:1 Phase:queued Nonce:0 Reserved:false TXHash:[0 0 0 0 0 0 0 0 0 0 0 0 0 0 0 0 0 0 0 0 0 0 0 0 0 0 0 0 0 0 0 0] Sends:0 RPCAckObserved:false LastError:} {ID:[25 208 174 85 129 193 102 161 191 247 93 11 245 208 68 254 238 149 163 38 108 32 159 153 1 170 137 201 214 168 193 106] Lane:2 Phase:submitted Nonce:0 Reserved:false TXHash:[0 0 0 0 0 0 0 0 0 0 0 0 0 0 0 0 0 0 0 0 0 0 0 0 0 0 0 0 0 0 0 0] Sends:1 RPCAckObserved:false LastError:}] DiscoveryError:authenticated CLX source data unavailable: Post "http://127.0.0.1:43283": interrupt signal received
        authenticated CLX source data unavailable StepError:authenticated CLX source data unavailable: Post "http://127.0.0.1:43283": interrupt signal received}
    dex_continuous_fixture_test.go:382: continuous relay log /tmp/continuous-relay-failure-4274757909.log
    dex_continuous_fixture_test.go:384: relay status {Version:1 Devnet:true Authenticated:{SourceAnchor:{Version:2 ChainID:10101919 Genesis:[29 21 254 177 226 40 240 27 68 74 171 35 195 181 214 143 0 214 248 133 19 35 213 108 126 251 182 6 140 84 8 53] DEXID:[44 164 121 142 126 190 33 185 33 155 126 222 246 225 246 157 69 119 10 104 181 63 134 207 76 240 149 254 88 238 140 4] Custody:[0 0 0 0 0 0 0 0 0 0 0 0 0 0 0 0 0 222 0 1] Height:285 BlockHash:[173 50 232 144 8 115 31 23 55 238 199 204 179 41 44 160 137 111 134 34 135 52 32 115 145 124 130 83 215 33 82 6] StateRoot:[176 142 45 100 78 49 151 232 112 111 186 34 202 3 237 47 156 107 11 186 17 80 18 198 195 5 89 232 93 230 16 46] SourceKeyHash:[84 17 245 170 140 230 72 197 50 165 246 229 57 142 33 37 212 209 20 126 232 78 158 166 132 32 138 81 239 132 73 239] SourceCommittee:[163 28 115 76 146 212 80 75 141 148 228 255 123 122 165 249 189 245 74 210 144 92 159 13 177 46 99 251 160 226 103 196] SourceEpoch:1 InboxCount:8 ActivationEnd:0 ActivationRoot:[0 0 0 0 0 0 0 0 0 0 0 0 0 0 0 0 0 0 0 0 0 0 0 0 0 0 0 0 0 0 0 0]} DEXSequence:51 CLXSequence:40 CLXSequenceVerified:true} Counts:map[complete:77 queued:4 submitted:1 waiting:5] TotalJobs:87 JobsTruncated:false Jobs:[{ID:[188 215 114 109 34 9 180 94 81 171 108 113 116 182 215 1 50 43 249 152 169 125 21 217 78 22 224 126 47 139 236 37] Lane:2 Phase:complete Nonce:0 Reserved:false TXHash:[0 0 0 0 0 0 0 0 0 0 0 0 0 0 0 0 0 0 0 0 0 0 0 0 0 0 0 0 0 0 0 0] Sends:1 RPCAckObserved:false LastError:} {ID:[213 131 87 117 43 252 60 194 157 241 39 161 163 220 148 246 92 66 229 122 249 33 105 61 71 108 0 187 33 110 219 149] Lane:1 Phase:complete Nonce:0 Reserved:true TXHash:[179 235 43 243 93 29 200 93 35 154 173 227 193 12 228 136 86 67 32 179 8 135 79 36 100 63 32 52 153 246 217 183] Sends:2 RPCAckObserved:true LastError:} {ID:[147 193 111 4 50 64 132 117 187 254 230 109 175 239 7 228 86 10 105 47 48 252 4 12 240 51 206 3 74 100 219 41] Lane:3 Phase:complete Nonce:1 Reserved:true TXHash:[122 4 180 88 45 50 59 198 11 149 226 33 1 35 69 218 104 252 164 233 59 143 184 114 131 120 246 170 220 252 179 149] Sends:4 RPCAckObserved:true LastError:} {ID:[162 223 75 226 165 178 142 112 70 150 232 89 232 170 126 141 207 57 53 48 179 116 147 240 37 194 93 209 40 10 134 46] Lane:3 Phase:complete Nonce:2 Reserved:true TXHash:[168 103 245 97 132 199 172 140 160 178 220 107 47 237 126 47 199 1 207 240 40 122 81 212 112 239 198 176 254 99 104 26] Sends:2 RPCAckObserved:true LastError:} {ID:[14 226 99 50 130 168 135 140 19 173 53 195 36 69 106 114 53 151 226 67 63 106 49 103 41 115 180 154 215 52 212 147] Lane:3 Phase:complete Nonce:3 Reserved:true TXHash:[38 64 92 210 162 44 135 131 174 172 138 223 71 229 33 17 138 229 189 185 140 119 159 247 20 192 247 125 100 239 59 129] Sends:2 RPCAckObserved:true LastError:} {ID:[122 43 119 16 204 66 14 181 201 144 51 11 21 93 102 67 222 174 27 48 13 14 171 190 123 170 37 235 62 87 223 59] Lane:3 Phase:complete Nonce:4 Reserved:true TXHash:[60 108 126 52 228 158 183 156 137 196 47 94 94 236 132 239 111 57 118 64 170 72 187 50 59 147 44 148 59 15 186 29] Sends:2 RPCAckObserved:true LastError:} {ID:[106 195 163 37 199 245 97 133 8 13 127 179 254 243 162 54 229 102 210 96 114 139 135 121 197 253 14 183 73 11 251 138] Lane:3 Phase:complete Nonce:5 Reserved:true TXHash:[136 192 251 177 60 117 21 145 126 195 231 245 167 215 42 113 234 86 50 194 128 244 143 156 27 164 30 2 163 197 197 69] Sends:2 RPCAckObserved:true LastError:} {ID:[199 152 40 217 185 78 188 228 144 75 6 175 70 86 78 41 130 178 13 148 53 211 249 175 149 239 174 153 134 93 70 99] Lane:3 Phase:complete Nonce:6 Reserved:true TXHash:[169 91 165 238 25 24 218 64 221 157 174 184 80 253 38 106 250 167 146 20 191 189 27 89 202 83 153 104 95 107 50 110] Sends:3 RPCAckObserved:true LastError:} {ID:[123 168 167 214 122 237 203 36 156 25 42 153 101 67 62 238 16 134 16 119 102 48 250 171 191 86 82 205 73 226 255 125] Lane:3 Phase:complete Nonce:7 Reserved:true TXHash:[164 195 187 20 213 163 208 180 118 111 137 251 143 161 98 189 182 200 104 99 159 132 84 37 5 157 148 134 122 240 13 148] Sends:2 RPCAckObserved:true LastError:} {ID:[107 192 4 205 235 206 74 81 155 178 150 182 239 86 34 187 124 7 239 155 155 86 251 102 149 118 145 246 32 42 82 9] Lane:3 Phase:complete Nonce:8 Reserved:true TXHash:[3 242 229 211 92 5 185 42 211 130 57 152 95 210 48 174 246 80 70 74 108 249 134 84 86 69 116 255 108 234 11 242] Sends:2 RPCAckObserved:true LastError:} {ID:[125 188 113 33 8 239 205 87 24 129 145 12 102 42 22 16 130 172 173 118 124 106 133 108 95 80 204 177 151 61 122 85] Lane:3 Phase:complete Nonce:9 Reserved:true TXHash:[231 125 152 52 24 7 38 173 96 162 212 185 210 119 104 182 130 238 33 153 29 26 236 242 88 119 6 217 210 97 231 121] Sends:2 RPCAckObserved:true LastError:} {ID:[108 236 214 232 192 115 178 11 34 240 66 29 88 144 3 126 198 178 159 171 167 168 146 168 95 116 221 186 240 111 152 158] Lane:3 Phase:complete Nonce:10 Reserved:true TXHash:[209 4 216 191 122 132 97 128 206 217 241 249 26 212 136 250 246 82 46 63 233 179 29 81 156 160 200 1 187 34 236 210] Sends:3 RPCAckObserved:true LastError:} {ID:[169 143 85 187 54 41 186 50 124 85 8 29 164 53 26 0 51 192 229 86 58 229 34 221 24 215 20 14 124 216 174 119] Lane:3 Phase:complete Nonce:11 Reserved:true TXHash:[253 59 237 44 249 74 189 235 234 16 197 94 42 15 70 144 103 237 224 181 153 167 254 134 67 180 18 77 79 8 24 177] Sends:2 RPCAckObserved:true LastError:} {ID:[237 20 5 104 211 182 34 96 99 111 252 230 38 170 246 227 138 176 39 51 216 117 2 207 126 118 168 16 134 200 240 31] Lane:3 Phase:complete Nonce:12 Reserved:true TXHash:[97 27 132 228 205 74 77 129 177 210 148 60 87 62 226 18 8 248 243 141 178 149 192 175 57 94 44 207 245 40 151 27] Sends:2 RPCAckObserved:true LastError:} {ID:[251 66 210 161 105 81 170 107 164 28 232 129 2 240 136 172 122 9 169 152 173 118 107 240 215 125 127 211 177 78 83 113] Lane:3 Phase:complete Nonce:13 Reserved:true TXHash:[210 61 99 16 243 20 215 249 63 26 119 255 36 124 216 89 196 229 253 121 91 75 31 195 11 237 229 183 185 58 181 142] Sends:2 RPCAckObserved:true LastError:} {ID:[254 160 229 247 172 160 64 51 210 25 10 213 188 49 230 30 143 78 76 243 227 159 255 93 154 48 60 157 132 188 213 40] Lane:3 Phase:complete Nonce:14 Reserved:true TXHash:[151 14 175 46 234 130 146 18 59 192 50 175 106 145 255 70 149 48 241 123 236 109 140 195 93 86 65 89 156 230 141 107] Sends:2 RPCAckObserved:true LastError:} {ID:[117 91 23 32 220 161 230 188 72 108 103 161 173 72 139 209 253 66 124 72 71 166 11 214 106 188 152 69 35 188 169 36] Lane:3 Phase:complete Nonce:15 Reserved:true TXHash:[148 134 145 17 43 139 35 99 53 151 210 21 242 31 35 42 128 144 71 113 144 112 211 128 122 209 20 247 86 151 87 40] Sends:3 RPCAckObserved:true LastError:} {ID:[14 61 75 11 54 55 72 24 108 223 33 90 80 190 127 73 50 109 138 146 56 7 171 5 157 75 228 112 175 188 152 171] Lane:3 Phase:complete Nonce:16 Reserved:true TXHash:[117 24 194 120 249 200 211 163 34 61 52 136 164 190 200 67 200 128 13 3 198 187 63 54 65 130 77 112 85 210 203 1] Sends:2 RPCAckObserved:true LastError:} {ID:[159 177 36 142 221 62 47 101 114 2 16 255 168 205 15 135 146 206 192 222 208 245 227 131 33 14 162 29 131 92 196 205] Lane:3 Phase:complete Nonce:17 Reserved:true TXHash:[243 158 52 172 76 155 10 1 74 114 75 150 57 163 133 102 68 159 99 12 166 0 106 152 239 78 206 42 109 8 8 216] Sends:2 RPCAckObserved:true LastError:} {ID:[105 140 7 43 18 169 125 158 244 96 53 246 53 188 53 30 147 23 163 46 132 24 169 101 6 255 250 16 40 189 170 30] Lane:3 Phase:complete Nonce:18 Reserved:true TXHash:[41 88 124 203 249 209 142 245 33 96 126 250 138 95 170 253 247 107 58 203 31 222 213 131 49 5 160 106 39 239 165 229] Sends:2 RPCAckObserved:true LastError:} {ID:[77 227 241 145 43 207 17 181 115 134 211 182 31 43 165 217 189 58 200 67 27 97 16 28 181 0 86 55 10 145 12 74] Lane:4 Phase:complete Nonce:24 Reserved:true TXHash:[176 7 48 228 107 143 15 76 34 239 120 14 185 70 199 12 23 171 192 14 67 148 48 68 126 244 147 75 12 156 220 140] Sends:1 RPCAckObserved:true LastError:} {ID:[151 113 77 33 157 19 223 238 56 60 53 2 23 0 253 6 64 227 19 81 75 173 110 133 231 230 247 96 192 192 9 123] Lane:4 Phase:complete Nonce:25 Reserved:true TXHash:[98 250 223 137 193 253 102 57 226 38 10 185 215 152 23 192 225 254 57 147 148 220 93 249 207 217 118 97 68 82 128 82] Sends:1 RPCAckObserved:true LastError:} {ID:[55 162 173 57 190 200 245 200 161 164 116 148 125 241 3 225 110 51 100 42 40 175 205 115 201 102 190 68 163 152 29 12] Lane:4 Phase:complete Nonce:19 Reserved:true TXHash:[103 55 114 72 124 58 2 171 184 88 199 218 94 72 86 200 88 66 154 150 108 67 235 59 76 211 122 67 87 36 163 82] Sends:2 RPCAckObserved:true LastError:} {ID:[113 141 46 157 172 206 185 60 156 32 96 196 105 61 56 82 46 142 5 253 122 199 119 208 131 129 23 176 201 229 102 108] Lane:4 Phase:complete Nonce:21 Reserved:true TXHash:[52 200 238 19 173 115 216 17 150 22 178 171 152 172 49 30 243 254 242 244 168 168 94 91 151 27 121 248 240 183 127 211] Sends:2 RPCAckObserved:true LastError:} {ID:[98 70 120 75 123 121 50 119 135 151 9 132 161 231 122 198 231 94 63 41 249 46 131 207 32 214 104 80 18 125 65 210] Lane:4 Phase:complete Nonce:22 Reserved:true TXHash:[154 75 150 210 2 126 155 62 18 252 219 77 125 69 211 17 42 27 201 89 240 157 23 24 18 210 247 161 44 185 170 232] Sends:1 RPCAckObserved:true LastError:} {ID:[82 120 131 177 72 191 234 228 202 35 4 141 163 17 106 127 53 47 221 25 156 86 145 101 129 95 233 53 242 231 49 15] Lane:4 Phase:complete Nonce:23 Reserved:true TXHash:[100 153 27 106 67 58 167 246 160 159 209 91 55 215 57 48 79 59 60 36 218 243 11 43 91 22 19 12 35 208 101 136] Sends:1 RPCAckObserved:true LastError:} {ID:[156 4 164 12 91 194 6 221 42 176 61 130 26 30 96 74 158 111 50 254 10 205 179 207 206 202 64 173 104 198 2 13] Lane:3 Phase:complete Nonce:20 Reserved:true TXHash:[187 211 117 161 140 231 148 202 69 180 26 98 111 186 116 6 12 73 221 122 93 139 112 171 219 148 133 163 75 87 146 223] Sends:2 RPCAckObserved:true LastError:} {ID:[214 73 87 255 185 169 49 7 15 176 85 227 172 137 19 60 244 211 179 109 103 173 240 102 89 151 251 240 134 69 220 186] Lane:2 Phase:complete Nonce:0 Reserved:false TXHash:[0 0 0 0 0 0 0 0 0 0 0 0 0 0 0 0 0 0 0 0 0 0 0 0 0 0 0 0 0 0 0 0] Sends:2 RPCAckObserved:false LastError:} {ID:[56 196 146 13 172 37 117 69 37 148 135 95 247 207 175 181 241 123 68 222 1 59 112 183 104 65 255 150 223 131 217 161] Lane:3 Phase:complete Nonce:26 Reserved:true TXHash:[186 220 98 87 191 102 59 217 26 58 146 233 218 49 187 108 143 120 84 51 112 15 201 191 169 79 245 8 189 134 118 78] Sends:2 RPCAckObserved:true LastError:} {ID:[118 213 180 48 59 86 167 185 17 170 122 83 83 20 185 144 5 38 38 250 76 189 83 214 230 188 59 145 100 239 12 150] Lane:3 Phase:complete Nonce:28 Reserved:true TXHash:[218 251 55 5 103 23 132 100 228 244 202 234 162 193 26 231 160 72 204 8 129 221 49 94 183 85 1 203 78 237 168 195] Sends:2 RPCAckObserved:true LastError:} {ID:[34 205 202 173 234 203 123 143 102 247 216 39 94 103 11 17 98 0 10 149 46 105 247 101 252 240 233 216 222 69 9 220] Lane:2 Phase:complete Nonce:0 Reserved:false TXHash:[0 0 0 0 0 0 0 0 0 0 0 0 0 0 0 0 0 0 0 0 0 0 0 0 0 0 0 0 0 0 0 0] Sends:1 RPCAckObserved:false LastError:} {ID:[254 18 220 134 244 71 32 54 107 167 100 230 218 225 226 1 139 143 178 105 71 92 207 21 193 214 190 22 98 7 186 113] Lane:3 Phase:complete Nonce:29 Reserved:true TXHash:[78 239 198 226 95 39 228 74 82 100 136 226 146 238 76 113 94 255 202 223 16 55 140 239 30 98 46 207 1 53 202 71] Sends:2 RPCAckObserved:true LastError:} {ID:[93 115 26 222 124 127 167 232 131 201 186 141 111 242 15 198 116 232 109 202 26 162 134 190 32 18 9 157 177 17 123 143] Lane:3 Phase:complete Nonce:31 Reserved:true TXHash:[38 255 212 162 141 137 188 58 203 119 209 227 12 39 137 69 168 38 16 110 191 90 76 8 50 17 104 101 152 24 15 84] Sends:2 RPCAckObserved:true LastError:} {ID:[222 91 137 69 251 202 166 225 102 43 145 131 233 123 122 40 173 18 79 103 94 149 30 127 99 224 230 82 145 183 164 153] Lane:2 Phase:complete Nonce:0 Reserved:false TXHash:[0 0 0 0 0 0 0 0 0 0 0 0 0 0 0 0 0 0 0 0 0 0 0 0 0 0 0 0 0 0 0 0] Sends:2 RPCAckObserved:false LastError:} {ID:[16 189 250 42 26 77 172 106 207 71 110 45 173 12 166 76 139 97 98 196 168 70 188 97 188 120 25 12 108 47 94 190] Lane:3 Phase:complete Nonce:32 Reserved:true TXHash:[187 79 5 2 214 246 34 72 114 217 58 25 129 117 128 158 145 252 17 249 123 233 100 220 65 231 29 228 202 47 243 145] Sends:2 RPCAckObserved:true LastError:} {ID:[35 50 114 67 252 233 139 105 220 137 62 14 182 245 212 69 81 207 92 68 68 108 101 84 59 252 162 98 197 240 15 180] Lane:3 Phase:complete Nonce:34 Reserved:true TXHash:[42 183 13 216 221 167 0 183 31 15 12 137 155 94 118 143 222 135 17 199 233 170 63 60 118 231 107 24 182 120 71 176] Sends:2 RPCAckObserved:true LastError:} {ID:[239 162 185 10 7 75 132 55 172 196 40 85 120 8 179 202 209 139 41 71 126 166 162 247 214 6 46 85 168 249 136 4] Lane:3 Phase:complete Nonce:35 Reserved:true TXHash:[63 14 214 89 216 3 50 160 156 100 222 104 163 166 209 20 78 124 174 99 180 233 47 134 32 204 201 189 219 12 155 188] Sends:2 RPCAckObserved:true LastError:} {ID:[9 4 111 250 53 250 55 16 73 63 140 153 70 24 164 23 205 66 158 194 227 91 236 111 253 26 220 176 72 227 36 90] Lane:3 Phase:complete Nonce:36 Reserved:true TXHash:[230 80 232 141 68 50 252 108 87 230 8 239 142 117 82 86 66 23 21 13 36 100 33 149 188 120 238 39 172 89 20 98] Sends:2 RPCAckObserved:true LastError:} {ID:[83 7 132 87 43 143 29 67 172 234 115 155 201 135 30 159 63 57 141 163 254 14 93 34 232 215 93 93 35 25 99 151] Lane:1 Phase:complete Nonce:27 Reserved:true TXHash:[70 191 15 147 92 245 224 211 39 105 190 76 158 69 207 194 242 194 229 97 221 12 18 11 212 112 250 235 183 102 241 102] Sends:3 RPCAckObserved:true LastError:} {ID:[154 155 124 244 226 229 9 221 77 48 48 181 165 169 210 96 69 160 128 242 208 106 175 63 39 253 139 172 33 43 228 173] Lane:3 Phase:complete Nonce:37 Reserved:true TXHash:[105 243 42 80 224 74 29 12 74 39 82 242 193 169 160 207 129 146 108 239 221 38 156 89 83 165 3 150 34 121 171 218] Sends:2 RPCAckObserved:true LastError:} {ID:[124 138 26 164 228 118 109 149 123 77 124 57 205 195 94 105 177 64 51 67 177 240 213 229 121 3 198 82 130 71 189 28] Lane:3 Phase:complete Nonce:38 Reserved:true TXHash:[64 39 171 244 178 27 75 140 76 148 105 192 180 255 39 8 185 217 39 135 81 212 164 165 164 87 225 174 29 179 235 124] Sends:2 RPCAckObserved:true LastError:} {ID:[111 185 208 65 218 225 65 1 188 137 103 216 31 101 26 194 161 20 223 82 65 133 152 15 64 4 107 142 124 176 231 101] Lane:1 Phase:complete Nonce:30 Reserved:true TXHash:[107 78 39 173 19 228 216 15 2 200 19 90 204 154 116 204 208 63 212 207 76 171 117 29 61 177 138 4 196 226 193 81] Sends:3 RPCAckObserved:true LastError:} {ID:[36 12 218 170 147 143 200 243 63 239 55 212 181 13 122 109 181 71 207 196 255 112 189 30 60 190 238 169 101 152 126 90] Lane:3 Phase:complete Nonce:39 Reserved:true TXHash:[73 88 211 255 82 200 85 139 241 104 96 135 210 163 254 128 136 105 255 49 41 4 182 157 82 71 148 81 236 126 10 47] Sends:2 RPCAckObserved:true LastError:} {ID:[44 159 22 39 174 237 205 53 133 164 105 198 38 206 44 121 23 107 116 137 214 189 160 245 224 17 153 113 113 53 90 234] Lane:3 Phase:complete Nonce:40 Reserved:true TXHash:[172 151 56 80 159 46 101 168 36 78 166 118 79 126 20 78 234 202 20 91 37 118 165 20 241 36 64 55 187 210 171 206] Sends:3 RPCAckObserved:true LastError:} {ID:[36 33 44 202 106 64 107 207 206 124 169 7 112 0 172 185 145 62 107 63 69 220 23 98 192 170 97 115 149 129 100 72] Lane:1 Phase:complete Nonce:33 Reserved:true TXHash:[145 119 194 115 193 109 161 109 241 163 233 117 112 71 219 113 224 158 244 52 99 77 249 21 230 211 195 206 42 111 76 181] Sends:2 RPCAckObserved:true LastError:} {ID:[115 161 167 242 218 238 98 79 98 131 242 35 254 54 149 119 192 223 180 250 147 104 217 247 255 28 28 170 99 220 208 232] Lane:3 Phase:complete Nonce:41 Reserved:true TXHash:[41 227 159 142 53 161 242 226 84 51 59 202 102 154 124 96 56 245 86 44 168 215 222 204 130 1 179 131 234 222 11 33] Sends:2 RPCAckObserved:true LastError:} {ID:[108 251 51 82 206 18 209 1 147 232 235 252 183 157 251 23 251 172 64 241 85 88 44 133 52 83 37 167 131 244 238 58] Lane:3 Phase:complete Nonce:42 Reserved:true TXHash:[0 121 125 134 170 1 237 218 48 46 169 53 0 155 57 47 209 189 254 117 129 130 207 195 97 109 186 4 254 1 48 33] Sends:2 RPCAckObserved:true LastError:} {ID:[102 161 101 193 42 201 182 139 70 253 162 125 59 75 236 236 200 198 236 215 24 59 171 96 75 26 177 159 104 34 103 9] Lane:3 Phase:complete Nonce:43 Reserved:true TXHash:[149 75 221 131 27 136 19 126 196 83 215 249 143 208 200 121 211 133 155 49 244 158 151 57 70 210 95 12 121 55 213 212] Sends:2 RPCAckObserved:true LastError:} {ID:[194 126 253 136 217 151 130 50 147 212 119 165 62 28 113 171 109 221 237 102 74 221 214 231 91 146 135 146 9 238 253 5] Lane:4 Phase:complete Nonce:50 Reserved:true TXHash:[203 64 208 74 19 70 149 104 215 247 106 153 147 173 234 56 202 177 211 68 213 240 125 161 164 154 234 8 191 42 59 221] Sends:2 RPCAckObserved:true LastError:} {ID:[170 16 184 8 139 158 39 152 245 246 227 220 78 220 98 79 194 216 113 32 113 214 197 93 47 49 144 96 126 131 188 22] Lane:4 Phase:complete Nonce:51 Reserved:true TXHash:[74 233 153 20 167 13 90 221 106 183 213 13 82 67 233 157 92 48 181 134 183 22 229 110 75 110 172 127 215 43 95 77] Sends:2 RPCAckObserved:true LastError:} {ID:[15 59 135 15 63 80 10 183 9 221 57 224 37 218 93 139 192 80 124 248 147 79 4 119 62 118 179 123 178 17 57 154] Lane:4 Phase:complete Nonce:52 Reserved:true TXHash:[105 118 87 235 245 129 83 122 74 68 165 145 104 222 164 18 91 21 160 4 229 11 44 187 248 53 4 170 87 19 180 2] Sends:2 RPCAckObserved:true LastError:} {ID:[41 187 231 35 58 40 238 40 65 177 57 1 246 88 16 132 92 223 233 132 224 233 59 249 15 133 57 58 217 103 63 102] Lane:4 Phase:complete Nonce:53 Reserved:true TXHash:[217 252 92 194 11 94 214 193 46 96 251 8 193 209 190 11 234 173 211 17 173 100 60 9 12 185 167 190 6 232 115 253] Sends:2 RPCAckObserved:true LastError:} {ID:[21 127 125 165 103 128 166 175 162 210 243 203 152 112 213 97 60 216 116 236 212 126 73 208 254 139 89 232 178 179 75 187] Lane:4 Phase:complete Nonce:54 Reserved:true TXHash:[177 236 95 12 16 217 220 51 80 220 109 4 15 22 32 168 179 188 202 180 127 251 153 219 118 148 117 7 198 167 115 122] Sends:2 RPCAckObserved:true LastError:} {ID:[250 166 44 12 144 163 73 199 214 2 136 101 253 243 184 185 178 76 131 83 77 216 76 27 23 154 153 36 29 86 25 50] Lane:4 Phase:complete Nonce:55 Reserved:true TXHash:[28 126 68 219 80 89 124 126 164 74 64 92 67 216 215 101 60 99 196 125 197 60 246 217 201 135 255 138 13 55 63 160] Sends:2 RPCAckObserved:true LastError:} {ID:[215 62 196 178 106 80 8 151 4 6 71 108 164 166 77 29 62 169 164 65 39 42 252 211 248 150 94 255 89 13 207 251] Lane:3 Phase:complete Nonce:44 Reserved:true TXHash:[217 45 24 81 84 91 195 147 197 163 75 216 89 134 68 183 152 243 77 7 239 108 73 229 57 37 108 4 64 234 71 194] Sends:2 RPCAckObserved:true LastError:} {ID:[194 174 9 250 78 2 206 43 99 165 203 153 192 58 133 117 127 80 96 192 230 156 202 135 172 30 210 37 173 90 9 207] Lane:3 Phase:complete Nonce:45 Reserved:true TXHash:[62 4 110 137 77 82 149 179 226 201 133 121 144 122 80 79 54 197 181 133 243 236 165 252 82 20 73 241 235 178 76 165] Sends:2 RPCAckObserved:true LastError:} {ID:[160 69 207 100 0 146 60 55 202 196 25 185 243 62 3 71 5 201 64 53 99 147 31 107 170 123 129 40 245 89 41 77] Lane:3 Phase:complete Nonce:46 Reserved:true TXHash:[109 182 40 153 12 80 11 207 244 154 66 97 49 211 41 160 128 80 129 27 45 106 100 166 240 35 53 16 184 170 101 16] Sends:2 RPCAckObserved:true LastError:} {ID:[188 124 243 242 34 178 101 37 14 29 106 136 153 221 43 145 204 135 99 249 16 42 44 149 200 162 195 35 45 136 199 143] Lane:4 Phase:complete Nonce:56 Reserved:true TXHash:[75 221 221 71 206 253 80 30 2 155 198 49 87 247 145 112 33 54 238 226 24 2 238 143 105 189 153 175 95 213 100 170] Sends:2 RPCAckObserved:true LastError:} {ID:[57 141 1 168 217 185 154 54 77 183 235 226 89 144 22 111 13 170 96 77 134 18 124 187 66 113 20 229 55 189 220 29] Lane:3 Phase:complete Nonce:47 Reserved:true TXHash:[51 132 132 205 96 156 89 97 68 24 254 198 128 135 22 140 203 248 143 83 240 156 14 112 111 188 223 24 72 252 57 222] Sends:3 RPCAckObserved:true LastError:} {ID:[89 13 154 135 106 87 32 53 67 7 233 177 48 9 60 51 16 10 126 25 169 186 79 24 43 49 116 190 21 170 38 2] Lane:4 Phase:complete Nonce:57 Reserved:true TXHash:[41 42 157 32 161 209 204 27 240 180 176 103 0 0 133 50 65 150 116 116 123 176 16 248 252 254 64 231 223 135 34 34] Sends:2 RPCAckObserved:true LastError:} {ID:[117 84 20 148 215 7 148 161 179 38 56 97 153 99 244 174 211 196 132 159 201 239 84 56 106 199 113 200 74 221 5 38] Lane:4 Phase:complete Nonce:58 Reserved:true TXHash:[184 166 105 175 208 212 134 191 27 124 248 76 161 192 13 70 241 92 206 193 194 208 251 55 226 124 83 180 240 207 86 89] Sends:2 RPCAckObserved:true LastError:} {ID:[88 247 254 94 148 9 172 247 158 239 169 128 173 30 209 13 61 119 127 137 41 212 166 247 51 239 134 104 246 149 100 114] Lane:4 Phase:complete Nonce:59 Reserved:true TXHash:[132 216 25 241 248 137 21 56 213 185 54 129 110 230 230 132 249 64 22 9 74 156 164 171 140 76 229 73 174 188 143 97] Sends:4 RPCAckObserved:true LastError:} {ID:[21 65 114 18 144 197 201 249 81 176 51 87 194 169 7 25 157 132 35 203 124 185 218 50 82 149 18 143 247 82 68 192] Lane:4 Phase:complete Nonce:60 Reserved:true TXHash:[81 245 57 77 245 56 161 173 244 18 131 100 53 251 91 178 176 84 183 110 127 10 55 167 221 136 28 94 206 79 158 248] Sends:2 RPCAckObserved:true LastError:} {ID:[249 105 104 191 58 159 199 96 188 112 231 238 141 97 66 215 30 54 158 28 183 123 232 12 192 116 133 74 42 252 92 36] Lane:4 Phase:complete Nonce:61 Reserved:true TXHash:[104 142 8 56 32 193 69 124 134 68 68 241 56 31 197 95 43 94 78 37 249 126 20 193 42 0 206 1 202 235 197 98] Sends:3 RPCAckObserved:true LastError:} {ID:[129 69 40 156 3 153 101 254 186 185 183 98 227 177 120 231 124 54 211 30 120 191 152 171 178 123 54 106 79 147 115 71] Lane:4 Phase:complete Nonce:48 Reserved:true TXHash:[142 226 164 201 84 49 201 244 212 98 48 224 31 14 169 17 83 210 126 8 150 26 88 132 125 86 176 38 240 93 66 103] Sends:3 RPCAckObserved:true LastError:} {ID:[91 10 13 181 166 145 235 121 33 68 13 250 130 60 181 48 89 48 94 234 51 76 206 18 81 242 108 109 254 137 103 142] Lane:4 Phase:complete Nonce:49 Reserved:true TXHash:[99 129 166 117 235 229 140 123 110 146 10 208 184 137 163 2 141 196 24 105 135 204 222 73 129 29 14 2 245 230 154 134] Sends:2 RPCAckObserved:true LastError:} {ID:[174 136 17 137 81 228 74 221 29 190 131 60 168 139 136 70 168 106 64 255 147 181 142 228 233 127 50 146 126 17 152 103] Lane:3 Phase:complete Nonce:0 Reserved:false TXHash:[0 0 0 0 0 0 0 0 0 0 0 0 0 0 0 0 0 0 0 0 0 0 0 0 0 0 0 0 0 0 0 0] Sends:0 RPCAckObserved:false LastError:} {ID:[59 52 18 77 15 249 144 17 10 244 221 61 7 29 166 230 123 221 142 25 126 185 253 91 238 8 62 101 206 243 158 98] Lane:2 Phase:complete Nonce:0 Reserved:false TXHash:[0 0 0 0 0 0 0 0 0 0 0 0 0 0 0 0 0 0 0 0 0 0 0 0 0 0 0 0 0 0 0 0] Sends:46 RPCAckObserved:false LastError:} {ID:[134 60 51 153 193 125 140 173 187 2 29 51 198 242 123 184 109 39 221 172 28 49 34 209 159 17 153 115 123 59 242 88] Lane:3 Phase:complete Nonce:62 Reserved:true TXHash:[145 183 90 32 230 179 7 44 117 162 138 193 22 214 47 42 204 152 19 151 24 162 68 122 99 236 234 18 135 47 151 245] Sends:1 RPCAckObserved:true LastError:} {ID:[229 41 255 255 91 94 16 109 178 205 14 221 202 93 204 107 217 123 235 80 188 231 156 47 94 238 10 16 1 33 217 154] Lane:3 Phase:waiting Nonce:0 Reserved:false TXHash:[0 0 0 0 0 0 0 0 0 0 0 0 0 0 0 0 0 0 0 0 0 0 0 0 0 0 0 0 0 0 0 0] Sends:0 RPCAckObserved:false LastError:} {ID:[208 49 94 241 87 213 170 240 189 92 183 147 7 123 39 227 18 135 188 110 141 57 116 87 125 201 90 215 166 228 213 19] Lane:3 Phase:waiting Nonce:0 Reserved:false TXHash:[0 0 0 0 0 0 0 0 0 0 0 0 0 0 0 0 0 0 0 0 0 0 0 0 0 0 0 0 0 0 0 0] Sends:0 RPCAckObserved:false LastError:} {ID:[224 247 123 36 176 82 149 97 135 60 172 169 153 53 117 163 246 181 151 138 108 158 17 84 50 4 65 127 66 84 125 76] Lane:2 Phase:complete Nonce:0 Reserved:false TXHash:[0 0 0 0 0 0 0 0 0 0 0 0 0 0 0 0 0 0 0 0 0 0 0 0 0 0 0 0 0 0 0 0] Sends:1 RPCAckObserved:false LastError:} {ID:[14 213 84 179 87 69 171 85 26 184 240 8 57 232 42 104 245 62 251 144 137 187 148 116 167 236 191 199 121 177 139 189] Lane:1 Phase:complete Nonce:63 Reserved:true TXHash:[0 103 188 182 129 11 68 73 90 204 44 250 169 16 165 184 243 88 250 179 235 75 83 216 230 50 135 11 143 116 115 128] Sends:1 RPCAckObserved:true LastError:} {ID:[216 20 46 74 38 25 74 38 251 15 94 222 41 254 3 73 129 39 186 180 70 104 252 227 3 55 32 130 220 9 166 237] Lane:1 Phase:complete Nonce:64 Reserved:true TXHash:[215 185 38 79 170 55 37 136 209 88 216 62 90 154 246 93 172 119 46 97 252 97 122 4 182 61 36 73 94 201 38 168] Sends:1 RPCAckObserved:true LastError:} {ID:[249 124 63 26 177 9 158 141 152 215 199 3 197 8 51 203 199 167 88 189 191 163 92 206 248 149 76 120 5 204 169 134] Lane:3 Phase:waiting Nonce:0 Reserved:false TXHash:[0 0 0 0 0 0 0 0 0 0 0 0 0 0 0 0 0 0 0 0 0 0 0 0 0 0 0 0 0 0 0 0] Sends:0 RPCAckObserved:false LastError:} {ID:[121 87 30 18 90 249 119 57 198 61 7 15 251 1 171 219 233 203 115 162 38 62 239 231 144 53 41 105 140 176 225 73] Lane:3 Phase:waiting Nonce:0 Reserved:false TXHash:[0 0 0 0 0 0 0 0 0 0 0 0 0 0 0 0 0 0 0 0 0 0 0 0 0 0 0 0 0 0 0 0] Sends:0 RPCAckObserved:false LastError:} {ID:[111 224 103 118 155 206 239 248 136 230 150 48 217 144 30 76 14 141 28 142 155 186 16 230 209 82 181 174 236 25 14 41] Lane:3 Phase:queued Nonce:0 Reserved:false TXHash:[0 0 0 0 0 0 0 0 0 0 0 0 0 0 0 0 0 0 0 0 0 0 0 0 0 0 0 0 0 0 0 0] Sends:0 RPCAckObserved:false LastError:} {ID:[7 178 225 43 128 139 80 247 251 32 2 156 208 90 152 99 236 129 26 141 85 87 118 13 0 11 147 159 118 158 254 37] Lane:2 Phase:complete Nonce:0 Reserved:false TXHash:[0 0 0 0 0 0 0 0 0 0 0 0 0 0 0 0 0 0 0 0 0 0 0 0 0 0 0 0 0 0 0 0] Sends:1 RPCAckObserved:false LastError:} {ID:[83 143 201 212 220 223 111 191 60 68 231 188 132 244 118 184 144 199 226 59 52 209 194 5 210 25 89 131 233 171 249 72] Lane:3 Phase:queued Nonce:0 Reserved:false TXHash:[0 0 0 0 0 0 0 0 0 0 0 0 0 0 0 0 0 0 0 0 0 0 0 0 0 0 0 0 0 0 0 0] Sends:0 RPCAckObserved:false LastError:} {ID:[213 159 76 98 21 164 35 53 72 228 51 142 222 111 195 54 133 128 150 11 161 207 121 99 30 52 1 133 144 210 207 42] Lane:3 Phase:queued Nonce:0 Reserved:false TXHash:[0 0 0 0 0 0 0 0 0 0 0 0 0 0 0 0 0 0 0 0 0 0 0 0 0 0 0 0 0 0 0 0] Sends:0 RPCAckObserved:false LastError:} {ID:[118 40 172 53 149 130 88 183 143 77 247 184 110 39 67 26 185 26 174 171 216 28 206 96 188 123 102 73 149 80 73 9] Lane:1 Phase:complete Nonce:65 Reserved:true TXHash:[236 195 191 48 31 44 32 7 136 107 119 62 23 83 36 14 197 215 162 20 189 88 123 111 7 139 110 166 211 124 168 79] Sends:1 RPCAckObserved:true LastError:} {ID:[151 15 2 133 229 97 243 247 122 61 193 143 249 172 97 94 130 27 233 45 83 129 12 195 107 100 141 20 219 120 113 154] Lane:2 Phase:complete Nonce:0 Reserved:false TXHash:[0 0 0 0 0 0 0 0 0 0 0 0 0 0 0 0 0 0 0 0 0 0 0 0 0 0 0 0 0 0 0 0] Sends:1 RPCAckObserved:false LastError:} {ID:[17 94 47 165 168 199 105 172 77 119 159 222 168 150 162 130 199 191 244 153 197 44 121 166 155 72 196 243 113 86 161 101] Lane:3 Phase:queued Nonce:0 Reserved:false TXHash:[0 0 0 0 0 0 0 0 0 0 0 0 0 0 0 0 0 0 0 0 0 0 0 0 0 0 0 0 0 0 0 0] Sends:0 RPCAckObserved:false LastError:} {ID:[64 9 66 67 84 171 113 48 75 90 206 220 86 254 31 155 32 192 48 82 21 44 69 132 95 119 139 91 198 237 182 137] Lane:1 Phase:complete Nonce:66 Reserved:true TXHash:[117 152 120 85 83 87 72 113 49 140 193 233 194 167 175 88 228 251 53 218 180 138 17 60 139 50 6 147 123 216 245 148] Sends:1 RPCAckObserved:true LastError:} {ID:[48 245 210 17 24 83 186 201 3 204 197 2 178 230 119 199 22 223 250 209 84 249 66 222 71 75 166 176 146 98 74 44] Lane:2 Phase:complete Nonce:0 Reserved:false TXHash:[0 0 0 0 0 0 0 0 0 0 0 0 0 0 0 0 0 0 0 0 0 0 0 0 0 0 0 0 0 0 0 0] Sends:1 RPCAckObserved:false LastError:} {ID:[94 20 188 72 203 73 42 178 211 136 158 24 54 252 248 172 79 48 96 114 42 18 151 51 32 140 117 137 163 211 211 114] Lane:1 Phase:waiting Nonce:0 Reserved:false TXHash:[0 0 0 0 0 0 0 0 0 0 0 0 0 0 0 0 0 0 0 0 0 0 0 0 0 0 0 0 0 0 0 0] Sends:0 RPCAckObserved:false LastError:authenticated CLX source data unavailable: Post "http://127.0.0.1:43283": interrupt signal received} {ID:[25 208 174 85 129 193 102 161 191 247 93 11 245 208 68 254 238 149 163 38 108 32 159 153 1 170 137 201 214 168 193 106] Lane:2 Phase:submitted Nonce:0 Reserved:false TXHash:[0 0 0 0 0 0 0 0 0 0 0 0 0 0 0 0 0 0 0 0 0 0 0 0 0 0 0 0 0 0 0 0] Sends:1 RPCAckObserved:false LastError:}] DiscoveryError:authenticated CLX source data unavailable: Post "http://127.0.0.1:43283": interrupt signal received
        authenticated CLX source data unavailable StepError:authenticated CLX source data unavailable: Post "http://127.0.0.1:43283": interrupt signal received}
    dex_financial_cli_test.go:116: ordinary CLI full log /tmp/dex-normal-cli-failure-1618153288.log
    dex_financial_cli_test.go:121: ordinary Common5: got new view message    from=127.0.0.4:37693 viewId="4cf34c…960ee7"
        WARN [09-23|10:36:40.314] GetBlockByNumer                          number=198
        WARN [09-23|10:36:40.392] GetBlockByNumer                          number=199
        WARN [09-23|10:36:40.448] GetBlockByNumer                          number=200
        WARN [09-23|10:36:40.515] GetBlockByNumer                          number=201
        WARN [09-23|10:36:40.568] GetBlockByNumer                          number=202
        WARN [09-23|10:36:40.644] GetBlockByNumer                          number=203
        WARN [09-23|10:36:40.685] GetBlockByNumer                          number=204
        WARN [09-23|10:36:40.725] GetBlockByNumer                          number=205
        WARN [09-23|10:36:40.781] GetBlockByNumer                          number=206
        WARN [09-23|10:36:40.816] GetBlockByNumer                          number=207
        WARN [09-23|10:36:40.886] GetBlockByNumer                          number=208
        WARN [09-23|10:36:40.951] GetBlockByNumer                          number=209
        WARN [09-23|10:36:41.016] GetBlockByNumer                          number=210
        WARN [09-23|10:36:41.059] GetBlockByNumer                          number=211
        WARN [09-23|10:36:41.111] GetBlockByNumer                          number=212
        WARN [09-23|10:36:41.175] GetBlockByNumer                          number=213
        WARN [09-23|10:36:41.217] GetBlockByNumer                          number=214
        WARN [09-23|10:36:41.277] GetBlockByNumer                          number=215
        WARN [09-23|10:36:41.317] GetBlockByNumer                          number=216
        WARN [09-23|10:36:41.396] GetBlockByNumer                          number=217
        WARN [09-23|10:36:41.437] GetBlockByNumer                          number=218
        WARN [09-23|10:36:41.483] GetBlockByNumer                          number=219
        WARN [09-23|10:36:41.525] GetBlockByNumer                          number=220
        WARN [09-23|10:36:41.574] GetBlockByNumer                          number=221
        WARN [09-23|10:36:41.646] GetBlockByNumer                          number=222
        WARN [09-23|10:36:41.699] GetBlockByNumer                          number=223
        WARN [09-23|10:36:41.745] GetBlockByNumer                          number=224
        WARN [09-23|10:36:41.790] GetBlockByNumer                          number=225
        WARN [09-23|10:36:41.862] GetBlockByNumer                          number=226
        WARN [09-23|10:36:41.898] GetBlockByNumer                          number=227
        WARN [09-23|10:36:41.960] GetBlockByNumer                          number=228
        WARN [09-23|10:36:42.017] GetBlockByNumer                          number=229
        WARN [09-23|10:36:42.061] GetBlockByNumer                          number=230
        WARN [09-23|10:36:42.109] GetBlockByNumer                          number=231
        WARN [09-23|10:36:42.156] GetBlockByNumer                          number=232
        WARN [09-23|10:36:42.227] GetBlockByNumer                          number=233
        WARN [09-23|10:36:42.290] GetBlockByNumer                          number=234
        WARN [09-23|10:36:42.332] GetBlockByNumer                          number=235
        WARN [09-23|10:36:42.390] GetBlockByNumer                          number=236
        WARN [09-23|10:36:42.452] GetBlockByNumer                          number=237
        WARN [09-23|10:36:42.499] GetBlockByNumer                          number=238
        WARN [09-23|10:36:42.538] GetBlockByNumer                          number=239
        WARN [09-23|10:36:42.591] GetBlockByNumer                          number=240
        WARN [09-23|10:36:42.649] GetBlockByNumer                          number=241
        WARN [09-23|10:36:42.690] GetBlockByNumer                          number=242
        WARN [09-23|10:36:42.739] GetBlockByNumer                          number=243
        WARN [09-23|10:36:42.808] GetBlockByNumer                          number=244
        WARN [09-23|10:36:42.879] GetBlockByNumer                          number=245
        WARN [09-23|10:36:42.930] GetBlockByNumer                          number=246
        WARN [09-23|10:36:43.004] GetBlockByNumer                          number=247
        WARN [09-23|10:36:43.080] GetBlockByNumer                          number=248
        WARN [09-23|10:36:43.133] GetBlockByNumer                          number=249
        WARN [09-23|10:36:43.170] GetBlockByNumer                          number=250
        WARN [09-23|10:36:43.214] GetBlockByNumer                          number=251
        WARN [09-23|10:36:43.260] GetBlockByNumer                          number=252
        WARN [09-23|10:36:43.307] GetBlockByNumer                          number=253
        WARN [09-23|10:36:43.356] GetBlockByNumer                          number=254
        WARN [09-23|10:36:43.401] GetBlockByNumer                          number=255
        WARN [09-23|10:36:43.456] GetBlockByNumer                          number=256
        WARN [09-23|10:36:43.503] GetBlockByNumer                          number=257
        WARN [09-23|10:36:43.578] GetBlockByNumer                          number=258
        WARN [09-23|10:36:43.685] GetBlockByNumer                          number=259
        WARN [09-23|10:36:43.743] GetBlockByNumer                          number=260
        WARN [09-23|10:36:43.797] GetBlockByNumer                          number=261
        WARN [09-23|10:36:43.839] GetBlockByNumer                          number=262
        WARN [09-23|10:36:43.888] ReadCommittee                            read data is empty=
        WARN [09-23|10:36:43.895] GetBlockByNumer                          number=263
        WARN [09-23|10:36:43.965] GetBlockByNumer                          number=264
        WARN [09-23|10:36:44.026] GetBlockByNumer                          number=265
        WARN [09-23|10:36:44.093] GetBlockByNumer                          number=266
        WARN [09-23|10:36:44.141] GetBlockByNumer                          number=267
        WARN [09-23|10:36:44.192] GetBlockByNumer                          number=268
        INFO [09-23|10:36:47.626] HOTSTUFF STANDALONE PREPARE QC VERIFIED  number=56 viewID="cc6048…2a0ed0" from=127.0.0.8:37889 maskBytes=1
        INFO [09-23|10:36:49.675] HOTSTUFF PREPARE QC VERIFIED             number=86 viewID="1d0994…1de4fe" from=127.0.0.3:34543 maskBytes=1
        INFO [09-23|10:36:50.465] HOTSTUFF PREPARE QC VERIFIED             number=87 viewID="7e9075…d6ba78" from=127.0.0.4:37693 maskBytes=1
        WARN [09-23|10:36:52.393] GetBlockByNumer                          number=268
        WARN [09-23|10:36:52.446] GetBlockByNumer                          number=269
        WARN [09-23|10:36:52.661] GetBlockByNumer                          number=270
        WARN [09-23|10:36:53.563] GetBlockByNumer                          number=271
        WARN [09-23|10:36:54.183] GetBlockByNumer                          number=272
        INFO [09-23|10:36:56.018] HOTSTUFF PREPARE QC VERIFIED             number=89 viewID="b416e3…d10c79" from=127.0.0.6:37251 maskBytes=1
        INFO [09-23|10:36:56.020] handleNewViewMsg got new view message    from=127.0.0.3:34543 viewId="9fe34b…8aa7b3"
        INFO [09-23|10:36:56.029] handleNewViewMsg got new view message    from=127.0.0.7:41529 viewId="9fe34b…8aa7b3"
        INFO [09-23|10:36:56.055] handleNewViewMsg got new view message    from=127.0.0.2:36749 viewId="9fe34b…8aa7b3"
        INFO [09-23|10:36:56.066] handleNewViewMsg got new view message    from=127.0.0.8:37889 viewId="9fe34b…8aa7b3"
        INFO [09-23|10:36:56.075] handleNewViewMsg got new view message    from=127.0.0.6:37251 viewId="9fe34b…8aa7b3"
        INFO [09-23|10:36:56.119] handleNewViewMsg got new view message    from=127.0.0.4:37693 viewId="9fe34b…8aa7b3"
        INFO [09-23|10:36:56.203] handleNewViewMsg got new view message    from=127.0.0.5:35103 viewId="9fe34b…8aa7b3"
        INFO [09-23|10:36:57.243] HOTSTUFF PREPARE QC BROADCAST            number=90 viewID="9fe34b…8aa7b3" votes=5 threshold=5
        INFO [09-23|10:36:57.324] HOTSTUFF PREPARE QC VERIFIED             number=90 viewID="9fe34b…8aa7b3" from=127.0.0.7:41529 maskBytes=1
        WARN [09-23|10:36:57.690] GetBlockByNumer                          number=273
        WARN [09-23|10:36:59.251] GetBlockByNumer                          number=274
        WARN [09-23|10:36:59.251] GetBlockByNumer                          number=272
        WARN [09-23|10:36:59.676] GetBlockByNumer                          number=274
        WARN [09-23|10:36:59.723] GetBlockByNumer                          number=275
        WARN [09-23|10:36:59.740] GetBlockByNumer                          number=273
        WARN [09-23|10:36:59.794] GetBlockByNumer                          number=276
        WARN [09-23|10:36:59.805] GetBlockByNumer                          number=274
        WARN [09-23|10:36:59.811] GetBlockByNumer                          number=275
        INFO [09-23|10:37:00.249] HOTSTUFF PREPARE QC VERIFIED             number=91 viewID="b707a7…f1535c" from=127.0.0.8:37889 maskBytes=1
        INFO [09-23|10:37:05.562] HOTSTUFF PREPARE QC VERIFIED             number=93 viewID="94fef4…8d1d93" from=127.0.0.3:34543 maskBytes=1
        INFO [09-23|10:37:06.866] HOTSTUFF PREPARE QC VERIFIED             number=94 viewID="e92081…a2db16" from=127.0.0.4:37693 maskBytes=1
        WARN [09-23|10:37:09.528] GetBlockByNumer                          number=277
        WARN [09-23|10:37:10.833] GetBlockByNumer                          number=278
        INFO [09-23|10:37:13.128] handleNewViewMsg got new view message    from=127.0.0.7:41529 viewId="7ff75a…ca0945"
        INFO [09-23|10:37:13.187] handleNewViewMsg got new view message    from=127.0.0.8:37889 viewId="7ff75a…ca0945"
        INFO [09-23|10:37:13.203] handleNewViewMsg got new view message    from=127.0.0.6:37251 viewId="7ff75a…ca0945"
        INFO [09-23|10:37:13.225] handleNewViewMsg got new view message    from=127.0.0.2:36749 viewId="7ff75a…ca0945"
        INFO [09-23|10:37:13.249] handleNewViewMsg got new view message    from=127.0.0.3:34543 viewId="7ff75a…ca0945"
        INFO [09-23|10:37:13.297] handleNewViewMsg got new view message    from=127.0.0.4:37693 viewId="7ff75a…ca0945"
        INFO [09-23|10:37:13.312] handleNewViewMsg got new view message    from=127.0.0.5:35103 viewId="7ff75a…ca0945"
        INFO [09-23|10:37:15.021] HOTSTUFF PREPARE QC BROADCAST            number=97 viewID="7ff75a…ca0945" votes=5 threshold=5
        INFO [09-23|10:37:15.062] HOTSTUFF PREPARE QC VERIFIED             number=97 viewID="7ff75a…ca0945" from=127.0.0.7:41529 maskBytes=1
        INFO [09-23|10:37:16.180] HOTSTUFF PREPARE QC VERIFIED             number=98 viewID="7b3abb…31855d" from=127.0.0.8:37889 maskBytes=1
        WARN [09-23|10:37:17.875] GetBlockByNumer                          number=279
        WARN [09-23|10:37:18.737] GetBlockByNumer                          number=280
        WARN [09-23|10:37:18.794] GetBlockByNumer                          number=281
        INFO [09-23|10:37:22.669] HOTSTUFF PREPARE QC VERIFIED             number=100 viewID="2a7fa1…5675a8" from=127.0.0.3:34543 maskBytes=1
        INFO [09-23|10:37:23.809] HOTSTUFF PREPARE QC VERIFIED             number=101 viewID="33e062…9ac1f9" from=127.0.0.4:37693 maskBytes=1
        INFO [09-23|10:37:24.865] HOTSTUFF PREPARE QC VERIFIED             number=102 viewID="51848e…6077be" from=127.0.0.5:35103 maskBytes=1
        WARN [09-23|10:37:26.208] GetBlockByNumer                          number=282
        WARN [09-23|10:37:27.363] GetBlockByNumer                          number=283
        WARN [09-23|10:37:27.396] GetBlockByNumer                          number=284
        WARN [09-23|10:37:27.569] GetBlockByNumer                          number=285
        INFO [09-23|10:37:28.051] handleNewViewMsg got new view message    from=127.0.0.5:35103 viewId="c3c971…08945b"
        INFO [09-23|10:37:28.081] handleNewViewMsg got new view message    from=127.0.0.8:37889 viewId="c3c971…08945b"
        INFO [09-23|10:37:28.137] handleNewViewMsg got new view message    from=127.0.0.4:37693 viewId="c3c971…08945b"
        INFO [09-23|10:37:28.157] handleNewViewMsg got new view message    from=127.0.0.3:34543 viewId="c3c971…08945b"
        INFO [09-23|10:37:28.172] handleNewViewMsg got new view message    from=127.0.0.2:36749 viewId="c3c971…08945b"
        INFO [09-23|10:37:28.222] handleNewViewMsg got new view message    from=127.0.0.7:41529 viewId="c3c971…08945b"
        INFO [09-23|10:37:28.349] handleNewViewMsg got new view message    from=127.0.0.6:37251 viewId="c3c971…08945b"
        INFO [09-23|10:37:32.678] HOTSTUFF PREPARE QC VERIFIED             number=105 viewID="3a364e…596601" from=127.0.0.8:37889 maskBytes=1
    dex_financial_cli_test.go:116: ordinary CLI full log /tmp/dex-normal-cli-failure-2729937015.log
    dex_financial_cli_test.go:121: ordinary Common4: 0.599] GetBlockByNumer                          number=206
        WARN [09-23|10:36:30.680] GetBlockByNumer                          number=207
        WARN [09-23|10:36:30.894] GetBlockByNumer                          number=208
        WARN [09-23|10:36:30.944] GetBlockByNumer                          number=209
        WARN [09-23|10:36:30.992] GetBlockByNumer                          number=210
        INFO [09-23|10:36:31.031] HOTSTUFF PREPARE QC VERIFIED             number=80 viewID="a73913…0c8bd2" from=127.0.0.4:37693 maskBytes=1
        WARN [09-23|10:36:31.039] GetBlockByNumer                          number=211
        WARN [09-23|10:36:31.094] GetBlockByNumer                          number=212
        WARN [09-23|10:36:31.159] GetBlockByNumer                          number=213
        WARN [09-23|10:36:31.199] GetBlockByNumer                          number=214
        WARN [09-23|10:36:31.256] GetBlockByNumer                          number=215
        WARN [09-23|10:36:31.361] GetBlockByNumer                          number=216
        WARN [09-23|10:36:31.497] GetBlockByNumer                          number=217
        WARN [09-23|10:36:31.546] GetBlockByNumer                          number=218
        WARN [09-23|10:36:31.738] GetBlockByNumer                          number=219
        WARN [09-23|10:36:31.836] GetBlockByNumer                          number=220
        WARN [09-23|10:36:31.902] GetBlockByNumer                          number=221
        WARN [09-23|10:36:31.949] GetBlockByNumer                          number=222
        WARN [09-23|10:36:32.075] GetBlockByNumer                          number=223
        WARN [09-23|10:36:32.169] GetBlockByNumer                          number=224
        WARN [09-23|10:36:32.209] GetBlockByNumer                          number=225
        WARN [09-23|10:36:32.263] GetBlockByNumer                          number=226
        WARN [09-23|10:36:32.304] GetBlockByNumer                          number=227
        WARN [09-23|10:36:32.367] GetBlockByNumer                          number=228
        WARN [09-23|10:36:32.402] GetBlockByNumer                          number=229
        WARN [09-23|10:36:32.447] GetBlockByNumer                          number=230
        WARN [09-23|10:36:32.493] GetBlockByNumer                          number=231
        WARN [09-23|10:36:32.548] GetBlockByNumer                          number=232
        WARN [09-23|10:36:32.598] GetBlockByNumer                          number=233
        WARN [09-23|10:36:32.656] GetBlockByNumer                          number=234
        WARN [09-23|10:36:32.695] GetBlockByNumer                          number=235
        WARN [09-23|10:36:32.750] GetBlockByNumer                          number=236
        WARN [09-23|10:36:32.800] GetBlockByNumer                          number=237
        WARN [09-23|10:36:32.850] GetBlockByNumer                          number=238
        WARN [09-23|10:36:32.884] GetBlockByNumer                          number=239
        WARN [09-23|10:36:32.939] GetBlockByNumer                          number=240
        WARN [09-23|10:36:32.994] GetBlockByNumer                          number=241
        WARN [09-23|10:36:33.029] GetBlockByNumer                          number=242
        WARN [09-23|10:36:33.068] GetBlockByNumer                          number=243
        WARN [09-23|10:36:33.146] GetBlockByNumer                          number=244
        WARN [09-23|10:36:33.209] GetBlockByNumer                          number=245
        WARN [09-23|10:36:33.276] GetBlockByNumer                          number=246
        WARN [09-23|10:36:33.348] GetBlockByNumer                          number=247
        WARN [09-23|10:36:33.406] GetBlockByNumer                          number=248
        WARN [09-23|10:36:33.450] GetBlockByNumer                          number=249
        WARN [09-23|10:36:33.493] GetBlockByNumer                          number=250
        WARN [09-23|10:36:33.552] GetBlockByNumer                          number=251
        WARN [09-23|10:36:33.635] GetBlockByNumer                          number=252
        WARN [09-23|10:36:33.723] GetBlockByNumer                          number=253
        WARN [09-23|10:36:33.773] GetBlockByNumer                          number=254
        WARN [09-23|10:36:33.865] GetBlockByNumer                          number=255
        WARN [09-23|10:36:33.924] GetBlockByNumer                          number=256
        WARN [09-23|10:36:34.005] GetBlockByNumer                          number=257
        WARN [09-23|10:36:34.048] GetBlockByNumer                          number=258
        WARN [09-23|10:36:34.104] GetBlockByNumer                          number=259
        WARN [09-23|10:36:34.141] GetBlockByNumer                          number=260
        INFO [09-23|10:36:34.157] handleNewViewMsg got new view message    from=127.0.0.6:37251 viewId="ac09be…c3d555"
        WARN [09-23|10:36:34.182] GetBlockByNumer                          number=261
        INFO [09-23|10:36:34.187] handleNewViewMsg got new view message    from=127.0.0.5:35103 viewId="ac09be…c3d555"
        INFO [09-23|10:36:34.202] handleNewViewMsg got new view message    from=127.0.0.4:37693 viewId="ac09be…c3d555"
        INFO [09-23|10:36:34.223] handleNewViewMsg got new view message    from=127.0.0.2:36749 viewId="ac09be…c3d555"
        WARN [09-23|10:36:34.225] GetBlockByNumer                          number=262
        WARN [09-23|10:36:34.269] ReadCommittee                            read data is empty=
        WARN [09-23|10:36:34.279] GetBlockByNumer                          number=263
        INFO [09-23|10:36:34.292] handleNewViewMsg got new view message    from=127.0.0.3:34543 viewId="ac09be…c3d555"
        WARN [09-23|10:36:34.381] GetBlockByNumer                          number=264
        WARN [09-23|10:36:34.440] GetBlockByNumer                          number=265
        WARN [09-23|10:36:34.502] GetBlockByNumer                          number=266
        WARN [09-23|10:36:34.755] GetBlockByNumer                          number=267
        WARN [09-23|10:36:34.840] GetBlockByNumer                          number=268
        INFO [09-23|10:36:38.536] HOTSTUFF STANDALONE PREPARE QC VERIFIED  number=55 viewID="b671c5…6ad3cd" from=127.0.0.7:41529 maskBytes=1
        INFO [09-23|10:36:47.608] HOTSTUFF STANDALONE PREPARE QC VERIFIED  number=56 viewID="cc6048…2a0ed0" from=127.0.0.8:37889 maskBytes=1
        INFO [09-23|10:36:49.631] HOTSTUFF PREPARE QC VERIFIED             number=86 viewID="1d0994…1de4fe" from=127.0.0.3:34543 maskBytes=1
        INFO [09-23|10:36:50.541] HOTSTUFF PREPARE QC VERIFIED             number=87 viewID="7e9075…d6ba78" from=127.0.0.4:37693 maskBytes=1
        WARN [09-23|10:36:52.394] GetBlockByNumer                          number=268
        WARN [09-23|10:36:52.451] GetBlockByNumer                          number=269
        WARN [09-23|10:36:52.659] GetBlockByNumer                          number=270
        WARN [09-23|10:36:53.568] GetBlockByNumer                          number=271
        INFO [09-23|10:36:53.738] handleNewViewMsg got new view message    from=127.0.0.2:36749 viewId="b416e3…d10c79"
        INFO [09-23|10:36:53.827] handleNewViewMsg got new view message    from=127.0.0.7:41529 viewId="b416e3…d10c79"
        INFO [09-23|10:36:53.887] handleNewViewMsg got new view message    from=127.0.0.3:34543 viewId="b416e3…d10c79"
        INFO [09-23|10:36:53.913] handleNewViewMsg got new view message    from=127.0.0.4:37693 viewId="b416e3…d10c79"
        INFO [09-23|10:36:53.961] handleNewViewMsg got new view message    from=127.0.0.6:37251 viewId="b416e3…d10c79"
        INFO [09-23|10:36:54.106] handleNewViewMsg got new view message    from=127.0.0.5:35103 viewId="b416e3…d10c79"
        INFO [09-23|10:36:54.124] handleNewViewMsg got new view message    from=127.0.0.8:37889 viewId="b416e3…d10c79"
        WARN [09-23|10:36:54.192] GetBlockByNumer                          number=272
        INFO [09-23|10:36:55.969] HOTSTUFF PREPARE QC BROADCAST            number=89 viewID="b416e3…d10c79" votes=5 threshold=5
        INFO [09-23|10:36:56.045] HOTSTUFF PREPARE QC VERIFIED             number=89 viewID="b416e3…d10c79" from=127.0.0.6:37251 maskBytes=1
        WARN [09-23|10:36:57.442] GetBlockByNumer                          number=272
        INFO [09-23|10:36:57.465] HOTSTUFF PREPARE QC VERIFIED             number=90 viewID="9fe34b…8aa7b3" from=127.0.0.7:41529 maskBytes=1
        WARN [09-23|10:36:57.589] GetBlockByNumer                          number=273
        WARN [09-23|10:36:58.176] GetBlockByNumer                          number=274
        WARN [09-23|10:36:58.621] GetBlockByNumer                          number=275
        WARN [09-23|10:37:00.133] GetBlockByNumer                          number=276
        INFO [09-23|10:37:00.269] HOTSTUFF PREPARE QC VERIFIED             number=91 viewID="b707a7…f1535c" from=127.0.0.8:37889 maskBytes=1
        INFO [09-23|10:37:05.544] HOTSTUFF PREPARE QC VERIFIED             number=93 viewID="94fef4…8d1d93" from=127.0.0.3:34543 maskBytes=1
        INFO [09-23|10:37:06.938] HOTSTUFF PREPARE QC VERIFIED             number=94 viewID="e92081…a2db16" from=127.0.0.4:37693 maskBytes=1
        WARN [09-23|10:37:08.875] GetBlockByNumer                          number=277
        INFO [09-23|10:37:10.001] handleNewViewMsg got new view message    from=127.0.0.4:37693 viewId="896f22…84190b"
        INFO [09-23|10:37:10.020] handleNewViewMsg got new view message    from=127.0.0.8:37889 viewId="896f22…84190b"
        INFO [09-23|10:37:10.034] handleNewViewMsg got new view message    from=127.0.0.5:35103 viewId="896f22…84190b"
        INFO [09-23|10:37:10.051] handleNewViewMsg got new view message    from=127.0.0.6:37251 viewId="896f22…84190b"
        INFO [09-23|10:37:10.066] handleNewViewMsg got new view message    from=127.0.0.2:36749 viewId="896f22…84190b"
        INFO [09-23|10:37:10.219] handleNewViewMsg got new view message    from=127.0.0.7:41529 viewId="896f22…84190b"
        INFO [09-23|10:37:10.241] handleNewViewMsg got new view message    from=127.0.0.3:34543 viewId="896f22…84190b"
        WARN [09-23|10:37:10.876] GetBlockByNumer                          number=278
        INFO [09-23|10:37:15.062] HOTSTUFF PREPARE QC VERIFIED             number=97 viewID="7ff75a…ca0945" from=127.0.0.7:41529 maskBytes=1
        INFO [09-23|10:37:16.138] HOTSTUFF PREPARE QC VERIFIED             number=98 viewID="7b3abb…31855d" from=127.0.0.8:37889 maskBytes=1
        WARN [09-23|10:37:17.292] GetBlockByNumer                          number=279
        WARN [09-23|10:37:18.762] GetBlockByNumer                          number=280
        WARN [09-23|10:37:18.811] GetBlockByNumer                          number=281
        INFO [09-23|10:37:22.620] HOTSTUFF PREPARE QC VERIFIED             number=100 viewID="2a7fa1…5675a8" from=127.0.0.3:34543 maskBytes=1
        INFO [09-23|10:37:23.817] HOTSTUFF PREPARE QC VERIFIED             number=101 viewID="33e062…9ac1f9" from=127.0.0.4:37693 maskBytes=1
        INFO [09-23|10:37:24.828] HOTSTUFF PREPARE QC VERIFIED             number=102 viewID="51848e…6077be" from=127.0.0.5:35103 maskBytes=1
        INFO [09-23|10:37:24.833] handleNewViewMsg got new view message    from=127.0.0.2:36749 viewId="259a28…2043a7"
        INFO [09-23|10:37:24.863] handleNewViewMsg got new view message    from=127.0.0.5:35103 viewId="259a28…2043a7"
        INFO [09-23|10:37:24.884] handleNewViewMsg got new view message    from=127.0.0.6:37251 viewId="259a28…2043a7"
        INFO [09-23|10:37:24.901] handleNewViewMsg got new view message    from=127.0.0.4:37693 viewId="259a28…2043a7"
        INFO [09-23|10:37:24.909] handleNewViewMsg got new view message    from=127.0.0.8:37889 viewId="259a28…2043a7"
        INFO [09-23|10:37:25.081] handleNewViewMsg got new view message    from=127.0.0.7:41529 viewId="259a28…2043a7"
        INFO [09-23|10:37:25.111] handleNewViewMsg got new view message    from=127.0.0.3:34543 viewId="259a28…2043a7"
        WARN [09-23|10:37:26.218] GetBlockByNumer                          number=282
        WARN [09-23|10:37:26.753] GetBlockByNumer                          number=283
        WARN [09-23|10:37:26.753] GetBlockByNumer                          number=281
        WARN [09-23|10:37:26.761] GetBlockByNumer                          number=282
        WARN [09-23|10:37:27.069] GetBlockByNumer                          number=283
        WARN [09-23|10:37:27.121] GetBlockByNumer                          number=284
        WARN [09-23|10:37:27.132] GetBlockByNumer                          number=283
        WARN [09-23|10:37:27.183] GetBlockByNumer                          number=285
        INFO [09-23|10:37:32.677] HOTSTUFF PREPARE QC VERIFIED             number=105 viewID="3a364e…596601" from=127.0.0.8:37889 maskBytes=1
    dex_financial_cli_test.go:116: ordinary CLI full log /tmp/dex-normal-cli-failure-3391029297.log
    dex_financial_cli_test.go:121: ordinary Common3: 
        WARN [09-23|10:36:21.444] GetBlockByNumer                          number=207
        WARN [09-23|10:36:21.498] GetBlockByNumer                          number=208
        WARN [09-23|10:36:21.546] GetBlockByNumer                          number=209
        WARN [09-23|10:36:21.595] GetBlockByNumer                          number=210
        WARN [09-23|10:36:21.642] GetBlockByNumer                          number=211
        WARN [09-23|10:36:21.686] GetBlockByNumer                          number=212
        WARN [09-23|10:36:21.765] GetBlockByNumer                          number=213
        WARN [09-23|10:36:21.803] GetBlockByNumer                          number=214
        WARN [09-23|10:36:21.872] GetBlockByNumer                          number=215
        WARN [09-23|10:36:21.906] GetBlockByNumer                          number=216
        WARN [09-23|10:36:21.956] GetBlockByNumer                          number=217
        WARN [09-23|10:36:22.011] GetBlockByNumer                          number=218
        WARN [09-23|10:36:22.052] GetBlockByNumer                          number=219
        WARN [09-23|10:36:22.097] GetBlockByNumer                          number=220
        WARN [09-23|10:36:22.136] GetBlockByNumer                          number=221
        WARN [09-23|10:36:22.181] GetBlockByNumer                          number=222
        WARN [09-23|10:36:22.230] GetBlockByNumer                          number=223
        WARN [09-23|10:36:22.266] GetBlockByNumer                          number=224
        WARN [09-23|10:36:22.308] GetBlockByNumer                          number=225
        WARN [09-23|10:36:22.356] GetBlockByNumer                          number=226
        WARN [09-23|10:36:22.399] GetBlockByNumer                          number=227
        WARN [09-23|10:36:22.450] GetBlockByNumer                          number=228
        WARN [09-23|10:36:22.496] GetBlockByNumer                          number=229
        WARN [09-23|10:36:22.545] GetBlockByNumer                          number=230
        WARN [09-23|10:36:22.596] GetBlockByNumer                          number=231
        WARN [09-23|10:36:22.639] GetBlockByNumer                          number=232
        WARN [09-23|10:36:22.680] GetBlockByNumer                          number=233
        WARN [09-23|10:36:22.740] GetBlockByNumer                          number=234
        WARN [09-23|10:36:22.799] GetBlockByNumer                          number=235
        WARN [09-23|10:36:22.863] GetBlockByNumer                          number=236
        WARN [09-23|10:36:22.908] GetBlockByNumer                          number=237
        WARN [09-23|10:36:22.957] GetBlockByNumer                          number=238
        WARN [09-23|10:36:23.011] GetBlockByNumer                          number=239
        WARN [09-23|10:36:23.129] GetBlockByNumer                          number=240
        WARN [09-23|10:36:23.199] GetBlockByNumer                          number=241
        WARN [09-23|10:36:23.250] GetBlockByNumer                          number=242
        WARN [09-23|10:36:23.308] GetBlockByNumer                          number=243
        WARN [09-23|10:36:23.455] GetBlockByNumer                          number=244
        WARN [09-23|10:36:23.532] GetBlockByNumer                          number=245
        WARN [09-23|10:36:23.614] GetBlockByNumer                          number=246
        WARN [09-23|10:36:23.676] GetBlockByNumer                          number=247
        WARN [09-23|10:36:23.735] GetBlockByNumer                          number=248
        WARN [09-23|10:36:23.788] GetBlockByNumer                          number=249
        WARN [09-23|10:36:23.829] GetBlockByNumer                          number=250
        WARN [09-23|10:36:23.882] GetBlockByNumer                          number=251
        WARN [09-23|10:36:23.920] GetBlockByNumer                          number=252
        WARN [09-23|10:36:23.975] GetBlockByNumer                          number=253
        WARN [09-23|10:36:24.019] GetBlockByNumer                          number=254
        WARN [09-23|10:36:24.072] GetBlockByNumer                          number=255
        WARN [09-23|10:36:24.124] GetBlockByNumer                          number=256
        WARN [09-23|10:36:24.182] GetBlockByNumer                          number=257
        WARN [09-23|10:36:24.224] GetBlockByNumer                          number=258
        WARN [09-23|10:36:24.263] GetBlockByNumer                          number=259
        WARN [09-23|10:36:24.310] GetBlockByNumer                          number=260
        WARN [09-23|10:36:24.364] GetBlockByNumer                          number=261
        WARN [09-23|10:36:24.433] GetBlockByNumer                          number=262
        WARN [09-23|10:36:24.488] ReadCommittee                            read data is empty=
        WARN [09-23|10:36:24.496] GetBlockByNumer                          number=263
        WARN [09-23|10:36:24.547] GetBlockByNumer                          number=264
        WARN [09-23|10:36:24.596] GetBlockByNumer                          number=265
        WARN [09-23|10:36:24.671] GetBlockByNumer                          number=266
        WARN [09-23|10:36:24.709] GetBlockByNumer                          number=267
        WARN [09-23|10:36:24.764] GetBlockByNumer                          number=268
        INFO [09-23|10:36:28.540] HOTSTUFF STANDALONE PREPARE QC VERIFIED  number=54 viewID="7d73db…9d6c44" from=127.0.0.6:37251 maskBytes=1
        INFO [09-23|10:36:31.030] HOTSTUFF PREPARE QC VERIFIED             number=80 viewID="a73913…0c8bd2" from=127.0.0.4:37693 maskBytes=1
        INFO [09-23|10:36:31.052] handleNewViewMsg got new view message    from=127.0.0.6:37251 viewId="64fb1f…ea1ad8"
        INFO [09-23|10:36:31.065] handleNewViewMsg got new view message    from=127.0.0.3:34543 viewId="64fb1f…ea1ad8"
        INFO [09-23|10:36:31.074] handleNewViewMsg got new view message    from=127.0.0.4:37693 viewId="64fb1f…ea1ad8"
        INFO [09-23|10:36:31.085] handleNewViewMsg got new view message    from=127.0.0.2:36749 viewId="64fb1f…ea1ad8"
        INFO [09-23|10:36:31.127] handleNewViewMsg got new view message    from=127.0.0.5:35103 viewId="64fb1f…ea1ad8"
        INFO [09-23|10:36:38.583] HOTSTUFF STANDALONE PREPARE QC VERIFIED  number=55 viewID="b671c5…6ad3cd" from=127.0.0.7:41529 maskBytes=1
        INFO [09-23|10:36:47.616] HOTSTUFF STANDALONE PREPARE QC VERIFIED  number=56 viewID="cc6048…2a0ed0" from=127.0.0.8:37889 maskBytes=1
        INFO [09-23|10:36:49.682] HOTSTUFF PREPARE QC VERIFIED             number=86 viewID="1d0994…1de4fe" from=127.0.0.3:34543 maskBytes=1
        INFO [09-23|10:36:50.533] HOTSTUFF PREPARE QC VERIFIED             number=87 viewID="7e9075…d6ba78" from=127.0.0.4:37693 maskBytes=1
        INFO [09-23|10:36:50.535] handleNewViewMsg got new view message    from=127.0.0.7:41529 viewId="d93d87…8b0f8b"
        INFO [09-23|10:36:50.554] handleNewViewMsg got new view message    from=127.0.0.3:34543 viewId="d93d87…8b0f8b"
        INFO [09-23|10:36:50.563] handleNewViewMsg got new view message    from=127.0.0.2:36749 viewId="d93d87…8b0f8b"
        INFO [09-23|10:36:50.571] handleNewViewMsg got new view message    from=127.0.0.8:37889 viewId="d93d87…8b0f8b"
        INFO [09-23|10:36:50.580] handleNewViewMsg got new view message    from=127.0.0.4:37693 viewId="d93d87…8b0f8b"
        INFO [09-23|10:36:50.676] handleNewViewMsg got new view message    from=127.0.0.5:35103 viewId="d93d87…8b0f8b"
        INFO [09-23|10:36:50.686] handleNewViewMsg got new view message    from=127.0.0.6:37251 viewId="d93d87…8b0f8b"
        WARN [09-23|10:36:52.618] GetBlockByNumer                          number=269
        WARN [09-23|10:36:53.167] GetBlockByNumer                          number=270
        WARN [09-23|10:36:53.575] GetBlockByNumer                          number=271
        WARN [09-23|10:36:54.197] GetBlockByNumer                          number=272
        INFO [09-23|10:36:56.031] HOTSTUFF PREPARE QC VERIFIED             number=89 viewID="b416e3…d10c79" from=127.0.0.6:37251 maskBytes=1
        WARN [09-23|10:36:57.445] GetBlockByNumer                          number=272
        INFO [09-23|10:36:57.452] HOTSTUFF PREPARE QC VERIFIED             number=90 viewID="9fe34b…8aa7b3" from=127.0.0.7:41529 maskBytes=1
        WARN [09-23|10:36:57.586] GetBlockByNumer                          number=273
        WARN [09-23|10:36:58.306] GetBlockByNumer                          number=274
        WARN [09-23|10:36:58.639] GetBlockByNumer                          number=275
        WARN [09-23|10:37:00.153] GetBlockByNumer                          number=276
        INFO [09-23|10:37:00.269] HOTSTUFF PREPARE QC VERIFIED             number=91 viewID="b707a7…f1535c" from=127.0.0.8:37889 maskBytes=1
        INFO [09-23|10:37:05.567] HOTSTUFF PREPARE QC VERIFIED             number=93 viewID="94fef4…8d1d93" from=127.0.0.3:34543 maskBytes=1
        INFO [09-23|10:37:06.932] HOTSTUFF PREPARE QC VERIFIED             number=94 viewID="e92081…a2db16" from=127.0.0.4:37693 maskBytes=1
        INFO [09-23|10:37:06.935] handleNewViewMsg got new view message    from=127.0.0.7:41529 viewId="03fd0b…cd40ac"
        INFO [09-23|10:37:06.946] handleNewViewMsg got new view message    from=127.0.0.2:36749 viewId="03fd0b…cd40ac"
        INFO [09-23|10:37:06.955] handleNewViewMsg got new view message    from=127.0.0.3:34543 viewId="03fd0b…cd40ac"
        INFO [09-23|10:37:06.968] handleNewViewMsg got new view message    from=127.0.0.8:37889 viewId="03fd0b…cd40ac"
        INFO [09-23|10:37:06.984] handleNewViewMsg got new view message    from=127.0.0.4:37693 viewId="03fd0b…cd40ac"
        INFO [09-23|10:37:07.029] handleNewViewMsg got new view message    from=127.0.0.5:35103 viewId="03fd0b…cd40ac"
        INFO [09-23|10:37:07.223] handleNewViewMsg got new view message    from=127.0.0.6:37251 viewId="03fd0b…cd40ac"
        WARN [09-23|10:37:08.891] GetBlockByNumer                          number=277
        WARN [09-23|10:37:10.969] GetBlockByNumer                          number=278
        INFO [09-23|10:37:15.066] HOTSTUFF PREPARE QC VERIFIED             number=97 viewID="7ff75a…ca0945" from=127.0.0.7:41529 maskBytes=1
        INFO [09-23|10:37:16.164] HOTSTUFF PREPARE QC VERIFIED             number=98 viewID="7b3abb…31855d" from=127.0.0.8:37889 maskBytes=1
        WARN [09-23|10:37:17.290] GetBlockByNumer                          number=279
        WARN [09-23|10:37:18.789] GetBlockByNumer                          number=280
        WARN [09-23|10:37:18.832] GetBlockByNumer                          number=281
        INFO [09-23|10:37:22.586] HOTSTUFF PREPARE QC VERIFIED             number=100 viewID="2a7fa1…5675a8" from=127.0.0.3:34543 maskBytes=1
        INFO [09-23|10:37:23.818] HOTSTUFF PREPARE QC VERIFIED             number=101 viewID="33e062…9ac1f9" from=127.0.0.4:37693 maskBytes=1
        INFO [09-23|10:37:23.818] handleNewViewMsg got new view message    from=127.0.0.7:41529 viewId="51848e…6077be"
        INFO [09-23|10:37:23.831] handleNewViewMsg got new view message    from=127.0.0.6:37251 viewId="51848e…6077be"
        INFO [09-23|10:37:23.846] handleNewViewMsg got new view message    from=127.0.0.4:37693 viewId="51848e…6077be"
        INFO [09-23|10:37:23.864] handleNewViewMsg got new view message    from=127.0.0.2:36749 viewId="51848e…6077be"
        INFO [09-23|10:37:23.874] handleNewViewMsg got new view message    from=127.0.0.3:34543 viewId="51848e…6077be"
        INFO [09-23|10:37:23.923] handleNewViewMsg got new view message    from=127.0.0.5:35103 viewId="51848e…6077be"
        INFO [09-23|10:37:23.933] handleNewViewMsg got new view message    from=127.0.0.8:37889 viewId="51848e…6077be"
        INFO [09-23|10:37:24.685] HOTSTUFF PREPARE QC BROADCAST            number=102 viewID="51848e…6077be" votes=5 threshold=5
        INFO [09-23|10:37:24.716] HOTSTUFF PREPARE QC VERIFIED             number=102 viewID="51848e…6077be" from=127.0.0.5:35103 maskBytes=1
        WARN [09-23|10:37:26.211] GetBlockByNumer                          number=282
        WARN [09-23|10:37:26.751] GetBlockByNumer                          number=283
        WARN [09-23|10:37:26.751] GetBlockByNumer                          number=281
        WARN [09-23|10:37:26.754] GetBlockByNumer                          number=282
        WARN [09-23|10:37:27.072] GetBlockByNumer                          number=283
        WARN [09-23|10:37:27.114] GetBlockByNumer                          number=284
        WARN [09-23|10:37:27.123] GetBlockByNumer                          number=283
        WARN [09-23|10:37:27.178] GetBlockByNumer                          number=285
        INFO [09-23|10:37:32.644] HOTSTUFF PREPARE QC VERIFIED             number=105 viewID="3a364e…596601" from=127.0.0.8:37889 maskBytes=1
    dex_financial_cli_test.go:116: ordinary CLI full log /tmp/dex-normal-cli-failure-650898905.log
    dex_financial_cli_test.go:121: ordinary Common2: -23|10:36:13.262] GetBlockByNumer                          number=219
        WARN [09-23|10:36:13.299] GetBlockByNumer                          number=220
        WARN [09-23|10:36:13.336] GetBlockByNumer                          number=221
        WARN [09-23|10:36:13.384] GetBlockByNumer                          number=222
        WARN [09-23|10:36:13.425] GetBlockByNumer                          number=223
        WARN [09-23|10:36:13.459] GetBlockByNumer                          number=224
        WARN [09-23|10:36:13.513] GetBlockByNumer                          number=225
        WARN [09-23|10:36:13.561] GetBlockByNumer                          number=226
        WARN [09-23|10:36:13.610] GetBlockByNumer                          number=227
        WARN [09-23|10:36:13.657] GetBlockByNumer                          number=228
        WARN [09-23|10:36:13.697] GetBlockByNumer                          number=229
        WARN [09-23|10:36:13.750] GetBlockByNumer                          number=230
        WARN [09-23|10:36:13.794] GetBlockByNumer                          number=231
        WARN [09-23|10:36:13.844] GetBlockByNumer                          number=232
        WARN [09-23|10:36:13.898] GetBlockByNumer                          number=233
        WARN [09-23|10:36:13.978] GetBlockByNumer                          number=234
        WARN [09-23|10:36:14.040] GetBlockByNumer                          number=235
        WARN [09-23|10:36:14.137] GetBlockByNumer                          number=236
        WARN [09-23|10:36:14.224] GetBlockByNumer                          number=237
        WARN [09-23|10:36:14.321] GetBlockByNumer                          number=238
        WARN [09-23|10:36:14.381] GetBlockByNumer                          number=239
        WARN [09-23|10:36:14.424] GetBlockByNumer                          number=240
        WARN [09-23|10:36:14.480] GetBlockByNumer                          number=241
        WARN [09-23|10:36:14.516] GetBlockByNumer                          number=242
        WARN [09-23|10:36:14.569] GetBlockByNumer                          number=243
        WARN [09-23|10:36:14.663] GetBlockByNumer                          number=244
        WARN [09-23|10:36:14.772] GetBlockByNumer                          number=245
        WARN [09-23|10:36:14.832] GetBlockByNumer                          number=246
        WARN [09-23|10:36:14.911] GetBlockByNumer                          number=247
        WARN [09-23|10:36:14.949] GetBlockByNumer                          number=248
        WARN [09-23|10:36:15.010] GetBlockByNumer                          number=249
        WARN [09-23|10:36:15.048] GetBlockByNumer                          number=250
        WARN [09-23|10:36:15.098] GetBlockByNumer                          number=251
        WARN [09-23|10:36:15.135] GetBlockByNumer                          number=252
        WARN [09-23|10:36:15.174] GetBlockByNumer                          number=253
        WARN [09-23|10:36:15.208] GetBlockByNumer                          number=254
        WARN [09-23|10:36:15.267] GetBlockByNumer                          number=255
        WARN [09-23|10:36:15.304] GetBlockByNumer                          number=256
        WARN [09-23|10:36:15.381] GetBlockByNumer                          number=257
        WARN [09-23|10:36:15.428] GetBlockByNumer                          number=258
        WARN [09-23|10:36:15.481] GetBlockByNumer                          number=259
        WARN [09-23|10:36:15.525] GetBlockByNumer                          number=260
        WARN [09-23|10:36:15.600] GetBlockByNumer                          number=261
        WARN [09-23|10:36:15.642] GetBlockByNumer                          number=262
        WARN [09-23|10:36:15.694] ReadCommittee                            read data is empty=
        WARN [09-23|10:36:15.704] GetBlockByNumer                          number=263
        WARN [09-23|10:36:15.760] GetBlockByNumer                          number=264
        WARN [09-23|10:36:15.802] GetBlockByNumer                          number=265
        WARN [09-23|10:36:15.894] GetBlockByNumer                          number=266
        WARN [09-23|10:36:16.066] GetBlockByNumer                          number=267
        WARN [09-23|10:36:16.125] GetBlockByNumer                          number=268
        INFO [09-23|10:36:19.541] HOTSTUFF STANDALONE PREPARE QC VERIFIED  number=53 viewID="280195…cd184e" from=127.0.0.5:35103 maskBytes=1
        INFO [09-23|10:36:28.543] HOTSTUFF STANDALONE PREPARE QC VERIFIED  number=54 viewID="7d73db…9d6c44" from=127.0.0.6:37251 maskBytes=1
        INFO [09-23|10:36:29.176] handleNewViewMsg got new view message    from=127.0.0.6:37251 viewId="a73913…0c8bd2"
        INFO [09-23|10:36:29.441] handleNewViewMsg got new view message    from=127.0.0.4:37693 viewId="a73913…0c8bd2"
        INFO [09-23|10:36:29.481] handleNewViewMsg got new view message    from=127.0.0.5:35103 viewId="a73913…0c8bd2"
        INFO [09-23|10:36:29.512] handleNewViewMsg got new view message    from=127.0.0.2:36749 viewId="a73913…0c8bd2"
        INFO [09-23|10:36:29.761] handleNewViewMsg got new view message    from=127.0.0.3:34543 viewId="a73913…0c8bd2"
        INFO [09-23|10:36:30.977] HOTSTUFF PREPARE QC BROADCAST            number=80 viewID="a73913…0c8bd2" votes=5 threshold=5
        INFO [09-23|10:36:31.012] HOTSTUFF PREPARE QC VERIFIED             number=80 viewID="a73913…0c8bd2" from=127.0.0.4:37693 maskBytes=1
        INFO [09-23|10:36:38.544] HOTSTUFF STANDALONE PREPARE QC VERIFIED  number=55 viewID="b671c5…6ad3cd" from=127.0.0.7:41529 maskBytes=1
        INFO [09-23|10:36:47.588] HOTSTUFF STANDALONE PREPARE QC VERIFIED  number=56 viewID="cc6048…2a0ed0" from=127.0.0.8:37889 maskBytes=1
        INFO [09-23|10:36:49.656] HOTSTUFF PREPARE QC VERIFIED             number=86 viewID="1d0994…1de4fe" from=127.0.0.3:34543 maskBytes=1
        INFO [09-23|10:36:49.656] handleNewViewMsg got new view message    from=127.0.0.8:37889 viewId="7e9075…d6ba78"
        INFO [09-23|10:36:49.674] handleNewViewMsg got new view message    from=127.0.0.6:37251 viewId="7e9075…d6ba78"
        INFO [09-23|10:36:49.687] handleNewViewMsg got new view message    from=127.0.0.3:34543 viewId="7e9075…d6ba78"
        INFO [09-23|10:36:49.699] handleNewViewMsg got new view message    from=127.0.0.2:36749 viewId="7e9075…d6ba78"
        INFO [09-23|10:36:49.710] handleNewViewMsg got new view message    from=127.0.0.7:41529 viewId="7e9075…d6ba78"
        INFO [09-23|10:36:49.760] handleNewViewMsg got new view message    from=127.0.0.5:35103 viewId="7e9075…d6ba78"
        INFO [09-23|10:36:49.769] handleNewViewMsg got new view message    from=127.0.0.4:37693 viewId="7e9075…d6ba78"
        INFO [09-23|10:36:50.389] HOTSTUFF PREPARE QC BROADCAST            number=87 viewID="7e9075…d6ba78" votes=5 threshold=5
        INFO [09-23|10:36:50.417] HOTSTUFF PREPARE QC VERIFIED             number=87 viewID="7e9075…d6ba78" from=127.0.0.4:37693 maskBytes=1
        WARN [09-23|10:36:52.645] GetBlockByNumer                          number=269
        WARN [09-23|10:36:53.178] GetBlockByNumer                          number=270
        WARN [09-23|10:36:53.607] GetBlockByNumer                          number=271
        WARN [09-23|10:36:54.192] GetBlockByNumer                          number=272
        INFO [09-23|10:36:56.086] HOTSTUFF PREPARE QC VERIFIED             number=89 viewID="b416e3…d10c79" from=127.0.0.6:37251 maskBytes=1
        WARN [09-23|10:36:57.747] GetBlockByNumer                          number=273
        INFO [09-23|10:36:57.808] HOTSTUFF PREPARE QC VERIFIED             number=90 viewID="9fe34b…8aa7b3" from=127.0.0.7:41529 maskBytes=1
        WARN [09-23|10:36:59.468] GetBlockByNumer                          number=274
        WARN [09-23|10:36:59.549] GetBlockByNumer                          number=275
        WARN [09-23|10:37:00.158] GetBlockByNumer                          number=276
        INFO [09-23|10:37:00.390] HOTSTUFF PREPARE QC VERIFIED             number=91 viewID="b707a7…f1535c" from=127.0.0.8:37889 maskBytes=1
        INFO [09-23|10:37:05.561] HOTSTUFF PREPARE QC VERIFIED             number=93 viewID="94fef4…8d1d93" from=127.0.0.3:34543 maskBytes=1
        INFO [09-23|10:37:05.583] handleNewViewMsg got new view message    from=127.0.0.2:36749 viewId="e92081…a2db16"
        INFO [09-23|10:37:05.592] handleNewViewMsg got new view message    from=127.0.0.8:37889 viewId="e92081…a2db16"
        INFO [09-23|10:37:05.621] handleNewViewMsg got new view message    from=127.0.0.6:37251 viewId="e92081…a2db16"
        INFO [09-23|10:37:05.631] handleNewViewMsg got new view message    from=127.0.0.3:34543 viewId="e92081…a2db16"
        INFO [09-23|10:37:05.650] handleNewViewMsg got new view message    from=127.0.0.7:41529 viewId="e92081…a2db16"
        INFO [09-23|10:37:06.039] handleNewViewMsg got new view message    from=127.0.0.5:35103 viewId="e92081…a2db16"
        INFO [09-23|10:37:06.048] handleNewViewMsg got new view message    from=127.0.0.4:37693 viewId="e92081…a2db16"
        INFO [09-23|10:37:06.668] HOTSTUFF PREPARE QC BROADCAST            number=94 viewID="e92081…a2db16" votes=5 threshold=5
        INFO [09-23|10:37:06.706] HOTSTUFF PREPARE QC VERIFIED             number=94 viewID="e92081…a2db16" from=127.0.0.4:37693 maskBytes=1
        WARN [09-23|10:37:09.474] GetBlockByNumer                          number=277
        WARN [09-23|10:37:10.842] GetBlockByNumer                          number=278
        INFO [09-23|10:37:15.065] HOTSTUFF PREPARE QC VERIFIED             number=97 viewID="7ff75a…ca0945" from=127.0.0.7:41529 maskBytes=1
        INFO [09-23|10:37:16.145] HOTSTUFF PREPARE QC VERIFIED             number=98 viewID="7b3abb…31855d" from=127.0.0.8:37889 maskBytes=1
        WARN [09-23|10:37:17.535] GetBlockByNumer                          number=278
        WARN [09-23|10:37:17.576] GetBlockByNumer                          number=279
        WARN [09-23|10:37:18.176] GetBlockByNumer                          number=280
        WARN [09-23|10:37:18.651] GetBlockByNumer                          number=281
        INFO [09-23|10:37:22.554] HOTSTUFF PREPARE QC VERIFIED             number=100 viewID="2a7fa1…5675a8" from=127.0.0.3:34543 maskBytes=1
        INFO [09-23|10:37:22.562] handleNewViewMsg got new view message    from=127.0.0.4:37693 viewId="33e062…9ac1f9"
        INFO [09-23|10:37:22.590] handleNewViewMsg got new view message    from=127.0.0.3:34543 viewId="f24647…7b4faa"
        INFO [09-23|10:37:22.645] handleNewViewMsg got new view message    from=127.0.0.8:37889 viewId="33e062…9ac1f9"
        INFO [09-23|10:37:22.672] handleNewViewMsg got new view message    from=127.0.0.4:37693 viewId="f24647…7b4faa"
        INFO [09-23|10:37:22.682] handleNewViewMsg got new view message    from=127.0.0.5:35103 viewId="33e062…9ac1f9"
        INFO [09-23|10:37:22.698] handleNewViewMsg got new view message    from=127.0.0.2:36749 viewId="33e062…9ac1f9"
        INFO [09-23|10:37:22.710] handleNewViewMsg got new view message    from=127.0.0.6:37251 viewId="33e062…9ac1f9"
        INFO [09-23|10:37:23.211] handleNewViewMsg got new view message    from=127.0.0.8:37889 viewId="f24647…7b4faa"
        INFO [09-23|10:37:23.264] handleNewViewMsg got new view message    from=127.0.0.5:35103 viewId="f24647…7b4faa"
        INFO [09-23|10:37:23.351] handleNewViewMsg got new view message    from=127.0.0.7:41529 viewId="33e062…9ac1f9"
        INFO [09-23|10:37:23.416] handleNewViewMsg got new view message    from=127.0.0.2:36749 viewId="f24647…7b4faa"
        INFO [09-23|10:37:23.427] handleNewViewMsg got new view message    from=127.0.0.6:37251 viewId="f24647…7b4faa"
        INFO [09-23|10:37:23.716] handleNewViewMsg got new view message    from=127.0.0.7:41529 viewId="f24647…7b4faa"
        INFO [09-23|10:37:23.766] HOTSTUFF PREPARE QC BROADCAST            number=101 viewID="33e062…9ac1f9" votes=5 threshold=5
        INFO [09-23|10:37:23.792] HOTSTUFF PREPARE QC VERIFIED             number=101 viewID="33e062…9ac1f9" from=127.0.0.4:37693 maskBytes=1
        INFO [09-23|10:37:24.839] HOTSTUFF PREPARE QC VERIFIED             number=102 viewID="51848e…6077be" from=127.0.0.5:35103 maskBytes=1
        WARN [09-23|10:37:26.045] GetBlockByNumer                          number=281
        WARN [09-23|10:37:26.124] GetBlockByNumer                          number=282
        WARN [09-23|10:37:26.505] GetBlockByNumer                          number=283
        WARN [09-23|10:37:27.117] GetBlockByNumer                          number=284
        WARN [09-23|10:37:27.543] GetBlockByNumer                          number=285
        INFO [09-23|10:37:32.632] HOTSTUFF PREPARE QC VERIFIED             number=105 viewID="3a364e…596601" from=127.0.0.8:37889 maskBytes=1
    dex_financial_cli_test.go:116: ordinary CLI full log /tmp/dex-normal-cli-failure-3058332227.log
    dex_financial_cli_test.go:121: ordinary Common1:      number=215
        WARN [09-23|10:36:03.939] GetBlockByNumer                          number=216
        WARN [09-23|10:36:04.011] GetBlockByNumer                          number=217
        WARN [09-23|10:36:04.058] GetBlockByNumer                          number=218
        WARN [09-23|10:36:04.104] GetBlockByNumer                          number=219
        WARN [09-23|10:36:04.147] GetBlockByNumer                          number=220
        WARN [09-23|10:36:04.188] GetBlockByNumer                          number=221
        WARN [09-23|10:36:04.252] GetBlockByNumer                          number=222
        WARN [09-23|10:36:04.305] GetBlockByNumer                          number=223
        WARN [09-23|10:36:04.387] GetBlockByNumer                          number=224
        WARN [09-23|10:36:04.442] GetBlockByNumer                          number=225
        WARN [09-23|10:36:04.504] GetBlockByNumer                          number=226
        WARN [09-23|10:36:04.545] GetBlockByNumer                          number=227
        WARN [09-23|10:36:04.604] GetBlockByNumer                          number=228
        WARN [09-23|10:36:04.643] GetBlockByNumer                          number=229
        WARN [09-23|10:36:04.680] GetBlockByNumer                          number=230
        WARN [09-23|10:36:04.736] GetBlockByNumer                          number=231
        WARN [09-23|10:36:04.789] GetBlockByNumer                          number=232
        WARN [09-23|10:36:04.851] GetBlockByNumer                          number=233
        WARN [09-23|10:36:04.910] GetBlockByNumer                          number=234
        WARN [09-23|10:36:04.958] GetBlockByNumer                          number=235
        WARN [09-23|10:36:05.002] GetBlockByNumer                          number=236
        WARN [09-23|10:36:05.061] GetBlockByNumer                          number=237
        WARN [09-23|10:36:05.112] GetBlockByNumer                          number=238
        WARN [09-23|10:36:05.153] GetBlockByNumer                          number=239
        WARN [09-23|10:36:05.223] GetBlockByNumer                          number=240
        WARN [09-23|10:36:05.289] GetBlockByNumer                          number=241
        WARN [09-23|10:36:05.373] GetBlockByNumer                          number=242
        WARN [09-23|10:36:05.418] GetBlockByNumer                          number=243
        WARN [09-23|10:36:05.503] GetBlockByNumer                          number=244
        WARN [09-23|10:36:05.578] GetBlockByNumer                          number=245
        WARN [09-23|10:36:05.666] GetBlockByNumer                          number=246
        WARN [09-23|10:36:05.743] GetBlockByNumer                          number=247
        WARN [09-23|10:36:05.786] GetBlockByNumer                          number=248
        WARN [09-23|10:36:05.834] GetBlockByNumer                          number=249
        WARN [09-23|10:36:05.884] GetBlockByNumer                          number=250
        WARN [09-23|10:36:05.937] GetBlockByNumer                          number=251
        WARN [09-23|10:36:05.982] GetBlockByNumer                          number=252
        WARN [09-23|10:36:06.028] GetBlockByNumer                          number=253
        WARN [09-23|10:36:06.086] GetBlockByNumer                          number=254
        WARN [09-23|10:36:06.152] GetBlockByNumer                          number=255
        WARN [09-23|10:36:06.193] GetBlockByNumer                          number=256
        WARN [09-23|10:36:06.242] GetBlockByNumer                          number=257
        WARN [09-23|10:36:06.285] GetBlockByNumer                          number=258
        WARN [09-23|10:36:06.326] GetBlockByNumer                          number=259
        WARN [09-23|10:36:06.375] GetBlockByNumer                          number=260
        WARN [09-23|10:36:06.418] GetBlockByNumer                          number=261
        WARN [09-23|10:36:06.461] GetBlockByNumer                          number=262
        WARN [09-23|10:36:06.510] ReadCommittee                            read data is empty=
        WARN [09-23|10:36:06.519] GetBlockByNumer                          number=263
        WARN [09-23|10:36:06.573] GetBlockByNumer                          number=264
        WARN [09-23|10:36:06.640] GetBlockByNumer                          number=265
        WARN [09-23|10:36:06.699] GetBlockByNumer                          number=266
        WARN [09-23|10:36:06.756] GetBlockByNumer                          number=267
        WARN [09-23|10:36:06.805] GetBlockByNumer                          number=268
        INFO [09-23|10:36:10.721] HOTSTUFF STANDALONE PREPARE QC VERIFIED  number=59 viewID="a722da…730a5d" from=127.0.0.4:37693 maskBytes=1
        INFO [09-23|10:36:10.745] handleNewViewMsg got new view message    from=127.0.0.4:37693 viewId="5a9fce…d8e4b2"
        INFO [09-23|10:36:19.548] HOTSTUFF STANDALONE PREPARE QC VERIFIED  number=53 viewID="280195…cd184e" from=127.0.0.5:35103 maskBytes=1
        INFO [09-23|10:36:19.551] handleNewViewMsg got new view message    from=127.0.0.5:35103 viewId="5a9fce…d8e4b2"
        INFO [09-23|10:36:28.546] HOTSTUFF STANDALONE PREPARE QC VERIFIED  number=54 viewID="7d73db…9d6c44" from=127.0.0.6:37251 maskBytes=1
        INFO [09-23|10:36:28.559] handleNewViewMsg got new view message    from=127.0.0.6:37251 viewId="5a9fce…d8e4b2"
        INFO [09-23|10:36:31.024] HOTSTUFF PREPARE QC VERIFIED             number=80 viewID="a73913…0c8bd2" from=127.0.0.4:37693 maskBytes=1
        INFO [09-23|10:36:38.562] HOTSTUFF STANDALONE PREPARE QC VERIFIED  number=55 viewID="b671c5…6ad3cd" from=127.0.0.7:41529 maskBytes=1
        INFO [09-23|10:36:38.586] handleNewViewMsg got new view message    from=127.0.0.7:41529 viewId="5a9fce…d8e4b2"
        WARN [09-23|10:36:38.612] reject new-view before storage           from=127.0.0.7:41529 viewID="5a9fce…d8e4b2" err="hotstuff view state too old"
        INFO [09-23|10:36:46.956] handleNewViewMsg got new view message    from=127.0.0.7:41529 viewId="1d0994…1de4fe"
        INFO [09-23|10:36:47.003] handleNewViewMsg got new view message    from=127.0.0.3:34543 viewId="1d0994…1de4fe"
        INFO [09-23|10:36:47.027] handleNewViewMsg got new view message    from=127.0.0.2:36749 viewId="1d0994…1de4fe"
        INFO [09-23|10:36:47.051] handleNewViewMsg got new view message    from=127.0.0.5:35103 viewId="1d0994…1de4fe"
        INFO [09-23|10:36:47.065] handleNewViewMsg got new view message    from=127.0.0.4:37693 viewId="1d0994…1de4fe"
        INFO [09-23|10:36:47.135] handleNewViewMsg got new view message    from=127.0.0.6:37251 viewId="1d0994…1de4fe"
        INFO [09-23|10:36:47.622] HOTSTUFF STANDALONE PREPARE QC VERIFIED  number=56 viewID="cc6048…2a0ed0" from=127.0.0.8:37889 maskBytes=1
        INFO [09-23|10:36:47.627] handleNewViewMsg got new view message    from=127.0.0.8:37889 viewId="5a9fce…d8e4b2"
        WARN [09-23|10:36:47.641] reject new-view before storage           from=127.0.0.8:37889 viewID="5a9fce…d8e4b2" err="hotstuff view state too old"
        INFO [09-23|10:36:47.649] handleNewViewMsg got new view message    from=127.0.0.8:37889 viewId="1d0994…1de4fe"
        INFO [09-23|10:36:48.950] handleNewViewMsg got new view message    from=127.0.0.8:37889 viewId="1d0994…1de4fe"
        INFO [09-23|10:36:49.500] HOTSTUFF PREPARE QC BROADCAST            number=86 viewID="1d0994…1de4fe" votes=5 threshold=5
        INFO [09-23|10:36:49.576] HOTSTUFF PREPARE QC VERIFIED             number=86 viewID="1d0994…1de4fe" from=127.0.0.3:34543 maskBytes=1
        INFO [09-23|10:36:50.498] HOTSTUFF PREPARE QC VERIFIED             number=87 viewID="7e9075…d6ba78" from=127.0.0.4:37693 maskBytes=1
        WARN [09-23|10:36:52.068] GetBlockByNumer                          number=269
        WARN [09-23|10:36:53.216] GetBlockByNumer                          number=270
        WARN [09-23|10:36:53.596] GetBlockByNumer                          number=271
        WARN [09-23|10:36:54.198] GetBlockByNumer                          number=272
        INFO [09-23|10:36:56.009] HOTSTUFF PREPARE QC VERIFIED             number=89 viewID="b416e3…d10c79" from=127.0.0.6:37251 maskBytes=1
        WARN [09-23|10:36:57.735] GetBlockByNumer                          number=273
        INFO [09-23|10:36:58.114] HOTSTUFF PREPARE QC VERIFIED             number=90 viewID="9fe34b…8aa7b3" from=127.0.0.7:41529 maskBytes=1
        WARN [09-23|10:36:59.624] GetBlockByNumer                          number=274
        WARN [09-23|10:36:59.663] GetBlockByNumer                          number=275
        WARN [09-23|10:37:00.173] GetBlockByNumer                          number=276
        INFO [09-23|10:37:00.288] HOTSTUFF PREPARE QC VERIFIED             number=91 viewID="b707a7…f1535c" from=127.0.0.8:37889 maskBytes=1
        INFO [09-23|10:37:03.684] handleNewViewMsg got new view message    from=127.0.0.7:41529 viewId="94fef4…8d1d93"
        INFO [09-23|10:37:03.708] handleNewViewMsg got new view message    from=127.0.0.5:35103 viewId="94fef4…8d1d93"
        INFO [09-23|10:37:03.742] handleNewViewMsg got new view message    from=127.0.0.6:37251 viewId="94fef4…8d1d93"
        INFO [09-23|10:37:03.760] handleNewViewMsg got new view message    from=127.0.0.8:37889 viewId="94fef4…8d1d93"
        INFO [09-23|10:37:03.790] handleNewViewMsg got new view message    from=127.0.0.2:36749 viewId="94fef4…8d1d93"
        INFO [09-23|10:37:04.972] handleNewViewMsg got new view message    from=127.0.0.3:34543 viewId="94fef4…8d1d93"
        INFO [09-23|10:37:05.422] handleNewViewMsg got new view message    from=127.0.0.4:37693 viewId="94fef4…8d1d93"
        INFO [09-23|10:37:05.498] HOTSTUFF PREPARE QC BROADCAST            number=93 viewID="94fef4…8d1d93" votes=5 threshold=5
        INFO [09-23|10:37:05.534] HOTSTUFF PREPARE QC VERIFIED             number=93 viewID="94fef4…8d1d93" from=127.0.0.3:34543 maskBytes=1
        INFO [09-23|10:37:06.922] HOTSTUFF PREPARE QC VERIFIED             number=94 viewID="e92081…a2db16" from=127.0.0.4:37693 maskBytes=1
        WARN [09-23|10:37:09.543] GetBlockByNumer                          number=277
        WARN [09-23|10:37:10.887] GetBlockByNumer                          number=278
        INFO [09-23|10:37:15.138] HOTSTUFF PREPARE QC VERIFIED             number=97 viewID="7ff75a…ca0945" from=127.0.0.7:41529 maskBytes=1
        INFO [09-23|10:37:16.136] HOTSTUFF PREPARE QC VERIFIED             number=98 viewID="7b3abb…31855d" from=127.0.0.8:37889 maskBytes=1
        WARN [09-23|10:37:17.528] GetBlockByNumer                          number=278
        WARN [09-23|10:37:17.570] GetBlockByNumer                          number=279
        WARN [09-23|10:37:18.164] GetBlockByNumer                          number=280
        WARN [09-23|10:37:18.655] GetBlockByNumer                          number=281
        INFO [09-23|10:37:19.248] handleNewViewMsg got new view message    from=127.0.0.3:34543 viewId="2a7fa1…5675a8"
        INFO [09-23|10:37:19.279] handleNewViewMsg got new view message    from=127.0.0.8:37889 viewId="2a7fa1…5675a8"
        INFO [09-23|10:37:19.305] handleNewViewMsg got new view message    from=127.0.0.6:37251 viewId="2a7fa1…5675a8"
        INFO [09-23|10:37:19.345] handleNewViewMsg got new view message    from=127.0.0.4:37693 viewId="2a7fa1…5675a8"
        INFO [09-23|10:37:19.379] handleNewViewMsg got new view message    from=127.0.0.7:41529 viewId="2a7fa1…5675a8"
        INFO [09-23|10:37:19.471] handleNewViewMsg got new view message    from=127.0.0.5:35103 viewId="2a7fa1…5675a8"
        INFO [09-23|10:37:19.640] handleNewViewMsg got new view message    from=127.0.0.2:36749 viewId="2a7fa1…5675a8"
        INFO [09-23|10:37:22.461] HOTSTUFF PREPARE QC BROADCAST            number=100 viewID="2a7fa1…5675a8" votes=5 threshold=5
        INFO [09-23|10:37:22.509] HOTSTUFF PREPARE QC VERIFIED             number=100 viewID="2a7fa1…5675a8" from=127.0.0.3:34543 maskBytes=1
        INFO [09-23|10:37:23.822] HOTSTUFF PREPARE QC VERIFIED             number=101 viewID="33e062…9ac1f9" from=127.0.0.4:37693 maskBytes=1
        INFO [09-23|10:37:24.882] HOTSTUFF PREPARE QC VERIFIED             number=102 viewID="51848e…6077be" from=127.0.0.5:35103 maskBytes=1
        WARN [09-23|10:37:26.037] GetBlockByNumer                          number=281
        WARN [09-23|10:37:26.125] GetBlockByNumer                          number=282
        WARN [09-23|10:37:26.466] GetBlockByNumer                          number=283
        WARN [09-23|10:37:27.072] GetBlockByNumer                          number=284
        WARN [09-23|10:37:27.540] GetBlockByNumer                          number=285
        INFO [09-23|10:37:32.638] HOTSTUFF PREPARE QC VERIFIED             number=105 viewID="3a364e…596601" from=127.0.0.8:37889 maskBytes=1
    dex_financial_cli_test.go:116: ordinary CLI full log /tmp/dex-normal-cli-failure-324093133.log
    dex_financial_cli_test.go:121: ordinary Common0:  [09-23|10:35:54.600] GetBlockByNumer                          number=211
        WARN [09-23|10:35:54.640] GetBlockByNumer                          number=212
        WARN [09-23|10:35:54.700] GetBlockByNumer                          number=213
        WARN [09-23|10:35:54.756] GetBlockByNumer                          number=214
        WARN [09-23|10:35:54.822] GetBlockByNumer                          number=215
        WARN [09-23|10:35:54.864] GetBlockByNumer                          number=216
        WARN [09-23|10:35:54.910] GetBlockByNumer                          number=217
        WARN [09-23|10:35:54.960] GetBlockByNumer                          number=218
        WARN [09-23|10:35:55.006] GetBlockByNumer                          number=219
        WARN [09-23|10:35:55.050] GetBlockByNumer                          number=220
        WARN [09-23|10:35:55.097] GetBlockByNumer                          number=221
        WARN [09-23|10:35:55.144] GetBlockByNumer                          number=222
        WARN [09-23|10:35:55.183] GetBlockByNumer                          number=223
        WARN [09-23|10:35:55.230] GetBlockByNumer                          number=224
        WARN [09-23|10:35:55.273] GetBlockByNumer                          number=225
        WARN [09-23|10:35:55.314] GetBlockByNumer                          number=226
        WARN [09-23|10:35:55.360] GetBlockByNumer                          number=227
        WARN [09-23|10:35:55.405] GetBlockByNumer                          number=228
        WARN [09-23|10:35:55.437] GetBlockByNumer                          number=229
        WARN [09-23|10:35:55.482] GetBlockByNumer                          number=230
        WARN [09-23|10:35:55.525] GetBlockByNumer                          number=231
        WARN [09-23|10:35:55.573] GetBlockByNumer                          number=232
        WARN [09-23|10:35:55.631] GetBlockByNumer                          number=233
        WARN [09-23|10:35:55.678] GetBlockByNumer                          number=234
        WARN [09-23|10:35:55.724] GetBlockByNumer                          number=235
        WARN [09-23|10:35:55.767] GetBlockByNumer                          number=236
        WARN [09-23|10:35:55.821] GetBlockByNumer                          number=237
        WARN [09-23|10:35:55.876] GetBlockByNumer                          number=238
        WARN [09-23|10:35:55.920] GetBlockByNumer                          number=239
        WARN [09-23|10:35:55.981] GetBlockByNumer                          number=240
        WARN [09-23|10:35:56.028] GetBlockByNumer                          number=241
        WARN [09-23|10:35:56.071] GetBlockByNumer                          number=242
        WARN [09-23|10:35:56.121] GetBlockByNumer                          number=243
        WARN [09-23|10:35:56.201] GetBlockByNumer                          number=244
        WARN [09-23|10:35:56.300] GetBlockByNumer                          number=245
        WARN [09-23|10:35:56.358] GetBlockByNumer                          number=246
        WARN [09-23|10:35:56.406] GetBlockByNumer                          number=247
        WARN [09-23|10:35:56.447] GetBlockByNumer                          number=248
        WARN [09-23|10:35:56.499] GetBlockByNumer                          number=249
        WARN [09-23|10:35:56.537] GetBlockByNumer                          number=250
        WARN [09-23|10:35:56.583] GetBlockByNumer                          number=251
        WARN [09-23|10:35:56.629] GetBlockByNumer                          number=252
        WARN [09-23|10:35:56.673] GetBlockByNumer                          number=253
        WARN [09-23|10:35:56.707] GetBlockByNumer                          number=254
        WARN [09-23|10:35:56.760] GetBlockByNumer                          number=255
        WARN [09-23|10:35:56.795] GetBlockByNumer                          number=256
        WARN [09-23|10:35:56.845] GetBlockByNumer                          number=257
        WARN [09-23|10:35:56.887] GetBlockByNumer                          number=258
        WARN [09-23|10:35:56.971] GetBlockByNumer                          number=259
        WARN [09-23|10:35:57.012] GetBlockByNumer                          number=260
        WARN [09-23|10:35:57.056] GetBlockByNumer                          number=261
        WARN [09-23|10:35:57.115] GetBlockByNumer                          number=262
        WARN [09-23|10:35:57.156] ReadCommittee                            read data is empty=
        WARN [09-23|10:35:57.165] GetBlockByNumer                          number=263
        WARN [09-23|10:35:57.221] GetBlockByNumer                          number=264
        WARN [09-23|10:35:57.261] GetBlockByNumer                          number=265
        WARN [09-23|10:35:57.330] GetBlockByNumer                          number=266
        WARN [09-23|10:35:57.385] GetBlockByNumer                          number=267
        WARN [09-23|10:35:57.478] GetBlockByNumer                          number=268
        INFO [09-23|10:36:01.685] HOTSTUFF STANDALONE PREPARE QC VERIFIED  number=58 viewID="15138e…c41db4" from=127.0.0.3:34543 maskBytes=1
        INFO [09-23|10:36:10.736] HOTSTUFF STANDALONE PREPARE QC VERIFIED  number=59 viewID="a722da…730a5d" from=127.0.0.4:37693 maskBytes=1
        INFO [09-23|10:36:19.541] HOTSTUFF STANDALONE PREPARE QC VERIFIED  number=53 viewID="280195…cd184e" from=127.0.0.5:35103 maskBytes=1
        INFO [09-23|10:36:28.544] HOTSTUFF STANDALONE PREPARE QC VERIFIED  number=54 viewID="7d73db…9d6c44" from=127.0.0.6:37251 maskBytes=1
        INFO [09-23|10:36:31.048] HOTSTUFF PREPARE QC VERIFIED             number=80 viewID="a73913…0c8bd2" from=127.0.0.4:37693 maskBytes=1
        INFO [09-23|10:36:38.552] HOTSTUFF STANDALONE PREPARE QC VERIFIED  number=55 viewID="b671c5…6ad3cd" from=127.0.0.7:41529 maskBytes=1
        INFO [09-23|10:36:43.909] handleNewViewMsg got new view message    from=127.0.0.7:41529 viewId="000194…dda9ed"
        INFO [09-23|10:36:43.930] handleNewViewMsg got new view message    from=127.0.0.6:37251 viewId="000194…dda9ed"
        INFO [09-23|10:36:43.951] handleNewViewMsg got new view message    from=127.0.0.4:37693 viewId="000194…dda9ed"
        INFO [09-23|10:36:43.979] handleNewViewMsg got new view message    from=127.0.0.5:35103 viewId="000194…dda9ed"
        INFO [09-23|10:36:44.000] handleNewViewMsg got new view message    from=127.0.0.3:34543 viewId="000194…dda9ed"
        INFO [09-23|10:36:44.120] handleNewViewMsg got new view message    from=127.0.0.2:36749 viewId="000194…dda9ed"
        INFO [09-23|10:36:47.615] HOTSTUFF STANDALONE PREPARE QC VERIFIED  number=56 viewID="cc6048…2a0ed0" from=127.0.0.8:37889 maskBytes=1
        INFO [09-23|10:36:49.666] HOTSTUFF PREPARE QC VERIFIED             number=86 viewID="1d0994…1de4fe" from=127.0.0.3:34543 maskBytes=1
        INFO [09-23|10:36:50.524] HOTSTUFF PREPARE QC VERIFIED             number=87 viewID="7e9075…d6ba78" from=127.0.0.4:37693 maskBytes=1
        WARN [09-23|10:36:52.038] GetBlockByNumer                          number=269
        WARN [09-23|10:36:52.955] GetBlockByNumer                          number=269
        WARN [09-23|10:36:53.069] GetBlockByNumer                          number=270
        WARN [09-23|10:36:53.161] GetBlockByNumer                          number=271
        WARN [09-23|10:36:53.467] GetBlockByNumer                          number=272
        INFO [09-23|10:36:56.026] HOTSTUFF PREPARE QC VERIFIED             number=89 viewID="b416e3…d10c79" from=127.0.0.6:37251 maskBytes=1
        WARN [09-23|10:36:57.125] GetBlockByNumer                          number=273
        INFO [09-23|10:36:57.584] HOTSTUFF PREPARE QC VERIFIED             number=90 viewID="9fe34b…8aa7b3" from=127.0.0.7:41529 maskBytes=1
        WARN [09-23|10:36:59.659] GetBlockByNumer                          number=274
        WARN [09-23|10:36:59.707] GetBlockByNumer                          number=275
        WARN [09-23|10:37:00.140] GetBlockByNumer                          number=276
        INFO [09-23|10:37:00.265] HOTSTUFF PREPARE QC VERIFIED             number=91 viewID="b707a7…f1535c" from=127.0.0.8:37889 maskBytes=1
        INFO [09-23|10:37:00.273] handleNewViewMsg got new view message    from=127.0.0.7:41529 viewId="5ff588…0b5d31"
        INFO [09-23|10:37:00.293] handleNewViewMsg got new view message    from=127.0.0.8:37889 viewId="5ff588…0b5d31"
        INFO [09-23|10:37:00.307] handleNewViewMsg got new view message    from=127.0.0.6:37251 viewId="5ff588…0b5d31"
        INFO [09-23|10:37:00.319] handleNewViewMsg got new view message    from=127.0.0.2:36749 viewId="5ff588…0b5d31"
        INFO [09-23|10:37:00.378] handleNewViewMsg got new view message    from=127.0.0.5:35103 viewId="5ff588…0b5d31"
        INFO [09-23|10:37:00.700] handleNewViewMsg got new view message    from=127.0.0.3:34543 viewId="5ff588…0b5d31"
        INFO [09-23|10:37:00.708] handleNewViewMsg got new view message    from=127.0.0.4:37693 viewId="5ff588…0b5d31"
        INFO [09-23|10:37:05.545] HOTSTUFF PREPARE QC VERIFIED             number=93 viewID="94fef4…8d1d93" from=127.0.0.3:34543 maskBytes=1
        INFO [09-23|10:37:06.885] HOTSTUFF PREPARE QC VERIFIED             number=94 viewID="e92081…a2db16" from=127.0.0.4:37693 maskBytes=1
        WARN [09-23|10:37:09.186] GetBlockByNumer                          number=276
        WARN [09-23|10:37:09.244] GetBlockByNumer                          number=277
        WARN [09-23|10:37:09.842] GetBlockByNumer                          number=278
        INFO [09-23|10:37:15.051] HOTSTUFF PREPARE QC VERIFIED             number=97 viewID="7ff75a…ca0945" from=127.0.0.7:41529 maskBytes=1
        INFO [09-23|10:37:16.174] HOTSTUFF PREPARE QC VERIFIED             number=98 viewID="7b3abb…31855d" from=127.0.0.8:37889 maskBytes=1
        INFO [09-23|10:37:16.176] handleNewViewMsg got new view message    from=127.0.0.3:34543 viewId="606492…d46493"
        INFO [09-23|10:37:16.187] handleNewViewMsg got new view message    from=127.0.0.6:37251 viewId="606492…d46493"
        INFO [09-23|10:37:16.195] handleNewViewMsg got new view message    from=127.0.0.4:37693 viewId="606492…d46493"
        INFO [09-23|10:37:16.205] handleNewViewMsg got new view message    from=127.0.0.5:35103 viewId="606492…d46493"
        INFO [09-23|10:37:16.215] handleNewViewMsg got new view message    from=127.0.0.8:37889 viewId="606492…d46493"
        INFO [09-23|10:37:16.265] handleNewViewMsg got new view message    from=127.0.0.2:36749 viewId="606492…d46493"
        INFO [09-23|10:37:16.274] handleNewViewMsg got new view message    from=127.0.0.7:41529 viewId="606492…d46493"
        WARN [09-23|10:37:17.916] GetBlockByNumer                          number=279
        WARN [09-23|10:37:17.926] GetBlockByNumer                          number=279
        WARN [09-23|10:37:18.256] GetBlockByNumer                          number=280
        WARN [09-23|10:37:18.411] GetBlockByNumer                          number=281
        INFO [09-23|10:37:22.586] HOTSTUFF PREPARE QC VERIFIED             number=100 viewID="2a7fa1…5675a8" from=127.0.0.3:34543 maskBytes=1
        INFO [09-23|10:37:23.817] HOTSTUFF PREPARE QC VERIFIED             number=101 viewID="33e062…9ac1f9" from=127.0.0.4:37693 maskBytes=1
        INFO [09-23|10:37:24.813] HOTSTUFF PREPARE QC VERIFIED             number=102 viewID="51848e…6077be" from=127.0.0.5:35103 maskBytes=1
        WARN [09-23|10:37:25.638] GetBlockByNumer                          number=282
        WARN [09-23|10:37:26.464] GetBlockByNumer                          number=282
        WARN [09-23|10:37:26.763] GetBlockByNumer                          number=283
        WARN [09-23|10:37:26.932] GetBlockByNumer                          number=284
        WARN [09-23|10:37:27.569] GetBlockByNumer                          number=285
        INFO [09-23|10:37:32.654] handleNewViewMsg got new view message    from=127.0.0.3:34543 viewId="87feba…95b766"
        INFO [09-23|10:37:32.689] handleNewViewMsg got new view message    from=127.0.0.4:37693 viewId="87feba…95b766"
        INFO [09-23|10:37:32.727] handleNewViewMsg got new view message    from=127.0.0.5:35103 viewId="87feba…95b766"
        INFO [09-23|10:37:32.744] handleNewViewMsg got new view message    from=127.0.0.6:37251 viewId="87feba…95b766"
        INFO [09-23|10:37:32.754] handleNewViewMsg got new view message    from=127.0.0.2:36749 viewId="87feba…95b766"
        INFO [09-23|10:37:32.970] handleNewViewMsg got new view message    from=127.0.0.7:41529 viewId="87feba…95b766"
        INFO [09-23|10:37:33.010] HOTSTUFF STANDALONE PREPARE QC VERIFIED  number=105 viewID="3a364e…596601" from=127.0.0.8:37889 maskBytes=1
        INFO [09-23|10:37:33.024] handleNewViewMsg got new view message    from=127.0.0.8:37889 viewId="87feba…95b766"
    fhs_process_recovery_test.go:236: validator 1173443 complete log: /tmp/fhs-process-failure-1173722058.log
    fhs_process_recovery_test.go:241: validator 1173443 log tail:
        05+0200 lvl=warn msg="HOTSTUFF RECOVERY resend NewView"      number=261 viewID=0x992f5aa9e4d27ea739db008489b13cae3566e738fb582a7d68c23e36d670a1a6 to=127.0.0.1:33646
        t=2026-09-23T10:32:10+0200 lvl=warn msg="HOTSTUFF RECOVERY resend NewView"      number=261 viewID=0x992f5aa9e4d27ea739db008489b13cae3566e738fb582a7d68c23e36d670a1a6 to=127.0.0.1:33646
        t=2026-09-23T10:32:15+0200 lvl=warn msg="HOTSTUFF RECOVERY resend NewView"      number=261 viewID=0x992f5aa9e4d27ea739db008489b13cae3566e738fb582a7d68c23e36d670a1a6 to=127.0.0.1:33646
        t=2026-09-23T10:32:20+0200 lvl=warn msg="HOTSTUFF RECOVERY resend NewView"      number=261 viewID=0x992f5aa9e4d27ea739db008489b13cae3566e738fb582a7d68c23e36d670a1a6 to=127.0.0.1:33646
        t=2026-09-23T10:32:25+0200 lvl=warn msg="HOTSTUFF RECOVERY resend NewView"      number=261 viewID=0x992f5aa9e4d27ea739db008489b13cae3566e738fb582a7d68c23e36d670a1a6 to=127.0.0.1:33646
        t=2026-09-23T10:32:30+0200 lvl=warn msg="HOTSTUFF RECOVERY resend NewView"      number=261 viewID=0x992f5aa9e4d27ea739db008489b13cae3566e738fb582a7d68c23e36d670a1a6 to=127.0.0.1:33646
        t=2026-09-23T10:32:35+0200 lvl=warn msg="HOTSTUFF RECOVERY resend NewView"      number=261 viewID=0x992f5aa9e4d27ea739db008489b13cae3566e738fb582a7d68c23e36d670a1a6 to=127.0.0.1:33646
        t=2026-09-23T10:32:40+0200 lvl=warn msg="HOTSTUFF RECOVERY resend NewView"      number=261 viewID=0x992f5aa9e4d27ea739db008489b13cae3566e738fb582a7d68c23e36d670a1a6 to=127.0.0.1:33646
        t=2026-09-23T10:32:45+0200 lvl=warn msg="HOTSTUFF RECOVERY resend NewView"      number=261 viewID=0x992f5aa9e4d27ea739db008489b13cae3566e738fb582a7d68c23e36d670a1a6 to=127.0.0.1:33646
        t=2026-09-23T10:32:50+0200 lvl=warn msg="HOTSTUFF RECOVERY resend NewView"      number=261 viewID=0x992f5aa9e4d27ea739db008489b13cae3566e738fb582a7d68c23e36d670a1a6 to=127.0.0.1:33646
        t=2026-09-23T10:32:55+0200 lvl=warn msg="HOTSTUFF RECOVERY resend NewView"      number=261 viewID=0x992f5aa9e4d27ea739db008489b13cae3566e738fb582a7d68c23e36d670a1a6 to=127.0.0.1:33646
        t=2026-09-23T10:33:00+0200 lvl=warn msg="HOTSTUFF RECOVERY resend NewView"      number=261 viewID=0x992f5aa9e4d27ea739db008489b13cae3566e738fb582a7d68c23e36d670a1a6 to=127.0.0.1:33646
        t=2026-09-23T10:33:05+0200 lvl=warn msg="HOTSTUFF RECOVERY resend NewView"      number=261 viewID=0x992f5aa9e4d27ea739db008489b13cae3566e738fb582a7d68c23e36d670a1a6 to=127.0.0.1:33646
        t=2026-09-23T10:33:10+0200 lvl=warn msg="HOTSTUFF RECOVERY resend NewView"      number=261 viewID=0x992f5aa9e4d27ea739db008489b13cae3566e738fb582a7d68c23e36d670a1a6 to=127.0.0.1:33646
        t=2026-09-23T10:33:15+0200 lvl=warn msg="HOTSTUFF RECOVERY resend NewView"      number=261 viewID=0x992f5aa9e4d27ea739db008489b13cae3566e738fb582a7d68c23e36d670a1a6 to=127.0.0.1:33646
        t=2026-09-23T10:33:20+0200 lvl=warn msg="HOTSTUFF RECOVERY resend NewView"      number=261 viewID=0x992f5aa9e4d27ea739db008489b13cae3566e738fb582a7d68c23e36d670a1a6 to=127.0.0.1:33646
        t=2026-09-23T10:33:25+0200 lvl=warn msg="HOTSTUFF RECOVERY resend NewView"      number=261 viewID=0x992f5aa9e4d27ea739db008489b13cae3566e738fb582a7d68c23e36d670a1a6 to=127.0.0.1:33646
        t=2026-09-23T10:33:30+0200 lvl=warn msg="HOTSTUFF RECOVERY resend NewView"      number=261 viewID=0x992f5aa9e4d27ea739db008489b13cae3566e738fb582a7d68c23e36d670a1a6 to=127.0.0.1:33646
        t=2026-09-23T10:33:35+0200 lvl=warn msg="HOTSTUFF RECOVERY resend NewView"      number=261 viewID=0x992f5aa9e4d27ea739db008489b13cae3566e738fb582a7d68c23e36d670a1a6 to=127.0.0.1:33646
        t=2026-09-23T10:33:40+0200 lvl=warn msg="HOTSTUFF RECOVERY resend NewView"      number=261 viewID=0x992f5aa9e4d27ea739db008489b13cae3566e738fb582a7d68c23e36d670a1a6 to=127.0.0.1:33646
        t=2026-09-23T10:33:45+0200 lvl=warn msg="HOTSTUFF RECOVERY resend NewView"      number=261 viewID=0x992f5aa9e4d27ea739db008489b13cae3566e738fb582a7d68c23e36d670a1a6 to=127.0.0.1:33646
        t=2026-09-23T10:33:50+0200 lvl=warn msg="HOTSTUFF RECOVERY resend NewView"      number=261 viewID=0x992f5aa9e4d27ea739db008489b13cae3566e738fb582a7d68c23e36d670a1a6 to=127.0.0.1:33646
        t=2026-09-23T10:33:55+0200 lvl=info msg="HOTSTUFF PROPOSAL MANIFEST stored"     from=127.0.0.1:33646 number=261 proposalID=0xa741fdf0c52ea86e42d62b7401d7b2f64407bbf2ea01fae3fdc41bb5cbe23ce0 manifestBytes=1219 missing=0 bodyBytes=1292
        t=2026-09-23T10:33:55+0200 lvl=warn msg="HandleConn drops connection: closed"   address=127.0.0.1:33875 remot=127.0.0.1:33646
        t=2026-09-23T10:33:55+0200 lvl=info msg="HOTSTUFF PROPOSAL MANIFEST stored"     from=127.0.0.1:53724 number=262 proposalID=0xcb40e19f93b5260f91cbea0477c3d3b2ac739fb0b8786ef9a78e64f8478efe96 manifestBytes=832  missing=0 bodyBytes=832
        t=2026-09-23T10:33:55+0200 lvl=warn msg=GetBlockByNumer                         number=1
        t=2026-09-23T10:34:00+0200 lvl=warn msg="HOTSTUFF RECOVERY resend NewView"      number=263 viewID=0xb85da1e6d446abebc36167946b39aeadfce4bdcb5e1df722ad9a661be27300b8 to=127.0.0.1:60494
        t=2026-09-23T10:34:05+0200 lvl=warn msg="HOTSTUFF RECOVERY resend NewView"      number=263 viewID=0xb85da1e6d446abebc36167946b39aeadfce4bdcb5e1df722ad9a661be27300b8 to=127.0.0.1:60494
        t=2026-09-23T10:34:10+0200 lvl=warn msg="HOTSTUFF RECOVERY resend NewView"      number=263 viewID=0xb85da1e6d446abebc36167946b39aeadfce4bdcb5e1df722ad9a661be27300b8 to=127.0.0.1:60494
        t=2026-09-23T10:34:15+0200 lvl=warn msg="HOTSTUFF RECOVERY resend NewView"      number=263 viewID=0xb85da1e6d446abebc36167946b39aeadfce4bdcb5e1df722ad9a661be27300b8 to=127.0.0.1:60494
        t=2026-09-23T10:34:20+0200 lvl=warn msg="HOTSTUFF RECOVERY resend NewView"      number=263 viewID=0xb85da1e6d446abebc36167946b39aeadfce4bdcb5e1df722ad9a661be27300b8 to=127.0.0.1:60494
        t=2026-09-23T10:34:25+0200 lvl=warn msg="HOTSTUFF RECOVERY resend NewView"      number=263 viewID=0xb85da1e6d446abebc36167946b39aeadfce4bdcb5e1df722ad9a661be27300b8 to=127.0.0.1:60494
        t=2026-09-23T10:34:30+0200 lvl=warn msg="HOTSTUFF RECOVERY resend NewView"      number=263 viewID=0xb85da1e6d446abebc36167946b39aeadfce4bdcb5e1df722ad9a661be27300b8 to=127.0.0.1:60494
        t=2026-09-23T10:34:35+0200 lvl=warn msg="HOTSTUFF RECOVERY resend NewView"      number=263 viewID=0xb85da1e6d446abebc36167946b39aeadfce4bdcb5e1df722ad9a661be27300b8 to=127.0.0.1:60494
        t=2026-09-23T10:34:40+0200 lvl=warn msg="HOTSTUFF RECOVERY resend NewView"      number=263 viewID=0xb85da1e6d446abebc36167946b39aeadfce4bdcb5e1df722ad9a661be27300b8 to=127.0.0.1:60494
        t=2026-09-23T10:34:45+0200 lvl=warn msg="HOTSTUFF RECOVERY resend NewView"      number=263 viewID=0xb85da1e6d446abebc36167946b39aeadfce4bdcb5e1df722ad9a661be27300b8 to=127.0.0.1:60494
        t=2026-09-23T10:34:50+0200 lvl=warn msg="HOTSTUFF RECOVERY resend NewView"      number=263 viewID=0xb85da1e6d446abebc36167946b39aeadfce4bdcb5e1df722ad9a661be27300b8 to=127.0.0.1:60494
        t=2026-09-23T10:34:55+0200 lvl=warn msg="HOTSTUFF RECOVERY resend NewView"      number=263 viewID=0xb85da1e6d446abebc36167946b39aeadfce4bdcb5e1df722ad9a661be27300b8 to=127.0.0.1:60494
        t=2026-09-23T10:35:00+0200 lvl=warn msg="HOTSTUFF RECOVERY resend NewView"      number=263 viewID=0xb85da1e6d446abebc36167946b39aeadfce4bdcb5e1df722ad9a661be27300b8 to=127.0.0.1:60494
        t=2026-09-23T10:35:05+0200 lvl=warn msg="HOTSTUFF RECOVERY resend NewView"      number=263 viewID=0xb85da1e6d446abebc36167946b39aeadfce4bdcb5e1df722ad9a661be27300b8 to=127.0.0.1:60494
        t=2026-09-23T10:35:10+0200 lvl=warn msg="HOTSTUFF RECOVERY resend NewView"      number=263 viewID=0xb85da1e6d446abebc36167946b39aeadfce4bdcb5e1df722ad9a661be27300b8 to=127.0.0.1:60494
        t=2026-09-23T10:35:15+0200 lvl=warn msg="HOTSTUFF RECOVERY resend NewView"      number=263 viewID=0xb85da1e6d446abebc36167946b39aeadfce4bdcb5e1df722ad9a661be27300b8 to=127.0.0.1:60494
        t=2026-09-23T10:35:20+0200 lvl=warn msg="HOTSTUFF RECOVERY resend NewView"      number=263 viewID=0xb85da1e6d446abebc36167946b39aeadfce4bdcb5e1df722ad9a661be27300b8 to=127.0.0.1:60494
        t=2026-09-23T10:35:25+0200 lvl=warn msg="HOTSTUFF RECOVERY resend NewView"      number=263 viewID=0xb85da1e6d446abebc36167946b39aeadfce4bdcb5e1df722ad9a661be27300b8 to=127.0.0.1:60494
        t=2026-09-23T10:35:30+0200 lvl=warn msg="HOTSTUFF RECOVERY resend NewView"      number=263 viewID=0xb85da1e6d446abebc36167946b39aeadfce4bdcb5e1df722ad9a661be27300b8 to=127.0.0.1:60494
        t=2026-09-23T10:35:35+0200 lvl=warn msg="HOTSTUFF RECOVERY resend NewView"      number=263 viewID=0xb85da1e6d446abebc36167946b39aeadfce4bdcb5e1df722ad9a661be27300b8 to=127.0.0.1:60494
        t=2026-09-23T10:35:37+0200 lvl=warn msg="fixed-mode keyblock start-new-view wakeup" reason=hotstuff-maintenance currentBlock=261 currentKey=0 oldLeaderIndex=3 oldNoDone=true leaderIndex=3 noDone=false round=0 viewAge=7.614233ms isLeader=false candidateReady=false pendingTotal=0 fastPending=0 slowPending=0
        t=2026-09-23T10:35:39+0200 lvl=warn msg="fixed-mode keyblock start-new-view wakeup" reason=hotstuff-maintenance currentBlock=261 currentKey=0 oldLeaderIndex=3 oldNoDone=false leaderIndex=3 noDone=false round=0 viewAge=2.007614494s isLeader=false candidateReady=false pendingTotal=0 fastPending=0 slowPending=0
        t=2026-09-23T10:35:40+0200 lvl=info msg="HOTSTUFF PROPOSAL MANIFEST stored"     from=127.0.0.1:60494 number=263 proposalID=0x434151c933855b4c1863a9400270bd9aa9c80416418c264629d295b28e6057f5 manifestBytes=1308 missing=0 bodyBytes=1308
        t=2026-09-23T10:35:40+0200 lvl=warn msg=ReadCommittee                           read data is empty=
        t=2026-09-23T10:35:41+0200 lvl=warn msg="fixed-mode keyblock start-new-view wakeup" reason=hotstuff-maintenance currentBlock=262 currentKey=0 oldLeaderIndex=0 oldNoDone=true  leaderIndex=0 noDone=false round=0 viewAge=4.007615526s isLeader=false candidateReady=false pendingTotal=0 fastPending=0 slowPending=0
        t=2026-09-23T10:35:41+0200 lvl=info msg="HOTSTUFF PROPOSAL MANIFEST stored"     from=127.0.0.1:33646 number=264 proposalID=0x4dae802658459438cdb0c309d72133988e65b185921168c8180c2e11203eec73 manifestBytes=832  missing=0 bodyBytes=832
        t=2026-09-23T10:35:41+0200 lvl=warn msg=GetBlockByNumer                         number=263
        t=2026-09-23T10:35:41+0200 lvl=info msg="HOTSTUFF PROPOSAL REF"                 number=265 viewID=0x8679e82967273812ea1d7a9751d956111aa48c198af5f68dc643c6c5b964babc proposalID=0xd11e624ab0d49ed8037cbb021e37bce274f9311391aa542d508db3192d926136 blockHash=0xea88dd45fc7704147246d2823dd335652f08d6966aa6d155de7bf37879a4360a bodyHash=0xdf58a20dd32afd5a148546b8230ca575d52d68379dfd7b5f0b1cd1ce60f3f107 bodySize=832   refBytes=443
        t=2026-09-23T10:35:41+0200 lvl=warn msg="reject new-view before storage"        from=127.0.0.1:47082 viewID=0x8679e82967273812ea1d7a9751d956111aa48c198af5f68dc643c6c5b964babc err="hotstuff view state too old"
        t=2026-09-23T10:35:41+0200 lvl=warn msg=GetBlockByNumer                         number=1
        t=2026-09-23T10:35:41+0200 lvl=warn msg=GetBlockByNumer                         number=1
        t=2026-09-23T10:35:41+0200 lvl=warn msg=GetBlockByNumer                         number=264
        t=2026-09-23T10:35:42+0200 lvl=info msg="HOTSTUFF PROPOSAL MANIFEST stored"     from=127.0.0.1:60494 number=266 proposalID=0x8c04497958f2c87b256bfbab6256fbf58c0a3690a5573d5cd93759facdb42e8c manifestBytes=1221 missing=0 bodyBytes=1316
        t=2026-09-23T10:35:42+0200 lvl=info msg="HOTSTUFF PROPOSAL MANIFEST stored"     from=127.0.0.1:33646 number=267 proposalID=0xf134e4f63691ca113a6877cc5c750b611d10e61cc8cb039202894f981a5c0c82 manifestBytes=832  missing=0 bodyBytes=832
        t=2026-09-23T10:35:42+0200 lvl=warn msg="reject new-view before storage"        from=127.0.0.1:33646 viewID=0x79f1801b3f7fd87445e085a3fc687e9ecd8cbff4ea8e84a7f855379e2baae679 err="hotstuff proposal validation pending"
        t=2026-09-23T10:35:43+0200 lvl=warn msg=GetBlockByNumer                         number=1
        t=2026-09-23T10:35:43+0200 lvl=warn msg=GetBlockByNumer                         number=1
        t=2026-09-23T10:35:43+0200 lvl=warn msg=GetBlockByNumer                         number=263
        t=2026-09-23T10:35:43+0200 lvl=info msg="HOTSTUFF PROPOSAL REF"                 number=268 viewID=0x79f1801b3f7fd87445e085a3fc687e9ecd8cbff4ea8e84a7f855379e2baae679 proposalID=0x66e1e5fd1b1b8bd9db3b3a3d25c1cfcd907d6301b50c1ac6ddffc6a9425d1b3a blockHash=0xf99e1285bdda7a6b409dd798e88589957cf6346dafb6747eef8870bd81a6e05c bodyHash=0x0065783f2c8ddba5860f299fc6b2a1258e67305afce887fca1e4816874c05ffe bodySize=1316  refBytes=446
        t=2026-09-23T10:35:43+0200 lvl=info msg="HOTSTUFF PROPOSAL MANIFEST stored"     from=127.0.0.1:40842 number=269 proposalID=0x213231c1a32934b311e265894ced96defead68b1f965f80c50b22d97fef05823 manifestBytes=832  missing=0 bodyBytes=832
        t=2026-09-23T10:35:44+0200 lvl=warn msg=GetBlockByNumer                         number=1
        t=2026-09-23T10:35:49+0200 lvl=warn msg="HOTSTUFF RECOVERY resend NewView"      number=270 viewID=0xb1ab41a6b9e6206fb6f500f6bc3fcc2ce8f8b96daa0fae42149a2e0b80c5a509 to=127.0.0.1:60494
        t=2026-09-23T10:35:54+0200 lvl=warn msg="HOTSTUFF RECOVERY resend NewView"      number=270 viewID=0xb1ab41a6b9e6206fb6f500f6bc3fcc2ce8f8b96daa0fae42149a2e0b80c5a509 to=127.0.0.1:60494
        t=2026-09-23T10:35:59+0200 lvl=warn msg="HOTSTUFF RECOVERY resend NewView"      number=270 viewID=0xb1ab41a6b9e6206fb6f500f6bc3fcc2ce8f8b96daa0fae42149a2e0b80c5a509 to=127.0.0.1:60494
        t=2026-09-23T10:36:04+0200 lvl=warn msg="HOTSTUFF RECOVERY resend NewView"      number=270 viewID=0xb1ab41a6b9e6206fb6f500f6bc3fcc2ce8f8b96daa0fae42149a2e0b80c5a509 to=127.0.0.1:60494
        t=2026-09-23T10:36:09+0200 lvl=warn msg="HOTSTUFF RECOVERY resend NewView"      number=270 viewID=0xb1ab41a6b9e6206fb6f500f6bc3fcc2ce8f8b96daa0fae42149a2e0b80c5a509 to=127.0.0.1:60494
        t=2026-09-23T10:36:14+0200 lvl=warn msg="HOTSTUFF RECOVERY resend NewView"      number=270 viewID=0xb1ab41a6b9e6206fb6f500f6bc3fcc2ce8f8b96daa0fae42149a2e0b80c5a509 to=127.0.0.1:60494
        t=2026-09-23T10:36:19+0200 lvl=warn msg="HOTSTUFF RECOVERY resend NewView"      number=270 viewID=0xb1ab41a6b9e6206fb6f500f6bc3fcc2ce8f8b96daa0fae42149a2e0b80c5a509 to=127.0.0.1:60494
        t=2026-09-23T10:36:24+0200 lvl=warn msg="HOTSTUFF RECOVERY resend NewView"      number=270 viewID=0xb1ab41a6b9e6206fb6f500f6bc3fcc2ce8f8b96daa0fae42149a2e0b80c5a509 to=127.0.0.1:60494
        t=2026-09-23T10:36:29+0200 lvl=warn msg="HOTSTUFF RECOVERY resend NewView"      number=270 viewID=0xb1ab41a6b9e6206fb6f500f6bc3fcc2ce8f8b96daa0fae42149a2e0b80c5a509 to=127.0.0.1:60494
        t=2026-09-23T10:36:34+0200 lvl=warn msg="HOTSTUFF RECOVERY resend NewView"      number=270 viewID=0xb1ab41a6b9e6206fb6f500f6bc3fcc2ce8f8b96daa0fae42149a2e0b80c5a509 to=127.0.0.1:60494
        t=2026-09-23T10:36:39+0200 lvl=warn msg="HOTSTUFF RECOVERY resend NewView"      number=270 viewID=0xb1ab41a6b9e6206fb6f500f6bc3fcc2ce8f8b96daa0fae42149a2e0b80c5a509 to=127.0.0.1:60494
        t=2026-09-23T10:36:44+0200 lvl=warn msg="HOTSTUFF RECOVERY resend NewView"      number=270 viewID=0xb1ab41a6b9e6206fb6f500f6bc3fcc2ce8f8b96daa0fae42149a2e0b80c5a509 to=127.0.0.1:60494
        t=2026-09-23T10:36:49+0200 lvl=warn msg="HOTSTUFF RECOVERY resend NewView"      number=270 viewID=0xb1ab41a6b9e6206fb6f500f6bc3fcc2ce8f8b96daa0fae42149a2e0b80c5a509 to=127.0.0.1:60494
        t=2026-09-23T10:36:51+0200 lvl=info msg="HOTSTUFF PROPOSAL MANIFEST stored"     from=127.0.0.1:60494 number=270 proposalID=0xa6760338686feedd2f868b5309fbb62c9be8ed36741dc814f7a1f567bc47aebd manifestBytes=1222 missing=0 bodyBytes=4396
        t=2026-09-23T10:36:52+0200 lvl=info msg="HOTSTUFF PROPOSAL MANIFEST stored"     from=127.0.0.1:40842 number=271 proposalID=0xcfa2ed5efdfc7606c8e00fe2d7abde3c303ec1b719d804685637721cc3edd802 manifestBytes=832  missing=0 bodyBytes=832
        t=2026-09-23T10:36:52+0200 lvl=info msg="HOTSTUFF PROPOSAL MANIFEST stored"     from=127.0.0.1:33646 number=272 proposalID=0xe7051dad827b1ecf6156a898272815fe757439730c666288643d3a0018422954 manifestBytes=1222 missing=0 bodyBytes=4396
        t=2026-09-23T10:36:52+0200 lvl=warn msg="reject new-view before storage"        from=127.0.0.1:33646 viewID=0x64bdea1d498b4a245d95c5553e101a88e025f858bee3f118c0932e5f7e0220e5 err="hotstuff proposal validation pending"
        t=2026-09-23T10:36:53+0200 lvl=warn msg=GetBlockByNumer                         number=263
        t=2026-09-23T10:36:53+0200 lvl=info msg="HOTSTUFF PROPOSAL REF"                 number=273 viewID=0x64bdea1d498b4a245d95c5553e101a88e025f858bee3f118c0932e5f7e0220e5 proposalID=0x5c5848251281ad14b1198adfadc7dcea92f9d302d4796b7a323bced580b74316 blockHash=0xe40352787c20006036cdc38e445374e11d57f90bf6f1d8837c22210b34bed48e bodyHash=0x0f3aeb81678f9cc1bd5bd6f297aeefdcd9ce2252a42fd42c232ef6ec0a753b01 bodySize=832   refBytes=443
        t=2026-09-23T10:36:56+0200 lvl=warn msg=GetBlockByNumer                         number=263
        t=2026-09-23T10:36:56+0200 lvl=info msg="HOTSTUFF PROPOSAL REF"                 number=274 viewID=0x18138d4c97bb86f5248a0e2e03bc99dd7d0766c54284bb56a8f00d59e5608d9a proposalID=0x632bd42daa5387cb5f8fe1c4a012afbc777ffdc47d57db9d9a0bd51f9b3b65a1 blockHash=0x44ccbc59795ac93952302f2ba7b66cd1f2e0e647312be2967cbeda89da798de2 bodyHash=0xf0c94d04fcf0be10a0e0741999f118ae3d9314a1dbdba3b4ab75da78ada43817 bodySize=66237 refBytes=447
        t=2026-09-23T10:36:56+0200 lvl=warn msg="Send msg try again"                    address=[::]:33875      Couldn't send to=127.0.0.1:47082 error="Operation Canceled"
        t=2026-09-23T10:36:56+0200 lvl=eror msg=CloseConnect                            =[::]:33875 having error closing conn to=127.0.0.1:53412 error="Connection Closed"
        t=2026-09-23T10:36:57+0200 lvl=info msg="HOTSTUFF PROPOSAL MANIFEST stored"     from=127.0.0.1:33646 number=275 proposalID=0xc513553a71e9d7f7697b26c693e91c97fe63d53c22a252049f97fee4711a77cf manifestBytes=832  missing=0 bodyBytes=832
        t=2026-09-23T10:36:58+0200 lvl=info msg="HOTSTUFF PROPOSAL MANIFEST stored"     from=127.0.0.1:60494 number=276 proposalID=0x06b4596901f4d55d5dd02fd7ddb4a0957a5010fa1704d34ad71a832d762dfbb2 manifestBytes=1222 missing=0 bodyBytes=66237
        t=2026-09-23T10:36:58+0200 lvl=info msg="HOTSTUFF PROPOSAL MANIFEST stored"     from=127.0.0.1:53724 number=277 proposalID=0xf4213b47e42530c8a1c15850fed5ffc0d7bb7cfb36a1a26df2b848ba1e5007d3 manifestBytes=832  missing=0 bodyBytes=832
        t=2026-09-23T10:37:04+0200 lvl=warn msg="HOTSTUFF RECOVERY resend NewView"      number=278 viewID=0x2b65ecd2c80fb025ef223d849dc9553130ed7bf9b83c833e01d00b94b1fd4ad3 to=127.0.0.1:40842
        t=2026-09-23T10:37:08+0200 lvl=info msg="HOTSTUFF PROPOSAL MANIFEST stored"     from=127.0.0.1:40842 number=278 proposalID=0x576db138140f5d790987a958cce7b6d74ca97d921f58f2b4b4e0073ee05135af manifestBytes=1390 missing=0 bodyBytes=125407
        t=2026-09-23T10:37:08+0200 lvl=info msg="HOTSTUFF PROPOSAL MANIFEST stored"     from=127.0.0.1:47082 number=279 proposalID=0x18f8207675277eaf405c0e417c0288c977850bd5f5f5570d77d6ede758c7ae70 manifestBytes=832  missing=0 bodyBytes=832
        t=2026-09-23T10:37:09+0200 lvl=warn msg="reject new-view before storage"        from=127.0.0.1:40842 viewID=0xcf7782f748d8db827f42fe01d992f2178957886b2ee5f6594ea6290e82095995 err="hotstuff proposal validation pending"
        t=2026-09-23T10:37:14+0200 lvl=warn msg="HOTSTUFF RECOVERY resend NewView"      number=280 viewID=0xcf7782f748d8db827f42fe01d992f2178957886b2ee5f6594ea6290e82095995 to=127.0.0.1:33875
        t=2026-09-23T10:37:16+0200 lvl=warn msg=GetBlockByNumer                         number=263
        t=2026-09-23T10:37:16+0200 lvl=info msg="HOTSTUFF PROPOSAL REF"                 number=280 viewID=0xcf7782f748d8db827f42fe01d992f2178957886b2ee5f6594ea6290e82095995 proposalID=0xc1e0a8dd2defeeb967ca0322534fea783d540d1a7028890d9ec5fc04a9b08ac7 blockHash=0x747d2e2ea9e61157134df2c25e426430247483ee9cd9e29c34789428b2c0732b bodyHash=0x353c09dcc104587e4bb693ea63f5dad6163f5fded9fc8657df29ae72a8dd67e6 bodySize=63818 refBytes=446
        t=2026-09-23T10:37:16+0200 lvl=warn msg="HotStuff message rejected"             from=                code=MsgTryPropose number=0   viewID=0x0000000000000000000000000000000000000000000000000000000000000000 err="hotstuff invalid leader view"
        t=2026-09-23T10:37:17+0200 lvl=warn msg=GetBlockByNumer                         number=263
        t=2026-09-23T10:37:17+0200 lvl=info msg="HOTSTUFF PROPOSAL REF"                 number=281 viewID=0x754bb79ef7a0734e9aa2ae651277193e31995d23f7b6f9226dbc1aee8f63e82e proposalID=0xee1ace65236d7e65281ab583cbf4bc2fc85e4b5db79c240d12d2c56a9d7ef7df blockHash=0x26eba06ab97578aea7783d06e4d6820f786b9b0d6aab1847b6c12d1d5d416639 bodyHash=0x0c79ca462dda59d6bbad2009a80845178a56d7039f1daab5b8bfed9ccdf4096e bodySize=63818 refBytes=446
        t=2026-09-23T10:37:17+0200 lvl=warn msg="Send msg try again"                    address=[::]:33875      Couldn't send to=127.0.0.1:53724 error="Operation Canceled"
        t=2026-09-23T10:37:17+0200 lvl=eror msg=CloseConnect                            =[::]:33875 having error closing conn to=127.0.0.1:53724 error="Connection Closed"
        t=2026-09-23T10:37:17+0200 lvl=info msg="HOTSTUFF PROPOSAL MANIFEST stored"     from=127.0.0.1:40842 number=282 proposalID=0xa9bcaaf5ec7bd8c46ae18c5219cd2794610d96ba5e3e4a599126c696e3c37b2c manifestBytes=832  missing=0 bodyBytes=832
        t=2026-09-23T10:37:22+0200 lvl=warn msg="HOTSTUFF RECOVERY resend NewView"      number=283 viewID=0x777d3e9bdfe842ca9ff9f84b7020c6f4d28e46b03e491825a8ac38028337a0c7 to=127.0.0.1:40842
        t=2026-09-23T10:37:24+0200 lvl=info msg="HOTSTUFF PROPOSAL MANIFEST stored"     from=127.0.0.1:40842 number=283 proposalID=0x1bfb6a63d92874784dd5b6bb700b3c7ac17ec2d26be51a181f9785d0775473da manifestBytes=1222 missing=0 bodyBytes=63276
        t=2026-09-23T10:37:25+0200 lvl=warn msg="HOTSTUFF PROPOSAL MANIFEST authority rejected" from=127.0.0.1:47082 leader=127.0.0.1:47082 number=284 proposalID=0x37b587b50360536fe32c3789533ad96f3b9b2ccb0380eb526d047f85329bbab2 err="proposal manifest does not match the current deterministic leader route: manifest key committee is already canonical but is not the current route"
        t=2026-09-23T10:37:25+0200 lvl=warn msg="HandleConn drops connection: closed"   address=127.0.0.1:33875 remot=127.0.0.1:47082
        t=2026-09-23T10:37:25+0200 lvl=warn msg="HOTSTUFF PROPOSAL MANIFEST authority rejected" from=127.0.0.1:47082 leader=127.0.0.1:47082 number=284 proposalID=0x37b587b50360536fe32c3789533ad96f3b9b2ccb0380eb526d047f85329bbab2 err="proposal manifest does not match the current deterministic leader route: manifest key committee is already canonical but is not the current route"
        t=2026-09-23T10:37:25+0200 lvl=eror msg="OnPropose wait proposal body"          number=284 proposalID=0x37b587b50360536fe32c3789533ad96f3b9b2ccb0380eb526d047f85329bbab2 err="hotstuff view state too old"
        t=2026-09-23T10:37:25+0200 lvl=warn msg="HOTSTUFF PROPOSAL MANIFEST authority rejected" from=127.0.0.1:47082 leader=127.0.0.1:47082 number=285 proposalID=0x302891d74abef1efe61c3499d8e39f01cd0e0cfd47096cc5bbf9e3600216a8c7 err="proposal manifest does not match the current deterministic leader route: manifest key committee is already canonical but is not the current route"
        t=2026-09-23T10:37:25+0200 lvl=info msg="HOTSTUFF PROPOSAL REPAIR REQUEST"      to=127.0.0.1:47082 number=284 proposalID=0x37b587b50360536fe32c3789533ad96f3b9b2ccb0380eb526d047f85329bbab2 missing=0 attempt=0
        t=2026-09-23T10:37:25+0200 lvl=info msg="HOTSTUFF PROPOSAL MANIFEST stored"     from=127.0.0.1:47082 number=284 proposalID=0x37b587b50360536fe32c3789533ad96f3b9b2ccb0380eb526d047f85329bbab2 manifestBytes=832  missing=0 bodyBytes=832
        t=2026-09-23T10:37:26+0200 lvl=info msg="HOTSTUFF PROPOSAL REPAIR REQUEST"      to=127.0.0.1:47082 number=285 proposalID=0x302891d74abef1efe61c3499d8e39f01cd0e0cfd47096cc5bbf9e3600216a8c7 missing=0 attempt=0
        t=2026-09-23T10:37:26+0200 lvl=info msg="HOTSTUFF PROPOSAL MANIFEST stored"     from=127.0.0.1:47082 number=285 proposalID=0x302891d74abef1efe61c3499d8e39f01cd0e0cfd47096cc5bbf9e3600216a8c7 manifestBytes=1222 missing=0 bodyBytes=63276
        t=2026-09-23T10:37:26+0200 lvl=info msg="HOTSTUFF PROPOSAL MANIFEST stored"     from=127.0.0.1:33646 number=286 proposalID=0x22ea061dee2a39e03550e332a1fb83e1b862cd1c582c2daa14049cb8cec3370f manifestBytes=832  missing=0 bodyBytes=832
        t=2026-09-23T10:37:31+0200 lvl=warn msg="HOTSTUFF RECOVERY resend NewView"      number=287 viewID=0xbb1f0f33279c7f422f41869cc44ebd89245f8eba287f792e3d931e3e4a6318f5 to=127.0.0.1:53724
    fhs_process_recovery_test.go:236: validator 1173437 complete log: /tmp/fhs-process-failure-3731763095.log
    fhs_process_recovery_test.go:241: validator 1173437 log tail:
        259 viewID=0xb439cedddd941b05f246fa3c504be8aafcefe3a296d47cbb7541da133b17e11a to=127.0.0.1:60494
        t=2026-09-23T10:31:10+0200 lvl=warn msg="HOTSTUFF RECOVERY resend NewView"      number=259 viewID=0xb439cedddd941b05f246fa3c504be8aafcefe3a296d47cbb7541da133b17e11a to=127.0.0.1:60494
        t=2026-09-23T10:31:15+0200 lvl=warn msg="HOTSTUFF RECOVERY resend NewView"      number=259 viewID=0xb439cedddd941b05f246fa3c504be8aafcefe3a296d47cbb7541da133b17e11a to=127.0.0.1:60494
        t=2026-09-23T10:31:20+0200 lvl=warn msg="HOTSTUFF RECOVERY resend NewView"      number=259 viewID=0xb439cedddd941b05f246fa3c504be8aafcefe3a296d47cbb7541da133b17e11a to=127.0.0.1:60494
        t=2026-09-23T10:31:25+0200 lvl=warn msg="HOTSTUFF RECOVERY resend NewView"      number=259 viewID=0xb439cedddd941b05f246fa3c504be8aafcefe3a296d47cbb7541da133b17e11a to=127.0.0.1:60494
        t=2026-09-23T10:31:30+0200 lvl=warn msg="HOTSTUFF RECOVERY resend NewView"      number=259 viewID=0xb439cedddd941b05f246fa3c504be8aafcefe3a296d47cbb7541da133b17e11a to=127.0.0.1:60494
        t=2026-09-23T10:31:35+0200 lvl=warn msg="HOTSTUFF RECOVERY resend NewView"      number=259 viewID=0xb439cedddd941b05f246fa3c504be8aafcefe3a296d47cbb7541da133b17e11a to=127.0.0.1:60494
        t=2026-09-23T10:31:40+0200 lvl=warn msg="HOTSTUFF RECOVERY resend NewView"      number=259 viewID=0xb439cedddd941b05f246fa3c504be8aafcefe3a296d47cbb7541da133b17e11a to=127.0.0.1:60494
        t=2026-09-23T10:31:45+0200 lvl=warn msg="HOTSTUFF RECOVERY resend NewView"      number=259 viewID=0xb439cedddd941b05f246fa3c504be8aafcefe3a296d47cbb7541da133b17e11a to=127.0.0.1:60494
        t=2026-09-23T10:31:50+0200 lvl=warn msg="HOTSTUFF RECOVERY resend NewView"      number=259 viewID=0xb439cedddd941b05f246fa3c504be8aafcefe3a296d47cbb7541da133b17e11a to=127.0.0.1:60494
        t=2026-09-23T10:31:54+0200 lvl=info msg="HOTSTUFF PROPOSAL MANIFEST stored"     from=127.0.0.1:60494 number=259 proposalID=0x9fc2b9cf4e21aa48be1ee94521f4309bbbaaf8fa037ce19f6deee6205d0ded82 manifestBytes=1219 missing=0 bodyBytes=1292
        t=2026-09-23T10:31:55+0200 lvl=info msg="HOTSTUFF PROPOSAL MANIFEST stored"     from=127.0.0.1:47082 number=260 proposalID=0x14ce255e30a5a3791fb5568aec204fada917896f2545219933b87e9f0cb42e3f manifestBytes=832  missing=0 bodyBytes=832
        t=2026-09-23T10:31:55+0200 lvl=warn msg=GetBlockByNumer                         number=1
        t=2026-09-23T10:32:00+0200 lvl=warn msg="HOTSTUFF RECOVERY resend NewView"      number=261 viewID=0x992f5aa9e4d27ea739db008489b13cae3566e738fb582a7d68c23e36d670a1a6 to=127.0.0.1:33646
        t=2026-09-23T10:32:05+0200 lvl=warn msg="HOTSTUFF RECOVERY resend NewView"      number=261 viewID=0x992f5aa9e4d27ea739db008489b13cae3566e738fb582a7d68c23e36d670a1a6 to=127.0.0.1:33646
        t=2026-09-23T10:32:10+0200 lvl=warn msg="HOTSTUFF RECOVERY resend NewView"      number=261 viewID=0x992f5aa9e4d27ea739db008489b13cae3566e738fb582a7d68c23e36d670a1a6 to=127.0.0.1:33646
        t=2026-09-23T10:32:15+0200 lvl=warn msg="HOTSTUFF RECOVERY resend NewView"      number=261 viewID=0x992f5aa9e4d27ea739db008489b13cae3566e738fb582a7d68c23e36d670a1a6 to=127.0.0.1:33646
        t=2026-09-23T10:32:20+0200 lvl=warn msg="HOTSTUFF RECOVERY resend NewView"      number=261 viewID=0x992f5aa9e4d27ea739db008489b13cae3566e738fb582a7d68c23e36d670a1a6 to=127.0.0.1:33646
        t=2026-09-23T10:32:25+0200 lvl=warn msg="HOTSTUFF RECOVERY resend NewView"      number=261 viewID=0x992f5aa9e4d27ea739db008489b13cae3566e738fb582a7d68c23e36d670a1a6 to=127.0.0.1:33646
        t=2026-09-23T10:32:30+0200 lvl=warn msg="HOTSTUFF RECOVERY resend NewView"      number=261 viewID=0x992f5aa9e4d27ea739db008489b13cae3566e738fb582a7d68c23e36d670a1a6 to=127.0.0.1:33646
        t=2026-09-23T10:32:35+0200 lvl=warn msg="HOTSTUFF RECOVERY resend NewView"      number=261 viewID=0x992f5aa9e4d27ea739db008489b13cae3566e738fb582a7d68c23e36d670a1a6 to=127.0.0.1:33646
        t=2026-09-23T10:32:40+0200 lvl=warn msg="HOTSTUFF RECOVERY resend NewView"      number=261 viewID=0x992f5aa9e4d27ea739db008489b13cae3566e738fb582a7d68c23e36d670a1a6 to=127.0.0.1:33646
        t=2026-09-23T10:32:45+0200 lvl=warn msg="HOTSTUFF RECOVERY resend NewView"      number=261 viewID=0x992f5aa9e4d27ea739db008489b13cae3566e738fb582a7d68c23e36d670a1a6 to=127.0.0.1:33646
        t=2026-09-23T10:32:50+0200 lvl=warn msg="HOTSTUFF RECOVERY resend NewView"      number=261 viewID=0x992f5aa9e4d27ea739db008489b13cae3566e738fb582a7d68c23e36d670a1a6 to=127.0.0.1:33646
        t=2026-09-23T10:32:55+0200 lvl=warn msg="HOTSTUFF RECOVERY resend NewView"      number=261 viewID=0x992f5aa9e4d27ea739db008489b13cae3566e738fb582a7d68c23e36d670a1a6 to=127.0.0.1:33646
        t=2026-09-23T10:33:00+0200 lvl=warn msg="HOTSTUFF RECOVERY resend NewView"      number=261 viewID=0x992f5aa9e4d27ea739db008489b13cae3566e738fb582a7d68c23e36d670a1a6 to=127.0.0.1:33646
        t=2026-09-23T10:33:05+0200 lvl=warn msg="HOTSTUFF RECOVERY resend NewView"      number=261 viewID=0x992f5aa9e4d27ea739db008489b13cae3566e738fb582a7d68c23e36d670a1a6 to=127.0.0.1:33646
        t=2026-09-23T10:33:10+0200 lvl=warn msg="HOTSTUFF RECOVERY resend NewView"      number=261 viewID=0x992f5aa9e4d27ea739db008489b13cae3566e738fb582a7d68c23e36d670a1a6 to=127.0.0.1:33646
        t=2026-09-23T10:33:15+0200 lvl=warn msg="HOTSTUFF RECOVERY resend NewView"      number=261 viewID=0x992f5aa9e4d27ea739db008489b13cae3566e738fb582a7d68c23e36d670a1a6 to=127.0.0.1:33646
        t=2026-09-23T10:33:20+0200 lvl=warn msg="HOTSTUFF RECOVERY resend NewView"      number=261 viewID=0x992f5aa9e4d27ea739db008489b13cae3566e738fb582a7d68c23e36d670a1a6 to=127.0.0.1:33646
        t=2026-09-23T10:33:25+0200 lvl=warn msg="HOTSTUFF RECOVERY resend NewView"      number=261 viewID=0x992f5aa9e4d27ea739db008489b13cae3566e738fb582a7d68c23e36d670a1a6 to=127.0.0.1:33646
        t=2026-09-23T10:33:30+0200 lvl=warn msg="HOTSTUFF RECOVERY resend NewView"      number=261 viewID=0x992f5aa9e4d27ea739db008489b13cae3566e738fb582a7d68c23e36d670a1a6 to=127.0.0.1:33646
        t=2026-09-23T10:33:35+0200 lvl=warn msg="HOTSTUFF RECOVERY resend NewView"      number=261 viewID=0x992f5aa9e4d27ea739db008489b13cae3566e738fb582a7d68c23e36d670a1a6 to=127.0.0.1:33646
        t=2026-09-23T10:33:40+0200 lvl=warn msg="HOTSTUFF RECOVERY resend NewView"      number=261 viewID=0x992f5aa9e4d27ea739db008489b13cae3566e738fb582a7d68c23e36d670a1a6 to=127.0.0.1:33646
        t=2026-09-23T10:33:45+0200 lvl=warn msg="HOTSTUFF RECOVERY resend NewView"      number=261 viewID=0x992f5aa9e4d27ea739db008489b13cae3566e738fb582a7d68c23e36d670a1a6 to=127.0.0.1:33646
        t=2026-09-23T10:33:50+0200 lvl=warn msg="HOTSTUFF RECOVERY resend NewView"      number=261 viewID=0x992f5aa9e4d27ea739db008489b13cae3566e738fb582a7d68c23e36d670a1a6 to=127.0.0.1:33646
        t=2026-09-23T10:33:55+0200 lvl=info msg="HOTSTUFF PROPOSAL MANIFEST stored"     from=127.0.0.1:33646 number=261 proposalID=0xa741fdf0c52ea86e42d62b7401d7b2f64407bbf2ea01fae3fdc41bb5cbe23ce0 manifestBytes=1219 missing=0 bodyBytes=1292
        t=2026-09-23T10:33:55+0200 lvl=info msg="HOTSTUFF PROPOSAL MANIFEST stored"     from=127.0.0.1:53724 number=262 proposalID=0xcb40e19f93b5260f91cbea0477c3d3b2ac739fb0b8786ef9a78e64f8478efe96 manifestBytes=832  missing=0 bodyBytes=832
        t=2026-09-23T10:33:55+0200 lvl=warn msg=GetBlockByNumer                         number=1
        t=2026-09-23T10:34:00+0200 lvl=warn msg="HOTSTUFF RECOVERY resend NewView"      number=263 viewID=0xb85da1e6d446abebc36167946b39aeadfce4bdcb5e1df722ad9a661be27300b8 to=127.0.0.1:60494
        t=2026-09-23T10:34:05+0200 lvl=warn msg="HOTSTUFF RECOVERY resend NewView"      number=263 viewID=0xb85da1e6d446abebc36167946b39aeadfce4bdcb5e1df722ad9a661be27300b8 to=127.0.0.1:60494
        t=2026-09-23T10:34:10+0200 lvl=warn msg="HOTSTUFF RECOVERY resend NewView"      number=263 viewID=0xb85da1e6d446abebc36167946b39aeadfce4bdcb5e1df722ad9a661be27300b8 to=127.0.0.1:60494
        t=2026-09-23T10:34:15+0200 lvl=warn msg="HOTSTUFF RECOVERY resend NewView"      number=263 viewID=0xb85da1e6d446abebc36167946b39aeadfce4bdcb5e1df722ad9a661be27300b8 to=127.0.0.1:60494
        t=2026-09-23T10:34:20+0200 lvl=warn msg="HOTSTUFF RECOVERY resend NewView"      number=263 viewID=0xb85da1e6d446abebc36167946b39aeadfce4bdcb5e1df722ad9a661be27300b8 to=127.0.0.1:60494
        t=2026-09-23T10:34:25+0200 lvl=warn msg="HOTSTUFF RECOVERY resend NewView"      number=263 viewID=0xb85da1e6d446abebc36167946b39aeadfce4bdcb5e1df722ad9a661be27300b8 to=127.0.0.1:60494
        t=2026-09-23T10:34:30+0200 lvl=warn msg="HOTSTUFF RECOVERY resend NewView"      number=263 viewID=0xb85da1e6d446abebc36167946b39aeadfce4bdcb5e1df722ad9a661be27300b8 to=127.0.0.1:60494
        t=2026-09-23T10:34:35+0200 lvl=warn msg="HOTSTUFF RECOVERY resend NewView"      number=263 viewID=0xb85da1e6d446abebc36167946b39aeadfce4bdcb5e1df722ad9a661be27300b8 to=127.0.0.1:60494
        t=2026-09-23T10:34:40+0200 lvl=warn msg="HOTSTUFF RECOVERY resend NewView"      number=263 viewID=0xb85da1e6d446abebc36167946b39aeadfce4bdcb5e1df722ad9a661be27300b8 to=127.0.0.1:60494
        t=2026-09-23T10:34:45+0200 lvl=warn msg="HOTSTUFF RECOVERY resend NewView"      number=263 viewID=0xb85da1e6d446abebc36167946b39aeadfce4bdcb5e1df722ad9a661be27300b8 to=127.0.0.1:60494
        t=2026-09-23T10:34:50+0200 lvl=warn msg="HOTSTUFF RECOVERY resend NewView"      number=263 viewID=0xb85da1e6d446abebc36167946b39aeadfce4bdcb5e1df722ad9a661be27300b8 to=127.0.0.1:60494
        t=2026-09-23T10:34:55+0200 lvl=warn msg="HOTSTUFF RECOVERY resend NewView"      number=263 viewID=0xb85da1e6d446abebc36167946b39aeadfce4bdcb5e1df722ad9a661be27300b8 to=127.0.0.1:60494
        t=2026-09-23T10:35:00+0200 lvl=warn msg="HOTSTUFF RECOVERY resend NewView"      number=263 viewID=0xb85da1e6d446abebc36167946b39aeadfce4bdcb5e1df722ad9a661be27300b8 to=127.0.0.1:60494
        t=2026-09-23T10:35:05+0200 lvl=warn msg="HOTSTUFF RECOVERY resend NewView"      number=263 viewID=0xb85da1e6d446abebc36167946b39aeadfce4bdcb5e1df722ad9a661be27300b8 to=127.0.0.1:60494
        t=2026-09-23T10:35:10+0200 lvl=warn msg="HOTSTUFF RECOVERY resend NewView"      number=263 viewID=0xb85da1e6d446abebc36167946b39aeadfce4bdcb5e1df722ad9a661be27300b8 to=127.0.0.1:60494
        t=2026-09-23T10:35:15+0200 lvl=warn msg="HOTSTUFF RECOVERY resend NewView"      number=263 viewID=0xb85da1e6d446abebc36167946b39aeadfce4bdcb5e1df722ad9a661be27300b8 to=127.0.0.1:60494
        t=2026-09-23T10:35:20+0200 lvl=warn msg="HOTSTUFF RECOVERY resend NewView"      number=263 viewID=0xb85da1e6d446abebc36167946b39aeadfce4bdcb5e1df722ad9a661be27300b8 to=127.0.0.1:60494
        t=2026-09-23T10:35:25+0200 lvl=warn msg="HOTSTUFF RECOVERY resend NewView"      number=263 viewID=0xb85da1e6d446abebc36167946b39aeadfce4bdcb5e1df722ad9a661be27300b8 to=127.0.0.1:60494
        t=2026-09-23T10:35:30+0200 lvl=warn msg="HOTSTUFF RECOVERY resend NewView"      number=263 viewID=0xb85da1e6d446abebc36167946b39aeadfce4bdcb5e1df722ad9a661be27300b8 to=127.0.0.1:60494
        t=2026-09-23T10:35:35+0200 lvl=warn msg="HOTSTUFF RECOVERY resend NewView"      number=263 viewID=0xb85da1e6d446abebc36167946b39aeadfce4bdcb5e1df722ad9a661be27300b8 to=127.0.0.1:60494
        t=2026-09-23T10:35:37+0200 lvl=warn msg="fixed-mode keyblock start-new-view wakeup" reason=hotstuff-maintenance currentBlock=261 currentKey=0 oldLeaderIndex=3 oldNoDone=true leaderIndex=3 noDone=false round=0 viewAge=17.166462ms isLeader=false candidateReady=false pendingTotal=0 fastPending=0 slowPending=0
        t=2026-09-23T10:35:39+0200 lvl=warn msg="fixed-mode keyblock start-new-view wakeup" reason=hotstuff-maintenance currentBlock=261 currentKey=0 oldLeaderIndex=3 oldNoDone=false leaderIndex=3 noDone=false round=0 viewAge=2.017172904s isLeader=false candidateReady=false pendingTotal=0 fastPending=0 slowPending=0
        t=2026-09-23T10:35:40+0200 lvl=info msg="HOTSTUFF PROPOSAL MANIFEST stored"     from=127.0.0.1:60494 number=263 proposalID=0x434151c933855b4c1863a9400270bd9aa9c80416418c264629d295b28e6057f5 manifestBytes=1308 missing=0 bodyBytes=1308
        t=2026-09-23T10:35:40+0200 lvl=warn msg=ReadCommittee                           read data is empty=
        t=2026-09-23T10:35:41+0200 lvl=info msg="HOTSTUFF PROPOSAL MANIFEST stored"     from=127.0.0.1:33646 number=264 proposalID=0x4dae802658459438cdb0c309d72133988e65b185921168c8180c2e11203eec73 manifestBytes=832  missing=0 bodyBytes=832
        t=2026-09-23T10:35:41+0200 lvl=warn msg="fixed-mode keyblock start-new-view wakeup" reason=hotstuff-maintenance currentBlock=262 currentKey=0 oldLeaderIndex=0 oldNoDone=true  leaderIndex=0 noDone=false round=0 viewAge=4.042163267s isLeader=false candidateReady=false pendingTotal=0 fastPending=0 slowPending=0
        t=2026-09-23T10:35:41+0200 lvl=info msg="HOTSTUFF PROPOSAL MANIFEST stored"     from=127.0.0.1:33875 number=265 proposalID=0xd11e624ab0d49ed8037cbb021e37bce274f9311391aa542d508db3192d926136 manifestBytes=832  missing=0 bodyBytes=832
        t=2026-09-23T10:35:41+0200 lvl=warn msg=GetBlockByNumer                         number=1
        t=2026-09-23T10:35:41+0200 lvl=warn msg=GetBlockByNumer                         number=1
        t=2026-09-23T10:35:41+0200 lvl=warn msg=GetBlockByNumer                         number=264
        t=2026-09-23T10:35:42+0200 lvl=info msg="HOTSTUFF PROPOSAL MANIFEST stored"     from=127.0.0.1:60494 number=266 proposalID=0x8c04497958f2c87b256bfbab6256fbf58c0a3690a5573d5cd93759facdb42e8c manifestBytes=1221 missing=0 bodyBytes=1316
        t=2026-09-23T10:35:42+0200 lvl=info msg="HOTSTUFF PROPOSAL MANIFEST stored"     from=127.0.0.1:33646 number=267 proposalID=0xf134e4f63691ca113a6877cc5c750b611d10e61cc8cb039202894f981a5c0c82 manifestBytes=832  missing=0 bodyBytes=832
        t=2026-09-23T10:35:43+0200 lvl=warn msg=GetBlockByNumer                         number=1
        t=2026-09-23T10:35:43+0200 lvl=warn msg=GetBlockByNumer                         number=1
        t=2026-09-23T10:35:43+0200 lvl=info msg="HOTSTUFF PROPOSAL MANIFEST stored"     from=127.0.0.1:33875 number=268 proposalID=0x66e1e5fd1b1b8bd9db3b3a3d25c1cfcd907d6301b50c1ac6ddffc6a9425d1b3a manifestBytes=1221 missing=1 bodyBytes=1316
        t=2026-09-23T10:35:43+0200 lvl=eror msg="OnPropose wait proposal body"          number=268 proposalID=0x66e1e5fd1b1b8bd9db3b3a3d25c1cfcd907d6301b50c1ac6ddffc6a9425d1b3a err="hotstuff view state too old"
        t=2026-09-23T10:35:43+0200 lvl=warn msg="reject new-view before storage"        from=127.0.0.1:33875 viewID=0x40ca852fbf7fb7c3860b8134dadf72c9594f4bc2b221cfeb0b0be439f0f5da84 err="hotstuff proposal validation pending"
        t=2026-09-23T10:35:43+0200 lvl=warn msg="reject new-view before storage"        from=127.0.0.1:33646 viewID=0x40ca852fbf7fb7c3860b8134dadf72c9594f4bc2b221cfeb0b0be439f0f5da84 err="hotstuff proposal validation pending"
        t=2026-09-23T10:35:43+0200 lvl=warn msg="reject new-view before storage"        from=127.0.0.1:60494 viewID=0x40ca852fbf7fb7c3860b8134dadf72c9594f4bc2b221cfeb0b0be439f0f5da84 err="hotstuff proposal validation pending"
        t=2026-09-23T10:35:43+0200 lvl=warn msg="reject new-view before storage"        from=127.0.0.1:47082 viewID=0x40ca852fbf7fb7c3860b8134dadf72c9594f4bc2b221cfeb0b0be439f0f5da84 err="hotstuff proposal validation pending"
        t=2026-09-23T10:35:43+0200 lvl=warn msg="reject new-view before storage"        from=127.0.0.1:53724 viewID=0x40ca852fbf7fb7c3860b8134dadf72c9594f4bc2b221cfeb0b0be439f0f5da84 err="hotstuff proposal validation pending"
        t=2026-09-23T10:35:43+0200 lvl=warn msg=GetBlockByNumer                         number=263
        t=2026-09-23T10:35:43+0200 lvl=info msg="HOTSTUFF PROPOSAL REF"                 number=269 viewID=0x40ca852fbf7fb7c3860b8134dadf72c9594f4bc2b221cfeb0b0be439f0f5da84 proposalID=0x213231c1a32934b311e265894ced96defead68b1f965f80c50b22d97fef05823 blockHash=0x171edf350f1f2fc08eb124ee58f130da64606db15ebf9a0e172c1c555557cd57 bodyHash=0xd4397baf116ac6896b32c5f31e038300b2220eda68f210fb19708900e140e530 bodySize=832   refBytes=443
        t=2026-09-23T10:35:44+0200 lvl=warn msg=GetBlockByNumer                         number=1
        t=2026-09-23T10:35:49+0200 lvl=warn msg="HOTSTUFF RECOVERY resend NewView"      number=270 viewID=0xb1ab41a6b9e6206fb6f500f6bc3fcc2ce8f8b96daa0fae42149a2e0b80c5a509 to=127.0.0.1:60494
        t=2026-09-23T10:35:54+0200 lvl=warn msg="HOTSTUFF RECOVERY resend NewView"      number=270 viewID=0xb1ab41a6b9e6206fb6f500f6bc3fcc2ce8f8b96daa0fae42149a2e0b80c5a509 to=127.0.0.1:60494
        t=2026-09-23T10:35:59+0200 lvl=warn msg="HOTSTUFF RECOVERY resend NewView"      number=270 viewID=0xb1ab41a6b9e6206fb6f500f6bc3fcc2ce8f8b96daa0fae42149a2e0b80c5a509 to=127.0.0.1:60494
        t=2026-09-23T10:36:04+0200 lvl=warn msg="HOTSTUFF RECOVERY resend NewView"      number=270 viewID=0xb1ab41a6b9e6206fb6f500f6bc3fcc2ce8f8b96daa0fae42149a2e0b80c5a509 to=127.0.0.1:60494
        t=2026-09-23T10:36:09+0200 lvl=warn msg="HOTSTUFF RECOVERY resend NewView"      number=270 viewID=0xb1ab41a6b9e6206fb6f500f6bc3fcc2ce8f8b96daa0fae42149a2e0b80c5a509 to=127.0.0.1:60494
        t=2026-09-23T10:36:14+0200 lvl=warn msg="HOTSTUFF RECOVERY resend NewView"      number=270 viewID=0xb1ab41a6b9e6206fb6f500f6bc3fcc2ce8f8b96daa0fae42149a2e0b80c5a509 to=127.0.0.1:60494
        t=2026-09-23T10:36:19+0200 lvl=warn msg="HOTSTUFF RECOVERY resend NewView"      number=270 viewID=0xb1ab41a6b9e6206fb6f500f6bc3fcc2ce8f8b96daa0fae42149a2e0b80c5a509 to=127.0.0.1:60494
        t=2026-09-23T10:36:24+0200 lvl=warn msg="HOTSTUFF RECOVERY resend NewView"      number=270 viewID=0xb1ab41a6b9e6206fb6f500f6bc3fcc2ce8f8b96daa0fae42149a2e0b80c5a509 to=127.0.0.1:60494
        t=2026-09-23T10:36:29+0200 lvl=warn msg="HOTSTUFF RECOVERY resend NewView"      number=270 viewID=0xb1ab41a6b9e6206fb6f500f6bc3fcc2ce8f8b96daa0fae42149a2e0b80c5a509 to=127.0.0.1:60494
        t=2026-09-23T10:36:34+0200 lvl=warn msg="HOTSTUFF RECOVERY resend NewView"      number=270 viewID=0xb1ab41a6b9e6206fb6f500f6bc3fcc2ce8f8b96daa0fae42149a2e0b80c5a509 to=127.0.0.1:60494
        t=2026-09-23T10:36:39+0200 lvl=warn msg="HOTSTUFF RECOVERY resend NewView"      number=270 viewID=0xb1ab41a6b9e6206fb6f500f6bc3fcc2ce8f8b96daa0fae42149a2e0b80c5a509 to=127.0.0.1:60494
        t=2026-09-23T10:36:44+0200 lvl=warn msg="HOTSTUFF RECOVERY resend NewView"      number=270 viewID=0xb1ab41a6b9e6206fb6f500f6bc3fcc2ce8f8b96daa0fae42149a2e0b80c5a509 to=127.0.0.1:60494
        t=2026-09-23T10:36:49+0200 lvl=warn msg="HOTSTUFF RECOVERY resend NewView"      number=270 viewID=0xb1ab41a6b9e6206fb6f500f6bc3fcc2ce8f8b96daa0fae42149a2e0b80c5a509 to=127.0.0.1:60494
        t=2026-09-23T10:36:51+0200 lvl=info msg="HOTSTUFF PROPOSAL MANIFEST stored"     from=127.0.0.1:60494 number=270 proposalID=0xa6760338686feedd2f868b5309fbb62c9be8ed36741dc814f7a1f567bc47aebd manifestBytes=1222 missing=0 bodyBytes=4396
        t=2026-09-23T10:36:52+0200 lvl=warn msg=GetBlockByNumer                         number=263
        t=2026-09-23T10:36:52+0200 lvl=info msg="HOTSTUFF PROPOSAL REF"                 number=271 viewID=0x90dfbb125bfa94e03c3566e3f402305ec11d3dc17ca4139f50cb405886692a63 proposalID=0xcfa2ed5efdfc7606c8e00fe2d7abde3c303ec1b719d804685637721cc3edd802 blockHash=0x991a35733d15d632007466b8be6522a5dcd4aca519bf95616b303fa784c74e5d bodyHash=0x4324795140af266c9fa9fd847edc4eabe8090204287a5d0e92570eeac76f5e05 bodySize=832   refBytes=443
        t=2026-09-23T10:36:52+0200 lvl=info msg="HOTSTUFF PROPOSAL MANIFEST stored"     from=127.0.0.1:33646 number=272 proposalID=0xe7051dad827b1ecf6156a898272815fe757439730c666288643d3a0018422954 manifestBytes=1222 missing=0 bodyBytes=4396
        t=2026-09-23T10:36:53+0200 lvl=info msg="HOTSTUFF PROPOSAL MANIFEST stored"     from=127.0.0.1:33875 number=273 proposalID=0x5c5848251281ad14b1198adfadc7dcea92f9d302d4796b7a323bced580b74316 manifestBytes=832  missing=0 bodyBytes=832
        t=2026-09-23T10:36:56+0200 lvl=info msg="HOTSTUFF PROPOSAL MANIFEST stored"     from=127.0.0.1:33875 number=274 proposalID=0x632bd42daa5387cb5f8fe1c4a012afbc777ffdc47d57db9d9a0bd51f9b3b65a1 manifestBytes=1222 missing=0 bodyBytes=66237
        t=2026-09-23T10:36:57+0200 lvl=info msg="HOTSTUFF PROPOSAL MANIFEST stored"     from=127.0.0.1:33646 number=275 proposalID=0xc513553a71e9d7f7697b26c693e91c97fe63d53c22a252049f97fee4711a77cf manifestBytes=832  missing=0 bodyBytes=832
        t=2026-09-23T10:36:58+0200 lvl=info msg="HOTSTUFF PROPOSAL MANIFEST stored"     from=127.0.0.1:60494 number=276 proposalID=0x06b4596901f4d55d5dd02fd7ddb4a0957a5010fa1704d34ad71a832d762dfbb2 manifestBytes=1222 missing=0 bodyBytes=66237
        t=2026-09-23T10:36:58+0200 lvl=info msg="HOTSTUFF PROPOSAL MANIFEST stored"     from=127.0.0.1:53724 number=277 proposalID=0xf4213b47e42530c8a1c15850fed5ffc0d7bb7cfb36a1a26df2b848ba1e5007d3 manifestBytes=832  missing=0 bodyBytes=832
        t=2026-09-23T10:36:58+0200 lvl=warn msg="reject new-view before storage"        from=127.0.0.1:53724 viewID=0x2b65ecd2c80fb025ef223d849dc9553130ed7bf9b83c833e01d00b94b1fd4ad3 err="hotstuff proposal validation pending"
        t=2026-09-23T10:37:04+0200 lvl=warn msg="HOTSTUFF RECOVERY resend NewView"      number=278 viewID=0x2b65ecd2c80fb025ef223d849dc9553130ed7bf9b83c833e01d00b94b1fd4ad3 to=127.0.0.1:40842
        t=2026-09-23T10:37:08+0200 lvl=warn msg=GetBlockByNumer                         number=263
        t=2026-09-23T10:37:08+0200 lvl=info msg="HOTSTUFF PROPOSAL REF"                 number=278 viewID=0x2b65ecd2c80fb025ef223d849dc9553130ed7bf9b83c833e01d00b94b1fd4ad3 proposalID=0x576db138140f5d790987a958cce7b6d74ca97d921f58f2b4b4e0073ee05135af blockHash=0xda0a3795e6cff932ba053c355dff2b5a730352e2362dad155fa139c37b7cd804 bodyHash=0x92bb199e9d4ff126e796a3fba8c4269dcd2ea93f94d26a7eed9ee59072575aa9 bodySize=125407 refBytes=448
        t=2026-09-23T10:37:08+0200 lvl=info msg="HOTSTUFF PROPOSAL MANIFEST stored"     from=127.0.0.1:47082 number=279 proposalID=0x18f8207675277eaf405c0e417c0288c977850bd5f5f5570d77d6ede758c7ae70 manifestBytes=832  missing=0 bodyBytes=832
        t=2026-09-23T10:37:14+0200 lvl=warn msg="HOTSTUFF RECOVERY resend NewView"      number=280 viewID=0xcf7782f748d8db827f42fe01d992f2178957886b2ee5f6594ea6290e82095995 to=127.0.0.1:33875
        t=2026-09-23T10:37:16+0200 lvl=info msg="HOTSTUFF PROPOSAL MANIFEST stored"     from=127.0.0.1:33875 number=280 proposalID=0xc1e0a8dd2defeeb967ca0322534fea783d540d1a7028890d9ec5fc04a9b08ac7 manifestBytes=1222 missing=0 bodyBytes=63818
        t=2026-09-23T10:37:17+0200 lvl=info msg="HOTSTUFF PROPOSAL MANIFEST stored"     from=127.0.0.1:33875 number=281 proposalID=0xee1ace65236d7e65281ab583cbf4bc2fc85e4b5db79c240d12d2c56a9d7ef7df manifestBytes=1222 missing=0 bodyBytes=63818
        t=2026-09-23T10:37:17+0200 lvl=warn msg=GetBlockByNumer                         number=263
        t=2026-09-23T10:37:17+0200 lvl=info msg="HOTSTUFF PROPOSAL REF"                 number=282 viewID=0x12820776101259e6c2e029536896eabd2a9066fbb3e010859ad2fc968f6a4075 proposalID=0xa9bcaaf5ec7bd8c46ae18c5219cd2794610d96ba5e3e4a599126c696e3c37b2c blockHash=0xa627cae41c8b3cd55106c962116bcdf2e97bc09e7e19e0f41541c7e840ecd1f9 bodyHash=0xb99b37a3cba6c861daa4c999fe1da2202c28971be6df70df66f73f7e1811c33e bodySize=832    refBytes=443
        t=2026-09-23T10:37:22+0200 lvl=warn msg="HOTSTUFF RECOVERY resend NewView"      number=283 viewID=0x777d3e9bdfe842ca9ff9f84b7020c6f4d28e46b03e491825a8ac38028337a0c7 to=127.0.0.1:40842
        t=2026-09-23T10:37:24+0200 lvl=warn msg=GetBlockByNumer                         number=263
        t=2026-09-23T10:37:24+0200 lvl=info msg="HOTSTUFF PROPOSAL REF"                 number=283 viewID=0x777d3e9bdfe842ca9ff9f84b7020c6f4d28e46b03e491825a8ac38028337a0c7 proposalID=0x1bfb6a63d92874784dd5b6bb700b3c7ac17ec2d26be51a181f9785d0775473da blockHash=0xea16c12ba95a1131a1da6bda6ef23b3700e5c46063fe5cd351955d43d8f7f777 bodyHash=0x6cbf93d1c17865cf8a67e1539d93bda1c0ef1016bef11ff5f9b0cf99215799e7 bodySize=63276  refBytes=446
        t=2026-09-23T10:37:25+0200 lvl=info msg="HOTSTUFF PROPOSAL MANIFEST stored"     from=127.0.0.1:47082 number=284 proposalID=0x37b587b50360536fe32c3789533ad96f3b9b2ccb0380eb526d047f85329bbab2 manifestBytes=832  missing=0 bodyBytes=832
        t=2026-09-23T10:37:25+0200 lvl=info msg="HOTSTUFF PROPOSAL MANIFEST stored"     from=127.0.0.1:47082 number=285 proposalID=0x302891d74abef1efe61c3499d8e39f01cd0e0cfd47096cc5bbf9e3600216a8c7 manifestBytes=1222 missing=0 bodyBytes=63276
        t=2026-09-23T10:37:26+0200 lvl=info msg="HOTSTUFF PROPOSAL MANIFEST stored"     from=127.0.0.1:33646 number=286 proposalID=0x22ea061dee2a39e03550e332a1fb83e1b862cd1c582c2daa14049cb8cec3370f manifestBytes=832  missing=0 bodyBytes=832
        t=2026-09-23T10:37:31+0200 lvl=warn msg="HOTSTUFF RECOVERY resend NewView"      number=287 viewID=0xbb1f0f33279c7f422f41869cc44ebd89245f8eba287f792e3d931e3e4a6318f5 to=127.0.0.1:53724
    fhs_process_recovery_test.go:236: validator 1173431 complete log: /tmp/fhs-process-failure-3961450069.log
    fhs_process_recovery_test.go:241: validator 1173431 log tail:
        odyBytes=1655
        t=2026-09-23T10:30:04+0200 lvl=info msg="HOTSTUFF PROPOSAL MANIFEST stored"     from=127.0.0.1:47082 number=258 proposalID=0x4e54a847a87a3c27a96315192a0a13b4cd132b22dbd34888d3ffd35f05dbe0bf manifestBytes=832  missing=0 bodyBytes=832
        t=2026-09-23T10:30:10+0200 lvl=warn msg="HOTSTUFF RECOVERY resend NewView"      number=259 viewID=0xb439cedddd941b05f246fa3c504be8aafcefe3a296d47cbb7541da133b17e11a to=127.0.0.1:60494
        t=2026-09-23T10:30:15+0200 lvl=warn msg="HOTSTUFF RECOVERY resend NewView"      number=259 viewID=0xb439cedddd941b05f246fa3c504be8aafcefe3a296d47cbb7541da133b17e11a to=127.0.0.1:60494
        t=2026-09-23T10:30:20+0200 lvl=warn msg="HOTSTUFF RECOVERY resend NewView"      number=259 viewID=0xb439cedddd941b05f246fa3c504be8aafcefe3a296d47cbb7541da133b17e11a to=127.0.0.1:60494
        t=2026-09-23T10:30:25+0200 lvl=warn msg="HOTSTUFF RECOVERY resend NewView"      number=259 viewID=0xb439cedddd941b05f246fa3c504be8aafcefe3a296d47cbb7541da133b17e11a to=127.0.0.1:60494
        t=2026-09-23T10:30:30+0200 lvl=warn msg="HOTSTUFF RECOVERY resend NewView"      number=259 viewID=0xb439cedddd941b05f246fa3c504be8aafcefe3a296d47cbb7541da133b17e11a to=127.0.0.1:60494
        t=2026-09-23T10:30:35+0200 lvl=warn msg="HOTSTUFF RECOVERY resend NewView"      number=259 viewID=0xb439cedddd941b05f246fa3c504be8aafcefe3a296d47cbb7541da133b17e11a to=127.0.0.1:60494
        t=2026-09-23T10:30:40+0200 lvl=warn msg="HOTSTUFF RECOVERY resend NewView"      number=259 viewID=0xb439cedddd941b05f246fa3c504be8aafcefe3a296d47cbb7541da133b17e11a to=127.0.0.1:60494
        t=2026-09-23T10:30:45+0200 lvl=warn msg="HOTSTUFF RECOVERY resend NewView"      number=259 viewID=0xb439cedddd941b05f246fa3c504be8aafcefe3a296d47cbb7541da133b17e11a to=127.0.0.1:60494
        t=2026-09-23T10:30:50+0200 lvl=warn msg="HOTSTUFF RECOVERY resend NewView"      number=259 viewID=0xb439cedddd941b05f246fa3c504be8aafcefe3a296d47cbb7541da133b17e11a to=127.0.0.1:60494
        t=2026-09-23T10:30:55+0200 lvl=warn msg="HOTSTUFF RECOVERY resend NewView"      number=259 viewID=0xb439cedddd941b05f246fa3c504be8aafcefe3a296d47cbb7541da133b17e11a to=127.0.0.1:60494
        t=2026-09-23T10:31:00+0200 lvl=warn msg="HOTSTUFF RECOVERY resend NewView"      number=259 viewID=0xb439cedddd941b05f246fa3c504be8aafcefe3a296d47cbb7541da133b17e11a to=127.0.0.1:60494
        t=2026-09-23T10:31:05+0200 lvl=warn msg="HOTSTUFF RECOVERY resend NewView"      number=259 viewID=0xb439cedddd941b05f246fa3c504be8aafcefe3a296d47cbb7541da133b17e11a to=127.0.0.1:60494
        t=2026-09-23T10:31:10+0200 lvl=warn msg="HOTSTUFF RECOVERY resend NewView"      number=259 viewID=0xb439cedddd941b05f246fa3c504be8aafcefe3a296d47cbb7541da133b17e11a to=127.0.0.1:60494
        t=2026-09-23T10:31:15+0200 lvl=warn msg="HOTSTUFF RECOVERY resend NewView"      number=259 viewID=0xb439cedddd941b05f246fa3c504be8aafcefe3a296d47cbb7541da133b17e11a to=127.0.0.1:60494
        t=2026-09-23T10:31:20+0200 lvl=warn msg="HOTSTUFF RECOVERY resend NewView"      number=259 viewID=0xb439cedddd941b05f246fa3c504be8aafcefe3a296d47cbb7541da133b17e11a to=127.0.0.1:60494
        t=2026-09-23T10:31:25+0200 lvl=warn msg="HOTSTUFF RECOVERY resend NewView"      number=259 viewID=0xb439cedddd941b05f246fa3c504be8aafcefe3a296d47cbb7541da133b17e11a to=127.0.0.1:60494
        t=2026-09-23T10:31:30+0200 lvl=warn msg="HOTSTUFF RECOVERY resend NewView"      number=259 viewID=0xb439cedddd941b05f246fa3c504be8aafcefe3a296d47cbb7541da133b17e11a to=127.0.0.1:60494
        t=2026-09-23T10:31:35+0200 lvl=warn msg="HOTSTUFF RECOVERY resend NewView"      number=259 viewID=0xb439cedddd941b05f246fa3c504be8aafcefe3a296d47cbb7541da133b17e11a to=127.0.0.1:60494
        t=2026-09-23T10:31:40+0200 lvl=warn msg="HOTSTUFF RECOVERY resend NewView"      number=259 viewID=0xb439cedddd941b05f246fa3c504be8aafcefe3a296d47cbb7541da133b17e11a to=127.0.0.1:60494
        t=2026-09-23T10:31:45+0200 lvl=warn msg="HOTSTUFF RECOVERY resend NewView"      number=259 viewID=0xb439cedddd941b05f246fa3c504be8aafcefe3a296d47cbb7541da133b17e11a to=127.0.0.1:60494
        t=2026-09-23T10:31:50+0200 lvl=warn msg="HOTSTUFF RECOVERY resend NewView"      number=259 viewID=0xb439cedddd941b05f246fa3c504be8aafcefe3a296d47cbb7541da133b17e11a to=127.0.0.1:60494
        t=2026-09-23T10:31:54+0200 lvl=info msg="HOTSTUFF PROPOSAL MANIFEST stored"     from=127.0.0.1:60494 number=259 proposalID=0x9fc2b9cf4e21aa48be1ee94521f4309bbbaaf8fa037ce19f6deee6205d0ded82 manifestBytes=1219 missing=0 bodyBytes=1292
        t=2026-09-23T10:31:55+0200 lvl=info msg="HOTSTUFF PROPOSAL MANIFEST stored"     from=127.0.0.1:47082 number=260 proposalID=0x14ce255e30a5a3791fb5568aec204fada917896f2545219933b87e9f0cb42e3f manifestBytes=832  missing=0 bodyBytes=832
        t=2026-09-23T10:31:55+0200 lvl=warn msg=GetBlockByNumer                         number=1
        t=2026-09-23T10:32:00+0200 lvl=warn msg="HOTSTUFF RECOVERY resend NewView"      number=261 viewID=0x992f5aa9e4d27ea739db008489b13cae3566e738fb582a7d68c23e36d670a1a6 to=127.0.0.1:33646
        t=2026-09-23T10:32:05+0200 lvl=warn msg="HOTSTUFF RECOVERY resend NewView"      number=261 viewID=0x992f5aa9e4d27ea739db008489b13cae3566e738fb582a7d68c23e36d670a1a6 to=127.0.0.1:33646
        t=2026-09-23T10:32:10+0200 lvl=warn msg="HOTSTUFF RECOVERY resend NewView"      number=261 viewID=0x992f5aa9e4d27ea739db008489b13cae3566e738fb582a7d68c23e36d670a1a6 to=127.0.0.1:33646
        t=2026-09-23T10:32:15+0200 lvl=warn msg="HOTSTUFF RECOVERY resend NewView"      number=261 viewID=0x992f5aa9e4d27ea739db008489b13cae3566e738fb582a7d68c23e36d670a1a6 to=127.0.0.1:33646
        t=2026-09-23T10:32:20+0200 lvl=warn msg="HOTSTUFF RECOVERY resend NewView"      number=261 viewID=0x992f5aa9e4d27ea739db008489b13cae3566e738fb582a7d68c23e36d670a1a6 to=127.0.0.1:33646
        t=2026-09-23T10:32:25+0200 lvl=warn msg="HOTSTUFF RECOVERY resend NewView"      number=261 viewID=0x992f5aa9e4d27ea739db008489b13cae3566e738fb582a7d68c23e36d670a1a6 to=127.0.0.1:33646
        t=2026-09-23T10:32:30+0200 lvl=warn msg="HOTSTUFF RECOVERY resend NewView"      number=261 viewID=0x992f5aa9e4d27ea739db008489b13cae3566e738fb582a7d68c23e36d670a1a6 to=127.0.0.1:33646
        t=2026-09-23T10:32:35+0200 lvl=warn msg="HOTSTUFF RECOVERY resend NewView"      number=261 viewID=0x992f5aa9e4d27ea739db008489b13cae3566e738fb582a7d68c23e36d670a1a6 to=127.0.0.1:33646
        t=2026-09-23T10:32:40+0200 lvl=warn msg="HOTSTUFF RECOVERY resend NewView"      number=261 viewID=0x992f5aa9e4d27ea739db008489b13cae3566e738fb582a7d68c23e36d670a1a6 to=127.0.0.1:33646
        t=2026-09-23T10:32:45+0200 lvl=warn msg="HOTSTUFF RECOVERY resend NewView"      number=261 viewID=0x992f5aa9e4d27ea739db008489b13cae3566e738fb582a7d68c23e36d670a1a6 to=127.0.0.1:33646
        t=2026-09-23T10:32:50+0200 lvl=warn msg="HOTSTUFF RECOVERY resend NewView"      number=261 viewID=0x992f5aa9e4d27ea739db008489b13cae3566e738fb582a7d68c23e36d670a1a6 to=127.0.0.1:33646
        t=2026-09-23T10:32:55+0200 lvl=warn msg="HOTSTUFF RECOVERY resend NewView"      number=261 viewID=0x992f5aa9e4d27ea739db008489b13cae3566e738fb582a7d68c23e36d670a1a6 to=127.0.0.1:33646
        t=2026-09-23T10:33:00+0200 lvl=warn msg="HOTSTUFF RECOVERY resend NewView"      number=261 viewID=0x992f5aa9e4d27ea739db008489b13cae3566e738fb582a7d68c23e36d670a1a6 to=127.0.0.1:33646
        t=2026-09-23T10:33:05+0200 lvl=warn msg="HOTSTUFF RECOVERY resend NewView"      number=261 viewID=0x992f5aa9e4d27ea739db008489b13cae3566e738fb582a7d68c23e36d670a1a6 to=127.0.0.1:33646
        t=2026-09-23T10:33:10+0200 lvl=warn msg="HOTSTUFF RECOVERY resend NewView"      number=261 viewID=0x992f5aa9e4d27ea739db008489b13cae3566e738fb582a7d68c23e36d670a1a6 to=127.0.0.1:33646
        t=2026-09-23T10:33:15+0200 lvl=warn msg="HOTSTUFF RECOVERY resend NewView"      number=261 viewID=0x992f5aa9e4d27ea739db008489b13cae3566e738fb582a7d68c23e36d670a1a6 to=127.0.0.1:33646
        t=2026-09-23T10:33:20+0200 lvl=warn msg="HOTSTUFF RECOVERY resend NewView"      number=261 viewID=0x992f5aa9e4d27ea739db008489b13cae3566e738fb582a7d68c23e36d670a1a6 to=127.0.0.1:33646
        t=2026-09-23T10:33:25+0200 lvl=warn msg="HOTSTUFF RECOVERY resend NewView"      number=261 viewID=0x992f5aa9e4d27ea739db008489b13cae3566e738fb582a7d68c23e36d670a1a6 to=127.0.0.1:33646
        t=2026-09-23T10:33:30+0200 lvl=warn msg="HOTSTUFF RECOVERY resend NewView"      number=261 viewID=0x992f5aa9e4d27ea739db008489b13cae3566e738fb582a7d68c23e36d670a1a6 to=127.0.0.1:33646
        t=2026-09-23T10:33:35+0200 lvl=warn msg="HOTSTUFF RECOVERY resend NewView"      number=261 viewID=0x992f5aa9e4d27ea739db008489b13cae3566e738fb582a7d68c23e36d670a1a6 to=127.0.0.1:33646
        t=2026-09-23T10:33:40+0200 lvl=warn msg="HOTSTUFF RECOVERY resend NewView"      number=261 viewID=0x992f5aa9e4d27ea739db008489b13cae3566e738fb582a7d68c23e36d670a1a6 to=127.0.0.1:33646
        t=2026-09-23T10:33:45+0200 lvl=warn msg="HOTSTUFF RECOVERY resend NewView"      number=261 viewID=0x992f5aa9e4d27ea739db008489b13cae3566e738fb582a7d68c23e36d670a1a6 to=127.0.0.1:33646
        t=2026-09-23T10:33:50+0200 lvl=warn msg="HOTSTUFF RECOVERY resend NewView"      number=261 viewID=0x992f5aa9e4d27ea739db008489b13cae3566e738fb582a7d68c23e36d670a1a6 to=127.0.0.1:33646
        t=2026-09-23T10:33:55+0200 lvl=info msg="HOTSTUFF PROPOSAL MANIFEST stored"     from=127.0.0.1:33646 number=261 proposalID=0xa741fdf0c52ea86e42d62b7401d7b2f64407bbf2ea01fae3fdc41bb5cbe23ce0 manifestBytes=1219 missing=0 bodyBytes=1292
        t=2026-09-23T10:33:55+0200 lvl=info msg="HOTSTUFF PROPOSAL MANIFEST stored"     from=127.0.0.1:53724 number=262 proposalID=0xcb40e19f93b5260f91cbea0477c3d3b2ac739fb0b8786ef9a78e64f8478efe96 manifestBytes=832  missing=0 bodyBytes=832
        t=2026-09-23T10:33:55+0200 lvl=warn msg=GetBlockByNumer                         number=1
        t=2026-09-23T10:34:00+0200 lvl=warn msg="HOTSTUFF RECOVERY resend NewView"      number=263 viewID=0xb85da1e6d446abebc36167946b39aeadfce4bdcb5e1df722ad9a661be27300b8 to=127.0.0.1:60494
        t=2026-09-23T10:34:05+0200 lvl=warn msg="HOTSTUFF RECOVERY resend NewView"      number=263 viewID=0xb85da1e6d446abebc36167946b39aeadfce4bdcb5e1df722ad9a661be27300b8 to=127.0.0.1:60494
        t=2026-09-23T10:34:10+0200 lvl=warn msg="HOTSTUFF RECOVERY resend NewView"      number=263 viewID=0xb85da1e6d446abebc36167946b39aeadfce4bdcb5e1df722ad9a661be27300b8 to=127.0.0.1:60494
        t=2026-09-23T10:34:15+0200 lvl=warn msg="HOTSTUFF RECOVERY resend NewView"      number=263 viewID=0xb85da1e6d446abebc36167946b39aeadfce4bdcb5e1df722ad9a661be27300b8 to=127.0.0.1:60494
        t=2026-09-23T10:34:20+0200 lvl=warn msg="HOTSTUFF RECOVERY resend NewView"      number=263 viewID=0xb85da1e6d446abebc36167946b39aeadfce4bdcb5e1df722ad9a661be27300b8 to=127.0.0.1:60494
        t=2026-09-23T10:34:25+0200 lvl=warn msg="HOTSTUFF RECOVERY resend NewView"      number=263 viewID=0xb85da1e6d446abebc36167946b39aeadfce4bdcb5e1df722ad9a661be27300b8 to=127.0.0.1:60494
        t=2026-09-23T10:34:30+0200 lvl=warn msg="HOTSTUFF RECOVERY resend NewView"      number=263 viewID=0xb85da1e6d446abebc36167946b39aeadfce4bdcb5e1df722ad9a661be27300b8 to=127.0.0.1:60494
        t=2026-09-23T10:34:35+0200 lvl=warn msg="HOTSTUFF RECOVERY resend NewView"      number=263 viewID=0xb85da1e6d446abebc36167946b39aeadfce4bdcb5e1df722ad9a661be27300b8 to=127.0.0.1:60494
        t=2026-09-23T10:34:40+0200 lvl=warn msg="HOTSTUFF RECOVERY resend NewView"      number=263 viewID=0xb85da1e6d446abebc36167946b39aeadfce4bdcb5e1df722ad9a661be27300b8 to=127.0.0.1:60494
        t=2026-09-23T10:34:45+0200 lvl=warn msg="HOTSTUFF RECOVERY resend NewView"      number=263 viewID=0xb85da1e6d446abebc36167946b39aeadfce4bdcb5e1df722ad9a661be27300b8 to=127.0.0.1:60494
        t=2026-09-23T10:34:50+0200 lvl=warn msg="HOTSTUFF RECOVERY resend NewView"      number=263 viewID=0xb85da1e6d446abebc36167946b39aeadfce4bdcb5e1df722ad9a661be27300b8 to=127.0.0.1:60494
        t=2026-09-23T10:34:55+0200 lvl=warn msg="HOTSTUFF RECOVERY resend NewView"      number=263 viewID=0xb85da1e6d446abebc36167946b39aeadfce4bdcb5e1df722ad9a661be27300b8 to=127.0.0.1:60494
        t=2026-09-23T10:35:00+0200 lvl=warn msg="HOTSTUFF RECOVERY resend NewView"      number=263 viewID=0xb85da1e6d446abebc36167946b39aeadfce4bdcb5e1df722ad9a661be27300b8 to=127.0.0.1:60494
        t=2026-09-23T10:35:05+0200 lvl=warn msg="HOTSTUFF RECOVERY resend NewView"      number=263 viewID=0xb85da1e6d446abebc36167946b39aeadfce4bdcb5e1df722ad9a661be27300b8 to=127.0.0.1:60494
        t=2026-09-23T10:35:10+0200 lvl=warn msg="HOTSTUFF RECOVERY resend NewView"      number=263 viewID=0xb85da1e6d446abebc36167946b39aeadfce4bdcb5e1df722ad9a661be27300b8 to=127.0.0.1:60494
        t=2026-09-23T10:35:15+0200 lvl=warn msg="HOTSTUFF RECOVERY resend NewView"      number=263 viewID=0xb85da1e6d446abebc36167946b39aeadfce4bdcb5e1df722ad9a661be27300b8 to=127.0.0.1:60494
        t=2026-09-23T10:35:20+0200 lvl=warn msg="HOTSTUFF RECOVERY resend NewView"      number=263 viewID=0xb85da1e6d446abebc36167946b39aeadfce4bdcb5e1df722ad9a661be27300b8 to=127.0.0.1:60494
        t=2026-09-23T10:35:25+0200 lvl=warn msg="HOTSTUFF RECOVERY resend NewView"      number=263 viewID=0xb85da1e6d446abebc36167946b39aeadfce4bdcb5e1df722ad9a661be27300b8 to=127.0.0.1:60494
        t=2026-09-23T10:35:30+0200 lvl=warn msg="HOTSTUFF RECOVERY resend NewView"      number=263 viewID=0xb85da1e6d446abebc36167946b39aeadfce4bdcb5e1df722ad9a661be27300b8 to=127.0.0.1:60494
        t=2026-09-23T10:35:35+0200 lvl=warn msg="HOTSTUFF RECOVERY resend NewView"      number=263 viewID=0xb85da1e6d446abebc36167946b39aeadfce4bdcb5e1df722ad9a661be27300b8 to=127.0.0.1:60494
        t=2026-09-23T10:35:37+0200 lvl=warn msg="fixed-mode keyblock start-new-view wakeup" reason=hotstuff-maintenance currentBlock=261 currentKey=0 oldLeaderIndex=3 oldNoDone=true leaderIndex=3 noDone=false round=0 viewAge=2.190034ms isLeader=false candidateReady=false pendingTotal=0 fastPending=0 slowPending=0
        t=2026-09-23T10:35:39+0200 lvl=warn msg="fixed-mode keyblock start-new-view wakeup" reason=hotstuff-maintenance currentBlock=261 currentKey=0 oldLeaderIndex=3 oldNoDone=false leaderIndex=3 noDone=false round=0 viewAge=2.002190856s isLeader=false candidateReady=false pendingTotal=0 fastPending=0 slowPending=0
        t=2026-09-23T10:35:40+0200 lvl=info msg="HOTSTUFF PROPOSAL MANIFEST stored"     from=127.0.0.1:60494 number=263 proposalID=0x434151c933855b4c1863a9400270bd9aa9c80416418c264629d295b28e6057f5 manifestBytes=1308 missing=0 bodyBytes=1308
        t=2026-09-23T10:35:40+0200 lvl=warn msg=ReadCommittee                           read data is empty=
        t=2026-09-23T10:35:41+0200 lvl=warn msg="fixed-mode keyblock start-new-view wakeup" reason=watchdog             currentBlock=262 currentKey=0 oldLeaderIndex=0 oldNoDone=true  leaderIndex=0 noDone=false round=0 viewAge=4.027150091s isLeader=false candidateReady=false pendingTotal=0 fastPending=0 slowPending=0
        t=2026-09-23T10:35:41+0200 lvl=info msg="HOTSTUFF PROPOSAL MANIFEST stored"     from=127.0.0.1:33646 number=264 proposalID=0x4dae802658459438cdb0c309d72133988e65b185921168c8180c2e11203eec73 manifestBytes=832  missing=0 bodyBytes=832
        t=2026-09-23T10:35:41+0200 lvl=info msg="HOTSTUFF PROPOSAL MANIFEST stored"     from=127.0.0.1:33875 number=265 proposalID=0xd11e624ab0d49ed8037cbb021e37bce274f9311391aa542d508db3192d926136 manifestBytes=832  missing=0 bodyBytes=832
        t=2026-09-23T10:35:41+0200 lvl=warn msg=GetBlockByNumer                         number=1
        t=2026-09-23T10:35:41+0200 lvl=warn msg=GetBlockByNumer                         number=1
        t=2026-09-23T10:35:41+0200 lvl=warn msg=GetBlockByNumer                         number=264
        t=2026-09-23T10:35:42+0200 lvl=info msg="HOTSTUFF PROPOSAL MANIFEST stored"     from=127.0.0.1:60494 number=266 proposalID=0x8c04497958f2c87b256bfbab6256fbf58c0a3690a5573d5cd93759facdb42e8c manifestBytes=1221 missing=0 bodyBytes=1316
        t=2026-09-23T10:35:42+0200 lvl=info msg="HOTSTUFF PROPOSAL MANIFEST stored"     from=127.0.0.1:33646 number=267 proposalID=0xf134e4f63691ca113a6877cc5c750b611d10e61cc8cb039202894f981a5c0c82 manifestBytes=832  missing=0 bodyBytes=832
        t=2026-09-23T10:35:43+0200 lvl=warn msg=GetBlockByNumer                         number=1
        t=2026-09-23T10:35:43+0200 lvl=warn msg=GetBlockByNumer                         number=1
        t=2026-09-23T10:35:43+0200 lvl=info msg="HOTSTUFF PROPOSAL MANIFEST stored"     from=127.0.0.1:33875 number=268 proposalID=0x66e1e5fd1b1b8bd9db3b3a3d25c1cfcd907d6301b50c1ac6ddffc6a9425d1b3a manifestBytes=1221 missing=1 bodyBytes=1316
        t=2026-09-23T10:35:43+0200 lvl=eror msg="OnPropose wait proposal body"          number=268 proposalID=0x66e1e5fd1b1b8bd9db3b3a3d25c1cfcd907d6301b50c1ac6ddffc6a9425d1b3a err="hotstuff view state too old"
        t=2026-09-23T10:35:43+0200 lvl=info msg="HOTSTUFF PROPOSAL MANIFEST stored"     from=127.0.0.1:40842 number=269 proposalID=0x213231c1a32934b311e265894ced96defead68b1f965f80c50b22d97fef05823 manifestBytes=832  missing=0 bodyBytes=832
        t=2026-09-23T10:35:44+0200 lvl=warn msg=GetBlockByNumer                         number=1
        t=2026-09-23T10:35:49+0200 lvl=warn msg="HOTSTUFF RECOVERY resend NewView"      number=270 viewID=0xb1ab41a6b9e6206fb6f500f6bc3fcc2ce8f8b96daa0fae42149a2e0b80c5a509 to=127.0.0.1:60494
        t=2026-09-23T10:35:54+0200 lvl=warn msg="HOTSTUFF RECOVERY resend NewView"      number=270 viewID=0xb1ab41a6b9e6206fb6f500f6bc3fcc2ce8f8b96daa0fae42149a2e0b80c5a509 to=127.0.0.1:60494
        t=2026-09-23T10:35:59+0200 lvl=warn msg="HOTSTUFF RECOVERY resend NewView"      number=270 viewID=0xb1ab41a6b9e6206fb6f500f6bc3fcc2ce8f8b96daa0fae42149a2e0b80c5a509 to=127.0.0.1:60494
        t=2026-09-23T10:36:04+0200 lvl=warn msg="HOTSTUFF RECOVERY resend NewView"      number=270 viewID=0xb1ab41a6b9e6206fb6f500f6bc3fcc2ce8f8b96daa0fae42149a2e0b80c5a509 to=127.0.0.1:60494
        t=2026-09-23T10:36:09+0200 lvl=warn msg="HOTSTUFF RECOVERY resend NewView"      number=270 viewID=0xb1ab41a6b9e6206fb6f500f6bc3fcc2ce8f8b96daa0fae42149a2e0b80c5a509 to=127.0.0.1:60494
        t=2026-09-23T10:36:14+0200 lvl=warn msg="HOTSTUFF RECOVERY resend NewView"      number=270 viewID=0xb1ab41a6b9e6206fb6f500f6bc3fcc2ce8f8b96daa0fae42149a2e0b80c5a509 to=127.0.0.1:60494
        t=2026-09-23T10:36:19+0200 lvl=warn msg="HOTSTUFF RECOVERY resend NewView"      number=270 viewID=0xb1ab41a6b9e6206fb6f500f6bc3fcc2ce8f8b96daa0fae42149a2e0b80c5a509 to=127.0.0.1:60494
        t=2026-09-23T10:36:24+0200 lvl=warn msg="HOTSTUFF RECOVERY resend NewView"      number=270 viewID=0xb1ab41a6b9e6206fb6f500f6bc3fcc2ce8f8b96daa0fae42149a2e0b80c5a509 to=127.0.0.1:60494
        t=2026-09-23T10:36:29+0200 lvl=warn msg="HOTSTUFF RECOVERY resend NewView"      number=270 viewID=0xb1ab41a6b9e6206fb6f500f6bc3fcc2ce8f8b96daa0fae42149a2e0b80c5a509 to=127.0.0.1:60494
        t=2026-09-23T10:36:34+0200 lvl=warn msg="HOTSTUFF RECOVERY resend NewView"      number=270 viewID=0xb1ab41a6b9e6206fb6f500f6bc3fcc2ce8f8b96daa0fae42149a2e0b80c5a509 to=127.0.0.1:60494
        t=2026-09-23T10:36:39+0200 lvl=warn msg="HOTSTUFF RECOVERY resend NewView"      number=270 viewID=0xb1ab41a6b9e6206fb6f500f6bc3fcc2ce8f8b96daa0fae42149a2e0b80c5a509 to=127.0.0.1:60494
        t=2026-09-23T10:36:44+0200 lvl=warn msg="HOTSTUFF RECOVERY resend NewView"      number=270 viewID=0xb1ab41a6b9e6206fb6f500f6bc3fcc2ce8f8b96daa0fae42149a2e0b80c5a509 to=127.0.0.1:60494
        t=2026-09-23T10:36:49+0200 lvl=warn msg="HOTSTUFF RECOVERY resend NewView"      number=270 viewID=0xb1ab41a6b9e6206fb6f500f6bc3fcc2ce8f8b96daa0fae42149a2e0b80c5a509 to=127.0.0.1:60494
        t=2026-09-23T10:36:51+0200 lvl=info msg="HOTSTUFF PROPOSAL MANIFEST stored"     from=127.0.0.1:60494 number=270 proposalID=0xa6760338686feedd2f868b5309fbb62c9be8ed36741dc814f7a1f567bc47aebd manifestBytes=1222 missing=0 bodyBytes=4396
        t=2026-09-23T10:36:52+0200 lvl=info msg="HOTSTUFF PROPOSAL MANIFEST stored"     from=127.0.0.1:40842 number=271 proposalID=0xcfa2ed5efdfc7606c8e00fe2d7abde3c303ec1b719d804685637721cc3edd802 manifestBytes=832  missing=0 bodyBytes=832
        t=2026-09-23T10:36:52+0200 lvl=info msg="HOTSTUFF PROPOSAL MANIFEST stored"     from=127.0.0.1:33646 number=272 proposalID=0xe7051dad827b1ecf6156a898272815fe757439730c666288643d3a0018422954 manifestBytes=1222 missing=0 bodyBytes=4396
        t=2026-09-23T10:36:53+0200 lvl=info msg="HOTSTUFF PROPOSAL MANIFEST stored"     from=127.0.0.1:33875 number=273 proposalID=0x5c5848251281ad14b1198adfadc7dcea92f9d302d4796b7a323bced580b74316 manifestBytes=832  missing=0 bodyBytes=832
        t=2026-09-23T10:36:56+0200 lvl=info msg="HOTSTUFF PROPOSAL MANIFEST stored"     from=127.0.0.1:33875 number=274 proposalID=0x632bd42daa5387cb5f8fe1c4a012afbc777ffdc47d57db9d9a0bd51f9b3b65a1 manifestBytes=1222 missing=0 bodyBytes=66237
        t=2026-09-23T10:36:57+0200 lvl=info msg="HOTSTUFF PROPOSAL MANIFEST stored"     from=127.0.0.1:33646 number=275 proposalID=0xc513553a71e9d7f7697b26c693e91c97fe63d53c22a252049f97fee4711a77cf manifestBytes=832  missing=0 bodyBytes=832
        t=2026-09-23T10:36:57+0200 lvl=warn msg="HandleConn drops connection: closed"   address=127.0.0.1:49814 remot=127.0.0.1:33646
        t=2026-09-23T10:36:57+0200 lvl=info msg="HOTSTUFF PROPOSAL MANIFEST stored"     from=127.0.0.1:33646 number=275 proposalID=0xc513553a71e9d7f7697b26c693e91c97fe63d53c22a252049f97fee4711a77cf manifestBytes=832  missing=0 bodyBytes=832
        t=2026-09-23T10:36:58+0200 lvl=info msg="HOTSTUFF PROPOSAL MANIFEST stored"     from=127.0.0.1:60494 number=276 proposalID=0x06b4596901f4d55d5dd02fd7ddb4a0957a5010fa1704d34ad71a832d762dfbb2 manifestBytes=1222 missing=0 bodyBytes=66237
        t=2026-09-23T10:36:58+0200 lvl=info msg="HOTSTUFF PROPOSAL MANIFEST stored"     from=127.0.0.1:53724 number=277 proposalID=0xf4213b47e42530c8a1c15850fed5ffc0d7bb7cfb36a1a26df2b848ba1e5007d3 manifestBytes=832  missing=0 bodyBytes=832
        t=2026-09-23T10:37:04+0200 lvl=warn msg="HOTSTUFF RECOVERY resend NewView"      number=278 viewID=0x2b65ecd2c80fb025ef223d849dc9553130ed7bf9b83c833e01d00b94b1fd4ad3 to=127.0.0.1:40842
        t=2026-09-23T10:37:08+0200 lvl=info msg="HOTSTUFF PROPOSAL MANIFEST stored"     from=127.0.0.1:40842 number=278 proposalID=0x576db138140f5d790987a958cce7b6d74ca97d921f58f2b4b4e0073ee05135af manifestBytes=1390 missing=0 bodyBytes=125407
        t=2026-09-23T10:37:08+0200 lvl=info msg="HOTSTUFF PROPOSAL MANIFEST stored"     from=127.0.0.1:47082 number=279 proposalID=0x18f8207675277eaf405c0e417c0288c977850bd5f5f5570d77d6ede758c7ae70 manifestBytes=832  missing=0 bodyBytes=832
        t=2026-09-23T10:37:14+0200 lvl=warn msg="HOTSTUFF RECOVERY resend NewView"      number=280 viewID=0xcf7782f748d8db827f42fe01d992f2178957886b2ee5f6594ea6290e82095995 to=127.0.0.1:33875
        t=2026-09-23T10:37:16+0200 lvl=info msg="HOTSTUFF PROPOSAL MANIFEST stored"     from=127.0.0.1:33875 number=280 proposalID=0xc1e0a8dd2defeeb967ca0322534fea783d540d1a7028890d9ec5fc04a9b08ac7 manifestBytes=1222 missing=0 bodyBytes=63818
        t=2026-09-23T10:37:17+0200 lvl=info msg="HOTSTUFF PROPOSAL MANIFEST stored"     from=127.0.0.1:33875 number=281 proposalID=0xee1ace65236d7e65281ab583cbf4bc2fc85e4b5db79c240d12d2c56a9d7ef7df manifestBytes=1222 missing=0 bodyBytes=63818
        t=2026-09-23T10:37:17+0200 lvl=info msg="HOTSTUFF PROPOSAL MANIFEST stored"     from=127.0.0.1:40842 number=282 proposalID=0xa9bcaaf5ec7bd8c46ae18c5219cd2794610d96ba5e3e4a599126c696e3c37b2c manifestBytes=832  missing=0 bodyBytes=832
        t=2026-09-23T10:37:22+0200 lvl=warn msg="HOTSTUFF RECOVERY resend NewView"      number=283 viewID=0x777d3e9bdfe842ca9ff9f84b7020c6f4d28e46b03e491825a8ac38028337a0c7 to=127.0.0.1:40842
        t=2026-09-23T10:37:24+0200 lvl=info msg="HOTSTUFF PROPOSAL MANIFEST stored"     from=127.0.0.1:40842 number=283 proposalID=0x1bfb6a63d92874784dd5b6bb700b3c7ac17ec2d26be51a181f9785d0775473da manifestBytes=1222 missing=0 bodyBytes=63276
        t=2026-09-23T10:37:25+0200 lvl=info msg="HOTSTUFF PROPOSAL MANIFEST stored"     from=127.0.0.1:47082 number=284 proposalID=0x37b587b50360536fe32c3789533ad96f3b9b2ccb0380eb526d047f85329bbab2 manifestBytes=832  missing=0 bodyBytes=832
        t=2026-09-23T10:37:25+0200 lvl=info msg="HOTSTUFF PROPOSAL MANIFEST stored"     from=127.0.0.1:47082 number=285 proposalID=0x302891d74abef1efe61c3499d8e39f01cd0e0cfd47096cc5bbf9e3600216a8c7 manifestBytes=1222 missing=0 bodyBytes=63276
        t=2026-09-23T10:37:26+0200 lvl=info msg="HOTSTUFF PROPOSAL MANIFEST stored"     from=127.0.0.1:33646 number=286 proposalID=0x22ea061dee2a39e03550e332a1fb83e1b862cd1c582c2daa14049cb8cec3370f manifestBytes=832  missing=0 bodyBytes=832
        t=2026-09-23T10:37:31+0200 lvl=warn msg="HOTSTUFF RECOVERY resend NewView"      number=287 viewID=0xbb1f0f33279c7f422f41869cc44ebd89245f8eba287f792e3d931e3e4a6318f5 to=127.0.0.1:53724
    fhs_process_recovery_test.go:236: validator 1173425 complete log: /tmp/fhs-process-failure-799300570.log
    fhs_process_recovery_test.go:241: validator 1173425 log tail:
        246fa3c504be8aafcefe3a296d47cbb7541da133b17e11a to=127.0.0.1:60494
        t=2026-09-23T10:31:25+0200 lvl=warn msg="HOTSTUFF RECOVERY resend NewView"      number=259 viewID=0xb439cedddd941b05f246fa3c504be8aafcefe3a296d47cbb7541da133b17e11a to=127.0.0.1:60494
        t=2026-09-23T10:31:30+0200 lvl=warn msg="HOTSTUFF RECOVERY resend NewView"      number=259 viewID=0xb439cedddd941b05f246fa3c504be8aafcefe3a296d47cbb7541da133b17e11a to=127.0.0.1:60494
        t=2026-09-23T10:31:35+0200 lvl=warn msg="HOTSTUFF RECOVERY resend NewView"      number=259 viewID=0xb439cedddd941b05f246fa3c504be8aafcefe3a296d47cbb7541da133b17e11a to=127.0.0.1:60494
        t=2026-09-23T10:31:40+0200 lvl=warn msg="HOTSTUFF RECOVERY resend NewView"      number=259 viewID=0xb439cedddd941b05f246fa3c504be8aafcefe3a296d47cbb7541da133b17e11a to=127.0.0.1:60494
        t=2026-09-23T10:31:45+0200 lvl=warn msg="HOTSTUFF RECOVERY resend NewView"      number=259 viewID=0xb439cedddd941b05f246fa3c504be8aafcefe3a296d47cbb7541da133b17e11a to=127.0.0.1:60494
        t=2026-09-23T10:31:50+0200 lvl=warn msg="HOTSTUFF RECOVERY resend NewView"      number=259 viewID=0xb439cedddd941b05f246fa3c504be8aafcefe3a296d47cbb7541da133b17e11a to=127.0.0.1:60494
        t=2026-09-23T10:31:54+0200 lvl=info msg="HOTSTUFF PROPOSAL REF"                 number=259 viewID=0xb439cedddd941b05f246fa3c504be8aafcefe3a296d47cbb7541da133b17e11a proposalID=0x9fc2b9cf4e21aa48be1ee94521f4309bbbaaf8fa037ce19f6deee6205d0ded82 blockHash=0xbc608313405fc06806a406679543eed2299e79c32991c22f40d4d3e109e90e2b bodyHash=0x7ae713f8accfdfbfb35a155c481ddc33f8fb5ca8bc81a7ddaf8a5d43e3d82e6a bodySize=1292  refBytes=445
        t=2026-09-23T10:31:55+0200 lvl=info msg="HOTSTUFF PROPOSAL MANIFEST stored"     from=127.0.0.1:47082 number=260 proposalID=0x14ce255e30a5a3791fb5568aec204fada917896f2545219933b87e9f0cb42e3f manifestBytes=832  missing=0 bodyBytes=832
        t=2026-09-23T10:31:55+0200 lvl=warn msg=GetBlockByNumer                         number=1
        t=2026-09-23T10:32:00+0200 lvl=warn msg="HOTSTUFF RECOVERY resend NewView"      number=261 viewID=0x992f5aa9e4d27ea739db008489b13cae3566e738fb582a7d68c23e36d670a1a6 to=127.0.0.1:33646
        t=2026-09-23T10:32:05+0200 lvl=warn msg="HOTSTUFF RECOVERY resend NewView"      number=261 viewID=0x992f5aa9e4d27ea739db008489b13cae3566e738fb582a7d68c23e36d670a1a6 to=127.0.0.1:33646
        t=2026-09-23T10:32:10+0200 lvl=warn msg="HOTSTUFF RECOVERY resend NewView"      number=261 viewID=0x992f5aa9e4d27ea739db008489b13cae3566e738fb582a7d68c23e36d670a1a6 to=127.0.0.1:33646
        t=2026-09-23T10:32:15+0200 lvl=warn msg="HOTSTUFF RECOVERY resend NewView"      number=261 viewID=0x992f5aa9e4d27ea739db008489b13cae3566e738fb582a7d68c23e36d670a1a6 to=127.0.0.1:33646
        t=2026-09-23T10:32:20+0200 lvl=warn msg="HOTSTUFF RECOVERY resend NewView"      number=261 viewID=0x992f5aa9e4d27ea739db008489b13cae3566e738fb582a7d68c23e36d670a1a6 to=127.0.0.1:33646
        t=2026-09-23T10:32:25+0200 lvl=warn msg="HOTSTUFF RECOVERY resend NewView"      number=261 viewID=0x992f5aa9e4d27ea739db008489b13cae3566e738fb582a7d68c23e36d670a1a6 to=127.0.0.1:33646
        t=2026-09-23T10:32:30+0200 lvl=warn msg="HOTSTUFF RECOVERY resend NewView"      number=261 viewID=0x992f5aa9e4d27ea739db008489b13cae3566e738fb582a7d68c23e36d670a1a6 to=127.0.0.1:33646
        t=2026-09-23T10:32:35+0200 lvl=warn msg="HOTSTUFF RECOVERY resend NewView"      number=261 viewID=0x992f5aa9e4d27ea739db008489b13cae3566e738fb582a7d68c23e36d670a1a6 to=127.0.0.1:33646
        t=2026-09-23T10:32:40+0200 lvl=warn msg="HOTSTUFF RECOVERY resend NewView"      number=261 viewID=0x992f5aa9e4d27ea739db008489b13cae3566e738fb582a7d68c23e36d670a1a6 to=127.0.0.1:33646
        t=2026-09-23T10:32:45+0200 lvl=warn msg="HOTSTUFF RECOVERY resend NewView"      number=261 viewID=0x992f5aa9e4d27ea739db008489b13cae3566e738fb582a7d68c23e36d670a1a6 to=127.0.0.1:33646
        t=2026-09-23T10:32:50+0200 lvl=warn msg="HOTSTUFF RECOVERY resend NewView"      number=261 viewID=0x992f5aa9e4d27ea739db008489b13cae3566e738fb582a7d68c23e36d670a1a6 to=127.0.0.1:33646
        t=2026-09-23T10:32:55+0200 lvl=warn msg="HOTSTUFF RECOVERY resend NewView"      number=261 viewID=0x992f5aa9e4d27ea739db008489b13cae3566e738fb582a7d68c23e36d670a1a6 to=127.0.0.1:33646
        t=2026-09-23T10:33:00+0200 lvl=warn msg="HOTSTUFF RECOVERY resend NewView"      number=261 viewID=0x992f5aa9e4d27ea739db008489b13cae3566e738fb582a7d68c23e36d670a1a6 to=127.0.0.1:33646
        t=2026-09-23T10:33:05+0200 lvl=warn msg="HOTSTUFF RECOVERY resend NewView"      number=261 viewID=0x992f5aa9e4d27ea739db008489b13cae3566e738fb582a7d68c23e36d670a1a6 to=127.0.0.1:33646
        t=2026-09-23T10:33:10+0200 lvl=warn msg="HOTSTUFF RECOVERY resend NewView"      number=261 viewID=0x992f5aa9e4d27ea739db008489b13cae3566e738fb582a7d68c23e36d670a1a6 to=127.0.0.1:33646
        t=2026-09-23T10:33:15+0200 lvl=warn msg="HOTSTUFF RECOVERY resend NewView"      number=261 viewID=0x992f5aa9e4d27ea739db008489b13cae3566e738fb582a7d68c23e36d670a1a6 to=127.0.0.1:33646
        t=2026-09-23T10:33:20+0200 lvl=warn msg="HOTSTUFF RECOVERY resend NewView"      number=261 viewID=0x992f5aa9e4d27ea739db008489b13cae3566e738fb582a7d68c23e36d670a1a6 to=127.0.0.1:33646
        t=2026-09-23T10:33:25+0200 lvl=warn msg="HOTSTUFF RECOVERY resend NewView"      number=261 viewID=0x992f5aa9e4d27ea739db008489b13cae3566e738fb582a7d68c23e36d670a1a6 to=127.0.0.1:33646
        t=2026-09-23T10:33:30+0200 lvl=warn msg="HOTSTUFF RECOVERY resend NewView"      number=261 viewID=0x992f5aa9e4d27ea739db008489b13cae3566e738fb582a7d68c23e36d670a1a6 to=127.0.0.1:33646
        t=2026-09-23T10:33:35+0200 lvl=warn msg="HOTSTUFF RECOVERY resend NewView"      number=261 viewID=0x992f5aa9e4d27ea739db008489b13cae3566e738fb582a7d68c23e36d670a1a6 to=127.0.0.1:33646
        t=2026-09-23T10:33:40+0200 lvl=warn msg="HOTSTUFF RECOVERY resend NewView"      number=261 viewID=0x992f5aa9e4d27ea739db008489b13cae3566e738fb582a7d68c23e36d670a1a6 to=127.0.0.1:33646
        t=2026-09-23T10:33:45+0200 lvl=warn msg="HOTSTUFF RECOVERY resend NewView"      number=261 viewID=0x992f5aa9e4d27ea739db008489b13cae3566e738fb582a7d68c23e36d670a1a6 to=127.0.0.1:33646
        t=2026-09-23T10:33:50+0200 lvl=warn msg="HOTSTUFF RECOVERY resend NewView"      number=261 viewID=0x992f5aa9e4d27ea739db008489b13cae3566e738fb582a7d68c23e36d670a1a6 to=127.0.0.1:33646
        t=2026-09-23T10:33:55+0200 lvl=info msg="HOTSTUFF PROPOSAL MANIFEST stored"     from=127.0.0.1:33646 number=261 proposalID=0xa741fdf0c52ea86e42d62b7401d7b2f64407bbf2ea01fae3fdc41bb5cbe23ce0 manifestBytes=1219 missing=0 bodyBytes=1292
        t=2026-09-23T10:33:55+0200 lvl=info msg="HOTSTUFF PROPOSAL MANIFEST stored"     from=127.0.0.1:53724 number=262 proposalID=0xcb40e19f93b5260f91cbea0477c3d3b2ac739fb0b8786ef9a78e64f8478efe96 manifestBytes=832  missing=0 bodyBytes=832
        t=2026-09-23T10:33:55+0200 lvl=warn msg=GetBlockByNumer                         number=1
        t=2026-09-23T10:34:00+0200 lvl=warn msg="HOTSTUFF RECOVERY resend NewView"      number=263 viewID=0xb85da1e6d446abebc36167946b39aeadfce4bdcb5e1df722ad9a661be27300b8 to=127.0.0.1:60494
        t=2026-09-23T10:34:05+0200 lvl=warn msg="HOTSTUFF RECOVERY resend NewView"      number=263 viewID=0xb85da1e6d446abebc36167946b39aeadfce4bdcb5e1df722ad9a661be27300b8 to=127.0.0.1:60494
        t=2026-09-23T10:34:10+0200 lvl=warn msg="HOTSTUFF RECOVERY resend NewView"      number=263 viewID=0xb85da1e6d446abebc36167946b39aeadfce4bdcb5e1df722ad9a661be27300b8 to=127.0.0.1:60494
        t=2026-09-23T10:34:15+0200 lvl=warn msg="HOTSTUFF RECOVERY resend NewView"      number=263 viewID=0xb85da1e6d446abebc36167946b39aeadfce4bdcb5e1df722ad9a661be27300b8 to=127.0.0.1:60494
        t=2026-09-23T10:34:20+0200 lvl=warn msg="HOTSTUFF RECOVERY resend NewView"      number=263 viewID=0xb85da1e6d446abebc36167946b39aeadfce4bdcb5e1df722ad9a661be27300b8 to=127.0.0.1:60494
        t=2026-09-23T10:34:25+0200 lvl=warn msg="HOTSTUFF RECOVERY resend NewView"      number=263 viewID=0xb85da1e6d446abebc36167946b39aeadfce4bdcb5e1df722ad9a661be27300b8 to=127.0.0.1:60494
        t=2026-09-23T10:34:30+0200 lvl=warn msg="HOTSTUFF RECOVERY resend NewView"      number=263 viewID=0xb85da1e6d446abebc36167946b39aeadfce4bdcb5e1df722ad9a661be27300b8 to=127.0.0.1:60494
        t=2026-09-23T10:34:35+0200 lvl=warn msg="HOTSTUFF RECOVERY resend NewView"      number=263 viewID=0xb85da1e6d446abebc36167946b39aeadfce4bdcb5e1df722ad9a661be27300b8 to=127.0.0.1:60494
        t=2026-09-23T10:34:40+0200 lvl=warn msg="HOTSTUFF RECOVERY resend NewView"      number=263 viewID=0xb85da1e6d446abebc36167946b39aeadfce4bdcb5e1df722ad9a661be27300b8 to=127.0.0.1:60494
        t=2026-09-23T10:34:45+0200 lvl=warn msg="HOTSTUFF RECOVERY resend NewView"      number=263 viewID=0xb85da1e6d446abebc36167946b39aeadfce4bdcb5e1df722ad9a661be27300b8 to=127.0.0.1:60494
        t=2026-09-23T10:34:50+0200 lvl=warn msg="HOTSTUFF RECOVERY resend NewView"      number=263 viewID=0xb85da1e6d446abebc36167946b39aeadfce4bdcb5e1df722ad9a661be27300b8 to=127.0.0.1:60494
        t=2026-09-23T10:34:55+0200 lvl=warn msg="HOTSTUFF RECOVERY resend NewView"      number=263 viewID=0xb85da1e6d446abebc36167946b39aeadfce4bdcb5e1df722ad9a661be27300b8 to=127.0.0.1:60494
        t=2026-09-23T10:35:00+0200 lvl=warn msg="HOTSTUFF RECOVERY resend NewView"      number=263 viewID=0xb85da1e6d446abebc36167946b39aeadfce4bdcb5e1df722ad9a661be27300b8 to=127.0.0.1:60494
        t=2026-09-23T10:35:05+0200 lvl=warn msg="HOTSTUFF RECOVERY resend NewView"      number=263 viewID=0xb85da1e6d446abebc36167946b39aeadfce4bdcb5e1df722ad9a661be27300b8 to=127.0.0.1:60494
        t=2026-09-23T10:35:10+0200 lvl=warn msg="HOTSTUFF RECOVERY resend NewView"      number=263 viewID=0xb85da1e6d446abebc36167946b39aeadfce4bdcb5e1df722ad9a661be27300b8 to=127.0.0.1:60494
        t=2026-09-23T10:35:15+0200 lvl=warn msg="HOTSTUFF RECOVERY resend NewView"      number=263 viewID=0xb85da1e6d446abebc36167946b39aeadfce4bdcb5e1df722ad9a661be27300b8 to=127.0.0.1:60494
        t=2026-09-23T10:35:20+0200 lvl=warn msg="HOTSTUFF RECOVERY resend NewView"      number=263 viewID=0xb85da1e6d446abebc36167946b39aeadfce4bdcb5e1df722ad9a661be27300b8 to=127.0.0.1:60494
        t=2026-09-23T10:35:25+0200 lvl=warn msg="HOTSTUFF RECOVERY resend NewView"      number=263 viewID=0xb85da1e6d446abebc36167946b39aeadfce4bdcb5e1df722ad9a661be27300b8 to=127.0.0.1:60494
        t=2026-09-23T10:35:30+0200 lvl=warn msg="HOTSTUFF RECOVERY resend NewView"      number=263 viewID=0xb85da1e6d446abebc36167946b39aeadfce4bdcb5e1df722ad9a661be27300b8 to=127.0.0.1:60494
        t=2026-09-23T10:35:35+0200 lvl=warn msg="HOTSTUFF RECOVERY resend NewView"      number=263 viewID=0xb85da1e6d446abebc36167946b39aeadfce4bdcb5e1df722ad9a661be27300b8 to=127.0.0.1:60494
        t=2026-09-23T10:35:37+0200 lvl=warn msg="fixed-mode keyblock start-new-view wakeup" reason=watchdog currentBlock=261 currentKey=0 oldLeaderIndex=3 oldNoDone=true leaderIndex=3 noDone=false round=0 viewAge=48.220061ms isLeader=true candidateReady=false pendingTotal=0 fastPending=0 slowPending=0
        t=2026-09-23T10:35:39+0200 lvl=warn msg="fixed-mode keyblock start-new-view wakeup" reason=watchdog currentBlock=261 currentKey=0 oldLeaderIndex=3 oldNoDone=false leaderIndex=3 noDone=false round=0 viewAge=2.048227945s isLeader=true candidateReady=false pendingTotal=0 fastPending=0 slowPending=0
        t=2026-09-23T10:35:40+0200 lvl=warn msg="HOTSTUFF RECOVERY retry proposal"      number=263 viewID=0xb85da1e6d446abebc36167946b39aeadfce4bdcb5e1df722ad9a661be27300b8
        t=2026-09-23T10:35:40+0200 lvl=warn msg="HOTSTUFF RECOVERY proposal retry failed" number=263 viewID=0xb85da1e6d446abebc36167946b39aeadfce4bdcb5e1df722ad9a661be27300b8 err="hotstuff proposal validation pending"
        t=2026-09-23T10:35:40+0200 lvl=info msg="HOTSTUFF PROPOSAL REF"                 number=263 viewID=0xb85da1e6d446abebc36167946b39aeadfce4bdcb5e1df722ad9a661be27300b8 proposalID=0x434151c933855b4c1863a9400270bd9aa9c80416418c264629d295b28e6057f5 blockHash=0xd2626a6c769def27055e9fdbbbd322fcac9738fbe1bc4f991a0746d180e2a61d bodyHash=0xb31b9ef275d1ec1f8a0326fc3090cd1ceaee35dfcf93f1be6db306347a4baf8b bodySize=1308  refBytes=443
        t=2026-09-23T10:35:40+0200 lvl=warn msg="Send msg try again"                    address=[::]:60494      Couldn't send to=127.0.0.1:47082 error="Operation Canceled"
        t=2026-09-23T10:35:40+0200 lvl=eror msg=CloseConnect                            =[::]:60494 having error closing conn to=127.0.0.1:47082 error="Connection Closed"
        t=2026-09-23T10:35:41+0200 lvl=info msg="HOTSTUFF PROPOSAL MANIFEST stored"     from=127.0.0.1:33646 number=264 proposalID=0x4dae802658459438cdb0c309d72133988e65b185921168c8180c2e11203eec73 manifestBytes=832  missing=0 bodyBytes=832
        t=2026-09-23T10:35:41+0200 lvl=warn msg="fixed-mode keyblock start-new-view wakeup" reason=hotstuff-maintenance currentBlock=262 currentKey=0 oldLeaderIndex=0 oldNoDone=true  leaderIndex=0 noDone=false round=0 viewAge=4.073158887s isLeader=false candidateReady=false pendingTotal=0 fastPending=0 slowPending=0
        t=2026-09-23T10:35:41+0200 lvl=info msg="HOTSTUFF PROPOSAL MANIFEST stored"     from=127.0.0.1:33875 number=265 proposalID=0xd11e624ab0d49ed8037cbb021e37bce274f9311391aa542d508db3192d926136 manifestBytes=832  missing=0 bodyBytes=832
        t=2026-09-23T10:35:41+0200 lvl=warn msg=GetBlockByNumer                         number=1
        t=2026-09-23T10:35:41+0200 lvl=warn msg=GetBlockByNumer                         number=1
        t=2026-09-23T10:35:41+0200 lvl=warn msg=GetBlockByNumer                         number=264
        t=2026-09-23T10:35:42+0200 lvl=warn msg=GetBlockByNumer                         number=263
        t=2026-09-23T10:35:42+0200 lvl=info msg="HOTSTUFF PROPOSAL REF"                 number=266 viewID=0xf4fc1f7faee501983293995a410be41e903051aa3db1252f0cf604468eed0d79 proposalID=0x8c04497958f2c87b256bfbab6256fbf58c0a3690a5573d5cd93759facdb42e8c blockHash=0x902a04799097bda3391188d525e620844beb6d2d6d4bdccc63cf080b4ab7bca8 bodyHash=0xddc946bd88e8caa49afa23a8e9b6581a82f5cae2e58b1a94cc95ef390bd70eaf bodySize=1316  refBytes=446
        t=2026-09-23T10:35:42+0200 lvl=warn msg="Send msg try again"                    address=[::]:60494      Couldn't send to=127.0.0.1:53724 error="Operation Canceled"
        t=2026-09-23T10:35:42+0200 lvl=eror msg=CloseConnect                            =[::]:60494 having error closing conn to=127.0.0.1:53724 error="Connection Closed"
        t=2026-09-23T10:35:42+0200 lvl=info msg="HOTSTUFF PROPOSAL MANIFEST stored"     from=127.0.0.1:33646 number=267 proposalID=0xf134e4f63691ca113a6877cc5c750b611d10e61cc8cb039202894f981a5c0c82 manifestBytes=832  missing=0 bodyBytes=832
        t=2026-09-23T10:35:43+0200 lvl=warn msg=GetBlockByNumer                         number=1
        t=2026-09-23T10:35:43+0200 lvl=warn msg=GetBlockByNumer                         number=1
        t=2026-09-23T10:35:43+0200 lvl=info msg="HOTSTUFF PROPOSAL MANIFEST stored"     from=127.0.0.1:33875 number=268 proposalID=0x66e1e5fd1b1b8bd9db3b3a3d25c1cfcd907d6301b50c1ac6ddffc6a9425d1b3a manifestBytes=1221 missing=0 bodyBytes=1316
        t=2026-09-23T10:35:43+0200 lvl=info msg="HOTSTUFF PROPOSAL MANIFEST stored"     from=127.0.0.1:40842 number=269 proposalID=0x213231c1a32934b311e265894ced96defead68b1f965f80c50b22d97fef05823 manifestBytes=832  missing=0 bodyBytes=832
        t=2026-09-23T10:35:44+0200 lvl=warn msg=GetBlockByNumer                         number=1
        t=2026-09-23T10:35:49+0200 lvl=warn msg="HOTSTUFF RECOVERY resend NewView"      number=270 viewID=0xb1ab41a6b9e6206fb6f500f6bc3fcc2ce8f8b96daa0fae42149a2e0b80c5a509 to=127.0.0.1:60494
        t=2026-09-23T10:35:54+0200 lvl=warn msg="HOTSTUFF RECOVERY resend NewView"      number=270 viewID=0xb1ab41a6b9e6206fb6f500f6bc3fcc2ce8f8b96daa0fae42149a2e0b80c5a509 to=127.0.0.1:60494
        t=2026-09-23T10:35:59+0200 lvl=warn msg="HOTSTUFF RECOVERY resend NewView"      number=270 viewID=0xb1ab41a6b9e6206fb6f500f6bc3fcc2ce8f8b96daa0fae42149a2e0b80c5a509 to=127.0.0.1:60494
        t=2026-09-23T10:36:04+0200 lvl=warn msg="HOTSTUFF RECOVERY resend NewView"      number=270 viewID=0xb1ab41a6b9e6206fb6f500f6bc3fcc2ce8f8b96daa0fae42149a2e0b80c5a509 to=127.0.0.1:60494
        t=2026-09-23T10:36:09+0200 lvl=warn msg="HOTSTUFF RECOVERY resend NewView"      number=270 viewID=0xb1ab41a6b9e6206fb6f500f6bc3fcc2ce8f8b96daa0fae42149a2e0b80c5a509 to=127.0.0.1:60494
        t=2026-09-23T10:36:14+0200 lvl=warn msg="HOTSTUFF RECOVERY resend NewView"      number=270 viewID=0xb1ab41a6b9e6206fb6f500f6bc3fcc2ce8f8b96daa0fae42149a2e0b80c5a509 to=127.0.0.1:60494
        t=2026-09-23T10:36:19+0200 lvl=warn msg="HOTSTUFF RECOVERY resend NewView"      number=270 viewID=0xb1ab41a6b9e6206fb6f500f6bc3fcc2ce8f8b96daa0fae42149a2e0b80c5a509 to=127.0.0.1:60494
        t=2026-09-23T10:36:24+0200 lvl=warn msg="HOTSTUFF RECOVERY resend NewView"      number=270 viewID=0xb1ab41a6b9e6206fb6f500f6bc3fcc2ce8f8b96daa0fae42149a2e0b80c5a509 to=127.0.0.1:60494
        t=2026-09-23T10:36:29+0200 lvl=warn msg="HOTSTUFF RECOVERY resend NewView"      number=270 viewID=0xb1ab41a6b9e6206fb6f500f6bc3fcc2ce8f8b96daa0fae42149a2e0b80c5a509 to=127.0.0.1:60494
        t=2026-09-23T10:36:34+0200 lvl=warn msg="HOTSTUFF RECOVERY resend NewView"      number=270 viewID=0xb1ab41a6b9e6206fb6f500f6bc3fcc2ce8f8b96daa0fae42149a2e0b80c5a509 to=127.0.0.1:60494
        t=2026-09-23T10:36:39+0200 lvl=warn msg="HOTSTUFF RECOVERY resend NewView"      number=270 viewID=0xb1ab41a6b9e6206fb6f500f6bc3fcc2ce8f8b96daa0fae42149a2e0b80c5a509 to=127.0.0.1:60494
        t=2026-09-23T10:36:44+0200 lvl=warn msg="HOTSTUFF RECOVERY resend NewView"      number=270 viewID=0xb1ab41a6b9e6206fb6f500f6bc3fcc2ce8f8b96daa0fae42149a2e0b80c5a509 to=127.0.0.1:60494
        t=2026-09-23T10:36:49+0200 lvl=warn msg="HOTSTUFF RECOVERY resend NewView"      number=270 viewID=0xb1ab41a6b9e6206fb6f500f6bc3fcc2ce8f8b96daa0fae42149a2e0b80c5a509 to=127.0.0.1:60494
        t=2026-09-23T10:36:51+0200 lvl=warn msg=GetBlockByNumer                         number=263
        t=2026-09-23T10:36:51+0200 lvl=info msg="HOTSTUFF PROPOSAL REF"                 number=270 viewID=0xb1ab41a6b9e6206fb6f500f6bc3fcc2ce8f8b96daa0fae42149a2e0b80c5a509 proposalID=0xa6760338686feedd2f868b5309fbb62c9be8ed36741dc814f7a1f567bc47aebd blockHash=0x9e7dcf6c2b5fa59988975c41a71f3937a46ae1946a3c871d22f70ae28a7a34d0 bodyHash=0x612ef512690a41129c778527d85e36d5731c4d9bc04663a901596a7fd273ca5f bodySize=4396  refBytes=446
        t=2026-09-23T10:36:52+0200 lvl=info msg="HOTSTUFF PROPOSAL MANIFEST stored"     from=127.0.0.1:40842 number=271 proposalID=0xcfa2ed5efdfc7606c8e00fe2d7abde3c303ec1b719d804685637721cc3edd802 manifestBytes=832  missing=0 bodyBytes=832
        t=2026-09-23T10:36:52+0200 lvl=info msg="HOTSTUFF PROPOSAL MANIFEST stored"     from=127.0.0.1:33646 number=272 proposalID=0xe7051dad827b1ecf6156a898272815fe757439730c666288643d3a0018422954 manifestBytes=1222 missing=0 bodyBytes=4396
        t=2026-09-23T10:36:53+0200 lvl=info msg="HOTSTUFF PROPOSAL MANIFEST stored"     from=127.0.0.1:33875 number=273 proposalID=0x5c5848251281ad14b1198adfadc7dcea92f9d302d4796b7a323bced580b74316 manifestBytes=832  missing=0 bodyBytes=832
        t=2026-09-23T10:36:56+0200 lvl=info msg="HOTSTUFF PROPOSAL MANIFEST stored"     from=127.0.0.1:33875 number=274 proposalID=0x632bd42daa5387cb5f8fe1c4a012afbc777ffdc47d57db9d9a0bd51f9b3b65a1 manifestBytes=1222 missing=0 bodyBytes=66237
        t=2026-09-23T10:36:57+0200 lvl=info msg="HOTSTUFF PROPOSAL MANIFEST stored"     from=127.0.0.1:33646 number=275 proposalID=0xc513553a71e9d7f7697b26c693e91c97fe63d53c22a252049f97fee4711a77cf manifestBytes=832  missing=0 bodyBytes=832
        t=2026-09-23T10:36:58+0200 lvl=warn msg=GetBlockByNumer                         number=263
        t=2026-09-23T10:36:58+0200 lvl=info msg="HOTSTUFF PROPOSAL REF"                 number=276 viewID=0xc8b32ad17ab3f71c0f207ee4d865e4b51542828fdc6ac800f70240d33d8cc6c3 proposalID=0x06b4596901f4d55d5dd02fd7ddb4a0957a5010fa1704d34ad71a832d762dfbb2 blockHash=0x4f65f642267310a804ff561edd84c8603167a779d7d34af2afac33a7886b9eba bodyHash=0x4c05cc1f0966539b79011ed5850a4c7e55c154899dd40a10f0c1a17aa1006e0c bodySize=66237 refBytes=447
        t=2026-09-23T10:36:58+0200 lvl=info msg="HOTSTUFF PROPOSAL MANIFEST stored"     from=127.0.0.1:53724 number=277 proposalID=0xf4213b47e42530c8a1c15850fed5ffc0d7bb7cfb36a1a26df2b848ba1e5007d3 manifestBytes=832  missing=0 bodyBytes=832
        t=2026-09-23T10:36:58+0200 lvl=warn msg="HandleConn drops connection: closed"   address=127.0.0.1:60494 remot=127.0.0.1:53724
        t=2026-09-23T10:36:58+0200 lvl=info msg="HOTSTUFF PROPOSAL MANIFEST stored"     from=127.0.0.1:53724 number=277 proposalID=0xf4213b47e42530c8a1c15850fed5ffc0d7bb7cfb36a1a26df2b848ba1e5007d3 manifestBytes=832  missing=0 bodyBytes=832
        t=2026-09-23T10:37:04+0200 lvl=warn msg="HOTSTUFF RECOVERY resend NewView"      number=278 viewID=0x2b65ecd2c80fb025ef223d849dc9553130ed7bf9b83c833e01d00b94b1fd4ad3 to=127.0.0.1:40842
        t=2026-09-23T10:37:08+0200 lvl=info msg="HOTSTUFF PROPOSAL MANIFEST stored"     from=127.0.0.1:40842 number=278 proposalID=0x576db138140f5d790987a958cce7b6d74ca97d921f58f2b4b4e0073ee05135af manifestBytes=1390 missing=0 bodyBytes=125407
        t=2026-09-23T10:37:08+0200 lvl=warn msg="HOTSTUFF PROPOSAL MANIFEST authority rejected" from=127.0.0.1:47082 leader=127.0.0.1:47082 number=279 proposalID=0x18f8207675277eaf405c0e417c0288c977850bd5f5f5570d77d6ede758c7ae70 err="proposal manifest does not match the current deterministic leader route: manifest key committee is already canonical but is not the current route"
        t=2026-09-23T10:37:09+0200 lvl=warn msg="HOTSTUFF RECOVERY resend NewView"      number=278 viewID=0x2b65ecd2c80fb025ef223d849dc9553130ed7bf9b83c833e01d00b94b1fd4ad3 to=127.0.0.1:40842
        t=2026-09-23T10:37:09+0200 lvl=info msg="HOTSTUFF PROPOSAL REPAIR REQUEST"      to=127.0.0.1:47082 number=279 proposalID=0x18f8207675277eaf405c0e417c0288c977850bd5f5f5570d77d6ede758c7ae70 missing=0 attempt=0
        t=2026-09-23T10:37:09+0200 lvl=info msg="HOTSTUFF PROPOSAL MANIFEST stored"     from=127.0.0.1:47082 number=279 proposalID=0x18f8207675277eaf405c0e417c0288c977850bd5f5f5570d77d6ede758c7ae70 manifestBytes=832  missing=0 bodyBytes=832
        t=2026-09-23T10:37:14+0200 lvl=warn msg="HOTSTUFF RECOVERY resend NewView"      number=280 viewID=0xcf7782f748d8db827f42fe01d992f2178957886b2ee5f6594ea6290e82095995 to=127.0.0.1:33875
        t=2026-09-23T10:37:16+0200 lvl=info msg="HOTSTUFF PROPOSAL MANIFEST stored"     from=127.0.0.1:33875 number=280 proposalID=0xc1e0a8dd2defeeb967ca0322534fea783d540d1a7028890d9ec5fc04a9b08ac7 manifestBytes=1222 missing=0 bodyBytes=63818
        t=2026-09-23T10:37:17+0200 lvl=info msg="HOTSTUFF PROPOSAL MANIFEST stored"     from=127.0.0.1:33875 number=281 proposalID=0xee1ace65236d7e65281ab583cbf4bc2fc85e4b5db79c240d12d2c56a9d7ef7df manifestBytes=1222 missing=0 bodyBytes=63818
        t=2026-09-23T10:37:17+0200 lvl=info msg="HOTSTUFF PROPOSAL MANIFEST stored"     from=127.0.0.1:40842 number=282 proposalID=0xa9bcaaf5ec7bd8c46ae18c5219cd2794610d96ba5e3e4a599126c696e3c37b2c manifestBytes=832  missing=0 bodyBytes=832
        t=2026-09-23T10:37:22+0200 lvl=warn msg="HOTSTUFF RECOVERY resend NewView"      number=283 viewID=0x777d3e9bdfe842ca9ff9f84b7020c6f4d28e46b03e491825a8ac38028337a0c7 to=127.0.0.1:40842
        t=2026-09-23T10:37:24+0200 lvl=info msg="HOTSTUFF PROPOSAL MANIFEST stored"     from=127.0.0.1:40842 number=283 proposalID=0x1bfb6a63d92874784dd5b6bb700b3c7ac17ec2d26be51a181f9785d0775473da manifestBytes=1222 missing=0 bodyBytes=63276
        t=2026-09-23T10:37:25+0200 lvl=info msg="HOTSTUFF PROPOSAL MANIFEST stored"     from=127.0.0.1:47082 number=284 proposalID=0x37b587b50360536fe32c3789533ad96f3b9b2ccb0380eb526d047f85329bbab2 manifestBytes=832  missing=0 bodyBytes=832
        t=2026-09-23T10:37:25+0200 lvl=warn msg="HandleConn drops connection: closed"   address=127.0.0.1:60494 remot=127.0.0.1:47082
        t=2026-09-23T10:37:25+0200 lvl=warn msg="HandleConn drops connection: closed"   address=127.0.0.1:60494 remot=127.0.0.1:47082
        t=2026-09-23T10:37:25+0200 lvl=info msg="HOTSTUFF PROPOSAL MANIFEST stored"     from=127.0.0.1:47082 number=285 proposalID=0x302891d74abef1efe61c3499d8e39f01cd0e0cfd47096cc5bbf9e3600216a8c7 manifestBytes=1222 missing=0 bodyBytes=63276
        t=2026-09-23T10:37:26+0200 lvl=info msg="HOTSTUFF PROPOSAL MANIFEST stored"     from=127.0.0.1:33646 number=286 proposalID=0x22ea061dee2a39e03550e332a1fb83e1b862cd1c582c2daa14049cb8cec3370f manifestBytes=832  missing=0 bodyBytes=832
        t=2026-09-23T10:37:31+0200 lvl=warn msg="HOTSTUFF RECOVERY resend NewView"      number=287 viewID=0xbb1f0f33279c7f422f41869cc44ebd89245f8eba287f792e3d931e3e4a6318f5 to=127.0.0.1:53724
    fhs_process_recovery_test.go:236: validator 1173420 complete log: /tmp/fhs-process-failure-4163461874.log
    fhs_process_recovery_test.go:241: validator 1173420 log tail:
        RECOVERY resend NewView"      number=261 viewID=0x992f5aa9e4d27ea739db008489b13cae3566e738fb582a7d68c23e36d670a1a6 to=127.0.0.1:33646
        t=2026-09-23T10:32:20+0200 lvl=warn msg="HOTSTUFF RECOVERY resend NewView"      number=261 viewID=0x992f5aa9e4d27ea739db008489b13cae3566e738fb582a7d68c23e36d670a1a6 to=127.0.0.1:33646
        t=2026-09-23T10:32:25+0200 lvl=warn msg="HOTSTUFF RECOVERY resend NewView"      number=261 viewID=0x992f5aa9e4d27ea739db008489b13cae3566e738fb582a7d68c23e36d670a1a6 to=127.0.0.1:33646
        t=2026-09-23T10:32:30+0200 lvl=warn msg="HOTSTUFF RECOVERY resend NewView"      number=261 viewID=0x992f5aa9e4d27ea739db008489b13cae3566e738fb582a7d68c23e36d670a1a6 to=127.0.0.1:33646
        t=2026-09-23T10:32:35+0200 lvl=warn msg="HOTSTUFF RECOVERY resend NewView"      number=261 viewID=0x992f5aa9e4d27ea739db008489b13cae3566e738fb582a7d68c23e36d670a1a6 to=127.0.0.1:33646
        t=2026-09-23T10:32:40+0200 lvl=warn msg="HOTSTUFF RECOVERY resend NewView"      number=261 viewID=0x992f5aa9e4d27ea739db008489b13cae3566e738fb582a7d68c23e36d670a1a6 to=127.0.0.1:33646
        t=2026-09-23T10:32:45+0200 lvl=warn msg="HOTSTUFF RECOVERY resend NewView"      number=261 viewID=0x992f5aa9e4d27ea739db008489b13cae3566e738fb582a7d68c23e36d670a1a6 to=127.0.0.1:33646
        t=2026-09-23T10:32:50+0200 lvl=warn msg="HOTSTUFF RECOVERY resend NewView"      number=261 viewID=0x992f5aa9e4d27ea739db008489b13cae3566e738fb582a7d68c23e36d670a1a6 to=127.0.0.1:33646
        t=2026-09-23T10:32:55+0200 lvl=warn msg="HOTSTUFF RECOVERY resend NewView"      number=261 viewID=0x992f5aa9e4d27ea739db008489b13cae3566e738fb582a7d68c23e36d670a1a6 to=127.0.0.1:33646
        t=2026-09-23T10:33:00+0200 lvl=warn msg="HOTSTUFF RECOVERY resend NewView"      number=261 viewID=0x992f5aa9e4d27ea739db008489b13cae3566e738fb582a7d68c23e36d670a1a6 to=127.0.0.1:33646
        t=2026-09-23T10:33:05+0200 lvl=warn msg="HOTSTUFF RECOVERY resend NewView"      number=261 viewID=0x992f5aa9e4d27ea739db008489b13cae3566e738fb582a7d68c23e36d670a1a6 to=127.0.0.1:33646
        t=2026-09-23T10:33:10+0200 lvl=warn msg="HOTSTUFF RECOVERY resend NewView"      number=261 viewID=0x992f5aa9e4d27ea739db008489b13cae3566e738fb582a7d68c23e36d670a1a6 to=127.0.0.1:33646
        t=2026-09-23T10:33:15+0200 lvl=warn msg="HOTSTUFF RECOVERY resend NewView"      number=261 viewID=0x992f5aa9e4d27ea739db008489b13cae3566e738fb582a7d68c23e36d670a1a6 to=127.0.0.1:33646
        t=2026-09-23T10:33:20+0200 lvl=warn msg="HOTSTUFF RECOVERY resend NewView"      number=261 viewID=0x992f5aa9e4d27ea739db008489b13cae3566e738fb582a7d68c23e36d670a1a6 to=127.0.0.1:33646
        t=2026-09-23T10:33:25+0200 lvl=warn msg="HOTSTUFF RECOVERY resend NewView"      number=261 viewID=0x992f5aa9e4d27ea739db008489b13cae3566e738fb582a7d68c23e36d670a1a6 to=127.0.0.1:33646
        t=2026-09-23T10:33:30+0200 lvl=warn msg="HOTSTUFF RECOVERY resend NewView"      number=261 viewID=0x992f5aa9e4d27ea739db008489b13cae3566e738fb582a7d68c23e36d670a1a6 to=127.0.0.1:33646
        t=2026-09-23T10:33:35+0200 lvl=warn msg="HOTSTUFF RECOVERY resend NewView"      number=261 viewID=0x992f5aa9e4d27ea739db008489b13cae3566e738fb582a7d68c23e36d670a1a6 to=127.0.0.1:33646
        t=2026-09-23T10:33:40+0200 lvl=warn msg="HOTSTUFF RECOVERY resend NewView"      number=261 viewID=0x992f5aa9e4d27ea739db008489b13cae3566e738fb582a7d68c23e36d670a1a6 to=127.0.0.1:33646
        t=2026-09-23T10:33:45+0200 lvl=warn msg="HOTSTUFF RECOVERY resend NewView"      number=261 viewID=0x992f5aa9e4d27ea739db008489b13cae3566e738fb582a7d68c23e36d670a1a6 to=127.0.0.1:33646
        t=2026-09-23T10:33:50+0200 lvl=warn msg="HOTSTUFF RECOVERY resend NewView"      number=261 viewID=0x992f5aa9e4d27ea739db008489b13cae3566e738fb582a7d68c23e36d670a1a6 to=127.0.0.1:33646
        t=2026-09-23T10:33:55+0200 lvl=info msg="HOTSTUFF PROPOSAL MANIFEST stored"     from=127.0.0.1:33646 number=261 proposalID=0xa741fdf0c52ea86e42d62b7401d7b2f64407bbf2ea01fae3fdc41bb5cbe23ce0 manifestBytes=1219 missing=0 bodyBytes=1292
        t=2026-09-23T10:33:55+0200 lvl=info msg="HOTSTUFF PROPOSAL MANIFEST stored"     from=127.0.0.1:53724 number=262 proposalID=0xcb40e19f93b5260f91cbea0477c3d3b2ac739fb0b8786ef9a78e64f8478efe96 manifestBytes=832  missing=0 bodyBytes=832
        t=2026-09-23T10:33:55+0200 lvl=warn msg=GetBlockByNumer                         number=1
        t=2026-09-23T10:34:00+0200 lvl=warn msg="HOTSTUFF RECOVERY resend NewView"      number=263 viewID=0xb85da1e6d446abebc36167946b39aeadfce4bdcb5e1df722ad9a661be27300b8 to=127.0.0.1:60494
        t=2026-09-23T10:34:05+0200 lvl=warn msg="HOTSTUFF RECOVERY resend NewView"      number=263 viewID=0xb85da1e6d446abebc36167946b39aeadfce4bdcb5e1df722ad9a661be27300b8 to=127.0.0.1:60494
        t=2026-09-23T10:34:10+0200 lvl=warn msg="HOTSTUFF RECOVERY resend NewView"      number=263 viewID=0xb85da1e6d446abebc36167946b39aeadfce4bdcb5e1df722ad9a661be27300b8 to=127.0.0.1:60494
        t=2026-09-23T10:34:15+0200 lvl=warn msg="HOTSTUFF RECOVERY resend NewView"      number=263 viewID=0xb85da1e6d446abebc36167946b39aeadfce4bdcb5e1df722ad9a661be27300b8 to=127.0.0.1:60494
        t=2026-09-23T10:34:20+0200 lvl=warn msg="HOTSTUFF RECOVERY resend NewView"      number=263 viewID=0xb85da1e6d446abebc36167946b39aeadfce4bdcb5e1df722ad9a661be27300b8 to=127.0.0.1:60494
        t=2026-09-23T10:34:25+0200 lvl=warn msg="HOTSTUFF RECOVERY resend NewView"      number=263 viewID=0xb85da1e6d446abebc36167946b39aeadfce4bdcb5e1df722ad9a661be27300b8 to=127.0.0.1:60494
        t=2026-09-23T10:34:30+0200 lvl=warn msg="HOTSTUFF RECOVERY resend NewView"      number=263 viewID=0xb85da1e6d446abebc36167946b39aeadfce4bdcb5e1df722ad9a661be27300b8 to=127.0.0.1:60494
        t=2026-09-23T10:34:35+0200 lvl=warn msg="HOTSTUFF RECOVERY resend NewView"      number=263 viewID=0xb85da1e6d446abebc36167946b39aeadfce4bdcb5e1df722ad9a661be27300b8 to=127.0.0.1:60494
        t=2026-09-23T10:34:40+0200 lvl=warn msg="HOTSTUFF RECOVERY resend NewView"      number=263 viewID=0xb85da1e6d446abebc36167946b39aeadfce4bdcb5e1df722ad9a661be27300b8 to=127.0.0.1:60494
        t=2026-09-23T10:34:45+0200 lvl=warn msg="HOTSTUFF RECOVERY resend NewView"      number=263 viewID=0xb85da1e6d446abebc36167946b39aeadfce4bdcb5e1df722ad9a661be27300b8 to=127.0.0.1:60494
        t=2026-09-23T10:34:50+0200 lvl=warn msg="HOTSTUFF RECOVERY resend NewView"      number=263 viewID=0xb85da1e6d446abebc36167946b39aeadfce4bdcb5e1df722ad9a661be27300b8 to=127.0.0.1:60494
        t=2026-09-23T10:34:55+0200 lvl=warn msg="HOTSTUFF RECOVERY resend NewView"      number=263 viewID=0xb85da1e6d446abebc36167946b39aeadfce4bdcb5e1df722ad9a661be27300b8 to=127.0.0.1:60494
        t=2026-09-23T10:35:00+0200 lvl=warn msg="HOTSTUFF RECOVERY resend NewView"      number=263 viewID=0xb85da1e6d446abebc36167946b39aeadfce4bdcb5e1df722ad9a661be27300b8 to=127.0.0.1:60494
        t=2026-09-23T10:35:05+0200 lvl=warn msg="HOTSTUFF RECOVERY resend NewView"      number=263 viewID=0xb85da1e6d446abebc36167946b39aeadfce4bdcb5e1df722ad9a661be27300b8 to=127.0.0.1:60494
        t=2026-09-23T10:35:10+0200 lvl=warn msg="HOTSTUFF RECOVERY resend NewView"      number=263 viewID=0xb85da1e6d446abebc36167946b39aeadfce4bdcb5e1df722ad9a661be27300b8 to=127.0.0.1:60494
        t=2026-09-23T10:35:15+0200 lvl=warn msg="HOTSTUFF RECOVERY resend NewView"      number=263 viewID=0xb85da1e6d446abebc36167946b39aeadfce4bdcb5e1df722ad9a661be27300b8 to=127.0.0.1:60494
        t=2026-09-23T10:35:20+0200 lvl=warn msg="HOTSTUFF RECOVERY resend NewView"      number=263 viewID=0xb85da1e6d446abebc36167946b39aeadfce4bdcb5e1df722ad9a661be27300b8 to=127.0.0.1:60494
        t=2026-09-23T10:35:25+0200 lvl=warn msg="HOTSTUFF RECOVERY resend NewView"      number=263 viewID=0xb85da1e6d446abebc36167946b39aeadfce4bdcb5e1df722ad9a661be27300b8 to=127.0.0.1:60494
        t=2026-09-23T10:35:30+0200 lvl=warn msg="HOTSTUFF RECOVERY resend NewView"      number=263 viewID=0xb85da1e6d446abebc36167946b39aeadfce4bdcb5e1df722ad9a661be27300b8 to=127.0.0.1:60494
        t=2026-09-23T10:35:35+0200 lvl=warn msg="HOTSTUFF RECOVERY resend NewView"      number=263 viewID=0xb85da1e6d446abebc36167946b39aeadfce4bdcb5e1df722ad9a661be27300b8 to=127.0.0.1:60494
        t=2026-09-23T10:35:37+0200 lvl=warn msg="fixed-mode keyblock start-new-view wakeup" reason=hotstuff-maintenance currentBlock=261 currentKey=0 oldLeaderIndex=3 oldNoDone=true leaderIndex=3 noDone=false round=0 viewAge=19.428745ms isLeader=false candidateReady=false pendingTotal=0 fastPending=0 slowPending=0
        t=2026-09-23T10:35:39+0200 lvl=warn msg="fixed-mode keyblock start-new-view wakeup" reason=hotstuff-maintenance currentBlock=261 currentKey=0 oldLeaderIndex=3 oldNoDone=false leaderIndex=3 noDone=false round=0 viewAge=2.019434195s isLeader=false candidateReady=false pendingTotal=0 fastPending=0 slowPending=0
        t=2026-09-23T10:35:40+0200 lvl=warn msg="HandleConn drops connection: closed"   address=127.0.0.1:47082 remot=127.0.0.1:60494
        t=2026-09-23T10:35:40+0200 lvl=eror msg="OnPropose wait proposal body"          number=263 proposalID=0x434151c933855b4c1863a9400270bd9aa9c80416418c264629d295b28e6057f5 err="hotstuff view state too old"
        t=2026-09-23T10:35:41+0200 lvl=warn msg="fixed-mode keyblock start-new-view wakeup" reason=hotstuff-maintenance currentBlock=261 currentKey=0 oldLeaderIndex=3 oldNoDone=false leaderIndex=3 noDone=false round=0 viewAge=4.019435437s isLeader=false candidateReady=false pendingTotal=0 fastPending=0 slowPending=0
        t=2026-09-23T10:35:41+0200 lvl=warn msg="HOTSTUFF PROPOSAL MANIFEST authority rejected" from=127.0.0.1:33646 leader=127.0.0.1:33646 number=264 proposalID=0x4dae802658459438cdb0c309d72133988e65b185921168c8180c2e11203eec73 err="proposal manifest does not match the current deterministic leader route: manifest key committee is already canonical but is not the current route"
        t=2026-09-23T10:35:41+0200 lvl=info msg="HOTSTUFF PROPOSAL REPAIR REQUEST"      to=127.0.0.1:60494 number=263 proposalID=0x434151c933855b4c1863a9400270bd9aa9c80416418c264629d295b28e6057f5 missing=0 attempt=0
        t=2026-09-23T10:35:41+0200 lvl=info msg="HOTSTUFF PROPOSAL MANIFEST stored"     from=127.0.0.1:60494 number=263 proposalID=0x434151c933855b4c1863a9400270bd9aa9c80416418c264629d295b28e6057f5 manifestBytes=1308 missing=0 bodyBytes=1308
        t=2026-09-23T10:35:41+0200 lvl=warn msg=ReadCommittee                           read data is empty=
        t=2026-09-23T10:35:41+0200 lvl=warn msg="HotStuff message rejected"             from=127.0.0.1:33875 code=MsgPrepare    number=265 viewID=0x8679e82967273812ea1d7a9751d956111aa48c198af5f68dc643c6c5b964babc err="hotstuff invalid leader view"
        t=2026-09-23T10:35:41+0200 lvl=warn msg="HOTSTUFF PROPOSAL BODY sender rejected" from=127.0.0.1:33875 number=265 proposalID=0xd11e624ab0d49ed8037cbb021e37bce274f9311391aa542d508db3192d926136 err="proposal sidecar committee T\x11\xf5\xaa\x8c\xe6H\xc52\xa5\xf6\xe59\x8e!%\xd4\xd1\x14~\xe8N\x9e\xa6\x84 \x8aQ\xef\x84I\xef is unavailable: committee T\x11\xf5\xaa\x8c\xe6H\xc52\xa5\xf6\xe59\x8e!%\xd4\xd1\x14~\xe8N\x9e\xa6\x84 \x8aQ\xef\x84I\xef is unavailable from the key chain and certified pipeline"
        t=2026-09-23T10:35:41+0200 lvl=info msg="HOTSTUFF PROPOSAL REPAIR REQUEST"       to=127.0.0.1:33646 number=264 proposalID=0x4dae802658459438cdb0c309d72133988e65b185921168c8180c2e11203eec73 missing=0 attempt=0
        t=2026-09-23T10:35:41+0200 lvl=info msg="HOTSTUFF PROPOSAL MANIFEST stored"      from=127.0.0.1:33646 number=264 proposalID=0x4dae802658459438cdb0c309d72133988e65b185921168c8180c2e11203eec73 manifestBytes=832  missing=0 bodyBytes=832
        t=2026-09-23T10:35:41+0200 lvl=info msg="HOTSTUFF PROPOSAL REPAIR REQUEST"       to=127.0.0.1:33875 number=265 proposalID=0xd11e624ab0d49ed8037cbb021e37bce274f9311391aa542d508db3192d926136 missing=0 attempt=0
        t=2026-09-23T10:35:41+0200 lvl=info msg="HOTSTUFF PROPOSAL MANIFEST stored"      from=127.0.0.1:33875 number=265 proposalID=0xd11e624ab0d49ed8037cbb021e37bce274f9311391aa542d508db3192d926136 manifestBytes=832  missing=0 bodyBytes=832
        t=2026-09-23T10:35:41+0200 lvl=warn msg=GetBlockByNumer                          number=1
        t=2026-09-23T10:35:41+0200 lvl=warn msg=GetBlockByNumer                          number=1
        t=2026-09-23T10:35:41+0200 lvl=warn msg=GetBlockByNumer                          number=264
        t=2026-09-23T10:35:42+0200 lvl=info msg="HOTSTUFF PROPOSAL MANIFEST stored"      from=127.0.0.1:60494 number=266 proposalID=0x8c04497958f2c87b256bfbab6256fbf58c0a3690a5573d5cd93759facdb42e8c manifestBytes=1221 missing=0 bodyBytes=1316
        t=2026-09-23T10:35:42+0200 lvl=info msg="HOTSTUFF PROPOSAL MANIFEST stored"      from=127.0.0.1:33646 number=267 proposalID=0xf134e4f63691ca113a6877cc5c750b611d10e61cc8cb039202894f981a5c0c82 manifestBytes=832  missing=0 bodyBytes=832
        t=2026-09-23T10:35:42+0200 lvl=warn msg="HandleConn drops connection: closed"    address=127.0.0.1:47082 remot=127.0.0.1:33646
        t=2026-09-23T10:35:43+0200 lvl=warn msg=GetBlockByNumer                          number=1
        t=2026-09-23T10:35:43+0200 lvl=warn msg=GetBlockByNumer                          number=1
        t=2026-09-23T10:35:43+0200 lvl=info msg="HOTSTUFF PROPOSAL MANIFEST stored"      from=127.0.0.1:33875 number=268 proposalID=0x66e1e5fd1b1b8bd9db3b3a3d25c1cfcd907d6301b50c1ac6ddffc6a9425d1b3a manifestBytes=1221 missing=0 bodyBytes=1316
        t=2026-09-23T10:35:43+0200 lvl=info msg="HOTSTUFF PROPOSAL MANIFEST stored"      from=127.0.0.1:40842 number=269 proposalID=0x213231c1a32934b311e265894ced96defead68b1f965f80c50b22d97fef05823 manifestBytes=832  missing=0 bodyBytes=832
        t=2026-09-23T10:35:44+0200 lvl=warn msg=GetBlockByNumer                          number=1
        t=2026-09-23T10:35:49+0200 lvl=warn msg="HOTSTUFF RECOVERY resend NewView"       number=270 viewID=0xb1ab41a6b9e6206fb6f500f6bc3fcc2ce8f8b96daa0fae42149a2e0b80c5a509 to=127.0.0.1:60494
        t=2026-09-23T10:35:54+0200 lvl=warn msg="HOTSTUFF RECOVERY resend NewView"       number=270 viewID=0xb1ab41a6b9e6206fb6f500f6bc3fcc2ce8f8b96daa0fae42149a2e0b80c5a509 to=127.0.0.1:60494
        t=2026-09-23T10:35:59+0200 lvl=warn msg="HOTSTUFF RECOVERY resend NewView"       number=270 viewID=0xb1ab41a6b9e6206fb6f500f6bc3fcc2ce8f8b96daa0fae42149a2e0b80c5a509 to=127.0.0.1:60494
        t=2026-09-23T10:36:04+0200 lvl=warn msg="HOTSTUFF RECOVERY resend NewView"       number=270 viewID=0xb1ab41a6b9e6206fb6f500f6bc3fcc2ce8f8b96daa0fae42149a2e0b80c5a509 to=127.0.0.1:60494
        t=2026-09-23T10:36:09+0200 lvl=warn msg="HOTSTUFF RECOVERY resend NewView"       number=270 viewID=0xb1ab41a6b9e6206fb6f500f6bc3fcc2ce8f8b96daa0fae42149a2e0b80c5a509 to=127.0.0.1:60494
        t=2026-09-23T10:36:14+0200 lvl=warn msg="HOTSTUFF RECOVERY resend NewView"       number=270 viewID=0xb1ab41a6b9e6206fb6f500f6bc3fcc2ce8f8b96daa0fae42149a2e0b80c5a509 to=127.0.0.1:60494
        t=2026-09-23T10:36:19+0200 lvl=warn msg="HOTSTUFF RECOVERY resend NewView"       number=270 viewID=0xb1ab41a6b9e6206fb6f500f6bc3fcc2ce8f8b96daa0fae42149a2e0b80c5a509 to=127.0.0.1:60494
        t=2026-09-23T10:36:24+0200 lvl=warn msg="HOTSTUFF RECOVERY resend NewView"       number=270 viewID=0xb1ab41a6b9e6206fb6f500f6bc3fcc2ce8f8b96daa0fae42149a2e0b80c5a509 to=127.0.0.1:60494
        t=2026-09-23T10:36:29+0200 lvl=warn msg="HOTSTUFF RECOVERY resend NewView"       number=270 viewID=0xb1ab41a6b9e6206fb6f500f6bc3fcc2ce8f8b96daa0fae42149a2e0b80c5a509 to=127.0.0.1:60494
        t=2026-09-23T10:36:34+0200 lvl=warn msg="HOTSTUFF RECOVERY resend NewView"       number=270 viewID=0xb1ab41a6b9e6206fb6f500f6bc3fcc2ce8f8b96daa0fae42149a2e0b80c5a509 to=127.0.0.1:60494
        t=2026-09-23T10:36:39+0200 lvl=warn msg="HOTSTUFF RECOVERY resend NewView"       number=270 viewID=0xb1ab41a6b9e6206fb6f500f6bc3fcc2ce8f8b96daa0fae42149a2e0b80c5a509 to=127.0.0.1:60494
        t=2026-09-23T10:36:44+0200 lvl=warn msg="HOTSTUFF RECOVERY resend NewView"       number=270 viewID=0xb1ab41a6b9e6206fb6f500f6bc3fcc2ce8f8b96daa0fae42149a2e0b80c5a509 to=127.0.0.1:60494
        t=2026-09-23T10:36:49+0200 lvl=warn msg="HOTSTUFF RECOVERY resend NewView"       number=270 viewID=0xb1ab41a6b9e6206fb6f500f6bc3fcc2ce8f8b96daa0fae42149a2e0b80c5a509 to=127.0.0.1:60494
        t=2026-09-23T10:36:51+0200 lvl=info msg="HOTSTUFF PROPOSAL MANIFEST stored"      from=127.0.0.1:60494 number=270 proposalID=0xa6760338686feedd2f868b5309fbb62c9be8ed36741dc814f7a1f567bc47aebd manifestBytes=1222 missing=0 bodyBytes=4396
        t=2026-09-23T10:36:52+0200 lvl=info msg="HOTSTUFF PROPOSAL MANIFEST stored"      from=127.0.0.1:40842 number=271 proposalID=0xcfa2ed5efdfc7606c8e00fe2d7abde3c303ec1b719d804685637721cc3edd802 manifestBytes=832  missing=0 bodyBytes=832
        t=2026-09-23T10:36:52+0200 lvl=info msg="HOTSTUFF PROPOSAL MANIFEST stored"      from=127.0.0.1:33646 number=272 proposalID=0xe7051dad827b1ecf6156a898272815fe757439730c666288643d3a0018422954 manifestBytes=1222 missing=0 bodyBytes=4396
        t=2026-09-23T10:36:53+0200 lvl=info msg="HOTSTUFF PROPOSAL MANIFEST stored"      from=127.0.0.1:33875 number=273 proposalID=0x5c5848251281ad14b1198adfadc7dcea92f9d302d4796b7a323bced580b74316 manifestBytes=832  missing=0 bodyBytes=832
        t=2026-09-23T10:36:56+0200 lvl=info msg="HOTSTUFF PROPOSAL MANIFEST stored"      from=127.0.0.1:33875 number=274 proposalID=0x632bd42daa5387cb5f8fe1c4a012afbc777ffdc47d57db9d9a0bd51f9b3b65a1 manifestBytes=1222 missing=0 bodyBytes=66237
        t=2026-09-23T10:36:56+0200 lvl=info msg="HOTSTUFF PROPOSAL MANIFEST stored"      from=127.0.0.1:33875 number=274 proposalID=0x632bd42daa5387cb5f8fe1c4a012afbc777ffdc47d57db9d9a0bd51f9b3b65a1 manifestBytes=1222 missing=0 bodyBytes=66237
        t=2026-09-23T10:36:56+0200 lvl=warn msg="HandleConn drops connection: closed"    address=127.0.0.1:47082 remot=127.0.0.1:33875
        t=2026-09-23T10:36:57+0200 lvl=info msg="HOTSTUFF PROPOSAL MANIFEST stored"      from=127.0.0.1:33646 number=275 proposalID=0xc513553a71e9d7f7697b26c693e91c97fe63d53c22a252049f97fee4711a77cf manifestBytes=832  missing=0 bodyBytes=832
        t=2026-09-23T10:36:58+0200 lvl=info msg="HOTSTUFF PROPOSAL MANIFEST stored"      from=127.0.0.1:60494 number=276 proposalID=0x06b4596901f4d55d5dd02fd7ddb4a0957a5010fa1704d34ad71a832d762dfbb2 manifestBytes=1222 missing=0 bodyBytes=66237
        t=2026-09-23T10:36:58+0200 lvl=info msg="HOTSTUFF PROPOSAL MANIFEST stored"      from=127.0.0.1:53724 number=277 proposalID=0xf4213b47e42530c8a1c15850fed5ffc0d7bb7cfb36a1a26df2b848ba1e5007d3 manifestBytes=832  missing=0 bodyBytes=832
        t=2026-09-23T10:37:04+0200 lvl=warn msg="HOTSTUFF RECOVERY resend NewView"       number=278 viewID=0x2b65ecd2c80fb025ef223d849dc9553130ed7bf9b83c833e01d00b94b1fd4ad3 to=127.0.0.1:40842
        t=2026-09-23T10:37:08+0200 lvl=info msg="HOTSTUFF PROPOSAL MANIFEST stored"      from=127.0.0.1:40842 number=278 proposalID=0x576db138140f5d790987a958cce7b6d74ca97d921f58f2b4b4e0073ee05135af manifestBytes=1390 missing=0 bodyBytes=125407
        t=2026-09-23T10:37:08+0200 lvl=warn msg=GetBlockByNumer                          number=263
        t=2026-09-23T10:37:08+0200 lvl=info msg="HOTSTUFF PROPOSAL REF"                  number=279 viewID=0xd7b212935f993ed2cacf9579dfb51d9704322360b3e6267f8d120dbdcbc3f38d proposalID=0x18f8207675277eaf405c0e417c0288c977850bd5f5f5570d77d6ede758c7ae70 blockHash=0x5779769eb1dc5a20818a15cf92ad5e3507c73a1d53b9a9b93c45796d473c6d74 bodyHash=0x32bb702b0748abe77ad745f5496a1aad1b9669b6a599dec1215a9d2475b61a7c bodySize=832  refBytes=443
        t=2026-09-23T10:37:14+0200 lvl=warn msg="HOTSTUFF RECOVERY resend NewView"       number=280 viewID=0xcf7782f748d8db827f42fe01d992f2178957886b2ee5f6594ea6290e82095995 to=127.0.0.1:33875
        t=2026-09-23T10:37:16+0200 lvl=info msg="HOTSTUFF PROPOSAL MANIFEST stored"      from=127.0.0.1:33875 number=280 proposalID=0xc1e0a8dd2defeeb967ca0322534fea783d540d1a7028890d9ec5fc04a9b08ac7 manifestBytes=1222 missing=0 bodyBytes=63818
        t=2026-09-23T10:37:17+0200 lvl=info msg="HOTSTUFF PROPOSAL MANIFEST stored"      from=127.0.0.1:33875 number=281 proposalID=0xee1ace65236d7e65281ab583cbf4bc2fc85e4b5db79c240d12d2c56a9d7ef7df manifestBytes=1222 missing=0 bodyBytes=63818
        t=2026-09-23T10:37:17+0200 lvl=info msg="HOTSTUFF PROPOSAL MANIFEST stored"      from=127.0.0.1:40842 number=282 proposalID=0xa9bcaaf5ec7bd8c46ae18c5219cd2794610d96ba5e3e4a599126c696e3c37b2c manifestBytes=832  missing=0 bodyBytes=832
        t=2026-09-23T10:37:22+0200 lvl=warn msg="HOTSTUFF RECOVERY resend NewView"       number=283 viewID=0x777d3e9bdfe842ca9ff9f84b7020c6f4d28e46b03e491825a8ac38028337a0c7 to=127.0.0.1:40842
        t=2026-09-23T10:37:24+0200 lvl=info msg="HOTSTUFF PROPOSAL MANIFEST stored"      from=127.0.0.1:40842 number=283 proposalID=0x1bfb6a63d92874784dd5b6bb700b3c7ac17ec2d26be51a181f9785d0775473da manifestBytes=1222 missing=0 bodyBytes=63276
        t=2026-09-23T10:37:25+0200 lvl=warn msg="reject new-view before storage"         from=127.0.0.1:53724 viewID=0xa252ebd5aa191995380953f06c426a2df0ec36ed00a40f2bfad44c1625a40598 err="hotstuff proposal validation pending"
        t=2026-09-23T10:37:25+0200 lvl=warn msg=GetBlockByNumer                          number=263
        t=2026-09-23T10:37:25+0200 lvl=info msg="HOTSTUFF PROPOSAL REF"                  number=284 viewID=0xa252ebd5aa191995380953f06c426a2df0ec36ed00a40f2bfad44c1625a40598 proposalID=0x37b587b50360536fe32c3789533ad96f3b9b2ccb0380eb526d047f85329bbab2 blockHash=0x1b8a47786f2107918ddf30668fab0e0d512dd21faaebab2bfd492557bc2345e9 bodyHash=0xffdee72f04df434cd07606c711319b3071ac12257e1b60aab27c80713d384370 bodySize=832  refBytes=443
        t=2026-09-23T10:37:25+0200 lvl=warn msg="Send msg try again"                     address=[::]:47082      Couldn't send to=127.0.0.1:53724 error="Operation Canceled"
        t=2026-09-23T10:37:25+0200 lvl=warn msg="Send msg try again"                     address=[::]:47082      Couldn't send to=127.0.0.1:33875 error="Operation Canceled"
        t=2026-09-23T10:37:25+0200 lvl=warn msg="Send msg try again"                     address=[::]:47082      Couldn't send to=127.0.0.1:60494 error="Operation Canceled"
        t=2026-09-23T10:37:25+0200 lvl=eror msg=CloseConnect                             =[::]:47082 having error closing conn to=127.0.0.1:53724 error="Connection Closed"
        t=2026-09-23T10:37:25+0200 lvl=eror msg=CloseConnect                             =[::]:47082 having error closing conn to=127.0.0.1:59627 error="Connection Closed"
        t=2026-09-23T10:37:25+0200 lvl=eror msg=CloseConnect                             =[::]:47082 having error closing conn to=127.0.0.1:33640 error="Connection Closed"
        t=2026-09-23T10:37:25+0200 lvl=warn msg=SendRawData                              couldn't send to=127.0.0.1:60494 error="Operation Canceled"
        t=2026-09-23T10:37:25+0200 lvl=eror msg=CloseConnect                             =[::]:47082 having error closing conn to=127.0.0.1:60494 error="Connection Closed"
        t=2026-09-23T10:37:25+0200 lvl=warn msg="HotStuff message rejected"              from=                code=MsgTryPropose number=0   viewID=0x0000000000000000000000000000000000000000000000000000000000000000 err="hotstuff invalid leader view"
        t=2026-09-23T10:37:25+0200 lvl=warn msg="reject new-view before storage"         from=127.0.0.1:33646 viewID=0xa252ebd5aa191995380953f06c426a2df0ec36ed00a40f2bfad44c1625a40598 err="hotstuff view state too old"
        t=2026-09-23T10:37:25+0200 lvl=warn msg="reject new-view before storage"         from=127.0.0.1:33875 viewID=0xa252ebd5aa191995380953f06c426a2df0ec36ed00a40f2bfad44c1625a40598 err="hotstuff view state too old"
        t=2026-09-23T10:37:25+0200 lvl=warn msg=GetBlockByNumer                          number=263
        t=2026-09-23T10:37:25+0200 lvl=info msg="HOTSTUFF PROPOSAL REF"                  number=285 viewID=0xdbdde60174f01940e966a5cd67e541fa84758108dae3c18125a7dd24197328a0 proposalID=0x302891d74abef1efe61c3499d8e39f01cd0e0cfd47096cc5bbf9e3600216a8c7 blockHash=0xad32e89008731f1737eec7ccb3292ca0896f862287342073917c8253d7215206 bodyHash=0x39d60754218f17b034bbebae7417a7ae16cbfe9d03e84e04bdd0869a13704af4 bodySize=63276 refBytes=446
        t=2026-09-23T10:37:26+0200 lvl=warn msg="reject new-view before storage"         from=127.0.0.1:33646 viewID=0xdbdde60174f01940e966a5cd67e541fa84758108dae3c18125a7dd24197328a0 err="hotstuff view state too old"
        t=2026-09-23T10:37:26+0200 lvl=info msg="HOTSTUFF PROPOSAL MANIFEST stored"      from=127.0.0.1:33646 number=286 proposalID=0x22ea061dee2a39e03550e332a1fb83e1b862cd1c582c2daa14049cb8cec3370f manifestBytes=832  missing=0 bodyBytes=832
        t=2026-09-23T10:37:31+0200 lvl=warn msg="HOTSTUFF RECOVERY resend NewView"       number=287 viewID=0xbb1f0f33279c7f422f41869cc44ebd89245f8eba287f792e3d931e3e4a6318f5 to=127.0.0.1:53724
    fhs_process_recovery_test.go:236: validator 1173414 complete log: /tmp/fhs-process-failure-1981052991.log
    fhs_process_recovery_test.go:241: validator 1173414 log tail:
        ECOVERY resend NewView"      number=259 viewID=0xb439cedddd941b05f246fa3c504be8aafcefe3a296d47cbb7541da133b17e11a to=127.0.0.1:60494
        t=2026-09-23T10:30:30+0200 lvl=warn msg="HOTSTUFF RECOVERY resend NewView"      number=259 viewID=0xb439cedddd941b05f246fa3c504be8aafcefe3a296d47cbb7541da133b17e11a to=127.0.0.1:60494
        t=2026-09-23T10:30:35+0200 lvl=warn msg="HOTSTUFF RECOVERY resend NewView"      number=259 viewID=0xb439cedddd941b05f246fa3c504be8aafcefe3a296d47cbb7541da133b17e11a to=127.0.0.1:60494
        t=2026-09-23T10:30:40+0200 lvl=warn msg="HOTSTUFF RECOVERY resend NewView"      number=259 viewID=0xb439cedddd941b05f246fa3c504be8aafcefe3a296d47cbb7541da133b17e11a to=127.0.0.1:60494
        t=2026-09-23T10:30:45+0200 lvl=warn msg="HOTSTUFF RECOVERY resend NewView"      number=259 viewID=0xb439cedddd941b05f246fa3c504be8aafcefe3a296d47cbb7541da133b17e11a to=127.0.0.1:60494
        t=2026-09-23T10:30:50+0200 lvl=warn msg="HOTSTUFF RECOVERY resend NewView"      number=259 viewID=0xb439cedddd941b05f246fa3c504be8aafcefe3a296d47cbb7541da133b17e11a to=127.0.0.1:60494
        t=2026-09-23T10:30:55+0200 lvl=warn msg="HOTSTUFF RECOVERY resend NewView"      number=259 viewID=0xb439cedddd941b05f246fa3c504be8aafcefe3a296d47cbb7541da133b17e11a to=127.0.0.1:60494
        t=2026-09-23T10:31:00+0200 lvl=warn msg="HOTSTUFF RECOVERY resend NewView"      number=259 viewID=0xb439cedddd941b05f246fa3c504be8aafcefe3a296d47cbb7541da133b17e11a to=127.0.0.1:60494
        t=2026-09-23T10:31:05+0200 lvl=warn msg="HOTSTUFF RECOVERY resend NewView"      number=259 viewID=0xb439cedddd941b05f246fa3c504be8aafcefe3a296d47cbb7541da133b17e11a to=127.0.0.1:60494
        t=2026-09-23T10:31:10+0200 lvl=warn msg="HOTSTUFF RECOVERY resend NewView"      number=259 viewID=0xb439cedddd941b05f246fa3c504be8aafcefe3a296d47cbb7541da133b17e11a to=127.0.0.1:60494
        t=2026-09-23T10:31:15+0200 lvl=warn msg="HOTSTUFF RECOVERY resend NewView"      number=259 viewID=0xb439cedddd941b05f246fa3c504be8aafcefe3a296d47cbb7541da133b17e11a to=127.0.0.1:60494
        t=2026-09-23T10:31:20+0200 lvl=warn msg="HOTSTUFF RECOVERY resend NewView"      number=259 viewID=0xb439cedddd941b05f246fa3c504be8aafcefe3a296d47cbb7541da133b17e11a to=127.0.0.1:60494
        t=2026-09-23T10:31:25+0200 lvl=warn msg="HOTSTUFF RECOVERY resend NewView"      number=259 viewID=0xb439cedddd941b05f246fa3c504be8aafcefe3a296d47cbb7541da133b17e11a to=127.0.0.1:60494
        t=2026-09-23T10:31:30+0200 lvl=warn msg="HOTSTUFF RECOVERY resend NewView"      number=259 viewID=0xb439cedddd941b05f246fa3c504be8aafcefe3a296d47cbb7541da133b17e11a to=127.0.0.1:60494
        t=2026-09-23T10:31:35+0200 lvl=warn msg="HOTSTUFF RECOVERY resend NewView"      number=259 viewID=0xb439cedddd941b05f246fa3c504be8aafcefe3a296d47cbb7541da133b17e11a to=127.0.0.1:60494
        t=2026-09-23T10:31:40+0200 lvl=warn msg="HOTSTUFF RECOVERY resend NewView"      number=259 viewID=0xb439cedddd941b05f246fa3c504be8aafcefe3a296d47cbb7541da133b17e11a to=127.0.0.1:60494
        t=2026-09-23T10:31:45+0200 lvl=warn msg="HOTSTUFF RECOVERY resend NewView"      number=259 viewID=0xb439cedddd941b05f246fa3c504be8aafcefe3a296d47cbb7541da133b17e11a to=127.0.0.1:60494
        t=2026-09-23T10:31:50+0200 lvl=warn msg="HOTSTUFF RECOVERY resend NewView"      number=259 viewID=0xb439cedddd941b05f246fa3c504be8aafcefe3a296d47cbb7541da133b17e11a to=127.0.0.1:60494
        t=2026-09-23T10:31:54+0200 lvl=info msg="HOTSTUFF PROPOSAL MANIFEST stored"     from=127.0.0.1:60494 number=259 proposalID=0x9fc2b9cf4e21aa48be1ee94521f4309bbbaaf8fa037ce19f6deee6205d0ded82 manifestBytes=1219 missing=0 bodyBytes=1292
        t=2026-09-23T10:31:55+0200 lvl=info msg="HOTSTUFF PROPOSAL MANIFEST stored"     from=127.0.0.1:47082 number=260 proposalID=0x14ce255e30a5a3791fb5568aec204fada917896f2545219933b87e9f0cb42e3f manifestBytes=832  missing=0 bodyBytes=832
        t=2026-09-23T10:31:55+0200 lvl=warn msg=GetBlockByNumer                         number=1
        t=2026-09-23T10:32:00+0200 lvl=warn msg="HOTSTUFF RECOVERY resend NewView"      number=261 viewID=0x992f5aa9e4d27ea739db008489b13cae3566e738fb582a7d68c23e36d670a1a6 to=127.0.0.1:33646
        t=2026-09-23T10:32:05+0200 lvl=warn msg="HOTSTUFF RECOVERY resend NewView"      number=261 viewID=0x992f5aa9e4d27ea739db008489b13cae3566e738fb582a7d68c23e36d670a1a6 to=127.0.0.1:33646
        t=2026-09-23T10:32:10+0200 lvl=warn msg="HOTSTUFF RECOVERY resend NewView"      number=261 viewID=0x992f5aa9e4d27ea739db008489b13cae3566e738fb582a7d68c23e36d670a1a6 to=127.0.0.1:33646
        t=2026-09-23T10:32:15+0200 lvl=warn msg="HOTSTUFF RECOVERY resend NewView"      number=261 viewID=0x992f5aa9e4d27ea739db008489b13cae3566e738fb582a7d68c23e36d670a1a6 to=127.0.0.1:33646
        t=2026-09-23T10:32:20+0200 lvl=warn msg="HOTSTUFF RECOVERY resend NewView"      number=261 viewID=0x992f5aa9e4d27ea739db008489b13cae3566e738fb582a7d68c23e36d670a1a6 to=127.0.0.1:33646
        t=2026-09-23T10:32:25+0200 lvl=warn msg="HOTSTUFF RECOVERY resend NewView"      number=261 viewID=0x992f5aa9e4d27ea739db008489b13cae3566e738fb582a7d68c23e36d670a1a6 to=127.0.0.1:33646
        t=2026-09-23T10:32:30+0200 lvl=warn msg="HOTSTUFF RECOVERY resend NewView"      number=261 viewID=0x992f5aa9e4d27ea739db008489b13cae3566e738fb582a7d68c23e36d670a1a6 to=127.0.0.1:33646
        t=2026-09-23T10:32:35+0200 lvl=warn msg="HOTSTUFF RECOVERY resend NewView"      number=261 viewID=0x992f5aa9e4d27ea739db008489b13cae3566e738fb582a7d68c23e36d670a1a6 to=127.0.0.1:33646
        t=2026-09-23T10:32:40+0200 lvl=warn msg="HOTSTUFF RECOVERY resend NewView"      number=261 viewID=0x992f5aa9e4d27ea739db008489b13cae3566e738fb582a7d68c23e36d670a1a6 to=127.0.0.1:33646
        t=2026-09-23T10:32:45+0200 lvl=warn msg="HOTSTUFF RECOVERY resend NewView"      number=261 viewID=0x992f5aa9e4d27ea739db008489b13cae3566e738fb582a7d68c23e36d670a1a6 to=127.0.0.1:33646
        t=2026-09-23T10:32:50+0200 lvl=warn msg="HOTSTUFF RECOVERY resend NewView"      number=261 viewID=0x992f5aa9e4d27ea739db008489b13cae3566e738fb582a7d68c23e36d670a1a6 to=127.0.0.1:33646
        t=2026-09-23T10:32:55+0200 lvl=warn msg="HOTSTUFF RECOVERY resend NewView"      number=261 viewID=0x992f5aa9e4d27ea739db008489b13cae3566e738fb582a7d68c23e36d670a1a6 to=127.0.0.1:33646
        t=2026-09-23T10:33:00+0200 lvl=warn msg="HOTSTUFF RECOVERY resend NewView"      number=261 viewID=0x992f5aa9e4d27ea739db008489b13cae3566e738fb582a7d68c23e36d670a1a6 to=127.0.0.1:33646
        t=2026-09-23T10:33:05+0200 lvl=warn msg="HOTSTUFF RECOVERY resend NewView"      number=261 viewID=0x992f5aa9e4d27ea739db008489b13cae3566e738fb582a7d68c23e36d670a1a6 to=127.0.0.1:33646
        t=2026-09-23T10:33:10+0200 lvl=warn msg="HOTSTUFF RECOVERY resend NewView"      number=261 viewID=0x992f5aa9e4d27ea739db008489b13cae3566e738fb582a7d68c23e36d670a1a6 to=127.0.0.1:33646
        t=2026-09-23T10:33:15+0200 lvl=warn msg="HOTSTUFF RECOVERY resend NewView"      number=261 viewID=0x992f5aa9e4d27ea739db008489b13cae3566e738fb582a7d68c23e36d670a1a6 to=127.0.0.1:33646
        t=2026-09-23T10:33:20+0200 lvl=warn msg="HOTSTUFF RECOVERY resend NewView"      number=261 viewID=0x992f5aa9e4d27ea739db008489b13cae3566e738fb582a7d68c23e36d670a1a6 to=127.0.0.1:33646
        t=2026-09-23T10:33:25+0200 lvl=warn msg="HOTSTUFF RECOVERY resend NewView"      number=261 viewID=0x992f5aa9e4d27ea739db008489b13cae3566e738fb582a7d68c23e36d670a1a6 to=127.0.0.1:33646
        t=2026-09-23T10:33:30+0200 lvl=warn msg="HOTSTUFF RECOVERY resend NewView"      number=261 viewID=0x992f5aa9e4d27ea739db008489b13cae3566e738fb582a7d68c23e36d670a1a6 to=127.0.0.1:33646
        t=2026-09-23T10:33:35+0200 lvl=warn msg="HOTSTUFF RECOVERY resend NewView"      number=261 viewID=0x992f5aa9e4d27ea739db008489b13cae3566e738fb582a7d68c23e36d670a1a6 to=127.0.0.1:33646
        t=2026-09-23T10:33:40+0200 lvl=warn msg="HOTSTUFF RECOVERY resend NewView"      number=261 viewID=0x992f5aa9e4d27ea739db008489b13cae3566e738fb582a7d68c23e36d670a1a6 to=127.0.0.1:33646
        t=2026-09-23T10:33:45+0200 lvl=warn msg="HOTSTUFF RECOVERY resend NewView"      number=261 viewID=0x992f5aa9e4d27ea739db008489b13cae3566e738fb582a7d68c23e36d670a1a6 to=127.0.0.1:33646
        t=2026-09-23T10:33:50+0200 lvl=warn msg="HOTSTUFF RECOVERY resend NewView"      number=261 viewID=0x992f5aa9e4d27ea739db008489b13cae3566e738fb582a7d68c23e36d670a1a6 to=127.0.0.1:33646
        t=2026-09-23T10:33:55+0200 lvl=info msg="HOTSTUFF PROPOSAL MANIFEST stored"     from=127.0.0.1:33646 number=261 proposalID=0xa741fdf0c52ea86e42d62b7401d7b2f64407bbf2ea01fae3fdc41bb5cbe23ce0 manifestBytes=1219 missing=0 bodyBytes=1292
        t=2026-09-23T10:33:55+0200 lvl=info msg="HOTSTUFF PROPOSAL REF"                 number=262 viewID=0xbddfeaae2a9c8e2b3898cf5c080ef62edf74610693c967ff2cee2d527765eb29 proposalID=0xcb40e19f93b5260f91cbea0477c3d3b2ac739fb0b8786ef9a78e64f8478efe96 blockHash=0x002b9a2b8dfda3d6c0c162b8020d26f4018edc2f23e142ab83958fa4f71c5587 bodyHash=0xd362757f8152cb970b2fc7ae449faac1565cd46cb799a546b95962b58217a9c8 bodySize=832   refBytes=443
        t=2026-09-23T10:33:55+0200 lvl=warn msg=GetBlockByNumer                         number=1
        t=2026-09-23T10:34:00+0200 lvl=warn msg="HOTSTUFF RECOVERY resend NewView"      number=263 viewID=0xb85da1e6d446abebc36167946b39aeadfce4bdcb5e1df722ad9a661be27300b8 to=127.0.0.1:60494
        t=2026-09-23T10:34:05+0200 lvl=warn msg="HOTSTUFF RECOVERY resend NewView"      number=263 viewID=0xb85da1e6d446abebc36167946b39aeadfce4bdcb5e1df722ad9a661be27300b8 to=127.0.0.1:60494
        t=2026-09-23T10:34:10+0200 lvl=warn msg="HOTSTUFF RECOVERY resend NewView"      number=263 viewID=0xb85da1e6d446abebc36167946b39aeadfce4bdcb5e1df722ad9a661be27300b8 to=127.0.0.1:60494
        t=2026-09-23T10:34:15+0200 lvl=warn msg="HOTSTUFF RECOVERY resend NewView"      number=263 viewID=0xb85da1e6d446abebc36167946b39aeadfce4bdcb5e1df722ad9a661be27300b8 to=127.0.0.1:60494
        t=2026-09-23T10:34:20+0200 lvl=warn msg="HOTSTUFF RECOVERY resend NewView"      number=263 viewID=0xb85da1e6d446abebc36167946b39aeadfce4bdcb5e1df722ad9a661be27300b8 to=127.0.0.1:60494
        t=2026-09-23T10:34:25+0200 lvl=warn msg="HOTSTUFF RECOVERY resend NewView"      number=263 viewID=0xb85da1e6d446abebc36167946b39aeadfce4bdcb5e1df722ad9a661be27300b8 to=127.0.0.1:60494
        t=2026-09-23T10:34:30+0200 lvl=warn msg="HOTSTUFF RECOVERY resend NewView"      number=263 viewID=0xb85da1e6d446abebc36167946b39aeadfce4bdcb5e1df722ad9a661be27300b8 to=127.0.0.1:60494
        t=2026-09-23T10:34:35+0200 lvl=warn msg="HOTSTUFF RECOVERY resend NewView"      number=263 viewID=0xb85da1e6d446abebc36167946b39aeadfce4bdcb5e1df722ad9a661be27300b8 to=127.0.0.1:60494
        t=2026-09-23T10:34:40+0200 lvl=warn msg="HOTSTUFF RECOVERY resend NewView"      number=263 viewID=0xb85da1e6d446abebc36167946b39aeadfce4bdcb5e1df722ad9a661be27300b8 to=127.0.0.1:60494
        t=2026-09-23T10:34:45+0200 lvl=warn msg="HOTSTUFF RECOVERY resend NewView"      number=263 viewID=0xb85da1e6d446abebc36167946b39aeadfce4bdcb5e1df722ad9a661be27300b8 to=127.0.0.1:60494
        t=2026-09-23T10:34:50+0200 lvl=warn msg="HOTSTUFF RECOVERY resend NewView"      number=263 viewID=0xb85da1e6d446abebc36167946b39aeadfce4bdcb5e1df722ad9a661be27300b8 to=127.0.0.1:60494
        t=2026-09-23T10:34:55+0200 lvl=warn msg="HOTSTUFF RECOVERY resend NewView"      number=263 viewID=0xb85da1e6d446abebc36167946b39aeadfce4bdcb5e1df722ad9a661be27300b8 to=127.0.0.1:60494
        t=2026-09-23T10:35:00+0200 lvl=warn msg="HOTSTUFF RECOVERY resend NewView"      number=263 viewID=0xb85da1e6d446abebc36167946b39aeadfce4bdcb5e1df722ad9a661be27300b8 to=127.0.0.1:60494
        t=2026-09-23T10:35:05+0200 lvl=warn msg="HOTSTUFF RECOVERY resend NewView"      number=263 viewID=0xb85da1e6d446abebc36167946b39aeadfce4bdcb5e1df722ad9a661be27300b8 to=127.0.0.1:60494
        t=2026-09-23T10:35:10+0200 lvl=warn msg="HOTSTUFF RECOVERY resend NewView"      number=263 viewID=0xb85da1e6d446abebc36167946b39aeadfce4bdcb5e1df722ad9a661be27300b8 to=127.0.0.1:60494
        t=2026-09-23T10:35:15+0200 lvl=warn msg="HOTSTUFF RECOVERY resend NewView"      number=263 viewID=0xb85da1e6d446abebc36167946b39aeadfce4bdcb5e1df722ad9a661be27300b8 to=127.0.0.1:60494
        t=2026-09-23T10:35:20+0200 lvl=warn msg="HOTSTUFF RECOVERY resend NewView"      number=263 viewID=0xb85da1e6d446abebc36167946b39aeadfce4bdcb5e1df722ad9a661be27300b8 to=127.0.0.1:60494
        t=2026-09-23T10:35:25+0200 lvl=warn msg="HOTSTUFF RECOVERY resend NewView"      number=263 viewID=0xb85da1e6d446abebc36167946b39aeadfce4bdcb5e1df722ad9a661be27300b8 to=127.0.0.1:60494
        t=2026-09-23T10:35:30+0200 lvl=warn msg="HOTSTUFF RECOVERY resend NewView"      number=263 viewID=0xb85da1e6d446abebc36167946b39aeadfce4bdcb5e1df722ad9a661be27300b8 to=127.0.0.1:60494
        t=2026-09-23T10:35:35+0200 lvl=warn msg="HOTSTUFF RECOVERY resend NewView"      number=263 viewID=0xb85da1e6d446abebc36167946b39aeadfce4bdcb5e1df722ad9a661be27300b8 to=127.0.0.1:60494
        t=2026-09-23T10:35:37+0200 lvl=warn msg="fixed-mode keyblock start-new-view wakeup" reason=hotstuff-maintenance currentBlock=261 currentKey=0 oldLeaderIndex=3 oldNoDone=true leaderIndex=3 noDone=false round=0 viewAge=22.793621ms isLeader=false candidateReady=false pendingTotal=0 fastPending=0 slowPending=0
        t=2026-09-23T10:35:39+0200 lvl=warn msg="fixed-mode keyblock start-new-view wakeup" reason=hotstuff-maintenance currentBlock=261 currentKey=0 oldLeaderIndex=3 oldNoDone=false leaderIndex=3 noDone=false round=0 viewAge=2.022802608s isLeader=false candidateReady=false pendingTotal=0 fastPending=0 slowPending=0
        t=2026-09-23T10:35:40+0200 lvl=info msg="HOTSTUFF PROPOSAL MANIFEST stored"     from=127.0.0.1:60494 number=263 proposalID=0x434151c933855b4c1863a9400270bd9aa9c80416418c264629d295b28e6057f5 manifestBytes=1308 missing=0 bodyBytes=1308
        t=2026-09-23T10:35:40+0200 lvl=warn msg=ReadCommittee                           read data is empty=
        t=2026-09-23T10:35:41+0200 lvl=warn msg="fixed-mode keyblock start-new-view wakeup" reason=hotstuff-maintenance currentBlock=262 currentKey=0 oldLeaderIndex=0 oldNoDone=true  leaderIndex=0 noDone=false round=0 viewAge=4.047796115s isLeader=false candidateReady=false pendingTotal=0 fastPending=0 slowPending=0
        t=2026-09-23T10:35:41+0200 lvl=info msg="HOTSTUFF PROPOSAL MANIFEST stored"     from=127.0.0.1:33646 number=264 proposalID=0x4dae802658459438cdb0c309d72133988e65b185921168c8180c2e11203eec73 manifestBytes=832  missing=0 bodyBytes=832
        t=2026-09-23T10:35:41+0200 lvl=info msg="HOTSTUFF PROPOSAL MANIFEST stored"     from=127.0.0.1:33875 number=265 proposalID=0xd11e624ab0d49ed8037cbb021e37bce274f9311391aa542d508db3192d926136 manifestBytes=832  missing=0 bodyBytes=832
        t=2026-09-23T10:35:41+0200 lvl=warn msg=GetBlockByNumer                         number=1
        t=2026-09-23T10:35:41+0200 lvl=warn msg=GetBlockByNumer                         number=1
        t=2026-09-23T10:35:41+0200 lvl=warn msg=GetBlockByNumer                         number=264
        t=2026-09-23T10:35:42+0200 lvl=warn msg="HandleConn drops connection: closed"   address=127.0.0.1:53724 remot=127.0.0.1:60494
        t=2026-09-23T10:35:42+0200 lvl=info msg="HOTSTUFF PROPOSAL MANIFEST stored"     from=127.0.0.1:60494 number=266 proposalID=0x8c04497958f2c87b256bfbab6256fbf58c0a3690a5573d5cd93759facdb42e8c manifestBytes=1221 missing=0 bodyBytes=1316
        t=2026-09-23T10:35:42+0200 lvl=info msg="HOTSTUFF PROPOSAL MANIFEST stored"     from=127.0.0.1:33646 number=267 proposalID=0xf134e4f63691ca113a6877cc5c750b611d10e61cc8cb039202894f981a5c0c82 manifestBytes=832  missing=0 bodyBytes=832
        t=2026-09-23T10:35:42+0200 lvl=warn msg=GetBlockByNumer                         number=1
        t=2026-09-23T10:35:43+0200 lvl=warn msg=GetBlockByNumer                         number=1
        t=2026-09-23T10:35:43+0200 lvl=info msg="HOTSTUFF PROPOSAL MANIFEST stored"     from=127.0.0.1:33875 number=268 proposalID=0x66e1e5fd1b1b8bd9db3b3a3d25c1cfcd907d6301b50c1ac6ddffc6a9425d1b3a manifestBytes=1221 missing=0 bodyBytes=1316
        t=2026-09-23T10:35:43+0200 lvl=info msg="HOTSTUFF PROPOSAL MANIFEST stored"     from=127.0.0.1:40842 number=269 proposalID=0x213231c1a32934b311e265894ced96defead68b1f965f80c50b22d97fef05823 manifestBytes=832  missing=0 bodyBytes=832
        t=2026-09-23T10:35:44+0200 lvl=warn msg=GetBlockByNumer                         number=1
        t=2026-09-23T10:35:49+0200 lvl=warn msg="HOTSTUFF RECOVERY resend NewView"      number=270 viewID=0xb1ab41a6b9e6206fb6f500f6bc3fcc2ce8f8b96daa0fae42149a2e0b80c5a509 to=127.0.0.1:60494
        t=2026-09-23T10:35:54+0200 lvl=warn msg="HOTSTUFF RECOVERY resend NewView"      number=270 viewID=0xb1ab41a6b9e6206fb6f500f6bc3fcc2ce8f8b96daa0fae42149a2e0b80c5a509 to=127.0.0.1:60494
        t=2026-09-23T10:35:59+0200 lvl=warn msg="HOTSTUFF RECOVERY resend NewView"      number=270 viewID=0xb1ab41a6b9e6206fb6f500f6bc3fcc2ce8f8b96daa0fae42149a2e0b80c5a509 to=127.0.0.1:60494
        t=2026-09-23T10:36:04+0200 lvl=warn msg="HOTSTUFF RECOVERY resend NewView"      number=270 viewID=0xb1ab41a6b9e6206fb6f500f6bc3fcc2ce8f8b96daa0fae42149a2e0b80c5a509 to=127.0.0.1:60494
        t=2026-09-23T10:36:09+0200 lvl=warn msg="HOTSTUFF RECOVERY resend NewView"      number=270 viewID=0xb1ab41a6b9e6206fb6f500f6bc3fcc2ce8f8b96daa0fae42149a2e0b80c5a509 to=127.0.0.1:60494
        t=2026-09-23T10:36:14+0200 lvl=warn msg="HOTSTUFF RECOVERY resend NewView"      number=270 viewID=0xb1ab41a6b9e6206fb6f500f6bc3fcc2ce8f8b96daa0fae42149a2e0b80c5a509 to=127.0.0.1:60494
        t=2026-09-23T10:36:19+0200 lvl=warn msg="HOTSTUFF RECOVERY resend NewView"      number=270 viewID=0xb1ab41a6b9e6206fb6f500f6bc3fcc2ce8f8b96daa0fae42149a2e0b80c5a509 to=127.0.0.1:60494
        t=2026-09-23T10:36:24+0200 lvl=warn msg="HOTSTUFF RECOVERY resend NewView"      number=270 viewID=0xb1ab41a6b9e6206fb6f500f6bc3fcc2ce8f8b96daa0fae42149a2e0b80c5a509 to=127.0.0.1:60494
        t=2026-09-23T10:36:29+0200 lvl=warn msg="HOTSTUFF RECOVERY resend NewView"      number=270 viewID=0xb1ab41a6b9e6206fb6f500f6bc3fcc2ce8f8b96daa0fae42149a2e0b80c5a509 to=127.0.0.1:60494
        t=2026-09-23T10:36:34+0200 lvl=warn msg="HOTSTUFF RECOVERY resend NewView"      number=270 viewID=0xb1ab41a6b9e6206fb6f500f6bc3fcc2ce8f8b96daa0fae42149a2e0b80c5a509 to=127.0.0.1:60494
        t=2026-09-23T10:36:39+0200 lvl=warn msg="HOTSTUFF RECOVERY resend NewView"      number=270 viewID=0xb1ab41a6b9e6206fb6f500f6bc3fcc2ce8f8b96daa0fae42149a2e0b80c5a509 to=127.0.0.1:60494
        t=2026-09-23T10:36:44+0200 lvl=warn msg="HOTSTUFF RECOVERY resend NewView"      number=270 viewID=0xb1ab41a6b9e6206fb6f500f6bc3fcc2ce8f8b96daa0fae42149a2e0b80c5a509 to=127.0.0.1:60494
        t=2026-09-23T10:36:49+0200 lvl=warn msg="HOTSTUFF RECOVERY resend NewView"      number=270 viewID=0xb1ab41a6b9e6206fb6f500f6bc3fcc2ce8f8b96daa0fae42149a2e0b80c5a509 to=127.0.0.1:60494
        t=2026-09-23T10:36:51+0200 lvl=info msg="HOTSTUFF PROPOSAL MANIFEST stored"     from=127.0.0.1:60494 number=270 proposalID=0xa6760338686feedd2f868b5309fbb62c9be8ed36741dc814f7a1f567bc47aebd manifestBytes=1222 missing=0 bodyBytes=4396
        t=2026-09-23T10:36:52+0200 lvl=info msg="HOTSTUFF PROPOSAL MANIFEST stored"     from=127.0.0.1:40842 number=271 proposalID=0xcfa2ed5efdfc7606c8e00fe2d7abde3c303ec1b719d804685637721cc3edd802 manifestBytes=832  missing=0 bodyBytes=832
        t=2026-09-23T10:36:52+0200 lvl=info msg="HOTSTUFF PROPOSAL MANIFEST stored"     from=127.0.0.1:33646 number=272 proposalID=0xe7051dad827b1ecf6156a898272815fe757439730c666288643d3a0018422954 manifestBytes=1222 missing=0 bodyBytes=4396
        t=2026-09-23T10:36:53+0200 lvl=info msg="HOTSTUFF PROPOSAL MANIFEST stored"     from=127.0.0.1:33875 number=273 proposalID=0x5c5848251281ad14b1198adfadc7dcea92f9d302d4796b7a323bced580b74316 manifestBytes=832  missing=0 bodyBytes=832
        t=2026-09-23T10:36:56+0200 lvl=info msg="HOTSTUFF PROPOSAL MANIFEST stored"     from=127.0.0.1:33875 number=274 proposalID=0x632bd42daa5387cb5f8fe1c4a012afbc777ffdc47d57db9d9a0bd51f9b3b65a1 manifestBytes=1222 missing=0 bodyBytes=66237
        t=2026-09-23T10:36:57+0200 lvl=info msg="HOTSTUFF PROPOSAL MANIFEST stored"     from=127.0.0.1:33646 number=275 proposalID=0xc513553a71e9d7f7697b26c693e91c97fe63d53c22a252049f97fee4711a77cf manifestBytes=832  missing=0 bodyBytes=832
        t=2026-09-23T10:36:58+0200 lvl=info msg="HOTSTUFF PROPOSAL MANIFEST stored"     from=127.0.0.1:60494 number=276 proposalID=0x06b4596901f4d55d5dd02fd7ddb4a0957a5010fa1704d34ad71a832d762dfbb2 manifestBytes=1222 missing=0 bodyBytes=66237
        t=2026-09-23T10:36:58+0200 lvl=warn msg=GetBlockByNumer                         number=263
        t=2026-09-23T10:36:58+0200 lvl=info msg="HOTSTUFF PROPOSAL REF"                 number=277 viewID=0xb517dacce58d3f20395cd8516d4f698367a16f244d75e9175818f1d9160f3a4b proposalID=0xf4213b47e42530c8a1c15850fed5ffc0d7bb7cfb36a1a26df2b848ba1e5007d3 blockHash=0xc4477b040c706a28daeaeda395a563a71ce5fe75b85c767019b9a0ee8cc231ee bodyHash=0x7263d164cbfd0241c04169459ee4292d3532d9e06f5639afe5de85558cbb2d2f bodySize=832   refBytes=443
        t=2026-09-23T10:36:58+0200 lvl=warn msg="Send msg try again"                    address=[::]:53724      Couldn't send to=127.0.0.1:60494 error="Operation Canceled"
        t=2026-09-23T10:36:58+0200 lvl=eror msg=CloseConnect                            =[::]:53724 having error closing conn to=127.0.0.1:40571 error="Connection Closed"
        t=2026-09-23T10:37:03+0200 lvl=warn msg="HOTSTUFF RECOVERY resend NewView"      number=278 viewID=0x2b65ecd2c80fb025ef223d849dc9553130ed7bf9b83c833e01d00b94b1fd4ad3 to=127.0.0.1:40842
        t=2026-09-23T10:37:08+0200 lvl=info msg="HOTSTUFF PROPOSAL MANIFEST stored"     from=127.0.0.1:40842 number=278 proposalID=0x576db138140f5d790987a958cce7b6d74ca97d921f58f2b4b4e0073ee05135af manifestBytes=1390 missing=0 bodyBytes=125407
        t=2026-09-23T10:37:08+0200 lvl=info msg="HOTSTUFF PROPOSAL MANIFEST stored"     from=127.0.0.1:47082 number=279 proposalID=0x18f8207675277eaf405c0e417c0288c977850bd5f5f5570d77d6ede758c7ae70 manifestBytes=832  missing=0 bodyBytes=832
        t=2026-09-23T10:37:14+0200 lvl=warn msg="HOTSTUFF RECOVERY resend NewView"      number=280 viewID=0xcf7782f748d8db827f42fe01d992f2178957886b2ee5f6594ea6290e82095995 to=127.0.0.1:33875
        t=2026-09-23T10:37:16+0200 lvl=info msg="HOTSTUFF PROPOSAL MANIFEST stored"     from=127.0.0.1:33875 number=280 proposalID=0xc1e0a8dd2defeeb967ca0322534fea783d540d1a7028890d9ec5fc04a9b08ac7 manifestBytes=1222 missing=0 bodyBytes=63818
        t=2026-09-23T10:37:17+0200 lvl=info msg="HOTSTUFF PROPOSAL MANIFEST stored"     from=127.0.0.1:33875 number=281 proposalID=0xee1ace65236d7e65281ab583cbf4bc2fc85e4b5db79c240d12d2c56a9d7ef7df manifestBytes=1222 missing=0 bodyBytes=63818
        t=2026-09-23T10:37:17+0200 lvl=warn msg="HandleConn drops connection: closed"   address=127.0.0.1:53724 remot=127.0.0.1:33875
        t=2026-09-23T10:37:17+0200 lvl=info msg="HOTSTUFF PROPOSAL MANIFEST stored"     from=127.0.0.1:40842 number=282 proposalID=0xa9bcaaf5ec7bd8c46ae18c5219cd2794610d96ba5e3e4a599126c696e3c37b2c manifestBytes=832  missing=0 bodyBytes=832
        t=2026-09-23T10:37:22+0200 lvl=warn msg="HOTSTUFF RECOVERY resend NewView"      number=283 viewID=0x777d3e9bdfe842ca9ff9f84b7020c6f4d28e46b03e491825a8ac38028337a0c7 to=127.0.0.1:40842
        t=2026-09-23T10:37:24+0200 lvl=info msg="HOTSTUFF PROPOSAL MANIFEST stored"     from=127.0.0.1:40842 number=283 proposalID=0x1bfb6a63d92874784dd5b6bb700b3c7ac17ec2d26be51a181f9785d0775473da manifestBytes=1222 missing=0 bodyBytes=63276
        t=2026-09-23T10:37:25+0200 lvl=info msg="HOTSTUFF PROPOSAL MANIFEST stored"     from=127.0.0.1:47082 number=284 proposalID=0x37b587b50360536fe32c3789533ad96f3b9b2ccb0380eb526d047f85329bbab2 manifestBytes=832  missing=0 bodyBytes=832
        t=2026-09-23T10:37:25+0200 lvl=warn msg="HandleConn drops connection: closed"   address=127.0.0.1:53724 remot=127.0.0.1:47082
        t=2026-09-23T10:37:25+0200 lvl=info msg="HOTSTUFF PROPOSAL MANIFEST stored"     from=127.0.0.1:47082 number=284 proposalID=0x37b587b50360536fe32c3789533ad96f3b9b2ccb0380eb526d047f85329bbab2 manifestBytes=832  missing=0 bodyBytes=832
        t=2026-09-23T10:37:25+0200 lvl=info msg="HOTSTUFF PROPOSAL MANIFEST stored"     from=127.0.0.1:47082 number=285 proposalID=0x302891d74abef1efe61c3499d8e39f01cd0e0cfd47096cc5bbf9e3600216a8c7 manifestBytes=1222 missing=0 bodyBytes=63276
        t=2026-09-23T10:37:26+0200 lvl=info msg="HOTSTUFF PROPOSAL MANIFEST stored"     from=127.0.0.1:33646 number=286 proposalID=0x22ea061dee2a39e03550e332a1fb83e1b862cd1c582c2daa14049cb8cec3370f manifestBytes=832  missing=0 bodyBytes=832
        t=2026-09-23T10:37:31+0200 lvl=warn msg="HOTSTUFF RECOVERY resend NewView"      number=287 viewID=0xbb1f0f33279c7f422f41869cc44ebd89245f8eba287f792e3d931e3e4a6318f5 to=127.0.0.1:53724
    fhs_process_recovery_test.go:236: validator 1173408 complete log: /tmp/fhs-process-failure-3946330955.log
    fhs_process_recovery_test.go:241: validator 1173408 log tail:
        0.1:33646
        t=2026-09-23T10:33:15+0200 lvl=warn msg="HOTSTUFF RECOVERY resend NewView"      number=261 viewID=0x992f5aa9e4d27ea739db008489b13cae3566e738fb582a7d68c23e36d670a1a6 to=127.0.0.1:33646
        t=2026-09-23T10:33:20+0200 lvl=warn msg="HOTSTUFF RECOVERY resend NewView"      number=261 viewID=0x992f5aa9e4d27ea739db008489b13cae3566e738fb582a7d68c23e36d670a1a6 to=127.0.0.1:33646
        t=2026-09-23T10:33:25+0200 lvl=warn msg="HOTSTUFF RECOVERY resend NewView"      number=261 viewID=0x992f5aa9e4d27ea739db008489b13cae3566e738fb582a7d68c23e36d670a1a6 to=127.0.0.1:33646
        t=2026-09-23T10:33:30+0200 lvl=warn msg="HOTSTUFF RECOVERY resend NewView"      number=261 viewID=0x992f5aa9e4d27ea739db008489b13cae3566e738fb582a7d68c23e36d670a1a6 to=127.0.0.1:33646
        t=2026-09-23T10:33:35+0200 lvl=warn msg="HOTSTUFF RECOVERY resend NewView"      number=261 viewID=0x992f5aa9e4d27ea739db008489b13cae3566e738fb582a7d68c23e36d670a1a6 to=127.0.0.1:33646
        t=2026-09-23T10:33:40+0200 lvl=warn msg="HOTSTUFF RECOVERY resend NewView"      number=261 viewID=0x992f5aa9e4d27ea739db008489b13cae3566e738fb582a7d68c23e36d670a1a6 to=127.0.0.1:33646
        t=2026-09-23T10:33:45+0200 lvl=warn msg="HOTSTUFF RECOVERY resend NewView"      number=261 viewID=0x992f5aa9e4d27ea739db008489b13cae3566e738fb582a7d68c23e36d670a1a6 to=127.0.0.1:33646
        t=2026-09-23T10:33:50+0200 lvl=warn msg="HOTSTUFF RECOVERY resend NewView"      number=261 viewID=0x992f5aa9e4d27ea739db008489b13cae3566e738fb582a7d68c23e36d670a1a6 to=127.0.0.1:33646
        t=2026-09-23T10:33:55+0200 lvl=info msg="HOTSTUFF PROPOSAL REF"                 number=261 viewID=0x992f5aa9e4d27ea739db008489b13cae3566e738fb582a7d68c23e36d670a1a6 proposalID=0xa741fdf0c52ea86e42d62b7401d7b2f64407bbf2ea01fae3fdc41bb5cbe23ce0 blockHash=0xe9aa08aaaa77f3ad0a10f4be8def751372ad181909c3411d332621e9952702c0 bodyHash=0xb69ed9b20938db235a48704160a45448294303c4aead37afdc87b6a478253db8 bodySize=1292 refBytes=445
        t=2026-09-23T10:33:55+0200 lvl=warn msg="Send msg try again"                    address=[::]:33646      Couldn't send to=127.0.0.1:33875 error="Operation Canceled"
        t=2026-09-23T10:33:55+0200 lvl=eror msg=CloseConnect                            =[::]:33646 having error closing conn to=127.0.0.1:33875 error="Connection Closed"
        t=2026-09-23T10:33:55+0200 lvl=info msg="HOTSTUFF PROPOSAL MANIFEST stored"     from=127.0.0.1:53724 number=262 proposalID=0xcb40e19f93b5260f91cbea0477c3d3b2ac739fb0b8786ef9a78e64f8478efe96 manifestBytes=832  missing=0 bodyBytes=832
        t=2026-09-23T10:33:55+0200 lvl=warn msg=GetBlockByNumer                         number=1
        t=2026-09-23T10:33:55+0200 lvl=warn msg=GetBlockByNumer                         number=260
        t=2026-09-23T10:33:55+0200 lvl=warn msg=GetBlockByNumer                         number=261
        t=2026-09-23T10:33:55+0200 lvl=warn msg=GetBlockByNumer                         number=261
        t=2026-09-23T10:34:00+0200 lvl=warn msg="HOTSTUFF RECOVERY resend NewView"      number=263 viewID=0xb85da1e6d446abebc36167946b39aeadfce4bdcb5e1df722ad9a661be27300b8 to=127.0.0.1:60494
        t=2026-09-23T10:34:05+0200 lvl=warn msg="HOTSTUFF RECOVERY resend NewView"      number=263 viewID=0xb85da1e6d446abebc36167946b39aeadfce4bdcb5e1df722ad9a661be27300b8 to=127.0.0.1:60494
        t=2026-09-23T10:34:10+0200 lvl=warn msg="HOTSTUFF RECOVERY resend NewView"      number=263 viewID=0xb85da1e6d446abebc36167946b39aeadfce4bdcb5e1df722ad9a661be27300b8 to=127.0.0.1:60494
        t=2026-09-23T10:34:15+0200 lvl=warn msg="HOTSTUFF RECOVERY resend NewView"      number=263 viewID=0xb85da1e6d446abebc36167946b39aeadfce4bdcb5e1df722ad9a661be27300b8 to=127.0.0.1:60494
        t=2026-09-23T10:34:20+0200 lvl=warn msg="HOTSTUFF RECOVERY resend NewView"      number=263 viewID=0xb85da1e6d446abebc36167946b39aeadfce4bdcb5e1df722ad9a661be27300b8 to=127.0.0.1:60494
        t=2026-09-23T10:34:25+0200 lvl=warn msg="HOTSTUFF RECOVERY resend NewView"      number=263 viewID=0xb85da1e6d446abebc36167946b39aeadfce4bdcb5e1df722ad9a661be27300b8 to=127.0.0.1:60494
        t=2026-09-23T10:34:30+0200 lvl=warn msg="HOTSTUFF RECOVERY resend NewView"      number=263 viewID=0xb85da1e6d446abebc36167946b39aeadfce4bdcb5e1df722ad9a661be27300b8 to=127.0.0.1:60494
        t=2026-09-23T10:34:35+0200 lvl=warn msg="HOTSTUFF RECOVERY resend NewView"      number=263 viewID=0xb85da1e6d446abebc36167946b39aeadfce4bdcb5e1df722ad9a661be27300b8 to=127.0.0.1:60494
        t=2026-09-23T10:34:40+0200 lvl=warn msg="HOTSTUFF RECOVERY resend NewView"      number=263 viewID=0xb85da1e6d446abebc36167946b39aeadfce4bdcb5e1df722ad9a661be27300b8 to=127.0.0.1:60494
        t=2026-09-23T10:34:45+0200 lvl=warn msg="HOTSTUFF RECOVERY resend NewView"      number=263 viewID=0xb85da1e6d446abebc36167946b39aeadfce4bdcb5e1df722ad9a661be27300b8 to=127.0.0.1:60494
        t=2026-09-23T10:34:50+0200 lvl=warn msg="HOTSTUFF RECOVERY resend NewView"      number=263 viewID=0xb85da1e6d446abebc36167946b39aeadfce4bdcb5e1df722ad9a661be27300b8 to=127.0.0.1:60494
        t=2026-09-23T10:34:55+0200 lvl=warn msg="HOTSTUFF RECOVERY resend NewView"      number=263 viewID=0xb85da1e6d446abebc36167946b39aeadfce4bdcb5e1df722ad9a661be27300b8 to=127.0.0.1:60494
        t=2026-09-23T10:35:00+0200 lvl=warn msg="HOTSTUFF RECOVERY resend NewView"      number=263 viewID=0xb85da1e6d446abebc36167946b39aeadfce4bdcb5e1df722ad9a661be27300b8 to=127.0.0.1:60494
        t=2026-09-23T10:35:05+0200 lvl=warn msg="HOTSTUFF RECOVERY resend NewView"      number=263 viewID=0xb85da1e6d446abebc36167946b39aeadfce4bdcb5e1df722ad9a661be27300b8 to=127.0.0.1:60494
        t=2026-09-23T10:35:10+0200 lvl=warn msg="HOTSTUFF RECOVERY resend NewView"      number=263 viewID=0xb85da1e6d446abebc36167946b39aeadfce4bdcb5e1df722ad9a661be27300b8 to=127.0.0.1:60494
        t=2026-09-23T10:35:15+0200 lvl=warn msg="HOTSTUFF RECOVERY resend NewView"      number=263 viewID=0xb85da1e6d446abebc36167946b39aeadfce4bdcb5e1df722ad9a661be27300b8 to=127.0.0.1:60494
        t=2026-09-23T10:35:20+0200 lvl=warn msg="HOTSTUFF RECOVERY resend NewView"      number=263 viewID=0xb85da1e6d446abebc36167946b39aeadfce4bdcb5e1df722ad9a661be27300b8 to=127.0.0.1:60494
        t=2026-09-23T10:35:25+0200 lvl=warn msg="HOTSTUFF RECOVERY resend NewView"      number=263 viewID=0xb85da1e6d446abebc36167946b39aeadfce4bdcb5e1df722ad9a661be27300b8 to=127.0.0.1:60494
        t=2026-09-23T10:35:30+0200 lvl=warn msg="HOTSTUFF RECOVERY resend NewView"      number=263 viewID=0xb85da1e6d446abebc36167946b39aeadfce4bdcb5e1df722ad9a661be27300b8 to=127.0.0.1:60494
        t=2026-09-23T10:35:35+0200 lvl=warn msg="HOTSTUFF RECOVERY resend NewView"      number=263 viewID=0xb85da1e6d446abebc36167946b39aeadfce4bdcb5e1df722ad9a661be27300b8 to=127.0.0.1:60494
        t=2026-09-23T10:35:37+0200 lvl=warn msg="fixed-mode keyblock start-new-view wakeup" reason=hotstuff-maintenance currentBlock=261 currentKey=0 oldLeaderIndex=3 oldNoDone=true leaderIndex=3 noDone=false round=0 viewAge=22.259848ms isLeader=false candidateReady=false pendingTotal=0 fastPending=0 slowPending=0
        t=2026-09-23T10:35:39+0200 lvl=warn msg="fixed-mode keyblock start-new-view wakeup" reason=hotstuff-maintenance currentBlock=261 currentKey=0 oldLeaderIndex=3 oldNoDone=false leaderIndex=3 noDone=false round=0 viewAge=2.047249729s isLeader=false candidateReady=false pendingTotal=0 fastPending=0 slowPending=0
        t=2026-09-23T10:35:40+0200 lvl=info msg="HOTSTUFF PROPOSAL MANIFEST stored"     from=127.0.0.1:60494 number=263 proposalID=0x434151c933855b4c1863a9400270bd9aa9c80416418c264629d295b28e6057f5 manifestBytes=1308 missing=0 bodyBytes=1308
        t=2026-09-23T10:35:40+0200 lvl=warn msg=ReadCommittee                           read data is empty=
        t=2026-09-23T10:35:41+0200 lvl=info msg="HOTSTUFF PROPOSAL REF"                 number=264 viewID=0x37ad128719d4b36b5583f89791827f04dc55fb459c9631ec837ad145add3d99e proposalID=0x4dae802658459438cdb0c309d72133988e65b185921168c8180c2e11203eec73 blockHash=0x3c630dc60ae5c30b4478569edcd91981c6cf71837485d2f6b3370b8653974a3f bodyHash=0x17cc7f48b0615f7c4f486d8d4176f157ce384428dd126450302414965d9f88c1 bodySize=832  refBytes=443
        t=2026-09-23T10:35:41+0200 lvl=warn msg="fixed-mode keyblock start-new-view wakeup" reason=hotstuff-maintenance currentBlock=262 currentKey=0 oldLeaderIndex=0 oldNoDone=true  leaderIndex=0 noDone=false round=0 viewAge=4.072251262s isLeader=true  candidateReady=false pendingTotal=0 fastPending=0 slowPending=0
        t=2026-09-23T10:35:41+0200 lvl=warn msg="HotStuff message rejected"             from=127.0.0.1:33875 code=MsgVotePrepare number=264 viewID=0x37ad128719d4b36b5583f89791827f04dc55fb459c9631ec837ad145add3d99e err="hotstuff view missing"
        t=2026-09-23T10:35:41+0200 lvl=info msg="HOTSTUFF PROPOSAL MANIFEST stored"     from=127.0.0.1:33875 number=265 proposalID=0xd11e624ab0d49ed8037cbb021e37bce274f9311391aa542d508db3192d926136 manifestBytes=832  missing=0 bodyBytes=832
        t=2026-09-23T10:35:41+0200 lvl=warn msg=GetBlockByNumer                         number=1
        t=2026-09-23T10:35:41+0200 lvl=warn msg=GetBlockByNumer                         number=262
        t=2026-09-23T10:35:41+0200 lvl=warn msg=GetBlockByNumer                         number=263
        t=2026-09-23T10:35:41+0200 lvl=warn msg=GetBlockByNumer                         number=264
        t=2026-09-23T10:35:41+0200 lvl=warn msg=GetBlockByNumer                         number=1
        t=2026-09-23T10:35:41+0200 lvl=warn msg=GetBlockByNumer                         number=264
        t=2026-09-23T10:35:42+0200 lvl=info msg="HOTSTUFF PROPOSAL MANIFEST stored"     from=127.0.0.1:60494 number=266 proposalID=0x8c04497958f2c87b256bfbab6256fbf58c0a3690a5573d5cd93759facdb42e8c manifestBytes=1221 missing=1 bodyBytes=1316
        t=2026-09-23T10:35:42+0200 lvl=eror msg="OnPropose wait proposal body"          number=266 proposalID=0x8c04497958f2c87b256bfbab6256fbf58c0a3690a5573d5cd93759facdb42e8c err="hotstuff view state too old"
        t=2026-09-23T10:35:42+0200 lvl=warn msg="reject new-view before storage"        from=127.0.0.1:60494 viewID=0x8c0e191e449f7cf61be88ee55bb9d4d9a5f98d9fa94a6e7b7b35896197da5011 err="hotstuff proposal validation pending"
        t=2026-09-23T10:35:42+0200 lvl=warn msg="reject new-view before storage"        from=127.0.0.1:47082 viewID=0x8c0e191e449f7cf61be88ee55bb9d4d9a5f98d9fa94a6e7b7b35896197da5011 err="hotstuff proposal validation pending"
        t=2026-09-23T10:35:42+0200 lvl=warn msg="reject new-view before storage"        from=127.0.0.1:33875 viewID=0x8c0e191e449f7cf61be88ee55bb9d4d9a5f98d9fa94a6e7b7b35896197da5011 err="hotstuff proposal validation pending"
        t=2026-09-23T10:35:42+0200 lvl=warn msg="reject new-view before storage"        from=127.0.0.1:53724 viewID=0x8c0e191e449f7cf61be88ee55bb9d4d9a5f98d9fa94a6e7b7b35896197da5011 err="hotstuff proposal validation pending"
        t=2026-09-23T10:35:42+0200 lvl=warn msg="reject new-view before storage"        from=127.0.0.1:49814 viewID=0x8c0e191e449f7cf61be88ee55bb9d4d9a5f98d9fa94a6e7b7b35896197da5011 err="hotstuff proposal validation pending"
        t=2026-09-23T10:35:42+0200 lvl=warn msg="reject new-view before storage"        from=127.0.0.1:40842 viewID=0x8c0e191e449f7cf61be88ee55bb9d4d9a5f98d9fa94a6e7b7b35896197da5011 err="hotstuff proposal validation pending"
        t=2026-09-23T10:35:42+0200 lvl=warn msg=GetBlockByNumer                         number=263
        t=2026-09-23T10:35:42+0200 lvl=info msg="HOTSTUFF PROPOSAL REF"                 number=267 viewID=0x8c0e191e449f7cf61be88ee55bb9d4d9a5f98d9fa94a6e7b7b35896197da5011 proposalID=0xf134e4f63691ca113a6877cc5c750b611d10e61cc8cb039202894f981a5c0c82 blockHash=0xc6f3eadf3d1151ab78888443af165c7b86ffc03f95076135ef3dd8d044d03985 bodyHash=0x972f85f09976221e5634e0040a6aa52e4cf71927de2ab3c03369c3d4c7b966db bodySize=832  refBytes=443
        t=2026-09-23T10:35:42+0200 lvl=warn msg="Send msg try again"                    address=[::]:33646      Couldn't send to=127.0.0.1:47082 error="Operation Canceled"
        t=2026-09-23T10:35:42+0200 lvl=eror msg=CloseConnect                            =[::]:33646 having error closing conn to=127.0.0.1:47082 error="Connection Closed"
        t=2026-09-23T10:35:42+0200 lvl=warn msg=GetBlockByNumer                         number=1
        t=2026-09-23T10:35:43+0200 lvl=warn msg=GetBlockByNumer                         number=1
        t=2026-09-23T10:35:43+0200 lvl=warn msg=GetBlockByNumer                         number=265
        t=2026-09-23T10:35:43+0200 lvl=warn msg=GetBlockByNumer                         number=266
        t=2026-09-23T10:35:43+0200 lvl=warn msg=GetBlockByNumer                         number=266
        t=2026-09-23T10:35:43+0200 lvl=info msg="HOTSTUFF PROPOSAL MANIFEST stored"     from=127.0.0.1:33875 number=268 proposalID=0x66e1e5fd1b1b8bd9db3b3a3d25c1cfcd907d6301b50c1ac6ddffc6a9425d1b3a manifestBytes=1221 missing=0 bodyBytes=1316
        t=2026-09-23T10:35:43+0200 lvl=info msg="HOTSTUFF PROPOSAL MANIFEST stored"     from=127.0.0.1:40842 number=269 proposalID=0x213231c1a32934b311e265894ced96defead68b1f965f80c50b22d97fef05823 manifestBytes=832  missing=0 bodyBytes=832
        t=2026-09-23T10:35:44+0200 lvl=warn msg=GetBlockByNumer                         number=1
        t=2026-09-23T10:35:44+0200 lvl=warn msg=GetBlockByNumer                         number=267
        t=2026-09-23T10:35:44+0200 lvl=warn msg=GetBlockByNumer                         number=268
        t=2026-09-23T10:35:44+0200 lvl=warn msg=GetBlockByNumer                         number=268
        t=2026-09-23T10:35:49+0200 lvl=warn msg="HOTSTUFF RECOVERY resend NewView"      number=270 viewID=0xb1ab41a6b9e6206fb6f500f6bc3fcc2ce8f8b96daa0fae42149a2e0b80c5a509 to=127.0.0.1:60494
        t=2026-09-23T10:35:54+0200 lvl=warn msg="HOTSTUFF RECOVERY resend NewView"      number=270 viewID=0xb1ab41a6b9e6206fb6f500f6bc3fcc2ce8f8b96daa0fae42149a2e0b80c5a509 to=127.0.0.1:60494
        t=2026-09-23T10:35:59+0200 lvl=warn msg="HOTSTUFF RECOVERY resend NewView"      number=270 viewID=0xb1ab41a6b9e6206fb6f500f6bc3fcc2ce8f8b96daa0fae42149a2e0b80c5a509 to=127.0.0.1:60494
        t=2026-09-23T10:36:04+0200 lvl=warn msg="HOTSTUFF RECOVERY resend NewView"      number=270 viewID=0xb1ab41a6b9e6206fb6f500f6bc3fcc2ce8f8b96daa0fae42149a2e0b80c5a509 to=127.0.0.1:60494
        t=2026-09-23T10:36:09+0200 lvl=warn msg="HOTSTUFF RECOVERY resend NewView"      number=270 viewID=0xb1ab41a6b9e6206fb6f500f6bc3fcc2ce8f8b96daa0fae42149a2e0b80c5a509 to=127.0.0.1:60494
        t=2026-09-23T10:36:14+0200 lvl=warn msg="HOTSTUFF RECOVERY resend NewView"      number=270 viewID=0xb1ab41a6b9e6206fb6f500f6bc3fcc2ce8f8b96daa0fae42149a2e0b80c5a509 to=127.0.0.1:60494
        t=2026-09-23T10:36:19+0200 lvl=warn msg="HOTSTUFF RECOVERY resend NewView"      number=270 viewID=0xb1ab41a6b9e6206fb6f500f6bc3fcc2ce8f8b96daa0fae42149a2e0b80c5a509 to=127.0.0.1:60494
        t=2026-09-23T10:36:24+0200 lvl=warn msg="HOTSTUFF RECOVERY resend NewView"      number=270 viewID=0xb1ab41a6b9e6206fb6f500f6bc3fcc2ce8f8b96daa0fae42149a2e0b80c5a509 to=127.0.0.1:60494
        t=2026-09-23T10:36:29+0200 lvl=warn msg="HOTSTUFF RECOVERY resend NewView"      number=270 viewID=0xb1ab41a6b9e6206fb6f500f6bc3fcc2ce8f8b96daa0fae42149a2e0b80c5a509 to=127.0.0.1:60494
        t=2026-09-23T10:36:34+0200 lvl=warn msg="HOTSTUFF RECOVERY resend NewView"      number=270 viewID=0xb1ab41a6b9e6206fb6f500f6bc3fcc2ce8f8b96daa0fae42149a2e0b80c5a509 to=127.0.0.1:60494
        t=2026-09-23T10:36:39+0200 lvl=warn msg="HOTSTUFF RECOVERY resend NewView"      number=270 viewID=0xb1ab41a6b9e6206fb6f500f6bc3fcc2ce8f8b96daa0fae42149a2e0b80c5a509 to=127.0.0.1:60494
        t=2026-09-23T10:36:44+0200 lvl=warn msg="HOTSTUFF RECOVERY resend NewView"      number=270 viewID=0xb1ab41a6b9e6206fb6f500f6bc3fcc2ce8f8b96daa0fae42149a2e0b80c5a509 to=127.0.0.1:60494
        t=2026-09-23T10:36:49+0200 lvl=warn msg="HOTSTUFF RECOVERY resend NewView"      number=270 viewID=0xb1ab41a6b9e6206fb6f500f6bc3fcc2ce8f8b96daa0fae42149a2e0b80c5a509 to=127.0.0.1:60494
        t=2026-09-23T10:36:51+0200 lvl=info msg="HOTSTUFF PROPOSAL MANIFEST stored"     from=127.0.0.1:60494 number=270 proposalID=0xa6760338686feedd2f868b5309fbb62c9be8ed36741dc814f7a1f567bc47aebd manifestBytes=1222 missing=0 bodyBytes=4396
        t=2026-09-23T10:36:52+0200 lvl=info msg="HOTSTUFF PROPOSAL MANIFEST stored"     from=127.0.0.1:40842 number=271 proposalID=0xcfa2ed5efdfc7606c8e00fe2d7abde3c303ec1b719d804685637721cc3edd802 manifestBytes=832  missing=0 bodyBytes=832
        t=2026-09-23T10:36:52+0200 lvl=warn msg=GetBlockByNumer                         number=263
        t=2026-09-23T10:36:52+0200 lvl=info msg="HOTSTUFF PROPOSAL REF"                 number=272 viewID=0xbef8c64d25ae2a438e1ee30b1baded825bf584caf3f693037f8a47df38e7a281 proposalID=0xe7051dad827b1ecf6156a898272815fe757439730c666288643d3a0018422954 blockHash=0xc149f660553ab050bc358cac795a8c4191f7054e37514f0f129527ee163a506b bodyHash=0xff80f7d67e812e2749025e18a27375ba0e7f1bf130a0ba23f1eabc77765cd996 bodySize=4396 refBytes=446
        t=2026-09-23T10:36:53+0200 lvl=info msg="HOTSTUFF PROPOSAL MANIFEST stored"     from=127.0.0.1:33875 number=273 proposalID=0x5c5848251281ad14b1198adfadc7dcea92f9d302d4796b7a323bced580b74316 manifestBytes=832  missing=0 bodyBytes=832
        t=2026-09-23T10:36:56+0200 lvl=info msg="HOTSTUFF PROPOSAL MANIFEST stored"     from=127.0.0.1:33875 number=274 proposalID=0x632bd42daa5387cb5f8fe1c4a012afbc777ffdc47d57db9d9a0bd51f9b3b65a1 manifestBytes=1222 missing=0 bodyBytes=66237
        t=2026-09-23T10:36:57+0200 lvl=warn msg=GetBlockByNumer                         number=263
        t=2026-09-23T10:36:57+0200 lvl=info msg="HOTSTUFF PROPOSAL REF"                 number=275 viewID=0x31acd5242706c230c4a63749bfb89ceda56cb1850f97f838bbd86c87ca6b4c9d proposalID=0xc513553a71e9d7f7697b26c693e91c97fe63d53c22a252049f97fee4711a77cf blockHash=0x1c173be4b55cb635bfd87f1c3d4afc4918646cc72bc7ed3ccd57606d70272ca8 bodyHash=0x81f48fc469312bd2b4c12fd92d310b6b3a7463fe823d4dba448392a6a0ab82de bodySize=832  refBytes=443
        t=2026-09-23T10:36:57+0200 lvl=warn msg="Send msg try again"                    address=[::]:33646      Couldn't send to=127.0.0.1:49814 error="Operation Canceled"
        t=2026-09-23T10:36:57+0200 lvl=eror msg=CloseConnect                            =[::]:33646 having error closing conn to=127.0.0.1:49814 error="Connection Closed"
        t=2026-09-23T10:36:58+0200 lvl=info msg="HOTSTUFF PROPOSAL MANIFEST stored"     from=127.0.0.1:60494 number=276 proposalID=0x06b4596901f4d55d5dd02fd7ddb4a0957a5010fa1704d34ad71a832d762dfbb2 manifestBytes=1222 missing=0 bodyBytes=66237
        t=2026-09-23T10:36:58+0200 lvl=info msg="HOTSTUFF PROPOSAL MANIFEST stored"     from=127.0.0.1:53724 number=277 proposalID=0xf4213b47e42530c8a1c15850fed5ffc0d7bb7cfb36a1a26df2b848ba1e5007d3 manifestBytes=832  missing=0 bodyBytes=832
        t=2026-09-23T10:37:04+0200 lvl=warn msg="HOTSTUFF RECOVERY resend NewView"      number=278 viewID=0x2b65ecd2c80fb025ef223d849dc9553130ed7bf9b83c833e01d00b94b1fd4ad3 to=127.0.0.1:40842
        t=2026-09-23T10:37:08+0200 lvl=info msg="HOTSTUFF PROPOSAL MANIFEST stored"     from=127.0.0.1:40842 number=278 proposalID=0x576db138140f5d790987a958cce7b6d74ca97d921f58f2b4b4e0073ee05135af manifestBytes=1390 missing=0 bodyBytes=125407
        t=2026-09-23T10:37:09+0200 lvl=info msg="HOTSTUFF PROPOSAL MANIFEST stored"     from=127.0.0.1:47082 number=279 proposalID=0x18f8207675277eaf405c0e417c0288c977850bd5f5f5570d77d6ede758c7ae70 manifestBytes=832  missing=0 bodyBytes=832
        t=2026-09-23T10:37:14+0200 lvl=warn msg="HOTSTUFF RECOVERY resend NewView"      number=280 viewID=0xcf7782f748d8db827f42fe01d992f2178957886b2ee5f6594ea6290e82095995 to=127.0.0.1:33875
        t=2026-09-23T10:37:16+0200 lvl=info msg="HOTSTUFF PROPOSAL MANIFEST stored"     from=127.0.0.1:33875 number=280 proposalID=0xc1e0a8dd2defeeb967ca0322534fea783d540d1a7028890d9ec5fc04a9b08ac7 manifestBytes=1222 missing=0 bodyBytes=63818
        t=2026-09-23T10:37:17+0200 lvl=info msg="HOTSTUFF PROPOSAL MANIFEST stored"     from=127.0.0.1:33875 number=281 proposalID=0xee1ace65236d7e65281ab583cbf4bc2fc85e4b5db79c240d12d2c56a9d7ef7df manifestBytes=1222 missing=0 bodyBytes=63818
        t=2026-09-23T10:37:17+0200 lvl=info msg="HOTSTUFF PROPOSAL MANIFEST stored"     from=127.0.0.1:40842 number=282 proposalID=0xa9bcaaf5ec7bd8c46ae18c5219cd2794610d96ba5e3e4a599126c696e3c37b2c manifestBytes=832  missing=0 bodyBytes=832
        t=2026-09-23T10:37:22+0200 lvl=warn msg="HOTSTUFF RECOVERY resend NewView"      number=283 viewID=0x777d3e9bdfe842ca9ff9f84b7020c6f4d28e46b03e491825a8ac38028337a0c7 to=127.0.0.1:40842
        t=2026-09-23T10:37:24+0200 lvl=info msg="HOTSTUFF PROPOSAL MANIFEST stored"     from=127.0.0.1:40842 number=283 proposalID=0x1bfb6a63d92874784dd5b6bb700b3c7ac17ec2d26be51a181f9785d0775473da manifestBytes=1222 missing=0 bodyBytes=63276
        t=2026-09-23T10:37:25+0200 lvl=warn msg="HOTSTUFF PROPOSAL MANIFEST authority rejected" from=127.0.0.1:47082 leader=127.0.0.1:47082 number=284 proposalID=0x37b587b50360536fe32c3789533ad96f3b9b2ccb0380eb526d047f85329bbab2 err="proposal manifest does not match the current deterministic leader route: manifest key committee is already canonical but is not the current route"
        t=2026-09-23T10:37:25+0200 lvl=eror msg="OnPropose wait proposal body"          number=284 proposalID=0x37b587b50360536fe32c3789533ad96f3b9b2ccb0380eb526d047f85329bbab2 err="hotstuff view state too old"
        t=2026-09-23T10:37:25+0200 lvl=warn msg="HOTSTUFF PROPOSAL MANIFEST authority rejected" from=127.0.0.1:47082 leader=127.0.0.1:47082 number=285 proposalID=0x302891d74abef1efe61c3499d8e39f01cd0e0cfd47096cc5bbf9e3600216a8c7 err="proposal manifest does not match the current deterministic leader route: manifest key committee is already canonical but is not the current route"
        t=2026-09-23T10:37:25+0200 lvl=info msg="HOTSTUFF PROPOSAL REPAIR REQUEST"      to=127.0.0.1:47082 number=284 proposalID=0x37b587b50360536fe32c3789533ad96f3b9b2ccb0380eb526d047f85329bbab2 missing=0 attempt=0
        t=2026-09-23T10:37:25+0200 lvl=info msg="HOTSTUFF PROPOSAL MANIFEST stored"     from=127.0.0.1:47082 number=284 proposalID=0x37b587b50360536fe32c3789533ad96f3b9b2ccb0380eb526d047f85329bbab2 manifestBytes=832  missing=0 bodyBytes=832
        t=2026-09-23T10:37:26+0200 lvl=eror msg="OnPropose wait proposal body"          number=285 proposalID=0x302891d74abef1efe61c3499d8e39f01cd0e0cfd47096cc5bbf9e3600216a8c7 err="hotstuff view state too old"
        t=2026-09-23T10:37:26+0200 lvl=warn msg="reject new-view before storage"        from=127.0.0.1:47082 viewID=0xc7708d177b7c4ec59907cfeff468da27298941bffc494b44ea95dd0195a54c21 err="hotstuff proposal validation pending"
        t=2026-09-23T10:37:26+0200 lvl=warn msg="reject new-view before storage"        from=127.0.0.1:60494 viewID=0xc7708d177b7c4ec59907cfeff468da27298941bffc494b44ea95dd0195a54c21 err="hotstuff proposal validation pending"
        t=2026-09-23T10:37:26+0200 lvl=warn msg="reject new-view before storage"        from=127.0.0.1:49814 viewID=0xc7708d177b7c4ec59907cfeff468da27298941bffc494b44ea95dd0195a54c21 err="hotstuff proposal validation pending"
        t=2026-09-23T10:37:26+0200 lvl=warn msg="reject new-view before storage"        from=127.0.0.1:53724 viewID=0xc7708d177b7c4ec59907cfeff468da27298941bffc494b44ea95dd0195a54c21 err="hotstuff proposal validation pending"
        t=2026-09-23T10:37:26+0200 lvl=warn msg="reject new-view before storage"        from=127.0.0.1:40842 viewID=0xc7708d177b7c4ec59907cfeff468da27298941bffc494b44ea95dd0195a54c21 err="hotstuff proposal validation pending"
        t=2026-09-23T10:37:26+0200 lvl=info msg="HOTSTUFF PROPOSAL REPAIR REQUEST"      to=127.0.0.1:47082 number=285 proposalID=0x302891d74abef1efe61c3499d8e39f01cd0e0cfd47096cc5bbf9e3600216a8c7 missing=0 attempt=0
        t=2026-09-23T10:37:26+0200 lvl=info msg="HOTSTUFF PROPOSAL MANIFEST stored"     from=127.0.0.1:47082 number=285 proposalID=0x302891d74abef1efe61c3499d8e39f01cd0e0cfd47096cc5bbf9e3600216a8c7 manifestBytes=1222 missing=0 bodyBytes=63276
        t=2026-09-23T10:37:26+0200 lvl=warn msg=GetBlockByNumer                         number=263
        t=2026-09-23T10:37:26+0200 lvl=info msg="HOTSTUFF PROPOSAL REF"                 number=286 viewID=0xc7708d177b7c4ec59907cfeff468da27298941bffc494b44ea95dd0195a54c21 proposalID=0x22ea061dee2a39e03550e332a1fb83e1b862cd1c582c2daa14049cb8cec3370f blockHash=0x3f889b3d3e0832db968fed7c938151a5899184e664e8755295b1b6e509cdf9e7 bodyHash=0x8937c32bd6b4fdd34842a9440d2a7b5f73edf20b48b68e4444b1a94226ee7ca6 bodySize=832  refBytes=443
        t=2026-09-23T10:37:31+0200 lvl=warn msg="HOTSTUFF RECOVERY resend NewView"      number=287 viewID=0xbb1f0f33279c7f422f41869cc44ebd89245f8eba287f792e3d931e3e4a6318f5 to=127.0.0.1:53724
    dex_financial_process_test.go:104: DEX child6 full log /tmp/dex-financial-failure-2489431768.log
    dex_financial_process_test.go:109: DEX child6 log: 
    dex_financial_process_test.go:104: DEX child5 full log /tmp/dex-financial-failure-3072697348.log
    dex_financial_process_test.go:109: DEX child5 log: 
    dex_financial_process_test.go:104: DEX child4 full log /tmp/dex-financial-failure-1387328196.log
    dex_financial_process_test.go:109: DEX child4 log: 
    dex_financial_process_test.go:104: DEX child3 full log /tmp/dex-financial-failure-3786466011.log
    dex_financial_process_test.go:109: DEX child3 log: 
    dex_financial_process_test.go:104: DEX child2 full log /tmp/dex-financial-failure-3555425219.log
    dex_financial_process_test.go:109: DEX child2 log: 
    dex_financial_process_test.go:104: DEX child1 full log /tmp/dex-financial-failure-1761091880.log
    dex_financial_process_test.go:109: DEX child1 log: 
    dex_financial_process_test.go:104: DEX child0 full log /tmp/dex-financial-failure-4152292584.log
    dex_financial_process_test.go:109: DEX child0 log: 
    dex_continuous_fixture_test.go:69: CONTINUOUS_PUBLIC_FAILURE_ARCHIVE path=/tmp/continuous-public-failure-2623034258 privateKeysExcluded=true noOperationalData=true
--- FAIL: TestFHSNativeContinuousOrdinaryCLI (716.63s)
FAIL
