=== RUN   TestFHSNativeContinuousOrdinaryCLI
    fhs_process_recovery_test.go:159: CONTINUOUS_CLX_CHILD_LIFETIME timeout=46m59.670061459s parentDeadline=2026-09-23T10:33:16Z finite=true protocolTimeoutsUnchanged=true
    fhs_process_recovery_test.go:159: CONTINUOUS_CLX_CHILD_LIFETIME timeout=46m59.640427429s parentDeadline=2026-09-23T10:33:16Z finite=true protocolTimeoutsUnchanged=true
    fhs_process_recovery_test.go:159: CONTINUOUS_CLX_CHILD_LIFETIME timeout=46m59.612167726s parentDeadline=2026-09-23T10:33:16Z finite=true protocolTimeoutsUnchanged=true
    fhs_process_recovery_test.go:159: CONTINUOUS_CLX_CHILD_LIFETIME timeout=46m59.586484576s parentDeadline=2026-09-23T10:33:16Z finite=true protocolTimeoutsUnchanged=true
    fhs_process_recovery_test.go:159: CONTINUOUS_CLX_CHILD_LIFETIME timeout=46m59.556607604s parentDeadline=2026-09-23T10:33:16Z finite=true protocolTimeoutsUnchanged=true
    fhs_process_recovery_test.go:159: CONTINUOUS_CLX_CHILD_LIFETIME timeout=46m59.527959839s parentDeadline=2026-09-23T10:33:16Z finite=true protocolTimeoutsUnchanged=true
    fhs_process_recovery_test.go:159: CONTINUOUS_CLX_CHILD_LIFETIME timeout=46m59.503299163s parentDeadline=2026-09-23T10:33:16Z finite=true protocolTimeoutsUnchanged=true
    dex_continuous_network_test.go:19: CONTINUOUS_SETUP CLX=[1184160 1184165 1184170 1184176 1184183 1184189 1184195] source=http://127.0.0.1:46639 network=loopback version=3 DEXRegistered=7 activeInitially=6 relayGasPayers=2 coordinatorStateImports=0
    dex_continuous_network_test.go:20: CONTINUOUS_USER_RPC_ACK tx=0xee04a070316c41d97385df7debbcc4a65e71d929cffae6339cea09708f8c1188 nonce=0
    dex_continuous_network_test.go:20: CONTINUOUS_TX height=1 block=0xcae4512de72f8ef51e6cf2b32f0a54ecd0f71fe15b836b9a5ec49c0fad2232ab tx=0xee04a070316c41d97385df7debbcc4a65e71d929cffae6339cea09708f8c1188 payer=0x4F9A577C9EC4fD4A38Fa6F61375494868f55e968 nonce=0 op=funding-1 status=1 gas=271600 gasAtoms=434560000000000 commonAtoms=86912000000000 calldata=12
    dex_continuous_network_test.go:20: CONTINUOUS_ETH_SOURCE height=1 hash=0xcae4512de72f8ef51e6cf2b32f0a54ecd0f71fe15b836b9a5ec49c0fad2232ab root=0xae25f4ca80046fa140bdc54f32c0dc7164a2067e5d196a9386c9128e9e41832d normalFollow=true
    dex_continuous_network_test.go:20: CONTINUOUS_USER_RPC_ACK tx=0x70c4713ace7fdd8b5e0648d169ea1fb10b6c5de207faf6ee96ca5a25e23eead7 nonce=0
    dex_continuous_network_test.go:20: CONTINUOUS_TX height=3 block=0x3a374ff96fdb9beb7fecdff891b830965e28ac696cc0f7495544a250984ecacb tx=0x70c4713ace7fdd8b5e0648d169ea1fb10b6c5de207faf6ee96ca5a25e23eead7 payer=0x00BB9d30903B14261B9f06cD25a8426f9B99Ab6d nonce=0 op=funding-1 status=1 gas=271600 gasAtoms=434560000000000 commonAtoms=86912000000000 calldata=12
    dex_continuous_network_test.go:20: CONTINUOUS_ETH_SOURCE height=3 hash=0x3a374ff96fdb9beb7fecdff891b830965e28ac696cc0f7495544a250984ecacb root=0xf4f5140cf5ab38edcca15e1b4a667814aa23dc7a156b250bf3e2343b451110bf normalFollow=true
    dex_continuous_network_test.go:20: CONTINUOUS_USER_RPC_ACK tx=0xa0f9f4f51cc0e543faafefdf80b8d526cfa43f3dbb4fc2b593125a053a690949 nonce=0
    dex_continuous_network_test.go:20: CONTINUOUS_TX height=5 block=0x4a987425ee470644a19b2de49798df590ea23e84451360097d48c4b8c2fdedcc tx=0xa0f9f4f51cc0e543faafefdf80b8d526cfa43f3dbb4fc2b593125a053a690949 payer=0xb300b46CEa279E7dc0eAB351A0d7833f198CB5C5 nonce=0 op=funding-2 status=1 gas=271600 gasAtoms=434560000000000 commonAtoms=86912000000000 calldata=12
    dex_continuous_network_test.go:20: CONTINUOUS_ETH_SOURCE height=5 hash=0x4a987425ee470644a19b2de49798df590ea23e84451360097d48c4b8c2fdedcc root=0x922e2745a885b830da1a9fe14a5b6c01b287e5e986786653e49b1cc0b879e235 normalFollow=true
    dex_continuous_network_test.go:20: CONTINUOUS_USER_RPC_ACK tx=0x9614de27033f8eb10648aac451a64e6d0083d3342a9818ddeed0cd4b2d1fdeec nonce=1
    dex_continuous_network_test.go:20: CONTINUOUS_TX height=7 block=0x5f78bc5a893b8f804e1970b73b1b30d59b2d0ea3511c4cd16bba13a00a991b6e tx=0x9614de27033f8eb10648aac451a64e6d0083d3342a9818ddeed0cd4b2d1fdeec payer=0xb300b46CEa279E7dc0eAB351A0d7833f198CB5C5 nonce=1 op=funding-3 status=1 gas=271600 gasAtoms=434560000000000 commonAtoms=86912000000000 calldata=12
    dex_continuous_network_test.go:20: CONTINUOUS_ETH_SOURCE height=7 hash=0x5f78bc5a893b8f804e1970b73b1b30d59b2d0ea3511c4cd16bba13a00a991b6e root=0x895ab90814b0631e0df0e54f9b71feb1ec93270ef72250f33f4b3997f0898b28 normalFollow=true
    dex_continuous_network_test.go:20: NATIVE_BALANCE height=7 account=0x000000000000000000000000000000000000B123 initial=123 final=347648000000123 delta=347648000000000
    dex_continuous_network_test.go:20: NATIVE_BALANCE height=7 account=0x0000000000000000000000000000000000De0001 initial=0 final=225000000000000000000 delta=225000000000000000000
    dex_continuous_network_test.go:20: NATIVE_BALANCE height=7 account=0x00BB9d30903B14261B9f06cD25a8426f9B99Ab6d initial=1000000000000000000000 final=899999565440000000000 delta=-100000434560000000000
    dex_continuous_network_test.go:20: NATIVE_BALANCE height=7 account=0x13C2af1D12c92091dDE204553008167c7531b10F initial=1000000000000000000000000000 final=1000000000000000000000000000 delta=0
    dex_continuous_network_test.go:20: NATIVE_BALANCE height=7 account=0x39Cb19b89195dFE14dd617013A6FE5f54B702B1c initial=1000000000000000000000 final=1000000000000000000000 delta=0
    dex_continuous_network_test.go:20: NATIVE_BALANCE height=7 account=0x4F9A577C9EC4fD4A38Fa6F61375494868f55e968 initial=1000000000000000000000 final=899999565440000000000 delta=-100000434560000000000
    dex_continuous_network_test.go:20: NATIVE_BALANCE height=7 account=0xa08D8d1db1A20D738faB1F48c4e2d6b60333d42B initial=77 final=77 delta=0
    dex_continuous_network_test.go:20: NATIVE_BALANCE height=7 account=0xb300b46CEa279E7dc0eAB351A0d7833f198CB5C5 initial=1000000000000000000000 final=974999130880000000000 delta=-25000869120000000000
    dex_continuous_network_test.go:20: NATIVE_BALANCE height=7 account=0xc3e044AC8709aBaa9139864154A332965a92A3Cd initial=1000000000000000000000 final=1000000000000000000000 delta=0
    dex_continuous_network_test.go:20: NATIVE_LEDGER_RECONCILED height=7 custody=225000000000000000000 gas=1738240000000000 commonReward=347648000000000 burn=1390592000000000 accounts=9 engine=0/0/0
    dex_continuous_network_test.go:20: CONTINUOUS_BUCKET key=F atoms=0
    dex_continuous_network_test.go:20: CONTINUOUS_BUCKET key=I atoms=5000000000000000000
    dex_continuous_network_test.go:20: CONTINUOUS_BUCKET key=R atoms=0
    dex_continuous_network_test.go:20: CONTINUOUS_BUCKET key=S atoms=20000000000000000000
    dex_continuous_network_test.go:20: CONTINUOUS_BUCKET key=T atoms=0
    dex_continuous_network_test.go:20: CONTINUOUS_BUCKET key=U atoms=200000000000000000000
    dex_continuous_network_test.go:20: CONTINUOUS_BUCKET key=W atoms=0
    dex_continuous_network_test.go:20: CONTINUOUS_BUCKET key=Z atoms=0
    dex_continuous_network_test.go:20: CONTINUOUS_LIMITS maxCalldata=12 maxHeaders=0 maxMPTNodes=0 maxMPTBytes=0 operationCounts=map[funding-1:2 funding-2:1 funding-3:1]
    dex_continuous_network_test.go:21: NORMAL_FINANCIAL_ROLES index=0 CommonPID=1184292 DEXSidecarPID=1184313 api=127.0.0.2:44333 pow=false rpcReward=false
    dex_continuous_network_test.go:21: CONTINUOUS_COMMON_PEER index=0 parentPID=1184292 initialConnection=true forcedHeadRefresh=false
    dex_continuous_network_test.go:21: NORMAL_FINANCIAL_ROLES index=1 CommonPID=1184329 DEXSidecarPID=1184337 api=127.0.0.3:44627 pow=false rpcReward=false
    dex_continuous_network_test.go:21: CONTINUOUS_COMMON_PEER index=1 parentPID=1184329 initialConnection=true forcedHeadRefresh=false
    dex_continuous_network_test.go:21: NORMAL_FINANCIAL_ROLES index=2 CommonPID=1184354 DEXSidecarPID=1184366 api=127.0.0.4:43979 pow=false rpcReward=false
    dex_continuous_network_test.go:21: CONTINUOUS_COMMON_PEER index=2 parentPID=1184354 initialConnection=true forcedHeadRefresh=false
    dex_continuous_network_test.go:21: NORMAL_FINANCIAL_ROLES index=3 CommonPID=1184383 DEXSidecarPID=1184407 api=127.0.0.5:45887 pow=false rpcReward=false
    dex_continuous_network_test.go:21: CONTINUOUS_COMMON_PEER index=3 parentPID=1184383 initialConnection=true forcedHeadRefresh=false
    dex_continuous_network_test.go:21: NORMAL_FINANCIAL_ROLES index=4 CommonPID=1184425 DEXSidecarPID=1184439 api=127.0.0.6:40337 pow=false rpcReward=false
    dex_continuous_network_test.go:21: CONTINUOUS_COMMON_PEER index=4 parentPID=1184425 initialConnection=true forcedHeadRefresh=false
    dex_continuous_network_test.go:21: NORMAL_FINANCIAL_ROLES index=5 CommonPID=1184457 DEXSidecarPID=1184467 api=127.0.0.7:41203 pow=false rpcReward=false
    dex_continuous_network_test.go:21: CONTINUOUS_COMMON_PEER index=5 parentPID=1184457 initialConnection=true forcedHeadRefresh=false
    dex_continuous_network_test.go:23: NORMAL_RELAY index=0 pid=1184478 store=/tmp/TestFHSNativeContinuousOrdinaryCLI2583291541/001/relay-0 payer=0xc3e044AC8709aBaa9139864154A332965a92A3Cd
    dex_continuous_network_test.go:23: NORMAL_RELAY index=1 pid=1184479 store=/tmp/TestFHSNativeContinuousOrdinaryCLI2583291541/001/relay-1 payer=0x39Cb19b89195dFE14dd617013A6FE5f54B702B1c
    dex_continuous_network_test.go:25: CONTINUOUS_DEX certified>=1 finalized>=0 active=6
    dex_continuous_network_test.go:25: CONTINUOUS_DEX_INGRESS expectedHeight=2 bytes=282
    dex_continuous_network_test.go:25: CONTINUOUS_DEX certified>=2 finalized>=0 active=6
    dex_continuous_network_test.go:25: CONTINUOUS_CERTIFIED_RECORD height=2 view=4 finalizedTip=1 anchor=7 inbox=4..4 actionBytes=282 dataRoot=fea8ed148afe59446ee571bbc7a2fc63e9c78688b8439616de8010bafafad11e isCDXA=false NOT_FINALITY=true
    dex_continuous_network_test.go:25: CONTINUOUS_SOURCE_DESCENDANT height=3 certifiedInbox=1 actualFinalized=1 importedCursor=4 targetCursor=4
    dex_continuous_network_test.go:25: CONTINUOUS_DEX_INGRESS expectedHeight=3 bytes=282
    dex_continuous_network_test.go:25: CONTINUOUS_DEX certified>=3 finalized>=0 active=6
    dex_continuous_network_test.go:25: CONTINUOUS_CERTIFIED_RECORD height=3 view=5 finalizedTip=2 anchor=7 inbox=4..4 actionBytes=282 dataRoot=619326567d4009cddd30c1c453328fb82db34c6331fcb7fba590f36cf1251bca isCDXA=false NOT_FINALITY=true
    dex_continuous_network_test.go:25: CONTINUOUS_SOURCE_DESCENDANT height=4 certifiedInbox=1 actualFinalized=2 importedCursor=4 targetCursor=4
    dex_continuous_network_test.go:25: CONTINUOUS_DEX_INGRESS expectedHeight=4 bytes=282
    dex_continuous_network_test.go:25: CONTINUOUS_DEX certified>=4 finalized>=0 active=6
    dex_continuous_network_test.go:25: CONTINUOUS_CERTIFIED_RECORD height=4 view=6 finalizedTip=3 anchor=7 inbox=4..4 actionBytes=282 dataRoot=9c620df4631e7885d908a2822514b136784885ee0f3dc291e6300addca56d56a isCDXA=false NOT_FINALITY=true
    dex_continuous_network_test.go:25: CONTINUOUS_SOURCE_DESCENDANT height=5 certifiedInbox=1 actualFinalized=3 importedCursor=4 targetCursor=4
    dex_continuous_network_test.go:25: CONTINUOUS_DEX_INGRESS expectedHeight=5 bytes=282
    dex_continuous_network_test.go:25: CONTINUOUS_DEX certified>=5 finalized>=0 active=6
    dex_continuous_network_test.go:25: CONTINUOUS_CERTIFIED_RECORD height=5 view=8 finalizedTip=3 anchor=7 inbox=4..4 actionBytes=282 dataRoot=05023a220b6b145095e601683eef4f2eabad16fa8439a5a3b8d78d88d94f2f5b isCDXA=false NOT_FINALITY=true
    dex_continuous_network_test.go:25: CONTINUOUS_CERTIFIED_RECORD height=5 view=8 finalizedTip=3 anchor=7 inbox=4..4 actionBytes=282 dataRoot=05023a220b6b145095e601683eef4f2eabad16fa8439a5a3b8d78d88d94f2f5b isCDXA=false NOT_FINALITY=true
    dex_continuous_network_test.go:25: CONTINUOUS_PARTICIPATION_CANDIDATES height=5 certifiedView=8 proposal=1be5731c82fdef62eae1b81bbd2711b2e209d9032036f925d71d11c23d708cbc selected/retained: node0=6/6 node1=6/6 node2=6/6 node3=6/6 node4=6/6 node5=6/6 oldViewEvidenceRetained=true
    dex_continuous_network_test.go:25: CONTINUOUS_PARTICIPATION height=5 period=1 authenticatedParticipants=6
    dex_continuous_network_test.go:25: CONTINUOUS_DEX_INGRESS expectedHeight=6 bytes=2468
    dex_continuous_network_test.go:25: CONTINUOUS_DEX certified>=6 finalized>=0 active=6
    dex_continuous_network_test.go:25: CONTINUOUS_CERTIFIED_RECORD height=6 view=9 finalizedTip=5 anchor=7 inbox=4..4 actionBytes=2468 dataRoot=415a4060d6326e6b2f738e4a0158d3a19d7c54b4de2c9bf76b764706d19e67b1 isCDXA=false NOT_FINALITY=true
    dex_continuous_network_test.go:25: CONTINUOUS_SOURCE_DESCENDANT height=7 certifiedInbox=1 actualFinalized=5 importedCursor=4 targetCursor=4
    dex_continuous_network_test.go:25: CONTINUOUS_DEX_INGRESS expectedHeight=7 bytes=282
    dex_continuous_network_test.go:25: CONTINUOUS_DEX certified>=7 finalized>=0 active=6
    dex_continuous_network_test.go:25: CONTINUOUS_CERTIFIED_RECORD height=7 view=10 finalizedTip=6 anchor=7 inbox=4..4 actionBytes=282 dataRoot=f77ee585f5994edf32870390b2d72831381e81b84137449ef38f7a49d4e5b8a6 isCDXA=false NOT_FINALITY=true
    dex_continuous_network_test.go:25: CONTINUOUS_CERTIFIED_RECORD height=7 view=10 finalizedTip=6 anchor=7 inbox=4..4 actionBytes=282 dataRoot=f77ee585f5994edf32870390b2d72831381e81b84137449ef38f7a49d4e5b8a6 isCDXA=false NOT_FINALITY=true
    dex_continuous_network_test.go:25: CONTINUOUS_SOURCE_INTERVAL certifiedParent=7 actualFinalized=6 anchor=7 cursor=4 total=225000000000000000000 authenticatedParent=true NOT_FINALITY=true
    dex_continuous_network_test.go:25: CONTINUOUS_DEX_INGRESS expectedHeight=8 bytes=282
    dex_continuous_network_test.go:25: CONTINUOUS_DEX certified>=8 finalized>=0 active=6
    dex_continuous_network_test.go:25: CONTINUOUS_CERTIFIED_RECORD height=8 view=11 finalizedTip=7 anchor=7 inbox=4..4 actionBytes=282 dataRoot=b329cee5b170c395931d1935ea547c10a8a5b6b54cf46ad035334752d1cecce8 isCDXA=false NOT_FINALITY=true
    dex_continuous_network_test.go:25: CONTINUOUS_DEX_INGRESS expectedHeight=9 bytes=282
    dex_continuous_network_test.go:25: CONTINUOUS_DEX certified>=9 finalized>=0 active=6
    dex_continuous_network_test.go:25: CONTINUOUS_CERTIFIED_RECORD height=9 view=12 finalizedTip=8 anchor=7 inbox=4..4 actionBytes=282 dataRoot=c7258db1d91b663c32829fddda62ac740a33ca25a93fc54feecb30e70b1bde50 isCDXA=false NOT_FINALITY=true
    dex_continuous_network_test.go:25: CONTINUOUS_DEX_INGRESS expectedHeight=10 bytes=282
    dex_continuous_network_test.go:25: CONTINUOUS_DEX certified>=10 finalized>=0 active=6
    dex_continuous_network_test.go:25: CONTINUOUS_CERTIFIED_RECORD height=10 view=13 finalizedTip=9 anchor=7 inbox=4..4 actionBytes=282 dataRoot=8b268fdad722f5f30af8f2a0c345db971e1a0ffc4f2496cea83a9e4af29741c4 isCDXA=false NOT_FINALITY=true
    dex_continuous_network_test.go:25: CONTINUOUS_DEX_INGRESS expectedHeight=11 bytes=282
    dex_continuous_network_test.go:25: CONTINUOUS_DEX certified>=11 finalized>=0 active=6
    dex_continuous_network_test.go:25: CONTINUOUS_CERTIFIED_RECORD height=11 view=15 finalizedTip=9 anchor=7 inbox=4..4 actionBytes=282 dataRoot=4a52c279cd7d77ca638e80d7724b1d8f5e012ec916cf44c302073dbde4458654 isCDXA=false NOT_FINALITY=true
    dex_continuous_network_test.go:25: CONTINUOUS_DEX_INGRESS expectedHeight=12 bytes=282
    dex_continuous_network_test.go:25: CONTINUOUS_DEX certified>=12 finalized>=0 active=6
    dex_continuous_network_test.go:25: CONTINUOUS_CERTIFIED_RECORD height=12 view=16 finalizedTip=11 anchor=7 inbox=4..4 actionBytes=282 dataRoot=a060a555c22244a16f9598edbb06cd7e9bd1ba6dc67064c077606d0c823cd7aa isCDXA=false NOT_FINALITY=true
    dex_continuous_network_test.go:25: CONTINUOUS_DEX_INGRESS expectedHeight=13 bytes=282
    dex_continuous_network_test.go:25: CONTINUOUS_DEX certified>=13 finalized>=0 active=6
    dex_continuous_network_test.go:25: CONTINUOUS_CERTIFIED_RECORD height=13 view=17 finalizedTip=12 anchor=7 inbox=4..4 actionBytes=282 dataRoot=3480ca0dec4ddaf90ab19126919c7640668520ca5740060aa4a20edacb39c34b isCDXA=false NOT_FINALITY=true
    dex_continuous_network_test.go:25: CONTINUOUS_DEX_INGRESS expectedHeight=14 bytes=282
    dex_continuous_network_test.go:25: CONTINUOUS_DEX certified>=14 finalized>=0 active=6
    dex_continuous_network_test.go:25: CONTINUOUS_CERTIFIED_RECORD height=14 view=18 finalizedTip=13 anchor=7 inbox=4..4 actionBytes=282 dataRoot=40f580d280bd0bbee86bb3799f8514bb50068ba1a661b32f8742ad56dc246512 isCDXA=false NOT_FINALITY=true
    dex_continuous_network_test.go:25: CONTINUOUS_DEX_INGRESS expectedHeight=15 bytes=282
    dex_continuous_network_test.go:25: CONTINUOUS_DEX certified>=15 finalized>=0 active=6
    dex_continuous_network_test.go:25: CONTINUOUS_CERTIFIED_RECORD height=15 view=19 finalizedTip=14 anchor=7 inbox=4..4 actionBytes=282 dataRoot=a18be17de32b822a28fd64bd2f64aed1d1967f7217e096ab5cafa457f8085eb4 isCDXA=false NOT_FINALITY=true
    dex_continuous_network_test.go:25: CONTINUOUS_CERTIFIED_RECORD height=15 view=19 finalizedTip=14 anchor=7 inbox=4..4 actionBytes=282 dataRoot=a18be17de32b822a28fd64bd2f64aed1d1967f7217e096ab5cafa457f8085eb4 isCDXA=false NOT_FINALITY=true
    dex_continuous_network_test.go:25: CONTINUOUS_PARTICIPATION_CANDIDATES height=15 certifiedView=19 proposal=01070f13b36c6b0fae9f459fac717731a13ee8b12399ab3f81f052be6279aea4 selected/retained: node0=6/6 node1=6/6 node2=6/6 node3=6/6 node4=6/6 node5=6/6 oldViewEvidenceRetained=true
    dex_continuous_network_test.go:25: CONTINUOUS_PARTICIPATION height=15 period=2 authenticatedParticipants=6
    dex_continuous_network_test.go:25: CONTINUOUS_DEX_INGRESS expectedHeight=16 bytes=2468
    dex_continuous_network_test.go:25: CONTINUOUS_DEX certified>=16 finalized>=0 active=6
    dex_continuous_network_test.go:25: CONTINUOUS_CERTIFIED_RECORD height=16 view=20 finalizedTip=15 anchor=7 inbox=4..4 actionBytes=2468 dataRoot=6c49f566ffc38b76405ca2227da9c297f9f91dddee0fc8c63eab102412710164 isCDXA=false NOT_FINALITY=true
    dex_continuous_network_test.go:25: CONTINUOUS_DEX_INGRESS expectedHeight=17 bytes=282
    dex_continuous_network_test.go:25: CONTINUOUS_DEX certified>=17 finalized>=0 active=6
    dex_continuous_network_test.go:25: CONTINUOUS_CERTIFIED_RECORD height=17 view=22 finalizedTip=15 anchor=7 inbox=4..4 actionBytes=282 dataRoot=abbe8ca7fe673cca1038148a5b6be699bfb43496e63486424ff5fe23a19df079 isCDXA=false NOT_FINALITY=true
    dex_continuous_economy_test.go:364: CONTINUOUS_DEX certified>=17 finalized>=14 active=6
    dex_continuous_economy_test.go:364: CONTINUOUS_DEX_INGRESS expectedHeight=18 bytes=20876
    dex_continuous_economy_test.go:364: CONTINUOUS_DEX certified>=18 finalized>=0 active=6
    dex_continuous_economy_test.go:364: CONTINUOUS_CERTIFIED_RECORD height=18 view=23 finalizedTip=17 anchor=7 inbox=4..4 actionBytes=20876 dataRoot=05e475bdf8f41336efe6ea193f4de9786fb830014bb97859de3a969a1bdc8146 isCDXA=false NOT_FINALITY=true
    dex_continuous_economy_test.go:364: CONTINUOUS_REWARD_CLOSE period=1 actionHeight=18 packageBytes=20876 participants=6 grace=14
    dex_continuous_economy_test.go:365: CONTINUOUS_DEX_INGRESS expectedHeight=19 bytes=282
    dex_continuous_economy_test.go:365: CONTINUOUS_DEX certified>=19 finalized>=0 active=6
    dex_continuous_economy_test.go:365: CONTINUOUS_CERTIFIED_RECORD height=19 view=24 finalizedTip=18 anchor=7 inbox=4..4 actionBytes=282 dataRoot=7d83f4d9b476bd17947527c26df3457b1b8aac299f4947ab27affa498c89a69b isCDXA=false NOT_FINALITY=true
    dex_continuous_economy_test.go:366: CONTINUOUS_DEX_INGRESS expectedHeight=20 bytes=282
    dex_continuous_economy_test.go:366: CONTINUOUS_DEX certified>=20 finalized>=0 active=6
    dex_continuous_economy_test.go:366: CONTINUOUS_CERTIFIED_RECORD height=20 view=25 finalizedTip=19 anchor=7 inbox=4..4 actionBytes=282 dataRoot=6ae8a1b6bd2ec2a94156dfb4161fafa78aefcd506af9a6f518194b68ab6f39cc isCDXA=false NOT_FINALITY=true
    dex_continuous_economy_test.go:367: CONTINUOUS_DEX certified>=20 finalized>=18 active=6
    dex_continuous_network_test.go:25: CONTINUOUS_CYCLE cycle=1 DEXFinalized=18 CLXAnchor=7 inbox=4 fees=64000000000000000 support=19020000000000000000 total=225000000000000000000 withdrawalReserved=10000000000000000000 rewardReserved=1000000000000000000
    dex_continuous_network_test.go:26: CONTINUOUS_PROGRESS_START label=settlement-18 idle=2m0s hard=2026-09-23T10:32:46.463743082Z canonical={Sequence:0 Claims:0 Anchor:0}
    dex_continuous_network_test.go:26: CONTINUOUS_ANCHOR_COST tx=0x373f28e4999b65108a5b2b268e0d24f9d0f5e2768854afdf6ad43a8e36727883 calldata=14360 headers=7 mptNodes=7 mptBytes=1239 gas=12788644
    dex_continuous_network_test.go:26: CONTINUOUS_TX height=9 block=0xb9557c4e1ddd73798a6252a43150904859b3b3cfd88abb2a631999504f6ba751 tx=0x373f28e4999b65108a5b2b268e0d24f9d0f5e2768854afdf6ad43a8e36727883 payer=0x39Cb19b89195dFE14dd617013A6FE5f54B702B1c nonce=0 op=anchor status=1 gas=12788644 gasAtoms=20461830400000000 commonAtoms=4092366080000000 calldata=14360
    dex_continuous_network_test.go:26: CONTINUOUS_ANCHOR_COST tx=0xd902061156018dad0e53d92b97361e61601986e26e7254ceb1ef31cd10560752 calldata=14360 headers=7 mptNodes=7 mptBytes=1239 gas=12788644
    dex_continuous_network_test.go:26: CONTINUOUS_TX height=10 block=0x7c5e2a4b341f8e41ff97cefb35a20b6f7ad75a08ba92dea13fdab7e1e78d5d08 tx=0xd902061156018dad0e53d92b97361e61601986e26e7254ceb1ef31cd10560752 payer=0xc3e044AC8709aBaa9139864154A332965a92A3Cd nonce=0 op=anchor status=1 gas=12788644 gasAtoms=20461830400000000 commonAtoms=4092366080000000 calldata=14360
    dex_continuous_network_test.go:26: CONTINUOUS_CHECKPOINT sequence=1 hash=ca10b205577d53510545899f917746f422e47ab38dc25e348fc1e3389f63b8f0 anchor=7/5f78bc5a893b8f804e1970b73b1b30d59b2d0ea3511c4cd16bba13a00a991b6e inbox=0..4 fee=0 rewardFee=0 rewardSupport=0
    dex_continuous_network_test.go:26: CONTINUOUS_TX height=12 block=0x6a6942c2a2f436882e449be0a05a2eb84c76a2c0a8248cfae5360edfce3fb75f tx=0x9cfdb72267ba191dc4e53ab9b5bf6226ff203fa1df5a98870a33c4dd21aa29de payer=0x39Cb19b89195dFE14dd617013A6FE5f54B702B1c nonce=1 op=checkpoint status=1 gas=12125436 gasAtoms=19400697600000000 commonAtoms=3880139520000000 calldata=2052
    dex_continuous_network_test.go:26: CONTINUOUS_TX height=14 block=0x87728fd3dbc979d0926099144eddbf7f06a755538b3e14a3b8969f8ecfaf5733 tx=0xd0539764f560fe135a1a7d656e443377b726efe3b9dbc84284e160708f061b6f payer=0xc3e044AC8709aBaa9139864154A332965a92A3Cd nonce=1 op=checkpoint-replay status=1 gas=12125436 gasAtoms=19400697600000000 commonAtoms=3880139520000000 calldata=2052
    dex_continuous_network_test.go:26: CONTINUOUS_CHECKPOINT sequence=2 hash=38860949612715a8ef4810a34a8f0ed41d2a375d69d143bf4bd973edf1f943cb anchor=7/5f78bc5a893b8f804e1970b73b1b30d59b2d0ea3511c4cd16bba13a00a991b6e inbox=4..4 fee=0 rewardFee=0 rewardSupport=0
    dex_continuous_network_test.go:26: CONTINUOUS_TX height=16 block=0x6e3a1d5e33167a37801a9e4f18cf4b48607ab19088d83ce10116a2deddee655f tx=0x96c9c3e7eebeffe38ea55a5038d519fd58bd3e33288f4f268a1bdbc12ed8f74b payer=0x39Cb19b89195dFE14dd617013A6FE5f54B702B1c nonce=2 op=checkpoint status=1 gas=12126096 gasAtoms=19401753600000000 commonAtoms=3880350720000000 calldata=2052
    dex_continuous_network_test.go:26: CONTINUOUS_TX height=18 block=0x8c04af0c52187ac0bc904e760295a3224f0ecf1d2f72e6f69b58afde3dcc2cbe tx=0x061b3c2847d508a63742fb29f0f87ea5f8b2bfd4bb0565d0be0c13cba9e4be71 payer=0xc3e044AC8709aBaa9139864154A332965a92A3Cd nonce=2 op=checkpoint-replay status=1 gas=12126096 gasAtoms=19401753600000000 commonAtoms=3880350720000000 calldata=2052
    dex_continuous_network_test.go:26: CONTINUOUS_CHECKPOINT sequence=3 hash=a470cc57a21dd9515e4aec97962eee5890ee79fbab0414de62a285a7eb24a180 anchor=7/5f78bc5a893b8f804e1970b73b1b30d59b2d0ea3511c4cd16bba13a00a991b6e inbox=4..4 fee=0 rewardFee=0 rewardSupport=0
    dex_continuous_network_test.go:26: CONTINUOUS_TX height=20 block=0xca046f7301a23aec1966fa57a24f5ec683fa4e9e40ff74f6828651c382723598 tx=0x4ca290a6863c44cb8ed018e4fa09200448c01b265b3db2104dabdcb337d6bae4 payer=0x39Cb19b89195dFE14dd617013A6FE5f54B702B1c nonce=3 op=checkpoint status=1 gas=12126120 gasAtoms=19401792000000000 commonAtoms=3880358400000000 calldata=2052
    dex_continuous_network_test.go:26: CONTINUOUS_TX height=22 block=0x9d00de7d4f7b172d3e57272c2a3f055ba28d0857ab3a710b634e62dec3124327 tx=0xaf843259bcac0872b0d7e4d8f39802e90320badbfc53801dc0a5903bdf983366 payer=0xc3e044AC8709aBaa9139864154A332965a92A3Cd nonce=3 op=checkpoint-replay status=1 gas=12126120 gasAtoms=19401792000000000 commonAtoms=3880358400000000 calldata=2052
    dex_continuous_network_test.go:26: CONTINUOUS_CHECKPOINT sequence=4 hash=59bb37545d76a491f143b1aa31c72f3209d8edc2dec7b8de9b09c90ddf1ca242 anchor=7/5f78bc5a893b8f804e1970b73b1b30d59b2d0ea3511c4cd16bba13a00a991b6e inbox=4..4 fee=0 rewardFee=0 rewardSupport=0
    dex_continuous_network_test.go:26: CONTINUOUS_TX height=24 block=0x97c785d1bc3883f735069ea11ba5ad25340a3276248fc028e6e0c5c24853bb4e tx=0xcfca201dc12704d4104e91e388ede3886c47672199a515c713b59447acdc6d6f payer=0x39Cb19b89195dFE14dd617013A6FE5f54B702B1c nonce=4 op=checkpoint status=1 gas=12153852 gasAtoms=19446163200000000 commonAtoms=3889232640000000 calldata=2574
    dex_continuous_network_test.go:26: CONTINUOUS_TX height=26 block=0xaee13d957f20d449a0c2297a095fac26d95ab995875899b4dc46b3b4f08f7d43 tx=0x1b1c2ce05cb6b0f624e3386aefb74ca3d0284c3c447762a6500b24ed326d2c26 payer=0xc3e044AC8709aBaa9139864154A332965a92A3Cd nonce=4 op=checkpoint-replay status=1 gas=12153852 gasAtoms=19446163200000000 commonAtoms=3889232640000000 calldata=2574
    dex_continuous_network_test.go:26: CONTINUOUS_CHECKPOINT sequence=5 hash=b78452a95be8e1e031b785bce39175ff4e1492fe033efd3f801504ce7cbbfdc3 anchor=7/5f78bc5a893b8f804e1970b73b1b30d59b2d0ea3511c4cd16bba13a00a991b6e inbox=4..4 fee=0 rewardFee=0 rewardSupport=0
    dex_continuous_network_test.go:26: CONTINUOUS_TX height=28 block=0x82ad51e4c95802b47de1ff251dd90e2e7326a265ed93c37ce5b9be137d88f42a tx=0x9280250ac820fe225983622d9489a49c25144b37ab6fdfbb5aaf2a5ad73f6ffd payer=0x39Cb19b89195dFE14dd617013A6FE5f54B702B1c nonce=5 op=checkpoint status=1 gas=12126168 gasAtoms=19401868800000000 commonAtoms=3880373760000000 calldata=2052
    dex_continuous_network_test.go:26: CONTINUOUS_TX height=30 block=0xd9fc27967d73e623d57803b3bb5b7326157567dd6e4734f3b78bd5d2d013fbdb tx=0x5252aaac0a847ce5f5b3f47d0441dd0e73e475585051663c2422895dd98d746b payer=0xc3e044AC8709aBaa9139864154A332965a92A3Cd nonce=5 op=checkpoint-replay status=1 gas=12126168 gasAtoms=19401868800000000 commonAtoms=3880373760000000 calldata=2052
    dex_continuous_network_test.go:26: CONTINUOUS_CHECKPOINT sequence=6 hash=9e6446c482e0f610e272dd13af2adb50ca6cb1978d1015231eab0008b91e620e anchor=7/5f78bc5a893b8f804e1970b73b1b30d59b2d0ea3511c4cd16bba13a00a991b6e inbox=4..4 fee=0 rewardFee=0 rewardSupport=0
    dex_continuous_network_test.go:26: CONTINUOUS_TX height=32 block=0xd283e3b3c03f9860a1bf0cdd8f7f74530de926b6c62dc9fc0212af2e8afcb41f tx=0x9d615ab1790a0fbe3c6312498d4ab42eca9938da0ee7551bb339ec3dc352ae2b payer=0x39Cb19b89195dFE14dd617013A6FE5f54B702B1c nonce=6 op=checkpoint status=1 gas=12126132 gasAtoms=19401811200000000 commonAtoms=3880362240000000 calldata=2052
    dex_continuous_network_test.go:26: CONTINUOUS_TX height=33 block=0x3d6c9457380e4059f6e186d156473e05fe7f9d9315ff3e2fd80c3ee86485b413 tx=0x67b930bf6e2e68b4d777d9aadd263c0b07d58516b85292eec6cfec6493b0d93b payer=0xc3e044AC8709aBaa9139864154A332965a92A3Cd nonce=6 op=checkpoint-replay status=1 gas=12126132 gasAtoms=19401811200000000 commonAtoms=3880362240000000 calldata=2052
    dex_continuous_network_test.go:26: CONTINUOUS_CHECKPOINT sequence=7 hash=ec399a440bf3f56abd025fcf6766cb189b5c7c380b2c4b657899c7be672fcbcd anchor=7/5f78bc5a893b8f804e1970b73b1b30d59b2d0ea3511c4cd16bba13a00a991b6e inbox=4..4 fee=0 rewardFee=0 rewardSupport=0
    dex_continuous_network_test.go:26: CONTINUOUS_TX height=35 block=0xb5baa2d1ce818314e74a5aa5bb8a1ea71b4077bff76106d62aba572c8435796a tx=0xfb15f4de776b43e9f1c1a80dca140aaf88e582c75983da5f0ceecca6e1849779 payer=0x39Cb19b89195dFE14dd617013A6FE5f54B702B1c nonce=7 op=checkpoint status=1 gas=12126096 gasAtoms=19401753600000000 commonAtoms=3880350720000000 calldata=2052
    dex_continuous_network_test.go:26: CONTINUOUS_TX height=36 block=0xf07bbc88343ec21aca3783e348cd0b8d0584d5abd4839bbadec01f0094f7ad91 tx=0xafcc9e9f773dfd46ea69492b2ce62fd6177fa1ce2565911bdfa5e50be4a7b323 payer=0xc3e044AC8709aBaa9139864154A332965a92A3Cd nonce=7 op=checkpoint-replay status=1 gas=12126096 gasAtoms=19401753600000000 commonAtoms=3880350720000000 calldata=2052
    dex_continuous_network_test.go:26: CONTINUOUS_CHECKPOINT sequence=8 hash=012641386f54d53dbc8bfcd45b30265101eb2e8f54964c164e8fa004c2d56795 anchor=7/5f78bc5a893b8f804e1970b73b1b30d59b2d0ea3511c4cd16bba13a00a991b6e inbox=4..4 fee=0 rewardFee=0 rewardSupport=0
    dex_continuous_network_test.go:26: CONTINUOUS_TX height=38 block=0xb64cc62e18a92654d32b88aaf91f1989add858d47d6d97260412136253554e52 tx=0x9e5ce88a2976f4dabb4c5e74d298245264f59ac7fe83805fc48a181d8d470874 payer=0x39Cb19b89195dFE14dd617013A6FE5f54B702B1c nonce=8 op=checkpoint status=1 gas=12126132 gasAtoms=19401811200000000 commonAtoms=3880362240000000 calldata=2052
    dex_continuous_network_test.go:26: CONTINUOUS_TX height=39 block=0xf8df5ee86e7bc1989ed4a421ec3caca8bc03dea59d053756a8acc3f56890a8b3 tx=0x0d389018e46b30ac69cfe976ae060a4051f349de35c99f5c2cd094e5d4533c30 payer=0xc3e044AC8709aBaa9139864154A332965a92A3Cd nonce=8 op=checkpoint-replay status=1 gas=12126132 gasAtoms=19401811200000000 commonAtoms=3880362240000000 calldata=2052
    dex_continuous_network_test.go:26: CONTINUOUS_CHECKPOINT sequence=9 hash=0207e7240fb407412d06b6074303cc63e586eb549b7c40973f9d8cbe5e687b8d anchor=7/5f78bc5a893b8f804e1970b73b1b30d59b2d0ea3511c4cd16bba13a00a991b6e inbox=4..4 fee=40000000000000000 rewardFee=0 rewardSupport=0
    dex_continuous_network_test.go:26: CONTINUOUS_TX height=41 block=0xa5a8039ba5e2be899bf496a1e19d0d2b0a7686a79a1e84bb84b9c11c8160c41b tx=0x6eba84149c2461a4b32151641f5347f2f706228f07781520b2a87ba530dc24ee payer=0xc3e044AC8709aBaa9139864154A332965a92A3Cd nonce=9 op=checkpoint status=1 gas=12126228 gasAtoms=19401964800000000 commonAtoms=3880392960000000 calldata=2052
    dex_continuous_network_test.go:26: CONTINUOUS_TX height=41 block=0xa5a8039ba5e2be899bf496a1e19d0d2b0a7686a79a1e84bb84b9c11c8160c41b tx=0xd5de193edcdd4772cda53133fe6d701cee825c8ae42fbe6e2d4a59ad41319a2b payer=0x39Cb19b89195dFE14dd617013A6FE5f54B702B1c nonce=9 op=checkpoint-replay status=1 gas=12126228 gasAtoms=19401964800000000 commonAtoms=3880392960000000 calldata=2052
    dex_continuous_network_test.go:26: CONTINUOUS_CHECKPOINT sequence=10 hash=20e26df38caac20a8bc966bc648d48452b604b0479c84cdde4ef7bc85877d778 anchor=7/5f78bc5a893b8f804e1970b73b1b30d59b2d0ea3511c4cd16bba13a00a991b6e inbox=4..4 fee=0 rewardFee=0 rewardSupport=0
    dex_continuous_network_test.go:26: CONTINUOUS_TX height=43 block=0xe9e2911bc08408447062d88ab1c7326550e7c98f0382f309f7f6cd25a01525cf tx=0x13ca814672bea6118d5815c3b816ede77f23a64c8ad0c61897a920c2ca50cc2e payer=0xc3e044AC8709aBaa9139864154A332965a92A3Cd nonce=10 op=checkpoint status=1 gas=12153852 gasAtoms=19446163200000000 commonAtoms=3889232640000000 calldata=2574
    dex_continuous_network_test.go:26: CONTINUOUS_CANONICAL_PROGRESS label=settlement-18 elapsed=565.047192ms idle=565.047192ms sequence=10 uniquePaid=0 nativeAnchor=7
    dex_continuous_network_test.go:26: CONTINUOUS_TX height=44 block=0xb991e269509c07518c9c36f610252048ef43da015e76c8a20a7dd66751e806e9 tx=0x178b67b5df245de3e49dce8b6bfc4309afd54713f03a7c9e3dad94693c9f96c2 payer=0x39Cb19b89195dFE14dd617013A6FE5f54B702B1c nonce=10 op=checkpoint-replay status=1 gas=12153852 gasAtoms=19446163200000000 commonAtoms=3889232640000000 calldata=2574
    dex_continuous_network_test.go:26: CONTINUOUS_CHECKPOINT sequence=11 hash=c72c69a1472f98b01ca28f5c90a120fb3dd5560d4d5f90132fc36b4a38e16715 anchor=7/5f78bc5a893b8f804e1970b73b1b30d59b2d0ea3511c4cd16bba13a00a991b6e inbox=4..4 fee=0 rewardFee=0 rewardSupport=0
    dex_continuous_network_test.go:26: CONTINUOUS_TX height=46 block=0xbbeac0b5484e830425d271680ed6ca09d406e8d91381938b55ce195d4f5778a0 tx=0x5eba62749ad1bb16b06d1d7f8164b294d14d47a0d9dfd34ef51505d1201924b6 payer=0xc3e044AC8709aBaa9139864154A332965a92A3Cd nonce=11 op=checkpoint status=1 gas=12126156 gasAtoms=19401849600000000 commonAtoms=3880369920000000 calldata=2052
    dex_continuous_network_test.go:26: CONTINUOUS_TX height=47 block=0xd08ec4a40b9cf368a2238c3029d686afaf2ccd209e3194f5d1b51240645e0e02 tx=0xb662fd165ecf2a99183ca77e0f731c0b661f7e8d010a4b1c3b1e752c8c124ed9 payer=0x39Cb19b89195dFE14dd617013A6FE5f54B702B1c nonce=11 op=checkpoint-replay status=1 gas=12126156 gasAtoms=19401849600000000 commonAtoms=3880369920000000 calldata=2052
    dex_continuous_network_test.go:26: CONTINUOUS_CANONICAL_PROGRESS label=settlement-18 elapsed=2.811261194s idle=2.246214002s sequence=11 uniquePaid=0 nativeAnchor=7
    dex_continuous_network_test.go:26: CONTINUOUS_CHECKPOINT sequence=12 hash=d1661fef67c48e927a86c7808c13cf6c5e148fc3580038a06ba49af017645c1e anchor=7/5f78bc5a893b8f804e1970b73b1b30d59b2d0ea3511c4cd16bba13a00a991b6e inbox=4..4 fee=0 rewardFee=0 rewardSupport=0
    dex_continuous_network_test.go:26: CONTINUOUS_TX height=49 block=0xd179d0fb970f33c9c973a4cf7e79f8297d6d9683f2b8e38c4a71fbac6c49e9c1 tx=0x93e7cc2569fe68b884a5e818dc2d89c4edd4fc1e3eba6833990c4febc409c39d payer=0xc3e044AC8709aBaa9139864154A332965a92A3Cd nonce=12 op=checkpoint status=1 gas=12126156 gasAtoms=19401849600000000 commonAtoms=3880369920000000 calldata=2052
    dex_continuous_network_test.go:26: CONTINUOUS_CANONICAL_PROGRESS label=settlement-18 elapsed=4.884075819s idle=2.072814625s sequence=12 uniquePaid=0 nativeAnchor=7
    dex_continuous_network_test.go:26: CONTINUOUS_TX height=51 block=0x2ef4fdedefc16a1f8f9db43d8ec84a2c20c4640cda963a8dcc9c9882f46e9177 tx=0x53e46b5d17ad733f6cc15b92f4aaae7ed36c17d7f62de193d26bd3cad470e17b payer=0x39Cb19b89195dFE14dd617013A6FE5f54B702B1c nonce=12 op=checkpoint-replay status=1 gas=12126156 gasAtoms=19401849600000000 commonAtoms=3880369920000000 calldata=2052
    dex_continuous_network_test.go:26: CONTINUOUS_CHECKPOINT sequence=13 hash=dbe1f7ab9391864ca5b05fcbb23b47f9a0942426b7ca40ce39c8747bf9092db9 anchor=7/5f78bc5a893b8f804e1970b73b1b30d59b2d0ea3511c4cd16bba13a00a991b6e inbox=4..4 fee=44000000000000000 rewardFee=0 rewardSupport=0
    dex_continuous_network_test.go:26: CONTINUOUS_TX height=53 block=0x0b0c5988fcc865481da044c1f621d5851b38bf7539ab1989a6115e092f457aa0 tx=0x1b21c7c8127542184acb0e3ed69b1ceab9b4984af86f8771865f5f51f2c4a2b4 payer=0xc3e044AC8709aBaa9139864154A332965a92A3Cd nonce=13 op=checkpoint status=1 gas=12126216 gasAtoms=19401945600000000 commonAtoms=3880389120000000 calldata=2052
    dex_continuous_network_test.go:26: CONTINUOUS_CANONICAL_PROGRESS label=settlement-18 elapsed=7.484842262s idle=2.600766443s sequence=13 uniquePaid=0 nativeAnchor=7
    dex_continuous_network_test.go:26: CONTINUOUS_TX height=55 block=0x3f87ea00e1bed6e66ef8fb97268a735adbfe368664f5bef5f15c384eb1266a46 tx=0x442a09d8116a505633ca6bdd22691170704d0fd9b4589ec038a4a0a55388de60 payer=0x39Cb19b89195dFE14dd617013A6FE5f54B702B1c nonce=13 op=checkpoint-replay status=1 gas=12126216 gasAtoms=19401945600000000 commonAtoms=3880389120000000 calldata=2052
    dex_continuous_network_test.go:26: CONTINUOUS_CHECKPOINT sequence=14 hash=0418f8cffd92d29cba0e75bd19c476b4dcecc01108505555f73d878bb20a4846 anchor=7/5f78bc5a893b8f804e1970b73b1b30d59b2d0ea3511c4cd16bba13a00a991b6e inbox=4..4 fee=0 rewardFee=0 rewardSupport=0
    dex_continuous_network_test.go:26: CONTINUOUS_TX height=57 block=0x6b84d00aa4c5a96d7867dcd238871967cf0732e75b8c5fe17e5dd53639a06668 tx=0x9f5d01e385f8cb9108bcf83f11819e5a140e879e479b493817abd3cb3cd38bcd payer=0xc3e044AC8709aBaa9139864154A332965a92A3Cd nonce=14 op=checkpoint status=1 gas=12126684 gasAtoms=19402694400000000 commonAtoms=3880538880000000 calldata=2052
    dex_continuous_network_test.go:26: CONTINUOUS_CANONICAL_PROGRESS label=settlement-18 elapsed=10.79078146s idle=3.305939198s sequence=14 uniquePaid=0 nativeAnchor=7
    dex_continuous_network_test.go:26: CONTINUOUS_CHECKPOINT sequence=15 hash=82f23001d91ad20027febe4dd3507025fc40600999c649b75addefa51e46f252 anchor=7/5f78bc5a893b8f804e1970b73b1b30d59b2d0ea3511c4cd16bba13a00a991b6e inbox=4..4 fee=0 rewardFee=0 rewardSupport=0
    dex_continuous_network_test.go:26: CONTINUOUS_TX height=59 block=0xbe21520be95009e9e6db1fd7689ce48bbf19a5408feea72507f15935902c388c tx=0x912539796df3093901209eb4ad6f6696837a5067c8605dc3baff18dce2061565 payer=0x39Cb19b89195dFE14dd617013A6FE5f54B702B1c nonce=14 op=checkpoint status=1 gas=12126144 gasAtoms=19401830400000000 commonAtoms=3880366080000000 calldata=2052
    dex_continuous_network_test.go:26: CONTINUOUS_CANONICAL_PROGRESS label=settlement-18 elapsed=12.240451572s idle=1.449670112s sequence=15 uniquePaid=0 nativeAnchor=7
    dex_continuous_network_test.go:26: CONTINUOUS_TX height=60 block=0x61dc44e0ba04166757134f9e8df556a7b63b5aef48dc8561fd9dd82698d739bf tx=0xfb9959bc3f740963e95d83d14a9d2278f84eada9c9800edcf88372cd0bcb083a payer=0xc3e044AC8709aBaa9139864154A332965a92A3Cd nonce=15 op=checkpoint-replay status=1 gas=12126144 gasAtoms=19401830400000000 commonAtoms=3880366080000000 calldata=2052
    dex_continuous_network_test.go:26: CONTINUOUS_CHECKPOINT sequence=16 hash=93ee2b45d987ee4c6e5c6e9bf35e082c97e5852f3b1924ba573404cfbe2ec192 anchor=7/5f78bc5a893b8f804e1970b73b1b30d59b2d0ea3511c4cd16bba13a00a991b6e inbox=4..4 fee=0 rewardFee=0 rewardSupport=0
    dex_continuous_network_test.go:26: CONTINUOUS_TX height=62 block=0x5310690ee7de5d84b7310ed4d17ea84cedcef49d97e38f52f67b5cf84cb18f28 tx=0x7fff7054d1093df370f19fc17864fdd17aac83e4270d7e960a652e43c586a3d4 payer=0x39Cb19b89195dFE14dd617013A6FE5f54B702B1c nonce=15 op=checkpoint status=1 gas=12153852 gasAtoms=19446163200000000 commonAtoms=3889232640000000 calldata=2574
    dex_continuous_network_test.go:26: CONTINUOUS_CANONICAL_PROGRESS label=settlement-18 elapsed=14.564522484s idle=2.324070912s sequence=16 uniquePaid=0 nativeAnchor=7
    dex_continuous_network_test.go:26: CONTINUOUS_TX height=63 block=0x637c74f1161faa71bb3f0baa67b9286c082878abaaf05355a15bacf77bd666a7 tx=0x3bf6b5fd5631d48b7dbbd1b14f2a1cb52f73356ac272aa8015d1d1d178ce9ef7 payer=0xc3e044AC8709aBaa9139864154A332965a92A3Cd nonce=16 op=checkpoint-replay status=1 gas=12153852 gasAtoms=19446163200000000 commonAtoms=3889232640000000 calldata=2574
    dex_continuous_network_test.go:26: CONTINUOUS_CHECKPOINT sequence=17 hash=ce4fabd2e08ed843b2bcff8d044154c5a1f7db3726f06a12edbe1440d3a782a1 anchor=7/5f78bc5a893b8f804e1970b73b1b30d59b2d0ea3511c4cd16bba13a00a991b6e inbox=4..4 fee=0 rewardFee=0 rewardSupport=0
    dex_continuous_network_test.go:26: CONTINUOUS_TX height=65 block=0x13e4ca7342f2ffca289de67ca8dd367174132ec1cd4f57220c9a993c9f642527 tx=0x8541c308bcbe8bda4aab3105b1fd2c79238b8bc1b12f9bd8badcb91db9612dba payer=0x39Cb19b89195dFE14dd617013A6FE5f54B702B1c nonce=16 op=checkpoint status=1 gas=12126168 gasAtoms=19401868800000000 commonAtoms=3880373760000000 calldata=2052
    dex_continuous_network_test.go:26: CONTINUOUS_CANONICAL_PROGRESS label=settlement-18 elapsed=16.9004184s idle=2.335895916s sequence=17 uniquePaid=0 nativeAnchor=7
    dex_continuous_network_test.go:26: CONTINUOUS_TX height=67 block=0xe577c20ba6fdde22f3fb13af85cdfce412a5b988197593ec06a6a7606b38db86 tx=0x4a4df32cef5f2e0735201f02bedb1d5512076d1849c8230fe1f97fc16b583125 payer=0xc3e044AC8709aBaa9139864154A332965a92A3Cd nonce=17 op=checkpoint-replay status=1 gas=12126168 gasAtoms=19401868800000000 commonAtoms=3880373760000000 calldata=2052
    dex_continuous_network_test.go:26: CONTINUOUS_CHECKPOINT sequence=18 hash=78679be7b087f74429b5aed2d0f66871fe390c4270462050d661370c19190ad1 anchor=7/5f78bc5a893b8f804e1970b73b1b30d59b2d0ea3511c4cd16bba13a00a991b6e inbox=4..4 fee=0 rewardFee=20000000000000000 rewardSupport=980000000000000000
    dex_continuous_network_test.go:26: CONTINUOUS_TX height=69 block=0xe12199d6ad3ecec81368d05de4c0fbf69723cd7014b58f1cfcc966d2e1ffdef5 tx=0x17ed62484b002200d20fd67c3641ec84988aa7f2901d109823cc3de8fd96dcaa payer=0x39Cb19b89195dFE14dd617013A6FE5f54B702B1c nonce=17 op=checkpoint status=1 gas=12127188 gasAtoms=19403500800000000 commonAtoms=3880700160000000 calldata=2052
    dex_continuous_network_test.go:26: CONTINUOUS_TX height=71 block=0x3fa4bf31341906b854422df55f69952e1ab2085909bc9d10f33bc69b16669ac5 tx=0x04511a1b48647f181c84c642db7d4b3627d672a25790242bbd9debcab9b4ec34 payer=0xc3e044AC8709aBaa9139864154A332965a92A3Cd nonce=18 op=checkpoint-replay status=1 gas=12127188 gasAtoms=19403500800000000 commonAtoms=3880700160000000 calldata=2052
    dex_continuous_network_test.go:26: CONTINUOUS_CLAIM id=3c975d8e0b2e94f64a8f985719a8fe19cc665b2f068df431374010e6f7b31948 seq=18 recipient=0ae2d1671275cbe32724454245c33b250bc1c00a amount=166666666666666667 kind=2
    dex_continuous_network_test.go:26: CONTINUOUS_TX height=73 block=0x98fa6ce2394a2b4eed04f144ae60e2b23ffcc3730f753cebf6fab57415ca9c66 tx=0xd71d35820b1f889db06f64fe71cb5915ac97971a3f51df5e29cf71160b50791e payer=0x39Cb19b89195dFE14dd617013A6FE5f54B702B1c nonce=18 op=claim status=1 gas=390132 gasAtoms=624211200000000 commonAtoms=124842240000000 calldata=356
    dex_continuous_network_test.go:26: CONTINUOUS_CANONICAL_PROGRESS label=settlement-18 elapsed=21.825157812s idle=4.924739412s sequence=18 uniquePaid=1 nativeAnchor=7
    dex_continuous_network_test.go:26: CONTINUOUS_ETH_SOURCE height=73 hash=0x98fa6ce2394a2b4eed04f144ae60e2b23ffcc3730f753cebf6fab57415ca9c66 root=0x60de4dce1921743fe077c6282a0c32508195af09219e3c6cb0685212bdd1f396 normalFollow=true
    dex_continuous_network_test.go:26: NATIVE_BALANCE height=73 account=0x000000000000000000000000000000000000B123 initial=123 final=144523676160000123 delta=144523676160000000
    dex_continuous_network_test.go:26: NATIVE_BALANCE height=73 account=0x0000000000000000000000000000000000De0001 initial=0 final=224833333333333333333 delta=224833333333333333333
    dex_continuous_network_test.go:26: NATIVE_BALANCE height=73 account=0x00BB9d30903B14261B9f06cD25a8426f9B99Ab6d initial=1000000000000000000000 final=899999565440000000000 delta=-100000434560000000000
    dex_continuous_network_test.go:26: NATIVE_BALANCE height=73 account=0x0Ae2d1671275cBe32724454245C33B250Bc1C00A initial=0 final=166666666666666667 delta=166666666666666667
    dex_continuous_network_test.go:26: NATIVE_BALANCE height=73 account=0x13C2af1D12c92091dDE204553008167c7531b10F initial=1000000000000000000000000000 final=1000000000000000000000000000 delta=0
    dex_continuous_network_test.go:26: NATIVE_BALANCE height=73 account=0x39Cb19b89195dFE14dd617013A6FE5f54B702B1c initial=1000000000000000000000 final=999648949171200000000 delta=-351050828800000000
    dex_continuous_network_test.go:26: NATIVE_BALANCE height=73 account=0x4F9A577C9EC4fD4A38Fa6F61375494868f55e968 initial=1000000000000000000000 final=899999565440000000000 delta=-100000434560000000000
    dex_continuous_network_test.go:26: NATIVE_BALANCE height=73 account=0xa08D8d1db1A20D738faB1F48c4e2d6b60333d42B initial=77 final=77 delta=0
    dex_continuous_network_test.go:26: NATIVE_BALANCE height=73 account=0xb300b46CEa279E7dc0eAB351A0d7833f198CB5C5 initial=1000000000000000000000 final=974999130880000000000 delta=-25000869120000000000
    dex_continuous_network_test.go:26: NATIVE_BALANCE height=73 account=0xc3e044AC8709aBaa9139864154A332965a92A3Cd initial=1000000000000000000000 final=999630170688000000000 delta=-369829312000000000
    dex_continuous_network_test.go:26: NATIVE_LEDGER_RECONCILED height=73 custody=224833333333333333333 gas=722618380800000000 commonReward=144523676160000000 burn=578094704640000000 accounts=10 engine=0/0/0
    dex_continuous_network_test.go:26: CONTINUOUS_BUCKET key=F atoms=64000000000000000
    dex_continuous_network_test.go:26: CONTINUOUS_BUCKET key=I atoms=5000000000000000000
    dex_continuous_network_test.go:26: CONTINUOUS_BUCKET key=R atoms=833333333333333333
    dex_continuous_network_test.go:26: CONTINUOUS_BUCKET key=S atoms=19020000000000000000
    dex_continuous_network_test.go:26: CONTINUOUS_BUCKET key=T atoms=189916000000000000000
    dex_continuous_network_test.go:26: CONTINUOUS_BUCKET key=U atoms=0
    dex_continuous_network_test.go:26: CONTINUOUS_BUCKET key=W atoms=10000000000000000000
    dex_continuous_network_test.go:26: CONTINUOUS_BUCKET key=Z atoms=0
    dex_continuous_network_test.go:26: CONTINUOUS_LIMITS maxCalldata=14360 maxHeaders=7 maxMPTNodes=7 maxMPTBytes=1239 operationCounts=map[anchor:2 checkpoint:18 checkpoint-replay:17 claim:1 funding-1:2 funding-2:1 funding-3:1]
    dex_continuous_network_test.go:26: CONTINUOUS_SETTLED DEXSequence=18 CLXAccepted=18 CLXHeight=73 root=0x60de4dce1921743fe077c6282a0c32508195af09219e3c6cb0685212bdd1f396 custody=224833333333333333333
    dex_continuous_network_test.go:31: NORMAL_FINANCIAL_ROLES index=6 CommonPID=1184576 DEXSidecarPID=1184589 api=127.0.0.8:46795 pow=false rpcReward=false
    dex_continuous_network_test.go:31: CONTINUOUS_COMMON_PEER index=6 parentPID=1184576 initialConnection=true forcedHeadRefresh=false
    dex_continuous_network_test.go:31: CONTINUOUS_DEX certified>=20 finalized>=19 active=7
    dex_continuous_network_test.go:31: CONTINUOUS_SEVENTH_JOIN finalized=19 certified=20 snapshotBytes=184263 root=6427031b6181d0925d3c2e3743ceb1fadde215628a4e2fca372a4f8dce411df5 cursor=4 committedCertificates=6 ownVoteKey=true freshOwnWAL=true importedPeerSafety=false
    dex_continuous_network_test.go:32: CONTINUOUS_RELAY_PAUSE index=0 pid=1184478 hard=true sourceAnchor=81 CLXAccepted=19 jobs=27 counts=map[complete:24 submitted:1 waiting:2]
    dex_continuous_network_test.go:32: CONTINUOUS_RELAY_PAUSE index=1 pid=1184479 hard=true sourceAnchor=81 CLXAccepted=19 jobs=27 counts=map[complete:24 submitted:1 waiting:2]
    dex_continuous_network_test.go:33: CONTINUOUS_TX height=74 block=0x28a0f661a0c08ad066fe5c74f26746ee08d94c78af5f6b6c8604309f767c9bcd tx=0x0c5ce08bce9fd2cd9ec5328df45d71b0485d7154d559d73e2676068de6ef14d7 payer=0xc3e044AC8709aBaa9139864154A332965a92A3Cd nonce=19 op=claim-replay status=1 gas=390132 gasAtoms=624211200000000 commonAtoms=124842240000000 calldata=356
    dex_continuous_network_test.go:33: CONTINUOUS_CHECKPOINT sequence=19 hash=74dcbf9a5172144df5fa01ace10f0721baf850e2e9f85ad061f5227204c03869 anchor=7/5f78bc5a893b8f804e1970b73b1b30d59b2d0ea3511c4cd16bba13a00a991b6e inbox=4..4 fee=0 rewardFee=0 rewardSupport=0
    dex_continuous_network_test.go:33: CONTINUOUS_TX height=75 block=0x5a35addc2692908a714189a41778f4de84d23c2c952d22a802297da4697c9790 tx=0xea0653ea51f071425fd9da94acd3607fe0a6756cdc24ce976d41ab042a872d0b payer=0x39Cb19b89195dFE14dd617013A6FE5f54B702B1c nonce=19 op=checkpoint status=1 gas=12126168 gasAtoms=19401868800000000 commonAtoms=3880373760000000 calldata=2052
    dex_continuous_network_test.go:33: CONTINUOUS_CLAIM id=8334f057e407fe916b5da6d5a9d1b3cb4dc77382f978a8fb00873e6099396032 seq=18 recipient=94953cddc0a9179b7e2fc062044f059122882c17 amount=166666666666666667 kind=2
    dex_continuous_network_test.go:33: CONTINUOUS_TX height=77 block=0x1ddeac40811c426835a690041699d34b65a8e0d9c03c7a86e98550e09e38c660 tx=0xd127d9b0ff2acc2679d9c368b28e7b2bc8f66f38f1f9a0518d3ffa77c1bab958 payer=0x39Cb19b89195dFE14dd617013A6FE5f54B702B1c nonce=20 op=claim status=1 gas=390144 gasAtoms=624230400000000 commonAtoms=124846080000000 calldata=356
    dex_continuous_network_test.go:33: CONTINUOUS_TX height=79 block=0xbf27767570e6c5c18520c61d8fcac7eddc4f76c9661dc7eaa017662869016a4b tx=0x99d2b00baebcd04229d4ef84fa36d123e56bd569f291c5fb52d8ecfe63fc4d21 payer=0xc3e044AC8709aBaa9139864154A332965a92A3Cd nonce=20 op=claim-replay status=1 gas=390144 gasAtoms=624230400000000 commonAtoms=124846080000000 calldata=356
    dex_continuous_network_test.go:33: CONTINUOUS_CLAIM id=4554e7c2643bf3b7f4792e4d8656d5e0da956d6f72e731ec4c90c305872565b5 seq=18 recipient=2b7eaa19bde74ce04c8491ba6c660c7e86b37412 amount=166666666666666666 kind=2
    dex_continuous_network_test.go:33: CONTINUOUS_TX height=81 block=0x7371ae4c72452678ab9b9a17cad4102a8483720b15acc6a2165beedc571e0e23 tx=0x3173304a678aef30dc0f39884efda6530021c254d5129fd66cad0f8f83c9518d payer=0x39Cb19b89195dFE14dd617013A6FE5f54B702B1c nonce=21 op=claim status=1 gas=390144 gasAtoms=624230400000000 commonAtoms=124846080000000 calldata=356
    dex_continuous_network_test.go:33: CONTINUOUS_ETH_SOURCE height=82 hash=0xc45c5ad68c934d32376009cc0e2c5bde2136ca54d022e819c2b18f5ee6c28e02 root=0x57b0cf0cef5e0699d18af0fce337eab9a0aecb5d8f4caf119097399db0292b40 normalFollow=true
    dex_continuous_network_test.go:33: CONTINUOUS_INTERVAL label=second-deposit-boundary-relays-down before=81 after=82 ordinarySignedTransfers=0 custodyBefore=224500000000000000000 custodyAfter=224500000000000000000
    dex_continuous_network_test.go:34: CONTINUOUS_USER_RPC_ACK tx=0xa6dce6e39e5ab531d95097094dd328157dbbef719c6b7496703f1cc366fb5fd3 nonce=1
    dex_continuous_network_test.go:34: CONTINUOUS_CLAIM id=4548e48651d59054acacf3a6e46be33f0a2d1756134cca142d232f46c5d1bfe2 seq=18 recipient=b019173719a247113e5180fa2bf0540ba5829a96 amount=166666666666666666 kind=2
    dex_continuous_network_test.go:34: CONTINUOUS_TX height=83 block=0x735d8deb57833789d267036fe764502dc08bd1f754611836129e4de75661920a tx=0x4306fd93dfeec85d5d07b1d50b528095b6d6318c6e27ae7a0020a734bb130118 payer=0xc3e044AC8709aBaa9139864154A332965a92A3Cd nonce=21 op=claim status=1 gas=390144 gasAtoms=624230400000000 commonAtoms=124846080000000 calldata=356
    dex_continuous_network_test.go:34: CONTINUOUS_TX height=84 block=0x7b7ba0d1be3f4307e7a3effc4fb57cd76d345ec56fd2f0c5d216123a93a7b654 tx=0x7ff01cf33aa42de7e0a2f2d48f305a36a86a2fa494a8ff684c9c1182ec1d02c4 payer=0x39Cb19b89195dFE14dd617013A6FE5f54B702B1c nonce=22 op=claim-replay status=1 gas=390144 gasAtoms=624230400000000 commonAtoms=124846080000000 calldata=356
    dex_continuous_network_test.go:34: CONTINUOUS_TX height=85 block=0x65e586dd493f113198d1a9238331c93161364abaa47813871185ce9a4e5fa0a9 tx=0xa6dce6e39e5ab531d95097094dd328157dbbef719c6b7496703f1cc366fb5fd3 payer=0x4F9A577C9EC4fD4A38Fa6F61375494868f55e968 nonce=1 op=funding-1 status=1 gas=271600 gasAtoms=434560000000000 commonAtoms=86912000000000 calldata=12
    dex_continuous_network_test.go:34: CONTINUOUS_ETH_SOURCE height=85 hash=0x65e586dd493f113198d1a9238331c93161364abaa47813871185ce9a4e5fa0a9 root=0x55b15278b0d2339f74bc44897f8526f6e9de977d869914d928792bf8525635bf normalFollow=true
    dex_continuous_network_test.go:34: CONTINUOUS_USER_RPC_ACK tx=0x3a2a681eb30ff472d3c35d7d79f8e4e52d9a42e6a8b8972269cf7feb6d2b6a22 nonce=1
    dex_continuous_network_test.go:34: CONTINUOUS_TX height=87 block=0x17b999a9104b43ac2a7d43a6df029d1175a7632622d57c2665b1de262f6a7316 tx=0x3a2a681eb30ff472d3c35d7d79f8e4e52d9a42e6a8b8972269cf7feb6d2b6a22 payer=0x00BB9d30903B14261B9f06cD25a8426f9B99Ab6d nonce=1 op=funding-1 status=1 gas=271600 gasAtoms=434560000000000 commonAtoms=86912000000000 calldata=12
    dex_continuous_network_test.go:34: CONTINUOUS_ETH_SOURCE height=87 hash=0x17b999a9104b43ac2a7d43a6df029d1175a7632622d57c2665b1de262f6a7316 root=0xdb3ad4ce3dc009fc0e7535824709e0b8962573c8880bdcf1d3bf38063ddde686 normalFollow=true
    dex_continuous_network_test.go:35: CONTINUOUS_RELAY_COLD_REOPEN index=0 oldPID=1184478 newPID=1184616 sameStore=/tmp/TestFHSNativeContinuousOrdinaryCLI2583291541/001/relay-0 deferredRecipients=1
    dex_continuous_network_test.go:35: CONTINUOUS_RELAY_COLD_REOPEN index=1 oldPID=1184479 newPID=1184617 sameStore=/tmp/TestFHSNativeContinuousOrdinaryCLI2583291541/001/relay-1 deferredRecipients=1
    dex_continuous_network_test.go:36: CONTINUOUS_DEX certified>=21 finalized>=0 active=7
    dex_continuous_network_test.go:36: CONTINUOUS_CERTIFIED_RECORD height=21 view=38 finalizedTip=19 anchor=39 inbox=4..4 actionBytes=61841 dataRoot=e616d35436aa69f581095d63d291df11e1e1a181687265e13d33da260872c9bd isCDXA=true NOT_FINALITY=true
    dex_continuous_network_test.go:36: CONTINUOUS_SOURCE_DESCENDANT height=22 certifiedInbox=21 actualFinalized=19 importedCursor=4 targetCursor=6
    dex_continuous_network_test.go:36: CONTINUOUS_DEX_INGRESS expectedHeight=22 bytes=282
    dex_continuous_network_test.go:36: CONTINUOUS_DEX certified>=22 finalized>=0 active=7
    dex_continuous_network_test.go:36: CONTINUOUS_CERTIFIED_RECORD height=22 view=39 finalizedTip=21 anchor=39 inbox=4..4 actionBytes=282 dataRoot=52d14ca4b844e040f0b892b666dea3872461e9a7c469610e18cc666b56e2c1a8 isCDXA=false NOT_FINALITY=true
    dex_continuous_network_test.go:36: CONTINUOUS_DEX certified>=23 finalized>=0 active=7
    dex_continuous_network_test.go:36: CONTINUOUS_CERTIFIED_RECORD height=23 view=41 finalizedTip=21 anchor=71 inbox=4..4 actionBytes=61568 dataRoot=1cab22310ec93e80654a20d1a4f2e4e531e71d29e254be9c1819b8c48c37cb3a isCDXA=true NOT_FINALITY=true
    dex_continuous_network_test.go:36: CONTINUOUS_SOURCE_DESCENDANT height=24 certifiedInbox=23 actualFinalized=21 importedCursor=4 targetCursor=6
    dex_continuous_network_test.go:36: CONTINUOUS_DEX_INGRESS expectedHeight=24 bytes=282
    dex_continuous_network_test.go:36: CONTINUOUS_DEX certified>=24 finalized>=0 active=7
    dex_continuous_network_test.go:36: CONTINUOUS_CERTIFIED_RECORD height=24 view=42 finalizedTip=23 anchor=71 inbox=4..4 actionBytes=282 dataRoot=370c56268f61a1091b6e790cf5058c14bda4b4ce5995ef21e7d79220ae05e080 isCDXA=false NOT_FINALITY=true
    dex_continuous_network_test.go:36: CONTINUOUS_DEX certified>=25 finalized>=0 active=7
    dex_continuous_network_test.go:36: CONTINUOUS_CERTIFIED_RECORD height=25 view=45 finalizedTip=23 anchor=90 inbox=4..6 actionBytes=40334 dataRoot=c9506797fafe6529b0c5396fa6db7c66496e34ecffcee08a3fdcfd360faa8933 isCDXA=true NOT_FINALITY=true
    dex_continuous_network_test.go:36: CONTINUOUS_CERTIFIED_RECORD height=25 view=45 finalizedTip=23 anchor=90 inbox=4..6 actionBytes=40334 dataRoot=c9506797fafe6529b0c5396fa6db7c66496e34ecffcee08a3fdcfd360faa8933 isCDXA=true NOT_FINALITY=true
    dex_continuous_network_test.go:36: CONTINUOUS_PARTICIPATION_CANDIDATES height=25 certifiedView=45 proposal=c65fcaa1ae2d1a3025079545c8a912a1daa559dc417c4a463ac81206a4db233f selected/retained: node0=7/7 node1=7/7 node2=7/7 node3=7/7 node4=7/7 node5=7/7 node6=7/7 oldViewEvidenceRetained=true
    dex_continuous_network_test.go:36: CONTINUOUS_PARTICIPATION height=25 period=3 authenticatedParticipants=7
    dex_continuous_network_test.go:36: CONTINUOUS_DEX_INGRESS expectedHeight=26 bytes=2829
    dex_continuous_network_test.go:36: CONTINUOUS_DEX certified>=26 finalized>=0 active=7
    dex_continuous_network_test.go:36: CONTINUOUS_CERTIFIED_RECORD height=26 view=46 finalizedTip=25 anchor=90 inbox=6..6 actionBytes=2829 dataRoot=b1480032e53ef8c2930882c21b10558c798c8946ca7d8e48bd407e6c81fa0ecb isCDXA=false NOT_FINALITY=true
    dex_continuous_network_test.go:36: CONTINUOUS_SOURCE_DESCENDANT height=27 certifiedInbox=25 actualFinalized=25 importedCursor=6 targetCursor=6
    dex_continuous_network_test.go:36: CONTINUOUS_DEX_INGRESS expectedHeight=27 bytes=282
    dex_continuous_network_test.go:36: CONTINUOUS_DEX certified>=27 finalized>=0 active=7
    dex_continuous_network_test.go:36: CONTINUOUS_CERTIFIED_RECORD height=27 view=47 finalizedTip=26 anchor=90 inbox=6..6 actionBytes=282 dataRoot=d550d881aa8c4f7e7290e55a148967a0e3ae932c48ee8b03ea44a44a071e7259 isCDXA=false NOT_FINALITY=true
    dex_continuous_network_test.go:36: CONTINUOUS_CERTIFIED_RECORD height=27 view=47 finalizedTip=26 anchor=90 inbox=6..6 actionBytes=282 dataRoot=d550d881aa8c4f7e7290e55a148967a0e3ae932c48ee8b03ea44a44a071e7259 isCDXA=false NOT_FINALITY=true
    dex_continuous_network_test.go:36: CONTINUOUS_SOURCE_INTERVAL certifiedParent=27 actualFinalized=26 anchor=90 cursor=6 total=265000000000000000000 authenticatedParent=true NOT_FINALITY=true
    dex_continuous_network_test.go:36: CONTINUOUS_DEX_INGRESS expectedHeight=28 bytes=282
    dex_continuous_network_test.go:36: CONTINUOUS_DEX certified>=28 finalized>=0 active=7
    dex_continuous_network_test.go:36: CONTINUOUS_CERTIFIED_RECORD height=28 view=48 finalizedTip=27 anchor=90 inbox=6..6 actionBytes=282 dataRoot=8c0d4e5370fa72251e0bb95fd82d2eca7351bb29c0631526783d8d75e9b3fe74 isCDXA=false NOT_FINALITY=true
    dex_continuous_network_test.go:36: CONTINUOUS_DEX_INGRESS expectedHeight=29 bytes=282
    dex_continuous_network_test.go:36: CONTINUOUS_DEX certified>=29 finalized>=0 active=7
    dex_continuous_network_test.go:36: CONTINUOUS_CERTIFIED_RECORD height=29 view=49 finalizedTip=28 anchor=90 inbox=6..6 actionBytes=282 dataRoot=7f4fd122f5236adfdd5da388818c10e4f37ea0b1c4786c165fbc3b22afe9c7cc isCDXA=false NOT_FINALITY=true
    dex_continuous_network_test.go:36: CONTINUOUS_DEX_INGRESS expectedHeight=30 bytes=282
    dex_continuous_network_test.go:36: CONTINUOUS_DEX certified>=30 finalized>=0 active=7
    dex_continuous_network_test.go:36: CONTINUOUS_CERTIFIED_RECORD height=30 view=50 finalizedTip=29 anchor=90 inbox=6..6 actionBytes=282 dataRoot=c37b8fdebad21cea4d2ff628ce81673425a5a61129a134dda726cace3339ee41 isCDXA=false NOT_FINALITY=true
    dex_continuous_network_test.go:36: CONTINUOUS_DEX_INGRESS expectedHeight=31 bytes=282
    dex_continuous_network_test.go:36: CONTINUOUS_DEX certified>=31 finalized>=0 active=7
    dex_continuous_network_test.go:36: CONTINUOUS_CERTIFIED_RECORD height=31 view=51 finalizedTip=30 anchor=90 inbox=6..6 actionBytes=282 dataRoot=361c062da10e441fb0ab63c812e27e72b7daee0ee1e96f70000649c59b2e3466 isCDXA=false NOT_FINALITY=true
    dex_continuous_network_test.go:36: CONTINUOUS_DEX_INGRESS expectedHeight=32 bytes=282
    dex_continuous_network_test.go:36: CONTINUOUS_DEX certified>=32 finalized>=0 active=7
    dex_continuous_network_test.go:36: CONTINUOUS_CERTIFIED_RECORD height=32 view=52 finalizedTip=31 anchor=90 inbox=6..6 actionBytes=282 dataRoot=a9ca486a3d6e922731a162537adff755dac6a7357e30580b032df50a60613620 isCDXA=false NOT_FINALITY=true
    dex_continuous_network_test.go:36: CONTINUOUS_DEX_INGRESS expectedHeight=33 bytes=282
    dex_continuous_network_test.go:36: CONTINUOUS_DEX certified>=33 finalized>=0 active=7
    dex_continuous_network_test.go:36: CONTINUOUS_CERTIFIED_RECORD height=33 view=53 finalizedTip=32 anchor=90 inbox=6..6 actionBytes=282 dataRoot=93070c4869b12984b525171cb1687d3049c41fcd73432b2328b50291ac822d62 isCDXA=false NOT_FINALITY=true
    dex_continuous_network_test.go:36: CONTINUOUS_DEX certified>=33 finalized>=24 active=7
    dex_continuous_network_test.go:36: CONTINUOUS_DEX_INGRESS expectedHeight=34 bytes=21398
    dex_continuous_network_test.go:36: CONTINUOUS_DEX certified>=34 finalized>=0 active=7
    dex_continuous_network_test.go:36: CONTINUOUS_CERTIFIED_RECORD height=34 view=54 finalizedTip=33 anchor=90 inbox=6..6 actionBytes=21398 dataRoot=16b527f04f7c6051e3f36f3061be2983a99cdcbe49c1aa2ce747c0ba6582df90 isCDXA=false NOT_FINALITY=true
    dex_continuous_network_test.go:36: CONTINUOUS_REWARD_CLOSE period=2 actionHeight=34 packageBytes=21398 participants=6 grace=24
    dex_continuous_network_test.go:36: CONTINUOUS_DEX_INGRESS expectedHeight=35 bytes=282
    dex_continuous_network_test.go:36: CONTINUOUS_DEX certified>=35 finalized>=0 active=7
    dex_continuous_network_test.go:36: CONTINUOUS_CERTIFIED_RECORD height=35 view=56 finalizedTip=33 anchor=90 inbox=6..6 actionBytes=282 dataRoot=c81412b250f721779732851ae4a24ea3f659f8f58c6533f4f4b82c4b9b2a7a1a isCDXA=false NOT_FINALITY=true
    dex_continuous_network_test.go:36: CONTINUOUS_CERTIFIED_RECORD height=35 view=56 finalizedTip=33 anchor=90 inbox=6..6 actionBytes=282 dataRoot=c81412b250f721779732851ae4a24ea3f659f8f58c6533f4f4b82c4b9b2a7a1a isCDXA=false NOT_FINALITY=true
    dex_continuous_network_test.go:36: CONTINUOUS_PARTICIPATION_CANDIDATES height=35 certifiedView=56 proposal=7563a0ff1979fc7395dda3679457d608c8bb5a56bef44cc4dcdfe2a231534c8b selected/retained: node0=7/7 node1=7/7 node2=7/7 node3=7/7 node4=7/7 node5=7/7 node6=7/7 oldViewEvidenceRetained=true
    dex_continuous_network_test.go:36: CONTINUOUS_PARTICIPATION height=35 period=4 authenticatedParticipants=7
    dex_continuous_network_test.go:36: CONTINUOUS_DEX_INGRESS expectedHeight=36 bytes=2829
    dex_continuous_network_test.go:36: CONTINUOUS_DEX certified>=36 finalized>=0 active=7
    dex_continuous_network_test.go:36: CONTINUOUS_CERTIFIED_RECORD height=36 view=57 finalizedTip=35 anchor=90 inbox=6..6 actionBytes=2829 dataRoot=cac879cd24351e5c76c3812f1b882a4eb9490d79924e93ade6e7cb902efa25c5 isCDXA=false NOT_FINALITY=true
    dex_continuous_network_test.go:36: CONTINUOUS_DEX_INGRESS expectedHeight=37 bytes=282
    dex_continuous_network_test.go:36: CONTINUOUS_DEX certified>=37 finalized>=0 active=7
    dex_continuous_network_test.go:36: CONTINUOUS_CERTIFIED_RECORD height=37 view=58 finalizedTip=36 anchor=90 inbox=6..6 actionBytes=282 dataRoot=912b9ef31ba4ac3b3de7614ed6fa303966b074b53b0ca08438cac78150436d5e isCDXA=false NOT_FINALITY=true
    dex_continuous_economy_test.go:364: CONTINUOUS_DEX certified>=37 finalized>=34 active=7
    dex_continuous_economy_test.go:364: CONTINUOUS_DEX_INGRESS expectedHeight=38 bytes=21759
    dex_continuous_economy_test.go:364: CONTINUOUS_DEX certified>=38 finalized>=0 active=7
    dex_continuous_economy_test.go:364: CONTINUOUS_CERTIFIED_RECORD height=38 view=59 finalizedTip=37 anchor=90 inbox=6..6 actionBytes=21759 dataRoot=0f2e53f618e2e9bcfb6b7c917a47cf4ed7791c6b98554741af5fbdbb1f64613f isCDXA=false NOT_FINALITY=true
    dex_continuous_economy_test.go:364: CONTINUOUS_REWARD_CLOSE period=3 actionHeight=38 packageBytes=21759 participants=7 grace=34
    dex_continuous_economy_test.go:365: CONTINUOUS_DEX_INGRESS expectedHeight=39 bytes=282
    dex_continuous_economy_test.go:365: CONTINUOUS_DEX certified>=39 finalized>=0 active=7
    dex_continuous_economy_test.go:365: CONTINUOUS_CERTIFIED_RECORD height=39 view=60 finalizedTip=38 anchor=90 inbox=6..6 actionBytes=282 dataRoot=612685a1e81f43789927f0bc13b0e729c5a09e1900f12bfb7b57acaab0be2faf isCDXA=false NOT_FINALITY=true
    dex_continuous_economy_test.go:366: CONTINUOUS_DEX_INGRESS expectedHeight=40 bytes=282
    dex_continuous_economy_test.go:366: CONTINUOUS_DEX certified>=40 finalized>=0 active=7
    dex_continuous_economy_test.go:366: CONTINUOUS_CERTIFIED_RECORD height=40 view=61 finalizedTip=39 anchor=90 inbox=6..6 actionBytes=282 dataRoot=c09209b99b04ea9569e1afe2cb8da7bb18e392eeb97d29f49cae3287f4089a4b isCDXA=false NOT_FINALITY=true
    dex_continuous_economy_test.go:367: CONTINUOUS_DEX certified>=40 finalized>=38 active=7
    dex_continuous_network_test.go:36: CONTINUOUS_CYCLE cycle=2 DEXFinalized=38 CLXAnchor=90 inbox=6 fees=106000000000000000 support=17062000000000000000 total=265000000000000000000 withdrawalReserved=20000000000000000000 rewardReserved=3000000000000000000
    dex_continuous_network_test.go:37: CONTINUOUS_PROGRESS_START label=settlement-38 idle=2m0s hard=2026-09-23T10:32:46.463743082Z canonical={Sequence:19 Claims:4 Anchor:7}
    dex_continuous_network_test.go:37: CONTINUOUS_CHECKPOINT sequence=20 hash=39a5d1ad3bc8d1447f00d87d4bd5dff3436f73dc7122b57e67761fca64acdc5a anchor=7/5f78bc5a893b8f804e1970b73b1b30d59b2d0ea3511c4cd16bba13a00a991b6e inbox=4..4 fee=0 rewardFee=0 rewardSupport=0
    dex_continuous_network_test.go:37: CONTINUOUS_TX height=89 block=0x83cd98207fb3e1b8e28c999de857824646ceb94289d75ef1b41e223304ca02c9 tx=0x74064f56ff967c7d9fdef42fde018b083db1342fa55410d0c7cff1691f3efda1 payer=0x39Cb19b89195dFE14dd617013A6FE5f54B702B1c nonce=23 op=checkpoint status=1 gas=12153828 gasAtoms=19446124800000000 commonAtoms=3889224960000000 calldata=2574
    dex_continuous_network_test.go:37: CONTINUOUS_TX height=90 block=0x5df295b920fcc0404ffe73179e132f9acb5f7f9b75d64f953004a5a49b7f26bc tx=0xe8b90beaa2966f0888122b577885ae9c0e36b96cdc896d61a081d3a783fccd91 payer=0xc3e044AC8709aBaa9139864154A332965a92A3Cd nonce=22 op=checkpoint-replay status=1 gas=12153828 gasAtoms=19446124800000000 commonAtoms=3889224960000000 calldata=2574
    dex_continuous_network_test.go:37: CONTINUOUS_CLAIM id=51e29e5e0b7a7b01969ef1246938d62371dc112a6b5391f2351a739c93ecca2a seq=18 recipient=8ecb4c3bd1885c5da4b135cd852987903ea1d831 amount=166666666666666667 kind=2
    dex_continuous_network_test.go:37: CONTINUOUS_TX height=92 block=0xc189c528f6ef1445026f3bb945d8fe40f71d811120fadb9dfceb4e695d94a578 tx=0x967cbc0c470b97438251d1e31081e3098eb62fbd5ed88ac55715d0fb62bd8ac9 payer=0x39Cb19b89195dFE14dd617013A6FE5f54B702B1c nonce=24 op=claim status=1 gas=390132 gasAtoms=624211200000000 commonAtoms=124842240000000 calldata=356
    dex_continuous_network_test.go:37: CONTINUOUS_TX height=94 block=0xeed92dc3c7f53885892047d4f7022aaf3880bab2f8cb99350569fb9109eca6e9 tx=0xb15c0049e5108c0633a23ca4e814dbd02022adb6bdf60222ed823b91433cfe0c payer=0xc3e044AC8709aBaa9139864154A332965a92A3Cd nonce=23 op=claim-replay status=1 gas=390132 gasAtoms=624211200000000 commonAtoms=124842240000000 calldata=356
    dex_continuous_network_test.go:37: CONTINUOUS_ANCHOR_COST tx=0x9cd5b24efc7628eab1e16bd43621f18e5f797c25c5cd3e5f8303c8fbd1db79c0 calldata=61857 headers=32 mptNodes=7 mptBytes=1624 gas=15324168
    dex_continuous_network_test.go:37: CONTINUOUS_TX height=96 block=0xf64a29eaed26e38a1c467c63ee056a0d6bf7c781a9d601823020dcbeeac382f0 tx=0x9cd5b24efc7628eab1e16bd43621f18e5f797c25c5cd3e5f8303c8fbd1db79c0 payer=0x39Cb19b89195dFE14dd617013A6FE5f54B702B1c nonce=25 op=anchor status=1 gas=15324168 gasAtoms=24518668800000000 commonAtoms=4903733760000000 calldata=61857
    dex_continuous_network_test.go:37: CONTINUOUS_ANCHOR_COST tx=0xbd6ba78111eafeec9581d8d36f6e39e8f84be7e06e8c20dea66567e63327d281 calldata=61857 headers=32 mptNodes=7 mptBytes=1624 gas=15324168
    dex_continuous_network_test.go:37: CONTINUOUS_TX height=97 block=0x3269d23eb6ebb45592c819dabe877bfd4ae4841de71997386bab9d7b411688ae tx=0xbd6ba78111eafeec9581d8d36f6e39e8f84be7e06e8c20dea66567e63327d281 payer=0xc3e044AC8709aBaa9139864154A332965a92A3Cd nonce=24 op=anchor status=1 gas=15324168 gasAtoms=24518668800000000 commonAtoms=4903733760000000 calldata=61857
    dex_continuous_network_test.go:37: CONTINUOUS_CHECKPOINT sequence=21 hash=82413f8d189879c27cf9b6175fca1ed698344eadd7f65d8bfcdd5227a2e90f77 anchor=39/f8df5ee86e7bc1989ed4a421ec3caca8bc03dea59d053756a8acc3f56890a8b3 inbox=4..4 fee=0 rewardFee=0 rewardSupport=0
    dex_continuous_network_test.go:37: CONTINUOUS_TX height=99 block=0x1fc0a230efeb17b097003b78ac7dbd05248a8376db9f9c7c4c396f7136948c6e tx=0xa3fc50ef5872053e683ffdd926cfb8eda325c27b92d449c961ae07f56456c1ca payer=0x39Cb19b89195dFE14dd617013A6FE5f54B702B1c nonce=26 op=checkpoint status=1 gas=12126132 gasAtoms=19401811200000000 commonAtoms=3880362240000000 calldata=2052
    dex_continuous_network_test.go:37: CONTINUOUS_TX height=101 block=0x5497eab7fcc9ecdd536c9f82776023055638a8ccff642e4eb1b59bad07afca2c tx=0x193b497a76dc3b904c7d2b8f691a1f7c4f897b1c46ba252b9b4682f5573f532c payer=0xc3e044AC8709aBaa9139864154A332965a92A3Cd nonce=25 op=checkpoint-replay status=1 gas=12126132 gasAtoms=19401811200000000 commonAtoms=3880362240000000 calldata=2052
    dex_continuous_network_test.go:37: CONTINUOUS_CLAIM id=476dbe8488231e0689bf16b71f826bd3b2a40ce2b27f76d519de927f553c3a9d seq=18 recipient=55897348aaed81138e9a1352775638722468fea9 amount=166666666666666667 kind=2
    dex_continuous_network_test.go:37: CONTINUOUS_TX height=103 block=0x18bc4fe6a8921166af91633f78c2a3da3b5d2126b7ac14445ad551de70a67f74 tx=0xfd1fef389e68b0c794de264d5b6d5ec1b89abd2bc99c8bc21895a61ccc4e339c payer=0x39Cb19b89195dFE14dd617013A6FE5f54B702B1c nonce=27 op=claim status=1 gas=390132 gasAtoms=624211200000000 commonAtoms=124842240000000 calldata=356
    dex_continuous_network_test.go:37: CONTINUOUS_TX height=105 block=0x8c2af8ca5e8a5eea7134916563f32de36661aea0849a8a8ad2de71c0ef734f00 tx=0x8a408f9e76e78180d33c306f1e6016ada4f9db447a0ecc4bdd82fe67fb46462a payer=0xc3e044AC8709aBaa9139864154A332965a92A3Cd nonce=26 op=claim-replay status=1 gas=390132 gasAtoms=624211200000000 commonAtoms=124842240000000 calldata=356
    dex_continuous_network_test.go:37: CONTINUOUS_CHECKPOINT sequence=22 hash=2b14ca959b8190c9d06a2f33d29dec1bad4fd1f5795ccc2d33e155806600243a anchor=39/f8df5ee86e7bc1989ed4a421ec3caca8bc03dea59d053756a8acc3f56890a8b3 inbox=4..4 fee=0 rewardFee=0 rewardSupport=0
    dex_continuous_network_test.go:37: CONTINUOUS_TX height=107 block=0xd285b4e17f287e4bd5b1d8d8415817ed43ab39eb11f84d8418f8a689b750b799 tx=0xfa409bbcac03956781019a31e01cbe53c19cc77e329b342754d0fa760f5bd96e payer=0x39Cb19b89195dFE14dd617013A6FE5f54B702B1c nonce=28 op=checkpoint status=1 gas=12153744 gasAtoms=19445990400000000 commonAtoms=3889198080000000 calldata=2574
    dex_continuous_network_test.go:37: CONTINUOUS_TX height=109 block=0x7a5fb9b569dfc7f7d8c3484098d672cb1aabb4c5c6a6f08aa89235faf0ea5947 tx=0x27daef7a47813daaea8895abbe905b8b5d7cba00435ac2610b7f8af5a06d46bb payer=0xc3e044AC8709aBaa9139864154A332965a92A3Cd nonce=27 op=checkpoint-replay status=1 gas=12153744 gasAtoms=19445990400000000 commonAtoms=3889198080000000 calldata=2574
    dex_continuous_network_test.go:37: CONTINUOUS_ANCHOR_COST tx=0xefbb34d837a8b62d5a4988e0f0780cc285927f8e026aed8441c5c7abb87dd750 calldata=61584 headers=32 mptNodes=7 mptBytes=1880 gas=15309996
    dex_continuous_network_test.go:37: CONTINUOUS_TX height=111 block=0xfbf29fc28f839f1d4f698a13656807f3a800c4b9a5f97e35513d56daab63ca08 tx=0xefbb34d837a8b62d5a4988e0f0780cc285927f8e026aed8441c5c7abb87dd750 payer=0x39Cb19b89195dFE14dd617013A6FE5f54B702B1c nonce=29 op=anchor status=1 gas=15309996 gasAtoms=24495993600000000 commonAtoms=4899198720000000 calldata=61584
    dex_continuous_network_test.go:37: CONTINUOUS_ANCHOR_COST tx=0xef97a7cac164162c8c284cbd93068ca741a2a1fc91ae704468c3ccc4566d4178 calldata=61584 headers=32 mptNodes=7 mptBytes=1880 gas=15309996
    dex_continuous_network_test.go:37: CONTINUOUS_TX height=112 block=0x62b0826ef13fa832288bfc450e109b1e34bbeb39c0299c0d4f9471e86d3a56fa tx=0xef97a7cac164162c8c284cbd93068ca741a2a1fc91ae704468c3ccc4566d4178 payer=0xc3e044AC8709aBaa9139864154A332965a92A3Cd nonce=28 op=anchor status=1 gas=15309996 gasAtoms=24495993600000000 commonAtoms=4899198720000000 calldata=61584
    dex_continuous_network_test.go:37: CONTINUOUS_CHECKPOINT sequence=23 hash=2a8597ea62570460840c1abf003c7a3d5ac58de14a821e38055d70eab0e173ab anchor=71/3fa4bf31341906b854422df55f69952e1ab2085909bc9d10f33bc69b16669ac5 inbox=4..4 fee=0 rewardFee=0 rewardSupport=0
    dex_continuous_network_test.go:37: CONTINUOUS_TX height=114 block=0x2df318b1568ef78417ebb7cc62e947ae367ccd2b976b5c5f6bf5aced696d16ad tx=0x43a4026b03a2515abb4cd8d4790fc3d5f4b3b5b4499cdc3e55303892f8332342 payer=0xc3e044AC8709aBaa9139864154A332965a92A3Cd nonce=29 op=checkpoint status=1 gas=12126060 gasAtoms=19401696000000000 commonAtoms=3880339200000000 calldata=2052
    dex_continuous_network_test.go:37: CONTINUOUS_TX height=115 block=0x697c079c11cb69495d23779b46148f2a94824a073c4a077bb1d7ea00d8f5135a tx=0x09ca31964d0a3a92ad88278e37bdc49974bee6f5d5570489259c8a40fe0ad2e4 payer=0x39Cb19b89195dFE14dd617013A6FE5f54B702B1c nonce=30 op=checkpoint-replay status=1 gas=12126060 gasAtoms=19401696000000000 commonAtoms=3880339200000000 calldata=2052
    dex_continuous_network_test.go:37: CONTINUOUS_CHECKPOINT sequence=24 hash=1c959ebab05bc33cda87ea8d9a2612e9cdce0fa2df55fcd4672ca9570f0c2272 anchor=71/3fa4bf31341906b854422df55f69952e1ab2085909bc9d10f33bc69b16669ac5 inbox=4..4 fee=0 rewardFee=0 rewardSupport=0
    dex_continuous_network_test.go:37: CONTINUOUS_TX height=117 block=0x0b8c455ecf156f832056dda6dd06ed1b8a24237c265361c243e494931433b197 tx=0xeb90b8bd02eefc22cb5b4012028184077460a7a30776e1a317a8115cb25b8037 payer=0xc3e044AC8709aBaa9139864154A332965a92A3Cd nonce=30 op=checkpoint status=1 gas=12153768 gasAtoms=19446028800000000 commonAtoms=3889205760000000 calldata=2574
    dex_continuous_network_test.go:37: CONTINUOUS_TX height=118 block=0xde252d83681f44c4f51645ef409689de75c94fef99ba80beae7c64b76abd0478 tx=0xe43e9563f4c44970af970795998657fc2591462f4d8f8f063690042b19c5a035 payer=0x39Cb19b89195dFE14dd617013A6FE5f54B702B1c nonce=31 op=checkpoint-replay status=1 gas=12153768 gasAtoms=19446028800000000 commonAtoms=3889205760000000 calldata=2574
    dex_continuous_network_test.go:37: CONTINUOUS_CANONICAL_PROGRESS label=settlement-38 elapsed=527.727069ms idle=527.727069ms sequence=24 uniquePaid=6 nativeAnchor=71
    dex_continuous_network_test.go:37: CONTINUOUS_ANCHOR_COST tx=0x8b6c4f8eb64f44b3ee45dfa46d5698c6e7f220eea766061e4e29c9d670fb1041 calldata=37405 headers=19 mptNodes=7 mptBytes=1912 gas=14023676
    dex_continuous_network_test.go:37: CONTINUOUS_TX height=120 block=0xe2967c12b35195d31b73a5f4f7a7677f19b6a816e146570efdf5a6067fef2fa1 tx=0x8b6c4f8eb64f44b3ee45dfa46d5698c6e7f220eea766061e4e29c9d670fb1041 payer=0x39Cb19b89195dFE14dd617013A6FE5f54B702B1c nonce=32 op=anchor status=1 gas=14023676 gasAtoms=22437881600000000 commonAtoms=4487576320000000 calldata=37405
    dex_continuous_network_test.go:37: CONTINUOUS_CANONICAL_PROGRESS label=settlement-38 elapsed=2.281778999s idle=1.75405193s sequence=24 uniquePaid=6 nativeAnchor=90
    dex_continuous_network_test.go:37: CONTINUOUS_ANCHOR_COST tx=0x9b003e59b4f475ddc7206edc9a030b555c9f8f5c1310a2622723fcbcf4c18189 calldata=37405 headers=19 mptNodes=7 mptBytes=1912 gas=14023676
    dex_continuous_network_test.go:37: CONTINUOUS_TX height=121 block=0x0871ea052d5db0f768578af69c48720a641e2c59ade52f92d8743fe14102af18 tx=0x9b003e59b4f475ddc7206edc9a030b555c9f8f5c1310a2622723fcbcf4c18189 payer=0xc3e044AC8709aBaa9139864154A332965a92A3Cd nonce=31 op=anchor status=1 gas=14023676 gasAtoms=22437881600000000 commonAtoms=4487576320000000 calldata=37405
    dex_continuous_network_test.go:37: CONTINUOUS_CHECKPOINT sequence=25 hash=ed794fc315b35a6fde1d09a7486aec5c56cd65aa74f3b2d8a9439c9bacdca452 anchor=90/5df295b920fcc0404ffe73179e132f9acb5f7f9b75d64f953004a5a49b7f26bc inbox=4..6 fee=0 rewardFee=0 rewardSupport=0
    dex_continuous_network_test.go:37: CONTINUOUS_TX height=123 block=0x3ed8e4a836c5f232a2f9091ed24064672bd10fafc6ac4c792b66c4d32033268b tx=0x946aea3102419eff84c35654849eccac60d6e0506d2802d931533c9025d3aa34 payer=0x39Cb19b89195dFE14dd617013A6FE5f54B702B1c nonce=33 op=checkpoint status=1 gas=12126588 gasAtoms=19402540800000000 commonAtoms=3880508160000000 calldata=2052
    dex_continuous_network_test.go:37: CONTINUOUS_CANONICAL_PROGRESS label=settlement-38 elapsed=4.254856332s idle=1.973077333s sequence=25 uniquePaid=6 nativeAnchor=90
    dex_continuous_network_test.go:37: CONTINUOUS_TX height=125 block=0x941fc12090af6d648d3ea7b58b9caf394c50b091054b67d8572510adc8c9d604 tx=0xbd9768c646a122af1ce44d2680a801a45719e49bc7db00f8e4d0d2b788280882 payer=0xc3e044AC8709aBaa9139864154A332965a92A3Cd nonce=32 op=checkpoint-replay status=1 gas=12126588 gasAtoms=19402540800000000 commonAtoms=3880508160000000 calldata=2052
    dex_continuous_network_test.go:37: CONTINUOUS_CHECKPOINT sequence=26 hash=bd28c88706b25840f2930f705aa1c7a19d4bac7d0037ee3df6c3cd1522f99317 anchor=90/5df295b920fcc0404ffe73179e132f9acb5f7f9b75d64f953004a5a49b7f26bc inbox=6..6 fee=0 rewardFee=0 rewardSupport=0
    dex_continuous_network_test.go:37: CONTINUOUS_TX height=127 block=0xa6591077829af880ea14a7af9142b72f4d4903abe6191f709c655c8606f49e1a tx=0x09c733376bf51663ef10340bfbbd3ccf7a5952f25d70724431849e76a704d0ae payer=0x39Cb19b89195dFE14dd617013A6FE5f54B702B1c nonce=34 op=checkpoint status=1 gas=12126108 gasAtoms=19401772800000000 commonAtoms=3880354560000000 calldata=2052
    dex_continuous_network_test.go:37: CONTINUOUS_CANONICAL_PROGRESS label=settlement-38 elapsed=7.454336069s idle=3.199479737s sequence=26 uniquePaid=6 nativeAnchor=90
    dex_continuous_network_test.go:37: CONTINUOUS_CHECKPOINT sequence=27 hash=031f9bc79682c3cde936f869d742ec5c590963cf464377d529bfb21c10c31c25 anchor=90/5df295b920fcc0404ffe73179e132f9acb5f7f9b75d64f953004a5a49b7f26bc inbox=6..6 fee=0 rewardFee=0 rewardSupport=0
    dex_continuous_network_test.go:37: CONTINUOUS_TX height=129 block=0x90d0995050dd3220cf43d784adde1da5eb1ba4c7885791f454456b72d80865fd tx=0xc5efdba40aa7f31052d52ac88a96aa2aa70017d88cbc065a98425dd03245585d payer=0x39Cb19b89195dFE14dd617013A6FE5f54B702B1c nonce=35 op=checkpoint status=1 gas=12126132 gasAtoms=19401811200000000 commonAtoms=3880362240000000 calldata=2052
    dex_continuous_network_test.go:37: CONTINUOUS_CANONICAL_PROGRESS label=settlement-38 elapsed=11.539179956s idle=4.084843887s sequence=27 uniquePaid=6 nativeAnchor=90
    dex_continuous_network_test.go:37: CONTINUOUS_CHECKPOINT sequence=28 hash=3074335d83503781a269a8db09122423ec6d3c6091e37cbe93deedeb82b00ada anchor=90/5df295b920fcc0404ffe73179e132f9acb5f7f9b75d64f953004a5a49b7f26bc inbox=6..6 fee=0 rewardFee=0 rewardSupport=0
    dex_continuous_network_test.go:37: CONTINUOUS_TX height=131 block=0x44c361e96674a81b730f871d2c2c992cf545f5ce93df584ed62ce25d2dff206c tx=0xdf41703ef3cba87767460f1ef46a606d3a48fc4a6b34c2920767d2d836542e1b payer=0x39Cb19b89195dFE14dd617013A6FE5f54B702B1c nonce=36 op=checkpoint status=1 gas=12126156 gasAtoms=19401849600000000 commonAtoms=3880369920000000 calldata=2052
    dex_continuous_network_test.go:37: CONTINUOUS_CANONICAL_PROGRESS label=settlement-38 elapsed=13.994590122s idle=2.455410166s sequence=28 uniquePaid=6 nativeAnchor=90
    dex_continuous_network_test.go:37: CONTINUOUS_CHECKPOINT sequence=29 hash=18b4729bc970d6b14eca562278a0e95a0bee75cb4402d6cdb7c59e25bce693dc anchor=90/5df295b920fcc0404ffe73179e132f9acb5f7f9b75d64f953004a5a49b7f26bc inbox=6..6 fee=40000000000000000 rewardFee=0 rewardSupport=0
    dex_continuous_network_test.go:37: CONTINUOUS_TX height=133 block=0x17f7ab45890164488233c7eab91119be39f83b5e3d6271afac3a63d7c2775727 tx=0xf630acf1935b66cd094da5cff19f55647ee61e0049bc71775d1f679046da0ca1 payer=0x39Cb19b89195dFE14dd617013A6FE5f54B702B1c nonce=37 op=checkpoint status=1 gas=12126228 gasAtoms=19401964800000000 commonAtoms=3880392960000000 calldata=2052
    dex_continuous_network_test.go:37: CONTINUOUS_CANONICAL_PROGRESS label=settlement-38 elapsed=16.611714813s idle=2.617124691s sequence=29 uniquePaid=6 nativeAnchor=90
    dex_continuous_network_test.go:37: CONTINUOUS_CHECKPOINT sequence=30 hash=14ed08bbb85c54bee55c079d1f3a02f85035884eb43472265aad4b21856ac48e anchor=90/5df295b920fcc0404ffe73179e132f9acb5f7f9b75d64f953004a5a49b7f26bc inbox=6..6 fee=0 rewardFee=0 rewardSupport=0
    dex_continuous_network_test.go:37: CONTINUOUS_TX height=135 block=0x1ea858b3d4b19768126f6b75b4186f09c5df65c00edc6e0b18c9ad14f9cb9595 tx=0x7c1958b704098498312af95441f66c7fe9670c1cc41fcc53208f9331c75ca94d payer=0xc3e044AC8709aBaa9139864154A332965a92A3Cd nonce=33 op=checkpoint status=1 gas=12126156 gasAtoms=19401849600000000 commonAtoms=3880369920000000 calldata=2052
    dex_continuous_network_test.go:37: CONTINUOUS_CANONICAL_PROGRESS label=settlement-38 elapsed=19.719070244s idle=3.107355431s sequence=30 uniquePaid=6 nativeAnchor=90
    dex_continuous_network_test.go:37: CONTINUOUS_TX height=136 block=0x1000aa28f310b49b0d9c48d519c6ada30c0c71d4bb2eb0849895e9461214e106 tx=0xc33c04e70eaca1a5c9839b1d2e0967fe7e2588b01f5c3259826f6dd626bbeb49 payer=0x39Cb19b89195dFE14dd617013A6FE5f54B702B1c nonce=38 op=checkpoint-replay status=1 gas=12126156 gasAtoms=19401849600000000 commonAtoms=3880369920000000 calldata=2052
    dex_continuous_network_test.go:37: CONTINUOUS_CHECKPOINT sequence=31 hash=fe1d24f2c7d02f53519a4539150257f4499d3a2719c1107b5a5f6a01c6ed588b anchor=90/5df295b920fcc0404ffe73179e132f9acb5f7f9b75d64f953004a5a49b7f26bc inbox=6..6 fee=0 rewardFee=0 rewardSupport=0
    dex_continuous_network_test.go:37: CONTINUOUS_TX height=138 block=0x1dc811875bca31143d4fc7d465e24993be72453afbd41444de0c8fada760fb31 tx=0x2a6f20322b687fa40b4deebe04803f3bb794ccbe74967692d122db13fc5219da payer=0xc3e044AC8709aBaa9139864154A332965a92A3Cd nonce=34 op=checkpoint status=1 gas=12126132 gasAtoms=19401811200000000 commonAtoms=3880362240000000 calldata=2052
    dex_continuous_network_test.go:37: CONTINUOUS_TX height=140 block=0x3ffed09b6218e0cf7fec3d5f25672f3a9bcefa8275a396396bc6932649792708 tx=0x1daf71fb7c0e3643bb2c91ddf87cb1e11ef623a230303714f4a38847c2d544c4 payer=0x39Cb19b89195dFE14dd617013A6FE5f54B702B1c nonce=39 op=checkpoint-replay status=1 gas=12126132 gasAtoms=19401811200000000 commonAtoms=3880362240000000 calldata=2052
    dex_continuous_network_test.go:37: CONTINUOUS_CANONICAL_PROGRESS label=settlement-38 elapsed=23.166043505s idle=3.446973261s sequence=31 uniquePaid=6 nativeAnchor=90
    dex_continuous_network_test.go:37: CONTINUOUS_CHECKPOINT sequence=32 hash=2039ee3fc7902659665a4195318073f540d748ce91f0d79b503954dee9032d6a anchor=90/5df295b920fcc0404ffe73179e132f9acb5f7f9b75d64f953004a5a49b7f26bc inbox=6..6 fee=0 rewardFee=0 rewardSupport=0
    dex_continuous_network_test.go:37: CONTINUOUS_TX height=142 block=0xaeb150a82a25ef723fda4612fd014b1e990e492f1c79a1963581f30fd731ca83 tx=0xd09237b884faa858b393972b6de2e3d536ed6bc1e55a1fd9edbc15c5c8c5a290 payer=0xc3e044AC8709aBaa9139864154A332965a92A3Cd nonce=35 op=checkpoint status=1 gas=12126168 gasAtoms=19401868800000000 commonAtoms=3880373760000000 calldata=2052
    dex_continuous_network_test.go:37: CONTINUOUS_CANONICAL_PROGRESS label=settlement-38 elapsed=24.534856824s idle=1.368813319s sequence=32 uniquePaid=6 nativeAnchor=90
    dex_continuous_network_test.go:37: CONTINUOUS_TX height=144 block=0xdfb5d7c4b0bd21262d4946a0eba2283c03ecb0ea61f5e399844bf4d89647d592 tx=0x4f1c47e790f00c6a32e9b476a286897c7f6b1c1769bbfe771c316fadc186c9d8 payer=0x39Cb19b89195dFE14dd617013A6FE5f54B702B1c nonce=40 op=checkpoint-replay status=1 gas=12126168 gasAtoms=19401868800000000 commonAtoms=3880373760000000 calldata=2052
    dex_continuous_network_test.go:37: CONTINUOUS_CHECKPOINT sequence=33 hash=0d3f3d583b2a781d6e75ffcc5e8e5387c87e4acd75fb7d0ff69e04fd3e0c117b anchor=90/5df295b920fcc0404ffe73179e132f9acb5f7f9b75d64f953004a5a49b7f26bc inbox=6..6 fee=44000000000000000 rewardFee=0 rewardSupport=0
    dex_continuous_network_test.go:37: CONTINUOUS_TX height=146 block=0x4281f5621aa626b00aa4d6b85edc842fc60492379959400de9a2686884be867b tx=0xaae4eaad6c4554a3e77965dfa495a55014165db84e6f72e6e61150b2c174d118 payer=0xc3e044AC8709aBaa9139864154A332965a92A3Cd nonce=36 op=checkpoint status=1 gas=12126240 gasAtoms=19401984000000000 commonAtoms=3880396800000000 calldata=2052
    dex_continuous_network_test.go:37: CONTINUOUS_CANONICAL_PROGRESS label=settlement-38 elapsed=28.138117973s idle=3.603261149s sequence=33 uniquePaid=6 nativeAnchor=90
    dex_continuous_network_test.go:37: CONTINUOUS_TX height=148 block=0x7ec62fbd7b98b84469b349017c25eadc600f261bd0338db1ce6be51332cb42bf tx=0x522f8f45eda370b2c65bd4c0cd3b340a432b25870074db5c98e9da096a04461f payer=0x39Cb19b89195dFE14dd617013A6FE5f54B702B1c nonce=41 op=checkpoint-replay status=1 gas=12126240 gasAtoms=19401984000000000 commonAtoms=3880396800000000 calldata=2052
    dex_continuous_network_test.go:37: CONTINUOUS_CHECKPOINT sequence=34 hash=2a2463b0558f73fb289b1be7a62b1c0bafa2296508973b6c3192b5dc32a588e3 anchor=90/5df295b920fcc0404ffe73179e132f9acb5f7f9b75d64f953004a5a49b7f26bc inbox=6..6 fee=0 rewardFee=22000000000000000 rewardSupport=978000000000000000
    dex_continuous_network_test.go:37: CONTINUOUS_TX height=150 block=0x83b8bc8abbb41f0b58104faa0fdc5681dd046ca6c078797d85c6ee3608163bb5 tx=0xbc68e268cfae6973f229f50d76e8877b784f46eb547e863302d8b6c29b684c6e payer=0xc3e044AC8709aBaa9139864154A332965a92A3Cd nonce=37 op=checkpoint status=1 gas=12154884 gasAtoms=19447814400000000 commonAtoms=3889562880000000 calldata=2574
    dex_continuous_network_test.go:37: CONTINUOUS_CANONICAL_PROGRESS label=settlement-38 elapsed=30.330332537s idle=2.192214564s sequence=34 uniquePaid=6 nativeAnchor=90
    dex_continuous_network_test.go:37: CONTINUOUS_CHECKPOINT sequence=35 hash=ed7bf8c9bd74e9638e0e48553cc7fd6f8fb8432ec6c83fb28dd7c467410cfe3c anchor=90/5df295b920fcc0404ffe73179e132f9acb5f7f9b75d64f953004a5a49b7f26bc inbox=6..6 fee=0 rewardFee=0 rewardSupport=0
    dex_continuous_network_test.go:37: CONTINUOUS_TX height=152 block=0xc02019e14f208365b2a891f5eccf14f6b2026d918cf581dabfc8046c1c8d36f4 tx=0x0b9e6f298cc5e3c3b8b8f753f89fdb816d5bec02fbd6e8cfe0cf19c0d5af11dd payer=0x39Cb19b89195dFE14dd617013A6FE5f54B702B1c nonce=42 op=checkpoint status=1 gas=12126168 gasAtoms=19401868800000000 commonAtoms=3880373760000000 calldata=2052
    dex_continuous_network_test.go:37: CONTINUOUS_CANONICAL_PROGRESS label=settlement-38 elapsed=32.751382329s idle=2.421049792s sequence=35 uniquePaid=6 nativeAnchor=90
    dex_continuous_network_test.go:37: CONTINUOUS_TX height=154 block=0x25d67763e36045a5c2084d0d35fa87859910f16a8453bb68db7b902f917af0a1 tx=0xaa831aead224f98afae3ab74c9fca3482b41270c4aeed13fdba97f844f7f8bab payer=0xc3e044AC8709aBaa9139864154A332965a92A3Cd nonce=38 op=checkpoint-replay status=1 gas=12126168 gasAtoms=19401868800000000 commonAtoms=3880373760000000 calldata=2052
    dex_continuous_network_test.go:37: CONTINUOUS_CHECKPOINT sequence=36 hash=fc3a35803b2368580f98d40b88ef9d137288bdc41e988936b085b0ef68e94781 anchor=90/5df295b920fcc0404ffe73179e132f9acb5f7f9b75d64f953004a5a49b7f26bc inbox=6..6 fee=0 rewardFee=0 rewardSupport=0
    dex_continuous_network_test.go:37: CONTINUOUS_TX height=156 block=0x1c4c0fc9cde4fe8ee0a492e30de148fb23fd8668e96be33df324d0a2fe2d7e84 tx=0x9398807a447b1017b8436e16bd31642c2dce5e5ce526ce6cb10d4dc04dbe7ae1 payer=0x39Cb19b89195dFE14dd617013A6FE5f54B702B1c nonce=43 op=checkpoint status=1 gas=12126156 gasAtoms=19401849600000000 commonAtoms=3880369920000000 calldata=2052
    dex_continuous_network_test.go:37: CONTINUOUS_CANONICAL_PROGRESS label=settlement-38 elapsed=35.854022565s idle=3.102640236s sequence=36 uniquePaid=6 nativeAnchor=90
    dex_continuous_network_test.go:37: CONTINUOUS_TX height=157 block=0xef979d727b9aaefe2f7b76bfd2ae5350a2afe89c3dec16e64be093f1519741c8 tx=0x5d8a7000650e904f9991b958626b8587d9d1666d136dfa5c17d235bc5e4fa995 payer=0xc3e044AC8709aBaa9139864154A332965a92A3Cd nonce=39 op=checkpoint-replay status=1 gas=12126156 gasAtoms=19401849600000000 commonAtoms=3880369920000000 calldata=2052
    dex_continuous_network_test.go:37: CONTINUOUS_CHECKPOINT sequence=37 hash=8d1f6e5c3d9ed05b3fe398eb6f2102c3a8f1410de360ee7325ad93693b5e4593 anchor=90/5df295b920fcc0404ffe73179e132f9acb5f7f9b75d64f953004a5a49b7f26bc inbox=6..6 fee=0 rewardFee=0 rewardSupport=0
    dex_continuous_network_test.go:37: CONTINUOUS_TX height=159 block=0xd1ce05cf4628412cafc762a887d7bdfd1437a6cddbb1bdf3b8310138c6e92d30 tx=0x8093ddc4493091059eca931f0f46e7501b29f1c158741280a9cdb24828d288d8 payer=0x39Cb19b89195dFE14dd617013A6FE5f54B702B1c nonce=44 op=checkpoint status=1 gas=12126672 gasAtoms=19402675200000000 commonAtoms=3880535040000000 calldata=2052
    dex_continuous_network_test.go:37: CONTINUOUS_TX height=160 block=0x12caac79eef13a9908afebae9aa1b6e1fa694f4be5db42a196b993d9dd592aea tx=0xb62fc521dd5012ea2c3d19a6e35f5b0d4569f0699b9656919b2bde2aecf5065d payer=0xc3e044AC8709aBaa9139864154A332965a92A3Cd nonce=40 op=checkpoint-replay status=1 gas=12126672 gasAtoms=19402675200000000 commonAtoms=3880535040000000 calldata=2052
    dex_continuous_network_test.go:37: CONTINUOUS_CANONICAL_PROGRESS label=settlement-38 elapsed=39.445793694s idle=3.591771129s sequence=37 uniquePaid=6 nativeAnchor=90
    dex_continuous_network_test.go:37: CONTINUOUS_CHECKPOINT sequence=38 hash=a5a952f500c4c16ad14ef0a0186af7b89794460e29a030dc7f8f8b0ee9172db7 anchor=90/5df295b920fcc0404ffe73179e132f9acb5f7f9b75d64f953004a5a49b7f26bc inbox=6..6 fee=0 rewardFee=20000000000000000 rewardSupport=980000000000000000
    dex_continuous_network_test.go:37: CONTINUOUS_TX height=162 block=0x257dbd941a7d94a723ea3db6c5eedf9a451f946f1fb5ce374072fa24d38df9ee tx=0x084cc717ac1c71358975dbe15cab1dd3e087d3dd12574cde880ce98407bd9f78 payer=0xc3e044AC8709aBaa9139864154A332965a92A3Cd nonce=41 op=checkpoint status=1 gas=12127116 gasAtoms=19403385600000000 commonAtoms=3880677120000000 calldata=2052
    dex_continuous_network_test.go:37: CONTINUOUS_TX height=163 block=0x12f4727984a3026560e3eee18e5d6b1e4c181c8841c274afcdbac62452611615 tx=0x33fa987695f1f488aefdcdbcb647e9c5797bb2ee32518f3ae89d25dc3fabe434 payer=0x39Cb19b89195dFE14dd617013A6FE5f54B702B1c nonce=45 op=checkpoint-replay status=1 gas=12127116 gasAtoms=19403385600000000 commonAtoms=3880677120000000 calldata=2052
    dex_continuous_network_test.go:37: CONTINUOUS_CANONICAL_PROGRESS label=settlement-38 elapsed=43.467879917s idle=4.022086223s sequence=38 uniquePaid=6 nativeAnchor=90
    dex_continuous_network_test.go:37: CONTINUOUS_ETH_SOURCE height=163 hash=0x12f4727984a3026560e3eee18e5d6b1e4c181c8841c274afcdbac62452611615 root=0x5cdd02ae2eb9849c8a1b3e8ab72186f5f6c20184966b518e2dd038867075176a normalFollow=true
    dex_continuous_network_test.go:37: NATIVE_BALANCE height=163 account=0x000000000000000000000000000000000000B123 initial=123 final=306522969600000123 delta=306522969600000000
    dex_continuous_network_test.go:37: NATIVE_BALANCE height=163 account=0x0000000000000000000000000000000000De0001 initial=0 final=264000000000000000000 delta=264000000000000000000
    dex_continuous_network_test.go:37: NATIVE_BALANCE height=163 account=0x00BB9d30903B14261B9f06cD25a8426f9B99Ab6d initial=1000000000000000000000 final=879999130880000000000 delta=-120000869120000000000
    dex_continuous_network_test.go:37: NATIVE_BALANCE height=163 account=0x0Ae2d1671275cBe32724454245C33B250Bc1C00A initial=0 final=166666666666666667 delta=166666666666666667
    dex_continuous_network_test.go:37: NATIVE_BALANCE height=163 account=0x13C2af1D12c92091dDE204553008167c7531b10F initial=1000000000000000000000000000 final=1000000000000000000000000000 delta=0
    dex_continuous_network_test.go:37: NATIVE_BALANCE height=163 account=0x2B7EAA19BDE74cE04c8491Ba6C660c7e86b37412 initial=0 final=166666666666666666 delta=166666666666666666
    dex_continuous_network_test.go:37: NATIVE_BALANCE height=163 account=0x39Cb19b89195dFE14dd617013A6FE5f54B702B1c initial=1000000000000000000000 final=999205604761600000000 delta=-794395238400000000
    dex_continuous_network_test.go:37: NATIVE_BALANCE height=163 account=0x4F9A577C9EC4fD4A38Fa6F61375494868f55e968 initial=1000000000000000000000 final=879999130880000000000 delta=-120000869120000000000
    dex_continuous_network_test.go:37: NATIVE_BALANCE height=163 account=0x55897348AAeD81138e9a1352775638722468feA9 initial=0 final=166666666666666667 delta=166666666666666667
    dex_continuous_network_test.go:37: NATIVE_BALANCE height=163 account=0x8ecb4C3bD1885C5da4B135cD852987903EA1D831 initial=0 final=166666666666666667 delta=166666666666666667
    dex_continuous_network_test.go:37: NATIVE_BALANCE height=163 account=0x94953cddC0a9179b7e2FC062044f059122882C17 initial=0 final=166666666666666667 delta=166666666666666667
    dex_continuous_network_test.go:37: NATIVE_BALANCE height=163 account=0xB019173719a247113E5180fA2BF0540Ba5829a96 initial=0 final=166666666666666666 delta=166666666666666666
    dex_continuous_network_test.go:37: NATIVE_BALANCE height=163 account=0xa08D8d1db1A20D738faB1F48c4e2d6b60333d42B initial=77 final=77 delta=0
    dex_continuous_network_test.go:37: NATIVE_BALANCE height=163 account=0xb300b46CEa279E7dc0eAB351A0d7833f198CB5C5 initial=1000000000000000000000 final=974999130880000000000 delta=-25000869120000000000
    dex_continuous_network_test.go:37: NATIVE_BALANCE height=163 account=0xc3e044AC8709aBaa9139864154A332965a92A3Cd initial=1000000000000000000000 final=999264387750400000000 delta=-735612249600000000
    dex_continuous_network_test.go:37: NATIVE_LEDGER_RECONCILED height=163 custody=264000000000000000000 gas=1532614848000000000 commonReward=306522969600000000 burn=1226091878400000000 accounts=15 engine=0/0/0
    dex_continuous_network_test.go:37: CONTINUOUS_BUCKET key=F atoms=106000000000000000
    dex_continuous_network_test.go:37: CONTINUOUS_BUCKET key=I atoms=5000000000000000000
    dex_continuous_network_test.go:37: CONTINUOUS_BUCKET key=R atoms=2000000000000000000
    dex_continuous_network_test.go:37: CONTINUOUS_BUCKET key=S atoms=17062000000000000000
    dex_continuous_network_test.go:37: CONTINUOUS_BUCKET key=T atoms=219832000000000000000
    dex_continuous_network_test.go:37: CONTINUOUS_BUCKET key=U atoms=0
    dex_continuous_network_test.go:37: CONTINUOUS_BUCKET key=W atoms=20000000000000000000
    dex_continuous_network_test.go:37: CONTINUOUS_BUCKET key=Z atoms=0
    dex_continuous_network_test.go:37: CONTINUOUS_LIMITS maxCalldata=61857 maxHeaders=32 maxMPTNodes=7 maxMPTBytes=1912 operationCounts=map[anchor:8 checkpoint:38 checkpoint-replay:31 claim:6 claim-replay:5 funding-1:4 funding-2:1 funding-3:1]
    dex_continuous_network_test.go:37: CONTINUOUS_SETTLED DEXSequence=38 CLXAccepted=38 CLXHeight=163 root=0x5cdd02ae2eb9849c8a1b3e8ab72186f5f6c20184966b518e2dd038867075176a custody=264000000000000000000
    dex_continuous_network_test.go:41: CONTINUOUS_DEX_COLD_PAUSE index=0 parentPID=1184292 walBytes=644783
    dex_continuous_network_test.go:41: CONTINUOUS_DEX_COLD_PAUSE index=1 parentPID=1184329 walBytes=711923
    dex_continuous_network_test.go:41: CONTINUOUS_DEX_COLD_PAUSE index=2 parentPID=1184354 walBytes=644781
    dex_continuous_network_test.go:41: CONTINUOUS_DEX_COLD_PAUSE index=3 parentPID=1184383 walBytes=644779
    dex_continuous_network_test.go:41: CONTINUOUS_DEX_COLD_PAUSE index=4 parentPID=1184425 walBytes=644778
    dex_continuous_network_test.go:41: CONTINUOUS_DEX_COLD_PAUSE index=5 parentPID=1184457 walBytes=644782
    dex_continuous_network_test.go:41: CONTINUOUS_DEX_COLD_PAUSE index=6 parentPID=1184576 walBytes=644872
    dex_continuous_network_test.go:47: CONTINUOUS_CLAIM id=a3fb8777678a60f7f8a1b06af293270d11dd033ea3c3925f135821bf2027a708 seq=38 recipient=55897348aaed81138e9a1352775638722468fea9 amount=142857142857142858 kind=2
    dex_continuous_network_test.go:47: CONTINUOUS_TX height=165 block=0xb18a03c3036b1b404fd17caab0d53394caec1afd0e431f9ad44cb02a3452cd60 tx=0x49eb91322fbe103265fce1a0b61032878aa142997844f419e42987f7aefd73e8 payer=0xc3e044AC8709aBaa9139864154A332965a92A3Cd nonce=42 op=claim status=1 gas=390144 gasAtoms=624230400000000 commonAtoms=124846080000000 calldata=356
    dex_continuous_network_test.go:47: CONTINUOUS_USER_RPC_ACK tx=0xd0b55d92ff72cafc0db872a6cd2a05306372c53131e69028f157d831605ab980 nonce=2
    dex_continuous_network_test.go:47: CONTINUOUS_CLAIM id=36e2e74811a40c5aa73538384d349bdf7b9071aa4c4d90f20860698887dbbcdf seq=38 recipient=b93f3841fb9cb267c104f13a994bd987e531ffba amount=142857142857142857 kind=2
    dex_continuous_network_test.go:47: CONTINUOUS_TX height=166 block=0xab718882f4d0094f772175ce1f587e7e025571e145bbf97ef1d46c0027cb2d12 tx=0xff6f958029a48495422b9f2f733c6e644978f2dd7a86bb64632fcf2da53c63d8 payer=0x39Cb19b89195dFE14dd617013A6FE5f54B702B1c nonce=46 op=claim status=1 gas=390132 gasAtoms=624211200000000 commonAtoms=124842240000000 calldata=356
    dex_continuous_network_test.go:47: CONTINUOUS_TX height=168 block=0x274542b85782fbe5daef820b8cafdf1823b9e7536f6f50162373d6f3642d09d0 tx=0xd0b55d92ff72cafc0db872a6cd2a05306372c53131e69028f157d831605ab980 payer=0xb300b46CEa279E7dc0eAB351A0d7833f198CB5C5 nonce=2 op=transfer status=1 gas=21000 gasAtoms=33600000000000 commonAtoms=6720000000000 calldata=0
    dex_continuous_network_test.go:47: CONTINUOUS_ETH_SOURCE height=168 hash=0x274542b85782fbe5daef820b8cafdf1823b9e7536f6f50162373d6f3642d09d0 root=0x73fbb0509463f869c0129a2d996ceb39a1565da484b3bd18fd53faae40fe8e84 normalFollow=true
    dex_continuous_network_test.go:47: CONTINUOUS_USER_RPC_ACK tx=0x1af933c2b2f8e796e991ef7ae3118fd75f38ff3a2e54325e532995794b0d99aa nonce=3
    dex_continuous_network_test.go:47: CONTINUOUS_CHECKPOINT sequence=39 hash=8e2d78a687912063a680b3bf44eb8ec5e7fa0e73c148b0722d8b21830ccd1716 anchor=90/5df295b920fcc0404ffe73179e132f9acb5f7f9b75d64f953004a5a49b7f26bc inbox=6..6 fee=0 rewardFee=0 rewardSupport=0
    dex_continuous_network_test.go:47: CONTINUOUS_TX height=170 block=0x9996ee2579083749078da23083e6f23903d3c602dbfa2d1f1d4abc4b947348f5 tx=0xcac4061562d25d780792a9b891dab00a2f2b2d3ed02647adfbb3ef6eaf96a0b2 payer=0x39Cb19b89195dFE14dd617013A6FE5f54B702B1c nonce=47 op=checkpoint status=1 gas=12126108 gasAtoms=19401772800000000 commonAtoms=3880354560000000 calldata=2052
    dex_continuous_network_test.go:47: CONTINUOUS_TX height=171 block=0xb2adc58a3c9b7735e755b688da8e63a8db6b8edee2a306db3c4318aed5d72564 tx=0x1af933c2b2f8e796e991ef7ae3118fd75f38ff3a2e54325e532995794b0d99aa payer=0xb300b46CEa279E7dc0eAB351A0d7833f198CB5C5 nonce=3 op=transfer status=1 gas=21000 gasAtoms=33600000000000 commonAtoms=6720000000000 calldata=0
    dex_continuous_network_test.go:47: CONTINUOUS_ETH_SOURCE height=171 hash=0xb2adc58a3c9b7735e755b688da8e63a8db6b8edee2a306db3c4318aed5d72564 root=0x2057171768e8347bef098fcd0c11247da9bafc12bfa8866abea278658873f572 normalFollow=true
    dex_continuous_network_test.go:47: CONTINUOUS_USER_RPC_ACK tx=0x62999f435a5f2c242663b520f8592ba712d1dfabde7951312d4bc9f0aacb26c7 nonce=4
    dex_continuous_network_test.go:47: CONTINUOUS_TX height=173 block=0x27338ae3ef382f1732fe5654c60121b3a5fd573889a1215a947af64b75066da9 tx=0x06e711c7ac24856662023b6ca4cfad4702c36126fd60267232934f2bf4fec49f payer=0xc3e044AC8709aBaa9139864154A332965a92A3Cd nonce=43 op=checkpoint-replay status=1 gas=12126108 gasAtoms=19401772800000000 commonAtoms=3880354560000000 calldata=2052
    dex_continuous_network_test.go:47: CONTINUOUS_TX height=174 block=0x9fb384a63dbf987de60fa30cae4d529da97f5ce749fcb979018582ae3f4d4cec tx=0x62999f435a5f2c242663b520f8592ba712d1dfabde7951312d4bc9f0aacb26c7 payer=0xb300b46CEa279E7dc0eAB351A0d7833f198CB5C5 nonce=4 op=transfer status=1 gas=21000 gasAtoms=33600000000000 commonAtoms=6720000000000 calldata=0
    dex_continuous_network_test.go:47: CONTINUOUS_ETH_SOURCE height=174 hash=0x9fb384a63dbf987de60fa30cae4d529da97f5ce749fcb979018582ae3f4d4cec root=0x84fa72815b1b6d276032c4a53f7bb4447af071797570333555a9e6faeabfdeaf normalFollow=true
    dex_continuous_network_test.go:47: CONTINUOUS_USER_RPC_ACK tx=0x4a8e9e9011a9afa3cf0817d8e7964f76999b5cc6b52d6faf53ca8597b1d3169a nonce=5
    dex_continuous_network_test.go:47: CONTINUOUS_TX height=176 block=0x2c31d704c12a02041e4ac8542f58275b8865f6cd19df4d366f110743798c1e00 tx=0x4a8e9e9011a9afa3cf0817d8e7964f76999b5cc6b52d6faf53ca8597b1d3169a payer=0xb300b46CEa279E7dc0eAB351A0d7833f198CB5C5 nonce=5 op=transfer status=1 gas=21000 gasAtoms=33600000000000 commonAtoms=6720000000000 calldata=0
    dex_continuous_network_test.go:47: CONTINUOUS_ETH_SOURCE height=176 hash=0x2c31d704c12a02041e4ac8542f58275b8865f6cd19df4d366f110743798c1e00 root=0x46dc9c81ef5c3c3c6ece0ea7dfbc3c0e92d4551b4ca09def00b09eb183183a0f normalFollow=true
    dex_continuous_network_test.go:47: CONTINUOUS_USER_RPC_ACK tx=0x6799cd07c2861039bc464c9b1cdeb43e6676d75cca4ea86e3409d5eec5f9ee08 nonce=6
    dex_continuous_network_test.go:47: CONTINUOUS_CLAIM id=17bf6383c4bcde37862b3588ccf47e6142b3b250eddbb0b734e826c4f458e438 seq=34 recipient=2b7eaa19bde74ce04c8491ba6c660c7e86b37412 amount=166666666666666666 kind=2
    dex_continuous_network_test.go:47: CONTINUOUS_TX height=178 block=0xd5449bbe81cff3e47ac1d07f922c53b33695b303fc938502cb705f86a06f1b7a tx=0x932baba907af22d05c61ecb47daddb00b46757859d660b2f38afee6477a42016 payer=0x39Cb19b89195dFE14dd617013A6FE5f54B702B1c nonce=48 op=claim status=1 gas=390096 gasAtoms=624153600000000 commonAtoms=124830720000000 calldata=356
    dex_continuous_network_test.go:47: CONTINUOUS_TX height=180 block=0x0bb4e9cb43a67d1f873006165a3ecf50bba050eea3df313c77eb276bd4024cf7 tx=0x6799cd07c2861039bc464c9b1cdeb43e6676d75cca4ea86e3409d5eec5f9ee08 payer=0xb300b46CEa279E7dc0eAB351A0d7833f198CB5C5 nonce=6 op=transfer status=1 gas=21000 gasAtoms=33600000000000 commonAtoms=6720000000000 calldata=0
    dex_continuous_network_test.go:47: CONTINUOUS_ETH_SOURCE height=180 hash=0x0bb4e9cb43a67d1f873006165a3ecf50bba050eea3df313c77eb276bd4024cf7 root=0x0da43e2c8b866da3bd50393024df2d34da0748aea50a39fb87dc367774d818f9 normalFollow=true
    dex_continuous_network_test.go:47: CONTINUOUS_USER_RPC_ACK tx=0x9228f199c3fbed442664bae2716a13f4ef0d469800e02d0f57675b0a581b3d0f nonce=7
    dex_continuous_network_test.go:47: CONTINUOUS_CLAIM id=8fbbcb7b2202e0ccb10aa582a99f1d50c117344460360d96f45c9db60b513680 seq=38 recipient=94953cddc0a9179b7e2fc062044f059122882c17 amount=142857142857142857 kind=2
    dex_continuous_network_test.go:47: CONTINUOUS_TX height=182 block=0x730b9761f6f24305bc57e2806137ca4d839ed81eb50a5829682bd9424ad62c89 tx=0x0a94feabef51f0cb1b8593633e0f94f49c45b87dc8160f6a02887802bd7f3601 payer=0xc3e044AC8709aBaa9139864154A332965a92A3Cd nonce=44 op=claim status=1 gas=390144 gasAtoms=624230400000000 commonAtoms=124846080000000 calldata=356
    dex_continuous_network_test.go:47: CONTINUOUS_TX height=183 block=0xd6c17146fa63b6b189acbb524cf751fe04d6f337bef4e1fde70a00e0ea56acf3 tx=0x9228f199c3fbed442664bae2716a13f4ef0d469800e02d0f57675b0a581b3d0f payer=0xb300b46CEa279E7dc0eAB351A0d7833f198CB5C5 nonce=7 op=transfer status=1 gas=21000 gasAtoms=33600000000000 commonAtoms=6720000000000 calldata=0
    dex_continuous_network_test.go:47: CONTINUOUS_ETH_SOURCE height=183 hash=0xd6c17146fa63b6b189acbb524cf751fe04d6f337bef4e1fde70a00e0ea56acf3 root=0x6db558e9506260cc0da0a347b872fc1f614ea724546ba5cb36090efe994c7023 normalFollow=true
    dex_continuous_network_test.go:47: CONTINUOUS_USER_RPC_ACK tx=0x1cbaea2ce886e739b64430b11ff00da6b4a2b7fae82b45df0460634a2f003c1a nonce=8
    dex_continuous_network_test.go:47: CONTINUOUS_CLAIM id=06db43452ac537aaf76fc3bfac2acb0ec786266ca33d69e76de09408ec7804f2 seq=34 recipient=0ae2d1671275cbe32724454245c33b250bc1c00a amount=166666666666666667 kind=2
    dex_continuous_network_test.go:47: CONTINUOUS_TX height=185 block=0x60cc17b9923149202263429056a6705d6eb7aefc805f89e01a2c758d87211bee tx=0xacdcc3fed61d92c3e0cbc5ad8f514c8f4d4b179ee05539cbc6f141d552b6f5af payer=0x39Cb19b89195dFE14dd617013A6FE5f54B702B1c nonce=49 op=claim status=1 gas=390132 gasAtoms=624211200000000 commonAtoms=124842240000000 calldata=356
    dex_continuous_network_test.go:47: CONTINUOUS_TX height=186 block=0x71aa10db6d20cc1f96bc1cb7b0a138ad4872409b61d8eb73124eb989c413f70e tx=0x1cbaea2ce886e739b64430b11ff00da6b4a2b7fae82b45df0460634a2f003c1a payer=0xb300b46CEa279E7dc0eAB351A0d7833f198CB5C5 nonce=8 op=transfer status=1 gas=21000 gasAtoms=33600000000000 commonAtoms=6720000000000 calldata=0
    dex_continuous_network_test.go:47: CONTINUOUS_ETH_SOURCE height=186 hash=0x71aa10db6d20cc1f96bc1cb7b0a138ad4872409b61d8eb73124eb989c413f70e root=0xce3f37b4c860dd2a508d4156dfd1be3595215e842c764dc83a7742e9da3ee794 normalFollow=true
    dex_continuous_network_test.go:47: CONTINUOUS_USER_RPC_ACK tx=0x6625547a8a2c8a70ca094bf0dfeb42ef0313d362bea564bd560f6fe7287640a0 nonce=9
    dex_continuous_network_test.go:47: CONTINUOUS_TX height=188 block=0xf17a735b606ba8ce7ba7eb8f9ee79dd174f17648a2f52e62c9436b05d94adabd tx=0x6625547a8a2c8a70ca094bf0dfeb42ef0313d362bea564bd560f6fe7287640a0 payer=0xb300b46CEa279E7dc0eAB351A0d7833f198CB5C5 nonce=9 op=transfer status=1 gas=21000 gasAtoms=33600000000000 commonAtoms=6720000000000 calldata=0
    dex_continuous_network_test.go:47: CONTINUOUS_ETH_SOURCE height=188 hash=0xf17a735b606ba8ce7ba7eb8f9ee79dd174f17648a2f52e62c9436b05d94adabd root=0xf8a2d8aad0bfed4f9331ecf97a492f79dcf1e7aeac4536a4a64496eb613b010a normalFollow=true
    dex_continuous_network_test.go:47: CONTINUOUS_USER_RPC_ACK tx=0x7dce1f6a23d81926750b49a2a51a012d13a02a92ba401e8ff6f5113de7513e6f nonce=10
    dex_continuous_network_test.go:47: CONTINUOUS_CLAIM id=a2669aa9f59e1c30fed20e59864ba7d0bf7f30ca3e09f7c353b86c8e16ae0cac seq=34 recipient=b019173719a247113e5180fa2bf0540ba5829a96 amount=166666666666666666 kind=2
    dex_continuous_network_test.go:47: CONTINUOUS_TX height=190 block=0xb51ebc21fd0a01499ddb6423d55d9c5a054bebf737a4526d904b77f6b8745e31 tx=0x62e75076ad996a6e5afa3f72676c2eec7bfdfe54f30a330dc654d7b05a109c06 payer=0x39Cb19b89195dFE14dd617013A6FE5f54B702B1c nonce=50 op=claim status=1 gas=390144 gasAtoms=624230400000000 commonAtoms=124846080000000 calldata=356
    dex_continuous_network_test.go:47: CONTINUOUS_TX height=191 block=0xe8cb7392800d4ae4583d27fe3365bb6ec400b0f71ed8a39f6c54df0acd0ba4f4 tx=0x7dce1f6a23d81926750b49a2a51a012d13a02a92ba401e8ff6f5113de7513e6f payer=0xb300b46CEa279E7dc0eAB351A0d7833f198CB5C5 nonce=10 op=transfer status=1 gas=21000 gasAtoms=33600000000000 commonAtoms=6720000000000 calldata=0
    dex_continuous_network_test.go:47: CONTINUOUS_ETH_SOURCE height=191 hash=0xe8cb7392800d4ae4583d27fe3365bb6ec400b0f71ed8a39f6c54df0acd0ba4f4 root=0x12f0626db22232b224a53fbe5a232e1c49d76e2d06af974765ea95e4a9e98ce6 normalFollow=true
    dex_continuous_network_test.go:47: CONTINUOUS_USER_RPC_ACK tx=0xc1e0f2f66ee8d7a16b51efc689f5320ea02b4204e88bc5adfdf346355410ee1f nonce=11
    dex_continuous_network_test.go:47: CONTINUOUS_CLAIM id=2d341cd469cced524c3eed9ac473c255e34e2b6c396c12910469474e9c594b43 seq=34 recipient=8ecb4c3bd1885c5da4b135cd852987903ea1d831 amount=166666666666666667 kind=2
    dex_continuous_network_test.go:47: CONTINUOUS_TX height=193 block=0x26b566217d71b5b323b3fa5d8a97578d35af3a646111f25f2dfa493525aa1969 tx=0x17acb4b676078f21357ab4ff38ba47716bf81a0f27da6f8774babe6a163e07e3 payer=0xc3e044AC8709aBaa9139864154A332965a92A3Cd nonce=45 op=claim status=1 gas=390144 gasAtoms=624230400000000 commonAtoms=124846080000000 calldata=356
    dex_continuous_network_test.go:47: CONTINUOUS_TX height=194 block=0x573d406cb0fe1677536f10d11b06605d5ee46220b6d720476a204a99ad1ceb10 tx=0xc1e0f2f66ee8d7a16b51efc689f5320ea02b4204e88bc5adfdf346355410ee1f payer=0xb300b46CEa279E7dc0eAB351A0d7833f198CB5C5 nonce=11 op=transfer status=1 gas=21000 gasAtoms=33600000000000 commonAtoms=6720000000000 calldata=0
    dex_continuous_network_test.go:47: CONTINUOUS_ETH_SOURCE height=194 hash=0x573d406cb0fe1677536f10d11b06605d5ee46220b6d720476a204a99ad1ceb10 root=0x01a7159dec0c9a3ca6a0dd93149ab5379bd4051fe3544ca21c2bc565d54f854a normalFollow=true
    dex_continuous_network_test.go:47: CONTINUOUS_USER_RPC_ACK tx=0xda9fc91d0eaedb5f01f9f4a955bd02e53458c70b144b2f0e7672ac012f6a3599 nonce=12
    dex_continuous_network_test.go:47: CONTINUOUS_TX height=196 block=0xd15ebdcad3f23a9d302dd9b6a7fae2a1460d24f5eaec96679a4214ae596282b5 tx=0xdf89d7c2c6f5cb443584b92e97c8f2cc12be44fc457885bb32e1a810137ce135 payer=0x39Cb19b89195dFE14dd617013A6FE5f54B702B1c nonce=51 op=claim-replay status=1 gas=390144 gasAtoms=624230400000000 commonAtoms=124846080000000 calldata=356
    dex_continuous_network_test.go:47: CONTINUOUS_CLAIM id=48a4265426c6ca63a02eb0769232ab06664f59840c54b394af83ff610130e3c4 seq=34 recipient=94953cddc0a9179b7e2fc062044f059122882c17 amount=166666666666666667 kind=2
    dex_continuous_network_test.go:47: CONTINUOUS_TX height=198 block=0xc68a0a69f36efa50b454c17dd5be7871fad3b04e8aaa493a5b8586df00317cdc tx=0xf893e529ef1d822478dbf9ed7e7bc33cd63a454675b1303aae88f8c88d03cc1a payer=0xc3e044AC8709aBaa9139864154A332965a92A3Cd nonce=46 op=claim status=1 gas=390132 gasAtoms=624211200000000 commonAtoms=124842240000000 calldata=356
    dex_continuous_network_test.go:47: CONTINUOUS_TX height=199 block=0xba25830d33607540cb0594de78a565459afbf7db3c38ab71ab3653163ad6313c tx=0xda9fc91d0eaedb5f01f9f4a955bd02e53458c70b144b2f0e7672ac012f6a3599 payer=0xb300b46CEa279E7dc0eAB351A0d7833f198CB5C5 nonce=12 op=transfer status=1 gas=21000 gasAtoms=33600000000000 commonAtoms=6720000000000 calldata=0
    dex_continuous_network_test.go:47: CONTINUOUS_ETH_SOURCE height=199 hash=0xba25830d33607540cb0594de78a565459afbf7db3c38ab71ab3653163ad6313c root=0x0d187d6d277b7bb0e2c963e1b2a0e284c1864ca9c56ea496f96191fa8fe9a7c2 normalFollow=true
    dex_continuous_network_test.go:47: CONTINUOUS_USER_RPC_ACK tx=0x7044244676c2a0d1b2be505b5523bb3ad07a33b688eee3a91ccd6ab568549bf9 nonce=13
    dex_continuous_network_test.go:47: CONTINUOUS_TX height=201 block=0x6f38a13333c707b4d050dcd528f454969587c088aa36200d3b0b970946795b2f tx=0x010fc2227d7a4b90754d1e8e0f50841aab249f53d47528d7fd810fcdfe120d24 payer=0x39Cb19b89195dFE14dd617013A6FE5f54B702B1c nonce=52 op=claim-replay status=1 gas=390132 gasAtoms=624211200000000 commonAtoms=124842240000000 calldata=356
    dex_continuous_network_test.go:47: CONTINUOUS_CLAIM id=d3992c2a5a3c9a5450e6a5572a92a1235dd4f7451985ffef00e9bbc4b24ab60e seq=34 recipient=55897348aaed81138e9a1352775638722468fea9 amount=166666666666666667 kind=2
    dex_continuous_network_test.go:47: CONTINUOUS_TX height=203 block=0xbd1865564b9b3eec93e04e418927822583fcfcfe457eee33456bb2acde10ce65 tx=0x616ba089c533dbdf9921a00d55bab4fa1a98984878108f356ab2d89123f45a87 payer=0xc3e044AC8709aBaa9139864154A332965a92A3Cd nonce=47 op=claim status=1 gas=390144 gasAtoms=624230400000000 commonAtoms=124846080000000 calldata=356
    dex_continuous_network_test.go:47: CONTINUOUS_TX height=204 block=0x8902dbca167119f8d6c4edd8798d9c50c3e5ebda54b81785ece859846b1e8120 tx=0x7044244676c2a0d1b2be505b5523bb3ad07a33b688eee3a91ccd6ab568549bf9 payer=0xb300b46CEa279E7dc0eAB351A0d7833f198CB5C5 nonce=13 op=transfer status=1 gas=21000 gasAtoms=33600000000000 commonAtoms=6720000000000 calldata=0
    dex_continuous_network_test.go:47: CONTINUOUS_ETH_SOURCE height=204 hash=0x8902dbca167119f8d6c4edd8798d9c50c3e5ebda54b81785ece859846b1e8120 root=0x8bb74c5b388a6c70a04ea7f9f95c0ce9f07ffda6e46a230d9372d97353e07fc6 normalFollow=true
    dex_continuous_network_test.go:47: CONTINUOUS_USER_RPC_ACK tx=0xc5e838604dc275f5a6c59db91c1c25208bdf89109dfaa0514b0b44f5ca91cc7c nonce=14
    dex_continuous_network_test.go:47: CONTINUOUS_TX height=206 block=0xbd17682efac7d665374a6239d1a8a3a54d9c30e13d0934e7a53369ceba99f2cc tx=0x95e23f536a93d39aec524d9e9ea0e0f964e6fd7ef008fe08c2cb7e74f3580759 payer=0x39Cb19b89195dFE14dd617013A6FE5f54B702B1c nonce=53 op=claim-replay status=1 gas=390144 gasAtoms=624230400000000 commonAtoms=124846080000000 calldata=356
    dex_continuous_network_test.go:47: CONTINUOUS_TX height=208 block=0xe40b75fcbe6cfa0928cd7a1fb25d95474dc9cbffe4683aebf47d40bbbb7b23d7 tx=0xc5e838604dc275f5a6c59db91c1c25208bdf89109dfaa0514b0b44f5ca91cc7c payer=0xb300b46CEa279E7dc0eAB351A0d7833f198CB5C5 nonce=14 op=transfer status=1 gas=21000 gasAtoms=33600000000000 commonAtoms=6720000000000 calldata=0
    dex_continuous_network_test.go:47: CONTINUOUS_ETH_SOURCE height=208 hash=0xe40b75fcbe6cfa0928cd7a1fb25d95474dc9cbffe4683aebf47d40bbbb7b23d7 root=0x51863c8e0de36b3cdf285435a2f2b5445a254cdcaab2600378fb7ecc5b69a36f normalFollow=true
    dex_continuous_network_test.go:47: CONTINUOUS_USER_RPC_ACK tx=0x14acfa7baa3bc09896aa708ec9eb032f3b9d1ab2fb1ba9f730437002ef215165 nonce=15
    dex_continuous_network_test.go:47: CONTINUOUS_CLAIM id=6c3d935f1820f94f8e851a3ae8e1616da7346d9b61ec126cc2d4e4c6c53ea816 seq=37 recipient=4f9a577c9ec4fd4a38fa6f61375494868f55e968 amount=10000000000000000000 kind=1
    dex_continuous_network_test.go:47: CONTINUOUS_TX height=210 block=0x6ae6b5565d08a7b5a75c62752c310c89aa5d81391aa60ed904e9fbb6bd77297a tx=0x1550e068613366930d2af2315f76090485d9763ebefc7cd1e7bf20d38e1a6ba2 payer=0xc3e044AC8709aBaa9139864154A332965a92A3Cd nonce=48 op=claim status=1 gas=384696 gasAtoms=615513600000000 commonAtoms=123102720000000 calldata=260
    dex_continuous_network_test.go:47: CONTINUOUS_TX height=211 block=0x01ed191e5f69719e0aa50b59000e7a68411d585f960fcb0b36ae24fce068545b tx=0x14acfa7baa3bc09896aa708ec9eb032f3b9d1ab2fb1ba9f730437002ef215165 payer=0xb300b46CEa279E7dc0eAB351A0d7833f198CB5C5 nonce=15 op=transfer status=1 gas=21000 gasAtoms=33600000000000 commonAtoms=6720000000000 calldata=0
    dex_continuous_network_test.go:47: CONTINUOUS_ETH_SOURCE height=211 hash=0x01ed191e5f69719e0aa50b59000e7a68411d585f960fcb0b36ae24fce068545b root=0xc7c2493942732a1786f69eadb53b08a954dadd0601d167475811afdb0fbd915b normalFollow=true
    dex_continuous_network_test.go:47: CONTINUOUS_USER_RPC_ACK tx=0x15d5f12b943eca166fa92376d45d77db7775878b4e379bf27d86bed1d137034b nonce=16
    dex_continuous_network_test.go:47: CONTINUOUS_TX height=213 block=0xdbb26af1c3f0acb151ec948d06c50b676338c828b85bde728b8210b3e694a86c tx=0x577078626fb2bee0932ce302cbcda2980352aa29c9b59085689e061fdf324e04 payer=0x39Cb19b89195dFE14dd617013A6FE5f54B702B1c nonce=54 op=claim-replay status=1 gas=384696 gasAtoms=615513600000000 commonAtoms=123102720000000 calldata=260
    dex_continuous_network_test.go:47: CONTINUOUS_TX height=215 block=0x9a8dc46f447f32b4547244f17966afa9ba2280b70ae3747a5b205c944f26e818 tx=0x15d5f12b943eca166fa92376d45d77db7775878b4e379bf27d86bed1d137034b payer=0xb300b46CEa279E7dc0eAB351A0d7833f198CB5C5 nonce=16 op=transfer status=1 gas=21000 gasAtoms=33600000000000 commonAtoms=6720000000000 calldata=0
    dex_continuous_network_test.go:47: CONTINUOUS_ETH_SOURCE height=215 hash=0x9a8dc46f447f32b4547244f17966afa9ba2280b70ae3747a5b205c944f26e818 root=0xa929822ba33040de7fb87ddd4a728ab192e791d3aa3fd847fb74fd2979e6c896 normalFollow=true
    dex_continuous_network_test.go:47: CONTINUOUS_USER_RPC_ACK tx=0x8a22abca7febcfd077f75344830cfd31432a86d2649f3be891022da73e14b7f2 nonce=17
    dex_continuous_network_test.go:47: CONTINUOUS_CLAIM id=c156e6cfe62238eaef3bedae469279beb273562f234353cbf2e86aaf270ac4d2 seq=38 recipient=2b7eaa19bde74ce04c8491ba6c660c7e86b37412 amount=142857142857142857 kind=2
    dex_continuous_network_test.go:47: CONTINUOUS_TX height=217 block=0x4039cb709c35b2f759f702991fa9efa9295582d39192ef1ba2f904de29d7e192 tx=0xc909fcfc3758300518eb9fe410104733127a5518a1eef863a5790be082c9ca13 payer=0xc3e044AC8709aBaa9139864154A332965a92A3Cd nonce=49 op=claim status=1 gas=390132 gasAtoms=624211200000000 commonAtoms=124842240000000 calldata=356
    dex_continuous_network_test.go:47: CONTINUOUS_TX height=218 block=0x07aa3bf29361d0486a4b0b6d04882d26e083a8f88d010411389042725758f0b1 tx=0x8a22abca7febcfd077f75344830cfd31432a86d2649f3be891022da73e14b7f2 payer=0xb300b46CEa279E7dc0eAB351A0d7833f198CB5C5 nonce=17 op=transfer status=1 gas=21000 gasAtoms=33600000000000 commonAtoms=6720000000000 calldata=0
    dex_continuous_network_test.go:47: CONTINUOUS_ETH_SOURCE height=218 hash=0x07aa3bf29361d0486a4b0b6d04882d26e083a8f88d010411389042725758f0b1 root=0x8f95c53d28df04674341277ab7ac37a7f4e4f390c3220f6dab39bfac4b6d4f09 normalFollow=true
    dex_continuous_network_test.go:47: CONTINUOUS_USER_RPC_ACK tx=0xfd1a00d61da65df48066a73263ac26b20a1608946dd95b44e88e3cb1d493ce44 nonce=18
    dex_continuous_network_test.go:47: CONTINUOUS_TX height=220 block=0x268393128b994ec42861288a3729aae1b01bff982ddb942b1c83b82aaf69b78d tx=0xbbc7b8f905a1d0a1bdaeeea1f4251f8179b40ccc8540b9f088a446765206750b payer=0x39Cb19b89195dFE14dd617013A6FE5f54B702B1c nonce=55 op=claim-replay status=1 gas=390132 gasAtoms=624211200000000 commonAtoms=124842240000000 calldata=356
    dex_continuous_network_test.go:47: CONTINUOUS_TX height=221 block=0xc4590dfab84bb26dec56ddb8b8dc4b21b108a2fab31a8bb75ff782b458b6588d tx=0xfd1a00d61da65df48066a73263ac26b20a1608946dd95b44e88e3cb1d493ce44 payer=0xb300b46CEa279E7dc0eAB351A0d7833f198CB5C5 nonce=18 op=transfer status=1 gas=21000 gasAtoms=33600000000000 commonAtoms=6720000000000 calldata=0
    dex_continuous_network_test.go:47: CONTINUOUS_ETH_SOURCE height=221 hash=0xc4590dfab84bb26dec56ddb8b8dc4b21b108a2fab31a8bb75ff782b458b6588d root=0x93470ff3a0ff50458dceb33494f9024087850575b96f4c45d1c79839c61f1ad9 normalFollow=true
    dex_continuous_network_test.go:47: CONTINUOUS_USER_RPC_ACK tx=0x46baca2ed010c209fcbf60a0657f72697109cde0816cc018c21e2af845210982 nonce=19
    dex_continuous_network_test.go:47: CONTINUOUS_CLAIM id=ee2f7df8bc05ca6265fc2d60139493922e085c2d8fd4b9574aa6e27ef6f70a1b seq=38 recipient=8ecb4c3bd1885c5da4b135cd852987903ea1d831 amount=142857142857142857 kind=2
    dex_continuous_network_test.go:47: CONTINUOUS_TX height=223 block=0xaeeddb355c082dc497b5d0467b0bea7d02371c25f9b05d7badc734ddf3923218 tx=0xa919cdd61a559d48f1ab13b49eb3b1bf0cc6cd80dfea6f62b21526bb1787d1d9 payer=0xc3e044AC8709aBaa9139864154A332965a92A3Cd nonce=50 op=claim status=1 gas=390144 gasAtoms=624230400000000 commonAtoms=124846080000000 calldata=356
    dex_continuous_network_test.go:47: CONTINUOUS_TX height=224 block=0x1f8c1c9bb14e540500a5831c2ffb995fb11bcfff6aa6c13cef5e1ccee3169f70 tx=0x46baca2ed010c209fcbf60a0657f72697109cde0816cc018c21e2af845210982 payer=0xb300b46CEa279E7dc0eAB351A0d7833f198CB5C5 nonce=19 op=transfer status=1 gas=21000 gasAtoms=33600000000000 commonAtoms=6720000000000 calldata=0
    dex_continuous_network_test.go:47: CONTINUOUS_ETH_SOURCE height=224 hash=0x1f8c1c9bb14e540500a5831c2ffb995fb11bcfff6aa6c13cef5e1ccee3169f70 root=0x6807d1d7fa77646d4afa57fe15a34c09c12daa66613b8eed42b91c1fdfc67bb1 normalFollow=true
    dex_continuous_network_test.go:47: CONTINUOUS_USER_RPC_ACK tx=0xcdaec1468fa15cd2c6c91895953a933173ff5016445ee04b381d95138675b4e2 nonce=20
    dex_continuous_network_test.go:47: CONTINUOUS_TX height=226 block=0xb76a84cefba7b7c8ef0fb6b758b697a0d2f1ba0332f8d439144003522689b675 tx=0xcdaec1468fa15cd2c6c91895953a933173ff5016445ee04b381d95138675b4e2 payer=0xb300b46CEa279E7dc0eAB351A0d7833f198CB5C5 nonce=20 op=transfer status=1 gas=21000 gasAtoms=33600000000000 commonAtoms=6720000000000 calldata=0
    dex_continuous_network_test.go:47: CONTINUOUS_ETH_SOURCE height=226 hash=0xb76a84cefba7b7c8ef0fb6b758b697a0d2f1ba0332f8d439144003522689b675 root=0x817500103f2294e13cd144032637f2c5b0c9b59b87abe8387caa93a52f974aea normalFollow=true
    dex_continuous_network_test.go:47: CONTINUOUS_USER_RPC_ACK tx=0x143a9a0b45dbefa1a077c2a908a1d0752f63413816ef55d1647047e583bf0581 nonce=21
    dex_continuous_network_test.go:47: CONTINUOUS_CLAIM id=5abdf7693105797a23a8db7946e95cb77dd6ad4973eb6150b83e39702e52c3ad seq=38 recipient=b019173719a247113e5180fa2bf0540ba5829a96 amount=142857142857142857 kind=2
    dex_continuous_network_test.go:47: CONTINUOUS_TX height=228 block=0x64bf5c0fb44c718781b260e51c3ac24bab4c8400d92041ca52c9262f1faa7c0f tx=0x63d4807c7d491104a51cb680bb22e7989767344a7ccee8b984ecae949170a9cb payer=0xc3e044AC8709aBaa9139864154A332965a92A3Cd nonce=51 op=claim status=1 gas=390144 gasAtoms=624230400000000 commonAtoms=124846080000000 calldata=356
    dex_continuous_network_test.go:47: CONTINUOUS_TX height=229 block=0x49f50cbf6f73df83a63bc408cb41d7c1334e0131a868c1059e2bc4aa8351f0c3 tx=0x441e4f2db5b58931934e7f818bd8a22552d7f49b15f0f3e6d199aba7b5cee1da payer=0x39Cb19b89195dFE14dd617013A6FE5f54B702B1c nonce=56 op=claim-replay status=1 gas=390144 gasAtoms=624230400000000 commonAtoms=124846080000000 calldata=356
    dex_continuous_network_test.go:47: CONTINUOUS_TX height=230 block=0xddca3215b432bc6bd27ebd1a6387900c111f7e5f98f0bc40a81a18e8e1819cdd tx=0x143a9a0b45dbefa1a077c2a908a1d0752f63413816ef55d1647047e583bf0581 payer=0xb300b46CEa279E7dc0eAB351A0d7833f198CB5C5 nonce=21 op=transfer status=1 gas=21000 gasAtoms=33600000000000 commonAtoms=6720000000000 calldata=0
    dex_continuous_network_test.go:47: CONTINUOUS_ETH_SOURCE height=230 hash=0xddca3215b432bc6bd27ebd1a6387900c111f7e5f98f0bc40a81a18e8e1819cdd root=0x5026e0958e2d9e2aa42a0d960bb98abe49e7aaa4861eee6672632796aae77326 normalFollow=true
    dex_continuous_network_test.go:47: CONTINUOUS_ETH_SOURCE height=230 hash=0xddca3215b432bc6bd27ebd1a6387900c111f7e5f98f0bc40a81a18e8e1819cdd root=0x5026e0958e2d9e2aa42a0d960bb98abe49e7aaa4861eee6672632796aae77326 normalFollow=true
    dex_continuous_network_test.go:47: CONTINUOUS_INTERVAL label=all-DEX-cold-over-64 before=165 after=230 ordinarySignedTransfers=20 custodyBefore=263857142857142857142 custodyAfter=252142857142857142857
    dex_continuous_network_test.go:48: CONTINUOUS_DEX_ABSENCE persistedAnchor=90 stoppedCLXHead=164 resumedCLXHead=230 actualStoppedHeightDelta=66
    dex_continuous_network_test.go:49: CONTINUOUS_USER_RPC_ACK tx=0xb7c659b6b1c2e998a8fe1f95d03027d0a1ec3b2530bcfdb4647c973764dd81b7 nonce=2
    dex_continuous_network_test.go:49: CONTINUOUS_CLAIM id=5c9ec8e34c906da42170baa6cfd5085a44897790180841727598c255f8841d33 seq=38 recipient=0ae2d1671275cbe32724454245c33b250bc1c00a amount=142857142857142857 kind=2
    dex_continuous_network_test.go:49: CONTINUOUS_TX height=232 block=0x6193f43a5f2da987e921f08df8d5f29ceb9ff747c3f00e0b8454c5961b37246d tx=0xc65e2df0909287f550ade65176d5ba21dd15fc7701646212e7151c5332df7a43 payer=0xc3e044AC8709aBaa9139864154A332965a92A3Cd nonce=52 op=claim status=1 gas=390144 gasAtoms=624230400000000 commonAtoms=124846080000000 calldata=356
    dex_continuous_network_test.go:49: CONTINUOUS_TX height=233 block=0x25f68892771d71f9d958ae482ad2835d56d229cc204aec58137d8b2f3980fad8 tx=0xb7c659b6b1c2e998a8fe1f95d03027d0a1ec3b2530bcfdb4647c973764dd81b7 payer=0x4F9A577C9EC4fD4A38Fa6F61375494868f55e968 nonce=2 op=funding-1 status=1 gas=271600 gasAtoms=434560000000000 commonAtoms=86912000000000 calldata=12
    dex_continuous_network_test.go:49: CONTINUOUS_ETH_SOURCE height=233 hash=0x25f68892771d71f9d958ae482ad2835d56d229cc204aec58137d8b2f3980fad8 root=0x95132cd41e01723e7a99165c1e22ea8ea129304eea57ba865830b48845ae618b normalFollow=true
    dex_continuous_network_test.go:49: CONTINUOUS_USER_RPC_ACK tx=0x30ca09abac8ce268cd53cb5ab4c09cad9b12800d4b303aed622cb145b98c1bb2 nonce=2
    dex_continuous_network_test.go:49: CONTINUOUS_TX height=234 block=0xac431cbd79b85abf851f63ebe979d79a7588f74ed0bb3c39bbbbfeaf0349b988 tx=0x5c8acb22082ee8ac90a44468c6837c4d96cacc63878bb90eb66adb98b4ccfa5c payer=0x39Cb19b89195dFE14dd617013A6FE5f54B702B1c nonce=57 op=claim-replay status=1 gas=390144 gasAtoms=624230400000000 commonAtoms=124846080000000 calldata=356
    dex_continuous_network_test.go:49: CONTINUOUS_TX height=236 block=0x4a50dc46b01068169094e594c742630a4ea66c26574cc63a29024e5603996b3d tx=0x30ca09abac8ce268cd53cb5ab4c09cad9b12800d4b303aed622cb145b98c1bb2 payer=0x00BB9d30903B14261B9f06cD25a8426f9B99Ab6d nonce=2 op=funding-1 status=1 gas=271600 gasAtoms=434560000000000 commonAtoms=86912000000000 calldata=12
    dex_continuous_network_test.go:49: CONTINUOUS_ETH_SOURCE height=236 hash=0x4a50dc46b01068169094e594c742630a4ea66c26574cc63a29024e5603996b3d root=0x5c0f2b5e9d034b2a7507b24ecf53a9a7aa2f0bd53213ea302a5752a2ad8ffc9d normalFollow=true
    dex_continuous_network_test.go:50: CONTINUOUS_RENEWAL_SCHEDULE_START CLX=236 maxCarriers=7 spacing=2m0s hard=2026-09-23T10:06:14.401013361Z hintNotAuthority=true normalKeyClockUnchanged=true
    dex_continuous_network_test.go:50: CONTINUOUS_USER_RPC_ACK tx=0xe8604865c819ae379a929035c351c91be29926447b9c4674359ee166f1e5a7b2 nonce=22
    dex_continuous_network_test.go:50: CONTINUOUS_TX height=238 block=0x8e0c37f24bb7c389ede0796d17def6368883370293afb132aa12b341e022cfe6 tx=0xe8604865c819ae379a929035c351c91be29926447b9c4674359ee166f1e5a7b2 payer=0xb300b46CEa279E7dc0eAB351A0d7833f198CB5C5 nonce=22 op=transfer status=1 gas=21000 gasAtoms=33600000000000 commonAtoms=6720000000000 calldata=0
    dex_continuous_network_test.go:50: CONTINUOUS_ETH_SOURCE height=238 hash=0x8e0c37f24bb7c389ede0796d17def6368883370293afb132aa12b341e022cfe6 root=0x8b442c0cb39546517003e1bdb626f082f6485805688226230f22bafc5191639b normalFollow=true
    dex_continuous_network_test.go:50: CONTINUOUS_RENEWAL_CARRIER number=1 CLX=238 maximum=7
    dex_continuous_network_test.go:50: CONTINUOUS_USER_RPC_ACK tx=0x799a4f040c34e01c13cf78e4bdf7151582c5bd86c2204fb8b3cc5653ed670d81 nonce=23
    dex_continuous_network_test.go:50: CONTINUOUS_TX height=240 block=0x7e3959a47155c3f4d0956c45cb68fe41ac7c791be4f906a7a1158670a9167c7c tx=0x799a4f040c34e01c13cf78e4bdf7151582c5bd86c2204fb8b3cc5653ed670d81 payer=0xb300b46CEa279E7dc0eAB351A0d7833f198CB5C5 nonce=23 op=transfer status=1 gas=21000 gasAtoms=33600000000000 commonAtoms=6720000000000 calldata=0
    dex_continuous_network_test.go:50: CONTINUOUS_ETH_SOURCE height=240 hash=0x7e3959a47155c3f4d0956c45cb68fe41ac7c791be4f906a7a1158670a9167c7c root=0x03a7c13a6ff1e16eca4abf15b313414d0f393423f6577641636fdb120096dd06 normalFollow=true
    dex_continuous_network_test.go:50: CONTINUOUS_RENEWAL_CARRIER number=2 CLX=240 maximum=7
    dex_continuous_network_test.go:50: CONTINUOUS_USER_RPC_ACK tx=0x4b6916bf5fc853cfdecbb37185169044cb996bdba6cdb3995fadbd11a072d238 nonce=24
    dex_continuous_network_test.go:50: CONTINUOUS_TX height=242 block=0x476f66c4dbd9aaede0bfb762c1201a7c10047b418c81eda8f6c72fedb15197bf tx=0x4b6916bf5fc853cfdecbb37185169044cb996bdba6cdb3995fadbd11a072d238 payer=0xb300b46CEa279E7dc0eAB351A0d7833f198CB5C5 nonce=24 op=transfer status=1 gas=21000 gasAtoms=33600000000000 commonAtoms=6720000000000 calldata=0
    dex_continuous_network_test.go:50: CONTINUOUS_ETH_SOURCE height=242 hash=0x476f66c4dbd9aaede0bfb762c1201a7c10047b418c81eda8f6c72fedb15197bf root=0x682a414265221a4f2a1a6f0146f5d4ee31af82b278279447d52c2933f10066cd normalFollow=true
    dex_continuous_network_test.go:50: CONTINUOUS_RENEWAL_CARRIER number=3 CLX=242 maximum=7
    dex_continuous_network_test.go:50: CONTINUOUS_USER_RPC_ACK tx=0xaae4e5f432ad26d63b2bb7d5ed12c4a1eda77afbf8c3027c46bbc1ddd191febe nonce=25
    dex_continuous_network_test.go:50: CONTINUOUS_TX height=244 block=0x54c896bff91959a9682afa6e8e9d1e9102ec3c68898b283ca5996fbfb2933977 tx=0xaae4e5f432ad26d63b2bb7d5ed12c4a1eda77afbf8c3027c46bbc1ddd191febe payer=0xb300b46CEa279E7dc0eAB351A0d7833f198CB5C5 nonce=25 op=transfer status=1 gas=21000 gasAtoms=33600000000000 commonAtoms=6720000000000 calldata=0
    dex_continuous_network_test.go:50: CONTINUOUS_ETH_SOURCE height=244 hash=0x54c896bff91959a9682afa6e8e9d1e9102ec3c68898b283ca5996fbfb2933977 root=0x0c9813bd70cd18de41ece6f318ebeeba7de5a944a292fad88586f6839d609243 normalFollow=true
    dex_continuous_network_test.go:50: CONTINUOUS_RENEWAL_CARRIER number=4 CLX=244 maximum=7
    dex_continuous_network_test.go:50: CONTINUOUS_RENEWAL_SCHEDULE_DONE before=236 after=247 carriers=4 elapsed=6m8.504710221s verifiedRelaySourcesV2=true hintNotAuthority=true
    dex_continuous_network_test.go:51: NORMAL_COMMON_DEX_RESTART index=0 parent=1184292->1186138 sidecar=1186150
    dex_continuous_network_test.go:51: CONTINUOUS_COMMON_PEER index=0 parentPID=1186138 initialConnection=true forcedHeadRefresh=false
    dex_continuous_network_test.go:51: NORMAL_COMMON_DEX_RESTART index=1 parent=1184329->1186172 sidecar=1186181
    dex_continuous_network_test.go:51: CONTINUOUS_COMMON_PEER index=1 parentPID=1186172 initialConnection=true forcedHeadRefresh=false
    dex_continuous_network_test.go:51: NORMAL_COMMON_DEX_RESTART index=2 parent=1184354->1186200 sidecar=1186212
    dex_continuous_network_test.go:51: CONTINUOUS_COMMON_PEER index=2 parentPID=1186200 initialConnection=true forcedHeadRefresh=false
    dex_continuous_network_test.go:51: NORMAL_COMMON_DEX_RESTART index=3 parent=1184383->1186231 sidecar=1186243
    dex_continuous_network_test.go:51: CONTINUOUS_COMMON_PEER index=3 parentPID=1186231 initialConnection=true forcedHeadRefresh=false
    dex_continuous_network_test.go:51: NORMAL_COMMON_DEX_RESTART index=4 parent=1184425->1186265 sidecar=1186278
    dex_continuous_network_test.go:51: CONTINUOUS_COMMON_PEER index=4 parentPID=1186265 initialConnection=true forcedHeadRefresh=false
    dex_continuous_network_test.go:51: NORMAL_COMMON_DEX_RESTART index=5 parent=1184457->1186299 sidecar=1186313
    dex_continuous_network_test.go:51: CONTINUOUS_COMMON_PEER index=5 parentPID=1186299 initialConnection=true forcedHeadRefresh=false
    dex_continuous_network_test.go:51: NORMAL_COMMON_DEX_RESTART index=6 parent=1184576->1186336 sidecar=1186345
    dex_continuous_network_test.go:51: CONTINUOUS_COMMON_PEER index=6 parentPID=1186336 initialConnection=true forcedHeadRefresh=false
    dex_continuous_network_test.go:54: CONTINUOUS_DEX certified>=41 finalized>=0 active=7
    dex_continuous_network_test.go:54: CONTINUOUS_CERTIFIED_RECORD height=41 view=78 finalizedTip=39 anchor=122 inbox=6..6 actionBytes=61696 dataRoot=d111949d088ab8997f71c10cf022fd8a46c1cd1aee2f37915d13a63f92727430 isCDXA=true NOT_FINALITY=true
    dex_continuous_network_test.go:54: CONTINUOUS_SOURCE_DESCENDANT height=42 certifiedInbox=41 actualFinalized=39 importedCursor=6 targetCursor=8
    dex_continuous_network_test.go:54: CONTINUOUS_DEX_INGRESS expectedHeight=42 bytes=282
    dex_continuous_network_test.go:54: CONTINUOUS_DEX certified>=42 finalized>=0 active=7
    dex_continuous_network_test.go:54: CONTINUOUS_CERTIFIED_RECORD height=42 view=83 finalizedTip=39 anchor=122 inbox=6..6 actionBytes=282 dataRoot=811104b2b04195da1660066513cc3678171e62c56214e52577083e18fca320de isCDXA=false NOT_FINALITY=true
    dex_continuous_network_test.go:54: CONTINUOUS_SOURCE_DESCENDANT height=43 certifiedInbox=41 actualFinalized=39 importedCursor=6 targetCursor=8
    dex_continuous_network_test.go:54: CONTINUOUS_DEX_INGRESS expectedHeight=43 bytes=282
    dex_continuous_network_test.go:54: CONTINUOUS_DEX certified>=43 finalized>=0 active=7
    dex_continuous_network_test.go:54: CONTINUOUS_CERTIFIED_RECORD height=43 view=84 finalizedTip=42 anchor=122 inbox=6..6 actionBytes=282 dataRoot=2bf27e92ae5f353f8ec7a15f1c8235a25397a9cd26a1d8414ceeb58c38ba4b8d isCDXA=false NOT_FINALITY=true
    dex_continuous_network_test.go:54: CONTINUOUS_DEX certified>=44 finalized>=0 active=7
    dex_continuous_network_test.go:54: CONTINUOUS_CERTIFIED_RECORD height=44 view=86 finalizedTip=42 anchor=154 inbox=6..6 actionBytes=64047 dataRoot=254eeb21ebd9c15782d3a211178e80757d6510dd526870281ef5a012b8fe08b0 isCDXA=true NOT_FINALITY=true
    dex_continuous_network_test.go:54: CONTINUOUS_SOURCE_DESCENDANT height=45 certifiedInbox=44 actualFinalized=42 importedCursor=6 targetCursor=8
    dex_continuous_network_test.go:54: CONTINUOUS_DEX_INGRESS expectedHeight=45 bytes=282
    dex_continuous_network_test.go:54: CONTINUOUS_DEX certified>=45 finalized>=0 active=7
    dex_continuous_network_test.go:54: CONTINUOUS_CERTIFIED_RECORD height=45 view=87 finalizedTip=44 anchor=154 inbox=6..6 actionBytes=282 dataRoot=5dd6328901bac4a3c129a654ea72b96b308cf6113d2bb6a5ac26ae514561c962 isCDXA=false NOT_FINALITY=true
    dex_continuous_network_test.go:54: CONTINUOUS_CERTIFIED_RECORD height=45 view=87 finalizedTip=44 anchor=154 inbox=6..6 actionBytes=282 dataRoot=5dd6328901bac4a3c129a654ea72b96b308cf6113d2bb6a5ac26ae514561c962 isCDXA=false NOT_FINALITY=true
    dex_continuous_network_test.go:54: CONTINUOUS_PARTICIPATION_CANDIDATES height=45 certifiedView=87 proposal=98f7ff1db6881b790c8a4c0daefa34512cc5c24cc6d3c355e335946e52f6cbec selected/retained: node0=7/7 node1=7/7 node2=7/7 node3=7/7 node4=7/7 node5=7/7 node6=7/7 oldViewEvidenceRetained=true
    dex_continuous_network_test.go:54: CONTINUOUS_PARTICIPATION height=45 period=5 authenticatedParticipants=7
    dex_continuous_network_test.go:54: CONTINUOUS_DEX_INGRESS expectedHeight=46 bytes=2829
    dex_continuous_network_test.go:54: CONTINUOUS_DEX certified>=46 finalized>=0 active=7
    dex_continuous_network_test.go:54: CONTINUOUS_CERTIFIED_RECORD height=46 view=88 finalizedTip=45 anchor=154 inbox=6..6 actionBytes=2829 dataRoot=2f3d967ebdcf57b13935de73735d9482e0c464af2437dc79d0fd45a011aa8be3 isCDXA=false NOT_FINALITY=true
    dex_continuous_network_test.go:54: CONTINUOUS_DEX certified>=47 finalized>=0 active=7
    dex_continuous_network_test.go:54: CONTINUOUS_CERTIFIED_RECORD height=47 view=90 finalizedTip=45 anchor=186 inbox=6..6 actionBytes=63556 dataRoot=69daefc669ee27710bfb2431c060388c6b6ff75b6854be115a0e41e3016c023c isCDXA=true NOT_FINALITY=true
    dex_continuous_network_test.go:54: CONTINUOUS_SOURCE_DESCENDANT height=48 certifiedInbox=47 actualFinalized=45 importedCursor=6 targetCursor=8
    dex_continuous_network_test.go:54: CONTINUOUS_DEX_INGRESS expectedHeight=48 bytes=282
    dex_continuous_network_test.go:54: CONTINUOUS_DEX certified>=48 finalized>=0 active=7
    dex_continuous_network_test.go:54: CONTINUOUS_CERTIFIED_RECORD height=48 view=91 finalizedTip=47 anchor=186 inbox=6..6 actionBytes=282 dataRoot=80ed36f7dbceda2d74b12ba9774efb87ad76ba5a1fdeae229b1ee1c17b4c4c90 isCDXA=false NOT_FINALITY=true
    dex_continuous_network_test.go:54: CONTINUOUS_DEX certified>=49 finalized>=0 active=7
    dex_continuous_network_test.go:54: CONTINUOUS_CERTIFIED_RECORD height=49 view=94 finalizedTip=47 anchor=218 inbox=6..6 actionBytes=61933 dataRoot=e7f95909a7b79dc5d58b332d45fc5f054887dafbea3000b31cc73c13fd4bc268 isCDXA=true NOT_FINALITY=true
    dex_continuous_network_test.go:54: CONTINUOUS_SOURCE_DESCENDANT height=50 certifiedInbox=49 actualFinalized=47 importedCursor=6 targetCursor=8
    dex_continuous_network_test.go:54: CONTINUOUS_DEX_INGRESS expectedHeight=50 bytes=282
    dex_continuous_network_test.go:54: CONTINUOUS_DEX certified>=50 finalized>=0 active=7
    dex_continuous_network_test.go:54: CONTINUOUS_CERTIFIED_RECORD height=50 view=95 finalizedTip=49 anchor=218 inbox=6..6 actionBytes=282 dataRoot=d9e74d3c955617b6be41172745c7c4553b783aa8f3d572002803a2513f0aca8d isCDXA=false NOT_FINALITY=true
    dex_continuous_network_test.go:54: CONTINUOUS_DEX certified>=51 finalized>=0 active=7
    dex_continuous_network_test.go:54: CONTINUOUS_CERTIFIED_RECORD height=51 view=98 finalizedTip=49 anchor=234 inbox=6..7 actionBytes=33611 dataRoot=ee886a9a5378cde78f31ed8ce8d6456b192fb812c0a44f79b0a87493d014c24c isCDXA=true NOT_FINALITY=true
    dex_continuous_network_test.go:54: CONTINUOUS_SOURCE_DESCENDANT height=52 certifiedInbox=51 actualFinalized=49 importedCursor=6 targetCursor=8
    dex_continuous_network_test.go:54: CONTINUOUS_DEX_INGRESS expectedHeight=52 bytes=282
    dex_continuous_network_test.go:54: CONTINUOUS_DEX certified>=52 finalized>=0 active=7
    dex_continuous_network_test.go:54: CONTINUOUS_CERTIFIED_RECORD height=52 view=99 finalizedTip=51 anchor=234 inbox=7..7 actionBytes=282 dataRoot=efb08667502b5620a90c3b7fa1efd9a07f5e31255ae8bacac5395469e2ea22d5 isCDXA=false NOT_FINALITY=true
    dex_continuous_network_test.go:54: CONTINUOUS_DEX certified>=53 finalized>=0 active=7
    dex_continuous_network_test.go:54: CONTINUOUS_CERTIFIED_RECORD height=53 view=102 finalizedTip=51 anchor=262 inbox=7..8 actionBytes=57217 dataRoot=f16bc4e6a0a5729c7a847a5e83fdf543a89f99e86178ebd17aa2a25450612ccc isCDXA=true NOT_FINALITY=true
    dex_continuous_network_test.go:54: CONTINUOUS_DEX certified>=53 finalized>=44 active=7
    dex_continuous_network_test.go:54: CONTINUOUS_DEX_INGRESS expectedHeight=54 bytes=21759
    dex_continuous_network_test.go:54: CONTINUOUS_DEX certified>=54 finalized>=0 active=7
    dex_continuous_network_test.go:54: CONTINUOUS_CERTIFIED_RECORD height=54 view=104 finalizedTip=51 anchor=262 inbox=8..8 actionBytes=21759 dataRoot=0c6cf19e131dda3a4a57829382467fa4995e37d37129fc05f1ce540f6355a028 isCDXA=false NOT_FINALITY=true
    dex_continuous_network_test.go:54: CONTINUOUS_REWARD_CLOSE period=4 actionHeight=54 packageBytes=21759 participants=7 grace=44
    dex_continuous_network_test.go:54: CONTINUOUS_FLAT_SLOT height=55 choice=signed-descendant certified=54 finalized=51 previousInbox=53 cursor=7 expected=8
    dex_continuous_network_test.go:54: CONTINUOUS_DEX_INGRESS expectedHeight=55 bytes=282
    dex_continuous_network_test.go:54: CONTINUOUS_DEX certified>=55 finalized>=0 active=7
    dex_continuous_network_test.go:54: CONTINUOUS_CERTIFIED_RECORD height=55 view=105 finalizedTip=54 anchor=262 inbox=8..8 actionBytes=282 dataRoot=a26f912cee95b1233925d32034e39dd4ab44cdecd2ea7da18f0afa7c110e65b4 isCDXA=false NOT_FINALITY=true
    dex_continuous_network_test.go:54: CONTINUOUS_CERTIFIED_RECORD height=55 view=105 finalizedTip=54 anchor=262 inbox=8..8 actionBytes=282 dataRoot=a26f912cee95b1233925d32034e39dd4ab44cdecd2ea7da18f0afa7c110e65b4 isCDXA=false NOT_FINALITY=true
    dex_continuous_network_test.go:54: CONTINUOUS_PARTICIPATION_CANDIDATES height=55 certifiedView=105 proposal=d377b0db876e07fccd9012be73e0e7b167e34239468192f81e21b50d27aa026d selected/retained: node0=7/7 node1=7/7 node2=7/7 node3=7/7 node4=7/7 node5=7/7 node6=7/7 oldViewEvidenceRetained=true
    dex_continuous_network_test.go:54: CONTINUOUS_PARTICIPATION height=55 period=6 authenticatedParticipants=7
    dex_continuous_network_test.go:54: CONTINUOUS_DEX_INGRESS expectedHeight=56 bytes=2829
    dex_continuous_network_test.go:54: CONTINUOUS_DEX certified>=56 finalized>=0 active=7
    dex_continuous_network_test.go:54: CONTINUOUS_CERTIFIED_RECORD height=56 view=106 finalizedTip=55 anchor=262 inbox=8..8 actionBytes=2829 dataRoot=69e8b3477e0d7d3a5efb321d273f4e30e7c0daf0bbb031a8888a3e5334fcdba6 isCDXA=false NOT_FINALITY=true
    dex_continuous_network_test.go:54: CONTINUOUS_FLAT_SLOT height=57 choice=signed-descendant certified=56 finalized=55 previousInbox=53 cursor=8 expected=8
    dex_continuous_network_test.go:54: CONTINUOUS_DEX_INGRESS expectedHeight=57 bytes=282
    dex_continuous_network_test.go:54: CONTINUOUS_DEX certified>=57 finalized>=0 active=7
    dex_continuous_network_test.go:54: CONTINUOUS_CERTIFIED_RECORD height=57 view=107 finalizedTip=56 anchor=262 inbox=8..8 actionBytes=282 dataRoot=7492e1876b88919b05335a0d4f36d691585839c0914abc7d979c5289a07f72dd isCDXA=false NOT_FINALITY=true
    dex_continuous_network_test.go:54: CONTINUOUS_CERTIFIED_RECORD height=57 view=107 finalizedTip=56 anchor=262 inbox=8..8 actionBytes=282 dataRoot=7492e1876b88919b05335a0d4f36d691585839c0914abc7d979c5289a07f72dd isCDXA=false NOT_FINALITY=true
    dex_continuous_network_test.go:54: CONTINUOUS_SOURCE_INTERVAL certifiedParent=57 actualFinalized=56 anchor=262 cursor=8 total=305000000000000000000 authenticatedParent=true NOT_FINALITY=true
    dex_continuous_network_test.go:54: CONTINUOUS_DEX certified>=57 finalized>=54 active=7
    dex_continuous_network_test.go:54: CONTINUOUS_DEX_INGRESS expectedHeight=58 bytes=22803
    dex_continuous_network_test.go:54: CONTINUOUS_DEX certified>=58 finalized>=0 active=7
    dex_continuous_network_test.go:54: CONTINUOUS_CERTIFIED_RECORD height=58 view=109 finalizedTip=56 anchor=262 inbox=8..8 actionBytes=22803 dataRoot=249b5d805ee20b92e864d5d103954feae9d1ab0bd47123e1aaaea989ffca9795 isCDXA=false NOT_FINALITY=true
    dex_continuous_network_test.go:54: CONTINUOUS_REWARD_CLOSE period=5 actionHeight=58 packageBytes=22803 participants=7 grace=54
    dex_continuous_network_test.go:54: CONTINUOUS_DEX_INGRESS expectedHeight=59 bytes=282
    dex_continuous_network_test.go:54: CONTINUOUS_DEX certified>=59 finalized>=0 active=7
    dex_continuous_network_test.go:54: CONTINUOUS_CERTIFIED_RECORD height=59 view=110 finalizedTip=58 anchor=262 inbox=8..8 actionBytes=282 dataRoot=15045a872ed0a3f29a5e3320266e37e5bec99b30bda1bfc57f664e1621c600d8 isCDXA=false NOT_FINALITY=true
    dex_continuous_network_test.go:54: CONTINUOUS_DEX_INGRESS expectedHeight=60 bytes=282
    dex_continuous_network_test.go:54: CONTINUOUS_DEX certified>=60 finalized>=0 active=7
    dex_continuous_network_test.go:54: CONTINUOUS_CERTIFIED_RECORD height=60 view=111 finalizedTip=59 anchor=262 inbox=8..8 actionBytes=282 dataRoot=66093948ddeb8c8cc0be64441336f97ecfd983e382261d53ecfa60c20d8cc245 isCDXA=false NOT_FINALITY=true
    dex_continuous_network_test.go:54: CONTINUOUS_DEX certified>=60 finalized>=58 active=7
    dex_continuous_network_test.go:54: CONTINUOUS_FLAT_CATCHUP finalized=58 anchor=262 cursor=8 periods=5 total=305000000000000000000 support=15084000000000000000 noPositions=true
    dex_continuous_network_test.go:60: CONTINUOUS_DEX_ANCHOR phase=flat finalized=59 sourceHeight=262 version=2 cursor=8
    dex_continuous_network_test.go:64: CONTINUOUS_CHECKPOINT sequence=40 hash=88d89b68f4f8c3df5e9a4f5e48016e43044f8a7652da9ad2798842eaea27d66b anchor=90/5df295b920fcc0404ffe73179e132f9acb5f7f9b75d64f953004a5a49b7f26bc inbox=6..6 fee=0 rewardFee=0 rewardSupport=0
    dex_continuous_network_test.go:64: CONTINUOUS_TX height=249 block=0x3d5f68ebe479ee51f99ecfbb71032abb103602beacf4d56339fca996437cf8bb tx=0x9d55242ffc9e94363f684fded4aabe2b50e9d57e82c94eb5e4188dd5351591cf payer=0x39Cb19b89195dFE14dd617013A6FE5f54B702B1c nonce=58 op=checkpoint status=1 gas=12181548 gasAtoms=19490476800000000 commonAtoms=3898095360000000 calldata=3096
    dex_continuous_network_test.go:64: CONTINUOUS_TX height=250 block=0x17b501c7737b115418bff29b10ea66b780f1d82ab26797d6c9bd5e4b6b0da3d1 tx=0x355b2e21c964b4a888360f20f5ace53c5e9bfd72158d9ee358bc67e3e7016dde payer=0xc3e044AC8709aBaa9139864154A332965a92A3Cd nonce=53 op=checkpoint-replay status=1 gas=12181548 gasAtoms=19490476800000000 commonAtoms=3898095360000000 calldata=3096
    dex_continuous_network_test.go:64: CONTINUOUS_ANCHOR_COST tx=0xb981c0178910a771de3fe2126e435f21ab16c531ededcad9c0a41df0f7a0276c calldata=61712 headers=32 mptNodes=7 mptBytes=2008 gas=15317584
    dex_continuous_network_test.go:64: CONTINUOUS_TX height=252 block=0x98452e4738ea2cf1b0473b2cd1f0dd23f196b4900d836c2c6d48dc7430357f54 tx=0xb981c0178910a771de3fe2126e435f21ab16c531ededcad9c0a41df0f7a0276c payer=0xc3e044AC8709aBaa9139864154A332965a92A3Cd nonce=54 op=anchor status=1 gas=15317584 gasAtoms=24508134400000000 commonAtoms=4901626880000000 calldata=61712
    dex_continuous_network_test.go:64: CONTINUOUS_ANCHOR_COST tx=0x379d98c1d08a285c89e4d244cf51a5f632c8e2c0b0e3f87948e2a67bdb25b32b calldata=61712 headers=32 mptNodes=7 mptBytes=2008 gas=15317584
    dex_continuous_network_test.go:64: CONTINUOUS_TX height=253 block=0x0fe0ed0fd073b552f3eba5ade35a21b0f520b4eb430f99fac3bdb6cccc2a6c1e tx=0x379d98c1d08a285c89e4d244cf51a5f632c8e2c0b0e3f87948e2a67bdb25b32b payer=0x39Cb19b89195dFE14dd617013A6FE5f54B702B1c nonce=59 op=anchor status=1 gas=15317584 gasAtoms=24508134400000000 commonAtoms=4901626880000000 calldata=61712
    dex_continuous_network_test.go:64: CONTINUOUS_ANCHOR_COST tx=0x3fdefc989aa82d134b71992e160221be2ce03ad9816e44fbb3bed0cbb9c6961b calldata=64063 headers=32 mptNodes=7 mptBytes=2041 gas=15441812
    dex_continuous_network_test.go:64: CONTINUOUS_TX height=255 block=0xc15964c2529b27885f7c159f19febd0234ea339bf1b175feb48cab65b343507a tx=0x3fdefc989aa82d134b71992e160221be2ce03ad9816e44fbb3bed0cbb9c6961b payer=0xc3e044AC8709aBaa9139864154A332965a92A3Cd nonce=55 op=anchor status=1 gas=15441812 gasAtoms=24706899200000000 commonAtoms=4941379840000000 calldata=64063
    dex_continuous_network_test.go:64: CONTINUOUS_ANCHOR_COST tx=0x4681016d5b361a5185f6f4df7c0068df6ddb7f9fd308fcd62d3c4e8251e0dd6b calldata=64063 headers=32 mptNodes=7 mptBytes=2041 gas=15441812
    dex_continuous_network_test.go:64: CONTINUOUS_TX height=256 block=0xece3d48d074cdbd4e01baf4244c8c8911f24f1dc6c883f311cfc7a10a43abbfa tx=0x4681016d5b361a5185f6f4df7c0068df6ddb7f9fd308fcd62d3c4e8251e0dd6b payer=0x39Cb19b89195dFE14dd617013A6FE5f54B702B1c nonce=60 op=anchor status=1 gas=15441812 gasAtoms=24706899200000000 commonAtoms=4941379840000000 calldata=64063
    dex_continuous_network_test.go:64: CONTINUOUS_ANCHOR_COST tx=0x8aa52535d19ea7728db164657317b7b5e76e396954e6b6fe3e3be06132937b9d calldata=63572 headers=32 mptNodes=7 mptBytes=2041 gas=15423268
    dex_continuous_network_test.go:64: CONTINUOUS_TX height=258 block=0x8a42c795199aca731caa9b17c6d3a64b757cb454ca025750808c9d4f9e48edef tx=0x8aa52535d19ea7728db164657317b7b5e76e396954e6b6fe3e3be06132937b9d payer=0xc3e044AC8709aBaa9139864154A332965a92A3Cd nonce=56 op=anchor status=1 gas=15423268 gasAtoms=24677228800000000 commonAtoms=4935445760000000 calldata=63572
    dex_continuous_network_test.go:64: CONTINUOUS_ANCHOR_COST tx=0xdd49f0a66ea05e37744aab1509aab53496ad13159cb9f7d51d96e783887e39ed calldata=63572 headers=32 mptNodes=7 mptBytes=2041 gas=15423268
    dex_continuous_network_test.go:64: CONTINUOUS_TX height=260 block=0x9dfdec80c053a6cbc957bc02a423e7d1425b564ae68cd7d1265d1815cc92a6dc tx=0xdd49f0a66ea05e37744aab1509aab53496ad13159cb9f7d51d96e783887e39ed payer=0x39Cb19b89195dFE14dd617013A6FE5f54B702B1c nonce=61 op=anchor status=1 gas=15423268 gasAtoms=24677228800000000 commonAtoms=4935445760000000 calldata=63572
    dex_continuous_network_test.go:64: CONTINUOUS_ANCHOR_COST tx=0xfa3ea72b52f6da721b4ff914f73342e3817913cf193217861e9e9e175bd1b6a7 calldata=61949 headers=32 mptNodes=7 mptBytes=2041 gas=15331516
    dex_continuous_network_test.go:64: CONTINUOUS_TX height=262 block=0xf9f83ac196da1305dc648ee06d3dd27a6f0dbd818f3d6cf2872741fbbee15336 tx=0xfa3ea72b52f6da721b4ff914f73342e3817913cf193217861e9e9e175bd1b6a7 payer=0xc3e044AC8709aBaa9139864154A332965a92A3Cd nonce=57 op=anchor status=1 gas=15331516 gasAtoms=24530425600000000 commonAtoms=4906085120000000 calldata=61949
    dex_continuous_network_test.go:64: CONTINUOUS_ANCHOR_COST tx=0xd1348c856375dc7439c5b7c20bad4f8a12ab7c834a370b05308f0ae2f3e75ea7 calldata=61949 headers=32 mptNodes=7 mptBytes=2041 gas=15331516
    dex_continuous_network_test.go:64: CONTINUOUS_TX height=264 block=0x1f023887db6b569931e927989bd652cbd0d3197827c37b57d4c334b7140f1c4c tx=0xd1348c856375dc7439c5b7c20bad4f8a12ab7c834a370b05308f0ae2f3e75ea7 payer=0x39Cb19b89195dFE14dd617013A6FE5f54B702B1c nonce=62 op=anchor status=1 gas=15331516 gasAtoms=24530425600000000 commonAtoms=4906085120000000 calldata=61949
    dex_continuous_network_test.go:64: CONTINUOUS_CHECKPOINT sequence=41 hash=4010aade63c35dccf417a15e97630f56b3b6cfb913212643235c8d46cc0a7173 anchor=122/c21947c58a80b348d8fd7b3bfea664511d572e679ff84f9a25b0c1c9bf415942 inbox=6..6 fee=0 rewardFee=0 rewardSupport=0
    dex_continuous_network_test.go:64: CONTINUOUS_TX height=266 block=0x0cd82bbfdddd8f41b4b22f404a34c3e01362b92b773be0636e7209f0ef41c7bc tx=0xa170f727cebf63dd3747e6220f0c1b12e7e8436d55be2ceca59495e6c9b89ff9 payer=0xc3e044AC8709aBaa9139864154A332965a92A3Cd nonce=58 op=checkpoint status=1 gas=12153852 gasAtoms=19446163200000000 commonAtoms=3889232640000000 calldata=2574
    dex_continuous_network_test.go:64: CONTINUOUS_CHECKPOINT sequence=42 hash=1f51682a02b2fc1d80f89f6a1977295bb4e27f8eeadc47193314cc7e9ed7b3d8 anchor=122/c21947c58a80b348d8fd7b3bfea664511d572e679ff84f9a25b0c1c9bf415942 inbox=6..6 fee=0 rewardFee=0 rewardSupport=0
    dex_continuous_network_test.go:64: CONTINUOUS_TX height=268 block=0x6c6d7f3148dcce9c56f702e4d9d8fa5c36e3c8d3ea620caf02df0ab78b2fd260 tx=0x4b9974d65ebcb8daeaf280ef8c6e157bb1380bcc0c5e83f5854db88ef28e1c26 payer=0xc3e044AC8709aBaa9139864154A332965a92A3Cd nonce=59 op=checkpoint status=1 gas=12126168 gasAtoms=19401868800000000 commonAtoms=3880373760000000 calldata=2052
    dex_continuous_network_test.go:64: CONTINUOUS_TX height=270 block=0x91eab578b454313ee44d17338c577d13163287d0efff37195fed344df3badb60 tx=0x0752a98fedf656c2e23209b2374bf7d034fb270f4a2dcc406cdf28cef0282ac3 payer=0x39Cb19b89195dFE14dd617013A6FE5f54B702B1c nonce=63 op=checkpoint-replay status=1 gas=12126168 gasAtoms=19401868800000000 commonAtoms=3880373760000000 calldata=2052
    dex_continuous_network_test.go:64: CONTINUOUS_CHECKPOINT sequence=43 hash=291762f281ef15c8d8a47176b44ca47adae2ca3ff55c602981afd92d048e4b26 anchor=122/c21947c58a80b348d8fd7b3bfea664511d572e679ff84f9a25b0c1c9bf415942 inbox=6..6 fee=0 rewardFee=0 rewardSupport=0
    dex_continuous_network_test.go:64: CONTINUOUS_TX height=272 block=0xcd9149829e29833cc118cc6ae7bbc10d63648f8c6f9428ff4d49a925a1a9c08a tx=0xcd679f74833654e799ba1d597c1cca65547a71c493101f6b35f1355d0bcb685e payer=0xc3e044AC8709aBaa9139864154A332965a92A3Cd nonce=60 op=checkpoint status=1 gas=12153792 gasAtoms=19446067200000000 commonAtoms=3889213440000000 calldata=2574
    dex_continuous_network_test.go:64: CONTINUOUS_TX height=274 block=0x6e7f9f77f20c0d36bcf4bf852205f143d46ec8a8de62f0c10f24a35189890273 tx=0xb83b49647ab5f88ac9dfe5ce65908c3d96aa3110b66bb4b417faa3e1e3840c90 payer=0x39Cb19b89195dFE14dd617013A6FE5f54B702B1c nonce=64 op=checkpoint-replay status=1 gas=12153792 gasAtoms=19446067200000000 commonAtoms=3889213440000000 calldata=2574
    dex_continuous_network_test.go:64: CONTINUOUS_ETH_SOURCE height=274 hash=0x6e7f9f77f20c0d36bcf4bf852205f143d46ec8a8de62f0c10f24a35189890273 root=0xec73f32d4675938b9fd5082c1387e4d5af17ddd999cc323dea8cc168d5d7214e normalFollow=true
    dex_continuous_network_test.go:64: CONTINUOUS_INTERVAL label=final-deposit-after-flat-before-CP58 before=272 after=274 ordinarySignedTransfers=0 custodyBefore=292000000000000000000 custodyAfter=292000000000000000000
    dex_continuous_network_test.go:68: CONTINUOUS_USER_RPC_ACK tx=0xb205c65ce5e57c096b492bc741e0905686f4009800bb5e6c5aed251b887b4bb4 nonce=3
    dex_continuous_network_test.go:68: CONTINUOUS_TX height=276 block=0x3716f45e152b8283f5833b32cecdc301ec5a13ca27a9686a8001e1529efe0ef4 tx=0xb205c65ce5e57c096b492bc741e0905686f4009800bb5e6c5aed251b887b4bb4 payer=0x4F9A577C9EC4fD4A38Fa6F61375494868f55e968 nonce=3 op=funding-1 status=1 gas=271600 gasAtoms=434560000000000 commonAtoms=86912000000000 calldata=12
    dex_continuous_network_test.go:68: CONTINUOUS_ETH_SOURCE height=276 hash=0x3716f45e152b8283f5833b32cecdc301ec5a13ca27a9686a8001e1529efe0ef4 root=0x19afc5ecaf43a109e9edf52309fce0f0a64fd0ced258927ba2bbfdc99cbf0fdb normalFollow=true
    dex_continuous_network_test.go:68: CONTINUOUS_USER_RPC_ACK tx=0x1d28aec3ff9e143bdcdf88c9b9d2f8d3bf7ab574c85649692a4bfb5ea60ba883 nonce=3
    dex_continuous_network_test.go:68: CONTINUOUS_CHECKPOINT sequence=44 hash=2e167513ecf8eb2b6031cd721e9ea7ffa5a3a6810b1dc8144a85ceb99e814900 anchor=154/25d67763e36045a5c2084d0d35fa87859910f16a8453bb68db7b902f917af0a1 inbox=6..6 fee=0 rewardFee=0 rewardSupport=0
    dex_continuous_network_test.go:68: CONTINUOUS_TX height=278 block=0xe4c63901a6a675ee73e2cc32a76d5f62cc24943bc63048a53d819e4cc2fc8293 tx=0x1875ec2d9fedc0c18e10806fcfddb5db81b6e254af65c444f13bc688c66143a2 payer=0xc3e044AC8709aBaa9139864154A332965a92A3Cd nonce=61 op=checkpoint status=1 gas=12126108 gasAtoms=19401772800000000 commonAtoms=3880354560000000 calldata=2052
    dex_continuous_network_test.go:68: CONTINUOUS_TX height=279 block=0xa9017d4a4d91525d88d08a486b4d24a479e454efafd21cee618cfe899446f3cb tx=0x1d28aec3ff9e143bdcdf88c9b9d2f8d3bf7ab574c85649692a4bfb5ea60ba883 payer=0x00BB9d30903B14261B9f06cD25a8426f9B99Ab6d nonce=3 op=funding-1 status=1 gas=271600 gasAtoms=434560000000000 commonAtoms=86912000000000 calldata=12
    dex_continuous_network_test.go:68: CONTINUOUS_ETH_SOURCE height=279 hash=0xa9017d4a4d91525d88d08a486b4d24a479e454efafd21cee618cfe899446f3cb root=0xa268a96ab385a6ad386852f6eb3b631b31a7a430af62b6dc54a939fec54e6fd6 normalFollow=true
    dex_continuous_network_test.go:69: CONTINUOUS_PROGRESS_START label=settlement-58 idle=2m0s hard=2026-09-23T10:32:46.463743082Z canonical={Sequence:44 Claims:20 Anchor:218}
    dex_continuous_network_test.go:69: CONTINUOUS_CHECKPOINT sequence=45 hash=4693f5e812f49e2cea8c2edd1e88031c7cc82517c9281377944ff728897d36c5 anchor=154/25d67763e36045a5c2084d0d35fa87859910f16a8453bb68db7b902f917af0a1 inbox=6..6 fee=0 rewardFee=0 rewardSupport=0
    dex_continuous_network_test.go:69: CONTINUOUS_TX height=281 block=0xf7a109dddeea5f88e7183dc608fd063a5dd5e80752c5339813c80f3eff1a1761 tx=0x707df85d1c5b3b015c284973e9ca8fba5275b237fdfa69330182dc08afc11cd9 payer=0x39Cb19b89195dFE14dd617013A6FE5f54B702B1c nonce=65 op=checkpoint status=1 gas=12126120 gasAtoms=19401792000000000 commonAtoms=3880358400000000 calldata=2052
    dex_continuous_network_test.go:69: CONTINUOUS_TX height=282 block=0xb1fa59f6ff2046d07fe2157866a733f7a01697facd4a73141bd5b9274dbbdff7 tx=0x76832632c340cb77ed027fd6c2ba423b47537c7bb3d505f8b3ccf2d4cab025ba payer=0xc3e044AC8709aBaa9139864154A332965a92A3Cd nonce=62 op=checkpoint-replay status=1 gas=12126120 gasAtoms=19401792000000000 commonAtoms=3880358400000000 calldata=2052
    dex_continuous_network_test.go:69: CONTINUOUS_CANONICAL_PROGRESS label=settlement-58 elapsed=5.28842676s idle=5.28842676s sequence=45 uniquePaid=20 nativeAnchor=218
    dex_continuous_network_test.go:69: CONTINUOUS_CHECKPOINT sequence=46 hash=b8fe38f49ef770b1591841a177de8bb873d07e04922228378bd9f8b658e27fa0 anchor=154/25d67763e36045a5c2084d0d35fa87859910f16a8453bb68db7b902f917af0a1 inbox=6..6 fee=0 rewardFee=0 rewardSupport=0
    dex_continuous_network_test.go:69: CONTINUOUS_TX height=284 block=0xb0d3b61d3e5365ce9650693171feba6d082f139d6d1ab40e3532b9285b03e47f tx=0x7a1867a3cede6d4d142318c3a2025da117da960a98a7a7df3b4c6fe2dd118840 payer=0x39Cb19b89195dFE14dd617013A6FE5f54B702B1c nonce=66 op=checkpoint status=1 gas=12153840 gasAtoms=19446144000000000 commonAtoms=3889228800000000 calldata=2574
    dex_continuous_network_test.go:69: CONTINUOUS_CANONICAL_PROGRESS label=settlement-58 elapsed=8.241752368s idle=2.953325608s sequence=46 uniquePaid=20 nativeAnchor=218
    dex_continuous_network_test.go:69: CONTINUOUS_TX height=285 block=0xc0238f4093d7621ad3ff48938eee97bc8119b48de3d080ab8a3a72b4a41c47c6 tx=0x86e95b57d2ac687afe933e51fb551aadb27e19fcf70a69392f19e345162bff4d payer=0xc3e044AC8709aBaa9139864154A332965a92A3Cd nonce=63 op=checkpoint-replay status=1 gas=12153840 gasAtoms=19446144000000000 commonAtoms=3889228800000000 calldata=2574
    dex_continuous_network_test.go:69: CONTINUOUS_CHECKPOINT sequence=47 hash=43ab9f29bc16e96825b823d6a9f8de02b1785d24b87265b5b774a1d619f5ca1a anchor=186/71aa10db6d20cc1f96bc1cb7b0a138ad4872409b61d8eb73124eb989c413f70e inbox=6..6 fee=0 rewardFee=0 rewardSupport=0
    dex_continuous_network_test.go:69: CONTINUOUS_TX height=287 block=0xa3cbbe555c871c0fa44797942c19d3b3758361feb274e61f5da9dbece2b6968f tx=0xe5bf69c9d088e7f387d63d6c85057b2359ec9c39e3e3484be0f022dc00039cf6 payer=0x39Cb19b89195dFE14dd617013A6FE5f54B702B1c nonce=67 op=checkpoint status=1 gas=12126168 gasAtoms=19401868800000000 commonAtoms=3880373760000000 calldata=2052
    dex_continuous_network_test.go:69: CONTINUOUS_CANONICAL_PROGRESS label=settlement-58 elapsed=13.343071217s idle=5.101318849s sequence=47 uniquePaid=20 nativeAnchor=218
    dex_continuous_network_test.go:69: CONTINUOUS_TX height=288 block=0x5a883954d492397debb93dff33d9015af4d685f312451fb2164db14867c1c033 tx=0x1ecdd250123bc71255961f220865cd4505200b74ca0e2b51378b76934ba50735 payer=0xc3e044AC8709aBaa9139864154A332965a92A3Cd nonce=64 op=checkpoint-replay status=1 gas=12126168 gasAtoms=19401868800000000 commonAtoms=3880373760000000 calldata=2052
    dex_continuous_network_test.go:69: CONTINUOUS_CHECKPOINT sequence=48 hash=8b27ab21984f2dc68147d1e60388850ace0ce37923a18297d215e4df4045fd7c anchor=186/71aa10db6d20cc1f96bc1cb7b0a138ad4872409b61d8eb73124eb989c413f70e inbox=6..6 fee=0 rewardFee=0 rewardSupport=0
    dex_continuous_network_test.go:69: CONTINUOUS_TX height=290 block=0x53d9be6fe67a808170c97ed94126bd0dc142534c3676bb09d7c116b5b222b463 tx=0x17193d94da65be12737a2b9b5df7b3b54d9bf4434a91174609a601793b92412a payer=0xc3e044AC8709aBaa9139864154A332965a92A3Cd nonce=65 op=checkpoint status=1 gas=12153804 gasAtoms=19446086400000000 commonAtoms=3889217280000000 calldata=2574
    dex_continuous_network_test.go:69: CONTINUOUS_CANONICAL_PROGRESS label=settlement-58 elapsed=17.633869167s idle=4.29079795s sequence=48 uniquePaid=20 nativeAnchor=218
    dex_continuous_network_test.go:69: CONTINUOUS_TX height=291 block=0xdbd46a08b275b09982cddc1a2eb56845bd7e1ad7daf3f2d56de3ca73d7b8c392 tx=0x79bbd08b059ddde526bc92194dc3dd6449c9bd4577a909494cf3c07cd9823e94 payer=0x39Cb19b89195dFE14dd617013A6FE5f54B702B1c nonce=68 op=checkpoint-replay status=1 gas=12153804 gasAtoms=19446086400000000 commonAtoms=3889217280000000 calldata=2574
    dex_continuous_network_test.go:69: CONTINUOUS_CHECKPOINT sequence=49 hash=40925fe69113e418e69baf1bd269d3ed4c70391eb6a93eb853b82e29e78e76d4 anchor=218/07aa3bf29361d0486a4b0b6d04882d26e083a8f88d010411389042725758f0b1 inbox=6..6 fee=0 rewardFee=0 rewardSupport=0
    dex_continuous_network_test.go:69: CONTINUOUS_TX height=293 block=0x5338ffb0fb59e55e6e98e4a5c1239efa50b78f0e01e044b2a3bfb5ccc92f0952 tx=0xf89d53f1eb1076b0ee3c43183dacf0bbe1623bccafa550591ba794aa67e04448 payer=0xc3e044AC8709aBaa9139864154A332965a92A3Cd nonce=66 op=checkpoint status=1 gas=12126108 gasAtoms=19401772800000000 commonAtoms=3880354560000000 calldata=2052
    dex_continuous_network_test.go:69: CONTINUOUS_CANONICAL_PROGRESS label=settlement-58 elapsed=22.364037607s idle=4.73016844s sequence=49 uniquePaid=20 nativeAnchor=218
    dex_continuous_network_test.go:69: CONTINUOUS_TX height=294 block=0xa45b94957d99b0c27c40e3b151aa3731af7d3d866e78cc6c1a21e2e141399c84 tx=0xc5b26a45dd8e311999a632747249d3bd485d318f5c8d665ad021a94efac7252b payer=0x39Cb19b89195dFE14dd617013A6FE5f54B702B1c nonce=69 op=checkpoint-replay status=1 gas=12126108 gasAtoms=19401772800000000 commonAtoms=3880354560000000 calldata=2052
    dex_continuous_network_test.go:69: CONTINUOUS_CHECKPOINT sequence=50 hash=74216fc3a0b78870193a75a5dc132c04510a46369933e66e01ee151ea712a301 anchor=218/07aa3bf29361d0486a4b0b6d04882d26e083a8f88d010411389042725758f0b1 inbox=6..6 fee=0 rewardFee=0 rewardSupport=0
    dex_continuous_network_test.go:69: CONTINUOUS_TX height=296 block=0x36f6d7a164b430f190616203e626c460f468d50ccad203c3b2b608c0ed87599c tx=0x054d0342cc07067d26332a0ff65456cf3414a783099e359247a57e679565de78 payer=0xc3e044AC8709aBaa9139864154A332965a92A3Cd nonce=67 op=checkpoint status=1 gas=12153828 gasAtoms=19446124800000000 commonAtoms=3889224960000000 calldata=2574
    dex_continuous_network_test.go:69: CONTINUOUS_CANONICAL_PROGRESS label=settlement-58 elapsed=27.118545718s idle=4.754508111s sequence=50 uniquePaid=20 nativeAnchor=218
    dex_continuous_network_test.go:69: CONTINUOUS_TX height=298 block=0x7d63d9e234930383921d219d82c7b948da48c353a0f4c1e75e424e7f8529f46f tx=0x31bbb59c18e00fba70983424b6c9b36ba9c2eb955644866b2b903b0200fcbb80 payer=0x39Cb19b89195dFE14dd617013A6FE5f54B702B1c nonce=70 op=checkpoint-replay status=1 gas=12153828 gasAtoms=19446124800000000 commonAtoms=3889224960000000 calldata=2574
    dex_continuous_network_test.go:69: CONTINUOUS_ANCHOR_COST tx=0x807ab57a51d49985a8edb3da31869c9fe33fb015b7ada867aa20377f1e702e6e calldata=32052 headers=16 mptNodes=7 mptBytes=2041 gas=13740000
    dex_continuous_network_test.go:69: CONTINUOUS_TX height=300 block=0x75a6b8b3d4a162f47f90a0a63db279557992565e0238055de6a55cd41b66f0ef tx=0x807ab57a51d49985a8edb3da31869c9fe33fb015b7ada867aa20377f1e702e6e payer=0xc3e044AC8709aBaa9139864154A332965a92A3Cd nonce=68 op=anchor status=1 gas=13740000 gasAtoms=21984000000000000 commonAtoms=4396800000000000 calldata=32052
    dex_continuous_network_test.go:69: CONTINUOUS_CANONICAL_PROGRESS label=settlement-58 elapsed=32.393839072s idle=5.275293354s sequence=50 uniquePaid=20 nativeAnchor=234
    dex_continuous_network_test.go:69: CONTINUOUS_ANCHOR_COST tx=0x16354dda6667a2c5207b27ad8e6a0a354e6df47812bbc730e4b805b1afdf2806 calldata=32052 headers=16 mptNodes=7 mptBytes=2041 gas=13740000
    dex_continuous_network_test.go:69: CONTINUOUS_TX height=302 block=0x170ed2de966ea61f469ac0d6e393663dae49bcfd144fcc1d57e5186ab694bbf2 tx=0x16354dda6667a2c5207b27ad8e6a0a354e6df47812bbc730e4b805b1afdf2806 payer=0x39Cb19b89195dFE14dd617013A6FE5f54B702B1c nonce=71 op=anchor status=1 gas=13740000 gasAtoms=21984000000000000 commonAtoms=4396800000000000 calldata=32052
    dex_continuous_network_test.go:69: CONTINUOUS_ANCHOR_COST tx=0x8d18dc59b33e75e8e8318da8f8a8ace85dc067400068288ea457c1406d877d8f calldata=63196 headers=32 mptNodes=7 mptBytes=2073 gas=15385424
    dex_continuous_network_test.go:69: CONTINUOUS_TX height=304 block=0x8a21de75dce396da135e29de11304ef98e5d1e0db313717eb6ca069bba41146b tx=0x8d18dc59b33e75e8e8318da8f8a8ace85dc067400068288ea457c1406d877d8f payer=0xc3e044AC8709aBaa9139864154A332965a92A3Cd nonce=69 op=anchor status=1 gas=15385424 gasAtoms=24616678400000000 commonAtoms=4923335680000000 calldata=63196
    dex_continuous_network_test.go:69: CONTINUOUS_CANONICAL_PROGRESS label=settlement-58 elapsed=44.528070792s idle=12.13423172s sequence=50 uniquePaid=20 nativeAnchor=266
    dex_continuous_network_test.go:69: CONTINUOUS_ANCHOR_COST tx=0x816c5bc22717052caba28fdb3cbc2da73fcc3d3cfa9bf9b074dfd8262cedc9be calldata=63196 headers=32 mptNodes=7 mptBytes=2073 gas=15385424
    dex_continuous_network_test.go:69: CONTINUOUS_TX height=306 block=0xcd152be76fc996081c9d7141612c0aa94b59e19bf514672965a275143cb44e62 tx=0x816c5bc22717052caba28fdb3cbc2da73fcc3d3cfa9bf9b074dfd8262cedc9be payer=0x39Cb19b89195dFE14dd617013A6FE5f54B702B1c nonce=72 op=anchor status=1 gas=15385424 gasAtoms=24616678400000000 commonAtoms=4923335680000000 calldata=63196
    dex_continuous_network_test.go:69: CONTINUOUS_CHECKPOINT sequence=51 hash=0b04539cdef14236ced6ad1ed7e1bc43c39061767bd74486a7b979f67a7b34d1 anchor=234/ac431cbd79b85abf851f63ebe979d79a7588f74ed0bb3c39bbbbfeaf0349b988 inbox=6..7 fee=0 rewardFee=0 rewardSupport=0
    dex_continuous_network_test.go:69: CONTINUOUS_TX height=308 block=0xa36416f307cf21b17fa0bab27ad28899c32f850fca75bb6cc372d4130cc4d456 tx=0x57c1419fe2bc25d4f287244cfb433ccc2d2cf04fba716eccf4b2d7284b0cee76 payer=0xc3e044AC8709aBaa9139864154A332965a92A3Cd nonce=70 op=checkpoint status=1 gas=12126636 gasAtoms=19402617600000000 commonAtoms=3880523520000000 calldata=2052
    dex_continuous_network_test.go:69: CONTINUOUS_CANONICAL_PROGRESS label=settlement-58 elapsed=1m8.614344662s idle=24.08627387s sequence=51 uniquePaid=20 nativeAnchor=266
    dex_continuous_network_test.go:69: CONTINUOUS_TX height=310 block=0xda82c64c1deaf4b126cf5c54ef1ac2bf677dc0ee63183626a5aba7a15a1b7f63 tx=0x96e7972d4c43943a9f993a6280eab2ac6ddf5dedfd53b33ba55c8d65b0f67a58 payer=0x39Cb19b89195dFE14dd617013A6FE5f54B702B1c nonce=73 op=checkpoint-replay status=1 gas=12126636 gasAtoms=19402617600000000 commonAtoms=3880523520000000 calldata=2052
    dex_continuous_network_test.go:69: CONTINUOUS_CHECKPOINT sequence=52 hash=469413cab85ffe17e9069fab8a8953fd027b7ef7e66e42731928d7d1913fbb91 anchor=234/ac431cbd79b85abf851f63ebe979d79a7588f74ed0bb3c39bbbbfeaf0349b988 inbox=7..7 fee=0 rewardFee=0 rewardSupport=0
    dex_continuous_network_test.go:69: CONTINUOUS_TX height=312 block=0x516a6b5c0c35c211316fb4d832de5985c3fbf4d8cf19ff993f97a3b290d37379 tx=0x22f9b2d9721427b5ba7310f0921be9a245ab9117261af384e83a6b7f31dce0e5 payer=0xc3e044AC8709aBaa9139864154A332965a92A3Cd nonce=71 op=checkpoint status=1 gas=12181512 gasAtoms=19490419200000000 commonAtoms=3898083840000000 calldata=3096
    dex_continuous_network_test.go:69: CONTINUOUS_CANONICAL_PROGRESS label=settlement-58 elapsed=1m13.670668131s idle=5.056323469s sequence=52 uniquePaid=20 nativeAnchor=266
    dex_continuous_network_test.go:69: CONTINUOUS_TX height=314 block=0x6e19dea50682ba4ab1efb6ec3c809fd0d053b9a833866ad2a7faecf853d8d4ba tx=0x270e912884c671977718f51267d8173978baa582ecb6a7f902d9bae76d2a8770 payer=0x39Cb19b89195dFE14dd617013A6FE5f54B702B1c nonce=74 op=checkpoint-replay status=1 gas=12181512 gasAtoms=19490419200000000 commonAtoms=3898083840000000 calldata=3096
    dex_continuous_network_test.go:69: CONTINUOUS_ANCHOR_COST tx=0x8933171604954ab82530b751c6627139eb89256d446a6e07711d54f803582bae calldata=63198 headers=32 mptNodes=7 mptBytes=2073 gas=15385584
    dex_continuous_network_test.go:69: CONTINUOUS_TX height=316 block=0x5da004cd826fa55fd97f889f9563f8381c9c0ade14ccbe58280b4e1608b83d3e tx=0x8933171604954ab82530b751c6627139eb89256d446a6e07711d54f803582bae payer=0xc3e044AC8709aBaa9139864154A332965a92A3Cd nonce=72 op=anchor status=1 gas=15385584 gasAtoms=24616934400000000 commonAtoms=4923386880000000 calldata=63198
    dex_continuous_network_test.go:69: CONTINUOUS_ANCHOR_COST tx=0xd9dea74989fdcf350661c72dfc7d36ea15b7ef3dd51011734a211939aecb200f calldata=63198 headers=32 mptNodes=7 mptBytes=2073 gas=15385584
    dex_continuous_network_test.go:69: CONTINUOUS_TX height=318 block=0x1c0eaa2d6ae8a31e06abe19a1164fe7d28e1ada9a8ad16f83f7e89c714e97b4a tx=0xd9dea74989fdcf350661c72dfc7d36ea15b7ef3dd51011734a211939aecb200f payer=0x39Cb19b89195dFE14dd617013A6FE5f54B702B1c nonce=75 op=anchor status=1 gas=15385584 gasAtoms=24616934400000000 commonAtoms=4923386880000000 calldata=63198
    dex_continuous_network_test.go:69: CONTINUOUS_CHECKPOINT sequence=53 hash=2522d92511fc22a663b82a1b6fcb39819c82868b0cc911e78ea59f468db035ee anchor=262/f9f83ac196da1305dc648ee06d3dd27a6f0dbd818f3d6cf2872741fbbee15336 inbox=7..8 fee=0 rewardFee=0 rewardSupport=0
    dex_continuous_network_test.go:69: CONTINUOUS_TX height=320 block=0x55c353da6c781ca36b41ffdb962248d1009c070b919daf6b598e285c3d742702 tx=0x767fd10f1a93bb61cd7f696f965f91f3a2a4e2117c8116fe786f5cd0fea2d031 payer=0xc3e044AC8709aBaa9139864154A332965a92A3Cd nonce=73 op=checkpoint status=1 gas=12154296 gasAtoms=19446873600000000 commonAtoms=3889374720000000 calldata=2574
    dex_continuous_network_test.go:69: CONTINUOUS_TX height=322 block=0x577443e89dc448c6bd909de477250c515a5dbfa5f04de4706fbd6d2d08f1e3bd tx=0x34352c8e89ef3cb4217abd681ae8a5f8011e4ee1eed7dfa20150c976353ca94f payer=0x39Cb19b89195dFE14dd617013A6FE5f54B702B1c nonce=76 op=checkpoint-replay status=1 gas=12154296 gasAtoms=19446873600000000 commonAtoms=3889374720000000 calldata=2574
    dex_continuous_network_test.go:69: CONTINUOUS_CANONICAL_PROGRESS label=settlement-58 elapsed=1m26.532895709s idle=12.862227578s sequence=53 uniquePaid=20 nativeAnchor=266
    dex_continuous_network_test.go:69: CONTINUOUS_CHECKPOINT sequence=54 hash=b97ef401a671af8d275d635f40736db0732c2b478b3d684c8351c94468d102c3 anchor=262/f9f83ac196da1305dc648ee06d3dd27a6f0dbd818f3d6cf2872741fbbee15336 inbox=8..8 fee=0 rewardFee=22000000000000000 rewardSupport=978000000000000000
    dex_continuous_network_test.go:69: CONTINUOUS_TX height=324 block=0x3baa71ad4d6a3b7bef43e0f30d429f90f77f95ea13fdddfba93f047430e63120 tx=0xb5936a204324f5ae680196f5bf0ba9c0819e899d10015db94ab1628e54c5b099 payer=0xc3e044AC8709aBaa9139864154A332965a92A3Cd nonce=74 op=checkpoint status=1 gas=12127188 gasAtoms=19403500800000000 commonAtoms=3880700160000000 calldata=2052
    dex_continuous_network_test.go:69: CONTINUOUS_CANONICAL_PROGRESS label=settlement-58 elapsed=1m30.377504589s idle=3.84460888s sequence=54 uniquePaid=20 nativeAnchor=266
    dex_continuous_network_test.go:69: CONTINUOUS_TX height=326 block=0x2d4f1287fcd6e0471b43aa9c49b0bcebb359d31de0162df52b309c2695f5b460 tx=0xa4789ae200b4e0f7636e5fa1ba012191cde2d923534c7b9b39b786aa6ac35211 payer=0x39Cb19b89195dFE14dd617013A6FE5f54B702B1c nonce=77 op=checkpoint-replay status=1 gas=12127188 gasAtoms=19403500800000000 commonAtoms=3880700160000000 calldata=2052
    dex_continuous_network_test.go:69: CONTINUOUS_CLAIM id=109c6e9b91c7ea9bf37841a19bbc03601e15784de0536ed7a657f54f9865e312 seq=54 recipient=b019173719a247113e5180fa2bf0540ba5829a96 amount=142857142857142857 kind=2
    dex_continuous_network_test.go:69: CONTINUOUS_TX height=328 block=0xa30b9e0771564078511cfde3b63e8a69efd107aa54f7cf5a0d02a6dcb1d825d3 tx=0x57c0f7ff65e0de87b1a9c4797430be7e95e3f3b4c9efebdb7dd446a4377170c5 payer=0xc3e044AC8709aBaa9139864154A332965a92A3Cd nonce=75 op=claim status=1 gas=390132 gasAtoms=624211200000000 commonAtoms=124842240000000 calldata=356
    dex_continuous_network_test.go:69: CONTINUOUS_CANONICAL_PROGRESS label=settlement-58 elapsed=1m33.008023041s idle=2.630518452s sequence=54 uniquePaid=21 nativeAnchor=266
    dex_continuous_network_test.go:69: CONTINUOUS_CLAIM id=6276d5af8c8eabe3a4502c1158d59402a423b1578aec97389a3f717ebd0b6571 seq=54 recipient=b93f3841fb9cb267c104f13a994bd987e531ffba amount=142857142857142857 kind=2
    dex_continuous_network_test.go:69: CONTINUOUS_TX height=330 block=0xc82317853c61006932f0d5a3b4406cf68b98939473afa94035ef82f59f53c610 tx=0xa2a193a90d251e220e06445d6266820a4bd6624c1ec8507b93ff1489495e799d payer=0x39Cb19b89195dFE14dd617013A6FE5f54B702B1c nonce=78 op=claim status=1 gas=390132 gasAtoms=624211200000000 commonAtoms=124842240000000 calldata=356
    dex_continuous_network_test.go:69: CONTINUOUS_CANONICAL_PROGRESS label=settlement-58 elapsed=1m33.381177916s idle=373.154875ms sequence=54 uniquePaid=22 nativeAnchor=266
    dex_continuous_network_test.go:69: CONTINUOUS_CHECKPOINT sequence=55 hash=ebf2d2d791880ca860bc9ed14f1f94b96c93958c46044ab68fb8a60037be3ec3 anchor=262/f9f83ac196da1305dc648ee06d3dd27a6f0dbd818f3d6cf2872741fbbee15336 inbox=8..8 fee=0 rewardFee=0 rewardSupport=0
    dex_continuous_network_test.go:69: CONTINUOUS_TX height=332 block=0xabbdaecd2ab08b80216f1ca25c51814b352f42bce216c921cad9a75ee05728ff tx=0x028032c2d24bbec008f7d584b0f2b71f0b6d2ce05ababaf0ceed9e7ba336e2f4 payer=0xc3e044AC8709aBaa9139864154A332965a92A3Cd nonce=76 op=checkpoint status=1 gas=12126156 gasAtoms=19401849600000000 commonAtoms=3880369920000000 calldata=2052
    dex_continuous_network_test.go:69: CONTINUOUS_CANONICAL_PROGRESS label=settlement-58 elapsed=1m36.688271447s idle=3.307093531s sequence=55 uniquePaid=22 nativeAnchor=266
    dex_continuous_network_test.go:69: CONTINUOUS_TX height=334 block=0x9dff8a3aa914de0afa76bf5251e853d89bf22652dd06765d6ef859ecc5f2bdb1 tx=0x2320608378dfd2398703b3ac580fee5c3e8a29da54604b1082ee882d3ab4343b payer=0x39Cb19b89195dFE14dd617013A6FE5f54B702B1c nonce=79 op=checkpoint-replay status=1 gas=12126156 gasAtoms=19401849600000000 commonAtoms=3880369920000000 calldata=2052
    dex_continuous_network_test.go:69: CONTINUOUS_CLAIM id=b50874f797ed3581de9e00248ca16b54306808af4c4fc8c294a745a9864957ef seq=54 recipient=2b7eaa19bde74ce04c8491ba6c660c7e86b37412 amount=142857142857142857 kind=2
    dex_continuous_network_test.go:69: CONTINUOUS_TX height=336 block=0x91e68658b84d95b8f54286da6dfb99b759599ea902452fff11e89ce23879cc00 tx=0x3c32e166a238b6f8e270a5509d93e4b6a5dda80234976e34d7255167cab11fb0 payer=0xc3e044AC8709aBaa9139864154A332965a92A3Cd nonce=77 op=claim status=1 gas=390132 gasAtoms=624211200000000 commonAtoms=124842240000000 calldata=356
    dex_continuous_network_test.go:69: CONTINUOUS_CANONICAL_PROGRESS label=settlement-58 elapsed=1m39.709047456s idle=3.020776009s sequence=55 uniquePaid=23 nativeAnchor=266
    dex_continuous_network_test.go:69: CONTINUOUS_CHECKPOINT sequence=56 hash=b5fc6b735b8b467c5552592fc0120b802a7d3e67c9f99b74d4ebb206434b5438 anchor=262/f9f83ac196da1305dc648ee06d3dd27a6f0dbd818f3d6cf2872741fbbee15336 inbox=8..8 fee=0 rewardFee=0 rewardSupport=0
    dex_continuous_network_test.go:69: CONTINUOUS_TX height=338 block=0xdf113b7e4b7d04e3e588d5327f2898cceca1d59f9beacb056e9e81af12952ffe tx=0x4b23b6d27db62f552fa64f47c64f5b4123a6eb4bc97f3879ad180f5e0b800f83 payer=0x39Cb19b89195dFE14dd617013A6FE5f54B702B1c nonce=80 op=checkpoint status=1 gas=12126144 gasAtoms=19401830400000000 commonAtoms=3880366080000000 calldata=2052
    dex_continuous_network_test.go:69: CONTINUOUS_CANONICAL_PROGRESS label=settlement-58 elapsed=1m42.318127346s idle=2.60907989s sequence=56 uniquePaid=23 nativeAnchor=266
    dex_continuous_network_test.go:69: CONTINUOUS_TX height=340 block=0xd700e8b5ddf765ec2a37742905c88c50e3315a47c8f96f94dde4b9b0653209a8 tx=0x2b32ce375d850d138c8a4f1536f374381eef6dd162b85eec8dad2911685f2671 payer=0xc3e044AC8709aBaa9139864154A332965a92A3Cd nonce=78 op=checkpoint-replay status=1 gas=12126144 gasAtoms=19401830400000000 commonAtoms=3880366080000000 calldata=2052
    dex_continuous_network_test.go:69: CONTINUOUS_CLAIM id=0c98004ffe3282744a1f732481f748ff75e3b9e1e07e6a2a66adc5c408626816 seq=54 recipient=55897348aaed81138e9a1352775638722468fea9 amount=142857142857142858 kind=2
    dex_continuous_network_test.go:69: CONTINUOUS_TX height=342 block=0x5497c288ddb4fee326e1d93862766138be90505c4edcea299b0e2d2d81d5d07c tx=0xb701c5f25849b4adc5fdd10446435285579baa971737381c113673bf6db1a76c payer=0xc3e044AC8709aBaa9139864154A332965a92A3Cd nonce=79 op=claim status=1 gas=390132 gasAtoms=624211200000000 commonAtoms=124842240000000 calldata=356
    dex_continuous_network_test.go:69: CONTINUOUS_CANONICAL_PROGRESS label=settlement-58 elapsed=1m47.45476004s idle=5.136632694s sequence=56 uniquePaid=24 nativeAnchor=266
    dex_continuous_network_test.go:69: CONTINUOUS_CHECKPOINT sequence=57 hash=bc45db660d6125b230d7bc1768fc611ceec3bd62fe39b688f1dd5f54a87690fb anchor=262/f9f83ac196da1305dc648ee06d3dd27a6f0dbd818f3d6cf2872741fbbee15336 inbox=8..8 fee=0 rewardFee=0 rewardSupport=0
    dex_continuous_network_test.go:69: CONTINUOUS_TX height=344 block=0x17e9b45c1650c09b49f374b041f1fa9be26861b650f99144fe5d1e20ddbe0fc3 tx=0x4d3c7555fb4b94018da5a0dcb4f3eb95286e961be3c354f9f92c1a4eeca4179e payer=0x39Cb19b89195dFE14dd617013A6FE5f54B702B1c nonce=81 op=checkpoint status=1 gas=12153828 gasAtoms=19446124800000000 commonAtoms=3889224960000000 calldata=2574
    dex_continuous_network_test.go:69: CONTINUOUS_CANONICAL_PROGRESS label=settlement-58 elapsed=1m47.837571735s idle=382.811695ms sequence=57 uniquePaid=24 nativeAnchor=266
    dex_continuous_network_test.go:69: CONTINUOUS_CLAIM id=b35ae03c1d9cd0426ee7e63cdbd4cd38e8d60db0525d82561468496c67254edd seq=54 recipient=8ecb4c3bd1885c5da4b135cd852987903ea1d831 amount=142857142857142857 kind=2
    dex_continuous_network_test.go:69: CONTINUOUS_TX height=346 block=0xcf69a58789c72aee4b4103b45235c58af131286f8c4bcc77d1afd84f20497d6f tx=0x22b8bdf6c4b0480424bb19c45e5218f56b37a06bc4f9e179bc4507965850b745 payer=0xc3e044AC8709aBaa9139864154A332965a92A3Cd nonce=80 op=claim status=1 gas=390132 gasAtoms=624211200000000 commonAtoms=124842240000000 calldata=356
    dex_continuous_network_test.go:69: CONTINUOUS_CANONICAL_PROGRESS label=settlement-58 elapsed=1m51.650028581s idle=3.812456846s sequence=57 uniquePaid=25 nativeAnchor=266
    dex_continuous_network_test.go:69: CONTINUOUS_CHECKPOINT sequence=58 hash=f6401d16728d403e6df5b5846ef48db644e6a23d66a924787200daf5d0071163 anchor=262/f9f83ac196da1305dc648ee06d3dd27a6f0dbd818f3d6cf2872741fbbee15336 inbox=8..8 fee=0 rewardFee=0 rewardSupport=1000000000000000000
    dex_continuous_network_test.go:69: CONTINUOUS_TX height=348 block=0xd5ca7bd9a092497ccccfa32bd0bddfcddb86493a3d4adbceb54b2171f3f6e337 tx=0x761bb588950e247b7259cbd834e133283a01e026e7668d4e87191675077f839c payer=0x39Cb19b89195dFE14dd617013A6FE5f54B702B1c nonce=82 op=checkpoint status=1 gas=12127104 gasAtoms=19403366400000000 commonAtoms=3880673280000000 calldata=2052
    dex_continuous_network_test.go:69: CONTINUOUS_CANONICAL_PROGRESS label=settlement-58 elapsed=1m52.682330697s idle=1.032302116s sequence=58 uniquePaid=25 nativeAnchor=266
    dex_continuous_network_test.go:69: CONTINUOUS_ETH_SOURCE height=348 hash=0xd5ca7bd9a092497ccccfa32bd0bddfcddb86493a3d4adbceb54b2171f3f6e337 root=0xbd451973716eba82fa6e54012371af4b4b1e042b3f580e64cbb6b2d4336fb2b7 normalFollow=true
    dex_continuous_network_test.go:69: NATIVE_BALANCE height=348 account=0x000000000000000000000000000000000000B123 initial=123 final=518002383360000123 delta=518002383360000000
    dex_continuous_network_test.go:69: NATIVE_BALANCE height=348 account=0x0000000000000000000000000000000000De0001 initial=0 final=331285714285714285714 delta=331285714285714285714
    dex_continuous_network_test.go:69: NATIVE_BALANCE height=348 account=0x00BB9d30903B14261B9f06cD25a8426f9B99Ab6d initial=1000000000000000000000 final=839998261760000000000 delta=-160001738240000000000
    dex_continuous_network_test.go:69: NATIVE_BALANCE height=348 account=0x0Ae2d1671275cBe32724454245C33B250Bc1C00A initial=0 final=476190476190476191 delta=476190476190476191
    dex_continuous_network_test.go:69: NATIVE_BALANCE height=348 account=0x13C2af1D12c92091dDE204553008167c7531b10F initial=1000000000000000000000000000 final=1000000000000000000000000000 delta=0
    dex_continuous_network_test.go:69: NATIVE_BALANCE height=348 account=0x2B7EAA19BDE74cE04c8491Ba6C660c7e86b37412 initial=0 final=619047619047619046 delta=619047619047619046
    dex_continuous_network_test.go:69: NATIVE_BALANCE height=348 account=0x39Cb19b89195dFE14dd617013A6FE5f54B702B1c initial=1000000000000000000000 final=998678802028800000000 delta=-1321197971200000000
    dex_continuous_network_test.go:69: NATIVE_BALANCE height=348 account=0x4F9A577C9EC4fD4A38Fa6F61375494868f55e968 initial=1000000000000000000000 final=849998261760000000000 delta=-150001738240000000000
    dex_continuous_network_test.go:69: NATIVE_BALANCE height=348 account=0x55897348AAeD81138e9a1352775638722468feA9 initial=0 final=619047619047619050 delta=619047619047619050
    dex_continuous_network_test.go:69: NATIVE_BALANCE height=348 account=0x8ecb4C3bD1885C5da4B135cD852987903EA1D831 initial=0 final=619047619047619048 delta=619047619047619048
    dex_continuous_network_test.go:69: NATIVE_BALANCE height=348 account=0x94953cddC0a9179b7e2FC062044f059122882C17 initial=0 final=476190476190476191 delta=476190476190476191
    dex_continuous_network_test.go:69: NATIVE_BALANCE height=348 account=0xB019173719a247113E5180fA2BF0540Ba5829a96 initial=0 final=619047619047619046 delta=619047619047619046
    dex_continuous_network_test.go:69: NATIVE_BALANCE height=348 account=0xa08D8d1db1A20D738faB1F48c4e2d6b60333d42B initial=77 final=77 delta=0
    dex_continuous_network_test.go:69: NATIVE_BALANCE height=348 account=0xb300b46CEa279E7dc0eAB351A0d7833f198CB5C5 initial=1000000000000000000000 final=974998324480000000000 delta=-25001675520000000000
    dex_continuous_network_test.go:69: NATIVE_BALANCE height=348 account=0xb93f3841fb9cb267C104F13a994bD987E531FFBA initial=0 final=285714285714285714 delta=285714285714285714
    dex_continuous_network_test.go:69: NATIVE_BALANCE height=348 account=0xc3e044AC8709aBaa9139864154A332965a92A3Cd initial=1000000000000000000000 final=998736338054400000000 delta=-1263661945600000000
    dex_continuous_network_test.go:69: NATIVE_LEDGER_RECONCILED height=348 custody=331285714285714285714 gas=2590011916800000000 commonReward=518002383360000000 burn=2072009533440000000 accounts=16 engine=0/0/0
    dex_continuous_network_test.go:69: CONTINUOUS_BUCKET key=F atoms=84000000000000000
    dex_continuous_network_test.go:69: CONTINUOUS_BUCKET key=I atoms=5000000000000000000
    dex_continuous_network_test.go:69: CONTINUOUS_BUCKET key=R atoms=1285714285714285714
    dex_continuous_network_test.go:69: CONTINUOUS_BUCKET key=S atoms=15084000000000000000
    dex_continuous_network_test.go:69: CONTINUOUS_BUCKET key=T atoms=259832000000000000000
    dex_continuous_network_test.go:69: CONTINUOUS_BUCKET key=U atoms=40000000000000000000
    dex_continuous_network_test.go:69: CONTINUOUS_BUCKET key=W atoms=10000000000000000000
    dex_continuous_network_test.go:69: CONTINUOUS_BUCKET key=Z atoms=0
    dex_continuous_network_test.go:69: CONTINUOUS_LIMITS maxCalldata=64063 maxHeaders=32 maxMPTNodes=7 maxMPTBytes=2073 operationCounts=map[anchor:22 checkpoint:58 checkpoint-replay:47 claim:25 claim-replay:12 funding-1:8 funding-2:1 funding-3:1 transfer:24]
    dex_continuous_network_test.go:69: CONTINUOUS_SETTLED DEXSequence=58 CLXAccepted=58 CLXHeight=348 root=0xbd451973716eba82fa6e54012371af4b4b1e042b3f580e64cbb6b2d4336fb2b7 custody=331285714285714285714
    dex_continuous_network_test.go:70: CONTINUOUS_CERTIFIED_RECORD height=61 view=113 finalizedTip=59 anchor=276 inbox=8..9 actionBytes=30101 dataRoot=e9b7412d865701f5795a51f656966ee69ea975fda5c6d15ba452fa93052584dc isCDXA=true NOT_FINALITY=true
    dex_continuous_network_test.go:70: CONTINUOUS_SOURCE_DESCENDANT height=62 certifiedInbox=61 actualFinalized=59 importedCursor=8 targetCursor=10
    dex_continuous_network_test.go:70: CONTINUOUS_DEX_INGRESS expectedHeight=62 bytes=282
    dex_continuous_network_test.go:70: CONTINUOUS_DEX certified>=62 finalized>=0 active=7
    dex_continuous_network_test.go:70: CONTINUOUS_CERTIFIED_RECORD height=62 view=149 finalizedTip=59 anchor=276 inbox=9..9 actionBytes=282 dataRoot=93c9ba057673e7e0138e8eddc1dd6a3f9c994eceb0c12bc763c80e39a2d24920 isCDXA=false NOT_FINALITY=true
    dex_continuous_network_test.go:70: CONTINUOUS_SOURCE_DESCENDANT height=63 certifiedInbox=61 actualFinalized=59 importedCursor=8 targetCursor=10
    dex_continuous_network_test.go:70: CONTINUOUS_DEX_INGRESS expectedHeight=63 bytes=282
    dex_continuous_network_test.go:70: CONTINUOUS_DEX certified>=63 finalized>=0 active=7
    dex_continuous_network_test.go:70: CONTINUOUS_CERTIFIED_RECORD height=63 view=150 finalizedTip=62 anchor=276 inbox=9..9 actionBytes=282 dataRoot=c8748fbf808ae7f606db4c77c3c475117df987e3995ab6317cfcb835c5c38ffc isCDXA=false NOT_FINALITY=true
    dex_continuous_network_test.go:70: CONTINUOUS_DEX certified>=64 finalized>=0 active=7
    dex_continuous_network_test.go:70: CONTINUOUS_CERTIFIED_RECORD height=64 view=153 finalizedTip=62 anchor=308 inbox=9..10 actionBytes=64001 dataRoot=b4009ac37f23f4b70cc29e0a49c73495d05923539779cf20f88d9a30391cce8e isCDXA=true NOT_FINALITY=true
    dex_continuous_network_test.go:70: CONTINUOUS_SOURCE_DESCENDANT height=65 certifiedInbox=64 actualFinalized=62 importedCursor=9 targetCursor=10
    dex_continuous_network_test.go:70: CONTINUOUS_DEX_INGRESS expectedHeight=65 bytes=282
    dex_continuous_network_test.go:70: CONTINUOUS_DEX certified>=65 finalized>=0 active=7
    dex_continuous_network_test.go:70: CONTINUOUS_CERTIFIED_RECORD height=65 view=154 finalizedTip=64 anchor=308 inbox=10..10 actionBytes=282 dataRoot=277ede4560d7b39840994f744a8b4776a79bc8509a797318fb8219e0e5c9893f isCDXA=false NOT_FINALITY=true
    dex_continuous_network_test.go:70: CONTINUOUS_CERTIFIED_RECORD height=65 view=154 finalizedTip=64 anchor=308 inbox=10..10 actionBytes=282 dataRoot=277ede4560d7b39840994f744a8b4776a79bc8509a797318fb8219e0e5c9893f isCDXA=false NOT_FINALITY=true
    dex_continuous_network_test.go:70: CONTINUOUS_PARTICIPATION_CANDIDATES height=65 certifiedView=154 proposal=303b25ed93df92f740555901dfd59ca978600968160fbbf45e69565028eb8d2b selected/retained: node0=7/7 node1=7/7 node2=7/7 node3=7/7 node4=7/7 node5=7/7 node6=7/7 oldViewEvidenceRetained=true
    dex_continuous_network_test.go:70: CONTINUOUS_PARTICIPATION height=65 period=7 authenticatedParticipants=7
    dex_continuous_network_test.go:70: CONTINUOUS_DEX_INGRESS expectedHeight=66 bytes=2829
    dex_continuous_network_test.go:70: CONTINUOUS_DEX certified>=66 finalized>=0 active=7
    dex_continuous_network_test.go:70: CONTINUOUS_CERTIFIED_RECORD height=66 view=155 finalizedTip=65 anchor=308 inbox=10..10 actionBytes=2829 dataRoot=283280560bca2d084da39f3f86b8af6c20bf0a26de043fd6f8d5fde8a35f4ad2 isCDXA=false NOT_FINALITY=true
    dex_continuous_network_test.go:70: CONTINUOUS_SOURCE_DESCENDANT height=67 certifiedInbox=64 actualFinalized=65 importedCursor=10 targetCursor=10
    dex_continuous_network_test.go:70: CONTINUOUS_DEX_INGRESS expectedHeight=67 bytes=282
    dex_continuous_network_test.go:70: CONTINUOUS_DEX certified>=67 finalized>=0 active=7
    dex_continuous_network_test.go:70: CONTINUOUS_CERTIFIED_RECORD height=67 view=156 finalizedTip=66 anchor=308 inbox=10..10 actionBytes=282 dataRoot=6513993cfcb3f16e4d715a688f88624e0c360e7d02226bf98f091fff76fb17af isCDXA=false NOT_FINALITY=true
    dex_continuous_network_test.go:70: CONTINUOUS_CERTIFIED_RECORD height=67 view=156 finalizedTip=66 anchor=308 inbox=10..10 actionBytes=282 dataRoot=6513993cfcb3f16e4d715a688f88624e0c360e7d02226bf98f091fff76fb17af isCDXA=false NOT_FINALITY=true
    dex_continuous_network_test.go:70: CONTINUOUS_SOURCE_INTERVAL certifiedParent=67 actualFinalized=66 anchor=308 cursor=10 total=345000000000000000000 authenticatedParent=true NOT_FINALITY=true
    dex_continuous_network_test.go:70: CONTINUOUS_DEX_INGRESS expectedHeight=68 bytes=282
    dex_continuous_network_test.go:70: CONTINUOUS_DEX certified>=68 finalized>=0 active=7
    dex_continuous_network_test.go:70: CONTINUOUS_CERTIFIED_RECORD height=68 view=157 finalizedTip=67 anchor=308 inbox=10..10 actionBytes=282 dataRoot=f0328e40c95a29ea18b3d3fd120fa2d43a86e360069c94c3a0e79d368bee5040 isCDXA=false NOT_FINALITY=true
    dex_continuous_network_test.go:70: CONTINUOUS_DEX_INGRESS expectedHeight=69 bytes=282
    dex_continuous_network_test.go:70: CONTINUOUS_DEX certified>=69 finalized>=0 active=7
    dex_continuous_network_test.go:70: CONTINUOUS_CERTIFIED_RECORD height=69 view=158 finalizedTip=68 anchor=308 inbox=10..10 actionBytes=282 dataRoot=12bf9f6cd3556224496343afae6adbed74ce5c3448c4ddc679c7dd8e26ddb96d isCDXA=false NOT_FINALITY=true
    dex_continuous_network_test.go:70: CONTINUOUS_DEX_INGRESS expectedHeight=70 bytes=282
    dex_continuous_network_test.go:70: CONTINUOUS_DEX certified>=70 finalized>=0 active=7
    dex_continuous_network_test.go:70: CONTINUOUS_CERTIFIED_RECORD height=70 view=159 finalizedTip=69 anchor=308 inbox=10..10 actionBytes=282 dataRoot=35b719bff7f0dde43b2802ef87e51011b63e4af3044e2cb9855aad5ede7fbbb9 isCDXA=false NOT_FINALITY=true
    dex_continuous_network_test.go:70: CONTINUOUS_DEX_INGRESS expectedHeight=71 bytes=282
    dex_continuous_network_test.go:70: CONTINUOUS_DEX certified>=71 finalized>=0 active=7
    dex_continuous_network_test.go:70: CONTINUOUS_CERTIFIED_RECORD height=71 view=160 finalizedTip=70 anchor=308 inbox=10..10 actionBytes=282 dataRoot=c0ca6f7c4c1f19a419f098c647de2ca71c6f484a9b64577d761781a3608eb67c isCDXA=false NOT_FINALITY=true
    dex_continuous_network_test.go:70: CONTINUOUS_DEX_INGRESS expectedHeight=72 bytes=282
    dex_continuous_network_test.go:70: CONTINUOUS_DEX certified>=72 finalized>=0 active=7
    dex_continuous_network_test.go:70: CONTINUOUS_CERTIFIED_RECORD height=72 view=161 finalizedTip=71 anchor=308 inbox=10..10 actionBytes=282 dataRoot=a5a902ab8045a039984ed429baca4d73156299f873484b2d8e831374ee91d6e5 isCDXA=false NOT_FINALITY=true
    dex_continuous_network_test.go:70: CONTINUOUS_DEX_INGRESS expectedHeight=73 bytes=282
    dex_continuous_network_test.go:70: CONTINUOUS_DEX certified>=73 finalized>=0 active=7
    dex_continuous_network_test.go:70: CONTINUOUS_CERTIFIED_RECORD height=73 view=162 finalizedTip=72 anchor=308 inbox=10..10 actionBytes=282 dataRoot=fced7da1a61d5dc271c23100a8955ec26a52a704ab83499e459223a8cdccb45d isCDXA=false NOT_FINALITY=true
    dex_continuous_network_test.go:70: CONTINUOUS_DEX certified>=73 finalized>=64 active=7
    dex_continuous_network_test.go:70: CONTINUOUS_DEX_INGRESS expectedHeight=74 bytes=23333
    dex_continuous_network_test.go:70: CONTINUOUS_DEX certified>=74 finalized>=0 active=7
    dex_continuous_network_test.go:70: CONTINUOUS_CERTIFIED_RECORD height=74 view=163 finalizedTip=73 anchor=308 inbox=10..10 actionBytes=23333 dataRoot=44db4984d5cb18e47262fa271836d630cf944bff80be78179b6508e0512c2473 isCDXA=false NOT_FINALITY=true
    dex_continuous_network_test.go:70: CONTINUOUS_REWARD_CLOSE period=6 actionHeight=74 packageBytes=23333 participants=7 grace=64
    dex_continuous_network_test.go:70: CONTINUOUS_DEX_INGRESS expectedHeight=75 bytes=282
    dex_continuous_network_test.go:70: CONTINUOUS_DEX certified>=75 finalized>=0 active=7
    dex_continuous_network_test.go:70: CONTINUOUS_CERTIFIED_RECORD height=75 view=164 finalizedTip=74 anchor=308 inbox=10..10 actionBytes=282 dataRoot=920dead92e5b5ba5e320da06b24c6d024a0999f74f5cc886e8e92bda7f4247cd isCDXA=false NOT_FINALITY=true
    dex_continuous_network_test.go:70: CONTINUOUS_CERTIFIED_RECORD height=75 view=164 finalizedTip=74 anchor=308 inbox=10..10 actionBytes=282 dataRoot=920dead92e5b5ba5e320da06b24c6d024a0999f74f5cc886e8e92bda7f4247cd isCDXA=false NOT_FINALITY=true
    dex_continuous_network_test.go:70: CONTINUOUS_PARTICIPATION_CANDIDATES height=75 certifiedView=164 proposal=9b8f84bb41f8273e52ab470e38ec375c2be45a02c126d07041f9f5276cb28dfd selected/retained: node0=7/7 node1=7/7 node2=7/7 node3=7/7 node4=7/7 node5=7/7 node6=7/7 oldViewEvidenceRetained=true
    dex_continuous_network_test.go:70: CONTINUOUS_PARTICIPATION height=75 period=8 authenticatedParticipants=7
    dex_continuous_network_test.go:70: CONTINUOUS_DEX_INGRESS expectedHeight=76 bytes=2829
    dex_continuous_network_test.go:70: CONTINUOUS_DEX certified>=76 finalized>=0 active=7
    dex_continuous_network_test.go:70: CONTINUOUS_CERTIFIED_RECORD height=76 view=165 finalizedTip=75 anchor=308 inbox=10..10 actionBytes=2829 dataRoot=4abc9e355c4b028f758eae386243a43caed3c719bc4a59490d6e86ae3d84792b isCDXA=false NOT_FINALITY=true
    dex_continuous_network_test.go:70: CONTINUOUS_DEX_INGRESS expectedHeight=77 bytes=282
    dex_continuous_network_test.go:70: CONTINUOUS_DEX certified>=77 finalized>=0 active=7
    dex_continuous_network_test.go:70: CONTINUOUS_CERTIFIED_RECORD height=77 view=166 finalizedTip=76 anchor=308 inbox=10..10 actionBytes=282 dataRoot=36270391a0a511aead7cce7054168e002d0ae1673ec8fb1b71f20b69751ef340 isCDXA=false NOT_FINALITY=true
    dex_continuous_network_test.go:70: CONTINUOUS_CLAIM id=3190f65e9a3e2f431ee94d320a97d0291c7e542e2f2653d0d2e747e892f6c845 seq=58 recipient=b93f3841fb9cb267c104f13a994bd987e531ffba amount=142857142857142857 kind=2
    dex_continuous_network_test.go:70: CONTINUOUS_TX height=350 block=0x14a43a1573c72f14a1b9a6d410ca3fc45a51ee621bcd143ac3e0c744f317eaf1 tx=0xcb880042f089cf131a61b3c8e141e070418d98e2b327924212bb7d87c470c422 payer=0xc3e044AC8709aBaa9139864154A332965a92A3Cd nonce=81 op=claim status=1 gas=390120 gasAtoms=624192000000000 commonAtoms=124838400000000 calldata=356
    dex_continuous_network_test.go:70: CONTINUOUS_CHECKPOINT sequence=59 hash=d8ad24d71d72b84f7bf36b8549e2b626aaa242841a2cd35025c8be02513ac6d6 anchor=262/f9f83ac196da1305dc648ee06d3dd27a6f0dbd818f3d6cf2872741fbbee15336 inbox=8..8 fee=0 rewardFee=0 rewardSupport=0
    dex_continuous_network_test.go:70: CONTINUOUS_TX height=352 block=0xcf332ed2198537e4cc676bd7aee866837668f5952212b514ee98ca91d58885b0 tx=0xe916b2e621b3940f7efdbc087b173c8cd5b1cc37b8eb04fdf73224b1b9a83113 payer=0x39Cb19b89195dFE14dd617013A6FE5f54B702B1c nonce=83 op=checkpoint status=1 gas=12126132 gasAtoms=19401811200000000 commonAtoms=3880362240000000 calldata=2052
    dex_continuous_network_test.go:70: CONTINUOUS_CLAIM id=0e5691911ea773871c87629feff7fddef951fb0ccb5a9ae36ce0e8a6562fbbaf seq=58 recipient=2b7eaa19bde74ce04c8491ba6c660c7e86b37412 amount=142857142857142857 kind=2
    dex_continuous_network_test.go:70: CONTINUOUS_TX height=354 block=0x247ef58bbefc73d18dfd83efc24fc42866f1008992cf1866528328dff61c0805 tx=0x365e67a8d142f163df00fc6d50c86c87da174e88b02e7c3dd13904afb7e1c3ab payer=0xc3e044AC8709aBaa9139864154A332965a92A3Cd nonce=82 op=claim status=1 gas=390132 gasAtoms=624211200000000 commonAtoms=124842240000000 calldata=356
    dex_continuous_network_test.go:70: CONTINUOUS_CHECKPOINT sequence=60 hash=5834afce5f7a518b07a8f8b1f5c5cef17d765867c21920774850c6439cffc179 anchor=262/f9f83ac196da1305dc648ee06d3dd27a6f0dbd818f3d6cf2872741fbbee15336 inbox=8..8 fee=0 rewardFee=0 rewardSupport=0
    dex_continuous_network_test.go:70: CONTINUOUS_TX height=356 block=0x068b5255021420a4a64d19192d7ae275e5e09365e52d7cd8408f79ba519acbcd tx=0x2b2e59173ce14847c94abf3ba87d678d876a6e4a53043427cd7ae294d1e99e77 payer=0x39Cb19b89195dFE14dd617013A6FE5f54B702B1c nonce=84 op=checkpoint status=1 gas=12181784 gasAtoms=19490854400000000 commonAtoms=3898170880000000 calldata=3100
    dex_continuous_network_test.go:70: CONTINUOUS_TX height=358 block=0x9ba23b9017e8ee881ee5e5548a598e9d0300f97af6aa7cc2044a5f1a2d69aa82 tx=0x593e8bd17976ea84e4e5b027783252f52fa54b8b571518f3ddd363c0662b1d5e payer=0xc3e044AC8709aBaa9139864154A332965a92A3Cd nonce=83 op=checkpoint-replay status=1 gas=12181784 gasAtoms=19490854400000000 commonAtoms=3898170880000000 calldata=3100
    dex_continuous_network_test.go:70: CONTINUOUS_ANCHOR_COST tx=0x9a8ec2b5742486d080c8cb6ddc4aaf87414b6ae51f2007c57496087c1a92c35e calldata=21057 headers=10 mptNodes=7 mptBytes=2073 gas=13144224
    dex_continuous_network_test.go:70: CONTINUOUS_TX height=360 block=0xd57f989d0feb43584db2d9ce728fafc304493eec1a375e8b389818cb3352938c tx=0x9a8ec2b5742486d080c8cb6ddc4aaf87414b6ae51f2007c57496087c1a92c35e payer=0x39Cb19b89195dFE14dd617013A6FE5f54B702B1c nonce=85 op=anchor status=1 gas=13144224 gasAtoms=21030758400000000 commonAtoms=4206151680000000 calldata=21057
    dex_continuous_network_test.go:70: CONTINUOUS_CLAIM id=9b8ffc6ff6669dd32a2eb6a53d1c9a87c4580b4b8969169afc8b3d0747c49f8f seq=58 recipient=b019173719a247113e5180fa2bf0540ba5829a96 amount=142857142857142857 kind=2
    dex_continuous_network_test.go:70: CONTINUOUS_TX height=361 block=0x35d926ec15a7064fd15769df81b87b80431443e484a5553bd2b5abc1ae6c6ad5 tx=0xb9907cd1709f5e72c123ff7ddeb4daef5d30ab52aed272bc676f7c4e655ffdfc payer=0xc3e044AC8709aBaa9139864154A332965a92A3Cd nonce=84 op=claim status=1 gas=390144 gasAtoms=624230400000000 commonAtoms=124846080000000 calldata=356
    dex_continuous_economy_test.go:364: CONTINUOUS_DEX certified>=77 finalized>=74 active=7
    dex_continuous_economy_test.go:364: CONTINUOUS_DEX_INGRESS expectedHeight=78 bytes=21283
    dex_continuous_economy_test.go:364: CONTINUOUS_DEX certified>=78 finalized>=0 active=7
    dex_continuous_economy_test.go:364: CONTINUOUS_CERTIFIED_RECORD height=78 view=167 finalizedTip=77 anchor=308 inbox=10..10 actionBytes=21283 dataRoot=38499cfabdcf2cf6151df8a61b1e45a10c9acc806f4b6caa4b3d81e432911387 isCDXA=false NOT_FINALITY=true
    dex_continuous_economy_test.go:364: CONTINUOUS_REWARD_CLOSE period=7 actionHeight=78 packageBytes=21283 participants=7 grace=74
    dex_continuous_economy_test.go:365: CONTINUOUS_DEX_INGRESS expectedHeight=79 bytes=282
    dex_continuous_economy_test.go:365: CONTINUOUS_DEX certified>=79 finalized>=0 active=7
    dex_continuous_economy_test.go:365: CONTINUOUS_CERTIFIED_RECORD height=79 view=168 finalizedTip=78 anchor=308 inbox=10..10 actionBytes=282 dataRoot=c9a29fc1820b3ba3573a50b2cb27a0e3c28eb0344be8a6ded0197ff8783cc1ec isCDXA=false NOT_FINALITY=true
    dex_continuous_economy_test.go:366: CONTINUOUS_DEX_INGRESS expectedHeight=80 bytes=282
    dex_continuous_economy_test.go:366: CONTINUOUS_DEX certified>=80 finalized>=0 active=7
    dex_continuous_economy_test.go:366: CONTINUOUS_CERTIFIED_RECORD height=80 view=169 finalizedTip=79 anchor=308 inbox=10..10 actionBytes=282 dataRoot=5bc861ff67e9933b7acf23792178454b4eebe13f452848cef669e371bfc8314c isCDXA=false NOT_FINALITY=true
    dex_continuous_economy_test.go:367: CONTINUOUS_DEX certified>=80 finalized>=78 active=7
    dex_continuous_network_test.go:70: CONTINUOUS_CLX_OUTAGE oldPIDs=[1184160 1184165 1184170 1184176 1184183 1184189 1184195] beforeHeight=361 CLXAccepted=60 DEXFinalized=78 unsettled=18 sourceRoot=0x57c08209a0539fb330bf5e27e77c5466c4ba7f9bd615160b60845e543bdd90f3
    export_native_test.go:138: CONTINUOUS_CLX_CHILD_LIFETIME timeout=32m19.708513227s parentDeadline=2026-09-23T10:33:16Z finite=true protocolTimeoutsUnchanged=true
    export_native_test.go:138: CONTINUOUS_CLX_CHILD_LIFETIME timeout=32m15.992860894s parentDeadline=2026-09-23T10:33:16Z finite=true protocolTimeoutsUnchanged=true
    export_native_test.go:138: CONTINUOUS_CLX_CHILD_LIFETIME timeout=32m11.926653418s parentDeadline=2026-09-23T10:33:16Z finite=true protocolTimeoutsUnchanged=true
    export_native_test.go:138: CONTINUOUS_CLX_CHILD_LIFETIME timeout=32m7.641351243s parentDeadline=2026-09-23T10:33:16Z finite=true protocolTimeoutsUnchanged=true
    export_native_test.go:138: CONTINUOUS_CLX_CHILD_LIFETIME timeout=32m3.443731779s parentDeadline=2026-09-23T10:33:16Z finite=true protocolTimeoutsUnchanged=true
    export_native_test.go:138: CONTINUOUS_CLX_CHILD_LIFETIME timeout=31m59.512703188s parentDeadline=2026-09-23T10:33:16Z finite=true protocolTimeoutsUnchanged=true
    export_native_test.go:138: CONTINUOUS_CLX_CHILD_LIFETIME timeout=31m55.730186861s parentDeadline=2026-09-23T10:33:16Z finite=true protocolTimeoutsUnchanged=true
    dex_continuous_network_test.go:70: CONTINUOUS_CLX_REOPEN oldPIDs=[1184160 1184165 1184170 1184176 1184183 1184189 1184195] newPIDs=[1186578 1186602 1186611 1186620 1186630 1186638 1186650] retainedHeight=361 retainedRoot=0x3acc831940f0a30c1a0234fd4662bc5f9329cde4d15854f42f5f3b930aa7c7fa
    dex_continuous_network_test.go:70: CONTINUOUS_USER_RPC_ACK tx=0xe93b76bfe61df8270c2a338934ecb870c29c55e073397a0d2273ddc690f836c8 nonce=26
    dex_continuous_network_test.go:70: CONTINUOUS_CLAIM id=1578740842fd5ab7bd2781390e5d3b108901d997baeae26bedb728c9b95d1f8b seq=58 recipient=0ae2d1671275cbe32724454245c33b250bc1c00a amount=142857142857142857 kind=2
    dex_continuous_network_test.go:70: CONTINUOUS_TX height=363 block=0x759ed672006d6309881ac4e2e828b06b993fe5404175ea7ec4cab90a13ae8d4c tx=0xd08e1ccb9a701d85727cb1c8fa53e621164643375dd9c5a3ffcedddebf1b86ce payer=0xc3e044AC8709aBaa9139864154A332965a92A3Cd nonce=85 op=claim status=1 gas=390144 gasAtoms=624230400000000 commonAtoms=124846080000000 calldata=356
    dex_continuous_network_test.go:70: CONTINUOUS_ANCHOR_COST tx=0xbec56e1bc4318a144524eaff47cd0799640aa250cedcdf5b05e9b6ab18ca6e77 calldata=62399 headers=32 mptNodes=7 mptBytes=2105 gas=15345100
    dex_continuous_network_test.go:70: CONTINUOUS_TX height=365 block=0x67206fa9e04f6200ded8064ba722cc6c4f9874db7905ce030cd3fe7cf0d06683 tx=0xbec56e1bc4318a144524eaff47cd0799640aa250cedcdf5b05e9b6ab18ca6e77 payer=0x39Cb19b89195dFE14dd617013A6FE5f54B702B1c nonce=86 op=anchor status=1 gas=15345100 gasAtoms=24552160000000000 commonAtoms=4910432000000000 calldata=62399
    dex_continuous_network_test.go:70: CONTINUOUS_CLAIM id=fe39c3621fc19cabf888d5b09a260bbc6d7662ae0d4411d8c6a838a79f9d9ef2 seq=58 recipient=94953cddc0a9179b7e2fc062044f059122882c17 amount=142857142857142857 kind=2
    dex_continuous_network_test.go:70: CONTINUOUS_TX height=367 block=0x9fec0d39fd2af894bd0f8ec922bd557bd75ec124e5a882834b35b55ee379e255 tx=0xc33943f64e658edfc1b1de92e8c56a1158830a26cdbf3599cb1bc2ee338945ab payer=0x39Cb19b89195dFE14dd617013A6FE5f54B702B1c nonce=87 op=claim status=1 gas=390144 gasAtoms=624230400000000 commonAtoms=124846080000000 calldata=356
    dex_continuous_network_test.go:70: CONTINUOUS_ANCHOR_COST tx=0xc5218c660021b96fadca2fa4438967b36bd9a39fb1667e26a2f5590e59a232a2 calldata=62399 headers=32 mptNodes=7 mptBytes=2105 gas=15345100
    dex_continuous_network_test.go:70: CONTINUOUS_TX height=369 block=0xa528ae52a3c1378f9a057a3ec69cd189051f3b1a2b2376336621bf199403cbdf tx=0xc5218c660021b96fadca2fa4438967b36bd9a39fb1667e26a2f5590e59a232a2 payer=0xc3e044AC8709aBaa9139864154A332965a92A3Cd nonce=86 op=anchor status=1 gas=15345100 gasAtoms=24552160000000000 commonAtoms=4910432000000000 calldata=62399
    dex_continuous_network_test.go:70: CONTINUOUS_TX height=370 block=0xc6fdd1f22d76eb963b318be238b80e15483d10dcbdf28d4b2021a7ddad255f68 tx=0xe93b76bfe61df8270c2a338934ecb870c29c55e073397a0d2273ddc690f836c8 payer=0xb300b46CEa279E7dc0eAB351A0d7833f198CB5C5 nonce=26 op=transfer status=1 gas=21000 gasAtoms=33600000000000 commonAtoms=6720000000000 calldata=0
    dex_continuous_network_test.go:70: CONTINUOUS_ETH_SOURCE height=370 hash=0xc6fdd1f22d76eb963b318be238b80e15483d10dcbdf28d4b2021a7ddad255f68 root=0x9eb8b8974758e69edef28283f1d395adfc09451512928071ab0d58bc1a042720 normalFollow=true
    dex_continuous_network_test.go:70: CONTINUOUS_PROGRESS_START label=settlement-78 idle=2m0s hard=2026-09-23T10:32:46.463743082Z canonical={Sequence:60 Claims:30 Anchor:308}
    dex_continuous_network_test.go:70: CONTINUOUS_CLAIM id=63fd558b59c0c99166956a54c094ba318cd54626ca5547d57d6669b7268ca448 seq=58 recipient=8ecb4c3bd1885c5da4b135cd852987903ea1d831 amount=142857142857142857 kind=2
    dex_continuous_network_test.go:70: CONTINUOUS_TX height=372 block=0x7d4805f6634c3a13d629c22aa46a2c5e48fff4dd8275d8f2fe535c2037cddb61 tx=0x7b743525925a4f37bd596c4b627051db4f375befa99f56eedabd295c54525f92 payer=0x39Cb19b89195dFE14dd617013A6FE5f54B702B1c nonce=88 op=claim status=1 gas=390144 gasAtoms=624230400000000 commonAtoms=124846080000000 calldata=356
    dex_continuous_network_test.go:70: CONTINUOUS_CANONICAL_PROGRESS label=settlement-78 elapsed=984.006042ms idle=984.006042ms sequence=60 uniquePaid=31 nativeAnchor=308
    dex_continuous_network_test.go:70: CONTINUOUS_CLAIM id=928427b2d798d86543cef32e3f63d5c0f630bc76d0b56915cf75b62fa568ae8a seq=58 recipient=55897348aaed81138e9a1352775638722468fea9 amount=142857142857142858 kind=2
    dex_continuous_network_test.go:70: CONTINUOUS_TX height=374 block=0xecbd289bf63d06ba78ca043055da66618a7b584ab0c5448fec3215015308df73 tx=0x66db14eb4999eb12186eb45e04d543cade5f2cef11b9fc32b019c4697d39e7fa payer=0x39Cb19b89195dFE14dd617013A6FE5f54B702B1c nonce=89 op=claim status=1 gas=390132 gasAtoms=624211200000000 commonAtoms=124842240000000 calldata=356
    dex_continuous_network_test.go:70: CONTINUOUS_CANONICAL_PROGRESS label=settlement-78 elapsed=5.342459249s idle=4.358453207s sequence=60 uniquePaid=32 nativeAnchor=308
    dex_continuous_network_test.go:70: CONTINUOUS_CLAIM id=608638479a050486f5ae1196aabe6d928db26a68c293fc579bfafe93e635ec02 seq=54 recipient=0ae2d1671275cbe32724454245c33b250bc1c00a amount=142857142857142857 kind=2
    dex_continuous_network_test.go:70: CONTINUOUS_TX height=376 block=0x592a2adca143d56086c1f3ac805b130e32f6cde5f3d13bf09a4b7897ad40443c tx=0xd500c2bfa0dfa5f0b80852ae91ff3f3b2e59d3940190b8ce2d38c8d440d8fb5e payer=0x39Cb19b89195dFE14dd617013A6FE5f54B702B1c nonce=90 op=claim status=1 gas=390120 gasAtoms=624192000000000 commonAtoms=124838400000000 calldata=356
    dex_continuous_network_test.go:70: CONTINUOUS_CANONICAL_PROGRESS label=settlement-78 elapsed=9.33816302s idle=3.995703771s sequence=60 uniquePaid=33 nativeAnchor=308
    dex_continuous_network_test.go:70: CONTINUOUS_TX height=377 block=0x8e2510e79160500ed66848c8dbb22a8e93788bc1635d798c13d1966ebb6b5119 tx=0x65137535022ca2b9c25cb7e542413a2f0772a0599cf2de2e13795f6f581dec30 payer=0xc3e044AC8709aBaa9139864154A332965a92A3Cd nonce=87 op=claim-replay status=1 gas=390120 gasAtoms=624192000000000 commonAtoms=124838400000000 calldata=356
    dex_continuous_network_test.go:70: CONTINUOUS_CLAIM id=66aa98ce401f62832788476075ca3a4c467860594ce0a5b90f6953d292e81ea1 seq=54 recipient=94953cddc0a9179b7e2fc062044f059122882c17 amount=142857142857142857 kind=2
    dex_continuous_network_test.go:70: CONTINUOUS_TX height=379 block=0xc2370ecfe4f3dd04c34fd2ca456783da002c887d57ecad434716e258291a6e87 tx=0x0adcfcea97f49314cf0d9299187078e688125e1c0f1aaf09b9e1a39a014b511a payer=0xc3e044AC8709aBaa9139864154A332965a92A3Cd nonce=88 op=claim status=1 gas=390120 gasAtoms=624192000000000 commonAtoms=124838400000000 calldata=356
    dex_continuous_network_test.go:70: CONTINUOUS_CANONICAL_PROGRESS label=settlement-78 elapsed=13.246202185s idle=3.908039165s sequence=60 uniquePaid=34 nativeAnchor=308
    dex_continuous_network_test.go:70: CONTINUOUS_TX height=380 block=0xb04de72ccb659d82ea628c0cf0e6c0f97e095f98049c006cb5e25c907e0c437f tx=0xdec8de0c349da986b506504f4de5bc111589d5516ce72d19a8f6a31c653f0b42 payer=0x39Cb19b89195dFE14dd617013A6FE5f54B702B1c nonce=91 op=claim-replay status=1 gas=390120 gasAtoms=624192000000000 commonAtoms=124838400000000 calldata=356
    dex_continuous_network_test.go:70: CONTINUOUS_CHECKPOINT sequence=61 hash=c783bb277a61b5ef6e8a9ec7fe581be9fba462b7144818d87e6cf88a03b3c325 anchor=276/3716f45e152b8283f5833b32cecdc301ec5a13ca27a9686a8001e1529efe0ef4 inbox=8..9 fee=0 rewardFee=0 rewardSupport=0
    dex_continuous_network_test.go:70: CONTINUOUS_TX height=382 block=0x8fdcf8e5c10871f772c1bf79a50080d35cb62115433575319fe32bf774a6d0ea tx=0x8867d5588d211f79f6f29cf80ecf8faaf3a94163053af8df2888e4fd4b9f120d payer=0x39Cb19b89195dFE14dd617013A6FE5f54B702B1c nonce=92 op=checkpoint status=1 gas=12154556 gasAtoms=19447289600000000 commonAtoms=3889457920000000 calldata=2578
    dex_continuous_network_test.go:70: CONTINUOUS_CANONICAL_PROGRESS label=settlement-78 elapsed=17.719249244s idle=4.473047059s sequence=61 uniquePaid=34 nativeAnchor=308
    dex_continuous_network_test.go:70: CONTINUOUS_TX height=384 block=0x3c26d55d39b8b3b5a5550d78d63bd73f52f2fca424cdde4afeaa9bebe21eb05c tx=0xb0fbe03594d3ab3fa2f99a9bdac9ba4008a7f2ba90a1a99b6de749e18fc05459 payer=0xc3e044AC8709aBaa9139864154A332965a92A3Cd nonce=89 op=checkpoint-replay status=1 gas=12154556 gasAtoms=19447289600000000 commonAtoms=3889457920000000 calldata=2578
    dex_continuous_network_test.go:70: CONTINUOUS_CHECKPOINT sequence=62 hash=c76f88e5fa8d62cdfaf19399e119e093a93c3d093986ea7e71578984dfed8bf8 anchor=276/3716f45e152b8283f5833b32cecdc301ec5a13ca27a9686a8001e1529efe0ef4 inbox=9..9 fee=0 rewardFee=0 rewardSupport=0
    dex_continuous_network_test.go:70: CONTINUOUS_TX height=386 block=0xbad75a0845cf9339c89a7a1099587801bdb7ea8a3e133067a31c5a9e8e39f24f tx=0xbc2192d2f5894d7099d90298686776d5d5b3ef8c89a5b598ac502d4079cde978 payer=0x39Cb19b89195dFE14dd617013A6FE5f54B702B1c nonce=93 op=checkpoint status=1 gas=12126404 gasAtoms=19402246400000000 commonAtoms=3880449280000000 calldata=2056
    dex_continuous_network_test.go:70: CONTINUOUS_CANONICAL_PROGRESS label=settlement-78 elapsed=21.072400932s idle=3.353151688s sequence=62 uniquePaid=34 nativeAnchor=308
    dex_continuous_network_test.go:70: CONTINUOUS_TX height=388 block=0x61505521cfbe2f884f7097915c2050c1869943bf52a535944cb6f7b227ff4ca3 tx=0x939868cbaaca5731122a72d0feb1d8a48421815a188bb4d9008aeb8dc3832c9d payer=0xc3e044AC8709aBaa9139864154A332965a92A3Cd nonce=90 op=checkpoint-replay status=1 gas=12126404 gasAtoms=19402246400000000 commonAtoms=3880449280000000 calldata=2056
    dex_continuous_network_test.go:70: CONTINUOUS_CHECKPOINT sequence=63 hash=8698148bdd311b627e8a19b6736416d74ee487560375f7e39a09284081d02453 anchor=276/3716f45e152b8283f5833b32cecdc301ec5a13ca27a9686a8001e1529efe0ef4 inbox=9..9 fee=0 rewardFee=0 rewardSupport=0
    dex_continuous_network_test.go:70: CONTINUOUS_TX height=390 block=0xa1921064b9c4adaaa4063bc9db7b44f2deae5dcab966694f9e02d09d6cd5805d tx=0x9f57185268fb72b2d2a67d84049ad45d87362abf3348bd38191981da61db8083 payer=0x39Cb19b89195dFE14dd617013A6FE5f54B702B1c nonce=94 op=checkpoint status=1 gas=12154200 gasAtoms=19446720000000000 commonAtoms=3889344000000000 calldata=2580
    dex_continuous_network_test.go:70: CONTINUOUS_CANONICAL_PROGRESS label=settlement-78 elapsed=25.412197693s idle=4.339796761s sequence=63 uniquePaid=34 nativeAnchor=308
    dex_continuous_network_test.go:70: CONTINUOUS_CHECKPOINT sequence=64 hash=995de14f03a47ee7788e4415187dd3318d9d83654e0b1ab844a7e4e51bc25c7e anchor=308/a36416f307cf21b17fa0bab27ad28899c32f850fca75bb6cc372d4130cc4d456 inbox=9..10 fee=0 rewardFee=0 rewardSupport=0
    dex_continuous_network_test.go:70: CONTINUOUS_TX height=392 block=0x37fd17a30bf8bc732651d57be3d8ca2d72e7cab0a8efb78486ab9292ab12deb2 tx=0x4f97ca3e8ecf10a82713fff362bffdd3333854c9b7f83523f40d0578693ce99f payer=0xc3e044AC8709aBaa9139864154A332965a92A3Cd nonce=91 op=checkpoint status=1 gas=12126860 gasAtoms=19402976000000000 commonAtoms=3880595200000000 calldata=2056
    dex_continuous_network_test.go:70: CONTINUOUS_CANONICAL_PROGRESS label=settlement-78 elapsed=26.992810826s idle=1.580613133s sequence=64 uniquePaid=34 nativeAnchor=308
    dex_continuous_network_test.go:70: CONTINUOUS_TX height=394 block=0xe54c2d2c82ff061c020ffd010488d96b01dfcef2eaa0556121dd3d2b729e06db tx=0x824958498685a168e3a1c4b812851b0a73bf95543190573cb303a0bb37ee166a payer=0x39Cb19b89195dFE14dd617013A6FE5f54B702B1c nonce=95 op=checkpoint-replay status=1 gas=12126860 gasAtoms=19402976000000000 commonAtoms=3880595200000000 calldata=2056
    dex_continuous_network_test.go:70: CONTINUOUS_CHECKPOINT sequence=65 hash=1d10177524e7ef114252f4f6fd6c963cc55ddc7f443cc911cc0cc68edab9ce06 anchor=308/a36416f307cf21b17fa0bab27ad28899c32f850fca75bb6cc372d4130cc4d456 inbox=10..10 fee=0 rewardFee=0 rewardSupport=0
    dex_continuous_network_test.go:70: CONTINUOUS_TX height=396 block=0xd86196fadd45aa4f26e038c1097b7190326a1cfbe06f037ab3600d722648107f tx=0x9d7037d5a3a86d344dec94a55b5be091a57d453a76603e9cb2d371bd53b056c0 payer=0xc3e044AC8709aBaa9139864154A332965a92A3Cd nonce=92 op=checkpoint status=1 gas=12126404 gasAtoms=19402246400000000 commonAtoms=3880449280000000 calldata=2056
    dex_continuous_network_test.go:70: CONTINUOUS_CANONICAL_PROGRESS label=settlement-78 elapsed=31.12981412s idle=4.137003294s sequence=65 uniquePaid=34 nativeAnchor=308
    dex_continuous_network_test.go:70: CONTINUOUS_TX height=398 block=0x9c68e72b827025943d7817e6b672495581ebc190a1b4c1a2f02e1e5f7973ee1b tx=0xf54b260984e866d49bd95e4393f29514e436b6b78d57bf78429d4a307bc04214 payer=0x39Cb19b89195dFE14dd617013A6FE5f54B702B1c nonce=96 op=checkpoint-replay status=1 gas=12126404 gasAtoms=19402246400000000 commonAtoms=3880449280000000 calldata=2056
    dex_continuous_network_test.go:70: CONTINUOUS_CHECKPOINT sequence=66 hash=a3424b57cf862749ee4677b9c7cbdc2b7ef9ef16a4fd33016868dfeae7a4574a anchor=308/a36416f307cf21b17fa0bab27ad28899c32f850fca75bb6cc372d4130cc4d456 inbox=10..10 fee=0 rewardFee=0 rewardSupport=0
    dex_continuous_network_test.go:70: CONTINUOUS_TX height=400 block=0x77392895a9a6916e2f7567cbd4f6d3bc2245eca718aa0bb717d418a4e0176e9c tx=0xad93ca5568dacae10b93c950de52a168085a134eca93ee89288c8998b7f6704a payer=0xc3e044AC8709aBaa9139864154A332965a92A3Cd nonce=93 op=checkpoint status=1 gas=12126404 gasAtoms=19402246400000000 commonAtoms=3880449280000000 calldata=2056
    dex_continuous_network_test.go:70: CONTINUOUS_CANONICAL_PROGRESS label=settlement-78 elapsed=34.435787226s idle=3.305973106s sequence=66 uniquePaid=34 nativeAnchor=308
    dex_continuous_network_test.go:70: CONTINUOUS_TX height=402 block=0x35af5005cd9aa9399dccff166e5f61b21592dd857aec062fe4934e2423144688 tx=0xf0f01c1d3815c9c91d3c771ecd6cea0966882f7cfffadcec434b2f65c9d37f44 payer=0x39Cb19b89195dFE14dd617013A6FE5f54B702B1c nonce=97 op=checkpoint-replay status=1 gas=12126404 gasAtoms=19402246400000000 commonAtoms=3880449280000000 calldata=2056
    dex_continuous_network_test.go:70: CONTINUOUS_CHECKPOINT sequence=67 hash=3df64b5398ba83f2f7e74231f657c0d5c76831f0e0e527303d4ec85265730486 anchor=308/a36416f307cf21b17fa0bab27ad28899c32f850fca75bb6cc372d4130cc4d456 inbox=10..10 fee=0 rewardFee=0 rewardSupport=0
    dex_continuous_network_test.go:70: CONTINUOUS_TX height=404 block=0x8e7a1213e0991cde8d7de80f2edba34e330bde680719c1a2108a30a988181f7e tx=0x14c15266ad29b9ad99d274d6dd07ce696ecbe8f3cb0ec164a6b716c8562a1d64 payer=0xc3e044AC8709aBaa9139864154A332965a92A3Cd nonce=94 op=checkpoint status=1 gas=12126416 gasAtoms=19402265600000000 commonAtoms=3880453120000000 calldata=2056
    dex_continuous_network_test.go:70: CONTINUOUS_CANONICAL_PROGRESS label=settlement-78 elapsed=38.155728116s idle=3.71994089s sequence=67 uniquePaid=34 nativeAnchor=308
    dex_continuous_network_test.go:70: CONTINUOUS_TX height=406 block=0x70db13a4fef1c3ceace61b0091bff34ad34c6549e96ec4672de79075b1f1eb23 tx=0xdb1f86baa857c511ed6e622ff75edefad388536d31bc0ac218ee1c3b488bd963 payer=0x39Cb19b89195dFE14dd617013A6FE5f54B702B1c nonce=98 op=checkpoint-replay status=1 gas=12126416 gasAtoms=19402265600000000 commonAtoms=3880453120000000 calldata=2056
    dex_continuous_network_test.go:70: CONTINUOUS_CHECKPOINT sequence=68 hash=d2d1633c4468a5da6b0779f76967ed6989d2069dddaec6a041995587c53f9a5d anchor=308/a36416f307cf21b17fa0bab27ad28899c32f850fca75bb6cc372d4130cc4d456 inbox=10..10 fee=0 rewardFee=0 rewardSupport=0
    dex_continuous_network_test.go:70: CONTINUOUS_TX height=408 block=0x17fe89965082c0469922dd45c3ad5c1223d5d87420bf6747f01aa3a410ac7f43 tx=0xf41276d1b4b6a68649c98ee957d2aa4a079ea06445bb44037b9f5920df7de30c payer=0xc3e044AC8709aBaa9139864154A332965a92A3Cd nonce=95 op=checkpoint status=1 gas=12126404 gasAtoms=19402246400000000 commonAtoms=3880449280000000 calldata=2056
    dex_continuous_network_test.go:70: CONTINUOUS_CANONICAL_PROGRESS label=settlement-78 elapsed=41.62635404s idle=3.470625924s sequence=68 uniquePaid=34 nativeAnchor=308
    dex_continuous_network_test.go:70: CONTINUOUS_CHECKPOINT sequence=69 hash=e3530b1df4846545a5a9cc3477c138bd508f90f7c6854a52d6b27610d4cf2668 anchor=308/a36416f307cf21b17fa0bab27ad28899c32f850fca75bb6cc372d4130cc4d456 inbox=10..10 fee=40000000000000000 rewardFee=0 rewardSupport=0
    dex_continuous_network_test.go:70: CONTINUOUS_TX height=410 block=0xcaa38f083832573fa38847e46b208e153c7d488963ca3f226ecc008d1c6ea019 tx=0x603e529cee41ee43e55faa815d0c72cdb76633070144da3e86fbc61617241751 payer=0x39Cb19b89195dFE14dd617013A6FE5f54B702B1c nonce=99 op=checkpoint status=1 gas=12126452 gasAtoms=19402323200000000 commonAtoms=3880464640000000 calldata=2056
    dex_continuous_network_test.go:70: CONTINUOUS_CANONICAL_PROGRESS label=settlement-78 elapsed=45.304339177s idle=3.677985137s sequence=69 uniquePaid=34 nativeAnchor=308
    dex_continuous_network_test.go:70: CONTINUOUS_TX height=412 block=0xf50bf2308d07eea011ce4fcf7ec925563fc78d9335e95621479b7bb1282057da tx=0x1bb1f9604de217d724c23c1a13f89c114ccef5b48d4282fd9167f8f534da386f payer=0xc3e044AC8709aBaa9139864154A332965a92A3Cd nonce=96 op=checkpoint-replay status=1 gas=12126452 gasAtoms=19402323200000000 commonAtoms=3880464640000000 calldata=2056
    dex_continuous_network_test.go:70: CONTINUOUS_CHECKPOINT sequence=70 hash=d5007f98385f017485f60e3118de6b4712f3553817585bfce6a774027a918d43 anchor=308/a36416f307cf21b17fa0bab27ad28899c32f850fca75bb6cc372d4130cc4d456 inbox=10..10 fee=0 rewardFee=0 rewardSupport=0
    dex_continuous_network_test.go:70: CONTINUOUS_TX height=414 block=0x3f6fd4d49563b33d43a0102f696b859bce8dd5171a0c92f185c731e5db69993d tx=0x0db4082fb5e01f82c3827fe8ea1c929e7768f7d89fc1a8ca9f7ebd1f0c9477d4 payer=0x39Cb19b89195dFE14dd617013A6FE5f54B702B1c nonce=100 op=checkpoint status=1 gas=12126380 gasAtoms=19402208000000000 commonAtoms=3880441600000000 calldata=2056
    dex_continuous_network_test.go:70: CONTINUOUS_CANONICAL_PROGRESS label=settlement-78 elapsed=49.857754769s idle=4.553415592s sequence=70 uniquePaid=34 nativeAnchor=308
    dex_continuous_network_test.go:70: CONTINUOUS_TX height=416 block=0xd48b53ba9366aee3d727b952e9c6961b4500b003ec38e17fb6c1158c22163921 tx=0xe9d1383a67e3a4179075bb944ad177532388d4bf54d437b2ebdf076782f0f35a payer=0xc3e044AC8709aBaa9139864154A332965a92A3Cd nonce=97 op=checkpoint-replay status=1 gas=12126380 gasAtoms=19402208000000000 commonAtoms=3880441600000000 calldata=2056
    dex_continuous_network_test.go:70: CONTINUOUS_CHECKPOINT sequence=71 hash=a75b3c1e1597bd8217d4f330df491792c8adfecd365d68c1500a690059e74981 anchor=308/a36416f307cf21b17fa0bab27ad28899c32f850fca75bb6cc372d4130cc4d456 inbox=10..10 fee=0 rewardFee=0 rewardSupport=0
    dex_continuous_network_test.go:70: CONTINUOUS_TX height=418 block=0x7c6a824c4b976f6f11bf944c6405a4bab583458e155b1fb6df7e8b598ff20a6d tx=0xc4f75d49544f95aca8513fd83e57d3fb7e822564f3a11be2564f0e50c26a6092 payer=0xc3e044AC8709aBaa9139864154A332965a92A3Cd nonce=98 op=checkpoint status=1 gas=12126368 gasAtoms=19402188800000000 commonAtoms=3880437760000000 calldata=2056
    dex_continuous_network_test.go:70: CONTINUOUS_CANONICAL_PROGRESS label=settlement-78 elapsed=55.041636906s idle=5.183882137s sequence=71 uniquePaid=34 nativeAnchor=308
    dex_continuous_network_test.go:70: CONTINUOUS_TX height=420 block=0x18c741e8df58a3d4b339586e1774580f9fad7e6a9094191d8af80606d47bb02c tx=0xf639bccc0f7c43dde5ccf777e8a95b0b7eca511a06622d96fbf75abc03b8b214 payer=0x39Cb19b89195dFE14dd617013A6FE5f54B702B1c nonce=101 op=checkpoint-replay status=1 gas=12126368 gasAtoms=19402188800000000 commonAtoms=3880437760000000 calldata=2056
    dex_continuous_network_test.go:70: CONTINUOUS_CHECKPOINT sequence=72 hash=a8120a228f6964c05a63594712708fbe693e381de7c067e08a920b066a93e1bd anchor=308/a36416f307cf21b17fa0bab27ad28899c32f850fca75bb6cc372d4130cc4d456 inbox=10..10 fee=0 rewardFee=0 rewardSupport=0
    dex_continuous_network_test.go:70: CONTINUOUS_TX height=422 block=0x93c3c62a5aa16d9ed7dfc79d44c654c459ee971a06aac93fcb6cab08b89a366b tx=0x92f77902617e9ca436316f3cd54db916de36e11ee1cf28f29c0b71de523dadfc payer=0xc3e044AC8709aBaa9139864154A332965a92A3Cd nonce=99 op=checkpoint status=1 gas=12126368 gasAtoms=19402188800000000 commonAtoms=3880437760000000 calldata=2056
    dex_continuous_network_test.go:70: CONTINUOUS_CANONICAL_PROGRESS label=settlement-78 elapsed=59.150789343s idle=4.109152437s sequence=72 uniquePaid=34 nativeAnchor=308
    dex_continuous_network_test.go:70: CONTINUOUS_TX height=424 block=0x973f05e51b3fbca4b13d1e0ee6212b986cfb5b1a2a6f99e02144728fbb20be87 tx=0xc7ba7ed6c850e996c6a6a626b650fe9c3d4011a7a02bb69b2c7270e47d8e076f payer=0x39Cb19b89195dFE14dd617013A6FE5f54B702B1c nonce=102 op=checkpoint-replay status=1 gas=12126368 gasAtoms=19402188800000000 commonAtoms=3880437760000000 calldata=2056
    dex_continuous_network_test.go:70: CONTINUOUS_CHECKPOINT sequence=73 hash=e329ecd69cd3a779f776d5d078a6e44a422b9fad74c2175fc3f824aa436be192 anchor=308/a36416f307cf21b17fa0bab27ad28899c32f850fca75bb6cc372d4130cc4d456 inbox=10..10 fee=44000000000000000 rewardFee=0 rewardSupport=0
    dex_continuous_network_test.go:70: CONTINUOUS_TX height=426 block=0xae221e57e2eb642387a1eab7c28a31471f9912ebfec719be82bedd8432266d08 tx=0x48fb92ab702e66c95d516e848d53ee4bc1c4251dbfe1b19038051114ff0caf36 payer=0xc3e044AC8709aBaa9139864154A332965a92A3Cd nonce=100 op=checkpoint status=1 gas=12126440 gasAtoms=19402304000000000 commonAtoms=3880460800000000 calldata=2056
    dex_continuous_network_test.go:70: CONTINUOUS_CANONICAL_PROGRESS label=settlement-78 elapsed=1m3.705317103s idle=4.55452776s sequence=73 uniquePaid=34 nativeAnchor=308
    dex_continuous_network_test.go:70: CONTINUOUS_TX height=428 block=0x023b7710781b89b1d14223be12bb5207cd2645a57016a1b7118c199cb58554c6 tx=0x55951af8366553770101925b6d875f5889894ec3396d581e6dd47f495f285846 payer=0x39Cb19b89195dFE14dd617013A6FE5f54B702B1c nonce=103 op=checkpoint-replay status=1 gas=12126440 gasAtoms=19402304000000000 commonAtoms=3880460800000000 calldata=2056
    dex_continuous_network_test.go:70: CONTINUOUS_CHECKPOINT sequence=74 hash=8bcbe981e883dc2a2102f4d1982144b4429e601c42f69a8d02c0e76a5c6513aa anchor=308/a36416f307cf21b17fa0bab27ad28899c32f850fca75bb6cc372d4130cc4d456 inbox=10..10 fee=0 rewardFee=0 rewardSupport=1000000000000000000
    dex_continuous_network_test.go:70: CONTINUOUS_TX height=430 block=0x5d7fa671c36f3a258122047e80d9e5d51096cc9d55480f41568beb089b0ce020 tx=0xb6f131b81f64be50fe2fc50cbd9ad14efa7f4441ff8fb7ace0d59903f3ebd4de payer=0xc3e044AC8709aBaa9139864154A332965a92A3Cd nonce=101 op=checkpoint status=1 gas=12127364 gasAtoms=19403782400000000 commonAtoms=3880756480000000 calldata=2056
    dex_continuous_network_test.go:70: CONTINUOUS_CANONICAL_PROGRESS label=settlement-78 elapsed=1m8.729558638s idle=5.024241535s sequence=74 uniquePaid=34 nativeAnchor=308
    dex_continuous_network_test.go:70: CONTINUOUS_TX height=432 block=0xa56fc8912b204dd2661282162cf7c7fa6824d410b2bbe725a9c320adff8d8d85 tx=0xd4dfee0ed770382230f56b5724e807d66534d975db3990e5dba5d8f35501e27d payer=0x39Cb19b89195dFE14dd617013A6FE5f54B702B1c nonce=104 op=checkpoint-replay status=1 gas=12127364 gasAtoms=19403782400000000 commonAtoms=3880756480000000 calldata=2056
    dex_continuous_network_test.go:70: CONTINUOUS_CHECKPOINT sequence=75 hash=a0220dfc995e2b461959247f53fa61de1b3c5f9ab82c10842d4f128bc5cc8e9e anchor=308/a36416f307cf21b17fa0bab27ad28899c32f850fca75bb6cc372d4130cc4d456 inbox=10..10 fee=0 rewardFee=0 rewardSupport=0
    dex_continuous_network_test.go:70: CONTINUOUS_TX height=434 block=0x9eb3b5423ffd7688075faeafc443ae90635f8bf91f51140140bb19d09a958ab2 tx=0xac4a685d2d7877d4292c7a9563969714a3600e1c72e61c1df0486b408147ea88 payer=0xc3e044AC8709aBaa9139864154A332965a92A3Cd nonce=102 op=checkpoint status=1 gas=12126404 gasAtoms=19402246400000000 commonAtoms=3880449280000000 calldata=2056
    dex_continuous_network_test.go:70: CONTINUOUS_CANONICAL_PROGRESS label=settlement-78 elapsed=1m14.433557121s idle=5.703998483s sequence=75 uniquePaid=34 nativeAnchor=308
    dex_continuous_network_test.go:70: CONTINUOUS_TX height=436 block=0xe28406a9fa9d8cabca683b4a742139faa3255d79d411ee59433ed9cf1fda6768 tx=0xb3631d86816353eda305dd73588c8257d917f0144ef5a74259040ef5221e8678 payer=0x39Cb19b89195dFE14dd617013A6FE5f54B702B1c nonce=105 op=checkpoint-replay status=1 gas=12126404 gasAtoms=19402246400000000 commonAtoms=3880449280000000 calldata=2056
    dex_continuous_network_test.go:70: CONTINUOUS_CHECKPOINT sequence=76 hash=3ecdfd26a405cededbb93d14866a4427d293676deb164020bc51ea68b5372f6a anchor=308/a36416f307cf21b17fa0bab27ad28899c32f850fca75bb6cc372d4130cc4d456 inbox=10..10 fee=0 rewardFee=0 rewardSupport=0
    dex_continuous_network_test.go:70: CONTINUOUS_TX height=438 block=0xfee6fc221924c7c08d1d45936cffb5c1da4a8696a5585b97882392919088e0e5 tx=0x987108520b95ee05e14ace15aaa924e9d24da9c3cdfcb19a39276b010c96046b payer=0xc3e044AC8709aBaa9139864154A332965a92A3Cd nonce=103 op=checkpoint status=1 gas=12126380 gasAtoms=19402208000000000 commonAtoms=3880441600000000 calldata=2056
    dex_continuous_network_test.go:70: CONTINUOUS_CANONICAL_PROGRESS label=settlement-78 elapsed=1m20.463464759s idle=6.029907638s sequence=76 uniquePaid=34 nativeAnchor=308
    dex_continuous_network_test.go:70: CONTINUOUS_TX height=440 block=0xc17e46dc72799ac06b685935872e995a1606ea5d2dc036d40c85459eac9ec3e6 tx=0x4cf485fc6c931774faaa06f4a730a5e4aad76caab64ff37c11aa2e67bef267dd payer=0x39Cb19b89195dFE14dd617013A6FE5f54B702B1c nonce=106 op=checkpoint-replay status=1 gas=12126380 gasAtoms=19402208000000000 commonAtoms=3880441600000000 calldata=2056
    dex_continuous_network_test.go:70: CONTINUOUS_CHECKPOINT sequence=77 hash=2632ceecc18386f2e2fec418f4ed5f8fa5b5634d11f7c1eb5548bcab806e84f5 anchor=308/a36416f307cf21b17fa0bab27ad28899c32f850fca75bb6cc372d4130cc4d456 inbox=10..10 fee=0 rewardFee=0 rewardSupport=0
    dex_continuous_network_test.go:70: CONTINUOUS_TX height=442 block=0xf1ce98a02ca2f5c23438ea4e2421ce1e91b292c9c236cb3eb05365eaaf53f859 tx=0x11354f28b1308129d9a6c272e9fec49c774b93409c2f06b177cf63777a9fa51e payer=0xc3e044AC8709aBaa9139864154A332965a92A3Cd nonce=104 op=checkpoint status=1 gas=12126896 gasAtoms=19403033600000000 commonAtoms=3880606720000000 calldata=2056
    dex_continuous_network_test.go:70: CONTINUOUS_CANONICAL_PROGRESS label=settlement-78 elapsed=1m25.414422453s idle=4.950957694s sequence=77 uniquePaid=34 nativeAnchor=308
    dex_continuous_network_test.go:70: CONTINUOUS_CHECKPOINT sequence=78 hash=2fbab9e722b33fd04416da203bb9c66b79bf147905cc2b79b0f31743b59962e6 anchor=308/a36416f307cf21b17fa0bab27ad28899c32f850fca75bb6cc372d4130cc4d456 inbox=10..10 fee=0 rewardFee=20000000000000000 rewardSupport=980000000000000000
    dex_continuous_network_test.go:70: CONTINUOUS_TX height=444 block=0xa6e8e142b787238e75c7f414718529722644ff3a2a2e676db3545901f211c251 tx=0xefc281cb8a6c1f6c1e2449ad00f00dfc5515cf0bd72ce07d44e05d0d4742cc7c payer=0x39Cb19b89195dFE14dd617013A6FE5f54B702B1c nonce=107 op=checkpoint status=1 gas=12127436 gasAtoms=19403897600000000 commonAtoms=3880779520000000 calldata=2056
    dex_continuous_network_test.go:70: CONTINUOUS_CANONICAL_PROGRESS label=settlement-78 elapsed=1m29.133405282s idle=3.718982829s sequence=78 uniquePaid=34 nativeAnchor=308
    dex_continuous_network_test.go:70: CONTINUOUS_ETH_SOURCE height=444 hash=0xa6e8e142b787238e75c7f414718529722644ff3a2a2e676db3545901f211c251 root=0x9658c841e40313f9aeb74941eb5d2cf55d4a4617555ec96796508a3bbacb9fa2 normalFollow=true
    dex_continuous_network_test.go:70: NATIVE_BALANCE height=444 account=0x000000000000000000000000000000000000B123 initial=123 final=669288751360000123 delta=669288751360000000
    dex_continuous_network_test.go:70: NATIVE_BALANCE height=444 account=0x0000000000000000000000000000000000De0001 initial=0 final=330000000000000000000 delta=330000000000000000000
    dex_continuous_network_test.go:70: NATIVE_BALANCE height=444 account=0x00BB9d30903B14261B9f06cD25a8426f9B99Ab6d initial=1000000000000000000000 final=839998261760000000000 delta=-160001738240000000000
    dex_continuous_network_test.go:70: NATIVE_BALANCE height=444 account=0x0Ae2d1671275cBe32724454245C33B250Bc1C00A initial=0 final=761904761904761905 delta=761904761904761905
    dex_continuous_network_test.go:70: NATIVE_BALANCE height=444 account=0x13C2af1D12c92091dDE204553008167c7531b10F initial=1000000000000000000000000000 final=1000000000000000000000000000 delta=0
    dex_continuous_network_test.go:70: NATIVE_BALANCE height=444 account=0x2B7EAA19BDE74cE04c8491Ba6C660c7e86b37412 initial=0 final=761904761904761903 delta=761904761904761903
    dex_continuous_network_test.go:70: NATIVE_BALANCE height=444 account=0x39Cb19b89195dFE14dd617013A6FE5f54B702B1c initial=1000000000000000000000 final=998280676051200000000 delta=-1719323948800000000
    dex_continuous_network_test.go:70: NATIVE_BALANCE height=444 account=0x4F9A577C9EC4fD4A38Fa6F61375494868f55e968 initial=1000000000000000000000 final=849998261760000000000 delta=-150001738240000000000
    dex_continuous_network_test.go:70: NATIVE_BALANCE height=444 account=0x55897348AAeD81138e9a1352775638722468feA9 initial=0 final=761904761904761908 delta=761904761904761908
    dex_continuous_network_test.go:70: NATIVE_BALANCE height=444 account=0x8ecb4C3bD1885C5da4B135cD852987903EA1D831 initial=0 final=761904761904761905 delta=761904761904761905
    dex_continuous_network_test.go:70: NATIVE_BALANCE height=444 account=0x94953cddC0a9179b7e2FC062044f059122882C17 initial=0 final=761904761904761905 delta=761904761904761905
    dex_continuous_network_test.go:70: NATIVE_BALANCE height=444 account=0xB019173719a247113E5180fA2BF0540Ba5829a96 initial=0 final=761904761904761903 delta=761904761904761903
    dex_continuous_network_test.go:70: NATIVE_BALANCE height=444 account=0xa08D8d1db1A20D738faB1F48c4e2d6b60333d42B initial=77 final=77 delta=0
    dex_continuous_network_test.go:70: NATIVE_BALANCE height=444 account=0xb300b46CEa279E7dc0eAB351A0d7833f198CB5C5 initial=1000000000000000000000 final=974998290880000000000 delta=-25001709120000000000
    dex_continuous_network_test.go:70: NATIVE_BALANCE height=444 account=0xb93f3841fb9cb267C104F13a994bD987E531FFBA initial=0 final=428571428571428571 delta=428571428571428571
    dex_continuous_network_test.go:70: NATIVE_BALANCE height=444 account=0xc3e044AC8709aBaa9139864154A332965a92A3Cd initial=1000000000000000000000 final=998378065792000000000 delta=-1621934208000000000
    dex_continuous_network_test.go:70: NATIVE_LEDGER_RECONCILED height=444 custody=330000000000000000000 gas=3346443756800000000 commonReward=669288751360000000 burn=2677155005440000000 accounts=16 engine=0/0/0
    dex_continuous_network_test.go:70: CONTINUOUS_BUCKET key=F atoms=148000000000000000
    dex_continuous_network_test.go:70: CONTINUOUS_BUCKET key=I atoms=5000000000000000000
    dex_continuous_network_test.go:70: CONTINUOUS_BUCKET key=R atoms=2000000000000000000
    dex_continuous_network_test.go:70: CONTINUOUS_BUCKET key=S atoms=13104000000000000000
    dex_continuous_network_test.go:70: CONTINUOUS_BUCKET key=T atoms=289748000000000000000
    dex_continuous_network_test.go:70: CONTINUOUS_BUCKET key=U atoms=0
    dex_continuous_network_test.go:70: CONTINUOUS_BUCKET key=W atoms=20000000000000000000
    dex_continuous_network_test.go:70: CONTINUOUS_BUCKET key=Z atoms=0
    dex_continuous_network_test.go:70: CONTINUOUS_LIMITS maxCalldata=64063 maxHeaders=32 maxMPTNodes=7 maxMPTBytes=2105 operationCounts=map[anchor:25 checkpoint:78 checkpoint-replay:62 claim:34 claim-replay:14 funding-1:8 funding-2:1 funding-3:1 transfer:25]
    dex_continuous_network_test.go:70: CONTINUOUS_SETTLED DEXSequence=78 CLXAccepted=78 CLXHeight=444 root=0x9658c841e40313f9aeb74941eb5d2cf55d4a4617555ec96796508a3bbacb9fa2 custody=330000000000000000000
    dex_continuous_network_test.go:70: CONTINUOUS_CYCLE cycle=3 DEXFinalized=78 CLXAnchor=308 inbox=10 fees=148000000000000000 support=13104000000000000000 total=345000000000000000000 withdrawalReserved=30000000000000000000 rewardReserved=7000000000000000000
    dex_continuous_network_test.go:76: CONTINUOUS_DEX_RENEWED_ANCHOR phase=cycle3 finalized=79 sourceHeight=308 version=2 cursor=10
    dex_continuous_network_test.go:77: CONTINUOUS_PROGRESS_START label=settlement-78 idle=2m0s hard=2026-09-23T10:32:46.463743082Z canonical={Sequence:78 Claims:34 Anchor:308}
    dex_continuous_network_test.go:77: CONTINUOUS_TX height=446 block=0x80366271377cbec92ff27dd322b145b9fcee5ac6e99fae80a6063ab5fef3d810 tx=0xac52d6e6672ef774a94e80eeae7f9a0ac5299bc1b6f141c8cd96183b388707d8 payer=0xc3e044AC8709aBaa9139864154A332965a92A3Cd nonce=105 op=checkpoint-replay status=1 gas=12127436 gasAtoms=19403897600000000 commonAtoms=3880779520000000 calldata=2056
    dex_continuous_network_test.go:77: CONTINUOUS_ETH_SOURCE height=446 hash=0x80366271377cbec92ff27dd322b145b9fcee5ac6e99fae80a6063ab5fef3d810 root=0x39df8688c4e4c88f1391a07b20e525821219a9bf960ddd3119d4d2483b12fe25 normalFollow=true
    dex_continuous_network_test.go:77: NATIVE_BALANCE height=446 account=0x000000000000000000000000000000000000B123 initial=123 final=673169530880000123 delta=673169530880000000
    dex_continuous_network_test.go:77: NATIVE_BALANCE height=446 account=0x0000000000000000000000000000000000De0001 initial=0 final=330000000000000000000 delta=330000000000000000000
    dex_continuous_network_test.go:77: NATIVE_BALANCE height=446 account=0x00BB9d30903B14261B9f06cD25a8426f9B99Ab6d initial=1000000000000000000000 final=839998261760000000000 delta=-160001738240000000000
    dex_continuous_network_test.go:77: NATIVE_BALANCE height=446 account=0x0Ae2d1671275cBe32724454245C33B250Bc1C00A initial=0 final=761904761904761905 delta=761904761904761905
    dex_continuous_network_test.go:77: NATIVE_BALANCE height=446 account=0x13C2af1D12c92091dDE204553008167c7531b10F initial=1000000000000000000000000000 final=1000000000000000000000000000 delta=0
    dex_continuous_network_test.go:77: NATIVE_BALANCE height=446 account=0x2B7EAA19BDE74cE04c8491Ba6C660c7e86b37412 initial=0 final=761904761904761903 delta=761904761904761903
    dex_continuous_network_test.go:77: NATIVE_BALANCE height=446 account=0x39Cb19b89195dFE14dd617013A6FE5f54B702B1c initial=1000000000000000000000 final=998280676051200000000 delta=-1719323948800000000
    dex_continuous_network_test.go:77: NATIVE_BALANCE height=446 account=0x4F9A577C9EC4fD4A38Fa6F61375494868f55e968 initial=1000000000000000000000 final=849998261760000000000 delta=-150001738240000000000
    dex_continuous_network_test.go:77: NATIVE_BALANCE height=446 account=0x55897348AAeD81138e9a1352775638722468feA9 initial=0 final=761904761904761908 delta=761904761904761908
    dex_continuous_network_test.go:77: NATIVE_BALANCE height=446 account=0x8ecb4C3bD1885C5da4B135cD852987903EA1D831 initial=0 final=761904761904761905 delta=761904761904761905
    dex_continuous_network_test.go:77: NATIVE_BALANCE height=446 account=0x94953cddC0a9179b7e2FC062044f059122882C17 initial=0 final=761904761904761905 delta=761904761904761905
    dex_continuous_network_test.go:77: NATIVE_BALANCE height=446 account=0xB019173719a247113E5180fA2BF0540Ba5829a96 initial=0 final=761904761904761903 delta=761904761904761903
    dex_continuous_network_test.go:77: NATIVE_BALANCE height=446 account=0xa08D8d1db1A20D738faB1F48c4e2d6b60333d42B initial=77 final=77 delta=0
    dex_continuous_network_test.go:77: NATIVE_BALANCE height=446 account=0xb300b46CEa279E7dc0eAB351A0d7833f198CB5C5 initial=1000000000000000000000 final=974998290880000000000 delta=-25001709120000000000
    dex_continuous_network_test.go:77: NATIVE_BALANCE height=446 account=0xb93f3841fb9cb267C104F13a994bD987E531FFBA initial=0 final=428571428571428571 delta=428571428571428571
    dex_continuous_network_test.go:77: NATIVE_BALANCE height=446 account=0xc3e044AC8709aBaa9139864154A332965a92A3Cd initial=1000000000000000000000 final=998358661894400000000 delta=-1641338105600000000
    dex_continuous_network_test.go:77: NATIVE_LEDGER_RECONCILED height=446 custody=330000000000000000000 gas=3365847654400000000 commonReward=673169530880000000 burn=2692678123520000000 accounts=16 engine=0/0/0
    dex_continuous_network_test.go:77: CONTINUOUS_BUCKET key=F atoms=148000000000000000
    dex_continuous_network_test.go:77: CONTINUOUS_BUCKET key=I atoms=5000000000000000000
    dex_continuous_network_test.go:77: CONTINUOUS_BUCKET key=R atoms=2000000000000000000
    dex_continuous_network_test.go:77: CONTINUOUS_BUCKET key=S atoms=13104000000000000000
    dex_continuous_network_test.go:77: CONTINUOUS_BUCKET key=T atoms=289748000000000000000
    dex_continuous_network_test.go:77: CONTINUOUS_BUCKET key=U atoms=0
    dex_continuous_network_test.go:77: CONTINUOUS_BUCKET key=W atoms=20000000000000000000
    dex_continuous_network_test.go:77: CONTINUOUS_BUCKET key=Z atoms=0
    dex_continuous_network_test.go:77: CONTINUOUS_LIMITS maxCalldata=64063 maxHeaders=32 maxMPTNodes=7 maxMPTBytes=2105 operationCounts=map[anchor:25 checkpoint:78 checkpoint-replay:63 claim:34 claim-replay:14 funding-1:8 funding-2:1 funding-3:1 transfer:25]
    dex_continuous_network_test.go:77: CONTINUOUS_SETTLED DEXSequence=78 CLXAccepted=78 CLXHeight=446 root=0x39df8688c4e4c88f1391a07b20e525821219a9bf960ddd3119d4d2483b12fe25 custody=330000000000000000000
    dex_continuous_network_test.go:78: CONTINUOUS_SOURCE_DESCENDANT height=81 certifiedInbox=0 actualFinalized=79 importedCursor=10 targetCursor=10
    dex_continuous_network_test.go:78: CONTINUOUS_DEX_INGRESS expectedHeight=81 bytes=282
    dex_continuous_network_test.go:78: CONTINUOUS_DEX certified>=81 finalized>=0 active=7
    dex_continuous_network_test.go:78: CONTINUOUS_CERTIFIED_RECORD height=81 view=218 finalizedTip=79 anchor=308 inbox=10..10 actionBytes=282 dataRoot=f6d60ff1d5178e14d3cac342d5fb8fff2d047513e90f227e4a3ee5edf3777366 isCDXA=false NOT_FINALITY=true
    dex_continuous_network_test.go:78: CONTINUOUS_SOURCE_DESCENDANT height=82 certifiedInbox=0 actualFinalized=79 importedCursor=10 targetCursor=10
    dex_continuous_network_test.go:78: CONTINUOUS_DEX_INGRESS expectedHeight=82 bytes=282
    dex_continuous_network_test.go:78: CONTINUOUS_DEX certified>=82 finalized>=0 active=7
    dex_continuous_network_test.go:78: CONTINUOUS_CERTIFIED_RECORD height=82 view=219 finalizedTip=81 anchor=308 inbox=10..10 actionBytes=282 dataRoot=7087ef3dbb53c62b4b9bee65bd975e308edcdcf19dbfe166562f626d4b7bd837 isCDXA=false NOT_FINALITY=true
    dex_continuous_network_test.go:78: CONTINUOUS_SOURCE_DESCENDANT height=83 certifiedInbox=0 actualFinalized=81 importedCursor=10 targetCursor=10
    dex_continuous_network_test.go:78: CONTINUOUS_DEX_INGRESS expectedHeight=83 bytes=282
    dex_continuous_network_test.go:78: CONTINUOUS_DEX certified>=83 finalized>=0 active=7
    dex_continuous_network_test.go:78: CONTINUOUS_CERTIFIED_RECORD height=83 view=220 finalizedTip=82 anchor=308 inbox=10..10 actionBytes=282 dataRoot=55c3a5e65cc9539e4e7a9af54e6fa898babdcb83b0bb680b29b85cb93139752d isCDXA=false NOT_FINALITY=true
    dex_continuous_network_test.go:78: CONTINUOUS_SOURCE_DESCENDANT height=84 certifiedInbox=0 actualFinalized=82 importedCursor=10 targetCursor=10
    dex_continuous_network_test.go:78: CONTINUOUS_DEX_INGRESS expectedHeight=84 bytes=282
    dex_continuous_network_test.go:78: CONTINUOUS_DEX certified>=84 finalized>=0 active=7
    dex_continuous_network_test.go:78: CONTINUOUS_CERTIFIED_RECORD height=84 view=221 finalizedTip=83 anchor=308 inbox=10..10 actionBytes=282 dataRoot=53ccff9c790dde3de19533eac2cc10775ca6af65dd9369a3ffea651cacd92a59 isCDXA=false NOT_FINALITY=true
    dex_continuous_network_test.go:78: CONTINUOUS_SOURCE_DESCENDANT height=85 certifiedInbox=0 actualFinalized=83 importedCursor=10 targetCursor=10
    dex_continuous_network_test.go:78: CONTINUOUS_DEX_INGRESS expectedHeight=85 bytes=282
    dex_continuous_network_test.go:78: CONTINUOUS_DEX certified>=85 finalized>=0 active=7
    dex_continuous_network_test.go:78: CONTINUOUS_CERTIFIED_RECORD height=85 view=222 finalizedTip=84 anchor=308 inbox=10..10 actionBytes=282 dataRoot=dc32b8d051e52c9ef97bca937df0fc2163fd7bf64aa7dc08a4ab52ba3c8c21ad isCDXA=false NOT_FINALITY=true
    dex_continuous_network_test.go:78: CONTINUOUS_CERTIFIED_RECORD height=85 view=222 finalizedTip=84 anchor=308 inbox=10..10 actionBytes=282 dataRoot=dc32b8d051e52c9ef97bca937df0fc2163fd7bf64aa7dc08a4ab52ba3c8c21ad isCDXA=false NOT_FINALITY=true
    dex_continuous_network_test.go:78: CONTINUOUS_PARTICIPATION_CANDIDATES height=85 certifiedView=222 proposal=33e58f7a716b6665e95f759c4ddb382e50d1d8541edcfbda3925db43958305f9 selected/retained: node0=7/7 node1=7/7 node2=7/7 node3=7/7 node4=7/7 node5=7/7 node6=7/7 oldViewEvidenceRetained=true
    dex_continuous_network_test.go:78: CONTINUOUS_PARTICIPATION height=85 period=9 authenticatedParticipants=7
    dex_continuous_network_test.go:78: CONTINUOUS_DEX_INGRESS expectedHeight=86 bytes=2829
    dex_continuous_network_test.go:78: CONTINUOUS_DEX certified>=86 finalized>=0 active=7
    dex_continuous_network_test.go:78: CONTINUOUS_CERTIFIED_RECORD height=86 view=223 finalizedTip=85 anchor=308 inbox=10..10 actionBytes=2829 dataRoot=00f74ea01f20be0b0cffb2edc2053460f3b6118fb4d6b1b93389ba70851baa4c isCDXA=false NOT_FINALITY=true
    dex_continuous_network_test.go:78: CONTINUOUS_SOURCE_DESCENDANT height=87 certifiedInbox=0 actualFinalized=85 importedCursor=10 targetCursor=10
    dex_continuous_network_test.go:78: CONTINUOUS_DEX_INGRESS expectedHeight=87 bytes=282
    dex_continuous_network_test.go:78: CONTINUOUS_DEX certified>=87 finalized>=0 active=7
    dex_continuous_network_test.go:78: CONTINUOUS_CERTIFIED_RECORD height=87 view=225 finalizedTip=85 anchor=308 inbox=10..10 actionBytes=282 dataRoot=6019676453be714558eb466782da3cf9bbd7ffdbdda6035cedbca80a5a285c58 isCDXA=false NOT_FINALITY=true
    dex_continuous_network_test.go:78: CONTINUOUS_CERTIFIED_RECORD height=87 view=225 finalizedTip=85 anchor=308 inbox=10..10 actionBytes=282 dataRoot=6019676453be714558eb466782da3cf9bbd7ffdbdda6035cedbca80a5a285c58 isCDXA=false NOT_FINALITY=true
    dex_continuous_network_test.go:78: CONTINUOUS_SOURCE_INTERVAL certifiedParent=87 actualFinalized=85 anchor=308 cursor=10 total=345000000000000000000 authenticatedParent=true NOT_FINALITY=true
    dex_continuous_network_test.go:78: CONTINUOUS_DEX_INGRESS expectedHeight=88 bytes=282
    dex_continuous_network_test.go:78: CONTINUOUS_DEX certified>=88 finalized>=0 active=7
    dex_continuous_network_test.go:78: CONTINUOUS_CERTIFIED_RECORD height=88 view=226 finalizedTip=87 anchor=308 inbox=10..10 actionBytes=282 dataRoot=bad84adabe8fe76a0000ffec3c096716c7f6639ba6bc0a4c88a6a01e08db87e3 isCDXA=false NOT_FINALITY=true
    dex_continuous_network_test.go:78: CONTINUOUS_DEX_INGRESS expectedHeight=89 bytes=282
    dex_continuous_network_test.go:78: CONTINUOUS_DEX certified>=89 finalized>=0 active=7
    dex_continuous_network_test.go:78: CONTINUOUS_CERTIFIED_RECORD height=89 view=227 finalizedTip=88 anchor=308 inbox=10..10 actionBytes=282 dataRoot=56823501576783bbde30379cccbc583d0fbfdd2e182cf76e7525d720d4ec4099 isCDXA=false NOT_FINALITY=true
    dex_continuous_network_test.go:78: CONTINUOUS_DEX_INGRESS expectedHeight=90 bytes=282
    dex_continuous_network_test.go:78: CONTINUOUS_DEX certified>=90 finalized>=0 active=7
    dex_continuous_network_test.go:78: CONTINUOUS_CERTIFIED_RECORD height=90 view=228 finalizedTip=89 anchor=308 inbox=10..10 actionBytes=282 dataRoot=835e421d71a03c9aa2a44774620e1db4880dbf6c44784b68ae0a6f30b50eb7ee isCDXA=false NOT_FINALITY=true
    dex_continuous_network_test.go:78: CONTINUOUS_DEX_INGRESS expectedHeight=91 bytes=282
    dex_continuous_network_test.go:78: CONTINUOUS_DEX certified>=91 finalized>=0 active=7
    dex_continuous_network_test.go:78: CONTINUOUS_CERTIFIED_RECORD height=91 view=229 finalizedTip=90 anchor=308 inbox=10..10 actionBytes=282 dataRoot=b02fe8a5aa1dc5560b643f81688008ee76e59788b593083965636423d5c4b269 isCDXA=false NOT_FINALITY=true
    dex_continuous_network_test.go:78: CONTINUOUS_DEX_INGRESS expectedHeight=92 bytes=282
    dex_continuous_network_test.go:78: CONTINUOUS_DEX certified>=92 finalized>=0 active=7
    dex_continuous_network_test.go:78: CONTINUOUS_CERTIFIED_RECORD height=92 view=230 finalizedTip=91 anchor=308 inbox=10..10 actionBytes=282 dataRoot=0b371ace75159b81bd1edf26c5b164a475239030db2900fe5fa63ee49c531d13 isCDXA=false NOT_FINALITY=true
    dex_continuous_network_test.go:78: CONTINUOUS_DEX_INGRESS expectedHeight=93 bytes=282
    dex_continuous_network_test.go:78: CONTINUOUS_DEX certified>=93 finalized>=0 active=7
    dex_continuous_network_test.go:78: CONTINUOUS_CERTIFIED_RECORD height=93 view=231 finalizedTip=92 anchor=308 inbox=10..10 actionBytes=282 dataRoot=165da3c845c2be881390e5de5d009afb300ee3588db28285c349fdf5d13a8e11 isCDXA=false NOT_FINALITY=true
    dex_continuous_network_test.go:78: CONTINUOUS_DEX certified>=93 finalized>=84 active=7
    dex_continuous_network_test.go:78: CONTINUOUS_DEX_INGRESS expectedHeight=94 bytes=20761
    dex_continuous_network_test.go:78: CONTINUOUS_DEX certified>=94 finalized>=0 active=7
    dex_continuous_network_test.go:78: CONTINUOUS_CERTIFIED_RECORD height=94 view=232 finalizedTip=93 anchor=308 inbox=10..10 actionBytes=20761 dataRoot=be24127aebd4316b9fb575051bd991996e8ad0cdc0925e625ace89bf91f96f6a isCDXA=false NOT_FINALITY=true
    dex_continuous_network_test.go:78: CONTINUOUS_REWARD_CLOSE period=8 actionHeight=94 packageBytes=20761 participants=7 grace=84
    dex_continuous_network_test.go:78: CONTINUOUS_DEX_INGRESS expectedHeight=95 bytes=282
    dex_continuous_network_test.go:78: CONTINUOUS_DEX certified>=95 finalized>=0 active=7
    dex_continuous_network_test.go:78: CONTINUOUS_CERTIFIED_RECORD height=95 view=233 finalizedTip=94 anchor=308 inbox=10..10 actionBytes=282 dataRoot=8dba5f92a81291e31afdd5b8b3f4e64f91b0d939bfaee7de7a1838d680686712 isCDXA=false NOT_FINALITY=true
    dex_continuous_network_test.go:78: CONTINUOUS_CERTIFIED_RECORD height=95 view=233 finalizedTip=94 anchor=308 inbox=10..10 actionBytes=282 dataRoot=8dba5f92a81291e31afdd5b8b3f4e64f91b0d939bfaee7de7a1838d680686712 isCDXA=false NOT_FINALITY=true
    dex_continuous_network_test.go:78: CONTINUOUS_PARTICIPATION_CANDIDATES height=95 certifiedView=233 proposal=d339881c9ddd7be2ac3c3405aa93e694f10e158a3ca0f3fa8c9d1c83451cc52f selected/retained: node0=7/7 node1=7/7 node2=7/7 node3=7/7 node4=7/7 node5=7/7 node6=7/7 oldViewEvidenceRetained=true
    dex_continuous_network_test.go:78: CONTINUOUS_PARTICIPATION height=95 period=10 authenticatedParticipants=7
    dex_continuous_network_test.go:78: CONTINUOUS_DEX_INGRESS expectedHeight=96 bytes=2829
    dex_continuous_network_test.go:78: CONTINUOUS_DEX certified>=96 finalized>=0 active=7
    dex_continuous_network_test.go:78: CONTINUOUS_CERTIFIED_RECORD height=96 view=234 finalizedTip=95 anchor=308 inbox=10..10 actionBytes=2829 dataRoot=eda9f7a64a79374dcb788af80f84f23e41e571fff1ce18c23d1391ad871e4ab5 isCDXA=false NOT_FINALITY=true
    dex_continuous_network_test.go:78: CONTINUOUS_DEX_INGRESS expectedHeight=97 bytes=282
    dex_continuous_network_test.go:78: CONTINUOUS_DEX certified>=97 finalized>=0 active=7
    dex_continuous_network_test.go:78: CONTINUOUS_CERTIFIED_RECORD height=97 view=235 finalizedTip=96 anchor=308 inbox=10..10 actionBytes=282 dataRoot=472c467ec9c1f9216996cf33b758d4c644b3319760f7a8bafc0fcc068006f902 isCDXA=false NOT_FINALITY=true
    dex_continuous_economy_test.go:364: CONTINUOUS_DEX certified>=97 finalized>=94 active=7
    dex_continuous_economy_test.go:364: CONTINUOUS_DEX_INGRESS expectedHeight=98 bytes=20761
    dex_continuous_economy_test.go:364: CONTINUOUS_DEX certified>=98 finalized>=0 active=7
    dex_continuous_economy_test.go:364: CONTINUOUS_CERTIFIED_RECORD height=98 view=236 finalizedTip=97 anchor=308 inbox=10..10 actionBytes=20761 dataRoot=0a17122934d02ea9a23f06b023ee425969a09351936bda8c8d82efbc19817929 isCDXA=false NOT_FINALITY=true
    dex_continuous_economy_test.go:364: CONTINUOUS_REWARD_CLOSE period=9 actionHeight=98 packageBytes=20761 participants=7 grace=94
    dex_continuous_economy_test.go:365: CONTINUOUS_DEX_INGRESS expectedHeight=99 bytes=282
    dex_continuous_economy_test.go:365: CONTINUOUS_DEX certified>=99 finalized>=0 active=7
    dex_continuous_economy_test.go:365: CONTINUOUS_CERTIFIED_RECORD height=99 view=238 finalizedTip=98 anchor=308 inbox=10..10 actionBytes=282 dataRoot=b7e0bd32116622b3f503837c1ef699d1caa758415bb6b581b4201624b1ecd5f8 isCDXA=false NOT_FINALITY=true
    dex_continuous_economy_test.go:366: CONTINUOUS_DEX_INGRESS expectedHeight=100 bytes=282
    dex_continuous_economy_test.go:366: CONTINUOUS_DEX certified>=100 finalized>=0 active=7
    dex_continuous_economy_test.go:366: CONTINUOUS_CERTIFIED_RECORD height=100 view=239 finalizedTip=99 anchor=308 inbox=10..10 actionBytes=282 dataRoot=6ec27cf8a66066dd9c69aa69f88041439042c794e2f98e4bbb3545ac82fea9be isCDXA=false NOT_FINALITY=true
    dex_continuous_economy_test.go:367: CONTINUOUS_DEX certified>=100 finalized>=98 active=7
    dex_continuous_network_test.go:78: CONTINUOUS_CYCLE cycle=4 DEXFinalized=98 CLXAnchor=308 inbox=10 fees=190000000000000000 support=11146000000000000000 total=345000000000000000000 withdrawalReserved=40000000000000000000 rewardReserved=9000000000000000000
    dex_continuous_network_test.go:80: CONTINUOUS_DEX_INGRESS expectedHeight=101 bytes=282
    dex_continuous_network_test.go:80: CONTINUOUS_DEX certified>=101 finalized>=0 active=7
    dex_continuous_network_test.go:80: CONTINUOUS_CERTIFIED_RECORD height=101 view=240 finalizedTip=100 anchor=308 inbox=10..10 actionBytes=282 dataRoot=45e059dbcebc2d7f6b834e69f3a1fa9dd16d858c9f5a296cc4c48ce65b48fdab isCDXA=false NOT_FINALITY=true
    dex_continuous_network_test.go:80: CONTINUOUS_DEX_INGRESS expectedHeight=102 bytes=282
    dex_continuous_network_test.go:80: CONTINUOUS_DEX certified>=102 finalized>=0 active=7
    dex_continuous_network_test.go:80: CONTINUOUS_CERTIFIED_RECORD height=102 view=241 finalizedTip=101 anchor=308 inbox=10..10 actionBytes=282 dataRoot=432f445df6d7242ceff2c2295339d8a339152789147305ed8e1604cfc824b0e3 isCDXA=false NOT_FINALITY=true
    dex_continuous_network_test.go:80: CONTINUOUS_DEX_INGRESS expectedHeight=103 bytes=282
    dex_continuous_network_test.go:80: CONTINUOUS_DEX certified>=103 finalized>=0 active=7
    dex_continuous_network_test.go:80: CONTINUOUS_CERTIFIED_RECORD height=103 view=242 finalizedTip=102 anchor=308 inbox=10..10 actionBytes=282 dataRoot=7779181457d5c7fb670239ed0290a4c8edbebba0a30475b7aab3b64ae8f22bcf isCDXA=false NOT_FINALITY=true
    dex_continuous_network_test.go:80: CONTINUOUS_DEX_INGRESS expectedHeight=104 bytes=282
    dex_continuous_network_test.go:80: CONTINUOUS_DEX certified>=104 finalized>=0 active=7
    dex_continuous_network_test.go:80: CONTINUOUS_CERTIFIED_RECORD height=104 view=243 finalizedTip=103 anchor=308 inbox=10..10 actionBytes=282 dataRoot=5ef74a99e72b8cc5f893ce2ad86a3a181c7847ddede6a3413dd64feaca88f3e4 isCDXA=false NOT_FINALITY=true
    dex_continuous_network_test.go:80: CONTINUOUS_DEX_INGRESS expectedHeight=105 bytes=282
    dex_continuous_network_test.go:80: ordinary DEX status observation explicit DEX failure: DEX persistence failed; signing disabled: DEX WAL byte budget exhausted
    fhs_process_recovery_test.go:236: validator 1186650 complete log: /tmp/fhs-process-failure-4276540799.log
    fhs_process_recovery_test.go:241: validator 1186650 log tail:
        23T12:05:26+0200 lvl=warn msg=GetBlockByNumer                         number=442
        t=2026-09-23T12:05:26+0200 lvl=warn msg=GetBlockByNumer                         number=1
        t=2026-09-23T12:05:26+0200 lvl=warn msg=GetBlockByNumer                         number=1
        t=2026-09-23T12:05:26+0200 lvl=warn msg=GetBlockByNumer                         number=442
        t=2026-09-23T12:05:27+0200 lvl=warn msg=GetBlockByNumer                         number=1
        t=2026-09-23T12:05:27+0200 lvl=warn msg=GetBlockByNumer                         number=1
        t=2026-09-23T12:05:27+0200 lvl=warn msg=GetBlockByNumer                         number=442
        t=2026-09-23T12:05:27+0200 lvl=warn msg=GetBlockByNumer                         number=1
        t=2026-09-23T12:05:27+0200 lvl=warn msg=GetBlockByNumer                         number=1
        t=2026-09-23T12:05:27+0200 lvl=warn msg=GetBlockByNumer                         number=442
        t=2026-09-23T12:05:28+0200 lvl=warn msg=GetBlockByNumer                         number=1
        t=2026-09-23T12:05:28+0200 lvl=warn msg=GetBlockByNumer                         number=1
        t=2026-09-23T12:05:28+0200 lvl=warn msg=GetBlockByNumer                         number=442
        t=2026-09-23T12:05:28+0200 lvl=info msg="HOTSTUFF PROPOSAL MANIFEST stored"     from=127.0.0.1:53415 number=444 proposalID=0xf815fec78592b3a5f20ed5c85ca4d68e093751f5f89b7ea919ac328acdb358fb manifestBytes=1222 missing=1 bodyBytes=3356
        t=2026-09-23T12:05:28+0200 lvl=eror msg="OnPropose wait proposal body"          number=444 proposalID=0xf815fec78592b3a5f20ed5c85ca4d68e093751f5f89b7ea919ac328acdb358fb err="hotstuff view state too old"
        t=2026-09-23T12:05:28+0200 lvl=warn msg="reject new-view before storage"        from=127.0.0.1:53415 viewID=0xfa77723b0473cf6e6dfaabb30170ec5c3d5040aef464cdeed21151bad1f29545 err="hotstuff proposal validation pending"
        t=2026-09-23T12:05:28+0200 lvl=warn msg="reject new-view before storage"        from=127.0.0.1:45292 viewID=0xfa77723b0473cf6e6dfaabb30170ec5c3d5040aef464cdeed21151bad1f29545 err="hotstuff proposal validation pending"
        t=2026-09-23T12:05:28+0200 lvl=warn msg=GetBlockByNumer                         number=1
        t=2026-09-23T12:05:28+0200 lvl=warn msg="reject new-view before storage"        from=127.0.0.1:37609 viewID=0xfa77723b0473cf6e6dfaabb30170ec5c3d5040aef464cdeed21151bad1f29545 err="hotstuff proposal validation pending"
        t=2026-09-23T12:05:28+0200 lvl=warn msg="reject new-view before storage"        from=127.0.0.1:58893 viewID=0xfa77723b0473cf6e6dfaabb30170ec5c3d5040aef464cdeed21151bad1f29545 err="hotstuff proposal validation pending"
        t=2026-09-23T12:05:28+0200 lvl=warn msg="reject new-view before storage"        from=127.0.0.1:49731 viewID=0xfa77723b0473cf6e6dfaabb30170ec5c3d5040aef464cdeed21151bad1f29545 err="hotstuff proposal validation pending"
        t=2026-09-23T12:05:28+0200 lvl=warn msg=GetBlockByNumer                         number=1
        t=2026-09-23T12:05:28+0200 lvl=warn msg=GetBlockByNumer                         number=442
        t=2026-09-23T12:05:28+0200 lvl=warn msg="reject new-view before storage"        from=127.0.0.1:33175 viewID=0xfa77723b0473cf6e6dfaabb30170ec5c3d5040aef464cdeed21151bad1f29545 err="hotstuff proposal validation pending"
        t=2026-09-23T12:05:28+0200 lvl=warn msg=GetBlockByNumer                         number=246
        t=2026-09-23T12:05:28+0200 lvl=info msg="HOTSTUFF PROPOSAL REF"                 number=445 viewID=0xfa77723b0473cf6e6dfaabb30170ec5c3d5040aef464cdeed21151bad1f29545 proposalID=0x6f16bf0340ac3a87293b98bb463545ec1988ac76372b9441d905f4f78413b6c6 blockHash=0xe54c0f8d1fb469f3433f94a6dd5e46bac00726104dda45a1f9245eda467a4e30 bodyHash=0xdb8753f563b1973a2f8ac957fc5e20495f5a37a085304d55fa5cd85b44873d12 bodySize=832   refBytes=443
        t=2026-09-23T12:05:29+0200 lvl=warn msg=GetBlockByNumer                         number=1
        t=2026-09-23T12:05:29+0200 lvl=warn msg=GetBlockByNumer                         number=1
        t=2026-09-23T12:05:29+0200 lvl=warn msg=GetBlockByNumer                         number=443
        t=2026-09-23T12:05:29+0200 lvl=info msg="HOTSTUFF PROPOSAL MANIFEST stored"     from=127.0.0.1:33175 number=446 proposalID=0xdfb71cd2261153de35fcde637f9c87fc7ff52aa9a4dbf58f1c1263650bb9e7ab manifestBytes=1222 missing=0 bodyBytes=3356
        t=2026-09-23T12:05:29+0200 lvl=warn msg="HandleConn drops connection: closed"   address=127.0.0.1:35288 remot=127.0.0.1:33175
        t=2026-09-23T12:05:29+0200 lvl=warn msg=GetBlockByNumer                         number=1
        t=2026-09-23T12:05:29+0200 lvl=warn msg=GetBlockByNumer                         number=1
        t=2026-09-23T12:05:29+0200 lvl=warn msg=GetBlockByNumer                         number=444
        t=2026-09-23T12:05:29+0200 lvl=warn msg=GetBlockByNumer                         number=1
        t=2026-09-23T12:05:29+0200 lvl=warn msg=GetBlockByNumer                         number=444
        t=2026-09-23T12:05:29+0200 lvl=info msg="HOTSTUFF PROPOSAL MANIFEST stored"     from=127.0.0.1:58893 number=447 proposalID=0xf2e9c7a620d624287689e6579b98857e7157243c20a3e08504247fe13144d41e manifestBytes=832  missing=0 bodyBytes=832
        t=2026-09-23T12:05:29+0200 lvl=warn msg=GetBlockByNumer                         number=1
        t=2026-09-23T12:05:29+0200 lvl=warn msg=GetBlockByNumer                         number=444
        t=2026-09-23T12:05:30+0200 lvl=warn msg=GetBlockByNumer                         number=1
        t=2026-09-23T12:05:30+0200 lvl=warn msg=GetBlockByNumer                         number=1
        t=2026-09-23T12:05:30+0200 lvl=warn msg=GetBlockByNumer                         number=1
        t=2026-09-23T12:05:30+0200 lvl=warn msg=GetBlockByNumer                         number=446
        t=2026-09-23T12:05:30+0200 lvl=warn msg=GetBlockByNumer                         number=1
        t=2026-09-23T12:05:30+0200 lvl=warn msg=GetBlockByNumer                         number=446
        t=2026-09-23T12:05:30+0200 lvl=warn msg=GetBlockByNumer                         number=1
        t=2026-09-23T12:05:30+0200 lvl=warn msg=GetBlockByNumer                         number=446
        t=2026-09-23T12:05:32+0200 lvl=info msg="HOTSTUFF PROPOSAL MANIFEST stored"     from=127.0.0.1:33175 number=448 proposalID=0x7671fb205ca41cfbfd194d9680cc56080fdb0fbcce09218f8596549ae9fcd5b2 manifestBytes=1221 missing=0 bodyBytes=1655
        t=2026-09-23T12:05:32+0200 lvl=info msg="HOTSTUFF PROPOSAL MANIFEST stored"     from=127.0.0.1:58893 number=449 proposalID=0x885160ebe61b36cedd7a29746247e3b1e8a825a84165a0403789e928c9d1d7bf manifestBytes=832  missing=0 bodyBytes=832
        t=2026-09-23T12:05:33+0200 lvl=info msg="HOTSTUFF PROPOSAL MANIFEST stored"     from=127.0.0.1:53415 number=450 proposalID=0xc760133339cba2b972c7dd75c7e641d860d86e1f870658e561df17363b24fde9 manifestBytes=1221 missing=0 bodyBytes=1655
        t=2026-09-23T12:05:33+0200 lvl=warn msg="HandleConn drops connection: closed"   address=127.0.0.1:35288 remot=127.0.0.1:53415
        t=2026-09-23T12:05:34+0200 lvl=info msg="HOTSTUFF PROPOSAL MANIFEST stored"     from=127.0.0.1:49731 number=451 proposalID=0x90847ec3a45154714a762f331433f02990be059bb04bb3c3802a9fa481e7da72 manifestBytes=832  missing=0 bodyBytes=832
        t=2026-09-23T12:05:36+0200 lvl=info msg="HOTSTUFF PROPOSAL MANIFEST stored"     from=127.0.0.1:37609 number=452 proposalID=0x054e597e6068c9e392ccbe8edb3a12f04b4779f19e5d1501bf171da1d927830e manifestBytes=1222 missing=0 bodyBytes=3356
        t=2026-09-23T12:05:37+0200 lvl=info msg="HOTSTUFF PROPOSAL MANIFEST stored"     from=127.0.0.1:58893 number=453 proposalID=0x0d92196a765a6877f19b426825eaa07fd3c3944e3a3f54ce74a8e397c8fc165e manifestBytes=832  missing=0 bodyBytes=832
        t=2026-09-23T12:05:41+0200 lvl=info msg="HOTSTUFF PROPOSAL MANIFEST stored"     from=127.0.0.1:37609 number=454 proposalID=0x118d5ab559114524b4237d4f61a12f24dec5665ca551bc81414af1893e3e4ff6 manifestBytes=1221 missing=0 bodyBytes=1655
        t=2026-09-23T12:05:41+0200 lvl=info msg="HOTSTUFF PROPOSAL MANIFEST stored"     from=127.0.0.1:33175 number=455 proposalID=0x1a2f8c8c5fd34e3f98c287fb230ba963717b5a810dc532e48526ad7d67926ec8 manifestBytes=1221 missing=0 bodyBytes=1655
        t=2026-09-23T12:05:41+0200 lvl=info msg="HOTSTUFF PROPOSAL MANIFEST stored"     from=127.0.0.1:49731 number=456 proposalID=0x7a912c702b8f11ef64ad6710a0b8696d46782c5404baf6af02f28b3762a644f0 manifestBytes=832  missing=0 bodyBytes=832
        t=2026-09-23T12:05:44+0200 lvl=info msg="HOTSTUFF PROPOSAL MANIFEST stored"     from=127.0.0.1:49731 number=457 proposalID=0xf403785bf88e678261dd8680461b7368cdef4bf1ac171aa698f5b81ad25a6796 manifestBytes=1222 missing=0 bodyBytes=3880
        t=2026-09-23T12:05:44+0200 lvl=warn msg=GetBlockByNumer                         number=246
        t=2026-09-23T12:05:44+0200 lvl=info msg="HOTSTUFF PROPOSAL REF"                 number=458 viewID=0x75b269e047508d8122cdafde0ca6fe0243e4a095789ae4e16171f33e50a4ea36 proposalID=0x4ecbac17c44098af0e7ef7ce3f618d16fad39d9a665bfcfef722311eb75943b8 blockHash=0xb4874774315face57b24c4565aa9e71850e1e08043d458f6964b85975b4d154e bodyHash=0xae1f6a2922f31598d2dc5bed1088e01bf69689fbb8a9c2314aa751c56002d82f bodySize=832   refBytes=443
        t=2026-09-23T12:05:44+0200 lvl=warn msg="Send msg try again"                    address=[::]:35288      Couldn't send to=127.0.0.1:33175 error="Operation Canceled"
        t=2026-09-23T12:05:44+0200 lvl=warn msg="Send msg try again"                    address=[::]:35288      Couldn't send to=127.0.0.1:45292 error="Operation Canceled"
        t=2026-09-23T12:05:44+0200 lvl=warn msg="Send msg try again"                    address=[::]:35288      Couldn't send to=127.0.0.1:49731 error="Operation Canceled"
        t=2026-09-23T12:05:44+0200 lvl=eror msg=CloseConnect                            =[::]:35288 having error closing conn to=127.0.0.1:49731 error="Connection Closed"
        t=2026-09-23T12:05:44+0200 lvl=eror msg=CloseConnect                            =[::]:35288 having error closing conn to=127.0.0.1:50213 error="Connection Closed"
        t=2026-09-23T12:05:44+0200 lvl=warn msg="Send msg try again"                    address=[::]:35288      Couldn't send to=127.0.0.1:37609 error="Operation Canceled"
        t=2026-09-23T12:05:44+0200 lvl=eror msg=CloseConnect                            =[::]:35288 having error closing conn to=127.0.0.1:58477 error="Connection Closed"
        t=2026-09-23T12:05:44+0200 lvl=eror msg=CloseConnect                            =[::]:35288 having error closing conn to=127.0.0.1:37609 error="Connection Closed"
        t=2026-09-23T12:05:44+0200 lvl=warn msg="HotStuff message rejected"             from=                code=MsgTryPropose number=0   viewID=0x0000000000000000000000000000000000000000000000000000000000000000 err="hotstuff invalid leader view"
        t=2026-09-23T12:05:44+0200 lvl=warn msg="reject new-view before storage"        from=127.0.0.1:58893 viewID=0x75b269e047508d8122cdafde0ca6fe0243e4a095789ae4e16171f33e50a4ea36 err="hotstuff view state too old"
        t=2026-09-23T12:05:45+0200 lvl=info msg="HOTSTUFF PROPOSAL MANIFEST stored"     from=127.0.0.1:49731 number=459 proposalID=0x0d7b52dff09c718f5e1cb13c1642f3dc5dec30bbd56b3486a8169253ac987f5c manifestBytes=1222 missing=0 bodyBytes=3880
        t=2026-09-23T12:05:45+0200 lvl=warn msg="reject new-view before storage"        from=127.0.0.1:49731 viewID=0xdd16bd66f7f60c633388473b6ca8024bcd7369fa0c2943c124ad26b2427c1857 err="hotstuff proposal validation pending"
        t=2026-09-23T12:05:45+0200 lvl=warn msg=GetBlockByNumer                         number=246
        t=2026-09-23T12:05:45+0200 lvl=info msg="HOTSTUFF PROPOSAL REF"                 number=460 viewID=0xdd16bd66f7f60c633388473b6ca8024bcd7369fa0c2943c124ad26b2427c1857 proposalID=0xcb1e9ccc3bcdfcb482ba0ccc16457227744863d2f677d754d72d7c0980f2b115 blockHash=0x78a6e81456aba61403535e15ca93e857de49b17446e09243c80ad005b135ea5f bodyHash=0x2bb6942bf26e6eb9b2455ff48d609951e567719945f15c16e723d2b26b795d04 bodySize=832   refBytes=443
        t=2026-09-23T12:05:45+0200 lvl=warn msg="reject new-view before storage"        from=127.0.0.1:58893 viewID=0xdd16bd66f7f60c633388473b6ca8024bcd7369fa0c2943c124ad26b2427c1857 err="hotstuff view state too old"
        t=2026-09-23T12:05:48+0200 lvl=info msg="HOTSTUFF PROPOSAL MANIFEST stored"     from=127.0.0.1:33175 number=461 proposalID=0x1e1157b95b434ad6cb422ba6141d64c4dc28ebf646aaea23a3e569c47835e659 manifestBytes=1221 missing=0 bodyBytes=1655
        t=2026-09-23T12:05:48+0200 lvl=warn msg="HotStuff message rejected"             from=                code=MsgTryPropose number=0   viewID=0x0000000000000000000000000000000000000000000000000000000000000000 err="hotstuff invalid leader view"
        t=2026-09-23T12:05:48+0200 lvl=warn msg=GetBlockByNumer                         number=246
        t=2026-09-23T12:05:48+0200 lvl=info msg="HOTSTUFF PROPOSAL REF"                 number=462 viewID=0x581fbd0daf259eb75b9232b1f6f86ed1c101bbb770bc256e321fae5c15fa5e64 proposalID=0x7ad087789f2c614b9ffe47c4d384ea2ed6398d66893c52cf3e8e51731fd2a9c0 blockHash=0x45f3c64700dea02878aaeb113ba883f62fc61ac227adc188dcb2421b57eb30ac bodyHash=0x9a20f601b5f9d932deb11639fdfe862afc5efb38a29b762e2d9a6f3614f71688 bodySize=1655  refBytes=446
        t=2026-09-23T12:05:49+0200 lvl=info msg="HOTSTUFF PROPOSAL MANIFEST stored"     from=127.0.0.1:37609 number=463 proposalID=0xc08d2c8ded34aff980737c9a0682601c27f16b20ffa9bef5f87057a014df4d5f manifestBytes=832  missing=0 bodyBytes=832
        t=2026-09-23T12:05:52+0200 lvl=info msg="HOTSTUFF PROPOSAL MANIFEST stored"     from=127.0.0.1:45292 number=464 proposalID=0xda40fa452942cf67caeec24c36e0f75a32e3dfbaa3f3fb7fbc7f87ca0533b0c2 manifestBytes=1222 missing=1 bodyBytes=3356
        t=2026-09-23T12:05:52+0200 lvl=eror msg="OnPropose wait proposal body"          number=464 proposalID=0xda40fa452942cf67caeec24c36e0f75a32e3dfbaa3f3fb7fbc7f87ca0533b0c2 err="hotstuff view state too old"
        t=2026-09-23T12:05:52+0200 lvl=warn msg="HOTSTUFF PROPOSAL MANIFEST authority rejected" from=127.0.0.1:37609 leader=127.0.0.1:37609 number=465 proposalID=0x2aad5c35a5fbf69519f874335aab0b7e54239a97b8f9dad005c0fdcaacb286d2 err="proposal manifest does not match the current deterministic leader route: manifest key committee is already canonical but is not the current route"
        t=2026-09-23T12:05:53+0200 lvl=eror msg="OnPropose wait proposal body"          number=465 proposalID=0x2aad5c35a5fbf69519f874335aab0b7e54239a97b8f9dad005c0fdcaacb286d2 err="hotstuff view state too old"
        t=2026-09-23T12:05:53+0200 lvl=info msg="HOTSTUFF PROPOSAL REPAIR REQUEST"      to=127.0.0.1:37609 number=465 proposalID=0x2aad5c35a5fbf69519f874335aab0b7e54239a97b8f9dad005c0fdcaacb286d2 missing=0 attempt=0
        t=2026-09-23T12:05:53+0200 lvl=info msg="HOTSTUFF PROPOSAL MANIFEST stored"     from=127.0.0.1:37609 number=465 proposalID=0x2aad5c35a5fbf69519f874335aab0b7e54239a97b8f9dad005c0fdcaacb286d2 manifestBytes=832  missing=0 bodyBytes=832
        t=2026-09-23T12:05:53+0200 lvl=info msg="HOTSTUFF PROPOSAL MANIFEST stored"     from=127.0.0.1:37609 number=466 proposalID=0xf9508cf7385b5b2075fba48a90b34e60e4e695c146537efef1cb8f4fbb0dd380 manifestBytes=1222 missing=0 bodyBytes=3356
        t=2026-09-23T12:05:54+0200 lvl=info msg="HOTSTUFF PROPOSAL MANIFEST stored"     from=127.0.0.1:58893 number=467 proposalID=0x00e469bcd9743cc9c7dbc481bbbb5e640a150ff12ebf085a7d4ced74ea9dfbd6 manifestBytes=832  missing=0 bodyBytes=832
        t=2026-09-23T12:05:57+0200 lvl=info msg="HOTSTUFF PROPOSAL MANIFEST stored"     from=127.0.0.1:33175 number=468 proposalID=0x89a4bf0618606b8fdb929d807b8bddcb57d9f641e9ac1e66f1564dfffdada3cc manifestBytes=1221 missing=0 bodyBytes=1655
        t=2026-09-23T12:05:57+0200 lvl=warn msg="HandleConn drops connection: closed"   address=127.0.0.1:35288 remot=127.0.0.1:33175
        t=2026-09-23T12:05:57+0200 lvl=info msg="HOTSTUFF PROPOSAL MANIFEST stored"     from=127.0.0.1:33175 number=468 proposalID=0x89a4bf0618606b8fdb929d807b8bddcb57d9f641e9ac1e66f1564dfffdada3cc manifestBytes=1221 missing=0 bodyBytes=1655
        t=2026-09-23T12:05:57+0200 lvl=warn msg="reject new-view before storage"        from=127.0.0.1:58893 viewID=0x98c01835a02c053ba00ac805b1f1427388e75c8553945cbc843e64622f63d075 err="hotstuff proposal validation pending"
        t=2026-09-23T12:05:57+0200 lvl=warn msg="reject new-view before storage"        from=127.0.0.1:53415 viewID=0x98c01835a02c053ba00ac805b1f1427388e75c8553945cbc843e64622f63d075 err="hotstuff proposal validation pending"
        t=2026-09-23T12:05:57+0200 lvl=warn msg="reject new-view before storage"        from=127.0.0.1:33175 viewID=0x98c01835a02c053ba00ac805b1f1427388e75c8553945cbc843e64622f63d075 err="hotstuff proposal validation pending"
        t=2026-09-23T12:05:57+0200 lvl=warn msg="reject new-view before storage"        from=127.0.0.1:45292 viewID=0x98c01835a02c053ba00ac805b1f1427388e75c8553945cbc843e64622f63d075 err="hotstuff proposal validation pending"
        t=2026-09-23T12:05:58+0200 lvl=warn msg=GetBlockByNumer                         number=246
        t=2026-09-23T12:05:58+0200 lvl=info msg="HOTSTUFF PROPOSAL REF"                 number=469 viewID=0x98c01835a02c053ba00ac805b1f1427388e75c8553945cbc843e64622f63d075 proposalID=0x6d222bcff31c27eff64cdfe2fd4b9f8ee17623b1c9d1d860d8f178f67e133e6c blockHash=0x7e45054c906ee6216faa854da5352b6f3741e7b41982cbf535b2c01322cfe6b2 bodyHash=0x65e722b0ee85e92aef98b7538d877cce6db3d7992898170b5f4a98d19a0b4f17 bodySize=832   refBytes=443
        t=2026-09-23T12:05:59+0200 lvl=info msg="HOTSTUFF PROPOSAL MANIFEST stored"     from=127.0.0.1:33175 number=470 proposalID=0x09afa455a459b7efb738f851466857a146dd049a79dac78d61ecd746cb04b71a manifestBytes=1221 missing=0 bodyBytes=1655
        t=2026-09-23T12:06:00+0200 lvl=info msg="HOTSTUFF PROPOSAL MANIFEST stored"     from=127.0.0.1:49731 number=471 proposalID=0x8ee119e2f3835f9f7f683e15a24ebed53ccbc75caa2680b0804d588864c3abca manifestBytes=832  missing=0 bodyBytes=832
        t=2026-09-23T12:06:01+0200 lvl=info msg="HOTSTUFF PROPOSAL MANIFEST stored"     from=127.0.0.1:53415 number=472 proposalID=0x2aae9f8b3b9964961e3e8be471600cd3481743d53719a670af6e335db0760646 manifestBytes=1222 missing=1 bodyBytes=3356
        t=2026-09-23T12:06:02+0200 lvl=eror msg="OnPropose wait proposal body"          number=472 proposalID=0x2aae9f8b3b9964961e3e8be471600cd3481743d53719a670af6e335db0760646 err="hotstuff view state too old"
        t=2026-09-23T12:06:02+0200 lvl=warn msg="HandleConn drops connection: closed"   address=127.0.0.1:35288 remot=127.0.0.1:53415
        t=2026-09-23T12:06:02+0200 lvl=info msg="HOTSTUFF PROPOSAL REPAIR REQUEST"      to=127.0.0.1:53415 number=473 proposalID=0xe33c1835c20ea534a53da9f69f0be73431ba04972a7e79520b5e786e455b2ff3 missing=0 attempt=0
        t=2026-09-23T12:06:02+0200 lvl=info msg="HOTSTUFF PROPOSAL MANIFEST stored"     from=127.0.0.1:53415 number=473 proposalID=0xe33c1835c20ea534a53da9f69f0be73431ba04972a7e79520b5e786e455b2ff3 manifestBytes=832  missing=0 bodyBytes=832
        t=2026-09-23T12:06:02+0200 lvl=warn msg="HandleConn drops connection: closed"   address=127.0.0.1:35288 remot=127.0.0.1:53415
        t=2026-09-23T12:06:02+0200 lvl=info msg="HOTSTUFF PROPOSAL MANIFEST stored"     from=127.0.0.1:53415 number=473 proposalID=0xe33c1835c20ea534a53da9f69f0be73431ba04972a7e79520b5e786e455b2ff3 manifestBytes=832  missing=0 bodyBytes=832
        t=2026-09-23T12:06:04+0200 lvl=info msg="HOTSTUFF PROPOSAL MANIFEST stored"     from=127.0.0.1:37609 number=474 proposalID=0x00357de8e2fbe05e71f61f66010e93f1490c991d6c2bce6069b403d3830a901d manifestBytes=1222 missing=1 bodyBytes=3356
        t=2026-09-23T12:06:04+0200 lvl=eror msg="OnPropose wait proposal body"          number=474 proposalID=0x00357de8e2fbe05e71f61f66010e93f1490c991d6c2bce6069b403d3830a901d err="hotstuff view state too old"
        t=2026-09-23T12:06:04+0200 lvl=warn msg="HOTSTUFF PROPOSAL MANIFEST authority rejected" from=127.0.0.1:49731 leader=127.0.0.1:49731 number=475 proposalID=0xd206815cdf22843eb9f8094db116b5bdb04f9a8f20017dde46bfcb7a349adc19 err="proposal manifest does not match the current deterministic leader route: manifest key committee is already canonical but is not the current route"
        t=2026-09-23T12:06:04+0200 lvl=warn msg="HandleConn drops connection: closed"   address=127.0.0.1:35288 remot=127.0.0.1:49731
        t=2026-09-23T12:06:04+0200 lvl=warn msg="HOTSTUFF PROPOSAL MANIFEST authority rejected" from=127.0.0.1:49731 leader=127.0.0.1:49731 number=475 proposalID=0xd206815cdf22843eb9f8094db116b5bdb04f9a8f20017dde46bfcb7a349adc19 err="proposal manifest does not match the current deterministic leader route: manifest key committee is already canonical but is not the current route"
        t=2026-09-23T12:06:04+0200 lvl=eror msg="OnPropose wait proposal body"          number=475 proposalID=0xd206815cdf22843eb9f8094db116b5bdb04f9a8f20017dde46bfcb7a349adc19 err="hotstuff view state too old"
        t=2026-09-23T12:06:04+0200 lvl=warn msg="reject new-view before storage"        from=127.0.0.1:37609 viewID=0x3c988a717d4fa6e827bb40c4b48f69194f6135efcbb0e6fee17b9af3ee8aa36c err="hotstuff proposal validation pending"
        t=2026-09-23T12:06:04+0200 lvl=warn msg="reject new-view before storage"        from=127.0.0.1:53415 viewID=0x3c988a717d4fa6e827bb40c4b48f69194f6135efcbb0e6fee17b9af3ee8aa36c err="hotstuff proposal validation pending"
        t=2026-09-23T12:06:04+0200 lvl=warn msg="reject new-view before storage"        from=127.0.0.1:49731 viewID=0x3c988a717d4fa6e827bb40c4b48f69194f6135efcbb0e6fee17b9af3ee8aa36c err="hotstuff proposal validation pending"
        t=2026-09-23T12:06:04+0200 lvl=warn msg="reject new-view before storage"        from=127.0.0.1:45292 viewID=0x3c988a717d4fa6e827bb40c4b48f69194f6135efcbb0e6fee17b9af3ee8aa36c err="hotstuff proposal validation pending"
        t=2026-09-23T12:06:04+0200 lvl=warn msg="reject new-view before storage"        from=127.0.0.1:58893 viewID=0x3c988a717d4fa6e827bb40c4b48f69194f6135efcbb0e6fee17b9af3ee8aa36c err="hotstuff proposal validation pending"
        t=2026-09-23T12:06:04+0200 lvl=info msg="HOTSTUFF PROPOSAL REPAIR REQUEST"      to=127.0.0.1:49731 number=475 proposalID=0xd206815cdf22843eb9f8094db116b5bdb04f9a8f20017dde46bfcb7a349adc19 missing=0 attempt=0
        t=2026-09-23T12:06:04+0200 lvl=info msg="HOTSTUFF PROPOSAL MANIFEST stored"     from=127.0.0.1:49731 number=475 proposalID=0xd206815cdf22843eb9f8094db116b5bdb04f9a8f20017dde46bfcb7a349adc19 manifestBytes=832  missing=0 bodyBytes=832
        t=2026-09-23T12:06:06+0200 lvl=warn msg=GetBlockByNumer                         number=246
        t=2026-09-23T12:06:06+0200 lvl=info msg="HOTSTUFF PROPOSAL REF"                 number=476 viewID=0x3c988a717d4fa6e827bb40c4b48f69194f6135efcbb0e6fee17b9af3ee8aa36c proposalID=0x74ae4e600e07cc12997499c88d0198d6ad376f292eef4834358e712c55310d47 blockHash=0x7631cbf0be5768499ac1f9028e15296f3a474bf45ef4d6af6ed84419bde03120 bodyHash=0x7c321e4f936d92e587d86fcec5dc7259b0c180497c2511f1c8dcb4d08a402ee6 bodySize=1655  refBytes=446
        t=2026-09-23T12:06:07+0200 lvl=info msg="HOTSTUFF PROPOSAL MANIFEST stored"     from=127.0.0.1:49731 number=477 proposalID=0x3ccc488e8f0d73bded814d7fd0224b748cc71f3585ca3ce9c58b1fb3289f53b8 manifestBytes=832  missing=0 bodyBytes=832
        t=2026-09-23T12:06:08+0200 lvl=info msg="HOTSTUFF PROPOSAL MANIFEST stored"     from=127.0.0.1:37609 number=478 proposalID=0x3615613806d8054cafb3dca943a5336ed92d36d5aa02aeed9baa46f626279948 manifestBytes=1221 missing=0 bodyBytes=1655
        t=2026-09-23T12:06:09+0200 lvl=info msg="HOTSTUFF PROPOSAL MANIFEST stored"     from=127.0.0.1:49731 number=479 proposalID=0x1f478699a6aaab40cf3897d525d6728394c296be3d381877d494747b386e96ac manifestBytes=832  missing=0 bodyBytes=832
        t=2026-09-23T12:06:10+0200 lvl=info msg="HOTSTUFF PROPOSAL MANIFEST stored"     from=127.0.0.1:49731 number=480 proposalID=0x663be0569d07cc3c32f936de94e1da453c2e283d90493a274b6326a997cd3bbc manifestBytes=1222 missing=0 bodyBytes=3356
        t=2026-09-23T12:06:11+0200 lvl=warn msg=GetBlockByNumer                         number=246
        t=2026-09-23T12:06:11+0200 lvl=info msg="HOTSTUFF PROPOSAL REF"                 number=481 viewID=0x4a98f8b16ed90c2d8b66ab047f01c933214c029c764a2624159b4eb7e40d6f42 proposalID=0x431541118267a41f6a001d0811af2b77dce9f6dd54e0b8820ffceaae689533ac blockHash=0x816c7e648bc995626e070d18864a7c81b386c61c8a8d7354c43e121fc603f771 bodyHash=0x890d9aaa79a5da8aecca63179a7bd5b99a93b42bc670929bb1200fcf3e160d40 bodySize=832   refBytes=443
        t=2026-09-23T12:06:12+0200 lvl=info msg="HOTSTUFF PROPOSAL MANIFEST stored"     from=127.0.0.1:37609 number=482 proposalID=0x40a83ec227f3ebd521e08223e7629a9e0e011a464e314bed75d049e0d6d72d2d manifestBytes=1222 missing=0 bodyBytes=3356
    fhs_process_recovery_test.go:236: validator 1186638 complete log: /tmp/fhs-process-failure-1323889458.log
    fhs_process_recovery_test.go:241: validator 1186638 log tail:
        417d42cc52adea359d96239398cc2b628ba2610ce0b bodyHash=0x0d490b06b2defbf16ddda18ed8f9d7f3b500edf941eef0043a695001a25d7814 bodySize=832  refBytes=443
        t=2026-09-23T12:05:14+0200 lvl=warn msg=GetBlockByNumer                         number=1
        t=2026-09-23T12:05:14+0200 lvl=warn msg=GetBlockByNumer                         number=1
        t=2026-09-23T12:05:14+0200 lvl=warn msg=GetBlockByNumer                         number=433
        t=2026-09-23T12:05:14+0200 lvl=info msg="HOTSTUFF PROPOSAL MANIFEST stored"     from=127.0.0.1:49731 number=436 proposalID=0xd823464cbc64112d12de74fd62119c071255855ad8f77ed0693192042799e824 manifestBytes=1222 missing=0 bodyBytes=3356
        t=2026-09-23T12:05:14+0200 lvl=warn msg=GetBlockByNumer                         number=1
        t=2026-09-23T12:05:14+0200 lvl=warn msg=GetBlockByNumer                         number=1
        t=2026-09-23T12:05:14+0200 lvl=warn msg=GetBlockByNumer                         number=434
        t=2026-09-23T12:05:15+0200 lvl=info msg="HOTSTUFF PROPOSAL MANIFEST stored"     from=127.0.0.1:35288 number=437 proposalID=0xed5f4007778515fd7525c58b057e7e147de19ac3f2cbcdbabc4cb58ed4c3a01b manifestBytes=832  missing=0 bodyBytes=832
        t=2026-09-23T12:05:15+0200 lvl=warn msg=GetBlockByNumer                         number=1
        t=2026-09-23T12:05:15+0200 lvl=warn msg=GetBlockByNumer                         number=1
        t=2026-09-23T12:05:15+0200 lvl=warn msg=GetBlockByNumer                         number=435
        t=2026-09-23T12:05:16+0200 lvl=warn msg=GetBlockByNumer                         number=1
        t=2026-09-23T12:05:16+0200 lvl=warn msg=GetBlockByNumer                         number=1
        t=2026-09-23T12:05:16+0200 lvl=warn msg=GetBlockByNumer                         number=436
        t=2026-09-23T12:05:16+0200 lvl=warn msg=GetBlockByNumer                         number=1
        t=2026-09-23T12:05:16+0200 lvl=warn msg=GetBlockByNumer                         number=1
        t=2026-09-23T12:05:16+0200 lvl=warn msg=GetBlockByNumer                         number=436
        t=2026-09-23T12:05:17+0200 lvl=warn msg=GetBlockByNumer                         number=1
        t=2026-09-23T12:05:17+0200 lvl=warn msg=GetBlockByNumer                         number=1
        t=2026-09-23T12:05:17+0200 lvl=warn msg=GetBlockByNumer                         number=436
        t=2026-09-23T12:05:17+0200 lvl=warn msg=GetBlockByNumer                         number=1
        t=2026-09-23T12:05:17+0200 lvl=warn msg=GetBlockByNumer                         number=1
        t=2026-09-23T12:05:17+0200 lvl=warn msg=GetBlockByNumer                         number=436
        t=2026-09-23T12:05:18+0200 lvl=warn msg=GetBlockByNumer                         number=1
        t=2026-09-23T12:05:18+0200 lvl=warn msg=GetBlockByNumer                         number=1
        t=2026-09-23T12:05:18+0200 lvl=warn msg=GetBlockByNumer                         number=436
        t=2026-09-23T12:05:18+0200 lvl=warn msg=GetBlockByNumer                         number=1
        t=2026-09-23T12:05:18+0200 lvl=warn msg=GetBlockByNumer                         number=1
        t=2026-09-23T12:05:18+0200 lvl=warn msg=GetBlockByNumer                         number=436
        t=2026-09-23T12:05:19+0200 lvl=info msg="HOTSTUFF PROPOSAL MANIFEST stored"     from=127.0.0.1:33175 number=438 proposalID=0x1d7f4bb30659f21811d1b62c559094c712b8c168fc9f8aee884bb869a6d51da8 manifestBytes=1222 missing=0 bodyBytes=3356
        t=2026-09-23T12:05:19+0200 lvl=warn msg=GetBlockByNumer                         number=1
        t=2026-09-23T12:05:19+0200 lvl=warn msg=GetBlockByNumer                         number=1
        t=2026-09-23T12:05:19+0200 lvl=warn msg=GetBlockByNumer                         number=436
        t=2026-09-23T12:05:19+0200 lvl=info msg="HOTSTUFF PROPOSAL MANIFEST stored"     from=127.0.0.1:58893 number=439 proposalID=0x204b98d704fc8b42a6b362f7a8f19751dd2f53a3af5582f1673756da25a73665 manifestBytes=832  missing=0 bodyBytes=832
        t=2026-09-23T12:05:19+0200 lvl=warn msg=GetBlockByNumer                         number=1
        t=2026-09-23T12:05:19+0200 lvl=warn msg="HandleConn drops connection: closed"   address=127.0.0.1:45292 remot=127.0.0.1:58893
        t=2026-09-23T12:05:19+0200 lvl=warn msg=GetBlockByNumer                         number=1
        t=2026-09-23T12:05:19+0200 lvl=warn msg=GetBlockByNumer                         number=1
        t=2026-09-23T12:05:20+0200 lvl=warn msg=GetBlockByNumer                         number=437
        t=2026-09-23T12:05:20+0200 lvl=warn msg=GetBlockByNumer                         number=1
        t=2026-09-23T12:05:20+0200 lvl=warn msg=GetBlockByNumer                         number=1
        t=2026-09-23T12:05:20+0200 lvl=warn msg=GetBlockByNumer                         number=438
        t=2026-09-23T12:05:21+0200 lvl=info msg="HOTSTUFF PROPOSAL MANIFEST stored"     from=127.0.0.1:33175 number=440 proposalID=0x055ec0d0d55a2ecb3e47095fe49369d2009177df3d2d11342e2065694ad36862 manifestBytes=1222 missing=1 bodyBytes=3356
        t=2026-09-23T12:05:21+0200 lvl=warn msg=GetBlockByNumer                         number=1
        t=2026-09-23T12:05:21+0200 lvl=warn msg=GetBlockByNumer                         number=1
        t=2026-09-23T12:05:21+0200 lvl=eror msg="OnPropose wait proposal body"          number=440 proposalID=0x055ec0d0d55a2ecb3e47095fe49369d2009177df3d2d11342e2065694ad36862 err="hotstuff view state too old"
        t=2026-09-23T12:05:21+0200 lvl=warn msg=GetBlockByNumer                         number=438
        t=2026-09-23T12:05:21+0200 lvl=warn msg="HOTSTUFF PROPOSAL MANIFEST authority rejected" from=127.0.0.1:49731 leader=127.0.0.1:49731 number=441 proposalID=0x38b40292515523024f4714dafe55fbae66c1760c06d6dcdc52f5da37b93eb063 err="proposal manifest does not match the current deterministic leader route: manifest key committee is already canonical but is not the current route"
        t=2026-09-23T12:05:21+0200 lvl=eror msg="OnPropose wait proposal body"          number=441 proposalID=0x38b40292515523024f4714dafe55fbae66c1760c06d6dcdc52f5da37b93eb063 err="hotstuff view state too old"
        t=2026-09-23T12:05:22+0200 lvl=warn msg=GetBlockByNumer                         number=1
        t=2026-09-23T12:05:22+0200 lvl=warn msg=GetBlockByNumer                         number=1
        t=2026-09-23T12:05:22+0200 lvl=warn msg=GetBlockByNumer                         number=439
        t=2026-09-23T12:05:22+0200 lvl=info msg="HOTSTUFF PROPOSAL REPAIR REQUEST"      to=127.0.0.1:49731 number=441 proposalID=0x38b40292515523024f4714dafe55fbae66c1760c06d6dcdc52f5da37b93eb063 missing=0 attempt=0
        t=2026-09-23T12:05:22+0200 lvl=info msg="HOTSTUFF PROPOSAL MANIFEST stored"     from=127.0.0.1:49731 number=441 proposalID=0x38b40292515523024f4714dafe55fbae66c1760c06d6dcdc52f5da37b93eb063 manifestBytes=832  missing=0 bodyBytes=832
        t=2026-09-23T12:05:22+0200 lvl=warn msg=GetBlockByNumer                         number=1
        t=2026-09-23T12:05:22+0200 lvl=warn msg=GetBlockByNumer                         number=1
        t=2026-09-23T12:05:22+0200 lvl=warn msg=GetBlockByNumer                         number=440
        t=2026-09-23T12:05:22+0200 lvl=warn msg=GetBlockByNumer                         number=1
        t=2026-09-23T12:05:22+0200 lvl=warn msg=GetBlockByNumer                         number=1
        t=2026-09-23T12:05:22+0200 lvl=warn msg=GetBlockByNumer                         number=440
        t=2026-09-23T12:05:23+0200 lvl=warn msg=GetBlockByNumer                         number=1
        t=2026-09-23T12:05:23+0200 lvl=warn msg=GetBlockByNumer                         number=1
        t=2026-09-23T12:05:23+0200 lvl=warn msg=GetBlockByNumer                         number=440
        t=2026-09-23T12:05:23+0200 lvl=warn msg=GetBlockByNumer                         number=1
        t=2026-09-23T12:05:24+0200 lvl=warn msg=GetBlockByNumer                         number=1
        t=2026-09-23T12:05:24+0200 lvl=warn msg=GetBlockByNumer                         number=440
        t=2026-09-23T12:05:24+0200 lvl=info msg="HOTSTUFF PROPOSAL MANIFEST stored"     from=127.0.0.1:33175 number=442 proposalID=0x757b95ae7cf80a6e344acfaf7b4df660a089fffb987e07336d8a5451c64851a5 manifestBytes=1222 missing=0 bodyBytes=3356
        t=2026-09-23T12:05:24+0200 lvl=warn msg=GetBlockByNumer                         number=1
        t=2026-09-23T12:05:24+0200 lvl=warn msg=GetBlockByNumer                         number=1
        t=2026-09-23T12:05:24+0200 lvl=warn msg=GetBlockByNumer                         number=440
        t=2026-09-23T12:05:25+0200 lvl=info msg="HOTSTUFF PROPOSAL MANIFEST stored"     from=127.0.0.1:53415 number=443 proposalID=0x4e2e0957706b84fd680a6740fef90cc4ad1214b69e021ccb889db6dd7d167d66 manifestBytes=832  missing=0 bodyBytes=832
        t=2026-09-23T12:05:25+0200 lvl=warn msg=GetBlockByNumer                         number=1
        t=2026-09-23T12:05:25+0200 lvl=warn msg=GetBlockByNumer                         number=1
        t=2026-09-23T12:05:25+0200 lvl=warn msg=GetBlockByNumer                         number=1
        t=2026-09-23T12:05:25+0200 lvl=warn msg=GetBlockByNumer                         number=441
        t=2026-09-23T12:05:25+0200 lvl=warn msg=GetBlockByNumer                         number=1
        t=2026-09-23T12:05:25+0200 lvl=warn msg=GetBlockByNumer                         number=1
        t=2026-09-23T12:05:25+0200 lvl=warn msg=GetBlockByNumer                         number=442
        t=2026-09-23T12:05:26+0200 lvl=warn msg=GetBlockByNumer                         number=1
        t=2026-09-23T12:05:26+0200 lvl=warn msg=GetBlockByNumer                         number=1
        t=2026-09-23T12:05:26+0200 lvl=warn msg=GetBlockByNumer                         number=442
        t=2026-09-23T12:05:26+0200 lvl=warn msg=GetBlockByNumer                         number=1
        t=2026-09-23T12:05:26+0200 lvl=warn msg=GetBlockByNumer                         number=1
        t=2026-09-23T12:05:26+0200 lvl=warn msg=GetBlockByNumer                         number=442
        t=2026-09-23T12:05:27+0200 lvl=warn msg=GetBlockByNumer                         number=1
        t=2026-09-23T12:05:27+0200 lvl=warn msg=GetBlockByNumer                         number=1
        t=2026-09-23T12:05:27+0200 lvl=warn msg=GetBlockByNumer                         number=442
        t=2026-09-23T12:05:27+0200 lvl=warn msg=GetBlockByNumer                         number=1
        t=2026-09-23T12:05:27+0200 lvl=warn msg=GetBlockByNumer                         number=1
        t=2026-09-23T12:05:27+0200 lvl=warn msg=GetBlockByNumer                         number=442
        t=2026-09-23T12:05:28+0200 lvl=warn msg=GetBlockByNumer                         number=1
        t=2026-09-23T12:05:28+0200 lvl=warn msg=GetBlockByNumer                         number=1
        t=2026-09-23T12:05:28+0200 lvl=warn msg=GetBlockByNumer                         number=442
        t=2026-09-23T12:05:28+0200 lvl=info msg="HOTSTUFF PROPOSAL MANIFEST stored"     from=127.0.0.1:53415 number=444 proposalID=0xf815fec78592b3a5f20ed5c85ca4d68e093751f5f89b7ea919ac328acdb358fb manifestBytes=1222 missing=0 bodyBytes=3356
        t=2026-09-23T12:05:28+0200 lvl=warn msg=GetBlockByNumer                         number=1
        t=2026-09-23T12:05:28+0200 lvl=warn msg=GetBlockByNumer                         number=1
        t=2026-09-23T12:05:28+0200 lvl=warn msg=GetBlockByNumer                         number=442
        t=2026-09-23T12:05:28+0200 lvl=info msg="HOTSTUFF PROPOSAL MANIFEST stored"     from=127.0.0.1:35288 number=445 proposalID=0x6f16bf0340ac3a87293b98bb463545ec1988ac76372b9441d905f4f78413b6c6 manifestBytes=832  missing=0 bodyBytes=832
        t=2026-09-23T12:05:29+0200 lvl=warn msg=GetBlockByNumer                         number=1
        t=2026-09-23T12:05:29+0200 lvl=warn msg=GetBlockByNumer                         number=1
        t=2026-09-23T12:05:29+0200 lvl=warn msg=GetBlockByNumer                         number=443
        t=2026-09-23T12:05:29+0200 lvl=info msg="HOTSTUFF PROPOSAL MANIFEST stored"     from=127.0.0.1:33175 number=446 proposalID=0xdfb71cd2261153de35fcde637f9c87fc7ff52aa9a4dbf58f1c1263650bb9e7ab manifestBytes=1222 missing=0 bodyBytes=3356
        t=2026-09-23T12:05:29+0200 lvl=warn msg=GetBlockByNumer                         number=1
        t=2026-09-23T12:05:29+0200 lvl=warn msg=GetBlockByNumer                         number=1
        t=2026-09-23T12:05:29+0200 lvl=warn msg=GetBlockByNumer                         number=444
        t=2026-09-23T12:05:29+0200 lvl=warn msg=GetBlockByNumer                         number=1
        t=2026-09-23T12:05:29+0200 lvl=warn msg=GetBlockByNumer                         number=444
        t=2026-09-23T12:05:29+0200 lvl=info msg="HOTSTUFF PROPOSAL MANIFEST stored"     from=127.0.0.1:58893 number=447 proposalID=0xf2e9c7a620d624287689e6579b98857e7157243c20a3e08504247fe13144d41e manifestBytes=832  missing=0 bodyBytes=832
        t=2026-09-23T12:05:29+0200 lvl=warn msg=GetBlockByNumer                         number=1
        t=2026-09-23T12:05:29+0200 lvl=warn msg=GetBlockByNumer                         number=444
        t=2026-09-23T12:05:30+0200 lvl=warn msg=GetBlockByNumer                         number=1
        t=2026-09-23T12:05:30+0200 lvl=warn msg=GetBlockByNumer                         number=1
        t=2026-09-23T12:05:30+0200 lvl=warn msg=GetBlockByNumer                         number=1
        t=2026-09-23T12:05:30+0200 lvl=warn msg=GetBlockByNumer                         number=446
        t=2026-09-23T12:05:30+0200 lvl=warn msg=GetBlockByNumer                         number=1
        t=2026-09-23T12:05:30+0200 lvl=warn msg=GetBlockByNumer                         number=446
        t=2026-09-23T12:05:30+0200 lvl=warn msg=GetBlockByNumer                         number=1
        t=2026-09-23T12:05:30+0200 lvl=warn msg=GetBlockByNumer                         number=446
        t=2026-09-23T12:05:32+0200 lvl=info msg="HOTSTUFF PROPOSAL MANIFEST stored"     from=127.0.0.1:33175 number=448 proposalID=0x7671fb205ca41cfbfd194d9680cc56080fdb0fbcce09218f8596549ae9fcd5b2 manifestBytes=1221 missing=0 bodyBytes=1655
        t=2026-09-23T12:05:32+0200 lvl=info msg="HOTSTUFF PROPOSAL MANIFEST stored"     from=127.0.0.1:58893 number=449 proposalID=0x885160ebe61b36cedd7a29746247e3b1e8a825a84165a0403789e928c9d1d7bf manifestBytes=832  missing=0 bodyBytes=832
        t=2026-09-23T12:05:33+0200 lvl=info msg="HOTSTUFF PROPOSAL MANIFEST stored"     from=127.0.0.1:53415 number=450 proposalID=0xc760133339cba2b972c7dd75c7e641d860d86e1f870658e561df17363b24fde9 manifestBytes=1221 missing=0 bodyBytes=1655
        t=2026-09-23T12:05:34+0200 lvl=info msg="HOTSTUFF PROPOSAL MANIFEST stored"     from=127.0.0.1:49731 number=451 proposalID=0x90847ec3a45154714a762f331433f02990be059bb04bb3c3802a9fa481e7da72 manifestBytes=832  missing=0 bodyBytes=832
        t=2026-09-23T12:05:36+0200 lvl=info msg="HOTSTUFF PROPOSAL MANIFEST stored"     from=127.0.0.1:37609 number=452 proposalID=0x054e597e6068c9e392ccbe8edb3a12f04b4779f19e5d1501bf171da1d927830e manifestBytes=1222 missing=0 bodyBytes=3356
        t=2026-09-23T12:05:37+0200 lvl=info msg="HOTSTUFF PROPOSAL MANIFEST stored"     from=127.0.0.1:58893 number=453 proposalID=0x0d92196a765a6877f19b426825eaa07fd3c3944e3a3f54ce74a8e397c8fc165e manifestBytes=832  missing=0 bodyBytes=832
        t=2026-09-23T12:05:41+0200 lvl=info msg="HOTSTUFF PROPOSAL MANIFEST stored"     from=127.0.0.1:37609 number=454 proposalID=0x118d5ab559114524b4237d4f61a12f24dec5665ca551bc81414af1893e3e4ff6 manifestBytes=1221 missing=0 bodyBytes=1655
        t=2026-09-23T12:05:41+0200 lvl=info msg="HOTSTUFF PROPOSAL MANIFEST stored"     from=127.0.0.1:33175 number=455 proposalID=0x1a2f8c8c5fd34e3f98c287fb230ba963717b5a810dc532e48526ad7d67926ec8 manifestBytes=1221 missing=0 bodyBytes=1655
        t=2026-09-23T12:05:41+0200 lvl=info msg="HOTSTUFF PROPOSAL MANIFEST stored"     from=127.0.0.1:49731 number=456 proposalID=0x7a912c702b8f11ef64ad6710a0b8696d46782c5404baf6af02f28b3762a644f0 manifestBytes=832  missing=0 bodyBytes=832
        t=2026-09-23T12:05:44+0200 lvl=info msg="HOTSTUFF PROPOSAL MANIFEST stored"     from=127.0.0.1:49731 number=457 proposalID=0xf403785bf88e678261dd8680461b7368cdef4bf1ac171aa698f5b81ad25a6796 manifestBytes=1222 missing=0 bodyBytes=3880
        t=2026-09-23T12:05:44+0200 lvl=warn msg="HandleConn drops connection: closed"   address=127.0.0.1:45292 remot=127.0.0.1:49731
        t=2026-09-23T12:05:44+0200 lvl=info msg="HOTSTUFF PROPOSAL MANIFEST stored"     from=127.0.0.1:35288 number=458 proposalID=0x4ecbac17c44098af0e7ef7ce3f618d16fad39d9a665bfcfef722311eb75943b8 manifestBytes=832  missing=0 bodyBytes=832
        t=2026-09-23T12:05:44+0200 lvl=warn msg="HandleConn drops connection: closed"   address=127.0.0.1:45292 remot=127.0.0.1:35288
        t=2026-09-23T12:05:44+0200 lvl=info msg="HOTSTUFF PROPOSAL MANIFEST stored"     from=127.0.0.1:35288 number=458 proposalID=0x4ecbac17c44098af0e7ef7ce3f618d16fad39d9a665bfcfef722311eb75943b8 manifestBytes=832  missing=0 bodyBytes=832
        t=2026-09-23T12:05:45+0200 lvl=info msg="HOTSTUFF PROPOSAL MANIFEST stored"     from=127.0.0.1:49731 number=459 proposalID=0x0d7b52dff09c718f5e1cb13c1642f3dc5dec30bbd56b3486a8169253ac987f5c manifestBytes=1222 missing=0 bodyBytes=3880
        t=2026-09-23T12:05:45+0200 lvl=info msg="HOTSTUFF PROPOSAL MANIFEST stored"     from=127.0.0.1:35288 number=460 proposalID=0xcb1e9ccc3bcdfcb482ba0ccc16457227744863d2f677d754d72d7c0980f2b115 manifestBytes=832  missing=0 bodyBytes=832
        t=2026-09-23T12:05:48+0200 lvl=info msg="HOTSTUFF PROPOSAL MANIFEST stored"     from=127.0.0.1:33175 number=461 proposalID=0x1e1157b95b434ad6cb422ba6141d64c4dc28ebf646aaea23a3e569c47835e659 manifestBytes=1221 missing=1 bodyBytes=1655
        t=2026-09-23T12:05:48+0200 lvl=eror msg="OnPropose wait proposal body"          number=461 proposalID=0x1e1157b95b434ad6cb422ba6141d64c4dc28ebf646aaea23a3e569c47835e659 err="hotstuff view state too old"
        t=2026-09-23T12:05:48+0200 lvl=info msg="HOTSTUFF PROPOSAL MANIFEST stored"     from=127.0.0.1:35288 number=462 proposalID=0x7ad087789f2c614b9ffe47c4d384ea2ed6398d66893c52cf3e8e51731fd2a9c0 manifestBytes=1221 missing=0 bodyBytes=1655
        t=2026-09-23T12:05:49+0200 lvl=info msg="HOTSTUFF PROPOSAL MANIFEST stored"     from=127.0.0.1:37609 number=463 proposalID=0xc08d2c8ded34aff980737c9a0682601c27f16b20ffa9bef5f87057a014df4d5f manifestBytes=832  missing=0 bodyBytes=832
        t=2026-09-23T12:05:49+0200 lvl=warn msg="reject new-view before storage"        from=127.0.0.1:37609 viewID=0x42f7c8b6ebb3caea5efc98b3739bc4ff09011e663586e6ab2a47b7e72fdb1125 err="hotstuff proposal validation pending"
        t=2026-09-23T12:05:52+0200 lvl=warn msg=GetBlockByNumer                         number=246
        t=2026-09-23T12:05:52+0200 lvl=info msg="HOTSTUFF PROPOSAL REF"                 number=464 viewID=0x42f7c8b6ebb3caea5efc98b3739bc4ff09011e663586e6ab2a47b7e72fdb1125 proposalID=0xda40fa452942cf67caeec24c36e0f75a32e3dfbaa3f3fb7fbc7f87ca0533b0c2 blockHash=0x873c48b4326de2871b7b4b84bbd1a4e0d588838d4c9d4c7ffaa96feb81cf8b8f bodyHash=0x1da74d54c18dd7424cf3da36d56b96e66bc0dcb192ff6e4c370e7ba5626811c2 bodySize=3356 refBytes=446
        t=2026-09-23T12:05:53+0200 lvl=info msg="HOTSTUFF PROPOSAL MANIFEST stored"     from=127.0.0.1:37609 number=465 proposalID=0x2aad5c35a5fbf69519f874335aab0b7e54239a97b8f9dad005c0fdcaacb286d2 manifestBytes=832  missing=0 bodyBytes=832
        t=2026-09-23T12:05:53+0200 lvl=info msg="HOTSTUFF PROPOSAL MANIFEST stored"     from=127.0.0.1:37609 number=466 proposalID=0xf9508cf7385b5b2075fba48a90b34e60e4e695c146537efef1cb8f4fbb0dd380 manifestBytes=1222 missing=0 bodyBytes=3356
        t=2026-09-23T12:05:54+0200 lvl=info msg="HOTSTUFF PROPOSAL MANIFEST stored"     from=127.0.0.1:58893 number=467 proposalID=0x00e469bcd9743cc9c7dbc481bbbb5e640a150ff12ebf085a7d4ced74ea9dfbd6 manifestBytes=832  missing=0 bodyBytes=832
        t=2026-09-23T12:05:57+0200 lvl=info msg="HOTSTUFF PROPOSAL MANIFEST stored"     from=127.0.0.1:33175 number=468 proposalID=0x89a4bf0618606b8fdb929d807b8bddcb57d9f641e9ac1e66f1564dfffdada3cc manifestBytes=1221 missing=0 bodyBytes=1655
        t=2026-09-23T12:05:58+0200 lvl=info msg="HOTSTUFF PROPOSAL MANIFEST stored"     from=127.0.0.1:35288 number=469 proposalID=0x6d222bcff31c27eff64cdfe2fd4b9f8ee17623b1c9d1d860d8f178f67e133e6c manifestBytes=832  missing=0 bodyBytes=832
        t=2026-09-23T12:05:59+0200 lvl=info msg="HOTSTUFF PROPOSAL MANIFEST stored"     from=127.0.0.1:33175 number=470 proposalID=0x09afa455a459b7efb738f851466857a146dd049a79dac78d61ecd746cb04b71a manifestBytes=1221 missing=0 bodyBytes=1655
        t=2026-09-23T12:06:00+0200 lvl=info msg="HOTSTUFF PROPOSAL MANIFEST stored"     from=127.0.0.1:49731 number=471 proposalID=0x8ee119e2f3835f9f7f683e15a24ebed53ccbc75caa2680b0804d588864c3abca manifestBytes=832  missing=0 bodyBytes=832
        t=2026-09-23T12:06:01+0200 lvl=info msg="HOTSTUFF PROPOSAL MANIFEST stored"     from=127.0.0.1:53415 number=472 proposalID=0x2aae9f8b3b9964961e3e8be471600cd3481743d53719a670af6e335db0760646 manifestBytes=1222 missing=1 bodyBytes=3356
        t=2026-09-23T12:06:01+0200 lvl=warn msg="HandleConn drops connection: closed"   address=127.0.0.1:45292 remot=127.0.0.1:53415
        t=2026-09-23T12:06:02+0200 lvl=eror msg="OnPropose wait proposal body"          number=472 proposalID=0x2aae9f8b3b9964961e3e8be471600cd3481743d53719a670af6e335db0760646 err="hotstuff view state too old"
        t=2026-09-23T12:06:02+0200 lvl=warn msg="HOTSTUFF PROPOSAL MANIFEST authority rejected" from=127.0.0.1:53415 leader=127.0.0.1:53415 number=473 proposalID=0xe33c1835c20ea534a53da9f69f0be73431ba04972a7e79520b5e786e455b2ff3 err="proposal manifest does not match the current deterministic leader route: manifest key committee is already canonical but is not the current route"
        t=2026-09-23T12:06:02+0200 lvl=info msg="HOTSTUFF PROPOSAL REPAIR REQUEST"      to=127.0.0.1:53415 number=473 proposalID=0xe33c1835c20ea534a53da9f69f0be73431ba04972a7e79520b5e786e455b2ff3 missing=0 attempt=0
        t=2026-09-23T12:06:02+0200 lvl=info msg="HOTSTUFF PROPOSAL MANIFEST stored"     from=127.0.0.1:53415 number=473 proposalID=0xe33c1835c20ea534a53da9f69f0be73431ba04972a7e79520b5e786e455b2ff3 manifestBytes=832  missing=0 bodyBytes=832
        t=2026-09-23T12:06:04+0200 lvl=info msg="HOTSTUFF PROPOSAL MANIFEST stored"     from=127.0.0.1:37609 number=474 proposalID=0x00357de8e2fbe05e71f61f66010e93f1490c991d6c2bce6069b403d3830a901d manifestBytes=1222 missing=0 bodyBytes=3356
        t=2026-09-23T12:06:04+0200 lvl=info msg="HOTSTUFF PROPOSAL MANIFEST stored"     from=127.0.0.1:49731 number=475 proposalID=0xd206815cdf22843eb9f8094db116b5bdb04f9a8f20017dde46bfcb7a349adc19 manifestBytes=832  missing=0 bodyBytes=832
        t=2026-09-23T12:06:04+0200 lvl=warn msg="HandleConn drops connection: closed"   address=127.0.0.1:45292 remot=127.0.0.1:49731
        t=2026-09-23T12:06:04+0200 lvl=info msg="HOTSTUFF PROPOSAL MANIFEST stored"     from=127.0.0.1:49731 number=475 proposalID=0xd206815cdf22843eb9f8094db116b5bdb04f9a8f20017dde46bfcb7a349adc19 manifestBytes=832  missing=0 bodyBytes=832
        t=2026-09-23T12:06:06+0200 lvl=info msg="HOTSTUFF PROPOSAL MANIFEST stored"     from=127.0.0.1:35288 number=476 proposalID=0x74ae4e600e07cc12997499c88d0198d6ad376f292eef4834358e712c55310d47 manifestBytes=1221 missing=0 bodyBytes=1655
        t=2026-09-23T12:06:07+0200 lvl=info msg="HOTSTUFF PROPOSAL MANIFEST stored"     from=127.0.0.1:49731 number=477 proposalID=0x3ccc488e8f0d73bded814d7fd0224b748cc71f3585ca3ce9c58b1fb3289f53b8 manifestBytes=832  missing=0 bodyBytes=832
        t=2026-09-23T12:06:08+0200 lvl=info msg="HOTSTUFF PROPOSAL MANIFEST stored"     from=127.0.0.1:37609 number=478 proposalID=0x3615613806d8054cafb3dca943a5336ed92d36d5aa02aeed9baa46f626279948 manifestBytes=1221 missing=0 bodyBytes=1655
        t=2026-09-23T12:06:08+0200 lvl=info msg="HOTSTUFF PROPOSAL MANIFEST stored"     from=127.0.0.1:49731 number=479 proposalID=0x1f478699a6aaab40cf3897d525d6728394c296be3d381877d494747b386e96ac manifestBytes=832  missing=0 bodyBytes=832
        t=2026-09-23T12:06:08+0200 lvl=warn msg="HandleConn drops connection: closed"   address=127.0.0.1:45292 remot=127.0.0.1:49731
        t=2026-09-23T12:06:10+0200 lvl=info msg="HOTSTUFF PROPOSAL MANIFEST stored"     from=127.0.0.1:49731 number=480 proposalID=0x663be0569d07cc3c32f936de94e1da453c2e283d90493a274b6326a997cd3bbc manifestBytes=1222 missing=0 bodyBytes=3356
        t=2026-09-23T12:06:11+0200 lvl=info msg="HOTSTUFF PROPOSAL MANIFEST stored"     from=127.0.0.1:35288 number=481 proposalID=0x431541118267a41f6a001d0811af2b77dce9f6dd54e0b8820ffceaae689533ac manifestBytes=832  missing=0 bodyBytes=832
        t=2026-09-23T12:06:12+0200 lvl=info msg="HOTSTUFF PROPOSAL MANIFEST stored"     from=127.0.0.1:37609 number=482 proposalID=0x40a83ec227f3ebd521e08223e7629a9e0e011a464e314bed75d049e0d6d72d2d manifestBytes=1222 missing=0 bodyBytes=3356
        t=2026-09-23T12:06:12+0200 lvl=warn msg="HandleConn drops connection: closed"   address=127.0.0.1:45292 remot=127.0.0.1:37609
    fhs_process_recovery_test.go:236: validator 1186630 complete log: /tmp/fhs-process-failure-4286983217.log
    fhs_process_recovery_test.go:241: validator 1186630 log tail:
        etBlockByNumer                         number=437
        t=2026-09-23T12:05:20+0200 lvl=warn msg=GetBlockByNumer                         number=1
        t=2026-09-23T12:05:20+0200 lvl=warn msg=GetBlockByNumer                         number=1
        t=2026-09-23T12:05:20+0200 lvl=warn msg=GetBlockByNumer                         number=438
        t=2026-09-23T12:05:21+0200 lvl=info msg="HOTSTUFF PROPOSAL MANIFEST stored"     from=127.0.0.1:33175 number=440 proposalID=0x055ec0d0d55a2ecb3e47095fe49369d2009177df3d2d11342e2065694ad36862 manifestBytes=1222 missing=0 bodyBytes=3356
        t=2026-09-23T12:05:21+0200 lvl=warn msg=GetBlockByNumer                         number=1
        t=2026-09-23T12:05:21+0200 lvl=warn msg=GetBlockByNumer                         number=1
        t=2026-09-23T12:05:21+0200 lvl=warn msg=GetBlockByNumer                         number=438
        t=2026-09-23T12:05:21+0200 lvl=warn msg=GetBlockByNumer                         number=246
        t=2026-09-23T12:05:21+0200 lvl=info msg="HOTSTUFF PROPOSAL REF"                 number=441 viewID=0x18a2fa4652822d66f10077693b7fefc7fbb56dc9762065f82cfc7b442bf971e4 proposalID=0x38b40292515523024f4714dafe55fbae66c1760c06d6dcdc52f5da37b93eb063 blockHash=0x104850b10e9ec0fb10d14f2c6ba0bd3e836a924a485428179fd6e1e5232d2cac bodyHash=0x19416e38cc12b8c2cd40de09150b2ee194ab834c9762f0b9b57d01d0ba9c582a bodySize=832  refBytes=443
        t=2026-09-23T12:05:22+0200 lvl=warn msg=GetBlockByNumer                         number=1
        t=2026-09-23T12:05:22+0200 lvl=warn msg="reject new-view before storage"        from=127.0.0.1:45292 viewID=0x18a2fa4652822d66f10077693b7fefc7fbb56dc9762065f82cfc7b442bf971e4 err="hotstuff view state too old"
        t=2026-09-23T12:05:22+0200 lvl=warn msg=GetBlockByNumer                         number=1
        t=2026-09-23T12:05:22+0200 lvl=warn msg=GetBlockByNumer                         number=439
        t=2026-09-23T12:05:22+0200 lvl=warn msg=GetBlockByNumer                         number=1
        t=2026-09-23T12:05:22+0200 lvl=warn msg=GetBlockByNumer                         number=1
        t=2026-09-23T12:05:22+0200 lvl=warn msg=GetBlockByNumer                         number=440
        t=2026-09-23T12:05:22+0200 lvl=warn msg=GetBlockByNumer                         number=1
        t=2026-09-23T12:05:22+0200 lvl=warn msg=GetBlockByNumer                         number=1
        t=2026-09-23T12:05:22+0200 lvl=warn msg=GetBlockByNumer                         number=440
        t=2026-09-23T12:05:23+0200 lvl=warn msg=GetBlockByNumer                         number=1
        t=2026-09-23T12:05:23+0200 lvl=warn msg=GetBlockByNumer                         number=1
        t=2026-09-23T12:05:23+0200 lvl=warn msg=GetBlockByNumer                         number=440
        t=2026-09-23T12:05:23+0200 lvl=warn msg=GetBlockByNumer                         number=1
        t=2026-09-23T12:05:24+0200 lvl=warn msg=GetBlockByNumer                         number=1
        t=2026-09-23T12:05:24+0200 lvl=warn msg=GetBlockByNumer                         number=440
        t=2026-09-23T12:05:24+0200 lvl=info msg="HOTSTUFF PROPOSAL MANIFEST stored"     from=127.0.0.1:33175 number=442 proposalID=0x757b95ae7cf80a6e344acfaf7b4df660a089fffb987e07336d8a5451c64851a5 manifestBytes=1222 missing=0 bodyBytes=3356
        t=2026-09-23T12:05:24+0200 lvl=warn msg=GetBlockByNumer                         number=1
        t=2026-09-23T12:05:24+0200 lvl=warn msg=GetBlockByNumer                         number=1
        t=2026-09-23T12:05:24+0200 lvl=warn msg=GetBlockByNumer                         number=440
        t=2026-09-23T12:05:25+0200 lvl=info msg="HOTSTUFF PROPOSAL MANIFEST stored"     from=127.0.0.1:53415 number=443 proposalID=0x4e2e0957706b84fd680a6740fef90cc4ad1214b69e021ccb889db6dd7d167d66 manifestBytes=832  missing=0 bodyBytes=832
        t=2026-09-23T12:05:25+0200 lvl=warn msg=GetBlockByNumer                         number=1
        t=2026-09-23T12:05:25+0200 lvl=warn msg=GetBlockByNumer                         number=1
        t=2026-09-23T12:05:25+0200 lvl=warn msg=GetBlockByNumer                         number=1
        t=2026-09-23T12:05:25+0200 lvl=warn msg=GetBlockByNumer                         number=441
        t=2026-09-23T12:05:25+0200 lvl=warn msg=GetBlockByNumer                         number=1
        t=2026-09-23T12:05:25+0200 lvl=warn msg=GetBlockByNumer                         number=1
        t=2026-09-23T12:05:25+0200 lvl=warn msg=GetBlockByNumer                         number=442
        t=2026-09-23T12:05:26+0200 lvl=warn msg=GetBlockByNumer                         number=1
        t=2026-09-23T12:05:26+0200 lvl=warn msg=GetBlockByNumer                         number=1
        t=2026-09-23T12:05:26+0200 lvl=warn msg=GetBlockByNumer                         number=442
        t=2026-09-23T12:05:26+0200 lvl=warn msg=GetBlockByNumer                         number=1
        t=2026-09-23T12:05:26+0200 lvl=warn msg=GetBlockByNumer                         number=1
        t=2026-09-23T12:05:26+0200 lvl=warn msg=GetBlockByNumer                         number=442
        t=2026-09-23T12:05:27+0200 lvl=warn msg=GetBlockByNumer                         number=1
        t=2026-09-23T12:05:27+0200 lvl=warn msg=GetBlockByNumer                         number=1
        t=2026-09-23T12:05:27+0200 lvl=warn msg=GetBlockByNumer                         number=442
        t=2026-09-23T12:05:27+0200 lvl=warn msg=GetBlockByNumer                         number=1
        t=2026-09-23T12:05:27+0200 lvl=warn msg=GetBlockByNumer                         number=1
        t=2026-09-23T12:05:27+0200 lvl=warn msg=GetBlockByNumer                         number=442
        t=2026-09-23T12:05:28+0200 lvl=warn msg=GetBlockByNumer                         number=1
        t=2026-09-23T12:05:28+0200 lvl=warn msg=GetBlockByNumer                         number=1
        t=2026-09-23T12:05:28+0200 lvl=warn msg=GetBlockByNumer                         number=442
        t=2026-09-23T12:05:28+0200 lvl=info msg="HOTSTUFF PROPOSAL MANIFEST stored"     from=127.0.0.1:53415 number=444 proposalID=0xf815fec78592b3a5f20ed5c85ca4d68e093751f5f89b7ea919ac328acdb358fb manifestBytes=1222 missing=0 bodyBytes=3356
        t=2026-09-23T12:05:28+0200 lvl=warn msg=GetBlockByNumer                         number=1
        t=2026-09-23T12:05:28+0200 lvl=warn msg=GetBlockByNumer                         number=1
        t=2026-09-23T12:05:28+0200 lvl=warn msg=GetBlockByNumer                         number=442
        t=2026-09-23T12:05:28+0200 lvl=info msg="HOTSTUFF PROPOSAL MANIFEST stored"     from=127.0.0.1:35288 number=445 proposalID=0x6f16bf0340ac3a87293b98bb463545ec1988ac76372b9441d905f4f78413b6c6 manifestBytes=832  missing=0 bodyBytes=832
        t=2026-09-23T12:05:28+0200 lvl=warn msg=GetBlockByNumer                         number=1
        t=2026-09-23T12:05:29+0200 lvl=warn msg=GetBlockByNumer                         number=1
        t=2026-09-23T12:05:29+0200 lvl=warn msg=GetBlockByNumer                         number=443
        t=2026-09-23T12:05:29+0200 lvl=info msg="HOTSTUFF PROPOSAL MANIFEST stored"     from=127.0.0.1:33175 number=446 proposalID=0xdfb71cd2261153de35fcde637f9c87fc7ff52aa9a4dbf58f1c1263650bb9e7ab manifestBytes=1222 missing=0 bodyBytes=3356
        t=2026-09-23T12:05:29+0200 lvl=warn msg=GetBlockByNumer                         number=1
        t=2026-09-23T12:05:29+0200 lvl=warn msg=GetBlockByNumer                         number=1
        t=2026-09-23T12:05:29+0200 lvl=warn msg=GetBlockByNumer                         number=444
        t=2026-09-23T12:05:29+0200 lvl=warn msg=GetBlockByNumer                         number=1
        t=2026-09-23T12:05:29+0200 lvl=warn msg=GetBlockByNumer                         number=444
        t=2026-09-23T12:05:29+0200 lvl=info msg="HOTSTUFF PROPOSAL MANIFEST stored"     from=127.0.0.1:58893 number=447 proposalID=0xf2e9c7a620d624287689e6579b98857e7157243c20a3e08504247fe13144d41e manifestBytes=832  missing=0 bodyBytes=832
        t=2026-09-23T12:05:29+0200 lvl=warn msg=GetBlockByNumer                         number=1
        t=2026-09-23T12:05:29+0200 lvl=warn msg=GetBlockByNumer                         number=444
        t=2026-09-23T12:05:30+0200 lvl=warn msg=GetBlockByNumer                         number=1
        t=2026-09-23T12:05:30+0200 lvl=warn msg=GetBlockByNumer                         number=1
        t=2026-09-23T12:05:30+0200 lvl=warn msg=GetBlockByNumer                         number=1
        t=2026-09-23T12:05:30+0200 lvl=warn msg=GetBlockByNumer                         number=446
        t=2026-09-23T12:05:30+0200 lvl=warn msg=GetBlockByNumer                         number=1
        t=2026-09-23T12:05:30+0200 lvl=warn msg=GetBlockByNumer                         number=446
        t=2026-09-23T12:05:30+0200 lvl=warn msg=GetBlockByNumer                         number=1
        t=2026-09-23T12:05:30+0200 lvl=warn msg=GetBlockByNumer                         number=446
        t=2026-09-23T12:05:32+0200 lvl=info msg="HOTSTUFF PROPOSAL MANIFEST stored"     from=127.0.0.1:33175 number=448 proposalID=0x7671fb205ca41cfbfd194d9680cc56080fdb0fbcce09218f8596549ae9fcd5b2 manifestBytes=1221 missing=1 bodyBytes=1655
        t=2026-09-23T12:05:32+0200 lvl=eror msg="OnPropose wait proposal body"          number=448 proposalID=0x7671fb205ca41cfbfd194d9680cc56080fdb0fbcce09218f8596549ae9fcd5b2 err="hotstuff view state too old"
        t=2026-09-23T12:05:32+0200 lvl=info msg="HOTSTUFF PROPOSAL MANIFEST stored"     from=127.0.0.1:58893 number=449 proposalID=0x885160ebe61b36cedd7a29746247e3b1e8a825a84165a0403789e928c9d1d7bf manifestBytes=832  missing=0 bodyBytes=832
        t=2026-09-23T12:05:33+0200 lvl=info msg="HOTSTUFF PROPOSAL MANIFEST stored"     from=127.0.0.1:53415 number=450 proposalID=0xc760133339cba2b972c7dd75c7e641d860d86e1f870658e561df17363b24fde9 manifestBytes=1221 missing=1 bodyBytes=1655
        t=2026-09-23T12:05:34+0200 lvl=warn msg=GetBlockByNumer                         number=246
        t=2026-09-23T12:05:34+0200 lvl=info msg="HOTSTUFF PROPOSAL REF"                 number=451 viewID=0x94c7d1b8ce9db998f31c7fa2a4743e2fd51013758fd8f284bde0defbdb76b57b proposalID=0x90847ec3a45154714a762f331433f02990be059bb04bb3c3802a9fa481e7da72 blockHash=0x32b69f8051c9eea176ee9ea68d325e1ca5147e51e8092912be415a083e180410 bodyHash=0xfd95b5da93d1e607866201a5f2cac6ec21256231ce78091323c9d6df3e2d79f0 bodySize=832  refBytes=443
        t=2026-09-23T12:05:34+0200 lvl=warn msg="reject new-view before storage"        from=127.0.0.1:37609 viewID=0x94c7d1b8ce9db998f31c7fa2a4743e2fd51013758fd8f284bde0defbdb76b57b err="hotstuff view state too old"
        t=2026-09-23T12:05:36+0200 lvl=info msg="HOTSTUFF PROPOSAL MANIFEST stored"     from=127.0.0.1:37609 number=452 proposalID=0x054e597e6068c9e392ccbe8edb3a12f04b4779f19e5d1501bf171da1d927830e manifestBytes=1222 missing=0 bodyBytes=3356
        t=2026-09-23T12:05:37+0200 lvl=info msg="HOTSTUFF PROPOSAL MANIFEST stored"     from=127.0.0.1:58893 number=453 proposalID=0x0d92196a765a6877f19b426825eaa07fd3c3944e3a3f54ce74a8e397c8fc165e manifestBytes=832  missing=0 bodyBytes=832
        t=2026-09-23T12:05:41+0200 lvl=info msg="HOTSTUFF PROPOSAL MANIFEST stored"     from=127.0.0.1:37609 number=454 proposalID=0x118d5ab559114524b4237d4f61a12f24dec5665ca551bc81414af1893e3e4ff6 manifestBytes=1221 missing=0 bodyBytes=1655
        t=2026-09-23T12:05:41+0200 lvl=info msg="HOTSTUFF PROPOSAL MANIFEST stored"     from=127.0.0.1:33175 number=455 proposalID=0x1a2f8c8c5fd34e3f98c287fb230ba963717b5a810dc532e48526ad7d67926ec8 manifestBytes=1221 missing=0 bodyBytes=1655
        t=2026-09-23T12:05:41+0200 lvl=warn msg="HandleConn drops connection: closed"   address=127.0.0.1:49731 remot=127.0.0.1:33175
        t=2026-09-23T12:05:41+0200 lvl=warn msg=GetBlockByNumer                         number=246
        t=2026-09-23T12:05:41+0200 lvl=info msg="HOTSTUFF PROPOSAL REF"                 number=456 viewID=0x8b6870f968d67962bcba5011f3f3e03059bf369f443eef9d639fad4eab5106b2 proposalID=0x7a912c702b8f11ef64ad6710a0b8696d46782c5404baf6af02f28b3762a644f0 blockHash=0xe3352e596839888f7c95e80c446857edd324dddcb60ba07c568a1db2c5d5ec49 bodyHash=0x4c9709955d81524a98d6e8eafff5855c0df689db1cab99f6db17167270edf4d8 bodySize=832  refBytes=443
        t=2026-09-23T12:05:44+0200 lvl=warn msg=GetBlockByNumer                         number=246
        t=2026-09-23T12:05:44+0200 lvl=info msg="HOTSTUFF PROPOSAL REF"                 number=457 viewID=0xabcb7600ba2f3c286e8a676bf9d95e14d359a971781362e1a9c2d3d339835542 proposalID=0xf403785bf88e678261dd8680461b7368cdef4bf1ac171aa698f5b81ad25a6796 blockHash=0x3e36a2ede434a3f7b161ef5d2cdc6e0b7b480a304073f001495460944be110b2 bodyHash=0xfa4bb76a0a8c69e8c9db124871e3505e2ae4a929f9ddf98798c398ec8a371326 bodySize=3880 refBytes=446
        t=2026-09-23T12:05:44+0200 lvl=warn msg="Send msg try again"                    address=[::]:49731      Couldn't send to=127.0.0.1:45292 error="Operation Canceled"
        t=2026-09-23T12:05:44+0200 lvl=eror msg=CloseConnect                            =[::]:49731 having error closing conn to=127.0.0.1:45292 error="Connection Closed"
        t=2026-09-23T12:05:44+0200 lvl=info msg="HOTSTUFF PROPOSAL MANIFEST stored"     from=127.0.0.1:35288 number=458 proposalID=0x4ecbac17c44098af0e7ef7ce3f618d16fad39d9a665bfcfef722311eb75943b8 manifestBytes=832  missing=0 bodyBytes=832
        t=2026-09-23T12:05:44+0200 lvl=warn msg="HandleConn drops connection: closed"   address=127.0.0.1:49731 remot=127.0.0.1:35288
        t=2026-09-23T12:05:44+0200 lvl=info msg="HOTSTUFF PROPOSAL MANIFEST stored"     from=127.0.0.1:35288 number=458 proposalID=0x4ecbac17c44098af0e7ef7ce3f618d16fad39d9a665bfcfef722311eb75943b8 manifestBytes=832  missing=0 bodyBytes=832
        t=2026-09-23T12:05:44+0200 lvl=warn msg=GetBlockByNumer                         number=246
        t=2026-09-23T12:05:44+0200 lvl=info msg="HOTSTUFF PROPOSAL REF"                 number=459 viewID=0xff5e7ac18287fcd1d7dec7a5483b0e7f9180b7487b91c9bf17ef0dde9236e5b1 proposalID=0x0d7b52dff09c718f5e1cb13c1642f3dc5dec30bbd56b3486a8169253ac987f5c blockHash=0xfdeb157cfb7979c95aa21480387177afb8e2a1e24393c852555ecee80b800fe9 bodyHash=0x7b0037b1f716a43e3f195547e781cf479f610c0d8cfbce1f4cfaab5d1078653d bodySize=3880 refBytes=446
        t=2026-09-23T12:05:45+0200 lvl=warn msg="reject new-view before storage"        from=127.0.0.1:58893 viewID=0xff5e7ac18287fcd1d7dec7a5483b0e7f9180b7487b91c9bf17ef0dde9236e5b1 err="hotstuff view state too old"
        t=2026-09-23T12:05:45+0200 lvl=info msg="HOTSTUFF PROPOSAL MANIFEST stored"     from=127.0.0.1:35288 number=460 proposalID=0xcb1e9ccc3bcdfcb482ba0ccc16457227744863d2f677d754d72d7c0980f2b115 manifestBytes=832  missing=0 bodyBytes=832
        t=2026-09-23T12:05:48+0200 lvl=info msg="HOTSTUFF PROPOSAL MANIFEST stored"     from=127.0.0.1:33175 number=461 proposalID=0x1e1157b95b434ad6cb422ba6141d64c4dc28ebf646aaea23a3e569c47835e659 manifestBytes=1221 missing=0 bodyBytes=1655
        t=2026-09-23T12:05:48+0200 lvl=info msg="HOTSTUFF PROPOSAL MANIFEST stored"     from=127.0.0.1:35288 number=462 proposalID=0x7ad087789f2c614b9ffe47c4d384ea2ed6398d66893c52cf3e8e51731fd2a9c0 manifestBytes=1221 missing=0 bodyBytes=1655
        t=2026-09-23T12:05:49+0200 lvl=warn msg="HandleConn drops connection: closed"   address=127.0.0.1:49731 remot=127.0.0.1:37609
        t=2026-09-23T12:05:49+0200 lvl=eror msg="OnPropose wait proposal body"          number=463 proposalID=0xc08d2c8ded34aff980737c9a0682601c27f16b20ffa9bef5f87057a014df4d5f err="hotstuff view state too old"
        t=2026-09-23T12:05:49+0200 lvl=info msg="HOTSTUFF PROPOSAL REPAIR REQUEST"      to=127.0.0.1:37609 number=463 proposalID=0xc08d2c8ded34aff980737c9a0682601c27f16b20ffa9bef5f87057a014df4d5f missing=0 attempt=0
        t=2026-09-23T12:05:49+0200 lvl=info msg="HOTSTUFF PROPOSAL MANIFEST stored"     from=127.0.0.1:37609 number=463 proposalID=0xc08d2c8ded34aff980737c9a0682601c27f16b20ffa9bef5f87057a014df4d5f manifestBytes=832  missing=0 bodyBytes=832
        t=2026-09-23T12:05:52+0200 lvl=info msg="HOTSTUFF PROPOSAL MANIFEST stored"     from=127.0.0.1:45292 number=464 proposalID=0xda40fa452942cf67caeec24c36e0f75a32e3dfbaa3f3fb7fbc7f87ca0533b0c2 manifestBytes=1222 missing=0 bodyBytes=3356
        t=2026-09-23T12:05:52+0200 lvl=info msg="HOTSTUFF PROPOSAL MANIFEST stored"     from=127.0.0.1:37609 number=465 proposalID=0x2aad5c35a5fbf69519f874335aab0b7e54239a97b8f9dad005c0fdcaacb286d2 manifestBytes=832  missing=0 bodyBytes=832
        t=2026-09-23T12:05:53+0200 lvl=info msg="HOTSTUFF PROPOSAL MANIFEST stored"     from=127.0.0.1:37609 number=466 proposalID=0xf9508cf7385b5b2075fba48a90b34e60e4e695c146537efef1cb8f4fbb0dd380 manifestBytes=1222 missing=0 bodyBytes=3356
        t=2026-09-23T12:05:54+0200 lvl=info msg="HOTSTUFF PROPOSAL MANIFEST stored"     from=127.0.0.1:58893 number=467 proposalID=0x00e469bcd9743cc9c7dbc481bbbb5e640a150ff12ebf085a7d4ced74ea9dfbd6 manifestBytes=832  missing=0 bodyBytes=832
        t=2026-09-23T12:05:57+0200 lvl=info msg="HOTSTUFF PROPOSAL MANIFEST stored"     from=127.0.0.1:33175 number=468 proposalID=0x89a4bf0618606b8fdb929d807b8bddcb57d9f641e9ac1e66f1564dfffdada3cc manifestBytes=1221 missing=0 bodyBytes=1655
        t=2026-09-23T12:05:58+0200 lvl=info msg="HOTSTUFF PROPOSAL MANIFEST stored"     from=127.0.0.1:35288 number=469 proposalID=0x6d222bcff31c27eff64cdfe2fd4b9f8ee17623b1c9d1d860d8f178f67e133e6c manifestBytes=832  missing=0 bodyBytes=832
        t=2026-09-23T12:05:59+0200 lvl=info msg="HOTSTUFF PROPOSAL MANIFEST stored"     from=127.0.0.1:33175 number=470 proposalID=0x09afa455a459b7efb738f851466857a146dd049a79dac78d61ecd746cb04b71a manifestBytes=1221 missing=0 bodyBytes=1655
        t=2026-09-23T12:06:00+0200 lvl=warn msg=GetBlockByNumer                         number=246
        t=2026-09-23T12:06:00+0200 lvl=info msg="HOTSTUFF PROPOSAL REF"                 number=471 viewID=0x18d515ba17a86ac97427387022ad0444e84ea35928f8b0deb8d42d040760796f proposalID=0x8ee119e2f3835f9f7f683e15a24ebed53ccbc75caa2680b0804d588864c3abca blockHash=0x7de3f6af37a033046103540be86bc6aa6bf97f799b20d1058202ea2c76afd0f6 bodyHash=0xf891d82e15609eda5e1a3bf007ca8a71a742cd4d73b0504b62d552a36b272b46 bodySize=832  refBytes=443
        t=2026-09-23T12:06:00+0200 lvl=warn msg="Send msg try again"                    address=[::]:49731      Couldn't send to=127.0.0.1:58893 error="Operation Canceled"
        t=2026-09-23T12:06:00+0200 lvl=eror msg=CloseConnect                            =[::]:49731 having error closing conn to=127.0.0.1:40751 error="Connection Closed"
        t=2026-09-23T12:06:02+0200 lvl=info msg="HOTSTUFF PROPOSAL MANIFEST stored"     from=127.0.0.1:53415 number=472 proposalID=0x2aae9f8b3b9964961e3e8be471600cd3481743d53719a670af6e335db0760646 manifestBytes=1222 missing=0 bodyBytes=3356
        t=2026-09-23T12:06:02+0200 lvl=info msg="HOTSTUFF PROPOSAL MANIFEST stored"     from=127.0.0.1:53415 number=473 proposalID=0xe33c1835c20ea534a53da9f69f0be73431ba04972a7e79520b5e786e455b2ff3 manifestBytes=832  missing=0 bodyBytes=832
        t=2026-09-23T12:06:04+0200 lvl=info msg="HOTSTUFF PROPOSAL MANIFEST stored"     from=127.0.0.1:37609 number=474 proposalID=0x00357de8e2fbe05e71f61f66010e93f1490c991d6c2bce6069b403d3830a901d manifestBytes=1222 missing=0 bodyBytes=3356
        t=2026-09-23T12:06:04+0200 lvl=warn msg=GetBlockByNumer                         number=246
        t=2026-09-23T12:06:04+0200 lvl=info msg="HOTSTUFF PROPOSAL REF"                 number=475 viewID=0x122e6081a9dc8f755b00dd66134bd0168f022c4c611dde8809b52d5ec55b08e7 proposalID=0xd206815cdf22843eb9f8094db116b5bdb04f9a8f20017dde46bfcb7a349adc19 blockHash=0x784fc01e61f87a77a99bede90e0f7dad2e8897996c6c6f4c97e63031a154bb01 bodyHash=0xf63fa44668d177cedbb7f253504e24884816887cbaaab32b875185e9d8fa0656 bodySize=832  refBytes=443
        t=2026-09-23T12:06:04+0200 lvl=warn msg="Send msg try again"                    address=[::]:49731      Couldn't send to=127.0.0.1:58893 error="Operation Canceled"
        t=2026-09-23T12:06:04+0200 lvl=warn msg="Send msg try again"                    address=[::]:49731      Couldn't send to=127.0.0.1:37609 error="Operation Canceled"
        t=2026-09-23T12:06:04+0200 lvl=warn msg="Send msg try again"                    address=[::]:49731      Couldn't send to=127.0.0.1:35288 error="Operation Canceled"
        t=2026-09-23T12:06:04+0200 lvl=warn msg="Send msg try again"                    address=[::]:49731      Couldn't send to=127.0.0.1:45292 error="Operation Canceled"
        t=2026-09-23T12:06:04+0200 lvl=warn msg="Send msg try again"                    address=[::]:49731      Couldn't send to=127.0.0.1:35288 error="Operation Canceled"
        t=2026-09-23T12:06:04+0200 lvl=eror msg=CloseConnect                            =[::]:49731 having error closing conn to=127.0.0.1:58893 error="Connection Closed"
        t=2026-09-23T12:06:04+0200 lvl=eror msg=CloseConnect                            =[::]:49731 having error closing conn to=127.0.0.1:51361 error="Connection Closed"
        t=2026-09-23T12:06:04+0200 lvl=eror msg=CloseConnect                            =[::]:49731 having error closing conn to=127.0.0.1:45479 error="Connection Closed"
        t=2026-09-23T12:06:04+0200 lvl=eror msg=CloseConnect                            =[::]:49731 having error closing conn to=127.0.0.1:45292 error="Connection Closed"
        t=2026-09-23T12:06:06+0200 lvl=info msg="HOTSTUFF PROPOSAL MANIFEST stored"     from=127.0.0.1:35288 number=476 proposalID=0x74ae4e600e07cc12997499c88d0198d6ad376f292eef4834358e712c55310d47 manifestBytes=1221 missing=0 bodyBytes=1655
        t=2026-09-23T12:06:07+0200 lvl=warn msg="reject new-view before storage"        from=127.0.0.1:35288 viewID=0x5bba6bad5b3c84f5f67bea851850df3ab8b902a963dcfcab10df770bc95906e2 err="hotstuff proposal validation pending"
        t=2026-09-23T12:06:07+0200 lvl=warn msg=GetBlockByNumer                         number=246
        t=2026-09-23T12:06:07+0200 lvl=info msg="HOTSTUFF PROPOSAL REF"                 number=477 viewID=0x5bba6bad5b3c84f5f67bea851850df3ab8b902a963dcfcab10df770bc95906e2 proposalID=0x3ccc488e8f0d73bded814d7fd0224b748cc71f3585ca3ce9c58b1fb3289f53b8 blockHash=0x602ff3bf11c373614c83e5066eec81528792fe8d4683bae2cc313588a13bc311 bodyHash=0x1ae09854262f4508da04564944d35ecff3c56c25f3f6924aa7fd2526f76849c9 bodySize=832  refBytes=443
        t=2026-09-23T12:06:08+0200 lvl=info msg="HOTSTUFF PROPOSAL MANIFEST stored"     from=127.0.0.1:37609 number=478 proposalID=0x3615613806d8054cafb3dca943a5336ed92d36d5aa02aeed9baa46f626279948 manifestBytes=1221 missing=0 bodyBytes=1655
        t=2026-09-23T12:06:08+0200 lvl=warn msg="HandleConn drops connection: closed"   address=127.0.0.1:49731 remot=127.0.0.1:37609
        t=2026-09-23T12:06:08+0200 lvl=info msg="HOTSTUFF PROPOSAL MANIFEST stored"     from=127.0.0.1:37609 number=478 proposalID=0x3615613806d8054cafb3dca943a5336ed92d36d5aa02aeed9baa46f626279948 manifestBytes=1221 missing=0 bodyBytes=1655
        t=2026-09-23T12:06:08+0200 lvl=warn msg=GetBlockByNumer                         number=246
        t=2026-09-23T12:06:08+0200 lvl=info msg="HOTSTUFF PROPOSAL REF"                 number=479 viewID=0x3ce11fd1456e80b45aae6da00b95033592a42e97f89a59e07625bd681b37ce13 proposalID=0x1f478699a6aaab40cf3897d525d6728394c296be3d381877d494747b386e96ac blockHash=0x2346346137bbaf913ae2abcf183e73949cf092aef90355298088f12f942a246f bodyHash=0xac6d23471f29957d6dc1e94da72f798ca89457e2c6676c8763fb56b32ef410fc bodySize=832  refBytes=443
        t=2026-09-23T12:06:08+0200 lvl=warn msg="Send msg try again"                    address=[::]:49731      Couldn't send to=127.0.0.1:45292 error="Operation Canceled"
        t=2026-09-23T12:06:08+0200 lvl=eror msg=CloseConnect                            =[::]:49731 having error closing conn to=127.0.0.1:45292 error="Connection Closed"
        t=2026-09-23T12:06:09+0200 lvl=warn msg="reject new-view before storage"        from=127.0.0.1:53415 viewID=0x3ce11fd1456e80b45aae6da00b95033592a42e97f89a59e07625bd681b37ce13 err="hotstuff view state too old"
        t=2026-09-23T12:06:10+0200 lvl=warn msg=GetBlockByNumer                         number=246
        t=2026-09-23T12:06:10+0200 lvl=info msg="HOTSTUFF PROPOSAL REF"                 number=480 viewID=0x91b32028f4d1bf519725ebbde6d342ee492a982a546a47e1f864e50f49221451 proposalID=0x663be0569d07cc3c32f936de94e1da453c2e283d90493a274b6326a997cd3bbc blockHash=0xa09527223683bd76cc8e9fc38379d731795c06590c42d2ef94efd5786825e843 bodyHash=0x0d16716c2eab5c87297631298ac8e1107813780a7415cfb5c4b9b38d1c00bc91 bodySize=3356 refBytes=446
        t=2026-09-23T12:06:11+0200 lvl=info msg="HOTSTUFF PROPOSAL MANIFEST stored"     from=127.0.0.1:35288 number=481 proposalID=0x431541118267a41f6a001d0811af2b77dce9f6dd54e0b8820ffceaae689533ac manifestBytes=832  missing=0 bodyBytes=832
        t=2026-09-23T12:06:12+0200 lvl=info msg="HOTSTUFF PROPOSAL MANIFEST stored"     from=127.0.0.1:37609 number=482 proposalID=0x40a83ec227f3ebd521e08223e7629a9e0e011a464e314bed75d049e0d6d72d2d manifestBytes=1222 missing=0 bodyBytes=3356
    fhs_process_recovery_test.go:236: validator 1186620 complete log: /tmp/fhs-process-failure-2087587067.log
    fhs_process_recovery_test.go:241: validator 1186620 log tail:
        1
        t=2026-09-23T12:05:18+0200 lvl=warn msg=GetBlockByNumer                         number=1
        t=2026-09-23T12:05:18+0200 lvl=warn msg=GetBlockByNumer                         number=436
        t=2026-09-23T12:05:18+0200 lvl=warn msg=GetBlockByNumer                         number=1
        t=2026-09-23T12:05:18+0200 lvl=warn msg=GetBlockByNumer                         number=1
        t=2026-09-23T12:05:18+0200 lvl=warn msg=GetBlockByNumer                         number=436
        t=2026-09-23T12:05:19+0200 lvl=info msg="HOTSTUFF PROPOSAL MANIFEST stored"     from=127.0.0.1:33175 number=438 proposalID=0x1d7f4bb30659f21811d1b62c559094c712b8c168fc9f8aee884bb869a6d51da8 manifestBytes=1222 missing=1 bodyBytes=3356
        t=2026-09-23T12:05:19+0200 lvl=warn msg=GetBlockByNumer                         number=1
        t=2026-09-23T12:05:19+0200 lvl=warn msg=GetBlockByNumer                         number=1
        t=2026-09-23T12:05:19+0200 lvl=eror msg="OnPropose wait proposal body"          number=438 proposalID=0x1d7f4bb30659f21811d1b62c559094c712b8c168fc9f8aee884bb869a6d51da8 err="hotstuff view state too old"
        t=2026-09-23T12:05:19+0200 lvl=warn msg=GetBlockByNumer                         number=436
        t=2026-09-23T12:05:19+0200 lvl=warn msg=GetBlockByNumer                         number=1
        t=2026-09-23T12:05:19+0200 lvl=info msg="HOTSTUFF PROPOSAL MANIFEST stored"     from=127.0.0.1:58893 number=439 proposalID=0x204b98d704fc8b42a6b362f7a8f19751dd2f53a3af5582f1673756da25a73665 manifestBytes=832  missing=0 bodyBytes=832
        t=2026-09-23T12:05:19+0200 lvl=warn msg=GetBlockByNumer                         number=1
        t=2026-09-23T12:05:19+0200 lvl=warn msg=GetBlockByNumer                         number=1
        t=2026-09-23T12:05:20+0200 lvl=warn msg=GetBlockByNumer                         number=437
        t=2026-09-23T12:05:20+0200 lvl=warn msg=GetBlockByNumer                         number=1
        t=2026-09-23T12:05:20+0200 lvl=warn msg=GetBlockByNumer                         number=1
        t=2026-09-23T12:05:20+0200 lvl=warn msg=GetBlockByNumer                         number=438
        t=2026-09-23T12:05:21+0200 lvl=info msg="HOTSTUFF PROPOSAL MANIFEST stored"     from=127.0.0.1:33175 number=440 proposalID=0x055ec0d0d55a2ecb3e47095fe49369d2009177df3d2d11342e2065694ad36862 manifestBytes=1222 missing=0 bodyBytes=3356
        t=2026-09-23T12:05:21+0200 lvl=warn msg=GetBlockByNumer                         number=1
        t=2026-09-23T12:05:21+0200 lvl=warn msg=GetBlockByNumer                         number=1
        t=2026-09-23T12:05:21+0200 lvl=warn msg=GetBlockByNumer                         number=438
        t=2026-09-23T12:05:21+0200 lvl=info msg="HOTSTUFF PROPOSAL MANIFEST stored"     from=127.0.0.1:49731 number=441 proposalID=0x38b40292515523024f4714dafe55fbae66c1760c06d6dcdc52f5da37b93eb063 manifestBytes=832  missing=0 bodyBytes=832
        t=2026-09-23T12:05:21+0200 lvl=warn msg=GetBlockByNumer                         number=1
        t=2026-09-23T12:05:22+0200 lvl=warn msg=GetBlockByNumer                         number=1
        t=2026-09-23T12:05:22+0200 lvl=warn msg=GetBlockByNumer                         number=439
        t=2026-09-23T12:05:22+0200 lvl=warn msg=GetBlockByNumer                         number=1
        t=2026-09-23T12:05:22+0200 lvl=warn msg=GetBlockByNumer                         number=1
        t=2026-09-23T12:05:22+0200 lvl=warn msg=GetBlockByNumer                         number=440
        t=2026-09-23T12:05:22+0200 lvl=warn msg=GetBlockByNumer                         number=1
        t=2026-09-23T12:05:22+0200 lvl=warn msg=GetBlockByNumer                         number=1
        t=2026-09-23T12:05:22+0200 lvl=warn msg=GetBlockByNumer                         number=440
        t=2026-09-23T12:05:23+0200 lvl=warn msg=GetBlockByNumer                         number=1
        t=2026-09-23T12:05:23+0200 lvl=warn msg=GetBlockByNumer                         number=1
        t=2026-09-23T12:05:23+0200 lvl=warn msg=GetBlockByNumer                         number=440
        t=2026-09-23T12:05:23+0200 lvl=warn msg=GetBlockByNumer                         number=1
        t=2026-09-23T12:05:24+0200 lvl=warn msg=GetBlockByNumer                         number=1
        t=2026-09-23T12:05:24+0200 lvl=warn msg=GetBlockByNumer                         number=440
        t=2026-09-23T12:05:24+0200 lvl=info msg="HOTSTUFF PROPOSAL MANIFEST stored"     from=127.0.0.1:33175 number=442 proposalID=0x757b95ae7cf80a6e344acfaf7b4df660a089fffb987e07336d8a5451c64851a5 manifestBytes=1222 missing=0 bodyBytes=3356
        t=2026-09-23T12:05:24+0200 lvl=warn msg=GetBlockByNumer                         number=1
        t=2026-09-23T12:05:24+0200 lvl=warn msg=GetBlockByNumer                         number=1
        t=2026-09-23T12:05:24+0200 lvl=warn msg=GetBlockByNumer                         number=440
        t=2026-09-23T12:05:25+0200 lvl=warn msg=GetBlockByNumer                         number=246
        t=2026-09-23T12:05:25+0200 lvl=info msg="HOTSTUFF PROPOSAL REF"                 number=443 viewID=0xc4b4ceaee1e4450189cb13089c3287d1772bb34af0dec552394d146913afbf0b proposalID=0x4e2e0957706b84fd680a6740fef90cc4ad1214b69e021ccb889db6dd7d167d66 blockHash=0x9f58d7b0e6c95aad8dcd657a6e3b9d8db1fdb80a2d0fda055030e0391897d92a bodyHash=0x97654aed4218f15f7b617b4e29c97fe61227b6fd1af693298d7a2d43755b7c98 bodySize=832  refBytes=443
        t=2026-09-23T12:05:25+0200 lvl=warn msg=GetBlockByNumer                         number=1
        t=2026-09-23T12:05:25+0200 lvl=warn msg="reject new-view before storage"        from=127.0.0.1:35288 viewID=0xc4b4ceaee1e4450189cb13089c3287d1772bb34af0dec552394d146913afbf0b err="hotstuff view state too old"
        t=2026-09-23T12:05:25+0200 lvl=warn msg=GetBlockByNumer                         number=1
        t=2026-09-23T12:05:25+0200 lvl=warn msg=GetBlockByNumer                         number=1
        t=2026-09-23T12:05:25+0200 lvl=warn msg=GetBlockByNumer                         number=441
        t=2026-09-23T12:05:25+0200 lvl=warn msg=GetBlockByNumer                         number=1
        t=2026-09-23T12:05:25+0200 lvl=warn msg=GetBlockByNumer                         number=1
        t=2026-09-23T12:05:25+0200 lvl=warn msg=GetBlockByNumer                         number=442
        t=2026-09-23T12:05:26+0200 lvl=warn msg=GetBlockByNumer                         number=1
        t=2026-09-23T12:05:26+0200 lvl=warn msg=GetBlockByNumer                         number=1
        t=2026-09-23T12:05:26+0200 lvl=warn msg=GetBlockByNumer                         number=442
        t=2026-09-23T12:05:26+0200 lvl=warn msg=GetBlockByNumer                         number=1
        t=2026-09-23T12:05:26+0200 lvl=warn msg=GetBlockByNumer                         number=1
        t=2026-09-23T12:05:26+0200 lvl=warn msg=GetBlockByNumer                         number=442
        t=2026-09-23T12:05:27+0200 lvl=warn msg=GetBlockByNumer                         number=1
        t=2026-09-23T12:05:27+0200 lvl=warn msg=GetBlockByNumer                         number=1
        t=2026-09-23T12:05:27+0200 lvl=warn msg=GetBlockByNumer                         number=442
        t=2026-09-23T12:05:27+0200 lvl=warn msg=GetBlockByNumer                         number=1
        t=2026-09-23T12:05:27+0200 lvl=warn msg=GetBlockByNumer                         number=1
        t=2026-09-23T12:05:27+0200 lvl=warn msg=GetBlockByNumer                         number=442
        t=2026-09-23T12:05:28+0200 lvl=warn msg=GetBlockByNumer                         number=1
        t=2026-09-23T12:05:28+0200 lvl=warn msg=GetBlockByNumer                         number=1
        t=2026-09-23T12:05:28+0200 lvl=warn msg=GetBlockByNumer                         number=442
        t=2026-09-23T12:05:28+0200 lvl=warn msg=GetBlockByNumer                         number=246
        t=2026-09-23T12:05:28+0200 lvl=info msg="HOTSTUFF PROPOSAL REF"                 number=444 viewID=0x088b54d778c3218c1cfc14988ce6a6dbfe6d18085acc4dee8e930b8ad5eb3575 proposalID=0xf815fec78592b3a5f20ed5c85ca4d68e093751f5f89b7ea919ac328acdb358fb blockHash=0xa6e8e142b787238e75c7f414718529722644ff3a2a2e676db3545901f211c251 bodyHash=0xc792508c5dd4f499b2dd4f5a223516e51987bc39007ab746257bdbee2522fb4c bodySize=3356 refBytes=446
        t=2026-09-23T12:05:28+0200 lvl=warn msg=GetBlockByNumer                         number=1
        t=2026-09-23T12:05:28+0200 lvl=warn msg=GetBlockByNumer                         number=1
        t=2026-09-23T12:05:28+0200 lvl=warn msg=GetBlockByNumer                         number=442
        t=2026-09-23T12:05:28+0200 lvl=warn msg=GetBlockByNumer                         number=1
        t=2026-09-23T12:05:28+0200 lvl=info msg="HOTSTUFF PROPOSAL MANIFEST stored"     from=127.0.0.1:35288 number=445 proposalID=0x6f16bf0340ac3a87293b98bb463545ec1988ac76372b9441d905f4f78413b6c6 manifestBytes=832  missing=0 bodyBytes=832
        t=2026-09-23T12:05:29+0200 lvl=warn msg=GetBlockByNumer                         number=1
        t=2026-09-23T12:05:29+0200 lvl=warn msg=GetBlockByNumer                         number=443
        t=2026-09-23T12:05:29+0200 lvl=info msg="HOTSTUFF PROPOSAL MANIFEST stored"     from=127.0.0.1:33175 number=446 proposalID=0xdfb71cd2261153de35fcde637f9c87fc7ff52aa9a4dbf58f1c1263650bb9e7ab manifestBytes=1222 missing=0 bodyBytes=3356
        t=2026-09-23T12:05:29+0200 lvl=warn msg=GetBlockByNumer                         number=1
        t=2026-09-23T12:05:29+0200 lvl=warn msg=GetBlockByNumer                         number=1
        t=2026-09-23T12:05:29+0200 lvl=warn msg=GetBlockByNumer                         number=444
        t=2026-09-23T12:05:29+0200 lvl=warn msg=GetBlockByNumer                         number=1
        t=2026-09-23T12:05:29+0200 lvl=warn msg=GetBlockByNumer                         number=444
        t=2026-09-23T12:05:29+0200 lvl=warn msg=GetBlockByNumer                         number=1
        t=2026-09-23T12:05:29+0200 lvl=info msg="HOTSTUFF PROPOSAL MANIFEST stored"     from=127.0.0.1:58893 number=447 proposalID=0xf2e9c7a620d624287689e6579b98857e7157243c20a3e08504247fe13144d41e manifestBytes=832  missing=0 bodyBytes=832
        t=2026-09-23T12:05:29+0200 lvl=warn msg=GetBlockByNumer                         number=444
        t=2026-09-23T12:05:30+0200 lvl=warn msg=GetBlockByNumer                         number=1
        t=2026-09-23T12:05:30+0200 lvl=warn msg=GetBlockByNumer                         number=1
        t=2026-09-23T12:05:30+0200 lvl=warn msg=GetBlockByNumer                         number=1
        t=2026-09-23T12:05:30+0200 lvl=warn msg=GetBlockByNumer                         number=446
        t=2026-09-23T12:05:30+0200 lvl=warn msg=GetBlockByNumer                         number=1
        t=2026-09-23T12:05:30+0200 lvl=warn msg=GetBlockByNumer                         number=446
        t=2026-09-23T12:05:30+0200 lvl=warn msg=GetBlockByNumer                         number=1
        t=2026-09-23T12:05:30+0200 lvl=warn msg=GetBlockByNumer                         number=446
        t=2026-09-23T12:05:32+0200 lvl=info msg="HOTSTUFF PROPOSAL MANIFEST stored"     from=127.0.0.1:33175 number=448 proposalID=0x7671fb205ca41cfbfd194d9680cc56080fdb0fbcce09218f8596549ae9fcd5b2 manifestBytes=1221 missing=0 bodyBytes=1655
        t=2026-09-23T12:05:32+0200 lvl=info msg="HOTSTUFF PROPOSAL MANIFEST stored"     from=127.0.0.1:58893 number=449 proposalID=0x885160ebe61b36cedd7a29746247e3b1e8a825a84165a0403789e928c9d1d7bf manifestBytes=832  missing=0 bodyBytes=832
        t=2026-09-23T12:05:33+0200 lvl=warn msg="reject new-view before storage"        from=127.0.0.1:45292 viewID=0x0ee2f72706a7b53f453d3a81aff47c4a793437e49892b5da2f7d757b183573dc err="hotstuff proposal validation pending"
        t=2026-09-23T12:05:33+0200 lvl=warn msg=GetBlockByNumer                         number=246
        t=2026-09-23T12:05:33+0200 lvl=info msg="HOTSTUFF PROPOSAL REF"                 number=450 viewID=0x0ee2f72706a7b53f453d3a81aff47c4a793437e49892b5da2f7d757b183573dc proposalID=0xc760133339cba2b972c7dd75c7e641d860d86e1f870658e561df17363b24fde9 blockHash=0x7587d5d212418b1baae20b3f443784563488a896d20c4dfe5a687ca9de7e2d0c bodyHash=0x603984d7fc8945f7ce2e389dfce484737af61df816ce490430d053c7274d4c09 bodySize=1655 refBytes=446
        t=2026-09-23T12:05:33+0200 lvl=warn msg="Send msg try again"                    address=[::]:53415      Couldn't send to=127.0.0.1:33175 error="Operation Canceled"
        t=2026-09-23T12:05:33+0200 lvl=warn msg="Send msg try again"                    address=[::]:53415      Couldn't send to=127.0.0.1:33175 error="Unknown Error"
        t=2026-09-23T12:05:33+0200 lvl=warn msg="Send msg try again"                    address=[::]:53415      Couldn't send to=127.0.0.1:35288 error="Operation Canceled"
        t=2026-09-23T12:05:33+0200 lvl=eror msg=CloseConnect                            =[::]:53415 having error closing conn to=127.0.0.1:59740 error="Connection Closed"
        t=2026-09-23T12:05:33+0200 lvl=eror msg=CloseConnect                            =[::]:53415 having error closing conn to=127.0.0.1:52815 error="Connection Closed"
        t=2026-09-23T12:05:34+0200 lvl=info msg="HOTSTUFF PROPOSAL MANIFEST stored"     from=127.0.0.1:49731 number=451 proposalID=0x90847ec3a45154714a762f331433f02990be059bb04bb3c3802a9fa481e7da72 manifestBytes=832  missing=0 bodyBytes=832
        t=2026-09-23T12:05:36+0200 lvl=info msg="HOTSTUFF PROPOSAL MANIFEST stored"     from=127.0.0.1:37609 number=452 proposalID=0x054e597e6068c9e392ccbe8edb3a12f04b4779f19e5d1501bf171da1d927830e manifestBytes=1222 missing=0 bodyBytes=3356
        t=2026-09-23T12:05:37+0200 lvl=info msg="HOTSTUFF PROPOSAL MANIFEST stored"     from=127.0.0.1:58893 number=453 proposalID=0x0d92196a765a6877f19b426825eaa07fd3c3944e3a3f54ce74a8e397c8fc165e manifestBytes=832  missing=0 bodyBytes=832
        t=2026-09-23T12:05:41+0200 lvl=info msg="HOTSTUFF PROPOSAL MANIFEST stored"     from=127.0.0.1:37609 number=454 proposalID=0x118d5ab559114524b4237d4f61a12f24dec5665ca551bc81414af1893e3e4ff6 manifestBytes=1221 missing=0 bodyBytes=1655
        t=2026-09-23T12:05:41+0200 lvl=info msg="HOTSTUFF PROPOSAL MANIFEST stored"     from=127.0.0.1:33175 number=455 proposalID=0x1a2f8c8c5fd34e3f98c287fb230ba963717b5a810dc532e48526ad7d67926ec8 manifestBytes=1221 missing=0 bodyBytes=1655
        t=2026-09-23T12:05:41+0200 lvl=info msg="HOTSTUFF PROPOSAL MANIFEST stored"     from=127.0.0.1:49731 number=456 proposalID=0x7a912c702b8f11ef64ad6710a0b8696d46782c5404baf6af02f28b3762a644f0 manifestBytes=832  missing=0 bodyBytes=832
        t=2026-09-23T12:05:44+0200 lvl=info msg="HOTSTUFF PROPOSAL MANIFEST stored"     from=127.0.0.1:49731 number=457 proposalID=0xf403785bf88e678261dd8680461b7368cdef4bf1ac171aa698f5b81ad25a6796 manifestBytes=1222 missing=1 bodyBytes=3880
        t=2026-09-23T12:05:44+0200 lvl=eror msg="OnPropose wait proposal body"          number=457 proposalID=0xf403785bf88e678261dd8680461b7368cdef4bf1ac171aa698f5b81ad25a6796 err="hotstuff view state too old"
        t=2026-09-23T12:05:44+0200 lvl=info msg="HOTSTUFF PROPOSAL MANIFEST stored"     from=127.0.0.1:35288 number=458 proposalID=0x4ecbac17c44098af0e7ef7ce3f618d16fad39d9a665bfcfef722311eb75943b8 manifestBytes=832  missing=0 bodyBytes=832
        t=2026-09-23T12:05:45+0200 lvl=info msg="HOTSTUFF PROPOSAL MANIFEST stored"     from=127.0.0.1:49731 number=459 proposalID=0x0d7b52dff09c718f5e1cb13c1642f3dc5dec30bbd56b3486a8169253ac987f5c manifestBytes=1222 missing=0 bodyBytes=3880
        t=2026-09-23T12:05:45+0200 lvl=info msg="HOTSTUFF PROPOSAL MANIFEST stored"     from=127.0.0.1:35288 number=460 proposalID=0xcb1e9ccc3bcdfcb482ba0ccc16457227744863d2f677d754d72d7c0980f2b115 manifestBytes=832  missing=0 bodyBytes=832
        t=2026-09-23T12:05:48+0200 lvl=info msg="HOTSTUFF PROPOSAL MANIFEST stored"     from=127.0.0.1:33175 number=461 proposalID=0x1e1157b95b434ad6cb422ba6141d64c4dc28ebf646aaea23a3e569c47835e659 manifestBytes=1221 missing=0 bodyBytes=1655
        t=2026-09-23T12:05:48+0200 lvl=info msg="HOTSTUFF PROPOSAL MANIFEST stored"     from=127.0.0.1:35288 number=462 proposalID=0x7ad087789f2c614b9ffe47c4d384ea2ed6398d66893c52cf3e8e51731fd2a9c0 manifestBytes=1221 missing=0 bodyBytes=1655
        t=2026-09-23T12:05:49+0200 lvl=warn msg="HandleConn drops connection: closed"   address=127.0.0.1:53415 remot=127.0.0.1:37609
        t=2026-09-23T12:05:49+0200 lvl=eror msg="OnPropose wait proposal body"          number=463 proposalID=0xc08d2c8ded34aff980737c9a0682601c27f16b20ffa9bef5f87057a014df4d5f err="hotstuff view state too old"
        t=2026-09-23T12:05:49+0200 lvl=info msg="HOTSTUFF PROPOSAL REPAIR REQUEST"      to=127.0.0.1:37609 number=463 proposalID=0xc08d2c8ded34aff980737c9a0682601c27f16b20ffa9bef5f87057a014df4d5f missing=0 attempt=0
        t=2026-09-23T12:05:49+0200 lvl=info msg="HOTSTUFF PROPOSAL MANIFEST stored"     from=127.0.0.1:37609 number=463 proposalID=0xc08d2c8ded34aff980737c9a0682601c27f16b20ffa9bef5f87057a014df4d5f manifestBytes=832  missing=0 bodyBytes=832
        t=2026-09-23T12:05:52+0200 lvl=info msg="HOTSTUFF PROPOSAL MANIFEST stored"     from=127.0.0.1:45292 number=464 proposalID=0xda40fa452942cf67caeec24c36e0f75a32e3dfbaa3f3fb7fbc7f87ca0533b0c2 manifestBytes=1222 missing=0 bodyBytes=3356
        t=2026-09-23T12:05:53+0200 lvl=info msg="HOTSTUFF PROPOSAL MANIFEST stored"     from=127.0.0.1:37609 number=465 proposalID=0x2aad5c35a5fbf69519f874335aab0b7e54239a97b8f9dad005c0fdcaacb286d2 manifestBytes=832  missing=0 bodyBytes=832
        t=2026-09-23T12:05:53+0200 lvl=info msg="HOTSTUFF PROPOSAL MANIFEST stored"     from=127.0.0.1:37609 number=466 proposalID=0xf9508cf7385b5b2075fba48a90b34e60e4e695c146537efef1cb8f4fbb0dd380 manifestBytes=1222 missing=0 bodyBytes=3356
        t=2026-09-23T12:05:54+0200 lvl=info msg="HOTSTUFF PROPOSAL MANIFEST stored"     from=127.0.0.1:58893 number=467 proposalID=0x00e469bcd9743cc9c7dbc481bbbb5e640a150ff12ebf085a7d4ced74ea9dfbd6 manifestBytes=832  missing=0 bodyBytes=832
        t=2026-09-23T12:05:57+0200 lvl=info msg="HOTSTUFF PROPOSAL MANIFEST stored"     from=127.0.0.1:33175 number=468 proposalID=0x89a4bf0618606b8fdb929d807b8bddcb57d9f641e9ac1e66f1564dfffdada3cc manifestBytes=1221 missing=0 bodyBytes=1655
        t=2026-09-23T12:05:57+0200 lvl=info msg="HOTSTUFF PROPOSAL MANIFEST stored"     from=127.0.0.1:33175 number=468 proposalID=0x89a4bf0618606b8fdb929d807b8bddcb57d9f641e9ac1e66f1564dfffdada3cc manifestBytes=1221 missing=0 bodyBytes=1655
        t=2026-09-23T12:05:57+0200 lvl=warn msg="HandleConn drops connection: closed"   address=127.0.0.1:53415 remot=127.0.0.1:33175
        t=2026-09-23T12:05:58+0200 lvl=info msg="HOTSTUFF PROPOSAL MANIFEST stored"     from=127.0.0.1:35288 number=469 proposalID=0x6d222bcff31c27eff64cdfe2fd4b9f8ee17623b1c9d1d860d8f178f67e133e6c manifestBytes=832  missing=0 bodyBytes=832
        t=2026-09-23T12:05:59+0200 lvl=info msg="HOTSTUFF PROPOSAL MANIFEST stored"     from=127.0.0.1:33175 number=470 proposalID=0x09afa455a459b7efb738f851466857a146dd049a79dac78d61ecd746cb04b71a manifestBytes=1221 missing=0 bodyBytes=1655
        t=2026-09-23T12:06:00+0200 lvl=info msg="HOTSTUFF PROPOSAL MANIFEST stored"     from=127.0.0.1:49731 number=471 proposalID=0x8ee119e2f3835f9f7f683e15a24ebed53ccbc75caa2680b0804d588864c3abca manifestBytes=832  missing=0 bodyBytes=832
        t=2026-09-23T12:06:01+0200 lvl=warn msg=GetBlockByNumer                         number=246
        t=2026-09-23T12:06:01+0200 lvl=info msg="HOTSTUFF PROPOSAL REF"                 number=472 viewID=0xb548cac5f55577d5cf25ac16de4c9bea4fdfd2c821bf897db5dfa6e87bbd6531 proposalID=0x2aae9f8b3b9964961e3e8be471600cd3481743d53719a670af6e335db0760646 blockHash=0x6a9164da95b051962a64be9e7ba3912303d5d5255d640abf9bc5401dccd944bf bodyHash=0x984180a073bfe0e177c159126a34098b874db6fecd309d627910b4651d4f91c6 bodySize=3356 refBytes=446
        t=2026-09-23T12:06:01+0200 lvl=warn msg="Send msg try again"                    address=[::]:53415      Couldn't send to=127.0.0.1:45292 error="Operation Canceled"
        t=2026-09-23T12:06:02+0200 lvl=eror msg=CloseConnect                            =[::]:53415 having error closing conn to=127.0.0.1:57372 error="Connection Closed"
        t=2026-09-23T12:06:02+0200 lvl=warn msg="Send msg try again"                    address=[::]:53415      Couldn't send to=127.0.0.1:37609 error="Operation Canceled"
        t=2026-09-23T12:06:02+0200 lvl=warn msg="Send msg try again"                    address=[::]:53415      Couldn't send to=127.0.0.1:37609 error="Operation Canceled"
        t=2026-09-23T12:06:02+0200 lvl=eror msg=CloseConnect                            =[::]:53415 having error closing conn to=127.0.0.1:37609 error="Connection Closed"
        t=2026-09-23T12:06:02+0200 lvl=warn msg=GetBlockByNumer                         number=246
        t=2026-09-23T12:06:02+0200 lvl=info msg="HOTSTUFF PROPOSAL REF"                 number=473 viewID=0x84008015a2472dff9087dab8cb1acd6b5469ca7b11d6a82918a5c10219dbb6ed proposalID=0xe33c1835c20ea534a53da9f69f0be73431ba04972a7e79520b5e786e455b2ff3 blockHash=0x1dc4d0caa1a5550acc10a83c02e9aee1ebc807a6852446afb15a528a0f62cc32 bodyHash=0x1946392b04abcf6cf85c66c7f1e3f9b0e6d02d0d6b77fbc104ab3fabe9859b8d bodySize=832  refBytes=443
        t=2026-09-23T12:06:02+0200 lvl=warn msg="Send msg try again"                    address=[::]:53415      Couldn't send to=127.0.0.1:35288 error="Operation Canceled"
        t=2026-09-23T12:06:02+0200 lvl=eror msg=CloseConnect                            =[::]:53415 having error closing conn to=127.0.0.1:35288 error="Connection Closed"
        t=2026-09-23T12:06:02+0200 lvl=warn msg="Send msg try again"                    address=[::]:53415      Couldn't send to=127.0.0.1:35288 error="Operation Canceled"
        t=2026-09-23T12:06:02+0200 lvl=eror msg=CloseConnect                            =[::]:53415 having error closing conn to=127.0.0.1:35288 error="Connection Closed"
        t=2026-09-23T12:06:04+0200 lvl=info msg="HOTSTUFF PROPOSAL MANIFEST stored"     from=127.0.0.1:37609 number=474 proposalID=0x00357de8e2fbe05e71f61f66010e93f1490c991d6c2bce6069b403d3830a901d manifestBytes=1222 missing=0 bodyBytes=3356
        t=2026-09-23T12:06:04+0200 lvl=info msg="HOTSTUFF PROPOSAL MANIFEST stored"     from=127.0.0.1:49731 number=475 proposalID=0xd206815cdf22843eb9f8094db116b5bdb04f9a8f20017dde46bfcb7a349adc19 manifestBytes=832  missing=0 bodyBytes=832
        t=2026-09-23T12:06:06+0200 lvl=info msg="HOTSTUFF PROPOSAL MANIFEST stored"     from=127.0.0.1:35288 number=476 proposalID=0x74ae4e600e07cc12997499c88d0198d6ad376f292eef4834358e712c55310d47 manifestBytes=1221 missing=0 bodyBytes=1655
        t=2026-09-23T12:06:07+0200 lvl=info msg="HOTSTUFF PROPOSAL MANIFEST stored"     from=127.0.0.1:49731 number=477 proposalID=0x3ccc488e8f0d73bded814d7fd0224b748cc71f3585ca3ce9c58b1fb3289f53b8 manifestBytes=832  missing=0 bodyBytes=832
        t=2026-09-23T12:06:08+0200 lvl=info msg="HOTSTUFF PROPOSAL MANIFEST stored"     from=127.0.0.1:37609 number=478 proposalID=0x3615613806d8054cafb3dca943a5336ed92d36d5aa02aeed9baa46f626279948 manifestBytes=1221 missing=1 bodyBytes=1655
        t=2026-09-23T12:06:08+0200 lvl=eror msg="OnPropose wait proposal body"          number=478 proposalID=0x3615613806d8054cafb3dca943a5336ed92d36d5aa02aeed9baa46f626279948 err="hotstuff view state too old"
        t=2026-09-23T12:06:08+0200 lvl=warn msg="HOTSTUFF PROPOSAL MANIFEST authority rejected" from=127.0.0.1:49731 leader=127.0.0.1:49731 number=479 proposalID=0x1f478699a6aaab40cf3897d525d6728394c296be3d381877d494747b386e96ac err="proposal manifest does not match the current deterministic leader route: manifest key committee is already canonical but is not the current route"
        t=2026-09-23T12:06:09+0200 lvl=eror msg="OnPropose wait proposal body"          number=479 proposalID=0x1f478699a6aaab40cf3897d525d6728394c296be3d381877d494747b386e96ac err="hotstuff view state too old"
        t=2026-09-23T12:06:09+0200 lvl=info msg="HOTSTUFF PROPOSAL REPAIR REQUEST"      to=127.0.0.1:49731 number=479 proposalID=0x1f478699a6aaab40cf3897d525d6728394c296be3d381877d494747b386e96ac missing=0 attempt=0
        t=2026-09-23T12:06:09+0200 lvl=info msg="HOTSTUFF PROPOSAL MANIFEST stored"     from=127.0.0.1:49731 number=479 proposalID=0x1f478699a6aaab40cf3897d525d6728394c296be3d381877d494747b386e96ac manifestBytes=832  missing=0 bodyBytes=832
        t=2026-09-23T12:06:10+0200 lvl=info msg="HOTSTUFF PROPOSAL MANIFEST stored"     from=127.0.0.1:49731 number=480 proposalID=0x663be0569d07cc3c32f936de94e1da453c2e283d90493a274b6326a997cd3bbc manifestBytes=1222 missing=0 bodyBytes=3356
        t=2026-09-23T12:06:11+0200 lvl=info msg="HOTSTUFF PROPOSAL MANIFEST stored"     from=127.0.0.1:35288 number=481 proposalID=0x431541118267a41f6a001d0811af2b77dce9f6dd54e0b8820ffceaae689533ac manifestBytes=832  missing=0 bodyBytes=832
        t=2026-09-23T12:06:12+0200 lvl=info msg="HOTSTUFF PROPOSAL MANIFEST stored"     from=127.0.0.1:37609 number=482 proposalID=0x40a83ec227f3ebd521e08223e7629a9e0e011a464e314bed75d049e0d6d72d2d manifestBytes=1222 missing=0 bodyBytes=3356
    fhs_process_recovery_test.go:236: validator 1186611 complete log: /tmp/fhs-process-failure-3589630208.log
    fhs_process_recovery_test.go:241: validator 1186611 log tail:
        g="HOTSTUFF PROPOSAL REF"                 number=439 viewID=0x2cf5254ff8ae5df7a49194784bca6891cbfbbf0e6c433227400b9f553b8c4b88 proposalID=0x204b98d704fc8b42a6b362f7a8f19751dd2f53a3af5582f1673756da25a73665 blockHash=0x78101ac072d2983008adaf9dcabf11469e5c3f69c375d5836e1352a45bf60b24 bodyHash=0x95a97c219a8af102ffe22763eb301ce4a99b11d1449be1cb302b808d59f9b2b1 bodySize=832  refBytes=443
        t=2026-09-23T12:05:19+0200 lvl=warn msg="Send msg try again"                    address=[::]:58893      Couldn't send to=127.0.0.1:45292 error="Operation Canceled"
        t=2026-09-23T12:05:19+0200 lvl=eror msg=CloseConnect                            =[::]:58893 having error closing conn to=127.0.0.1:51203 error="Connection Closed"
        t=2026-09-23T12:05:19+0200 lvl=warn msg=GetBlockByNumer                         number=1
        t=2026-09-23T12:05:19+0200 lvl=warn msg=GetBlockByNumer                         number=1
        t=2026-09-23T12:05:20+0200 lvl=warn msg=GetBlockByNumer                         number=437
        t=2026-09-23T12:05:20+0200 lvl=warn msg=GetBlockByNumer                         number=1
        t=2026-09-23T12:05:20+0200 lvl=warn msg=GetBlockByNumer                         number=1
        t=2026-09-23T12:05:20+0200 lvl=warn msg=GetBlockByNumer                         number=438
        t=2026-09-23T12:05:21+0200 lvl=info msg="HOTSTUFF PROPOSAL MANIFEST stored"     from=127.0.0.1:33175 number=440 proposalID=0x055ec0d0d55a2ecb3e47095fe49369d2009177df3d2d11342e2065694ad36862 manifestBytes=1222 missing=0 bodyBytes=3356
        t=2026-09-23T12:05:21+0200 lvl=warn msg=GetBlockByNumer                         number=1
        t=2026-09-23T12:05:21+0200 lvl=warn msg=GetBlockByNumer                         number=1
        t=2026-09-23T12:05:21+0200 lvl=warn msg=GetBlockByNumer                         number=438
        t=2026-09-23T12:05:21+0200 lvl=info msg="HOTSTUFF PROPOSAL MANIFEST stored"     from=127.0.0.1:49731 number=441 proposalID=0x38b40292515523024f4714dafe55fbae66c1760c06d6dcdc52f5da37b93eb063 manifestBytes=832  missing=0 bodyBytes=832
        t=2026-09-23T12:05:21+0200 lvl=warn msg=GetBlockByNumer                         number=1
        t=2026-09-23T12:05:22+0200 lvl=warn msg=GetBlockByNumer                         number=1
        t=2026-09-23T12:05:22+0200 lvl=warn msg=GetBlockByNumer                         number=439
        t=2026-09-23T12:05:22+0200 lvl=warn msg=GetBlockByNumer                         number=1
        t=2026-09-23T12:05:22+0200 lvl=warn msg=GetBlockByNumer                         number=1
        t=2026-09-23T12:05:22+0200 lvl=warn msg=GetBlockByNumer                         number=440
        t=2026-09-23T12:05:22+0200 lvl=warn msg=GetBlockByNumer                         number=1
        t=2026-09-23T12:05:22+0200 lvl=warn msg=GetBlockByNumer                         number=1
        t=2026-09-23T12:05:22+0200 lvl=warn msg=GetBlockByNumer                         number=440
        t=2026-09-23T12:05:23+0200 lvl=warn msg=GetBlockByNumer                         number=1
        t=2026-09-23T12:05:23+0200 lvl=warn msg=GetBlockByNumer                         number=1
        t=2026-09-23T12:05:23+0200 lvl=warn msg=GetBlockByNumer                         number=440
        t=2026-09-23T12:05:23+0200 lvl=warn msg=GetBlockByNumer                         number=1
        t=2026-09-23T12:05:24+0200 lvl=warn msg=GetBlockByNumer                         number=1
        t=2026-09-23T12:05:24+0200 lvl=warn msg=GetBlockByNumer                         number=440
        t=2026-09-23T12:05:24+0200 lvl=info msg="HOTSTUFF PROPOSAL MANIFEST stored"     from=127.0.0.1:33175 number=442 proposalID=0x757b95ae7cf80a6e344acfaf7b4df660a089fffb987e07336d8a5451c64851a5 manifestBytes=1222 missing=0 bodyBytes=3356
        t=2026-09-23T12:05:24+0200 lvl=warn msg=GetBlockByNumer                         number=1
        t=2026-09-23T12:05:24+0200 lvl=warn msg=GetBlockByNumer                         number=1
        t=2026-09-23T12:05:24+0200 lvl=warn msg=GetBlockByNumer                         number=440
        t=2026-09-23T12:05:25+0200 lvl=warn msg=GetBlockByNumer                         number=1
        t=2026-09-23T12:05:25+0200 lvl=info msg="HOTSTUFF PROPOSAL MANIFEST stored"     from=127.0.0.1:53415 number=443 proposalID=0x4e2e0957706b84fd680a6740fef90cc4ad1214b69e021ccb889db6dd7d167d66 manifestBytes=832  missing=0 bodyBytes=832
        t=2026-09-23T12:05:25+0200 lvl=warn msg=GetBlockByNumer                         number=1
        t=2026-09-23T12:05:25+0200 lvl=warn msg=GetBlockByNumer                         number=1
        t=2026-09-23T12:05:25+0200 lvl=warn msg=GetBlockByNumer                         number=441
        t=2026-09-23T12:05:25+0200 lvl=warn msg=GetBlockByNumer                         number=1
        t=2026-09-23T12:05:25+0200 lvl=warn msg=GetBlockByNumer                         number=1
        t=2026-09-23T12:05:25+0200 lvl=warn msg=GetBlockByNumer                         number=442
        t=2026-09-23T12:05:26+0200 lvl=warn msg=GetBlockByNumer                         number=1
        t=2026-09-23T12:05:26+0200 lvl=warn msg=GetBlockByNumer                         number=1
        t=2026-09-23T12:05:26+0200 lvl=warn msg=GetBlockByNumer                         number=442
        t=2026-09-23T12:05:26+0200 lvl=warn msg=GetBlockByNumer                         number=1
        t=2026-09-23T12:05:26+0200 lvl=warn msg=GetBlockByNumer                         number=1
        t=2026-09-23T12:05:26+0200 lvl=warn msg=GetBlockByNumer                         number=442
        t=2026-09-23T12:05:27+0200 lvl=warn msg=GetBlockByNumer                         number=1
        t=2026-09-23T12:05:27+0200 lvl=warn msg=GetBlockByNumer                         number=1
        t=2026-09-23T12:05:27+0200 lvl=warn msg=GetBlockByNumer                         number=442
        t=2026-09-23T12:05:27+0200 lvl=warn msg=GetBlockByNumer                         number=1
        t=2026-09-23T12:05:27+0200 lvl=warn msg=GetBlockByNumer                         number=1
        t=2026-09-23T12:05:27+0200 lvl=warn msg=GetBlockByNumer                         number=442
        t=2026-09-23T12:05:28+0200 lvl=warn msg=GetBlockByNumer                         number=1
        t=2026-09-23T12:05:28+0200 lvl=warn msg=GetBlockByNumer                         number=1
        t=2026-09-23T12:05:28+0200 lvl=warn msg=GetBlockByNumer                         number=442
        t=2026-09-23T12:05:28+0200 lvl=info msg="HOTSTUFF PROPOSAL MANIFEST stored"     from=127.0.0.1:53415 number=444 proposalID=0xf815fec78592b3a5f20ed5c85ca4d68e093751f5f89b7ea919ac328acdb358fb manifestBytes=1222 missing=0 bodyBytes=3356
        t=2026-09-23T12:05:28+0200 lvl=warn msg=GetBlockByNumer                         number=1
        t=2026-09-23T12:05:28+0200 lvl=warn msg=GetBlockByNumer                         number=1
        t=2026-09-23T12:05:28+0200 lvl=warn msg=GetBlockByNumer                         number=442
        t=2026-09-23T12:05:28+0200 lvl=warn msg=GetBlockByNumer                         number=1
        t=2026-09-23T12:05:28+0200 lvl=info msg="HOTSTUFF PROPOSAL MANIFEST stored"     from=127.0.0.1:35288 number=445 proposalID=0x6f16bf0340ac3a87293b98bb463545ec1988ac76372b9441d905f4f78413b6c6 manifestBytes=832  missing=0 bodyBytes=832
        t=2026-09-23T12:05:29+0200 lvl=warn msg=GetBlockByNumer                         number=1
        t=2026-09-23T12:05:29+0200 lvl=warn msg=GetBlockByNumer                         number=443
        t=2026-09-23T12:05:29+0200 lvl=info msg="HOTSTUFF PROPOSAL MANIFEST stored"     from=127.0.0.1:33175 number=446 proposalID=0xdfb71cd2261153de35fcde637f9c87fc7ff52aa9a4dbf58f1c1263650bb9e7ab manifestBytes=1222 missing=0 bodyBytes=3356
        t=2026-09-23T12:05:29+0200 lvl=warn msg=GetBlockByNumer                         number=1
        t=2026-09-23T12:05:29+0200 lvl=warn msg=GetBlockByNumer                         number=1
        t=2026-09-23T12:05:29+0200 lvl=warn msg=GetBlockByNumer                         number=444
        t=2026-09-23T12:05:29+0200 lvl=warn msg="reject new-view before storage"        from=127.0.0.1:37609 viewID=0x35393d26982a88753441de1a7c97e8ccbe0e596bf0027f358b710c79bcd14ce6 err="hotstuff proposal validation pending"
        t=2026-09-23T12:05:29+0200 lvl=warn msg="reject new-view before storage"        from=127.0.0.1:49731 viewID=0x35393d26982a88753441de1a7c97e8ccbe0e596bf0027f358b710c79bcd14ce6 err="hotstuff proposal validation pending"
        t=2026-09-23T12:05:29+0200 lvl=warn msg=GetBlockByNumer                         number=1
        t=2026-09-23T12:05:29+0200 lvl=warn msg=GetBlockByNumer                         number=444
        t=2026-09-23T12:05:29+0200 lvl=warn msg=GetBlockByNumer                         number=1
        t=2026-09-23T12:05:29+0200 lvl=warn msg=GetBlockByNumer                         number=246
        t=2026-09-23T12:05:29+0200 lvl=info msg="HOTSTUFF PROPOSAL REF"                 number=447 viewID=0x35393d26982a88753441de1a7c97e8ccbe0e596bf0027f358b710c79bcd14ce6 proposalID=0xf2e9c7a620d624287689e6579b98857e7157243c20a3e08504247fe13144d41e blockHash=0xec190eced5dcb9c6a5bfc9c93dd9922741d288878757571516ef1f8beec2eaac bodyHash=0xa7ddd7dee527b49476d2a0a91abccff166b7d7650e63897be8c04af22870b636 bodySize=832  refBytes=443
        t=2026-09-23T12:05:29+0200 lvl=warn msg=GetBlockByNumer                         number=444
        t=2026-09-23T12:05:30+0200 lvl=warn msg=GetBlockByNumer                         number=1
        t=2026-09-23T12:05:30+0200 lvl=warn msg=GetBlockByNumer                         number=1
        t=2026-09-23T12:05:30+0200 lvl=warn msg=GetBlockByNumer                         number=1
        t=2026-09-23T12:05:30+0200 lvl=warn msg=GetBlockByNumer                         number=446
        t=2026-09-23T12:05:30+0200 lvl=warn msg=GetBlockByNumer                         number=1
        t=2026-09-23T12:05:30+0200 lvl=warn msg=GetBlockByNumer                         number=446
        t=2026-09-23T12:05:30+0200 lvl=warn msg=GetBlockByNumer                         number=1
        t=2026-09-23T12:05:30+0200 lvl=warn msg=GetBlockByNumer                         number=446
        t=2026-09-23T12:05:32+0200 lvl=info msg="HOTSTUFF PROPOSAL MANIFEST stored"     from=127.0.0.1:33175 number=448 proposalID=0x7671fb205ca41cfbfd194d9680cc56080fdb0fbcce09218f8596549ae9fcd5b2 manifestBytes=1221 missing=0 bodyBytes=1655
        t=2026-09-23T12:05:32+0200 lvl=warn msg="reject new-view before storage"        from=127.0.0.1:37609 viewID=0xae7962503063b1781ab04737fe9d5c645cfd6f3fd56f9ea6939e0188aa7aaf4d err="hotstuff proposal validation pending"
        t=2026-09-23T12:05:32+0200 lvl=warn msg="reject new-view before storage"        from=127.0.0.1:53415 viewID=0xae7962503063b1781ab04737fe9d5c645cfd6f3fd56f9ea6939e0188aa7aaf4d err="hotstuff proposal validation pending"
        t=2026-09-23T12:05:32+0200 lvl=warn msg="reject new-view before storage"        from=127.0.0.1:33175 viewID=0xae7962503063b1781ab04737fe9d5c645cfd6f3fd56f9ea6939e0188aa7aaf4d err="hotstuff proposal validation pending"
        t=2026-09-23T12:05:32+0200 lvl=warn msg="reject new-view before storage"        from=127.0.0.1:35288 viewID=0xae7962503063b1781ab04737fe9d5c645cfd6f3fd56f9ea6939e0188aa7aaf4d err="hotstuff proposal validation pending"
        t=2026-09-23T12:05:32+0200 lvl=warn msg=GetBlockByNumer                         number=246
        t=2026-09-23T12:05:32+0200 lvl=info msg="HOTSTUFF PROPOSAL REF"                 number=449 viewID=0xae7962503063b1781ab04737fe9d5c645cfd6f3fd56f9ea6939e0188aa7aaf4d proposalID=0x885160ebe61b36cedd7a29746247e3b1e8a825a84165a0403789e928c9d1d7bf blockHash=0x7ba3e8c11ef03ca8a595cd2b5333a0228b218b35dd6a74400674ba86116ac3f1 bodyHash=0x99cfd3e9b556ab864ad14befeb824ea404f48eb6bae3664084a6cff581fbc54e bodySize=832  refBytes=443
        t=2026-09-23T12:05:33+0200 lvl=info msg="HOTSTUFF PROPOSAL MANIFEST stored"     from=127.0.0.1:53415 number=450 proposalID=0xc760133339cba2b972c7dd75c7e641d860d86e1f870658e561df17363b24fde9 manifestBytes=1221 missing=0 bodyBytes=1655
        t=2026-09-23T12:05:34+0200 lvl=info msg="HOTSTUFF PROPOSAL MANIFEST stored"     from=127.0.0.1:49731 number=451 proposalID=0x90847ec3a45154714a762f331433f02990be059bb04bb3c3802a9fa481e7da72 manifestBytes=832  missing=0 bodyBytes=832
        t=2026-09-23T12:05:36+0200 lvl=info msg="HOTSTUFF PROPOSAL MANIFEST stored"     from=127.0.0.1:37609 number=452 proposalID=0x054e597e6068c9e392ccbe8edb3a12f04b4779f19e5d1501bf171da1d927830e manifestBytes=1222 missing=0 bodyBytes=3356
        t=2026-09-23T12:05:37+0200 lvl=warn msg=GetBlockByNumer                         number=246
        t=2026-09-23T12:05:37+0200 lvl=info msg="HOTSTUFF PROPOSAL REF"                 number=453 viewID=0x6104bb55c95a3a724cd101e21d86cdcc17db494bc587a942ac7e9d230b4edb4f proposalID=0x0d92196a765a6877f19b426825eaa07fd3c3944e3a3f54ce74a8e397c8fc165e blockHash=0x9ebbd4479a77b0ec052f103b90bc0869d4bdfbf151960e9afebaf6451ae8d172 bodyHash=0x52efff717a91ad49034d5103c55fd598a1671be451a1d2209ed855363236370b bodySize=832  refBytes=443
        t=2026-09-23T12:05:41+0200 lvl=info msg="HOTSTUFF PROPOSAL MANIFEST stored"     from=127.0.0.1:37609 number=454 proposalID=0x118d5ab559114524b4237d4f61a12f24dec5665ca551bc81414af1893e3e4ff6 manifestBytes=1221 missing=0 bodyBytes=1655
        t=2026-09-23T12:05:41+0200 lvl=info msg="HOTSTUFF PROPOSAL MANIFEST stored"     from=127.0.0.1:33175 number=455 proposalID=0x1a2f8c8c5fd34e3f98c287fb230ba963717b5a810dc532e48526ad7d67926ec8 manifestBytes=1221 missing=0 bodyBytes=1655
        t=2026-09-23T12:05:41+0200 lvl=info msg="HOTSTUFF PROPOSAL MANIFEST stored"     from=127.0.0.1:49731 number=456 proposalID=0x7a912c702b8f11ef64ad6710a0b8696d46782c5404baf6af02f28b3762a644f0 manifestBytes=832  missing=0 bodyBytes=832
        t=2026-09-23T12:05:44+0200 lvl=info msg="HOTSTUFF PROPOSAL MANIFEST stored"     from=127.0.0.1:49731 number=457 proposalID=0xf403785bf88e678261dd8680461b7368cdef4bf1ac171aa698f5b81ad25a6796 manifestBytes=1222 missing=1 bodyBytes=3880
        t=2026-09-23T12:05:44+0200 lvl=eror msg="OnPropose wait proposal body"          number=457 proposalID=0xf403785bf88e678261dd8680461b7368cdef4bf1ac171aa698f5b81ad25a6796 err="hotstuff view state too old"
        t=2026-09-23T12:05:44+0200 lvl=warn msg="HOTSTUFF PROPOSAL MANIFEST authority rejected" from=127.0.0.1:35288 leader=127.0.0.1:35288 number=458 proposalID=0x4ecbac17c44098af0e7ef7ce3f618d16fad39d9a665bfcfef722311eb75943b8 err="proposal manifest does not match the current deterministic leader route: manifest key committee is already canonical but is not the current route"
        t=2026-09-23T12:05:44+0200 lvl=eror msg="OnPropose wait proposal body"          number=458 proposalID=0x4ecbac17c44098af0e7ef7ce3f618d16fad39d9a665bfcfef722311eb75943b8 err="hotstuff view state too old"
        t=2026-09-23T12:05:45+0200 lvl=warn msg="HOTSTUFF PROPOSAL MANIFEST authority rejected" from=127.0.0.1:49731 leader=127.0.0.1:49731 number=459 proposalID=0x0d7b52dff09c718f5e1cb13c1642f3dc5dec30bbd56b3486a8169253ac987f5c err="proposal manifest does not match the current deterministic leader route: manifest key committee is already canonical but is not the current route"
        t=2026-09-23T12:05:45+0200 lvl=info msg="HOTSTUFF PROPOSAL REPAIR REQUEST"      to=127.0.0.1:35288 number=458 proposalID=0x4ecbac17c44098af0e7ef7ce3f618d16fad39d9a665bfcfef722311eb75943b8 missing=0 attempt=0
        t=2026-09-23T12:05:45+0200 lvl=info msg="HOTSTUFF PROPOSAL MANIFEST stored"     from=127.0.0.1:35288 number=458 proposalID=0x4ecbac17c44098af0e7ef7ce3f618d16fad39d9a665bfcfef722311eb75943b8 manifestBytes=832  missing=0 bodyBytes=832
        t=2026-09-23T12:05:45+0200 lvl=eror msg="OnPropose wait proposal body"          number=459 proposalID=0x0d7b52dff09c718f5e1cb13c1642f3dc5dec30bbd56b3486a8169253ac987f5c err="hotstuff view state too old"
        t=2026-09-23T12:05:45+0200 lvl=warn msg="HOTSTUFF PROPOSAL MANIFEST authority rejected" from=127.0.0.1:35288 leader=127.0.0.1:35288 number=460 proposalID=0xcb1e9ccc3bcdfcb482ba0ccc16457227744863d2f677d754d72d7c0980f2b115 err="proposal manifest does not match the current deterministic leader route: manifest key committee is already canonical but is not the current route"
        t=2026-09-23T12:05:45+0200 lvl=info msg="HOTSTUFF PROPOSAL REPAIR REQUEST"      to=127.0.0.1:49731 number=459 proposalID=0x0d7b52dff09c718f5e1cb13c1642f3dc5dec30bbd56b3486a8169253ac987f5c missing=0 attempt=0
        t=2026-09-23T12:05:45+0200 lvl=info msg="HOTSTUFF PROPOSAL MANIFEST stored"     from=127.0.0.1:49731 number=459 proposalID=0x0d7b52dff09c718f5e1cb13c1642f3dc5dec30bbd56b3486a8169253ac987f5c manifestBytes=1222 missing=0 bodyBytes=3880
        t=2026-09-23T12:05:45+0200 lvl=eror msg="OnPropose wait proposal body"          number=460 proposalID=0xcb1e9ccc3bcdfcb482ba0ccc16457227744863d2f677d754d72d7c0980f2b115 err="hotstuff view state too old"
        t=2026-09-23T12:05:45+0200 lvl=info msg="HOTSTUFF PROPOSAL REPAIR REQUEST"      to=127.0.0.1:35288 number=460 proposalID=0xcb1e9ccc3bcdfcb482ba0ccc16457227744863d2f677d754d72d7c0980f2b115 missing=0 attempt=0
        t=2026-09-23T12:05:45+0200 lvl=info msg="HOTSTUFF PROPOSAL MANIFEST stored"     from=127.0.0.1:35288 number=460 proposalID=0xcb1e9ccc3bcdfcb482ba0ccc16457227744863d2f677d754d72d7c0980f2b115 manifestBytes=832  missing=0 bodyBytes=832
        t=2026-09-23T12:05:48+0200 lvl=info msg="HOTSTUFF PROPOSAL MANIFEST stored"     from=127.0.0.1:33175 number=461 proposalID=0x1e1157b95b434ad6cb422ba6141d64c4dc28ebf646aaea23a3e569c47835e659 manifestBytes=1221 missing=0 bodyBytes=1655
        t=2026-09-23T12:05:48+0200 lvl=info msg="HOTSTUFF PROPOSAL MANIFEST stored"     from=127.0.0.1:35288 number=462 proposalID=0x7ad087789f2c614b9ffe47c4d384ea2ed6398d66893c52cf3e8e51731fd2a9c0 manifestBytes=1221 missing=0 bodyBytes=1655
        t=2026-09-23T12:05:49+0200 lvl=info msg="HOTSTUFF PROPOSAL MANIFEST stored"     from=127.0.0.1:37609 number=463 proposalID=0xc08d2c8ded34aff980737c9a0682601c27f16b20ffa9bef5f87057a014df4d5f manifestBytes=832  missing=0 bodyBytes=832
        t=2026-09-23T12:05:52+0200 lvl=info msg="HOTSTUFF PROPOSAL MANIFEST stored"     from=127.0.0.1:45292 number=464 proposalID=0xda40fa452942cf67caeec24c36e0f75a32e3dfbaa3f3fb7fbc7f87ca0533b0c2 manifestBytes=1222 missing=0 bodyBytes=3356
        t=2026-09-23T12:05:53+0200 lvl=info msg="HOTSTUFF PROPOSAL MANIFEST stored"     from=127.0.0.1:37609 number=465 proposalID=0x2aad5c35a5fbf69519f874335aab0b7e54239a97b8f9dad005c0fdcaacb286d2 manifestBytes=832  missing=0 bodyBytes=832
        t=2026-09-23T12:05:53+0200 lvl=info msg="HOTSTUFF PROPOSAL MANIFEST stored"     from=127.0.0.1:37609 number=466 proposalID=0xf9508cf7385b5b2075fba48a90b34e60e4e695c146537efef1cb8f4fbb0dd380 manifestBytes=1222 missing=1 bodyBytes=3356
        t=2026-09-23T12:05:54+0200 lvl=eror msg="OnPropose wait proposal body"          number=466 proposalID=0xf9508cf7385b5b2075fba48a90b34e60e4e695c146537efef1cb8f4fbb0dd380 err="hotstuff view state too old"
        t=2026-09-23T12:05:54+0200 lvl=warn msg="reject new-view before storage"        from=127.0.0.1:35288 viewID=0x0060ef4b2c07cf9fbad74c2370038a8157e5f4a663c96a2d09f8f484097ab6b6 err="hotstuff proposal validation pending"
        t=2026-09-23T12:05:54+0200 lvl=warn msg="reject new-view before storage"        from=127.0.0.1:37609 viewID=0x0060ef4b2c07cf9fbad74c2370038a8157e5f4a663c96a2d09f8f484097ab6b6 err="hotstuff proposal validation pending"
        t=2026-09-23T12:05:54+0200 lvl=warn msg="reject new-view before storage"        from=127.0.0.1:45292 viewID=0x0060ef4b2c07cf9fbad74c2370038a8157e5f4a663c96a2d09f8f484097ab6b6 err="hotstuff proposal validation pending"
        t=2026-09-23T12:05:54+0200 lvl=warn msg="reject new-view before storage"        from=127.0.0.1:53415 viewID=0x0060ef4b2c07cf9fbad74c2370038a8157e5f4a663c96a2d09f8f484097ab6b6 err="hotstuff proposal validation pending"
        t=2026-09-23T12:05:54+0200 lvl=warn msg="reject new-view before storage"        from=127.0.0.1:49731 viewID=0x0060ef4b2c07cf9fbad74c2370038a8157e5f4a663c96a2d09f8f484097ab6b6 err="hotstuff proposal validation pending"
        t=2026-09-23T12:05:54+0200 lvl=warn msg=GetBlockByNumer                         number=246
        t=2026-09-23T12:05:54+0200 lvl=info msg="HOTSTUFF PROPOSAL REF"                 number=467 viewID=0x0060ef4b2c07cf9fbad74c2370038a8157e5f4a663c96a2d09f8f484097ab6b6 proposalID=0x00e469bcd9743cc9c7dbc481bbbb5e640a150ff12ebf085a7d4ced74ea9dfbd6 blockHash=0x9f303c6799282b82ed189894cc201a0b5cde5344d3035bb6637857795288b82f bodyHash=0xce6ab69b7e842036f0aeebebdbb33ba84b936796dfecde3c9bb81c626f79886d bodySize=832  refBytes=443
        t=2026-09-23T12:05:57+0200 lvl=info msg="HOTSTUFF PROPOSAL MANIFEST stored"     from=127.0.0.1:33175 number=468 proposalID=0x89a4bf0618606b8fdb929d807b8bddcb57d9f641e9ac1e66f1564dfffdada3cc manifestBytes=1221 missing=0 bodyBytes=1655
        t=2026-09-23T12:05:58+0200 lvl=info msg="HOTSTUFF PROPOSAL MANIFEST stored"     from=127.0.0.1:35288 number=469 proposalID=0x6d222bcff31c27eff64cdfe2fd4b9f8ee17623b1c9d1d860d8f178f67e133e6c manifestBytes=832  missing=0 bodyBytes=832
        t=2026-09-23T12:05:59+0200 lvl=info msg="HOTSTUFF PROPOSAL MANIFEST stored"     from=127.0.0.1:33175 number=470 proposalID=0x09afa455a459b7efb738f851466857a146dd049a79dac78d61ecd746cb04b71a manifestBytes=1221 missing=0 bodyBytes=1655
        t=2026-09-23T12:06:00+0200 lvl=info msg="HOTSTUFF PROPOSAL MANIFEST stored"     from=127.0.0.1:49731 number=471 proposalID=0x8ee119e2f3835f9f7f683e15a24ebed53ccbc75caa2680b0804d588864c3abca manifestBytes=832  missing=0 bodyBytes=832
        t=2026-09-23T12:06:00+0200 lvl=warn msg="HandleConn drops connection: closed"   address=127.0.0.1:58893 remot=127.0.0.1:49731
        t=2026-09-23T12:06:00+0200 lvl=info msg="HOTSTUFF PROPOSAL MANIFEST stored"     from=127.0.0.1:49731 number=471 proposalID=0x8ee119e2f3835f9f7f683e15a24ebed53ccbc75caa2680b0804d588864c3abca manifestBytes=832  missing=0 bodyBytes=832
        t=2026-09-23T12:06:01+0200 lvl=info msg="HOTSTUFF PROPOSAL MANIFEST stored"     from=127.0.0.1:53415 number=472 proposalID=0x2aae9f8b3b9964961e3e8be471600cd3481743d53719a670af6e335db0760646 manifestBytes=1222 missing=0 bodyBytes=3356
        t=2026-09-23T12:06:02+0200 lvl=info msg="HOTSTUFF PROPOSAL MANIFEST stored"     from=127.0.0.1:53415 number=473 proposalID=0xe33c1835c20ea534a53da9f69f0be73431ba04972a7e79520b5e786e455b2ff3 manifestBytes=832  missing=0 bodyBytes=832
        t=2026-09-23T12:06:04+0200 lvl=info msg="HOTSTUFF PROPOSAL MANIFEST stored"     from=127.0.0.1:37609 number=474 proposalID=0x00357de8e2fbe05e71f61f66010e93f1490c991d6c2bce6069b403d3830a901d manifestBytes=1222 missing=0 bodyBytes=3356
        t=2026-09-23T12:06:04+0200 lvl=info msg="HOTSTUFF PROPOSAL MANIFEST stored"     from=127.0.0.1:49731 number=475 proposalID=0xd206815cdf22843eb9f8094db116b5bdb04f9a8f20017dde46bfcb7a349adc19 manifestBytes=832  missing=0 bodyBytes=832
        t=2026-09-23T12:06:04+0200 lvl=warn msg="HandleConn drops connection: closed"   address=127.0.0.1:58893 remot=127.0.0.1:49731
        t=2026-09-23T12:06:06+0200 lvl=info msg="HOTSTUFF PROPOSAL MANIFEST stored"     from=127.0.0.1:35288 number=476 proposalID=0x74ae4e600e07cc12997499c88d0198d6ad376f292eef4834358e712c55310d47 manifestBytes=1221 missing=1 bodyBytes=1655
        t=2026-09-23T12:06:07+0200 lvl=eror msg="OnPropose wait proposal body"          number=476 proposalID=0x74ae4e600e07cc12997499c88d0198d6ad376f292eef4834358e712c55310d47 err="hotstuff view state too old"
        t=2026-09-23T12:06:07+0200 lvl=info msg="HOTSTUFF PROPOSAL MANIFEST stored"     from=127.0.0.1:49731 number=477 proposalID=0x3ccc488e8f0d73bded814d7fd0224b748cc71f3585ca3ce9c58b1fb3289f53b8 manifestBytes=832  missing=0 bodyBytes=832
        t=2026-09-23T12:06:08+0200 lvl=info msg="HOTSTUFF PROPOSAL MANIFEST stored"     from=127.0.0.1:37609 number=478 proposalID=0x3615613806d8054cafb3dca943a5336ed92d36d5aa02aeed9baa46f626279948 manifestBytes=1221 missing=0 bodyBytes=1655
        t=2026-09-23T12:06:09+0200 lvl=info msg="HOTSTUFF PROPOSAL MANIFEST stored"     from=127.0.0.1:49731 number=479 proposalID=0x1f478699a6aaab40cf3897d525d6728394c296be3d381877d494747b386e96ac manifestBytes=832  missing=0 bodyBytes=832
        t=2026-09-23T12:06:10+0200 lvl=info msg="HOTSTUFF PROPOSAL MANIFEST stored"     from=127.0.0.1:49731 number=480 proposalID=0x663be0569d07cc3c32f936de94e1da453c2e283d90493a274b6326a997cd3bbc manifestBytes=1222 missing=0 bodyBytes=3356
        t=2026-09-23T12:06:11+0200 lvl=info msg="HOTSTUFF PROPOSAL MANIFEST stored"     from=127.0.0.1:35288 number=481 proposalID=0x431541118267a41f6a001d0811af2b77dce9f6dd54e0b8820ffceaae689533ac manifestBytes=832  missing=0 bodyBytes=832
        t=2026-09-23T12:06:12+0200 lvl=info msg="HOTSTUFF PROPOSAL MANIFEST stored"     from=127.0.0.1:37609 number=482 proposalID=0x40a83ec227f3ebd521e08223e7629a9e0e011a464e314bed75d049e0d6d72d2d manifestBytes=1222 missing=0 bodyBytes=3356
    fhs_process_recovery_test.go:236: validator 1186602 complete log: /tmp/fhs-process-failure-2423754327.log
    fhs_process_recovery_test.go:241: validator 1186602 log tail:
        6adb2bcc6dea495f9ff6fd10d823a92a0f272f7b91cd2541a143 bodySize=3356 refBytes=446
        t=2026-09-23T12:05:19+0200 lvl=warn msg=GetBlockByNumer                         number=1
        t=2026-09-23T12:05:19+0200 lvl=warn msg=GetBlockByNumer                         number=1
        t=2026-09-23T12:05:19+0200 lvl=warn msg=GetBlockByNumer                         number=436
        t=2026-09-23T12:05:19+0200 lvl=warn msg=GetBlockByNumer                         number=1
        t=2026-09-23T12:05:19+0200 lvl=info msg="HOTSTUFF PROPOSAL MANIFEST stored"     from=127.0.0.1:58893 number=439 proposalID=0x204b98d704fc8b42a6b362f7a8f19751dd2f53a3af5582f1673756da25a73665 manifestBytes=832  missing=0 bodyBytes=832
        t=2026-09-23T12:05:19+0200 lvl=warn msg=GetBlockByNumer                         number=1
        t=2026-09-23T12:05:19+0200 lvl=warn msg=GetBlockByNumer                         number=1
        t=2026-09-23T12:05:20+0200 lvl=warn msg=GetBlockByNumer                         number=437
        t=2026-09-23T12:05:20+0200 lvl=warn msg=GetBlockByNumer                         number=1
        t=2026-09-23T12:05:20+0200 lvl=warn msg=GetBlockByNumer                         number=1
        t=2026-09-23T12:05:20+0200 lvl=warn msg=GetBlockByNumer                         number=438
        t=2026-09-23T12:05:21+0200 lvl=warn msg=GetBlockByNumer                         number=246
        t=2026-09-23T12:05:21+0200 lvl=info msg="HOTSTUFF PROPOSAL REF"                 number=440 viewID=0xe3b79b7096ac46a7d787268b7660d5ab27bad1d785a146ce66f439452ad6f7a7 proposalID=0x055ec0d0d55a2ecb3e47095fe49369d2009177df3d2d11342e2065694ad36862 blockHash=0xc17e46dc72799ac06b685935872e995a1606ea5d2dc036d40c85459eac9ec3e6 bodyHash=0xd898f97c0b6d8aa22f67c6db5604a2ed868c953d7511ac41c947902eb158bf9e bodySize=3356 refBytes=446
        t=2026-09-23T12:05:21+0200 lvl=warn msg=GetBlockByNumer                         number=1
        t=2026-09-23T12:05:21+0200 lvl=warn msg=GetBlockByNumer                         number=1
        t=2026-09-23T12:05:21+0200 lvl=warn msg=GetBlockByNumer                         number=438
        t=2026-09-23T12:05:21+0200 lvl=info msg="HOTSTUFF PROPOSAL MANIFEST stored"     from=127.0.0.1:49731 number=441 proposalID=0x38b40292515523024f4714dafe55fbae66c1760c06d6dcdc52f5da37b93eb063 manifestBytes=832  missing=0 bodyBytes=832
        t=2026-09-23T12:05:21+0200 lvl=warn msg=GetBlockByNumer                         number=1
        t=2026-09-23T12:05:22+0200 lvl=warn msg="reject new-view before storage"        from=127.0.0.1:35288 viewID=0x146db424c792c64cdee2fa3bf76ff12ac0399ecc664b71a7e4ad9a8f573560fb err="hotstuff proposal validation pending"
        t=2026-09-23T12:05:22+0200 lvl=warn msg=GetBlockByNumer                         number=1
        t=2026-09-23T12:05:22+0200 lvl=warn msg="reject new-view before storage"        from=127.0.0.1:49731 viewID=0x146db424c792c64cdee2fa3bf76ff12ac0399ecc664b71a7e4ad9a8f573560fb err="hotstuff proposal validation pending"
        t=2026-09-23T12:05:22+0200 lvl=warn msg=GetBlockByNumer                         number=439
        t=2026-09-23T12:05:22+0200 lvl=warn msg=GetBlockByNumer                         number=1
        t=2026-09-23T12:05:22+0200 lvl=warn msg=GetBlockByNumer                         number=1
        t=2026-09-23T12:05:22+0200 lvl=warn msg=GetBlockByNumer                         number=440
        t=2026-09-23T12:05:22+0200 lvl=warn msg=GetBlockByNumer                         number=1
        t=2026-09-23T12:05:22+0200 lvl=warn msg=GetBlockByNumer                         number=1
        t=2026-09-23T12:05:22+0200 lvl=warn msg=GetBlockByNumer                         number=440
        t=2026-09-23T12:05:23+0200 lvl=warn msg=GetBlockByNumer                         number=1
        t=2026-09-23T12:05:23+0200 lvl=warn msg=GetBlockByNumer                         number=1
        t=2026-09-23T12:05:23+0200 lvl=warn msg=GetBlockByNumer                         number=440
        t=2026-09-23T12:05:23+0200 lvl=warn msg=GetBlockByNumer                         number=1
        t=2026-09-23T12:05:23+0200 lvl=warn msg=GetBlockByNumer                         number=1
        t=2026-09-23T12:05:24+0200 lvl=warn msg=GetBlockByNumer                         number=440
        t=2026-09-23T12:05:24+0200 lvl=warn msg=GetBlockByNumer                         number=246
        t=2026-09-23T12:05:24+0200 lvl=info msg="HOTSTUFF PROPOSAL REF"                 number=442 viewID=0x146db424c792c64cdee2fa3bf76ff12ac0399ecc664b71a7e4ad9a8f573560fb proposalID=0x757b95ae7cf80a6e344acfaf7b4df660a089fffb987e07336d8a5451c64851a5 blockHash=0xf1ce98a02ca2f5c23438ea4e2421ce1e91b292c9c236cb3eb05365eaaf53f859 bodyHash=0x666fdc87aff76973f8e00e18050d79e4ab22d6c81d8890f39e251690e01ced43 bodySize=3356 refBytes=446
        t=2026-09-23T12:05:24+0200 lvl=warn msg=GetBlockByNumer                         number=1
        t=2026-09-23T12:05:24+0200 lvl=warn msg=GetBlockByNumer                         number=1
        t=2026-09-23T12:05:24+0200 lvl=warn msg=GetBlockByNumer                         number=440
        t=2026-09-23T12:05:25+0200 lvl=info msg="HOTSTUFF PROPOSAL MANIFEST stored"     from=127.0.0.1:53415 number=443 proposalID=0x4e2e0957706b84fd680a6740fef90cc4ad1214b69e021ccb889db6dd7d167d66 manifestBytes=832  missing=0 bodyBytes=832
        t=2026-09-23T12:05:25+0200 lvl=warn msg=GetBlockByNumer                         number=1
        t=2026-09-23T12:05:25+0200 lvl=warn msg=GetBlockByNumer                         number=1
        t=2026-09-23T12:05:25+0200 lvl=warn msg=GetBlockByNumer                         number=1
        t=2026-09-23T12:05:25+0200 lvl=warn msg=GetBlockByNumer                         number=441
        t=2026-09-23T12:05:25+0200 lvl=warn msg=GetBlockByNumer                         number=1
        t=2026-09-23T12:05:25+0200 lvl=warn msg=GetBlockByNumer                         number=1
        t=2026-09-23T12:05:25+0200 lvl=warn msg=GetBlockByNumer                         number=442
        t=2026-09-23T12:05:26+0200 lvl=warn msg=GetBlockByNumer                         number=1
        t=2026-09-23T12:05:26+0200 lvl=warn msg=GetBlockByNumer                         number=1
        t=2026-09-23T12:05:26+0200 lvl=warn msg=GetBlockByNumer                         number=442
        t=2026-09-23T12:05:26+0200 lvl=warn msg=GetBlockByNumer                         number=1
        t=2026-09-23T12:05:26+0200 lvl=warn msg=GetBlockByNumer                         number=1
        t=2026-09-23T12:05:26+0200 lvl=warn msg=GetBlockByNumer                         number=442
        t=2026-09-23T12:05:27+0200 lvl=warn msg=GetBlockByNumer                         number=1
        t=2026-09-23T12:05:27+0200 lvl=warn msg=GetBlockByNumer                         number=1
        t=2026-09-23T12:05:27+0200 lvl=warn msg=GetBlockByNumer                         number=442
        t=2026-09-23T12:05:27+0200 lvl=warn msg=GetBlockByNumer                         number=1
        t=2026-09-23T12:05:27+0200 lvl=warn msg=GetBlockByNumer                         number=1
        t=2026-09-23T12:05:27+0200 lvl=warn msg=GetBlockByNumer                         number=442
        t=2026-09-23T12:05:28+0200 lvl=warn msg=GetBlockByNumer                         number=1
        t=2026-09-23T12:05:28+0200 lvl=warn msg=GetBlockByNumer                         number=1
        t=2026-09-23T12:05:28+0200 lvl=warn msg=GetBlockByNumer                         number=442
        t=2026-09-23T12:05:28+0200 lvl=info msg="HOTSTUFF PROPOSAL MANIFEST stored"     from=127.0.0.1:53415 number=444 proposalID=0xf815fec78592b3a5f20ed5c85ca4d68e093751f5f89b7ea919ac328acdb358fb manifestBytes=1222 missing=1 bodyBytes=3356
        t=2026-09-23T12:05:28+0200 lvl=eror msg="OnPropose wait proposal body"          number=444 proposalID=0xf815fec78592b3a5f20ed5c85ca4d68e093751f5f89b7ea919ac328acdb358fb err="hotstuff view state too old"
        t=2026-09-23T12:05:28+0200 lvl=warn msg=GetBlockByNumer                         number=1
        t=2026-09-23T12:05:28+0200 lvl=warn msg=GetBlockByNumer                         number=1
        t=2026-09-23T12:05:28+0200 lvl=warn msg=GetBlockByNumer                         number=442
        t=2026-09-23T12:05:28+0200 lvl=warn msg=GetBlockByNumer                         number=1
        t=2026-09-23T12:05:28+0200 lvl=info msg="HOTSTUFF PROPOSAL MANIFEST stored"     from=127.0.0.1:35288 number=445 proposalID=0x6f16bf0340ac3a87293b98bb463545ec1988ac76372b9441d905f4f78413b6c6 manifestBytes=832  missing=0 bodyBytes=832
        t=2026-09-23T12:05:29+0200 lvl=warn msg=GetBlockByNumer                         number=1
        t=2026-09-23T12:05:29+0200 lvl=warn msg=GetBlockByNumer                         number=443
        t=2026-09-23T12:05:29+0200 lvl=warn msg="HotStuff message rejected"             from=                code=MsgTryPropose number=0   viewID=0x0000000000000000000000000000000000000000000000000000000000000000 err="hotstuff invalid leader view"
        t=2026-09-23T12:05:29+0200 lvl=warn msg=GetBlockByNumer                         number=246
        t=2026-09-23T12:05:29+0200 lvl=info msg="HOTSTUFF PROPOSAL REF"                 number=446 viewID=0x0c14e63b833f8ffe6fc9c4c820e1b68abee6cc87abf6acacdcb2d0d4387f53ae proposalID=0xdfb71cd2261153de35fcde637f9c87fc7ff52aa9a4dbf58f1c1263650bb9e7ab blockHash=0x80366271377cbec92ff27dd322b145b9fcee5ac6e99fae80a6063ab5fef3d810 bodyHash=0xeaa11244a3f74e7b6a21d74a47c7864269bf0be45d324ad57c32ef1bf6ea3365 bodySize=3356 refBytes=446
        t=2026-09-23T12:05:29+0200 lvl=warn msg="Send msg try again"                    address=[::]:33175      Couldn't send to=127.0.0.1:35288 error="Operation Canceled"
        t=2026-09-23T12:05:29+0200 lvl=warn msg=GetBlockByNumer                         number=1
        t=2026-09-23T12:05:29+0200 lvl=eror msg=CloseConnect                            =[::]:33175 having error closing conn to=127.0.0.1:35288 error="Connection Closed"
        t=2026-09-23T12:05:29+0200 lvl=warn msg=GetBlockByNumer                         number=1
        t=2026-09-23T12:05:29+0200 lvl=warn msg=GetBlockByNumer                         number=444
        t=2026-09-23T12:05:29+0200 lvl=warn msg=GetBlockByNumer                         number=1
        t=2026-09-23T12:05:29+0200 lvl=warn msg=GetBlockByNumer                         number=444
        t=2026-09-23T12:05:29+0200 lvl=warn msg=GetBlockByNumer                         number=1
        t=2026-09-23T12:05:29+0200 lvl=info msg="HOTSTUFF PROPOSAL MANIFEST stored"     from=127.0.0.1:58893 number=447 proposalID=0xf2e9c7a620d624287689e6579b98857e7157243c20a3e08504247fe13144d41e manifestBytes=832  missing=0 bodyBytes=832
        t=2026-09-23T12:05:29+0200 lvl=warn msg=GetBlockByNumer                         number=444
        t=2026-09-23T12:05:30+0200 lvl=warn msg=GetBlockByNumer                         number=1
        t=2026-09-23T12:05:30+0200 lvl=warn msg=GetBlockByNumer                         number=1
        t=2026-09-23T12:05:30+0200 lvl=warn msg=GetBlockByNumer                         number=1
        t=2026-09-23T12:05:30+0200 lvl=warn msg=GetBlockByNumer                         number=446
        t=2026-09-23T12:05:30+0200 lvl=warn msg=GetBlockByNumer                         number=1
        t=2026-09-23T12:05:30+0200 lvl=warn msg=GetBlockByNumer                         number=446
        t=2026-09-23T12:05:30+0200 lvl=warn msg=GetBlockByNumer                         number=1
        t=2026-09-23T12:05:30+0200 lvl=warn msg=GetBlockByNumer                         number=446
        t=2026-09-23T12:05:32+0200 lvl=warn msg=GetBlockByNumer                         number=246
        t=2026-09-23T12:05:32+0200 lvl=info msg="HOTSTUFF PROPOSAL REF"                 number=448 viewID=0x02126dbe6cd81b97fe6c3c6b3b7dcf78634836c20f27124859aca1bc48fe3d22 proposalID=0x7671fb205ca41cfbfd194d9680cc56080fdb0fbcce09218f8596549ae9fcd5b2 blockHash=0xc74a09fc96a1ba65e0ebcac1da1d3847875c842e73cc45bd9f0afda17d60ef1f bodyHash=0x1fd564b8a12faaf9086eb9317e704947f06f766fd1b104bac83c72c3224290c1 bodySize=1655 refBytes=446
        t=2026-09-23T12:05:32+0200 lvl=info msg="HOTSTUFF PROPOSAL MANIFEST stored"     from=127.0.0.1:58893 number=449 proposalID=0x885160ebe61b36cedd7a29746247e3b1e8a825a84165a0403789e928c9d1d7bf manifestBytes=832  missing=0 bodyBytes=832
        t=2026-09-23T12:05:33+0200 lvl=info msg="HOTSTUFF PROPOSAL MANIFEST stored"     from=127.0.0.1:53415 number=450 proposalID=0xc760133339cba2b972c7dd75c7e641d860d86e1f870658e561df17363b24fde9 manifestBytes=1221 missing=0 bodyBytes=1655
        t=2026-09-23T12:05:33+0200 lvl=warn msg="HandleConn drops connection: closed"   address=127.0.0.1:33175 remot=127.0.0.1:53415
        t=2026-09-23T12:05:33+0200 lvl=info msg="HOTSTUFF PROPOSAL MANIFEST stored"     from=127.0.0.1:53415 number=450 proposalID=0xc760133339cba2b972c7dd75c7e641d860d86e1f870658e561df17363b24fde9 manifestBytes=1221 missing=0 bodyBytes=1655
        t=2026-09-23T12:05:34+0200 lvl=info msg="HOTSTUFF PROPOSAL MANIFEST stored"     from=127.0.0.1:49731 number=451 proposalID=0x90847ec3a45154714a762f331433f02990be059bb04bb3c3802a9fa481e7da72 manifestBytes=832  missing=0 bodyBytes=832
        t=2026-09-23T12:05:36+0200 lvl=info msg="HOTSTUFF PROPOSAL MANIFEST stored"     from=127.0.0.1:37609 number=452 proposalID=0x054e597e6068c9e392ccbe8edb3a12f04b4779f19e5d1501bf171da1d927830e manifestBytes=1222 missing=0 bodyBytes=3356
        t=2026-09-23T12:05:36+0200 lvl=warn msg="HandleConn drops connection: closed"   address=127.0.0.1:33175 remot=127.0.0.1:37609
        t=2026-09-23T12:05:37+0200 lvl=info msg="HOTSTUFF PROPOSAL MANIFEST stored"     from=127.0.0.1:58893 number=453 proposalID=0x0d92196a765a6877f19b426825eaa07fd3c3944e3a3f54ce74a8e397c8fc165e manifestBytes=832  missing=0 bodyBytes=832
        t=2026-09-23T12:05:41+0200 lvl=info msg="HOTSTUFF PROPOSAL MANIFEST stored"     from=127.0.0.1:37609 number=454 proposalID=0x118d5ab559114524b4237d4f61a12f24dec5665ca551bc81414af1893e3e4ff6 manifestBytes=1221 missing=0 bodyBytes=1655
        t=2026-09-23T12:05:41+0200 lvl=warn msg=GetBlockByNumer                         number=246
        t=2026-09-23T12:05:41+0200 lvl=info msg="HOTSTUFF PROPOSAL REF"                 number=455 viewID=0x15d3e727d67d53cd22fd8edf541313cbd7a3f18ef41feab6732ad9c3c1524fcb proposalID=0x1a2f8c8c5fd34e3f98c287fb230ba963717b5a810dc532e48526ad7d67926ec8 blockHash=0xf648fda830d8f2e7f95097025148ffa3dcc0a6989b854a970323547d006f2d5f bodyHash=0x370eeda3a2aae47d1611defbcd03c5b5f4ee894591f5d38de8b39fa635b90079 bodySize=1655 refBytes=446
        t=2026-09-23T12:05:41+0200 lvl=warn msg="Send msg try again"                    address=[::]:33175      Couldn't send to=127.0.0.1:49731 error="Operation Canceled"
        t=2026-09-23T12:05:41+0200 lvl=eror msg=CloseConnect                            =[::]:33175 having error closing conn to=127.0.0.1:49731 error="Connection Closed"
        t=2026-09-23T12:05:41+0200 lvl=info msg="HOTSTUFF PROPOSAL MANIFEST stored"     from=127.0.0.1:49731 number=456 proposalID=0x7a912c702b8f11ef64ad6710a0b8696d46782c5404baf6af02f28b3762a644f0 manifestBytes=832  missing=0 bodyBytes=832
        t=2026-09-23T12:05:44+0200 lvl=info msg="HOTSTUFF PROPOSAL MANIFEST stored"     from=127.0.0.1:49731 number=457 proposalID=0xf403785bf88e678261dd8680461b7368cdef4bf1ac171aa698f5b81ad25a6796 manifestBytes=1222 missing=0 bodyBytes=3880
        t=2026-09-23T12:05:44+0200 lvl=info msg="HOTSTUFF PROPOSAL MANIFEST stored"     from=127.0.0.1:35288 number=458 proposalID=0x4ecbac17c44098af0e7ef7ce3f618d16fad39d9a665bfcfef722311eb75943b8 manifestBytes=832  missing=0 bodyBytes=832
        t=2026-09-23T12:05:44+0200 lvl=warn msg="HandleConn drops connection: closed"   address=127.0.0.1:33175 remot=127.0.0.1:35288
        t=2026-09-23T12:05:44+0200 lvl=info msg="HOTSTUFF PROPOSAL MANIFEST stored"     from=127.0.0.1:35288 number=458 proposalID=0x4ecbac17c44098af0e7ef7ce3f618d16fad39d9a665bfcfef722311eb75943b8 manifestBytes=832  missing=0 bodyBytes=832
        t=2026-09-23T12:05:45+0200 lvl=info msg="HOTSTUFF PROPOSAL MANIFEST stored"     from=127.0.0.1:49731 number=459 proposalID=0x0d7b52dff09c718f5e1cb13c1642f3dc5dec30bbd56b3486a8169253ac987f5c manifestBytes=1222 missing=0 bodyBytes=3880
        t=2026-09-23T12:05:45+0200 lvl=info msg="HOTSTUFF PROPOSAL MANIFEST stored"     from=127.0.0.1:35288 number=460 proposalID=0xcb1e9ccc3bcdfcb482ba0ccc16457227744863d2f677d754d72d7c0980f2b115 manifestBytes=832  missing=0 bodyBytes=832
        t=2026-09-23T12:05:48+0200 lvl=warn msg=GetBlockByNumer                         number=246
        t=2026-09-23T12:05:48+0200 lvl=info msg="HOTSTUFF PROPOSAL REF"                 number=461 viewID=0x10b5d8677589dd846e86c3d41a4f70a59c32ee9109a2a421836bca2b19a61f18 proposalID=0x1e1157b95b434ad6cb422ba6141d64c4dc28ebf646aaea23a3e569c47835e659 blockHash=0xda5c2f34ea6b70f252f165befb920ef9b2d39f040ee70d7e26e1efff770c4ed9 bodyHash=0x5998d0d521debc782bdb4e291809f527ce88631257a42cce785f6c0ffc7d067d bodySize=1655 refBytes=446
        t=2026-09-23T12:05:48+0200 lvl=info msg="HOTSTUFF PROPOSAL MANIFEST stored"     from=127.0.0.1:35288 number=462 proposalID=0x7ad087789f2c614b9ffe47c4d384ea2ed6398d66893c52cf3e8e51731fd2a9c0 manifestBytes=1221 missing=0 bodyBytes=1655
        t=2026-09-23T12:05:49+0200 lvl=info msg="HOTSTUFF PROPOSAL MANIFEST stored"     from=127.0.0.1:37609 number=463 proposalID=0xc08d2c8ded34aff980737c9a0682601c27f16b20ffa9bef5f87057a014df4d5f manifestBytes=832  missing=0 bodyBytes=832
        t=2026-09-23T12:05:52+0200 lvl=info msg="HOTSTUFF PROPOSAL MANIFEST stored"     from=127.0.0.1:45292 number=464 proposalID=0xda40fa452942cf67caeec24c36e0f75a32e3dfbaa3f3fb7fbc7f87ca0533b0c2 manifestBytes=1222 missing=1 bodyBytes=3356
        t=2026-09-23T12:05:52+0200 lvl=eror msg="OnPropose wait proposal body"          number=464 proposalID=0xda40fa452942cf67caeec24c36e0f75a32e3dfbaa3f3fb7fbc7f87ca0533b0c2 err="hotstuff view state too old"
        t=2026-09-23T12:05:52+0200 lvl=info msg="HOTSTUFF PROPOSAL MANIFEST stored"     from=127.0.0.1:37609 number=465 proposalID=0x2aad5c35a5fbf69519f874335aab0b7e54239a97b8f9dad005c0fdcaacb286d2 manifestBytes=832  missing=0 bodyBytes=832
        t=2026-09-23T12:05:53+0200 lvl=info msg="HOTSTUFF PROPOSAL MANIFEST stored"     from=127.0.0.1:37609 number=466 proposalID=0xf9508cf7385b5b2075fba48a90b34e60e4e695c146537efef1cb8f4fbb0dd380 manifestBytes=1222 missing=1 bodyBytes=3356
        t=2026-09-23T12:05:54+0200 lvl=eror msg="OnPropose wait proposal body"          number=466 proposalID=0xf9508cf7385b5b2075fba48a90b34e60e4e695c146537efef1cb8f4fbb0dd380 err="hotstuff view state too old"
        t=2026-09-23T12:05:54+0200 lvl=info msg="HOTSTUFF PROPOSAL MANIFEST stored"     from=127.0.0.1:58893 number=467 proposalID=0x00e469bcd9743cc9c7dbc481bbbb5e640a150ff12ebf085a7d4ced74ea9dfbd6 manifestBytes=832  missing=0 bodyBytes=832
        t=2026-09-23T12:05:57+0200 lvl=warn msg=GetBlockByNumer                         number=246
        t=2026-09-23T12:05:57+0200 lvl=info msg="HOTSTUFF PROPOSAL REF"                 number=468 viewID=0xddd0900ea7f92d4fc666837c368ea49f074db4bff5033b2753005036390859c3 proposalID=0x89a4bf0618606b8fdb929d807b8bddcb57d9f641e9ac1e66f1564dfffdada3cc blockHash=0x7eee0f3beac09207adaad410fcee7ad142df4d9a67cad458927154f830aa9933 bodyHash=0xb67dc5727782c9c75f0a1d02721ee1692b6c26eb5b64599e3cc708678ab6469d bodySize=1655 refBytes=446
        t=2026-09-23T12:05:57+0200 lvl=warn msg="Send msg try again"                    address=[::]:33175      Couldn't send to=127.0.0.1:35288 error="Operation Canceled"
        t=2026-09-23T12:05:57+0200 lvl=eror msg=CloseConnect                            =[::]:33175 having error closing conn to=127.0.0.1:35288 error="Connection Closed"
        t=2026-09-23T12:05:57+0200 lvl=warn msg="Send msg try again"                    address=[::]:33175      Couldn't send to=127.0.0.1:53415 error="Operation Canceled"
        t=2026-09-23T12:05:57+0200 lvl=eror msg=CloseConnect                            =[::]:33175 having error closing conn to=127.0.0.1:55756 error="Connection Closed"
        t=2026-09-23T12:05:58+0200 lvl=info msg="HOTSTUFF PROPOSAL MANIFEST stored"     from=127.0.0.1:35288 number=469 proposalID=0x6d222bcff31c27eff64cdfe2fd4b9f8ee17623b1c9d1d860d8f178f67e133e6c manifestBytes=832  missing=0 bodyBytes=832
        t=2026-09-23T12:05:58+0200 lvl=warn msg="reject new-view before storage"        from=127.0.0.1:35288 viewID=0xf8f7229b4d1c9add4fdf2aaa233135a5981770dd06f8a32a28a52a6c40e33c62 err="hotstuff proposal validation pending"
        t=2026-09-23T12:05:59+0200 lvl=warn msg=GetBlockByNumer                         number=246
        t=2026-09-23T12:05:59+0200 lvl=info msg="HOTSTUFF PROPOSAL REF"                 number=470 viewID=0xf8f7229b4d1c9add4fdf2aaa233135a5981770dd06f8a32a28a52a6c40e33c62 proposalID=0x09afa455a459b7efb738f851466857a146dd049a79dac78d61ecd746cb04b71a blockHash=0x2d2e96c618e6c8619147a4ed9923e8404de3ca50f38643c9e07025d76cc13adc bodyHash=0x0b3db575b9cc0e3d46f720a7e58b957440066a2aeb92142dfb0111e94044cee4 bodySize=1655 refBytes=446
        t=2026-09-23T12:06:00+0200 lvl=info msg="HOTSTUFF PROPOSAL MANIFEST stored"     from=127.0.0.1:49731 number=471 proposalID=0x8ee119e2f3835f9f7f683e15a24ebed53ccbc75caa2680b0804d588864c3abca manifestBytes=832  missing=0 bodyBytes=832
        t=2026-09-23T12:06:01+0200 lvl=info msg="HOTSTUFF PROPOSAL MANIFEST stored"     from=127.0.0.1:53415 number=472 proposalID=0x2aae9f8b3b9964961e3e8be471600cd3481743d53719a670af6e335db0760646 manifestBytes=1222 missing=0 bodyBytes=3356
        t=2026-09-23T12:06:02+0200 lvl=info msg="HOTSTUFF PROPOSAL MANIFEST stored"     from=127.0.0.1:53415 number=473 proposalID=0xe33c1835c20ea534a53da9f69f0be73431ba04972a7e79520b5e786e455b2ff3 manifestBytes=832  missing=0 bodyBytes=832
        t=2026-09-23T12:06:04+0200 lvl=info msg="HOTSTUFF PROPOSAL MANIFEST stored"     from=127.0.0.1:37609 number=474 proposalID=0x00357de8e2fbe05e71f61f66010e93f1490c991d6c2bce6069b403d3830a901d manifestBytes=1222 missing=1 bodyBytes=3356
        t=2026-09-23T12:06:04+0200 lvl=eror msg="OnPropose wait proposal body"          number=474 proposalID=0x00357de8e2fbe05e71f61f66010e93f1490c991d6c2bce6069b403d3830a901d err="hotstuff view state too old"
        t=2026-09-23T12:06:04+0200 lvl=warn msg="HOTSTUFF PROPOSAL MANIFEST authority rejected" from=127.0.0.1:49731 leader=127.0.0.1:49731 number=475 proposalID=0xd206815cdf22843eb9f8094db116b5bdb04f9a8f20017dde46bfcb7a349adc19 err="proposal manifest does not match the current deterministic leader route: manifest key committee is already canonical but is not the current route"
        t=2026-09-23T12:06:04+0200 lvl=eror msg="OnPropose wait proposal body"          number=475 proposalID=0xd206815cdf22843eb9f8094db116b5bdb04f9a8f20017dde46bfcb7a349adc19 err="hotstuff view state too old"
        t=2026-09-23T12:06:04+0200 lvl=info msg="HOTSTUFF PROPOSAL REPAIR REQUEST"      to=127.0.0.1:49731 number=475 proposalID=0xd206815cdf22843eb9f8094db116b5bdb04f9a8f20017dde46bfcb7a349adc19 missing=0 attempt=0
        t=2026-09-23T12:06:04+0200 lvl=info msg="HOTSTUFF PROPOSAL MANIFEST stored"     from=127.0.0.1:49731 number=475 proposalID=0xd206815cdf22843eb9f8094db116b5bdb04f9a8f20017dde46bfcb7a349adc19 manifestBytes=832  missing=0 bodyBytes=832
        t=2026-09-23T12:06:06+0200 lvl=info msg="HOTSTUFF PROPOSAL MANIFEST stored"     from=127.0.0.1:35288 number=476 proposalID=0x74ae4e600e07cc12997499c88d0198d6ad376f292eef4834358e712c55310d47 manifestBytes=1221 missing=0 bodyBytes=1655
        t=2026-09-23T12:06:07+0200 lvl=info msg="HOTSTUFF PROPOSAL MANIFEST stored"     from=127.0.0.1:49731 number=477 proposalID=0x3ccc488e8f0d73bded814d7fd0224b748cc71f3585ca3ce9c58b1fb3289f53b8 manifestBytes=832  missing=0 bodyBytes=832
        t=2026-09-23T12:06:08+0200 lvl=info msg="HOTSTUFF PROPOSAL MANIFEST stored"     from=127.0.0.1:37609 number=478 proposalID=0x3615613806d8054cafb3dca943a5336ed92d36d5aa02aeed9baa46f626279948 manifestBytes=1221 missing=0 bodyBytes=1655
        t=2026-09-23T12:06:08+0200 lvl=warn msg="HandleConn drops connection: closed"   address=127.0.0.1:33175 remot=127.0.0.1:37609
        t=2026-09-23T12:06:09+0200 lvl=info msg="HOTSTUFF PROPOSAL MANIFEST stored"     from=127.0.0.1:49731 number=479 proposalID=0x1f478699a6aaab40cf3897d525d6728394c296be3d381877d494747b386e96ac manifestBytes=832  missing=0 bodyBytes=832
        t=2026-09-23T12:06:10+0200 lvl=info msg="HOTSTUFF PROPOSAL MANIFEST stored"     from=127.0.0.1:49731 number=480 proposalID=0x663be0569d07cc3c32f936de94e1da453c2e283d90493a274b6326a997cd3bbc manifestBytes=1222 missing=0 bodyBytes=3356
        t=2026-09-23T12:06:11+0200 lvl=info msg="HOTSTUFF PROPOSAL MANIFEST stored"     from=127.0.0.1:35288 number=481 proposalID=0x431541118267a41f6a001d0811af2b77dce9f6dd54e0b8820ffceaae689533ac manifestBytes=832  missing=0 bodyBytes=832
        t=2026-09-23T12:06:12+0200 lvl=info msg="HOTSTUFF PROPOSAL MANIFEST stored"     from=127.0.0.1:37609 number=482 proposalID=0x40a83ec227f3ebd521e08223e7629a9e0e011a464e314bed75d049e0d6d72d2d manifestBytes=1222 missing=0 bodyBytes=3356
    fhs_process_recovery_test.go:236: validator 1186578 complete log: /tmp/fhs-process-failure-2658164576.log
    fhs_process_recovery_test.go:241: validator 1186578 log tail:
        lockByNumer                         number=1
        t=2026-09-23T12:05:25+0200 lvl=warn msg=GetBlockByNumer                         number=441
        t=2026-09-23T12:05:25+0200 lvl=warn msg=GetBlockByNumer                         number=1
        t=2026-09-23T12:05:25+0200 lvl=warn msg=GetBlockByNumer                         number=441
        t=2026-09-23T12:05:25+0200 lvl=warn msg=GetBlockByNumer                         number=1
        t=2026-09-23T12:05:25+0200 lvl=warn msg=GetBlockByNumer                         number=442
        t=2026-09-23T12:05:25+0200 lvl=warn msg=GetBlockByNumer                         number=1
        t=2026-09-23T12:05:25+0200 lvl=warn msg=GetBlockByNumer                         number=442
        t=2026-09-23T12:05:26+0200 lvl=warn msg=GetBlockByNumer                         number=1
        t=2026-09-23T12:05:26+0200 lvl=warn msg=GetBlockByNumer                         number=1
        t=2026-09-23T12:05:26+0200 lvl=warn msg=GetBlockByNumer                         number=442
        t=2026-09-23T12:05:26+0200 lvl=warn msg=GetBlockByNumer                         number=1
        t=2026-09-23T12:05:26+0200 lvl=warn msg=GetBlockByNumer                         number=1
        t=2026-09-23T12:05:26+0200 lvl=warn msg=GetBlockByNumer                         number=442
        t=2026-09-23T12:05:27+0200 lvl=warn msg=GetBlockByNumer                         number=1
        t=2026-09-23T12:05:27+0200 lvl=warn msg=GetBlockByNumer                         number=1
        t=2026-09-23T12:05:27+0200 lvl=warn msg=GetBlockByNumer                         number=442
        t=2026-09-23T12:05:27+0200 lvl=warn msg=GetBlockByNumer                         number=1
        t=2026-09-23T12:05:27+0200 lvl=warn msg=GetBlockByNumer                         number=1
        t=2026-09-23T12:05:27+0200 lvl=warn msg=GetBlockByNumer                         number=442
        t=2026-09-23T12:05:28+0200 lvl=warn msg=GetBlockByNumer                         number=1
        t=2026-09-23T12:05:28+0200 lvl=warn msg=GetBlockByNumer                         number=1
        t=2026-09-23T12:05:28+0200 lvl=warn msg=GetBlockByNumer                         number=442
        t=2026-09-23T12:05:28+0200 lvl=info msg="HOTSTUFF PROPOSAL MANIFEST stored"     from=127.0.0.1:53415 number=444 proposalID=0xf815fec78592b3a5f20ed5c85ca4d68e093751f5f89b7ea919ac328acdb358fb manifestBytes=1222 missing=0 bodyBytes=3356
        t=2026-09-23T12:05:28+0200 lvl=warn msg=GetBlockByNumer                         number=1
        t=2026-09-23T12:05:28+0200 lvl=warn msg=GetBlockByNumer                         number=1
        t=2026-09-23T12:05:28+0200 lvl=warn msg=GetBlockByNumer                         number=442
        t=2026-09-23T12:05:28+0200 lvl=warn msg=GetBlockByNumer                         number=1
        t=2026-09-23T12:05:28+0200 lvl=info msg="HOTSTUFF PROPOSAL MANIFEST stored"     from=127.0.0.1:35288 number=445 proposalID=0x6f16bf0340ac3a87293b98bb463545ec1988ac76372b9441d905f4f78413b6c6 manifestBytes=832  missing=0 bodyBytes=832
        t=2026-09-23T12:05:29+0200 lvl=warn msg=GetBlockByNumer                         number=443
        t=2026-09-23T12:05:29+0200 lvl=warn msg=GetBlockByNumer                         number=1
        t=2026-09-23T12:05:29+0200 lvl=warn msg=GetBlockByNumer                         number=443
        t=2026-09-23T12:05:29+0200 lvl=warn msg=GetBlockByNumer                         number=1
        t=2026-09-23T12:05:29+0200 lvl=info msg="HOTSTUFF PROPOSAL MANIFEST stored"     from=127.0.0.1:33175 number=446 proposalID=0xdfb71cd2261153de35fcde637f9c87fc7ff52aa9a4dbf58f1c1263650bb9e7ab manifestBytes=1222 missing=0 bodyBytes=3356
        t=2026-09-23T12:05:29+0200 lvl=warn msg=GetBlockByNumer                         number=444
        t=2026-09-23T12:05:29+0200 lvl=warn msg=GetBlockByNumer                         number=1
        t=2026-09-23T12:05:29+0200 lvl=warn msg=GetBlockByNumer                         number=444
        t=2026-09-23T12:05:29+0200 lvl=warn msg=GetBlockByNumer                         number=444
        t=2026-09-23T12:05:29+0200 lvl=warn msg=GetBlockByNumer                         number=1
        t=2026-09-23T12:05:29+0200 lvl=warn msg=GetBlockByNumer                         number=444
        t=2026-09-23T12:05:29+0200 lvl=warn msg=GetBlockByNumer                         number=444
        t=2026-09-23T12:05:29+0200 lvl=warn msg=GetBlockByNumer                         number=444
        t=2026-09-23T12:05:29+0200 lvl=warn msg=GetBlockByNumer                         number=444
        t=2026-09-23T12:05:29+0200 lvl=warn msg=GetBlockByNumer                         number=444
        t=2026-09-23T12:05:29+0200 lvl=warn msg=GetBlockByNumer                         number=444
        t=2026-09-23T12:05:29+0200 lvl=warn msg=GetBlockByNumer                         number=444
        t=2026-09-23T12:05:29+0200 lvl=warn msg=GetBlockByNumer                         number=444
        t=2026-09-23T12:05:29+0200 lvl=warn msg=GetBlockByNumer                         number=444
        t=2026-09-23T12:05:29+0200 lvl=warn msg=GetBlockByNumer                         number=444
        t=2026-09-23T12:05:29+0200 lvl=warn msg=GetBlockByNumer                         number=444
        t=2026-09-23T12:05:29+0200 lvl=warn msg=GetBlockByNumer                         number=444
        t=2026-09-23T12:05:29+0200 lvl=warn msg=GetBlockByNumer                         number=444
        t=2026-09-23T12:05:29+0200 lvl=warn msg=GetBlockByNumer                         number=444
        t=2026-09-23T12:05:29+0200 lvl=warn msg=GetBlockByNumer                         number=444
        t=2026-09-23T12:05:29+0200 lvl=warn msg=GetBlockByNumer                         number=444
        t=2026-09-23T12:05:29+0200 lvl=warn msg=GetBlockByNumer                         number=444
        t=2026-09-23T12:05:29+0200 lvl=warn msg=GetBlockByNumer                         number=1
        t=2026-09-23T12:05:29+0200 lvl=info msg="HOTSTUFF PROPOSAL MANIFEST stored"     from=127.0.0.1:58893 number=447 proposalID=0xf2e9c7a620d624287689e6579b98857e7157243c20a3e08504247fe13144d41e manifestBytes=832  missing=0 bodyBytes=832
        t=2026-09-23T12:05:29+0200 lvl=warn msg=GetBlockByNumer                         number=444
        t=2026-09-23T12:05:30+0200 lvl=warn msg=GetBlockByNumer                         number=1
        t=2026-09-23T12:05:30+0200 lvl=warn msg=GetBlockByNumer                         number=1
        t=2026-09-23T12:05:30+0200 lvl=warn msg=GetBlockByNumer                         number=445
        t=2026-09-23T12:05:30+0200 lvl=warn msg=GetBlockByNumer                         number=446
        t=2026-09-23T12:05:30+0200 lvl=warn msg=GetBlockByNumer                         number=1
        t=2026-09-23T12:05:30+0200 lvl=warn msg=GetBlockByNumer                         number=446
        t=2026-09-23T12:05:30+0200 lvl=warn msg=GetBlockByNumer                         number=446
        t=2026-09-23T12:05:30+0200 lvl=warn msg=GetBlockByNumer                         number=1
        t=2026-09-23T12:05:30+0200 lvl=warn msg=GetBlockByNumer                         number=446
        t=2026-09-23T12:05:30+0200 lvl=warn msg=GetBlockByNumer                         number=446
        t=2026-09-23T12:05:30+0200 lvl=warn msg=GetBlockByNumer                         number=446
        t=2026-09-23T12:05:30+0200 lvl=warn msg=GetBlockByNumer                         number=446
        t=2026-09-23T12:05:30+0200 lvl=warn msg=GetBlockByNumer                         number=446
        t=2026-09-23T12:05:30+0200 lvl=warn msg=GetBlockByNumer                         number=446
        t=2026-09-23T12:05:30+0200 lvl=warn msg=GetBlockByNumer                         number=446
        t=2026-09-23T12:05:30+0200 lvl=warn msg=GetBlockByNumer                         number=446
        t=2026-09-23T12:05:30+0200 lvl=warn msg=GetBlockByNumer                         number=446
        t=2026-09-23T12:05:30+0200 lvl=warn msg=GetBlockByNumer                         number=446
        t=2026-09-23T12:05:30+0200 lvl=warn msg=GetBlockByNumer                         number=446
        t=2026-09-23T12:05:30+0200 lvl=warn msg=GetBlockByNumer                         number=446
        t=2026-09-23T12:05:30+0200 lvl=warn msg=GetBlockByNumer                         number=446
        t=2026-09-23T12:05:30+0200 lvl=warn msg=GetBlockByNumer                         number=446
        t=2026-09-23T12:05:30+0200 lvl=warn msg=GetBlockByNumer                         number=446
        t=2026-09-23T12:05:30+0200 lvl=warn msg=GetBlockByNumer                         number=446
        t=2026-09-23T12:05:30+0200 lvl=warn msg=GetBlockByNumer                         number=446
        t=2026-09-23T12:05:30+0200 lvl=warn msg=GetBlockByNumer                         number=1
        t=2026-09-23T12:05:30+0200 lvl=warn msg=GetBlockByNumer                         number=446
        t=2026-09-23T12:05:32+0200 lvl=info msg="HOTSTUFF PROPOSAL MANIFEST stored"     from=127.0.0.1:33175 number=448 proposalID=0x7671fb205ca41cfbfd194d9680cc56080fdb0fbcce09218f8596549ae9fcd5b2 manifestBytes=1221 missing=0 bodyBytes=1655
        t=2026-09-23T12:05:33+0200 lvl=info msg="HOTSTUFF PROPOSAL MANIFEST stored"     from=127.0.0.1:58893 number=449 proposalID=0x885160ebe61b36cedd7a29746247e3b1e8a825a84165a0403789e928c9d1d7bf manifestBytes=832  missing=0 bodyBytes=832
        t=2026-09-23T12:05:33+0200 lvl=info msg="HOTSTUFF PROPOSAL MANIFEST stored"     from=127.0.0.1:53415 number=450 proposalID=0xc760133339cba2b972c7dd75c7e641d860d86e1f870658e561df17363b24fde9 manifestBytes=1221 missing=1 bodyBytes=1655
        t=2026-09-23T12:05:33+0200 lvl=eror msg="OnPropose wait proposal body"          number=450 proposalID=0xc760133339cba2b972c7dd75c7e641d860d86e1f870658e561df17363b24fde9 err="hotstuff view state too old"
        t=2026-09-23T12:05:34+0200 lvl=info msg="HOTSTUFF PROPOSAL MANIFEST stored"     from=127.0.0.1:49731 number=451 proposalID=0x90847ec3a45154714a762f331433f02990be059bb04bb3c3802a9fa481e7da72 manifestBytes=832  missing=0 bodyBytes=832
        t=2026-09-23T12:05:36+0200 lvl=warn msg=GetBlockByNumer                         number=246
        t=2026-09-23T12:05:36+0200 lvl=info msg="HOTSTUFF PROPOSAL REF"                 number=452 viewID=0x0d3c360fc998a5183964421bcc6ecd5246b1de361e74b38c1914b40bede692bb proposalID=0x054e597e6068c9e392ccbe8edb3a12f04b4779f19e5d1501bf171da1d927830e blockHash=0x88b1725142aeae80a0112a8ebe8843fe520f58a2fc432589cc0f4e0d02f8893b bodyHash=0x1e1239944885ba62941c0ff0fc6e0060b6183a1ea192c9f579cf27e92da7b8e2 bodySize=3356 refBytes=446
        t=2026-09-23T12:05:36+0200 lvl=warn msg="Send msg try again"                    address=[::]:37609      Couldn't send to=127.0.0.1:33175 error="Operation Canceled"
        t=2026-09-23T12:05:36+0200 lvl=eror msg=CloseConnect                            =[::]:37609 having error closing conn to=127.0.0.1:39229 error="Connection Closed"
        t=2026-09-23T12:05:37+0200 lvl=info msg="HOTSTUFF PROPOSAL MANIFEST stored"     from=127.0.0.1:58893 number=453 proposalID=0x0d92196a765a6877f19b426825eaa07fd3c3944e3a3f54ce74a8e397c8fc165e manifestBytes=832  missing=0 bodyBytes=832
        t=2026-09-23T12:05:41+0200 lvl=warn msg=GetBlockByNumer                         number=246
        t=2026-09-23T12:05:41+0200 lvl=info msg="HOTSTUFF PROPOSAL REF"                 number=454 viewID=0x9e5cd8a071ad54a36c1d9dbf943ba3fd1fd8aa2141a4eade1f5b2c01a412b921 proposalID=0x118d5ab559114524b4237d4f61a12f24dec5665ca551bc81414af1893e3e4ff6 blockHash=0xf8c25704a6318906d4eb0ab0dcd0ee6e35dfcd3301d1fcac746b02c5625425da bodyHash=0x33fe3f218d87044ed5191b68a2fdbf2900b14e61bc4bf261f40af609670b454c bodySize=1655 refBytes=446
        t=2026-09-23T12:05:41+0200 lvl=info msg="HOTSTUFF PROPOSAL MANIFEST stored"     from=127.0.0.1:33175 number=455 proposalID=0x1a2f8c8c5fd34e3f98c287fb230ba963717b5a810dc532e48526ad7d67926ec8 manifestBytes=1221 missing=0 bodyBytes=1655
        t=2026-09-23T12:05:41+0200 lvl=info msg="HOTSTUFF PROPOSAL MANIFEST stored"     from=127.0.0.1:49731 number=456 proposalID=0x7a912c702b8f11ef64ad6710a0b8696d46782c5404baf6af02f28b3762a644f0 manifestBytes=832  missing=0 bodyBytes=832
        t=2026-09-23T12:05:44+0200 lvl=info msg="HOTSTUFF PROPOSAL MANIFEST stored"     from=127.0.0.1:49731 number=457 proposalID=0xf403785bf88e678261dd8680461b7368cdef4bf1ac171aa698f5b81ad25a6796 manifestBytes=1222 missing=0 bodyBytes=3880
        t=2026-09-23T12:05:44+0200 lvl=info msg="HOTSTUFF PROPOSAL MANIFEST stored"     from=127.0.0.1:35288 number=458 proposalID=0x4ecbac17c44098af0e7ef7ce3f618d16fad39d9a665bfcfef722311eb75943b8 manifestBytes=832  missing=0 bodyBytes=832
        t=2026-09-23T12:05:44+0200 lvl=warn msg="HandleConn drops connection: closed"   address=127.0.0.1:37609 remot=127.0.0.1:35288
        t=2026-09-23T12:05:45+0200 lvl=info msg="HOTSTUFF PROPOSAL MANIFEST stored"     from=127.0.0.1:49731 number=459 proposalID=0x0d7b52dff09c718f5e1cb13c1642f3dc5dec30bbd56b3486a8169253ac987f5c manifestBytes=1222 missing=0 bodyBytes=3880
        t=2026-09-23T12:05:45+0200 lvl=info msg="HOTSTUFF PROPOSAL MANIFEST stored"     from=127.0.0.1:35288 number=460 proposalID=0xcb1e9ccc3bcdfcb482ba0ccc16457227744863d2f677d754d72d7c0980f2b115 manifestBytes=832  missing=0 bodyBytes=832
        t=2026-09-23T12:05:48+0200 lvl=info msg="HOTSTUFF PROPOSAL MANIFEST stored"     from=127.0.0.1:33175 number=461 proposalID=0x1e1157b95b434ad6cb422ba6141d64c4dc28ebf646aaea23a3e569c47835e659 manifestBytes=1221 missing=0 bodyBytes=1655
        t=2026-09-23T12:05:48+0200 lvl=info msg="HOTSTUFF PROPOSAL MANIFEST stored"     from=127.0.0.1:35288 number=462 proposalID=0x7ad087789f2c614b9ffe47c4d384ea2ed6398d66893c52cf3e8e51731fd2a9c0 manifestBytes=1221 missing=0 bodyBytes=1655
        t=2026-09-23T12:05:49+0200 lvl=warn msg=GetBlockByNumer                         number=246
        t=2026-09-23T12:05:49+0200 lvl=info msg="HOTSTUFF PROPOSAL REF"                 number=463 viewID=0x8c887430fd8e0c1821bd89289a6b255ffb9d8e04e0ba1f71507a6b35ff02914e proposalID=0xc08d2c8ded34aff980737c9a0682601c27f16b20ffa9bef5f87057a014df4d5f blockHash=0x20e1dc13d602a50edd62c26c4b698a1a1f1e69874589e1805fdeece4c15e7aec bodyHash=0x13b9cae3940bf61ea0fd653c885ba962145ff73e69c29ec27364f775c13bb0b2 bodySize=832  refBytes=443
        t=2026-09-23T12:05:49+0200 lvl=warn msg="Send msg try again"                    address=[::]:37609      Couldn't send to=127.0.0.1:53415 error="Operation Canceled"
        t=2026-09-23T12:05:49+0200 lvl=warn msg="Send msg try again"                    address=[::]:37609      Couldn't send to=127.0.0.1:49731 error="Operation Canceled"
        t=2026-09-23T12:05:49+0200 lvl=eror msg=CloseConnect                            =[::]:37609 having error closing conn to=127.0.0.1:49731 error="Connection Closed"
        t=2026-09-23T12:05:49+0200 lvl=eror msg=CloseConnect                            =[::]:37609 having error closing conn to=127.0.0.1:55910 error="Connection Closed"
        t=2026-09-23T12:05:52+0200 lvl=info msg="HOTSTUFF PROPOSAL MANIFEST stored"     from=127.0.0.1:45292 number=464 proposalID=0xda40fa452942cf67caeec24c36e0f75a32e3dfbaa3f3fb7fbc7f87ca0533b0c2 manifestBytes=1222 missing=0 bodyBytes=3356
        t=2026-09-23T12:05:52+0200 lvl=warn msg=GetBlockByNumer                         number=246
        t=2026-09-23T12:05:52+0200 lvl=info msg="HOTSTUFF PROPOSAL REF"                 number=465 viewID=0x1f3fe5b790d45309d225587ee351fcc8b545f75add201d84ae937570917eba42 proposalID=0x2aad5c35a5fbf69519f874335aab0b7e54239a97b8f9dad005c0fdcaacb286d2 blockHash=0xd9d63736deb20923277ab021db6f3310fb105df383d7d0a67580d85766fc82fa bodyHash=0xce4690a7dc25d5fde186dc7575161e504243ce9da81fdf777767940bc19b6797 bodySize=832  refBytes=443
        t=2026-09-23T12:05:53+0200 lvl=warn msg="reject new-view before storage"        from=127.0.0.1:35288 viewID=0x1f3fe5b790d45309d225587ee351fcc8b545f75add201d84ae937570917eba42 err="hotstuff view state too old"
        t=2026-09-23T12:05:53+0200 lvl=warn msg=GetBlockByNumer                         number=246
        t=2026-09-23T12:05:53+0200 lvl=info msg="HOTSTUFF PROPOSAL REF"                 number=466 viewID=0x195c2230959b66b4d462b2340f2c0556c156c5b8a0c4e6f7c221fa295e5284bc proposalID=0xf9508cf7385b5b2075fba48a90b34e60e4e695c146537efef1cb8f4fbb0dd380 blockHash=0x615b57dd2b88da2f89e19e00590e1b9f331651318a6458250d44748d2468b2b3 bodyHash=0x2f3302e999a28aa2c11602edd5ba04631fe7b4ca1e65eab0743a36c153d3abc6 bodySize=3356 refBytes=446
        t=2026-09-23T12:05:54+0200 lvl=info msg="HOTSTUFF PROPOSAL MANIFEST stored"     from=127.0.0.1:58893 number=467 proposalID=0x00e469bcd9743cc9c7dbc481bbbb5e640a150ff12ebf085a7d4ced74ea9dfbd6 manifestBytes=832  missing=0 bodyBytes=832
        t=2026-09-23T12:05:57+0200 lvl=info msg="HOTSTUFF PROPOSAL MANIFEST stored"     from=127.0.0.1:33175 number=468 proposalID=0x89a4bf0618606b8fdb929d807b8bddcb57d9f641e9ac1e66f1564dfffdada3cc manifestBytes=1221 missing=0 bodyBytes=1655
        t=2026-09-23T12:05:58+0200 lvl=info msg="HOTSTUFF PROPOSAL MANIFEST stored"     from=127.0.0.1:35288 number=469 proposalID=0x6d222bcff31c27eff64cdfe2fd4b9f8ee17623b1c9d1d860d8f178f67e133e6c manifestBytes=832  missing=0 bodyBytes=832
        t=2026-09-23T12:05:59+0200 lvl=info msg="HOTSTUFF PROPOSAL MANIFEST stored"     from=127.0.0.1:33175 number=470 proposalID=0x09afa455a459b7efb738f851466857a146dd049a79dac78d61ecd746cb04b71a manifestBytes=1221 missing=0 bodyBytes=1655
        t=2026-09-23T12:06:00+0200 lvl=info msg="HOTSTUFF PROPOSAL MANIFEST stored"     from=127.0.0.1:49731 number=471 proposalID=0x8ee119e2f3835f9f7f683e15a24ebed53ccbc75caa2680b0804d588864c3abca manifestBytes=832  missing=0 bodyBytes=832
        t=2026-09-23T12:06:02+0200 lvl=info msg="HOTSTUFF PROPOSAL MANIFEST stored"     from=127.0.0.1:53415 number=472 proposalID=0x2aae9f8b3b9964961e3e8be471600cd3481743d53719a670af6e335db0760646 manifestBytes=1222 missing=0 bodyBytes=3356
        t=2026-09-23T12:06:02+0200 lvl=warn msg="HandleConn drops connection: closed"   address=127.0.0.1:37609 remot=127.0.0.1:53415
        t=2026-09-23T12:06:02+0200 lvl=info msg="HOTSTUFF PROPOSAL MANIFEST stored"     from=127.0.0.1:53415 number=472 proposalID=0x2aae9f8b3b9964961e3e8be471600cd3481743d53719a670af6e335db0760646 manifestBytes=1222 missing=0 bodyBytes=3356
        t=2026-09-23T12:06:02+0200 lvl=info msg="HOTSTUFF PROPOSAL MANIFEST stored"     from=127.0.0.1:53415 number=473 proposalID=0xe33c1835c20ea534a53da9f69f0be73431ba04972a7e79520b5e786e455b2ff3 manifestBytes=832  missing=0 bodyBytes=832
        t=2026-09-23T12:06:03+0200 lvl=warn msg=GetBlockByNumer                         number=246
        t=2026-09-23T12:06:03+0200 lvl=info msg="HOTSTUFF PROPOSAL REF"                 number=474 viewID=0x63b12cc513241edf14cefbaff4c44a54c431c612e5ac5d046c0b550bd54d7667 proposalID=0x00357de8e2fbe05e71f61f66010e93f1490c991d6c2bce6069b403d3830a901d blockHash=0xfa80f4b4fdeae3aedcb7cd0b5f5aaace2ce02410ff49f996a075fad818bf967f bodyHash=0xcdccb3e5d49dd74042d1b3da5f543681dcb8d8fae9e819c8b556a6686adf38ed bodySize=3356 refBytes=446
        t=2026-09-23T12:06:04+0200 lvl=warn msg="HandleConn drops connection: closed"   address=127.0.0.1:37609 remot=127.0.0.1:49731
        t=2026-09-23T12:06:04+0200 lvl=info msg="HOTSTUFF PROPOSAL REPAIR REQUEST"      to=127.0.0.1:49731 number=475 proposalID=0xd206815cdf22843eb9f8094db116b5bdb04f9a8f20017dde46bfcb7a349adc19 missing=0 attempt=0
        t=2026-09-23T12:06:04+0200 lvl=info msg="HOTSTUFF PROPOSAL MANIFEST stored"     from=127.0.0.1:49731 number=475 proposalID=0xd206815cdf22843eb9f8094db116b5bdb04f9a8f20017dde46bfcb7a349adc19 manifestBytes=832  missing=0 bodyBytes=832
        t=2026-09-23T12:06:06+0200 lvl=info msg="HOTSTUFF PROPOSAL MANIFEST stored"     from=127.0.0.1:35288 number=476 proposalID=0x74ae4e600e07cc12997499c88d0198d6ad376f292eef4834358e712c55310d47 manifestBytes=1221 missing=0 bodyBytes=1655
        t=2026-09-23T12:06:07+0200 lvl=info msg="HOTSTUFF PROPOSAL MANIFEST stored"     from=127.0.0.1:49731 number=477 proposalID=0x3ccc488e8f0d73bded814d7fd0224b748cc71f3585ca3ce9c58b1fb3289f53b8 manifestBytes=832  missing=0 bodyBytes=832
        t=2026-09-23T12:06:08+0200 lvl=warn msg=GetBlockByNumer                         number=246
        t=2026-09-23T12:06:08+0200 lvl=info msg="HOTSTUFF PROPOSAL REF"                 number=478 viewID=0x8377d5f165965abe9f53d5846334d38315b1036a18dc2090fca8b025904993d7 proposalID=0x3615613806d8054cafb3dca943a5336ed92d36d5aa02aeed9baa46f626279948 blockHash=0x29d97582e938b28278e8d442764b0032c6a509a1f07d8f8c635a14be2226c521 bodyHash=0x0250e1fe5fbce9f43b48de48e12bdffa142996e30a0361ac1749af8542c29756 bodySize=1655 refBytes=446
        t=2026-09-23T12:06:08+0200 lvl=warn msg="Send msg try again"                    address=[::]:37609      Couldn't send to=127.0.0.1:49731 error="Operation Canceled"
        t=2026-09-23T12:06:08+0200 lvl=eror msg=CloseConnect                            =[::]:37609 having error closing conn to=127.0.0.1:50243 error="Connection Closed"
        t=2026-09-23T12:06:08+0200 lvl=warn msg="Send msg try again"                    address=[::]:37609      Couldn't send to=127.0.0.1:33175 error="Operation Canceled"
        t=2026-09-23T12:06:08+0200 lvl=eror msg=CloseConnect                            =[::]:37609 having error closing conn to=127.0.0.1:33175 error="Connection Closed"
        t=2026-09-23T12:06:09+0200 lvl=info msg="HOTSTUFF PROPOSAL MANIFEST stored"     from=127.0.0.1:49731 number=479 proposalID=0x1f478699a6aaab40cf3897d525d6728394c296be3d381877d494747b386e96ac manifestBytes=832  missing=0 bodyBytes=832
        t=2026-09-23T12:06:10+0200 lvl=info msg="HOTSTUFF PROPOSAL MANIFEST stored"     from=127.0.0.1:49731 number=480 proposalID=0x663be0569d07cc3c32f936de94e1da453c2e283d90493a274b6326a997cd3bbc manifestBytes=1222 missing=1 bodyBytes=3356
        t=2026-09-23T12:06:11+0200 lvl=eror msg="OnPropose wait proposal body"          number=480 proposalID=0x663be0569d07cc3c32f936de94e1da453c2e283d90493a274b6326a997cd3bbc err="hotstuff view state too old"
        t=2026-09-23T12:06:11+0200 lvl=warn msg="HOTSTUFF PROPOSAL MANIFEST authority rejected" from=127.0.0.1:35288 leader=127.0.0.1:35288 number=481 proposalID=0x431541118267a41f6a001d0811af2b77dce9f6dd54e0b8820ffceaae689533ac err="proposal manifest does not match the current deterministic leader route: manifest key committee is already canonical but is not the current route"
        t=2026-09-23T12:06:11+0200 lvl=warn msg="reject new-view before storage"        from=127.0.0.1:49731 viewID=0x93e7b1cc3f72f346dd6085d6b32ff64772961c3648e746fb3a591c7c7915b0a1 err="hotstuff proposal validation pending"
        t=2026-09-23T12:06:11+0200 lvl=warn msg="reject new-view before storage"        from=127.0.0.1:35288 viewID=0x93e7b1cc3f72f346dd6085d6b32ff64772961c3648e746fb3a591c7c7915b0a1 err="hotstuff proposal validation pending"
        t=2026-09-23T12:06:11+0200 lvl=warn msg="reject new-view before storage"        from=127.0.0.1:53415 viewID=0x93e7b1cc3f72f346dd6085d6b32ff64772961c3648e746fb3a591c7c7915b0a1 err="hotstuff proposal validation pending"
        t=2026-09-23T12:06:11+0200 lvl=warn msg="reject new-view before storage"        from=127.0.0.1:33175 viewID=0x93e7b1cc3f72f346dd6085d6b32ff64772961c3648e746fb3a591c7c7915b0a1 err="hotstuff proposal validation pending"
        t=2026-09-23T12:06:11+0200 lvl=warn msg="reject new-view before storage"        from=127.0.0.1:45292 viewID=0x93e7b1cc3f72f346dd6085d6b32ff64772961c3648e746fb3a591c7c7915b0a1 err="hotstuff proposal validation pending"
        t=2026-09-23T12:06:11+0200 lvl=warn msg="reject new-view before storage"        from=127.0.0.1:58893 viewID=0x93e7b1cc3f72f346dd6085d6b32ff64772961c3648e746fb3a591c7c7915b0a1 err="hotstuff proposal validation pending"
        t=2026-09-23T12:06:11+0200 lvl=info msg="HOTSTUFF PROPOSAL REPAIR REQUEST"      to=127.0.0.1:35288 number=481 proposalID=0x431541118267a41f6a001d0811af2b77dce9f6dd54e0b8820ffceaae689533ac missing=0 attempt=0
        t=2026-09-23T12:06:11+0200 lvl=info msg="HOTSTUFF PROPOSAL MANIFEST stored"     from=127.0.0.1:35288 number=481 proposalID=0x431541118267a41f6a001d0811af2b77dce9f6dd54e0b8820ffceaae689533ac manifestBytes=832  missing=0 bodyBytes=832
        t=2026-09-23T12:06:12+0200 lvl=warn msg=GetBlockByNumer                         number=246
        t=2026-09-23T12:06:12+0200 lvl=info msg="HOTSTUFF PROPOSAL REF"                 number=482 viewID=0x93e7b1cc3f72f346dd6085d6b32ff64772961c3648e746fb3a591c7c7915b0a1 proposalID=0x40a83ec227f3ebd521e08223e7629a9e0e011a464e314bed75d049e0d6d72d2d blockHash=0xd356f44cb5ca3c9cb346a42109aad5cecf9b99c60b87f350a45045e8a9fcdb98 bodyHash=0xe0a536f642936b49e6d9ddde815c7eebd035cf74b857c4ea2ae5da8e43467e1c bodySize=3356 refBytes=446
        t=2026-09-23T12:06:12+0200 lvl=warn msg="Send msg try again"                    address=[::]:37609      Couldn't send to=127.0.0.1:45292 error="Operation Canceled"
        t=2026-09-23T12:06:12+0200 lvl=eror msg=CloseConnect                            =[::]:37609 having error closing conn to=127.0.0.1:45292 error="Connection Closed"
    dex_financial_cli_test.go:116: ordinary CLI full log /tmp/dex-normal-cli-failure-841630096.log
    dex_financial_cli_test.go:121: ordinary Common6: |12:05:27.399] handleNewViewMsg got new view message    from=127.0.0.3:42465 viewId="774026…aa168d"
        INFO [09-23|12:05:27.418] handleNewViewMsg got new view message    from=127.0.0.8:45051 viewId="774026…aa168d"
        INFO [09-23|12:05:27.436] handleNewViewMsg got new view message    from=127.0.0.4:39883 viewId="774026…aa168d"
        INFO [09-23|12:05:27.509] handleNewViewMsg got new view message    from=127.0.0.2:44067 viewId="774026…aa168d"
        INFO [09-23|12:05:27.596] handleNewViewMsg got new view message    from=127.0.0.6:41735 viewId="774026…aa168d"
        INFO [09-23|12:05:27.626] handleNewViewMsg got new view message    from=127.0.0.5:45409 viewId="774026…aa168d"
        WARN [09-23|12:05:28.657] GetBlockByNumer                          number=443
        WARN [09-23|12:05:30.015] GetBlockByNumer                          number=444
        WARN [09-23|12:05:30.156] GetBlockByNumer                          number=444
        WARN [09-23|12:05:30.271] GetBlockByNumer                          number=445
        WARN [09-23|12:05:30.329] GetBlockByNumer                          number=446
        WARN [09-23|12:05:30.338] GetBlockByNumer                          number=445
        INFO [09-23|12:05:31.621] HOTSTUFF PREPARE QC VERIFIED             number=218 viewID="38ab1f…9c5079" from=127.0.0.2:44067 maskBytes=1
        INFO [09-23|12:05:33.120] HOTSTUFF PREPARE QC VERIFIED             number=219 viewID="d7efa2…2731cf" from=127.0.0.3:42465 maskBytes=1
        WARN [09-23|12:05:33.377] GetBlockByNumer                          number=447
        WARN [09-23|12:05:34.145] GetBlockByNumer                          number=448
        INFO [09-23|12:05:34.223] HOTSTUFF PREPARE QC VERIFIED             number=220 viewID="6fc2aa…d97bc8" from=127.0.0.4:39883 maskBytes=1
        WARN [09-23|12:05:35.034] GetBlockByNumer                          number=449
        INFO [09-23|12:05:35.035] HOTSTUFF PREPARE QC VERIFIED             number=221 viewID="9cb54c…498d9f" from=127.0.0.5:45409 maskBytes=1
        WARN [09-23|12:05:35.292] GetBlockByNumer                          number=450
        INFO [09-23|12:05:36.139] HOTSTUFF PREPARE QC VERIFIED             number=222 viewID="6f87a3…c93c60" from=127.0.0.6:41735 maskBytes=1
        WARN [09-23|12:05:37.897] GetBlockByNumer                          number=451
        WARN [09-23|12:05:38.556] GetBlockByNumer                          number=452
        INFO [09-23|12:05:39.548] HOTSTUFF PREPARE QC VERIFIED             number=223 viewID="cbd831…6ca850" from=127.0.0.7:40923 maskBytes=1
        INFO [09-23|12:05:39.554] handleNewViewMsg got new view message    from=127.0.0.4:39883 viewId="34e1a8…d9ebe0"
        INFO [09-23|12:05:39.577] handleNewViewMsg got new view message    from=127.0.0.2:44067 viewId="34e1a8…d9ebe0"
        INFO [09-23|12:05:39.598] handleNewViewMsg got new view message    from=127.0.0.6:41735 viewId="34e1a8…d9ebe0"
        INFO [09-23|12:05:39.618] handleNewViewMsg got new view message    from=127.0.0.3:42465 viewId="34e1a8…d9ebe0"
        INFO [09-23|12:05:39.637] handleNewViewMsg got new view message    from=127.0.0.8:45051 viewId="34e1a8…d9ebe0"
        INFO [09-23|12:05:39.987] handleNewViewMsg got new view message    from=127.0.0.7:40923 viewId="334e19…54448d"
        INFO [09-23|12:05:39.997] handleNewViewMsg got new view message    from=127.0.0.4:39883 viewId="334e19…54448d"
        INFO [09-23|12:05:40.007] handleNewViewMsg got new view message    from=127.0.0.5:45409 viewId="34e1a8…d9ebe0"
        INFO [09-23|12:05:40.042] handleNewViewMsg got new view message    from=127.0.0.2:44067 viewId="334e19…54448d"
        INFO [09-23|12:05:40.071] handleNewViewMsg got new view message    from=127.0.0.6:41735 viewId="334e19…54448d"
        INFO [09-23|12:05:40.099] handleNewViewMsg got new view message    from=127.0.0.3:42465 viewId="334e19…54448d"
        INFO [09-23|12:05:40.181] handleNewViewMsg got new view message    from=127.0.0.8:45051 viewId="334e19…54448d"
        INFO [09-23|12:05:40.406] handleNewViewMsg got new view message    from=127.0.0.5:45409 viewId="334e19…54448d"
        WARN [09-23|12:05:41.877] GetBlockByNumer                          number=453
        WARN [09-23|12:05:42.154] GetBlockByNumer                          number=453
        WARN [09-23|12:05:42.256] GetBlockByNumer                          number=454
        WARN [09-23|12:05:42.391] GetBlockByNumer                          number=455
        INFO [09-23|12:05:43.569] HOTSTUFF PREPARE QC VERIFIED             number=225 viewID="f1a40c…350891" from=127.0.0.2:44067 maskBytes=1
        WARN [09-23|12:05:44.872] GetBlockByNumer                          number=455
        WARN [09-23|12:05:44.971] GetBlockByNumer                          number=456
        WARN [09-23|12:05:44.985] GetBlockByNumer                          number=456
        INFO [09-23|12:05:45.161] HOTSTUFF PREPARE QC VERIFIED             number=226 viewID="42221f…42775e" from=127.0.0.3:42465 maskBytes=1
        WARN [09-23|12:05:45.183] GetBlockByNumer                          number=457
        WARN [09-23|12:05:45.259] GetBlockByNumer                          number=458
        INFO [09-23|12:05:46.260] HOTSTUFF PREPARE QC VERIFIED             number=227 viewID="85fe58…671776" from=127.0.0.4:39883 maskBytes=1
        WARN [09-23|12:05:46.489] GetBlockByNumer                          number=459
        INFO [09-23|12:05:47.504] HOTSTUFF PREPARE QC VERIFIED             number=228 viewID="9ac8f0…db916b" from=127.0.0.5:45409 maskBytes=1
        INFO [09-23|12:05:48.585] HOTSTUFF PREPARE QC VERIFIED             number=229 viewID="c3975d…997e21" from=127.0.0.6:41735 maskBytes=1
        WARN [09-23|12:05:49.255] GetBlockByNumer                          number=459
        WARN [09-23|12:05:49.306] GetBlockByNumer                          number=460
        WARN [09-23|12:05:49.492] GetBlockByNumer                          number=461
        INFO [09-23|12:05:49.774] HOTSTUFF PREPARE QC VERIFIED             number=230 viewID="48c7b2…4e10d1" from=127.0.0.7:40923 maskBytes=1
        INFO [09-23|12:05:49.784] handleNewViewMsg got new view message    from=127.0.0.4:39883 viewId="1f5e34…55aef1"
        INFO [09-23|12:05:49.801] handleNewViewMsg got new view message    from=127.0.0.7:40923 viewId="1f5e34…55aef1"
        INFO [09-23|12:05:49.817] handleNewViewMsg got new view message    from=127.0.0.8:45051 viewId="1f5e34…55aef1"
        INFO [09-23|12:05:49.829] handleNewViewMsg got new view message    from=127.0.0.5:45409 viewId="1f5e34…55aef1"
        INFO [09-23|12:05:49.842] handleNewViewMsg got new view message    from=127.0.0.6:41735 viewId="1f5e34…55aef1"
        INFO [09-23|12:05:50.188] handleNewViewMsg got new view message    from=127.0.0.3:42465 viewId="1f5e34…55aef1"
        INFO [09-23|12:05:50.223] handleNewViewMsg got new view message    from=127.0.0.2:44067 viewId="1f5e34…55aef1"
        WARN [09-23|12:05:50.456] GetBlockByNumer                          number=462
        INFO [09-23|12:05:50.969] HOTSTUFF PREPARE QC BROADCAST            number=231 viewID="1f5e34…55aef1" votes=5 threshold=5
        INFO [09-23|12:05:50.991] HOTSTUFF PREPARE QC VERIFIED             number=231 viewID="1f5e34…55aef1" from=127.0.0.8:45051 maskBytes=1
        WARN [09-23|12:05:53.401] GetBlockByNumer                          number=463
        INFO [09-23|12:05:53.910] HOTSTUFF PREPARE QC VERIFIED             number=232 viewID="34c947…924924" from=127.0.0.2:44067 maskBytes=1
        WARN [09-23|12:05:54.245] GetBlockByNumer                          number=464
        WARN [09-23|12:05:54.918] GetBlockByNumer                          number=465
        INFO [09-23|12:05:55.665] HOTSTUFF PREPARE QC VERIFIED             number=233 viewID="bef3f6…7e8a6c" from=127.0.0.3:42465 maskBytes=1
        WARN [09-23|12:05:55.960] GetBlockByNumer                          number=466
        INFO [09-23|12:05:57.860] HOTSTUFF PREPARE QC VERIFIED             number=234 viewID="aa85f2…93de32" from=127.0.0.4:39883 maskBytes=1
        WARN [09-23|12:05:58.137] GetBlockByNumer                          number=467
        WARN [09-23|12:05:59.870] GetBlockByNumer                          number=468
        INFO [09-23|12:06:00.347] HOTSTUFF PREPARE QC VERIFIED             number=235 viewID="0b0ae2…1d5a25" from=127.0.0.5:45409 maskBytes=1
        WARN [09-23|12:06:00.790] GetBlockByNumer                          number=469
        WARN [09-23|12:06:01.322] GetBlockByNumer                          number=470
        WARN [09-23|12:06:02.495] GetBlockByNumer                          number=470
        WARN [09-23|12:06:02.655] GetBlockByNumer                          number=471
        WARN [09-23|12:06:03.416] GetBlockByNumer                          number=472
        INFO [09-23|12:06:04.195] HOTSTUFF PREPARE QC VERIFIED             number=236 viewID="7b3cb8…22b838" from=127.0.0.6:41735 maskBytes=1
        WARN [09-23|12:06:04.843] GetBlockByNumer                          number=473
        WARN [09-23|12:06:05.732] GetBlockByNumer                          number=474
        INFO [09-23|12:06:06.270] HOTSTUFF PREPARE QC VERIFIED             number=237 viewID="783bf3…3b9b9c" from=127.0.0.7:40923 maskBytes=1
        INFO [09-23|12:06:06.278] handleNewViewMsg got new view message    from=127.0.0.6:41735 viewId="8ef457…8bd294"
        INFO [09-23|12:06:06.296] handleNewViewMsg got new view message    from=127.0.0.2:44067 viewId="8ef457…8bd294"
        INFO [09-23|12:06:06.327] handleNewViewMsg got new view message    from=127.0.0.4:39883 viewId="8ef457…8bd294"
        INFO [09-23|12:06:06.339] handleNewViewMsg got new view message    from=127.0.0.5:45409 viewId="8ef457…8bd294"
        INFO [09-23|12:06:06.350] handleNewViewMsg got new view message    from=127.0.0.7:40923 viewId="8ef457…8bd294"
        INFO [09-23|12:06:06.394] handleNewViewMsg got new view message    from=127.0.0.8:45051 viewId="8ef457…8bd294"
        INFO [09-23|12:06:06.552] handleNewViewMsg got new view message    from=127.0.0.3:42465 viewId="8ef457…8bd294"
        INFO [09-23|12:06:07.008] HOTSTUFF PREPARE QC BROADCAST            number=238 viewID="8ef457…8bd294" votes=5 threshold=5
        INFO [09-23|12:06:07.040] HOTSTUFF PREPARE QC VERIFIED             number=238 viewID="8ef457…8bd294" from=127.0.0.8:45051 maskBytes=1
        WARN [09-23|12:06:07.709] GetBlockByNumer                          number=474
        WARN [09-23|12:06:07.798] GetBlockByNumer                          number=475
        WARN [09-23|12:06:07.808] GetBlockByNumer                          number=475
        WARN [09-23|12:06:07.881] GetBlockByNumer                          number=476
        INFO [09-23|12:06:08.477] HOTSTUFF PREPARE QC VERIFIED             number=239 viewID="113480…b75b01" from=127.0.0.2:44067 maskBytes=1
        WARN [09-23|12:06:09.242] GetBlockByNumer                          number=476
        WARN [09-23|12:06:09.303] GetBlockByNumer                          number=477
        WARN [09-23|12:06:09.466] GetBlockByNumer                          number=478
        INFO [09-23|12:06:09.585] HOTSTUFF PREPARE QC VERIFIED             number=240 viewID="a84fe2…ee2604" from=127.0.0.3:42465 maskBytes=1
        INFO [09-23|12:06:10.487] HOTSTUFF PREPARE QC VERIFIED             number=241 viewID="8a3848…6ddb64" from=127.0.0.4:39883 maskBytes=1
        INFO [09-23|12:06:11.168] HOTSTUFF PREPARE QC VERIFIED             number=242 viewID="bbd97b…139d2e" from=127.0.0.5:45409 maskBytes=1
        WARN [09-23|12:06:11.928] GetBlockByNumer                          number=478
        WARN [09-23|12:06:12.000] GetBlockByNumer                          number=479
        INFO [09-23|12:06:12.066] HOTSTUFF PREPARE QC VERIFIED             number=243 viewID="21f4b8…820cf4" from=127.0.0.6:41735 maskBytes=1
        WARN [09-23|12:06:12.491] GetBlockByNumer                          number=480
        INFO [09-23|12:06:12.800] HOTSTUFF PREPARE QC VERIFIED             number=244 viewID="424ea1…d7e778" from=127.0.0.7:40923 maskBytes=1
        INFO [09-23|12:06:12.802] handleNewViewMsg got new view message    from=127.0.0.2:44067 viewId="c455c6…af1835"
        INFO [09-23|12:06:12.829] handleNewViewMsg got new view message    from=127.0.0.8:45051 viewId="c455c6…af1835"
        INFO [09-23|12:06:12.842] handleNewViewMsg got new view message    from=127.0.0.7:40923 viewId="c455c6…af1835"
        INFO [09-23|12:06:12.855] handleNewViewMsg got new view message    from=127.0.0.4:39883 viewId="c455c6…af1835"
        INFO [09-23|12:06:12.874] handleNewViewMsg got new view message    from=127.0.0.3:42465 viewId="c455c6…af1835"
        INFO [09-23|12:06:12.916] handleNewViewMsg got new view message    from=127.0.0.5:45409 viewId="c455c6…af1835"
    dex_continuous_fixture_test.go:382: continuous relay log /tmp/continuous-relay-failure-3306122301.log
    dex_continuous_fixture_test.go:384: relay status {Version:1 Devnet:true Authenticated:{SourceAnchor:{Version:2 ChainID:10101919 Genesis:[45 103 223 26 66 41 188 130 181 131 11 52 136 210 170 39 58 127 106 253 156 198 159 197 67 160 110 47 118 241 37 195] DEXID:[44 164 121 142 126 190 33 185 33 155 126 222 246 225 246 157 69 119 10 104 181 63 134 207 76 240 149 254 88 238 140 4] Custody:[0 0 0 0 0 0 0 0 0 0 0 0 0 0 0 0 0 222 0 1] Height:478 BlockHash:[41 217 117 130 233 56 178 130 120 232 212 66 118 75 0 50 198 165 9 161 240 125 143 140 99 90 20 190 34 38 197 33] StateRoot:[187 100 77 29 109 64 232 21 14 159 69 122 105 51 102 39 242 155 183 219 123 180 213 146 41 8 142 97 214 152 187 9] SourceKeyHash:[129 238 253 192 4 77 215 227 137 62 4 52 171 194 17 212 51 148 108 3 178 235 48 227 121 124 255 175 65 137 48 55] SourceCommittee:[144 194 15 21 152 61 114 8 151 172 77 159 145 1 80 242 158 41 24 230 65 146 212 91 100 199 175 204 237 129 179 88] SourceEpoch:1 InboxCount:10 ActivationEnd:0 ActivationRoot:[0 0 0 0 0 0 0 0 0 0 0 0 0 0 0 0 0 0 0 0 0 0 0 0 0 0 0 0 0 0 0 0]} DEXSequence:102 CLXSequence:82 CLXSequenceVerified:true} Counts:map[complete:146 queued:7 submitted:1 waiting:10] TotalJobs:164 JobsTruncated:false Jobs:[{ID:[19 53 249 149 232 54 239 248 240 95 170 23 126 204 132 190 217 51 97 147 77 167 126 195 48 156 23 67 84 185 208 237] Lane:2 Phase:complete Nonce:0 Reserved:false TXHash:[0 0 0 0 0 0 0 0 0 0 0 0 0 0 0 0 0 0 0 0 0 0 0 0 0 0 0 0 0 0 0 0] Sends:1 RPCAckObserved:false LastError:} {ID:[24 190 208 52 80 4 247 122 153 238 249 133 120 94 161 16 181 173 184 150 91 183 12 71 58 181 43 48 110 118 142 21] Lane:1 Phase:complete Nonce:0 Reserved:true TXHash:[55 63 40 228 153 155 101 16 138 91 43 38 142 13 36 249 208 245 226 118 136 84 175 223 106 212 58 142 54 114 120 131] Sends:1 RPCAckObserved:true LastError:} {ID:[122 243 65 90 209 149 232 249 237 121 123 170 202 161 187 14 178 154 149 175 222 156 116 234 182 81 71 208 134 94 6 245] Lane:3 Phase:complete Nonce:1 Reserved:true TXHash:[156 253 183 34 103 186 25 29 196 229 58 185 181 191 98 38 255 32 63 161 223 90 152 135 10 51 196 221 33 170 41 222] Sends:2 RPCAckObserved:true LastError:} {ID:[164 217 46 116 64 184 1 130 76 227 107 18 4 10 65 105 163 99 19 133 45 241 231 5 33 126 42 14 182 237 96 203] Lane:3 Phase:complete Nonce:2 Reserved:true TXHash:[150 201 195 231 238 190 255 227 142 165 90 80 56 213 25 253 88 189 62 51 40 143 79 38 138 27 219 193 46 216 247 75] Sends:2 RPCAckObserved:true LastError:} {ID:[54 200 152 3 240 4 28 238 11 238 131 42 225 48 194 207 54 88 24 10 175 111 104 163 225 71 130 140 50 147 58 178] Lane:3 Phase:complete Nonce:3 Reserved:true TXHash:[76 162 144 166 134 60 68 203 142 208 24 228 250 9 32 4 72 192 27 38 91 61 178 16 77 171 220 179 55 214 186 228] Sends:2 RPCAckObserved:true LastError:} {ID:[249 4 6 23 44 175 158 122 26 90 138 246 94 74 168 140 40 104 100 246 157 92 21 247 71 99 76 20 221 228 232 95] Lane:3 Phase:complete Nonce:4 Reserved:true TXHash:[207 202 32 29 193 39 4 212 16 78 145 227 136 237 227 136 108 71 103 33 153 165 21 199 19 181 148 71 172 220 109 111] Sends:2 RPCAckObserved:true LastError:} {ID:[60 99 187 237 96 172 227 16 108 163 102 47 40 60 23 243 54 185 204 152 185 245 9 97 92 235 9 150 174 224 51 132] Lane:3 Phase:complete Nonce:5 Reserved:true TXHash:[146 128 37 10 200 32 254 34 89 131 98 45 148 137 164 156 37 20 75 55 171 111 223 187 90 175 42 90 215 63 111 253] Sends:2 RPCAckObserved:true LastError:} {ID:[178 251 177 208 165 26 52 127 215 12 41 227 58 182 85 228 60 6 46 102 147 158 135 147 41 92 0 31 25 108 85 144] Lane:3 Phase:complete Nonce:6 Reserved:true TXHash:[157 97 90 177 121 10 15 190 60 99 18 73 141 74 180 46 202 153 56 218 14 231 85 27 179 57 236 61 195 82 174 43] Sends:2 RPCAckObserved:true LastError:} {ID:[99 104 92 219 137 210 178 62 142 164 11 1 122 84 87 62 74 45 97 223 171 178 52 209 107 55 225 20 56 25 3 70] Lane:3 Phase:complete Nonce:7 Reserved:true TXHash:[251 21 244 222 119 107 67 233 241 193 168 13 202 20 10 175 136 229 130 199 89 131 218 95 12 238 204 166 225 132 151 121] Sends:2 RPCAckObserved:true LastError:} {ID:[81 186 84 93 29 117 121 101 173 234 215 20 191 179 147 98 144 219 182 82 162 86 101 27 6 26 159 115 17 126 24 52] Lane:3 Phase:complete Nonce:8 Reserved:true TXHash:[158 92 232 138 41 118 244 218 187 76 94 116 210 152 36 82 100 245 154 199 254 131 128 95 196 138 24 29 141 71 8 116] Sends:3 RPCAckObserved:true LastError:} {ID:[55 184 42 0 167 121 66 233 33 91 254 211 216 68 41 15 236 5 112 123 173 255 244 55 67 61 214 165 137 110 38 106] Lane:3 Phase:complete Nonce:9 Reserved:true TXHash:[213 222 25 62 220 221 71 114 205 165 49 51 254 109 112 28 238 130 92 138 228 47 190 110 45 74 89 173 65 49 154 43] Sends:2 RPCAckObserved:true LastError:} {ID:[196 230 243 174 48 134 166 42 34 234 233 28 19 124 196 227 107 137 194 26 68 237 180 1 56 73 57 171 150 236 228 162] Lane:3 Phase:complete Nonce:10 Reserved:true TXHash:[23 139 103 181 223 36 93 227 228 157 206 139 107 252 67 9 175 213 71 19 240 58 124 158 61 173 148 105 60 159 150 194] Sends:2 RPCAckObserved:true LastError:} {ID:[231 74 7 129 112 82 108 134 8 240 40 105 181 237 83 87 216 192 112 171 107 126 198 255 151 128 82 160 16 44 224 60] Lane:3 Phase:complete Nonce:11 Reserved:true TXHash:[182 98 253 22 94 207 42 153 24 60 167 126 15 115 28 11 102 31 126 141 1 10 75 28 59 30 117 44 140 18 78 217] Sends:2 RPCAckObserved:true LastError:} {ID:[16 233 55 133 212 192 249 135 182 124 64 148 148 242 109 178 233 92 85 230 247 222 100 167 68 150 42 41 171 84 228 113] Lane:3 Phase:complete Nonce:12 Reserved:true TXHash:[83 228 107 93 23 173 115 63 108 193 91 146 244 170 174 126 211 108 23 215 246 45 225 147 210 107 211 202 212 112 225 123] Sends:3 RPCAckObserved:true LastError:} {ID:[96 101 39 79 101 73 254 200 60 165 9 41 120 250 211 163 72 233 152 191 9 132 179 213 90 51 215 51 39 44 180 248] Lane:3 Phase:complete Nonce:13 Reserved:true TXHash:[68 42 9 216 17 106 80 86 51 202 107 221 34 105 17 112 112 77 15 217 180 88 158 192 56 164 160 165 83 136 222 96] Sends:2 RPCAckObserved:true LastError:} {ID:[134 61 94 103 236 28 169 25 66 8 185 172 5 34 8 222 21 101 191 161 84 77 25 146 185 118 43 8 93 107 4 207] Lane:3 Phase:complete Nonce:0 Reserved:false TXHash:[0 0 0 0 0 0 0 0 0 0 0 0 0 0 0 0 0 0 0 0 0 0 0 0 0 0 0 0 0 0 0 0] Sends:0 RPCAckObserved:false LastError:} {ID:[239 28 169 176 153 19 94 180 15 249 178 137 67 88 125 8 251 62 90 246 78 67 116 32 104 147 135 65 71 176 154 122] Lane:3 Phase:complete Nonce:14 Reserved:true TXHash:[145 37 57 121 109 243 9 57 1 32 158 180 173 111 102 150 131 122 80 103 200 96 93 195 186 255 24 220 226 6 21 101] Sends:2 RPCAckObserved:true LastError:} {ID:[0 225 10 249 99 184 29 89 155 74 154 159 57 156 133 13 101 77 93 239 166 3 90 71 115 183 153 64 60 26 60 19] Lane:3 Phase:complete Nonce:15 Reserved:true TXHash:[127 255 112 84 209 9 61 243 112 241 159 193 120 100 253 209 122 172 131 228 39 13 126 150 10 101 46 67 197 134 163 212] Sends:2 RPCAckObserved:true LastError:} {ID:[20 163 7 237 227 251 168 16 213 138 5 103 21 13 173 140 14 80 18 121 83 59 200 209 219 8 127 79 128 144 125 254] Lane:3 Phase:complete Nonce:16 Reserved:true TXHash:[133 65 195 8 188 190 139 218 74 171 49 5 177 253 44 121 35 139 139 193 177 47 155 216 186 220 185 29 185 97 45 186] Sends:2 RPCAckObserved:true LastError:} {ID:[209 35 139 63 100 252 93 250 179 55 21 134 39 150 25 197 158 140 67 36 188 1 155 40 51 131 180 227 207 10 61 242] Lane:3 Phase:complete Nonce:17 Reserved:true TXHash:[23 237 98 72 75 0 34 0 210 15 214 124 54 65 236 132 152 138 167 242 144 29 16 152 35 204 61 232 253 150 220 170] Sends:1 RPCAckObserved:true LastError:} {ID:[200 221 5 128 117 226 138 143 179 44 155 92 25 90 63 167 124 232 198 54 21 229 183 255 93 43 33 36 211 243 94 215] Lane:4 Phase:complete Nonce:24 Reserved:true TXHash:[150 124 188 12 71 11 151 67 130 81 209 227 16 129 227 9 142 182 47 189 94 216 138 197 87 21 208 251 98 189 138 201] Sends:1 RPCAckObserved:true LastError:} {ID:[130 220 83 132 135 26 163 111 210 191 74 110 100 191 41 162 43 150 178 34 107 145 169 69 172 203 179 128 153 145 154 246] Lane:4 Phase:complete Nonce:27 Reserved:true TXHash:[253 31 239 56 158 104 176 199 148 222 38 77 91 109 94 193 184 154 189 43 201 156 139 194 24 149 166 28 204 78 51 156] Sends:1 RPCAckObserved:true LastError:} {ID:[144 207 219 255 35 6 123 215 202 101 114 28 77 118 228 158 2 225 108 48 154 115 80 51 32 28 113 200 178 181 215 87] Lane:4 Phase:complete Nonce:18 Reserved:true TXHash:[215 29 53 130 11 31 136 157 176 111 100 254 113 203 89 21 172 151 151 26 63 81 223 94 41 207 113 22 11 80 121 30] Sends:2 RPCAckObserved:true LastError:} {ID:[105 151 56 110 195 82 236 103 168 123 111 61 78 246 145 139 37 44 171 109 59 122 6 30 97 79 220 229 116 125 19 102] Lane:4 Phase:complete Nonce:20 Reserved:true TXHash:[209 39 217 176 255 42 204 38 121 217 195 104 178 142 123 43 200 246 111 56 241 249 160 81 141 63 250 119 193 186 185 88] Sends:2 RPCAckObserved:true LastError:} {ID:[100 21 68 113 194 209 96 233 239 253 221 65 112 190 180 136 116 86 13 32 179 212 208 118 34 251 218 211 219 90 107 217] Lane:4 Phase:complete Nonce:21 Reserved:true TXHash:[49 115 48 74 103 138 239 48 220 15 57 136 78 253 166 83 0 33 194 84 213 18 159 214 108 173 15 143 131 201 81 141] Sends:2 RPCAckObserved:true LastError:} {ID:[80 208 111 107 212 46 183 249 31 225 89 88 252 126 91 251 57 246 85 86 234 169 159 142 121 26 216 255 162 52 0 202] Lane:4 Phase:complete Nonce:22 Reserved:true TXHash:[127 240 28 243 58 164 45 231 224 162 242 212 143 48 90 54 168 106 47 164 148 168 255 104 76 156 17 130 236 29 2 196] Sends:1 RPCAckObserved:true LastError:} {ID:[63 206 44 203 179 199 62 245 90 112 143 228 32 183 177 201 174 182 2 32 66 195 51 55 132 7 192 151 28 244 242 249] Lane:3 Phase:complete Nonce:19 Reserved:true TXHash:[234 6 83 234 81 240 113 66 95 217 218 148 172 211 96 127 224 166 117 108 220 36 206 151 109 65 171 4 42 135 45 11] Sends:2 RPCAckObserved:true LastError:} {ID:[76 20 159 255 212 243 196 119 220 74 149 145 208 238 161 53 141 150 17 107 164 119 41 164 120 247 63 200 227 120 203 16] Lane:2 Phase:complete Nonce:0 Reserved:false TXHash:[0 0 0 0 0 0 0 0 0 0 0 0 0 0 0 0 0 0 0 0 0 0 0 0 0 0 0 0 0 0 0 0] Sends:1 RPCAckObserved:false LastError:} {ID:[90 31 14 78 131 139 131 158 128 62 29 118 112 4 1 254 56 252 213 229 221 213 120 202 55 165 90 82 128 23 145 215] Lane:3 Phase:complete Nonce:23 Reserved:true TXHash:[116 6 79 86 255 150 124 125 159 222 244 47 222 1 139 8 61 177 52 47 165 84 16 208 199 207 241 105 31 62 253 161] Sends:1 RPCAckObserved:true LastError:} {ID:[208 231 94 81 182 127 45 32 130 116 158 127 138 226 223 9 155 120 45 173 148 194 13 155 65 23 64 126 14 18 29 141] Lane:3 Phase:complete Nonce:26 Reserved:true TXHash:[163 252 80 239 88 114 5 62 104 63 253 217 38 207 184 237 163 37 194 123 146 212 73 201 97 174 7 245 100 86 193 202] Sends:1 RPCAckObserved:true LastError:} {ID:[7 16 88 157 233 35 241 40 133 19 150 121 143 78 83 219 6 126 2 56 63 109 18 109 144 73 51 147 168 222 99 202] Lane:2 Phase:complete Nonce:0 Reserved:false TXHash:[0 0 0 0 0 0 0 0 0 0 0 0 0 0 0 0 0 0 0 0 0 0 0 0 0 0 0 0 0 0 0 0] Sends:1 RPCAckObserved:false LastError:} {ID:[78 134 240 152 10 163 214 82 75 252 46 41 186 61 42 201 253 225 253 45 75 47 35 149 181 187 175 255 99 205 133 112] Lane:1 Phase:complete Nonce:25 Reserved:true TXHash:[156 213 178 78 252 118 40 234 177 225 107 212 54 33 241 142 95 121 124 37 197 205 62 95 131 3 200 251 209 219 121 192] Sends:1 RPCAckObserved:true LastError:} {ID:[133 210 236 191 38 120 47 83 131 12 79 144 208 2 191 140 244 87 70 13 170 152 61 155 138 54 215 252 251 121 252 99] Lane:3 Phase:complete Nonce:28 Reserved:true TXHash:[250 64 155 188 172 3 149 103 129 1 154 49 224 28 190 83 193 156 199 126 50 155 52 39 84 208 250 118 15 91 217 110] Sends:2 RPCAckObserved:true LastError:} {ID:[177 238 68 133 134 210 163 121 105 238 23 168 85 56 250 30 163 104 221 51 132 36 251 238 184 159 246 102 104 6 177 66] Lane:3 Phase:complete Nonce:30 Reserved:true TXHash:[9 202 49 150 77 10 58 146 173 136 39 142 55 189 196 153 116 190 230 245 213 87 4 137 37 156 138 64 254 10 210 228] Sends:1 RPCAckObserved:true LastError:} {ID:[99 226 79 208 76 18 36 75 243 123 109 74 141 204 90 188 114 121 86 50 227 187 253 138 111 234 100 168 190 81 194 54] Lane:2 Phase:complete Nonce:0 Reserved:false TXHash:[0 0 0 0 0 0 0 0 0 0 0 0 0 0 0 0 0 0 0 0 0 0 0 0 0 0 0 0 0 0 0 0] Sends:1 RPCAckObserved:false LastError:} {ID:[200 64 122 149 124 153 192 83 149 47 143 216 110 171 57 197 241 177 213 168 132 52 205 146 163 95 146 41 135 78 96 199] Lane:3 Phase:complete Nonce:31 Reserved:true TXHash:[228 62 149 99 244 196 73 112 175 151 7 149 153 134 87 252 37 145 70 47 77 143 143 6 54 144 4 43 25 197 160 53] Sends:1 RPCAckObserved:true LastError:} {ID:[8 166 23 130 198 64 243 212 242 113 115 8 162 123 123 253 134 99 67 7 101 129 231 52 57 242 126 133 56 113 144 160] Lane:3 Phase:complete Nonce:33 Reserved:true TXHash:[148 106 234 49 2 65 158 255 132 195 86 84 132 158 204 172 96 214 224 80 109 40 2 217 49 83 60 144 37 211 170 52] Sends:1 RPCAckObserved:true LastError:} {ID:[114 33 36 218 229 142 100 80 2 218 147 202 225 178 52 150 63 80 228 36 139 225 95 182 95 55 53 204 32 105 114 242] Lane:3 Phase:complete Nonce:34 Reserved:true TXHash:[9 199 51 55 107 245 22 99 239 16 52 11 251 189 60 207 122 89 82 242 93 112 114 68 49 132 158 118 167 4 208 174] Sends:1 RPCAckObserved:true LastError:} {ID:[97 156 187 227 184 199 156 51 119 87 35 242 34 242 35 24 222 161 160 113 97 116 202 26 208 198 249 197 188 134 161 63] Lane:3 Phase:complete Nonce:35 Reserved:true TXHash:[197 239 219 164 10 167 243 16 82 213 42 200 138 150 170 42 167 0 23 216 140 188 6 90 152 66 93 208 50 69 88 93] Sends:1 RPCAckObserved:true LastError:} {ID:[49 255 109 94 12 237 202 195 19 58 80 35 108 52 105 197 120 30 96 238 161 185 23 73 88 49 54 97 183 54 35 31] Lane:3 Phase:complete Nonce:36 Reserved:true TXHash:[223 65 112 62 243 203 168 119 103 70 15 30 244 106 96 109 58 72 252 74 107 52 194 146 7 103 210 216 54 84 46 27] Sends:2 RPCAckObserved:true LastError:} {ID:[201 195 53 141 111 21 64 152 0 30 38 109 1 233 144 179 148 151 187 250 95 150 37 135 75 206 91 45 193 119 76 56] Lane:3 Phase:complete Nonce:37 Reserved:true TXHash:[246 48 172 241 147 91 102 205 9 77 165 207 241 159 85 100 126 230 30 0 73 188 113 119 93 31 103 144 70 218 12 161] Sends:2 RPCAckObserved:true LastError:} {ID:[63 69 14 248 33 128 176 213 141 177 33 87 199 194 10 31 134 8 192 100 245 11 224 212 22 67 114 92 9 98 48 50] Lane:1 Phase:complete Nonce:29 Reserved:true TXHash:[239 187 52 216 55 168 182 45 90 73 136 224 240 120 12 194 133 146 127 142 2 106 237 132 65 197 199 171 184 125 215 80] Sends:1 RPCAckObserved:true LastError:} {ID:[43 53 216 121 26 45 197 204 16 124 29 207 23 37 136 171 246 126 68 33 49 28 95 214 117 2 25 170 96 1 195 95] Lane:3 Phase:complete Nonce:38 Reserved:true TXHash:[195 60 4 231 14 172 161 165 201 131 155 29 46 9 103 254 126 37 136 176 31 92 50 89 130 111 109 214 38 187 235 73] Sends:2 RPCAckObserved:true LastError:} {ID:[176 215 219 95 148 249 246 205 158 125 20 47 38 24 112 173 55 120 4 215 217 21 245 89 159 23 226 18 124 144 207 168] Lane:3 Phase:complete Nonce:39 Reserved:true TXHash:[29 175 113 251 124 14 54 67 187 44 145 221 248 124 177 225 30 246 35 162 48 48 55 20 244 163 136 71 194 213 68 196] Sends:2 RPCAckObserved:true LastError:} {ID:[74 146 8 172 245 138 142 219 11 224 18 17 47 230 91 21 17 246 235 209 7 65 138 84 130 78 28 212 95 220 231 138] Lane:1 Phase:complete Nonce:32 Reserved:true TXHash:[139 108 79 142 182 79 68 179 238 69 223 164 109 86 152 198 231 242 32 238 167 102 6 30 78 41 201 214 112 251 16 65] Sends:1 RPCAckObserved:true LastError:} {ID:[126 50 250 2 71 148 171 204 66 185 162 151 19 228 222 135 35 114 72 236 61 177 105 152 84 187 203 9 109 84 104 38] Lane:3 Phase:complete Nonce:40 Reserved:true TXHash:[79 28 71 231 144 240 12 106 50 233 180 118 162 134 137 124 127 107 28 23 105 187 254 119 28 49 111 173 193 134 201 216] Sends:2 RPCAckObserved:true LastError:} {ID:[69 82 143 145 229 38 233 103 108 121 115 210 194 210 8 104 90 133 127 225 101 188 172 195 181 80 166 159 201 230 126 45] Lane:3 Phase:complete Nonce:41 Reserved:true TXHash:[82 47 143 69 237 163 112 178 198 91 212 192 205 59 52 10 67 43 37 135 0 116 219 92 152 233 218 9 106 4 70 31] Sends:3 RPCAckObserved:true LastError:} {ID:[114 136 31 238 167 210 13 106 90 153 153 64 187 110 149 157 141 60 43 70 55 32 191 89 75 233 213 204 61 201 219 67] Lane:3 Phase:complete Nonce:0 Reserved:false TXHash:[0 0 0 0 0 0 0 0 0 0 0 0 0 0 0 0 0 0 0 0 0 0 0 0 0 0 0 0 0 0 0 0] Sends:0 RPCAckObserved:false LastError:} {ID:[114 57 201 78 188 165 1 67 110 14 18 171 124 12 103 71 223 174 81 160 226 65 221 2 68 45 243 111 114 63 28 104] Lane:4 Phase:complete Nonce:48 Reserved:true TXHash:[147 43 171 169 7 175 34 208 92 97 236 180 125 173 219 0 180 103 87 133 157 102 11 47 56 175 238 100 119 164 32 22] Sends:2 RPCAckObserved:true LastError:} {ID:[43 60 29 67 122 109 116 249 255 130 15 180 128 143 69 39 199 138 92 67 43 185 72 17 234 201 87 255 82 155 21 201] Lane:4 Phase:complete Nonce:49 Reserved:true TXHash:[172 220 195 254 214 29 146 195 224 203 197 173 143 81 76 143 77 75 23 158 224 85 57 203 198 241 65 213 82 182 245 175] Sends:3 RPCAckObserved:true LastError:} {ID:[203 127 131 153 211 192 135 145 92 254 135 2 143 230 138 7 31 55 224 64 217 95 128 90 1 52 157 30 87 36 186 101] Lane:4 Phase:complete Nonce:50 Reserved:true TXHash:[98 231 80 118 173 153 106 110 90 250 63 114 103 108 46 236 123 253 254 84 243 10 51 13 198 84 215 176 90 16 156 6] Sends:2 RPCAckObserved:true LastError:} {ID:[244 191 75 199 134 219 90 84 172 53 196 204 0 177 60 247 203 195 67 89 184 104 81 152 34 45 2 50 123 159 30 243] Lane:4 Phase:complete Nonce:51 Reserved:true TXHash:[223 137 215 194 198 245 203 68 53 132 185 46 151 200 242 204 18 190 68 252 69 120 133 187 50 225 168 16 19 124 225 53] Sends:2 RPCAckObserved:true LastError:} {ID:[29 221 253 225 198 174 91 119 243 202 110 76 189 162 131 192 238 15 110 26 212 67 54 182 7 191 1 244 197 118 110 131] Lane:4 Phase:complete Nonce:52 Reserved:true TXHash:[1 15 194 34 125 122 75 144 117 77 30 142 15 80 132 26 171 36 159 83 212 117 40 215 253 129 15 205 254 18 13 36] Sends:2 RPCAckObserved:true LastError:} {ID:[172 100 17 170 168 150 66 91 192 28 160 76 138 88 255 222 253 70 251 9 42 164 192 27 1 244 231 198 177 151 49 153] Lane:4 Phase:complete Nonce:53 Reserved:true TXHash:[149 226 63 83 106 147 211 154 236 82 77 158 158 160 224 249 100 230 253 126 240 8 254 8 194 203 126 116 243 88 7 89] Sends:2 RPCAckObserved:true LastError:} {ID:[85 16 11 39 66 138 241 248 1 238 210 73 194 159 54 134 193 155 64 125 144 225 247 197 228 91 239 167 241 109 159 87] Lane:3 Phase:complete Nonce:42 Reserved:true TXHash:[11 158 111 41 140 197 227 195 184 184 247 83 248 159 219 129 109 91 236 2 251 214 232 207 224 207 25 192 213 175 17 221] Sends:2 RPCAckObserved:true LastError:} {ID:[178 6 12 171 128 126 83 100 174 167 8 235 173 165 141 21 51 244 190 211 9 139 187 158 59 94 56 53 10 97 40 253] Lane:3 Phase:complete Nonce:43 Reserved:true TXHash:[147 152 128 122 68 123 16 23 184 67 110 22 189 49 100 44 45 206 94 92 229 38 206 108 177 13 77 192 77 190 122 225] Sends:2 RPCAckObserved:true LastError:} {ID:[87 210 192 220 206 63 172 108 184 36 52 175 201 33 131 230 162 205 181 94 143 123 70 202 82 85 3 44 238 152 14 248] Lane:3 Phase:complete Nonce:44 Reserved:true TXHash:[128 147 221 196 73 48 145 5 158 202 147 31 15 70 231 80 27 41 241 193 88 116 18 128 169 205 178 72 40 210 136 216] Sends:3 RPCAckObserved:true LastError:} {ID:[2 142 219 107 4 118 114 211 83 182 241 134 9 168 221 148 140 146 226 6 14 14 27 152 144 244 196 57 221 137 217 65] Lane:4 Phase:complete Nonce:54 Reserved:true TXHash:[87 112 120 98 111 178 190 224 147 44 227 2 203 205 162 152 3 82 170 41 201 181 144 133 104 158 6 31 223 50 78 4] Sends:2 RPCAckObserved:true LastError:} {ID:[244 137 31 231 45 220 218 35 249 238 166 105 34 10 252 50 47 82 89 28 96 101 199 26 194 188 158 61 126 31 25 95] Lane:3 Phase:complete Nonce:45 Reserved:true TXHash:[51 250 152 118 149 241 244 136 174 253 205 188 182 71 233 197 121 123 178 238 50 81 143 58 232 157 37 220 63 171 228 52] Sends:2 RPCAckObserved:true LastError:} {ID:[166 47 240 74 236 155 2 204 29 179 51 233 238 57 98 113 205 67 137 207 111 242 130 68 151 186 208 252 100 141 124 4] Lane:4 Phase:complete Nonce:55 Reserved:true TXHash:[187 199 184 249 5 161 208 161 189 174 238 161 244 37 31 129 121 180 12 204 133 64 185 240 136 164 70 118 82 6 117 11] Sends:3 RPCAckObserved:true LastError:} {ID:[154 31 183 108 84 227 31 81 143 90 43 228 13 125 42 246 5 155 134 218 18 80 191 169 105 49 207 83 62 187 185 24] Lane:4 Phase:complete Nonce:0 Reserved:false TXHash:[0 0 0 0 0 0 0 0 0 0 0 0 0 0 0 0 0 0 0 0 0 0 0 0 0 0 0 0 0 0 0 0] Sends:0 RPCAckObserved:false LastError:} {ID:[203 57 205 85 0 133 88 45 211 249 143 154 93 194 17 195 177 97 104 155 236 183 109 7 107 175 106 174 43 116 14 193] Lane:4 Phase:complete Nonce:56 Reserved:true TXHash:[68 30 79 45 181 181 137 49 147 78 127 129 139 216 162 37 82 215 244 155 21 240 243 230 209 153 171 167 181 206 225 218] Sends:2 RPCAckObserved:true LastError:} {ID:[183 87 112 44 176 125 80 252 185 147 37 27 254 150 218 249 44 170 140 112 214 101 56 20 225 248 158 224 216 75 140 52] Lane:4 Phase:complete Nonce:57 Reserved:true TXHash:[92 138 203 34 8 46 232 172 144 164 68 104 198 131 124 77 150 202 204 99 135 139 185 14 182 106 219 152 180 204 250 92] Sends:2 RPCAckObserved:true LastError:} {ID:[213 143 40 75 219 248 242 85 149 100 62 174 88 161 231 101 40 228 99 31 81 210 29 90 51 58 133 48 230 33 164 250] Lane:4 Phase:complete Nonce:0 Reserved:false TXHash:[0 0 0 0 0 0 0 0 0 0 0 0 0 0 0 0 0 0 0 0 0 0 0 0 0 0 0 0 0 0 0 0] Sends:0 RPCAckObserved:false LastError:} {ID:[66 8 97 210 21 8 215 32 233 126 158 178 187 89 92 36 200 126 86 4 212 3 115 42 216 35 92 66 97 105 217 212] Lane:4 Phase:complete Nonce:0 Reserved:false TXHash:[0 0 0 0 0 0 0 0 0 0 0 0 0 0 0 0 0 0 0 0 0 0 0 0 0 0 0 0 0 0 0 0] Sends:0 RPCAckObserved:false LastError:} {ID:[85 199 243 91 230 32 115 69 92 194 19 38 76 141 106 49 192 130 146 144 43 229 181 120 196 199 56 221 243 69 43 93] Lane:4 Phase:complete Nonce:46 Reserved:true TXHash:[255 111 149 128 41 164 132 149 66 43 159 47 115 60 110 100 73 120 242 221 122 134 187 100 99 47 207 45 165 60 99 216] Sends:2 RPCAckObserved:true LastError:} {ID:[112 66 231 61 60 75 40 63 74 163 105 114 107 169 220 164 160 36 247 119 69 57 77 223 16 4 16 161 108 95 168 72] Lane:3 Phase:complete Nonce:47 Reserved:true TXHash:[202 196 6 21 98 210 93 120 7 146 169 184 145 218 176 10 47 43 45 62 208 38 71 173 251 179 239 110 175 150 160 178] Sends:2 RPCAckObserved:true LastError:} {ID:[37 201 166 110 71 176 10 6 181 187 162 59 172 164 86 236 170 119 41 242 254 194 2 187 163 53 199 107 166 21 0 4] Lane:2 Phase:complete Nonce:0 Reserved:false TXHash:[0 0 0 0 0 0 0 0 0 0 0 0 0 0 0 0 0 0 0 0 0 0 0 0 0 0 0 0 0 0 0 0] Sends:41 RPCAckObserved:false LastError:} {ID:[116 158 224 149 189 107 73 227 215 88 206 17 156 180 237 225 106 247 248 153 197 151 200 1 189 14 253 153 78 154 46 31] Lane:3 Phase:complete Nonce:58 Reserved:true TXHash:[157 85 36 47 252 158 148 54 63 104 79 222 212 170 190 43 80 233 213 126 130 201 78 181 228 24 141 213 53 21 145 207] Sends:1 RPCAckObserved:true LastError:} {ID:[197 161 110 40 52 115 183 96 197 14 102 211 171 13 223 16 208 185 8 191 190 52 87 211 75 214 233 166 253 129 244 32] Lane:3 Phase:complete Nonce:0 Reserved:false TXHash:[0 0 0 0 0 0 0 0 0 0 0 0 0 0 0 0 0 0 0 0 0 0 0 0 0 0 0 0 0 0 0 0] Sends:0 RPCAckObserved:false LastError:} {ID:[154 37 160 175 147 64 51 154 8 144 51 227 229 83 162 213 158 61 49 100 195 166 24 153 158 198 134 175 87 36 67 178] Lane:3 Phase:complete Nonce:63 Reserved:true TXHash:[7 82 169 143 237 246 86 194 226 50 9 178 55 75 247 208 52 251 39 15 74 45 204 64 108 223 40 206 240 40 42 195] Sends:2 RPCAckObserved:true LastError:} {ID:[233 130 119 128 208 220 112 98 32 111 17 37 215 244 225 37 77 230 121 108 233 204 97 147 167 80 205 141 13 188 59 230] Lane:2 Phase:complete Nonce:0 Reserved:false TXHash:[0 0 0 0 0 0 0 0 0 0 0 0 0 0 0 0 0 0 0 0 0 0 0 0 0 0 0 0 0 0 0 0] Sends:1 RPCAckObserved:false LastError:} {ID:[176 255 254 38 144 81 251 173 103 32 57 58 218 145 14 132 170 198 116 86 16 121 221 212 217 174 62 124 128 179 58 96] Lane:1 Phase:complete Nonce:59 Reserved:true TXHash:[55 157 152 193 208 138 40 92 137 228 210 68 207 81 165 246 50 200 226 192 176 227 248 121 72 226 166 123 219 37 179 43] Sends:1 RPCAckObserved:true LastError:} {ID:[25 175 99 202 131 213 159 159 4 39 146 29 139 54 114 203 233 20 225 179 205 11 83 237 146 67 95 164 108 93 17 5] Lane:3 Phase:complete Nonce:64 Reserved:true TXHash:[184 59 73 100 122 181 248 138 201 223 229 206 101 144 140 61 150 170 49 16 182 107 180 180 23 250 163 225 227 132 12 144] Sends:2 RPCAckObserved:true LastError:} {ID:[69 177 227 29 54 32 49 122 84 6 201 111 61 99 137 209 129 77 216 110 188 184 174 160 61 173 71 70 54 243 52 230] Lane:3 Phase:complete Nonce:0 Reserved:false TXHash:[0 0 0 0 0 0 0 0 0 0 0 0 0 0 0 0 0 0 0 0 0 0 0 0 0 0 0 0 0 0 0 0] Sends:0 RPCAckObserved:false LastError:} {ID:[162 142 108 17 25 131 173 129 146 60 174 228 191 184 247 68 187 60 199 33 202 41 32 249 234 230 54 23 153 206 188 131] Lane:1 Phase:complete Nonce:60 Reserved:true TXHash:[70 129 1 109 91 54 26 81 133 246 244 223 124 0 104 223 109 219 127 159 211 8 252 214 45 60 78 130 81 224 221 107] Sends:1 RPCAckObserved:true LastError:} {ID:[146 49 204 145 213 49 96 107 198 166 225 1 51 194 120 83 214 55 32 118 150 214 164 63 173 136 56 220 101 249 76 106] Lane:3 Phase:complete Nonce:65 Reserved:true TXHash:[112 125 248 93 28 91 59 1 92 40 73 115 233 202 143 186 82 117 178 55 253 250 105 51 1 130 220 8 175 193 28 217] Sends:1 RPCAckObserved:true LastError:} {ID:[232 100 209 70 206 103 132 144 88 192 80 202 106 83 200 112 255 166 206 136 65 214 100 169 145 77 28 41 117 126 206 124] Lane:2 Phase:complete Nonce:0 Reserved:false TXHash:[0 0 0 0 0 0 0 0 0 0 0 0 0 0 0 0 0 0 0 0 0 0 0 0 0 0 0 0 0 0 0 0] Sends:1 RPCAckObserved:false LastError:} {ID:[26 184 223 207 75 64 48 145 183 93 122 232 14 2 163 145 78 189 52 189 130 51 26 172 118 181 130 180 156 87 179 56] Lane:3 Phase:complete Nonce:66 Reserved:true TXHash:[122 24 103 163 206 222 109 77 20 35 24 195 162 2 93 161 23 218 150 10 152 167 167 223 59 76 111 226 221 17 136 64] Sends:1 RPCAckObserved:true LastError:} {ID:[160 104 109 255 196 32 229 52 71 198 83 229 60 143 71 234 117 244 32 178 216 120 23 218 127 102 167 18 105 226 3 24] Lane:3 Phase:complete Nonce:67 Reserved:true TXHash:[229 191 105 201 208 136 231 243 135 214 61 108 133 5 123 35 89 236 156 57 227 227 72 75 224 240 34 220 0 3 156 246] Sends:1 RPCAckObserved:true LastError:} {ID:[101 104 153 217 44 68 240 164 44 75 3 204 45 63 5 37 167 141 193 71 164 50 94 235 240 161 31 34 8 110 2 193] Lane:1 Phase:complete Nonce:61 Reserved:true TXHash:[221 73 240 166 110 160 94 55 116 74 171 21 9 170 181 52 150 173 19 21 156 185 247 213 29 150 231 131 136 126 57 237] Sends:1 RPCAckObserved:true LastError:} {ID:[196 244 158 5 44 192 182 112 70 207 51 62 45 255 168 0 135 196 106 126 94 40 114 2 247 47 161 13 205 197 93 15] Lane:2 Phase:complete Nonce:0 Reserved:false TXHash:[0 0 0 0 0 0 0 0 0 0 0 0 0 0 0 0 0 0 0 0 0 0 0 0 0 0 0 0 0 0 0 0] Sends:1 RPCAckObserved:false LastError:} {ID:[15 107 226 105 118 132 22 117 230 10 157 213 45 55 117 233 28 61 129 11 92 54 192 145 72 115 254 159 168 183 213 71] Lane:3 Phase:complete Nonce:68 Reserved:true TXHash:[121 187 208 139 5 157 221 229 38 188 146 25 77 195 221 100 73 201 189 69 119 169 9 73 76 243 192 124 217 130 62 148] Sends:1 RPCAckObserved:true LastError:} {ID:[150 195 109 200 187 96 245 89 39 179 113 31 242 193 5 221 97 130 245 174 148 230 8 224 77 32 35 141 6 205 111 229] Lane:1 Phase:complete Nonce:62 Reserved:true TXHash:[209 52 140 133 99 117 220 116 57 197 183 194 11 173 79 138 18 171 124 131 74 55 11 5 48 143 10 226 243 231 94 167] Sends:3 RPCAckObserved:true LastError:} {ID:[184 92 84 184 173 206 194 219 186 134 164 35 202 38 6 102 125 62 121 70 205 215 246 196 253 239 108 210 71 122 172 37] Lane:2 Phase:complete Nonce:0 Reserved:false TXHash:[0 0 0 0 0 0 0 0 0 0 0 0 0 0 0 0 0 0 0 0 0 0 0 0 0 0 0 0 0 0 0 0] Sends:1 RPCAckObserved:false LastError:} {ID:[253 53 73 69 158 141 205 224 70 112 37 179 226 186 119 238 45 134 10 37 212 97 18 102 40 54 252 5 148 140 69 242] Lane:2 Phase:complete Nonce:0 Reserved:false TXHash:[0 0 0 0 0 0 0 0 0 0 0 0 0 0 0 0 0 0 0 0 0 0 0 0 0 0 0 0 0 0 0 0] Sends:4 RPCAckObserved:false LastError:} {ID:[34 200 62 158 45 85 0 99 205 98 230 0 66 233 162 146 185 46 40 65 4 100 127 126 218 212 169 159 169 206 148 38] Lane:3 Phase:complete Nonce:69 Reserved:true TXHash:[197 178 106 69 221 142 49 25 153 166 50 116 114 73 211 189 72 93 49 143 92 141 102 90 208 33 169 78 250 199 37 43] Sends:1 RPCAckObserved:true LastError:} {ID:[123 153 145 86 233 197 0 174 106 41 57 224 150 134 118 136 213 76 12 248 25 56 9 178 78 26 255 53 123 171 60 14] Lane:3 Phase:complete Nonce:70 Reserved:true TXHash:[49 187 181 156 24 224 15 186 112 152 52 36 182 201 179 107 169 194 235 149 86 68 134 107 43 144 59 2 0 252 187 128] Sends:1 RPCAckObserved:true LastError:} {ID:[154 154 235 84 98 195 181 2 210 235 208 183 138 77 232 113 97 248 156 115 241 130 40 161 29 182 87 63 213 10 8 203] Lane:3 Phase:complete Nonce:73 Reserved:true TXHash:[150 231 151 45 76 67 148 58 159 153 58 98 128 234 178 172 109 223 93 237 253 83 179 59 165 92 141 101 176 246 122 88] Sends:1 RPCAckObserved:true LastError:} {ID:[13 255 10 138 204 139 114 77 204 132 89 190 19 206 230 108 197 60 153 189 154 236 31 252 123 113 79 196 210 218 147 14] Lane:2 Phase:complete Nonce:0 Reserved:false TXHash:[0 0 0 0 0 0 0 0 0 0 0 0 0 0 0 0 0 0 0 0 0 0 0 0 0 0 0 0 0 0 0 0] Sends:41 RPCAckObserved:false LastError:} {ID:[209 138 37 14 66 143 11 196 176 106 145 58 134 78 47 157 221 156 247 90 210 2 197 234 242 85 225 41 208 212 53 108] Lane:3 Phase:complete Nonce:74 Reserved:true TXHash:[39 14 145 40 132 198 113 151 119 24 245 18 103 216 23 57 120 186 165 130 236 182 167 249 2 217 186 231 109 42 135 112] Sends:1 RPCAckObserved:true LastError:} {ID:[95 116 123 163 80 54 67 174 237 17 154 127 37 208 49 45 120 79 154 16 113 250 153 167 85 217 144 33 76 113 190 84] Lane:3 Phase:complete Nonce:76 Reserved:true TXHash:[52 53 44 142 137 239 60 180 33 122 189 104 26 232 165 248 1 30 78 225 238 215 223 162 1 80 201 118 53 60 169 79] Sends:1 RPCAckObserved:true LastError:} {ID:[245 245 205 168 80 189 90 15 202 248 9 3 208 232 36 15 135 114 214 172 205 124 185 138 82 88 161 130 254 108 192 204] Lane:3 Phase:complete Nonce:77 Reserved:true TXHash:[164 120 154 226 0 180 224 247 99 110 95 161 186 1 33 145 205 226 217 35 83 76 123 155 57 183 134 170 106 195 82 17] Sends:1 RPCAckObserved:true LastError:} {ID:[106 222 33 30 209 218 29 179 123 162 79 228 129 92 166 64 120 69 45 170 212 141 175 245 246 33 130 211 130 198 192 204] Lane:4 Phase:complete Nonce:90 Reserved:true TXHash:[213 0 194 191 160 223 165 240 184 8 82 174 145 255 63 59 46 89 211 148 1 144 184 206 45 56 200 212 64 216 251 94] Sends:2 RPCAckObserved:true LastError:} {ID:[241 56 105 19 76 237 227 167 95 110 234 43 190 230 121 50 151 28 193 156 72 213 155 54 247 123 121 222 49 132 198 94] Lane:4 Phase:complete Nonce:91 Reserved:true TXHash:[222 200 222 12 52 157 169 134 181 6 80 79 77 229 188 17 21 137 213 81 108 231 45 25 168 246 163 28 101 63 11 66] Sends:2 RPCAckObserved:true LastError:} {ID:[247 241 206 235 32 180 43 134 130 111 18 16 247 231 11 124 4 239 234 118 46 152 39 138 53 36 146 4 86 61 166 247] Lane:4 Phase:complete Nonce:78 Reserved:true TXHash:[162 161 147 169 13 37 30 34 14 6 68 93 98 102 130 10 75 214 98 76 30 200 80 123 147 255 20 137 73 94 121 157] Sends:1 RPCAckObserved:true LastError:} {ID:[247 4 69 161 243 91 183 97 246 14 242 186 38 231 75 206 253 149 101 44 166 194 249 156 118 249 246 235 213 255 150 179] Lane:4 Phase:complete Nonce:0 Reserved:false TXHash:[0 0 0 0 0 0 0 0 0 0 0 0 0 0 0 0 0 0 0 0 0 0 0 0 0 0 0 0 0 0 0 0] Sends:0 RPCAckObserved:false LastError:} {ID:[155 25 192 139 7 106 127 120 26 7 139 162 246 61 132 44 216 250 115 96 82 231 31 241 254 28 239 143 76 202 151 177] Lane:4 Phase:complete Nonce:0 Reserved:false TXHash:[0 0 0 0 0 0 0 0 0 0 0 0 0 0 0 0 0 0 0 0 0 0 0 0 0 0 0 0 0 0 0 0] Sends:0 RPCAckObserved:false LastError:} {ID:[165 51 192 114 87 1 241 153 171 97 83 20 150 249 7 174 113 236 154 234 14 206 67 99 105 156 120 241 206 248 221 254] Lane:4 Phase:complete Nonce:0 Reserved:false TXHash:[0 0 0 0 0 0 0 0 0 0 0 0 0 0 0 0 0 0 0 0 0 0 0 0 0 0 0 0 0 0 0 0] Sends:0 RPCAckObserved:false LastError:} {ID:[126 207 72 96 97 128 0 176 122 38 88 198 165 99 207 163 254 242 182 119 187 134 171 5 172 230 169 237 17 228 56 94] Lane:4 Phase:complete Nonce:0 Reserved:false TXHash:[0 0 0 0 0 0 0 0 0 0 0 0 0 0 0 0 0 0 0 0 0 0 0 0 0 0 0 0 0 0 0 0] Sends:0 RPCAckObserved:false LastError:} {ID:[94 18 167 72 176 99 59 39 4 5 167 135 82 40 82 84 28 88 5 185 47 22 48 19 151 11 252 48 46 179 6 194] Lane:3 Phase:complete Nonce:79 Reserved:true TXHash:[35 32 96 131 120 223 210 57 135 3 179 172 88 15 238 92 62 138 41 218 84 96 75 16 130 238 136 45 58 180 52 59] Sends:1 RPCAckObserved:true LastError:} {ID:[153 61 241 78 197 247 111 222 88 49 188 119 190 37 228 9 230 191 176 9 89 184 241 136 153 10 192 250 208 140 169 158] Lane:3 Phase:complete Nonce:80 Reserved:true TXHash:[75 35 182 210 125 182 47 85 47 166 79 71 198 79 91 65 35 166 235 75 201 127 56 121 173 24 15 94 11 128 15 131] Sends:1 RPCAckObserved:true LastError:} {ID:[192 210 65 52 53 228 19 134 161 187 41 74 106 107 121 90 24 189 81 228 197 83 219 66 136 228 61 31 150 187 15 119] Lane:3 Phase:complete Nonce:81 Reserved:true TXHash:[77 60 117 85 251 75 148 1 141 165 160 220 180 243 235 149 40 110 150 27 227 195 84 249 249 44 26 78 236 164 23 158] Sends:1 RPCAckObserved:true LastError:} {ID:[8 36 245 21 223 150 187 43 113 225 159 56 152 161 168 208 242 9 19 40 213 223 154 55 109 177 100 132 129 187 114 250] Lane:1 Phase:complete Nonce:71 Reserved:true TXHash:[22 53 77 218 102 103 162 197 32 123 39 173 142 106 10 53 78 109 244 120 18 187 199 48 228 184 5 177 175 223 40 6] Sends:1 RPCAckObserved:true LastError:} {ID:[238 146 162 166 168 232 224 87 25 113 40 239 14 6 35 218 41 64 238 191 98 176 122 238 161 167 10 88 111 114 39 192] Lane:3 Phase:complete Nonce:82 Reserved:true TXHash:[118 27 181 136 149 14 36 123 114 89 203 216 52 225 51 40 58 1 224 38 231 102 141 78 135 25 22 117 7 127 131 156] Sends:1 RPCAckObserved:true LastError:} {ID:[29 205 176 80 229 225 30 194 3 39 127 50 101 19 163 55 20 242 105 185 188 196 174 82 163 180 3 148 135 187 209 158] Lane:4 Phase:complete Nonce:0 Reserved:false TXHash:[0 0 0 0 0 0 0 0 0 0 0 0 0 0 0 0 0 0 0 0 0 0 0 0 0 0 0 0 0 0 0 0] Sends:0 RPCAckObserved:false LastError:} {ID:[240 248 63 222 13 72 80 151 10 90 186 128 97 234 214 199 18 194 207 128 210 25 106 226 37 75 94 202 25 138 167 54] Lane:4 Phase:complete Nonce:0 Reserved:false TXHash:[0 0 0 0 0 0 0 0 0 0 0 0 0 0 0 0 0 0 0 0 0 0 0 0 0 0 0 0 0 0 0 0] Sends:0 RPCAckObserved:false LastError:} {ID:[173 54 250 60 63 22 135 250 107 224 246 129 76 247 157 51 159 203 203 232 41 124 244 229 149 96 3 151 108 230 102 233] Lane:4 Phase:complete Nonce:0 Reserved:false TXHash:[0 0 0 0 0 0 0 0 0 0 0 0 0 0 0 0 0 0 0 0 0 0 0 0 0 0 0 0 0 0 0 0] Sends:0 RPCAckObserved:false LastError:} {ID:[104 171 221 122 174 204 192 30 214 90 185 104 179 121 151 120 191 70 99 37 136 15 202 127 37 194 14 131 127 37 183 104] Lane:4 Phase:complete Nonce:0 Reserved:false TXHash:[0 0 0 0 0 0 0 0 0 0 0 0 0 0 0 0 0 0 0 0 0 0 0 0 0 0 0 0 0 0 0 0] Sends:0 RPCAckObserved:false LastError:} {ID:[157 205 150 230 222 189 47 109 134 73 124 112 24 25 62 33 168 193 104 176 232 243 222 102 172 110 141 213 53 111 157 181] Lane:4 Phase:complete Nonce:87 Reserved:true TXHash:[195 57 67 246 78 101 142 223 193 177 222 146 232 197 106 17 88 131 10 38 205 191 53 153 203 27 194 238 51 137 69 171] Sends:26 RPCAckObserved:true LastError:} {ID:[12 65 158 254 70 34 184 132 118 79 198 79 210 26 60 234 207 173 67 151 137 159 99 120 172 5 150 177 158 239 104 251] Lane:4 Phase:complete Nonce:88 Reserved:true TXHash:[123 116 53 37 146 90 79 55 189 89 108 75 98 112 81 219 79 55 91 239 169 159 86 238 218 189 41 92 84 82 95 146] Sends:2 RPCAckObserved:true LastError:} {ID:[184 125 82 83 215 45 88 229 254 225 185 64 6 136 139 19 56 198 237 235 101 212 61 253 69 85 184 203 196 138 157 99] Lane:4 Phase:complete Nonce:89 Reserved:true TXHash:[102 219 20 235 73 153 235 18 24 110 180 94 4 213 67 202 222 95 44 239 17 185 252 50 176 25 196 105 125 57 231 250] Sends:2 RPCAckObserved:true LastError:} {ID:[118 162 54 44 202 170 208 69 66 224 14 2 18 113 227 206 57 32 237 14 5 252 223 29 116 0 172 121 178 186 130 13] Lane:1 Phase:complete Nonce:72 Reserved:true TXHash:[129 108 91 194 39 23 5 44 171 162 143 219 60 188 45 167 63 204 61 60 250 155 249 176 116 223 216 38 44 237 201 190] Sends:1 RPCAckObserved:true LastError:} {ID:[46 214 76 149 61 108 240 41 215 242 18 189 167 227 142 116 100 12 98 107 163 150 144 89 39 116 102 47 91 34 239 24] Lane:3 Phase:complete Nonce:83 Reserved:true TXHash:[233 22 178 230 33 179 148 15 126 253 188 8 123 23 60 140 213 177 204 55 184 235 4 253 247 50 36 177 185 168 49 19] Sends:1 RPCAckObserved:true LastError:} {ID:[232 80 201 159 250 158 114 23 228 178 55 181 251 4 125 75 118 157 184 254 185 50 180 183 38 75 188 175 89 67 143 92] Lane:1 Phase:complete Nonce:75 Reserved:true TXHash:[217 222 167 73 137 253 207 53 6 97 199 45 252 125 54 234 21 183 239 61 213 16 17 115 74 33 25 57 174 203 32 15] Sends:1 RPCAckObserved:true LastError:} {ID:[62 72 23 127 34 80 149 51 77 205 148 44 50 217 223 87 91 110 77 157 84 206 151 194 233 99 199 119 172 105 53 59] Lane:3 Phase:complete Nonce:84 Reserved:true TXHash:[43 46 89 23 60 225 72 71 201 74 191 59 168 125 103 141 135 106 110 74 83 4 52 39 205 122 226 148 209 233 158 119] Sends:2 RPCAckObserved:true LastError:} {ID:[231 99 45 45 11 9 65 216 46 199 171 45 160 76 10 82 175 31 66 242 110 82 232 60 229 28 63 69 74 29 231 221] Lane:3 Phase:complete Nonce:92 Reserved:true TXHash:[136 103 213 88 141 33 31 121 246 242 156 248 14 207 143 170 243 169 65 99 5 58 248 223 40 136 228 253 75 159 18 13] Sends:2 RPCAckObserved:true LastError:} {ID:[73 85 133 157 163 250 201 147 3 198 153 130 142 60 30 193 144 217 85 13 23 204 54 148 74 176 12 205 204 201 31 128] Lane:3 Phase:complete Nonce:93 Reserved:true TXHash:[188 33 146 210 245 137 77 112 153 217 2 152 104 103 118 213 213 179 239 140 137 165 181 152 172 80 45 64 121 205 233 120] Sends:2 RPCAckObserved:true LastError:} {ID:[255 194 48 119 187 154 1 174 55 151 33 57 75 197 167 110 18 130 53 89 156 163 19 46 204 244 50 87 203 198 61 27] Lane:2 Phase:complete Nonce:0 Reserved:false TXHash:[0 0 0 0 0 0 0 0 0 0 0 0 0 0 0 0 0 0 0 0 0 0 0 0 0 0 0 0 0 0 0 0] Sends:1 RPCAckObserved:false LastError:} {ID:[154 205 239 254 13 167 91 69 89 46 165 37 139 221 247 142 180 183 124 235 30 217 15 242 133 150 66 128 228 119 15 46] Lane:3 Phase:complete Nonce:94 Reserved:true TXHash:[159 87 24 82 104 251 114 178 210 166 125 132 4 154 212 93 135 54 42 191 51 72 189 56 25 25 129 218 97 219 128 131] Sends:2 RPCAckObserved:true LastError:} {ID:[96 158 87 113 166 232 210 177 62 125 32 95 123 130 241 124 116 19 182 105 214 172 133 81 187 153 175 254 217 35 72 4] Lane:3 Phase:complete Nonce:95 Reserved:true TXHash:[130 73 88 73 134 133 161 104 227 161 196 184 18 133 27 10 115 191 149 84 49 144 87 60 179 3 160 187 55 238 22 106] Sends:2 RPCAckObserved:true LastError:} {ID:[66 194 93 20 57 33 150 180 240 241 20 102 134 220 156 61 89 67 232 137 94 230 17 74 139 77 29 61 21 188 130 210] Lane:1 Phase:complete Nonce:85 Reserved:true TXHash:[154 142 194 181 116 36 134 208 128 200 203 109 220 74 175 135 65 75 106 229 31 32 7 197 116 150 8 124 26 146 195 94] Sends:2 RPCAckObserved:true LastError:} {ID:[238 230 237 9 155 69 118 195 243 245 3 44 124 15 90 0 175 210 182 144 210 249 10 124 118 251 107 59 85 230 17 79] Lane:3 Phase:complete Nonce:96 Reserved:true TXHash:[245 75 38 9 132 232 102 212 155 217 94 67 147 242 149 20 228 54 182 183 141 87 191 120 66 157 74 48 123 192 66 20] Sends:2 RPCAckObserved:true LastError:} {ID:[207 69 91 118 106 3 225 51 134 168 20 34 119 151 115 203 102 133 210 226 80 132 152 158 74 197 203 155 134 229 140 50] Lane:3 Phase:complete Nonce:97 Reserved:true TXHash:[240 240 28 29 56 21 201 201 29 60 119 30 205 108 234 9 102 136 47 124 255 250 220 236 67 75 47 101 201 211 127 68] Sends:2 RPCAckObserved:true LastError:} {ID:[113 17 253 198 70 117 14 180 93 187 246 166 161 57 81 224 5 68 216 197 134 102 196 69 140 225 75 242 43 26 244 19] Lane:3 Phase:complete Nonce:98 Reserved:true TXHash:[219 31 134 186 168 87 197 17 237 110 98 47 247 94 222 250 211 136 83 109 49 188 10 194 24 238 28 59 72 139 217 99] Sends:2 RPCAckObserved:true LastError:} {ID:[231 6 113 29 253 156 15 59 143 157 94 28 205 172 155 194 153 39 180 78 220 146 126 54 40 242 72 164 50 162 242 171] Lane:3 Phase:complete Nonce:0 Reserved:false TXHash:[0 0 0 0 0 0 0 0 0 0 0 0 0 0 0 0 0 0 0 0 0 0 0 0 0 0 0 0 0 0 0 0] Sends:0 RPCAckObserved:false LastError:} {ID:[77 252 94 122 249 111 149 76 36 16 248 197 245 13 163 136 20 198 173 129 46 78 77 131 60 118 158 157 151 23 165 177] Lane:1 Phase:complete Nonce:86 Reserved:true TXHash:[190 197 110 27 196 49 138 20 69 36 234 255 71 205 7 153 100 10 162 80 206 220 223 91 5 233 182 171 24 202 110 119] Sends:22 RPCAckObserved:true LastError:} {ID:[237 170 73 244 61 210 40 124 18 212 124 116 51 102 113 26 160 125 155 81 47 128 252 25 220 126 186 145 111 87 52 11] Lane:3 Phase:complete Nonce:99 Reserved:true TXHash:[96 62 82 156 238 65 238 67 229 95 170 129 93 12 114 205 183 102 51 7 1 68 218 62 134 251 198 22 23 36 23 81] Sends:2 RPCAckObserved:true LastError:} {ID:[213 165 181 235 202 249 184 44 172 170 52 172 63 13 169 187 112 92 103 12 214 75 230 11 15 173 210 104 236 79 133 119] Lane:3 Phase:complete Nonce:100 Reserved:true TXHash:[13 180 8 47 181 224 31 130 195 130 127 232 234 28 146 158 119 104 247 216 159 193 168 202 159 126 189 31 12 148 119 212] Sends:3 RPCAckObserved:true LastError:} {ID:[24 39 233 153 200 173 118 116 108 178 28 10 120 115 201 37 212 156 12 183 184 54 31 168 247 172 115 207 226 204 233 96] Lane:3 Phase:complete Nonce:101 Reserved:true TXHash:[246 57 188 204 15 124 67 221 229 204 247 119 232 169 91 11 126 202 81 26 6 98 45 150 251 247 90 188 3 184 178 20] Sends:2 RPCAckObserved:true LastError:} {ID:[136 247 117 128 59 31 221 226 198 52 246 36 43 225 154 181 37 235 10 64 29 242 100 98 88 213 134 113 110 125 42 22] Lane:3 Phase:complete Nonce:102 Reserved:true TXHash:[199 186 126 214 200 80 233 150 198 166 166 38 182 80 254 156 61 64 17 167 160 43 182 155 44 114 112 228 125 142 7 111] Sends:2 RPCAckObserved:true LastError:} {ID:[169 35 129 147 25 56 158 146 220 190 144 139 35 199 232 206 204 250 85 145 195 200 239 140 255 43 2 59 169 196 161 197] Lane:3 Phase:complete Nonce:103 Reserved:true TXHash:[85 149 26 248 54 101 83 119 1 1 146 91 109 135 95 88 137 137 78 195 57 109 88 30 109 212 127 73 95 40 88 70] Sends:2 RPCAckObserved:true LastError:} {ID:[188 199 233 188 79 6 103 184 192 27 100 2 153 255 28 203 213 150 56 230 240 79 157 223 163 27 50 86 208 240 73 198] Lane:3 Phase:complete Nonce:104 Reserved:true TXHash:[212 223 238 14 215 112 56 34 48 245 107 87 36 232 7 214 101 52 217 117 219 57 144 229 219 165 216 243 85 1 226 125] Sends:2 RPCAckObserved:true LastError:} {ID:[56 44 141 6 207 94 8 188 51 124 55 125 167 57 131 151 43 211 68 117 122 36 139 128 163 24 193 9 193 80 71 146] Lane:4 Phase:waiting Nonce:0 Reserved:false TXHash:[0 0 0 0 0 0 0 0 0 0 0 0 0 0 0 0 0 0 0 0 0 0 0 0 0 0 0 0 0 0 0 0] Sends:0 RPCAckObserved:false LastError:} {ID:[65 40 225 247 57 177 174 79 145 39 58 162 253 67 116 18 251 32 117 16 109 32 28 203 93 192 114 20 247 196 97 6] Lane:4 Phase:complete Nonce:114 Reserved:true TXHash:[187 133 77 241 87 133 14 253 150 91 114 134 77 72 54 56 190 104 108 24 188 161 81 113 109 189 146 117 241 163 100 245] Sends:2 RPCAckObserved:true LastError:} {ID:[106 99 152 13 245 118 126 103 191 133 34 166 199 165 31 172 41 94 240 57 30 26 46 132 239 27 85 36 135 9 58 229] Lane:4 Phase:complete Nonce:116 Reserved:true TXHash:[237 130 112 243 149 6 118 109 52 87 118 121 82 171 121 136 248 144 158 145 40 229 239 179 233 99 81 88 176 229 214 184] Sends:2 RPCAckObserved:true LastError:} {ID:[94 45 206 38 117 140 154 13 94 215 78 151 100 45 172 70 34 104 60 240 163 221 99 8 244 5 101 188 19 23 242 4] Lane:4 Phase:waiting Nonce:0 Reserved:false TXHash:[0 0 0 0 0 0 0 0 0 0 0 0 0 0 0 0 0 0 0 0 0 0 0 0 0 0 0 0 0 0 0 0] Sends:0 RPCAckObserved:false LastError:} {ID:[79 180 233 252 202 118 67 191 29 165 14 0 215 27 66 118 88 233 146 195 78 90 222 150 200 78 1 55 252 88 6 167] Lane:4 Phase:waiting Nonce:0 Reserved:false TXHash:[0 0 0 0 0 0 0 0 0 0 0 0 0 0 0 0 0 0 0 0 0 0 0 0 0 0 0 0 0 0 0 0] Sends:0 RPCAckObserved:false LastError:} {ID:[103 75 193 57 21 109 205 119 32 120 19 70 146 8 28 70 136 7 230 107 128 16 81 217 254 27 97 109 212 78 6 52] Lane:4 Phase:waiting Nonce:0 Reserved:false TXHash:[0 0 0 0 0 0 0 0 0 0 0 0 0 0 0 0 0 0 0 0 0 0 0 0 0 0 0 0 0 0 0 0] Sends:0 RPCAckObserved:false LastError:} {ID:[107 186 201 240 148 165 255 132 106 237 223 216 100 73 105 93 209 117 153 5 77 17 249 16 145 202 236 188 154 46 252 28] Lane:4 Phase:waiting Nonce:0 Reserved:false TXHash:[0 0 0 0 0 0 0 0 0 0 0 0 0 0 0 0 0 0 0 0 0 0 0 0 0 0 0 0 0 0 0 0] Sends:0 RPCAckObserved:false LastError:} {ID:[56 90 13 93 175 122 51 250 177 8 32 224 95 124 194 63 10 128 67 178 40 46 174 225 140 41 45 133 147 249 112 50] Lane:3 Phase:complete Nonce:105 Reserved:true TXHash:[179 99 29 134 129 99 83 237 163 5 221 115 88 140 130 87 217 23 240 20 78 245 167 66 89 4 14 245 34 30 134 120] Sends:2 RPCAckObserved:true LastError:} {ID:[196 92 125 166 24 51 142 212 21 1 89 20 22 213 83 172 190 108 240 93 102 174 134 143 26 51 135 134 211 212 39 88] Lane:3 Phase:complete Nonce:106 Reserved:true TXHash:[76 244 133 252 108 147 23 116 250 170 6 244 167 48 165 228 170 215 108 170 182 79 243 124 17 170 46 103 190 242 103 221] Sends:2 RPCAckObserved:true LastError:} {ID:[138 114 74 58 185 169 122 174 133 168 20 229 158 183 47 225 155 22 203 9 202 63 207 122 23 204 162 204 82 52 22 229] Lane:3 Phase:complete Nonce:0 Reserved:false TXHash:[0 0 0 0 0 0 0 0 0 0 0 0 0 0 0 0 0 0 0 0 0 0 0 0 0 0 0 0 0 0 0 0] Sends:0 RPCAckObserved:false LastError:} {ID:[17 145 235 47 209 90 89 99 149 235 48 154 133 210 100 158 37 252 56 193 1 242 113 156 161 95 217 43 193 40 83 34] Lane:4 Phase:waiting Nonce:0 Reserved:false TXHash:[0 0 0 0 0 0 0 0 0 0 0 0 0 0 0 0 0 0 0 0 0 0 0 0 0 0 0 0 0 0 0 0] Sends:0 RPCAckObserved:false LastError:} {ID:[88 110 58 46 68 35 226 53 132 12 212 197 59 175 132 103 191 33 139 59 41 255 237 83 236 166 119 104 109 16 82 226] Lane:3 Phase:complete Nonce:107 Reserved:true TXHash:[239 194 129 203 138 108 31 108 30 36 73 173 0 240 13 252 85 21 207 11 215 44 224 125 68 224 93 13 71 66 204 124] Sends:2 RPCAckObserved:true LastError:} {ID:[109 161 144 86 155 7 156 149 6 182 36 96 16 168 49 131 251 199 150 207 60 126 173 214 220 139 196 68 114 46 31 200] Lane:4 Phase:waiting Nonce:0 Reserved:false TXHash:[0 0 0 0 0 0 0 0 0 0 0 0 0 0 0 0 0 0 0 0 0 0 0 0 0 0 0 0 0 0 0 0] Sends:0 RPCAckObserved:false LastError:} {ID:[30 202 88 15 60 163 41 41 135 43 180 208 15 55 128 111 234 63 60 112 66 186 153 144 49 134 118 251 23 214 63 150] Lane:4 Phase:waiting Nonce:0 Reserved:false TXHash:[0 0 0 0 0 0 0 0 0 0 0 0 0 0 0 0 0 0 0 0 0 0 0 0 0 0 0 0 0 0 0 0] Sends:0 RPCAckObserved:false LastError:} {ID:[169 54 86 148 209 115 178 1 93 29 120 10 86 249 5 133 238 239 137 119 71 196 229 0 24 199 248 191 209 81 12 201] Lane:4 Phase:waiting Nonce:0 Reserved:false TXHash:[0 0 0 0 0 0 0 0 0 0 0 0 0 0 0 0 0 0 0 0 0 0 0 0 0 0 0 0 0 0 0 0] Sends:0 RPCAckObserved:false LastError:} {ID:[241 129 113 129 254 189 204 24 30 138 19 187 101 25 103 97 131 17 156 35 77 86 141 20 18 10 98 114 174 124 175 60] Lane:4 Phase:waiting Nonce:0 Reserved:false TXHash:[0 0 0 0 0 0 0 0 0 0 0 0 0 0 0 0 0 0 0 0 0 0 0 0 0 0 0 0 0 0 0 0] Sends:0 RPCAckObserved:false LastError:} {ID:[193 165 242 192 195 242 36 252 31 84 233 205 185 118 89 65 237 65 129 105 31 220 162 101 1 84 61 176 162 109 116 203] Lane:4 Phase:complete Nonce:108 Reserved:true TXHash:[59 249 191 138 237 240 116 13 5 108 0 241 216 161 88 210 100 192 58 10 162 29 203 52 16 233 104 84 63 117 166 214] Sends:2 RPCAckObserved:true LastError:} {ID:[69 183 78 85 94 204 169 148 174 154 83 62 243 54 64 34 17 188 68 216 92 255 25 200 206 251 44 240 44 15 70 23] Lane:4 Phase:complete Nonce:110 Reserved:true TXHash:[196 231 159 160 201 112 62 52 77 2 91 133 112 246 232 69 84 60 199 150 197 164 249 118 63 5 215 241 63 220 95 206] Sends:2 RPCAckObserved:true LastError:} {ID:[131 13 146 202 103 163 138 188 19 42 200 0 50 94 63 248 140 80 163 3 204 221 229 169 144 44 228 111 129 176 147 215] Lane:4 Phase:complete Nonce:112 Reserved:true TXHash:[84 142 5 94 205 117 77 85 101 152 95 135 244 143 232 233 234 98 116 82 149 5 239 242 153 198 215 16 124 71 160 40] Sends:2 RPCAckObserved:true LastError:} {ID:[172 4 101 21 116 23 182 147 249 246 86 187 176 133 226 180 51 53 18 70 193 91 198 30 150 163 197 177 99 156 214 5] Lane:3 Phase:complete Nonce:109 Reserved:true TXHash:[105 19 179 248 28 181 225 107 127 118 255 56 18 95 171 134 227 12 83 143 184 81 95 251 32 42 31 253 42 242 53 163] Sends:2 RPCAckObserved:true LastError:} {ID:[61 207 236 136 108 14 52 239 83 143 80 109 16 227 110 99 55 83 25 175 47 249 91 123 138 230 85 51 22 59 215 163] Lane:3 Phase:complete Nonce:111 Reserved:true TXHash:[75 251 239 84 8 158 10 215 198 47 235 88 153 115 205 131 57 231 128 128 63 239 241 55 250 158 139 128 84 14 220 213] Sends:2 RPCAckObserved:true LastError:} {ID:[154 248 145 227 207 221 37 47 182 124 54 55 66 195 182 197 236 137 250 223 42 48 5 172 2 172 155 225 196 53 160 32] Lane:3 Phase:complete Nonce:113 Reserved:true TXHash:[81 169 78 81 207 18 82 55 89 245 81 103 35 14 208 20 198 225 144 114 251 241 146 224 244 117 57 86 87 3 27 74] Sends:2 RPCAckObserved:true LastError:} {ID:[165 124 62 118 45 133 245 123 125 130 89 10 138 144 116 202 136 59 160 95 68 175 33 237 101 140 139 208 244 37 70 68] Lane:3 Phase:complete Nonce:115 Reserved:true TXHash:[174 0 55 213 228 57 202 4 43 61 247 2 152 9 42 168 171 220 247 18 231 180 189 99 237 131 164 119 195 78 165 218] Sends:2 RPCAckObserved:true LastError:} {ID:[124 108 64 101 5 73 223 66 241 228 217 131 124 159 238 34 148 178 229 126 85 109 64 103 40 67 162 84 33 185 49 109] Lane:3 Phase:submitted Nonce:117 Reserved:true TXHash:[12 138 68 60 214 110 58 186 125 101 170 130 224 246 154 23 131 156 13 138 38 16 252 233 36 85 189 133 244 35 171 185] Sends:1 RPCAckObserved:true LastError:} {ID:[18 208 135 237 14 8 186 96 26 197 127 28 3 137 21 87 252 223 99 160 253 141 228 89 30 211 3 27 71 26 241 176] Lane:3 Phase:queued Nonce:0 Reserved:false TXHash:[0 0 0 0 0 0 0 0 0 0 0 0 0 0 0 0 0 0 0 0 0 0 0 0 0 0 0 0 0 0 0 0] Sends:0 RPCAckObserved:false LastError:} {ID:[221 12 57 141 87 111 240 250 95 169 55 14 184 38 147 158 194 91 86 90 82 1 161 113 245 176 18 80 191 56 81 167] Lane:3 Phase:queued Nonce:0 Reserved:false TXHash:[0 0 0 0 0 0 0 0 0 0 0 0 0 0 0 0 0 0 0 0 0 0 0 0 0 0 0 0 0 0 0 0] Sends:0 RPCAckObserved:false LastError:} {ID:[105 126 216 8 28 16 231 116 24 36 65 33 22 102 70 225 203 186 110 185 112 201 77 110 54 84 234 8 52 135 58 132] Lane:3 Phase:queued Nonce:0 Reserved:false TXHash:[0 0 0 0 0 0 0 0 0 0 0 0 0 0 0 0 0 0 0 0 0 0 0 0 0 0 0 0 0 0 0 0] Sends:0 RPCAckObserved:false LastError:} {ID:[217 254 2 60 248 216 33 228 93 44 114 11 50 32 26 241 210 24 136 205 193 229 193 103 205 192 197 99 72 19 72 149] Lane:3 Phase:queued Nonce:0 Reserved:false TXHash:[0 0 0 0 0 0 0 0 0 0 0 0 0 0 0 0 0 0 0 0 0 0 0 0 0 0 0 0 0 0 0 0] Sends:0 RPCAckObserved:false LastError:} {ID:[148 234 219 18 244 210 248 11 205 73 17 99 95 109 111 101 32 190 231 10 8 172 6 156 68 152 194 46 35 109 70 67] Lane:3 Phase:queued Nonce:0 Reserved:false TXHash:[0 0 0 0 0 0 0 0 0 0 0 0 0 0 0 0 0 0 0 0 0 0 0 0 0 0 0 0 0 0 0 0] Sends:0 RPCAckObserved:false LastError:} {ID:[152 186 114 246 0 52 111 68 59 168 56 127 123 64 245 85 40 82 163 68 27 40 118 18 83 206 18 240 166 14 12 115] Lane:3 Phase:queued Nonce:0 Reserved:false TXHash:[0 0 0 0 0 0 0 0 0 0 0 0 0 0 0 0 0 0 0 0 0 0 0 0 0 0 0 0 0 0 0 0] Sends:0 RPCAckObserved:false LastError:} {ID:[23 91 4 176 203 111 164 255 194 179 132 133 190 85 29 218 87 68 2 229 40 185 203 84 255 11 90 45 19 20 176 8] Lane:3 Phase:queued Nonce:0 Reserved:false TXHash:[0 0 0 0 0 0 0 0 0 0 0 0 0 0 0 0 0 0 0 0 0 0 0 0 0 0 0 0 0 0 0 0] Sends:0 RPCAckObserved:false LastError:}] DiscoveryError:authenticated CLX source data unavailable StepError:}
    dex_continuous_fixture_test.go:382: continuous relay log /tmp/continuous-relay-failure-368871717.log
    dex_continuous_fixture_test.go:384: relay status {Version:1 Devnet:true Authenticated:{SourceAnchor:{Version:2 ChainID:10101919 Genesis:[45 103 223 26 66 41 188 130 181 131 11 52 136 210 170 39 58 127 106 253 156 198 159 197 67 160 110 47 118 241 37 195] DEXID:[44 164 121 142 126 190 33 185 33 155 126 222 246 225 246 157 69 119 10 104 181 63 134 207 76 240 149 254 88 238 140 4] Custody:[0 0 0 0 0 0 0 0 0 0 0 0 0 0 0 0 0 222 0 1] Height:480 BlockHash:[160 149 39 34 54 131 189 118 204 142 159 195 131 121 215 49 121 92 6 89 12 66 210 239 148 239 213 120 104 37 232 67] StateRoot:[213 87 66 187 174 102 189 47 227 40 134 81 212 245 230 21 57 73 248 232 248 38 179 183 53 68 20 32 16 168 156 249] SourceKeyHash:[129 238 253 192 4 77 215 227 137 62 4 52 171 194 17 212 51 148 108 3 178 235 48 227 121 124 255 175 65 137 48 55] SourceCommittee:[144 194 15 21 152 61 114 8 151 172 77 159 145 1 80 242 158 41 24 230 65 146 212 91 100 199 175 204 237 129 179 88] SourceEpoch:1 InboxCount:10 ActivationEnd:0 ActivationRoot:[0 0 0 0 0 0 0 0 0 0 0 0 0 0 0 0 0 0 0 0 0 0 0 0 0 0 0 0 0 0 0 0]} DEXSequence:104 CLXSequence:83 CLXSequenceVerified:true} Counts:map[complete:146 queued:8 submitted:1 waiting:10] TotalJobs:165 JobsTruncated:false Jobs:[{ID:[19 53 249 149 232 54 239 248 240 95 170 23 126 204 132 190 217 51 97 147 77 167 126 195 48 156 23 67 84 185 208 237] Lane:2 Phase:complete Nonce:0 Reserved:false TXHash:[0 0 0 0 0 0 0 0 0 0 0 0 0 0 0 0 0 0 0 0 0 0 0 0 0 0 0 0 0 0 0 0] Sends:1 RPCAckObserved:false LastError:} {ID:[24 190 208 52 80 4 247 122 153 238 249 133 120 94 161 16 181 173 184 150 91 183 12 71 58 181 43 48 110 118 142 21] Lane:1 Phase:complete Nonce:0 Reserved:true TXHash:[217 2 6 17 86 1 141 173 14 83 217 43 151 54 30 97 96 25 134 226 110 114 84 206 177 239 49 205 16 86 7 82] Sends:2 RPCAckObserved:true LastError:} {ID:[122 243 65 90 209 149 232 249 237 121 123 170 202 161 187 14 178 154 149 175 222 156 116 234 182 81 71 208 134 94 6 245] Lane:3 Phase:complete Nonce:1 Reserved:true TXHash:[208 83 151 100 245 96 254 19 90 26 125 101 110 68 51 119 183 38 239 227 185 219 200 66 132 225 96 112 143 6 27 111] Sends:2 RPCAckObserved:true LastError:} {ID:[164 217 46 116 64 184 1 130 76 227 107 18 4 10 65 105 163 99 19 133 45 241 231 5 33 126 42 14 182 237 96 203] Lane:3 Phase:complete Nonce:2 Reserved:true TXHash:[6 27 60 40 71 213 8 166 55 66 251 41 240 248 126 165 248 178 191 212 187 5 101 208 190 12 19 203 169 228 190 113] Sends:2 RPCAckObserved:true LastError:} {ID:[54 200 152 3 240 4 28 238 11 238 131 42 225 48 194 207 54 88 24 10 175 111 104 163 225 71 130 140 50 147 58 178] Lane:3 Phase:complete Nonce:3 Reserved:true TXHash:[175 132 50 89 188 172 8 114 176 215 228 216 243 152 2 233 3 32 186 219 252 83 128 29 192 165 144 59 223 152 51 102] Sends:2 RPCAckObserved:true LastError:} {ID:[249 4 6 23 44 175 158 122 26 90 138 246 94 74 168 140 40 104 100 246 157 92 21 247 71 99 76 20 221 228 232 95] Lane:3 Phase:complete Nonce:4 Reserved:true TXHash:[27 28 44 224 92 182 176 246 36 227 56 106 239 183 76 163 208 40 76 60 68 119 98 166 80 11 36 237 50 109 44 38] Sends:2 RPCAckObserved:true LastError:} {ID:[60 99 187 237 96 172 227 16 108 163 102 47 40 60 23 243 54 185 204 152 185 245 9 97 92 235 9 150 174 224 51 132] Lane:3 Phase:complete Nonce:5 Reserved:true TXHash:[82 82 170 172 10 132 124 229 245 179 244 125 4 65 221 14 115 228 117 88 80 81 102 60 36 34 137 93 217 141 116 107] Sends:2 RPCAckObserved:true LastError:} {ID:[178 251 177 208 165 26 52 127 215 12 41 227 58 182 85 228 60 6 46 102 147 158 135 147 41 92 0 31 25 108 85 144] Lane:3 Phase:complete Nonce:6 Reserved:true TXHash:[103 185 48 191 110 46 104 180 215 119 217 170 221 38 60 11 7 213 133 22 184 82 146 238 198 207 236 100 147 176 217 59] Sends:2 RPCAckObserved:true LastError:} {ID:[99 104 92 219 137 210 178 62 142 164 11 1 122 84 87 62 74 45 97 223 171 178 52 209 107 55 225 20 56 25 3 70] Lane:3 Phase:complete Nonce:7 Reserved:true TXHash:[175 204 158 159 119 61 253 70 234 105 73 43 44 230 47 214 23 127 161 206 37 101 145 27 223 165 229 11 228 167 179 35] Sends:2 RPCAckObserved:true LastError:} {ID:[81 186 84 93 29 117 121 101 173 234 215 20 191 179 147 98 144 219 182 82 162 86 101 27 6 26 159 115 17 126 24 52] Lane:3 Phase:complete Nonce:8 Reserved:true TXHash:[13 56 144 24 228 107 48 172 105 207 233 118 174 6 10 64 81 243 73 222 53 201 159 92 44 208 148 229 212 83 60 48] Sends:3 RPCAckObserved:true LastError:} {ID:[55 184 42 0 167 121 66 233 33 91 254 211 216 68 41 15 236 5 112 123 173 255 244 55 67 61 214 165 137 110 38 106] Lane:3 Phase:complete Nonce:9 Reserved:true TXHash:[110 186 132 20 156 36 97 164 179 33 81 100 31 83 71 242 247 6 34 143 7 120 21 32 178 168 123 165 48 220 36 238] Sends:2 RPCAckObserved:true LastError:} {ID:[196 230 243 174 48 134 166 42 34 234 233 28 19 124 196 227 107 137 194 26 68 237 180 1 56 73 57 171 150 236 228 162] Lane:3 Phase:complete Nonce:10 Reserved:true TXHash:[19 202 129 70 114 190 166 17 141 88 21 195 184 22 237 231 127 35 166 76 138 208 198 24 151 169 32 194 202 80 204 46] Sends:2 RPCAckObserved:true LastError:} {ID:[231 74 7 129 112 82 108 134 8 240 40 105 181 237 83 87 216 192 112 171 107 126 198 255 151 128 82 160 16 44 224 60] Lane:3 Phase:complete Nonce:11 Reserved:true TXHash:[94 186 98 116 154 209 187 22 176 109 29 127 129 100 178 148 209 77 71 160 217 223 211 78 245 21 5 209 32 25 36 182] Sends:2 RPCAckObserved:true LastError:} {ID:[16 233 55 133 212 192 249 135 182 124 64 148 148 242 109 178 233 92 85 230 247 222 100 167 68 150 42 41 171 84 228 113] Lane:3 Phase:complete Nonce:12 Reserved:true TXHash:[147 231 204 37 105 254 104 184 132 165 232 24 220 45 137 196 237 212 252 30 62 186 104 51 153 12 79 235 196 9 195 157] Sends:2 RPCAckObserved:true LastError:} {ID:[96 101 39 79 101 73 254 200 60 165 9 41 120 250 211 163 72 233 152 191 9 132 179 213 90 51 215 51 39 44 180 248] Lane:3 Phase:complete Nonce:13 Reserved:true TXHash:[27 33 199 200 18 117 66 24 74 203 14 62 214 155 28 234 185 180 152 74 248 111 135 113 134 95 95 81 242 196 162 180] Sends:2 RPCAckObserved:true LastError:} {ID:[134 61 94 103 236 28 169 25 66 8 185 172 5 34 8 222 21 101 191 161 84 77 25 146 185 118 43 8 93 107 4 207] Lane:3 Phase:complete Nonce:14 Reserved:true TXHash:[159 93 1 227 133 248 203 145 8 188 248 63 17 129 158 90 20 14 135 158 71 155 73 56 23 171 211 203 60 211 139 205] Sends:2 RPCAckObserved:true LastError:} {ID:[239 28 169 176 153 19 94 180 15 249 178 137 67 88 125 8 251 62 90 246 78 67 116 32 104 147 135 65 71 176 154 122] Lane:3 Phase:complete Nonce:15 Reserved:true TXHash:[251 153 89 188 63 116 9 99 233 93 131 209 74 157 34 120 248 78 173 169 201 128 14 220 248 131 114 205 11 203 8 58] Sends:2 RPCAckObserved:true LastError:} {ID:[0 225 10 249 99 184 29 89 155 74 154 159 57 156 133 13 101 77 93 239 166 3 90 71 115 183 153 64 60 26 60 19] Lane:3 Phase:complete Nonce:16 Reserved:true TXHash:[59 246 181 253 86 49 212 139 125 187 209 177 79 42 28 181 47 115 53 106 194 114 170 128 21 209 209 209 120 206 158 247] Sends:2 RPCAckObserved:true LastError:} {ID:[20 163 7 237 227 251 168 16 213 138 5 103 21 13 173 140 14 80 18 121 83 59 200 209 219 8 127 79 128 144 125 254] Lane:3 Phase:complete Nonce:17 Reserved:true TXHash:[74 77 243 44 239 95 46 7 53 32 31 2 190 219 29 85 18 7 109 24 73 200 35 15 225 249 127 193 107 88 49 37] Sends:2 RPCAckObserved:true LastError:} {ID:[209 35 139 63 100 252 93 250 179 55 21 134 39 150 25 197 158 140 67 36 188 1 155 40 51 131 180 227 207 10 61 242] Lane:3 Phase:complete Nonce:18 Reserved:true TXHash:[4 81 26 27 72 100 127 24 28 132 198 66 219 125 75 54 39 214 114 162 87 144 36 43 189 157 235 202 185 180 236 52] Sends:1 RPCAckObserved:true LastError:} {ID:[200 221 5 128 117 226 138 143 179 44 155 92 25 90 63 167 124 232 198 54 21 229 183 255 93 43 33 36 211 243 94 215] Lane:4 Phase:complete Nonce:23 Reserved:true TXHash:[177 92 0 73 229 16 140 6 51 162 60 164 232 20 219 208 32 34 173 182 189 246 2 34 237 130 59 145 67 60 254 12] Sends:1 RPCAckObserved:true LastError:} {ID:[130 220 83 132 135 26 163 111 210 191 74 110 100 191 41 162 43 150 178 34 107 145 169 69 172 203 179 128 153 145 154 246] Lane:4 Phase:complete Nonce:26 Reserved:true TXHash:[138 64 143 158 118 231 129 128 211 60 48 111 30 96 22 173 164 249 219 68 122 14 204 75 221 130 254 103 251 70 70 42] Sends:1 RPCAckObserved:true LastError:} {ID:[144 207 219 255 35 6 123 215 202 101 114 28 77 118 228 158 2 225 108 48 154 115 80 51 32 28 113 200 178 181 215 87] Lane:4 Phase:complete Nonce:19 Reserved:true TXHash:[12 92 224 139 206 159 210 205 158 197 50 141 244 93 113 176 72 93 113 84 213 89 215 62 38 118 6 141 230 239 20 215] Sends:4 RPCAckObserved:true LastError:} {ID:[105 151 56 110 195 82 236 103 168 123 111 61 78 246 145 139 37 44 171 109 59 122 6 30 97 79 220 229 116 125 19 102] Lane:4 Phase:complete Nonce:20 Reserved:true TXHash:[153 210 176 11 174 188 208 66 41 212 239 132 250 54 209 35 229 107 213 105 242 145 197 251 82 216 236 254 99 252 77 33] Sends:3 RPCAckObserved:true LastError:} {ID:[100 21 68 113 194 209 96 233 239 253 221 65 112 190 180 136 116 86 13 32 179 212 208 118 34 251 218 211 219 90 107 217] Lane:4 Phase:complete Nonce:0 Reserved:false TXHash:[0 0 0 0 0 0 0 0 0 0 0 0 0 0 0 0 0 0 0 0 0 0 0 0 0 0 0 0 0 0 0 0] Sends:0 RPCAckObserved:false LastError:} {ID:[80 208 111 107 212 46 183 249 31 225 89 88 252 126 91 251 57 246 85 86 234 169 159 142 121 26 216 255 162 52 0 202] Lane:4 Phase:complete Nonce:21 Reserved:true TXHash:[67 6 253 147 223 238 200 93 93 7 177 213 11 82 128 149 182 214 49 140 110 39 174 122 0 32 167 52 187 19 1 24] Sends:1 RPCAckObserved:true LastError:} {ID:[63 206 44 203 179 199 62 245 90 112 143 228 32 183 177 201 174 182 2 32 66 195 51 55 132 7 192 151 28 244 242 249] Lane:3 Phase:complete Nonce:0 Reserved:false TXHash:[0 0 0 0 0 0 0 0 0 0 0 0 0 0 0 0 0 0 0 0 0 0 0 0 0 0 0 0 0 0 0 0] Sends:0 RPCAckObserved:false LastError:} {ID:[76 20 159 255 212 243 196 119 220 74 149 145 208 238 161 53 141 150 17 107 164 119 41 164 120 247 63 200 227 120 203 16] Lane:2 Phase:complete Nonce:0 Reserved:false TXHash:[0 0 0 0 0 0 0 0 0 0 0 0 0 0 0 0 0 0 0 0 0 0 0 0 0 0 0 0 0 0 0 0] Sends:1 RPCAckObserved:false LastError:} {ID:[90 31 14 78 131 139 131 158 128 62 29 118 112 4 1 254 56 252 213 229 221 213 120 202 55 165 90 82 128 23 145 215] Lane:3 Phase:complete Nonce:22 Reserved:true TXHash:[232 185 11 234 162 150 111 8 136 18 43 87 120 133 174 156 14 54 185 108 220 137 109 97 160 129 211 167 131 252 205 145] Sends:1 RPCAckObserved:true LastError:} {ID:[208 231 94 81 182 127 45 32 130 116 158 127 138 226 223 9 155 120 45 173 148 194 13 155 65 23 64 126 14 18 29 141] Lane:3 Phase:complete Nonce:25 Reserved:true TXHash:[25 59 73 122 118 220 59 144 76 125 43 143 105 26 31 124 79 137 123 28 70 186 37 43 155 70 130 245 87 63 83 44] Sends:1 RPCAckObserved:true LastError:} {ID:[7 16 88 157 233 35 241 40 133 19 150 121 143 78 83 219 6 126 2 56 63 109 18 109 144 73 51 147 168 222 99 202] Lane:2 Phase:complete Nonce:0 Reserved:false TXHash:[0 0 0 0 0 0 0 0 0 0 0 0 0 0 0 0 0 0 0 0 0 0 0 0 0 0 0 0 0 0 0 0] Sends:1 RPCAckObserved:false LastError:} {ID:[78 134 240 152 10 163 214 82 75 252 46 41 186 61 42 201 253 225 253 45 75 47 35 149 181 187 175 255 99 205 133 112] Lane:1 Phase:complete Nonce:24 Reserved:true TXHash:[189 107 167 129 17 234 254 236 149 129 216 211 111 110 57 232 248 75 231 224 110 140 32 222 166 101 103 230 51 39 210 129] Sends:1 RPCAckObserved:true LastError:} {ID:[133 210 236 191 38 120 47 83 131 12 79 144 208 2 191 140 244 87 70 13 170 152 61 155 138 54 215 252 251 121 252 99] Lane:3 Phase:complete Nonce:27 Reserved:true TXHash:[39 218 239 122 71 129 61 170 234 136 149 171 190 144 91 139 93 124 186 0 67 90 194 97 11 127 138 245 160 109 70 187] Sends:1 RPCAckObserved:true LastError:} {ID:[177 238 68 133 134 210 163 121 105 238 23 168 85 56 250 30 163 104 221 51 132 36 251 238 184 159 246 102 104 6 177 66] Lane:3 Phase:complete Nonce:29 Reserved:true TXHash:[67 164 2 107 3 162 81 90 187 76 216 212 121 15 195 213 244 179 181 180 73 156 220 62 85 48 56 146 248 51 35 66] Sends:1 RPCAckObserved:true LastError:} {ID:[99 226 79 208 76 18 36 75 243 123 109 74 141 204 90 188 114 121 86 50 227 187 253 138 111 234 100 168 190 81 194 54] Lane:2 Phase:complete Nonce:0 Reserved:false TXHash:[0 0 0 0 0 0 0 0 0 0 0 0 0 0 0 0 0 0 0 0 0 0 0 0 0 0 0 0 0 0 0 0] Sends:1 RPCAckObserved:false LastError:} {ID:[200 64 122 149 124 153 192 83 149 47 143 216 110 171 57 197 241 177 213 168 132 52 205 146 163 95 146 41 135 78 96 199] Lane:3 Phase:complete Nonce:30 Reserved:true TXHash:[235 144 184 189 2 238 252 34 203 91 64 18 2 129 132 7 116 96 167 163 7 118 225 163 23 168 17 92 178 91 128 55] Sends:1 RPCAckObserved:true LastError:} {ID:[8 166 23 130 198 64 243 212 242 113 115 8 162 123 123 253 134 99 67 7 101 129 231 52 57 242 126 133 56 113 144 160] Lane:3 Phase:complete Nonce:32 Reserved:true TXHash:[189 151 104 198 70 161 34 175 28 228 77 38 128 168 1 164 87 25 228 155 199 219 0 248 228 208 210 183 136 40 8 130] Sends:2 RPCAckObserved:true LastError:} {ID:[114 33 36 218 229 142 100 80 2 218 147 202 225 178 52 150 63 80 228 36 139 225 95 182 95 55 53 204 32 105 114 242] Lane:3 Phase:complete Nonce:0 Reserved:false TXHash:[0 0 0 0 0 0 0 0 0 0 0 0 0 0 0 0 0 0 0 0 0 0 0 0 0 0 0 0 0 0 0 0] Sends:0 RPCAckObserved:false LastError:} {ID:[97 156 187 227 184 199 156 51 119 87 35 242 34 242 35 24 222 161 160 113 97 116 202 26 208 198 249 197 188 134 161 63] Lane:3 Phase:complete Nonce:0 Reserved:false TXHash:[0 0 0 0 0 0 0 0 0 0 0 0 0 0 0 0 0 0 0 0 0 0 0 0 0 0 0 0 0 0 0 0] Sends:0 RPCAckObserved:false LastError:} {ID:[49 255 109 94 12 237 202 195 19 58 80 35 108 52 105 197 120 30 96 238 161 185 23 73 88 49 54 97 183 54 35 31] Lane:3 Phase:complete Nonce:0 Reserved:false TXHash:[0 0 0 0 0 0 0 0 0 0 0 0 0 0 0 0 0 0 0 0 0 0 0 0 0 0 0 0 0 0 0 0] Sends:0 RPCAckObserved:false LastError:} {ID:[201 195 53 141 111 21 64 152 0 30 38 109 1 233 144 179 148 151 187 250 95 150 37 135 75 206 91 45 193 119 76 56] Lane:3 Phase:complete Nonce:0 Reserved:false TXHash:[0 0 0 0 0 0 0 0 0 0 0 0 0 0 0 0 0 0 0 0 0 0 0 0 0 0 0 0 0 0 0 0] Sends:0 RPCAckObserved:false LastError:} {ID:[63 69 14 248 33 128 176 213 141 177 33 87 199 194 10 31 134 8 192 100 245 11 224 212 22 67 114 92 9 98 48 50] Lane:1 Phase:complete Nonce:28 Reserved:true TXHash:[239 151 167 202 193 100 22 44 140 40 76 189 147 6 140 167 65 162 161 252 145 174 112 68 104 195 204 196 86 109 65 120] Sends:1 RPCAckObserved:true LastError:} {ID:[43 53 216 121 26 45 197 204 16 124 29 207 23 37 136 171 246 126 68 33 49 28 95 214 117 2 25 170 96 1 195 95] Lane:3 Phase:complete Nonce:33 Reserved:true TXHash:[124 25 88 183 4 9 132 152 49 42 249 84 65 246 108 127 233 103 12 28 196 31 204 83 32 143 147 49 199 92 169 77] Sends:2 RPCAckObserved:true LastError:} {ID:[176 215 219 95 148 249 246 205 158 125 20 47 38 24 112 173 55 120 4 215 217 21 245 89 159 23 226 18 124 144 207 168] Lane:3 Phase:complete Nonce:34 Reserved:true TXHash:[42 111 32 50 43 104 127 164 11 77 238 190 4 128 63 59 183 148 204 190 116 150 118 146 209 34 219 19 252 82 25 218] Sends:2 RPCAckObserved:true LastError:} {ID:[74 146 8 172 245 138 142 219 11 224 18 17 47 230 91 21 17 246 235 209 7 65 138 84 130 78 28 212 95 220 231 138] Lane:1 Phase:complete Nonce:31 Reserved:true TXHash:[155 0 62 89 180 244 117 221 199 32 110 220 154 3 11 85 92 159 143 92 19 16 162 98 39 35 252 188 244 193 129 137] Sends:1 RPCAckObserved:true LastError:} {ID:[126 50 250 2 71 148 171 204 66 185 162 151 19 228 222 135 35 114 72 236 61 177 105 152 84 187 203 9 109 84 104 38] Lane:3 Phase:complete Nonce:35 Reserved:true TXHash:[208 146 55 184 132 250 168 88 179 147 151 43 109 226 227 213 54 237 107 193 229 90 31 217 237 188 21 197 200 197 162 144] Sends:2 RPCAckObserved:true LastError:} {ID:[69 82 143 145 229 38 233 103 108 121 115 210 194 210 8 104 90 133 127 225 101 188 172 195 181 80 166 159 201 230 126 45] Lane:3 Phase:complete Nonce:36 Reserved:true TXHash:[170 228 234 173 108 69 84 163 231 121 101 223 164 149 165 80 20 22 93 184 78 111 114 230 230 17 80 178 193 116 209 24] Sends:2 RPCAckObserved:true LastError:} {ID:[114 136 31 238 167 210 13 106 90 153 153 64 187 110 149 157 141 60 43 70 55 32 191 89 75 233 213 204 61 201 219 67] Lane:3 Phase:complete Nonce:37 Reserved:true TXHash:[188 104 226 104 207 174 105 115 242 41 245 13 118 232 135 123 120 79 70 235 84 126 134 51 2 216 182 194 155 104 76 110] Sends:2 RPCAckObserved:true LastError:} {ID:[114 57 201 78 188 165 1 67 110 14 18 171 124 12 103 71 223 174 81 160 226 65 221 2 68 45 243 111 114 63 28 104] Lane:4 Phase:complete Nonce:0 Reserved:false TXHash:[0 0 0 0 0 0 0 0 0 0 0 0 0 0 0 0 0 0 0 0 0 0 0 0 0 0 0 0 0 0 0 0] Sends:0 RPCAckObserved:false LastError:} {ID:[43 60 29 67 122 109 116 249 255 130 15 180 128 143 69 39 199 138 92 67 43 185 72 17 234 201 87 255 82 155 21 201] Lane:4 Phase:complete Nonce:0 Reserved:false TXHash:[0 0 0 0 0 0 0 0 0 0 0 0 0 0 0 0 0 0 0 0 0 0 0 0 0 0 0 0 0 0 0 0] Sends:0 RPCAckObserved:false LastError:} {ID:[203 127 131 153 211 192 135 145 92 254 135 2 143 230 138 7 31 55 224 64 217 95 128 90 1 52 157 30 87 36 186 101] Lane:4 Phase:complete Nonce:0 Reserved:false TXHash:[0 0 0 0 0 0 0 0 0 0 0 0 0 0 0 0 0 0 0 0 0 0 0 0 0 0 0 0 0 0 0 0] Sends:0 RPCAckObserved:false LastError:} {ID:[244 191 75 199 134 219 90 84 172 53 196 204 0 177 60 247 203 195 67 89 184 104 81 152 34 45 2 50 123 159 30 243] Lane:4 Phase:complete Nonce:45 Reserved:true TXHash:[23 172 180 182 118 7 143 33 53 122 180 255 56 186 71 113 107 248 26 15 39 218 111 135 116 186 190 106 22 62 7 227] Sends:2 RPCAckObserved:true LastError:} {ID:[29 221 253 225 198 174 91 119 243 202 110 76 189 162 131 192 238 15 110 26 212 67 54 182 7 191 1 244 197 118 110 131] Lane:4 Phase:complete Nonce:46 Reserved:true TXHash:[248 147 229 41 239 29 130 36 120 219 249 237 126 123 195 60 214 58 69 70 117 177 48 58 174 136 248 200 141 3 204 26] Sends:2 RPCAckObserved:true LastError:} {ID:[172 100 17 170 168 150 66 91 192 28 160 76 138 88 255 222 253 70 251 9 42 164 192 27 1 244 231 198 177 151 49 153] Lane:4 Phase:complete Nonce:47 Reserved:true TXHash:[97 107 160 137 197 51 219 223 153 33 160 13 85 186 180 250 26 152 152 72 120 16 143 53 106 178 216 145 35 244 90 135] Sends:2 RPCAckObserved:true LastError:} {ID:[85 16 11 39 66 138 241 248 1 238 210 73 194 159 54 134 193 155 64 125 144 225 247 197 228 91 239 167 241 109 159 87] Lane:3 Phase:complete Nonce:38 Reserved:true TXHash:[170 131 26 234 210 36 249 138 250 227 171 116 201 252 163 72 43 65 39 12 74 238 209 63 219 169 127 132 79 127 139 171] Sends:2 RPCAckObserved:true LastError:} {ID:[178 6 12 171 128 126 83 100 174 167 8 235 173 165 141 21 51 244 190 211 9 139 187 158 59 94 56 53 10 97 40 253] Lane:3 Phase:complete Nonce:39 Reserved:true TXHash:[93 138 112 0 101 14 144 79 153 145 185 88 98 107 133 135 217 209 102 109 19 109 250 92 23 210 53 188 94 79 169 149] Sends:2 RPCAckObserved:true LastError:} {ID:[87 210 192 220 206 63 172 108 184 36 52 175 201 33 131 230 162 205 181 94 143 123 70 202 82 85 3 44 238 152 14 248] Lane:3 Phase:complete Nonce:40 Reserved:true TXHash:[182 47 197 33 221 80 18 234 44 61 25 166 227 95 91 13 69 105 240 105 155 150 86 145 155 43 222 42 236 245 6 93] Sends:3 RPCAckObserved:true LastError:} {ID:[2 142 219 107 4 118 114 211 83 182 241 134 9 168 221 148 140 146 226 6 14 14 27 152 144 244 196 57 221 137 217 65] Lane:4 Phase:complete Nonce:48 Reserved:true TXHash:[21 80 224 104 97 51 102 147 13 42 242 49 95 118 9 4 133 217 118 62 190 252 124 209 231 191 32 211 142 26 107 162] Sends:2 RPCAckObserved:true LastError:} {ID:[244 137 31 231 45 220 218 35 249 238 166 105 34 10 252 50 47 82 89 28 96 101 199 26 194 188 158 61 126 31 25 95] Lane:3 Phase:complete Nonce:41 Reserved:true TXHash:[8 76 199 23 172 28 113 53 137 117 219 225 92 171 29 211 224 135 211 221 18 87 76 222 136 12 233 132 7 189 159 120] Sends:2 RPCAckObserved:true LastError:} {ID:[166 47 240 74 236 155 2 204 29 179 51 233 238 57 98 113 205 67 137 207 111 242 130 68 151 186 208 252 100 141 124 4] Lane:4 Phase:complete Nonce:49 Reserved:true TXHash:[201 9 252 252 55 88 48 5 24 235 159 228 16 16 71 51 18 122 85 24 161 238 248 99 165 121 11 224 130 201 202 19] Sends:2 RPCAckObserved:true LastError:} {ID:[154 31 183 108 84 227 31 81 143 90 43 228 13 125 42 246 5 155 134 218 18 80 191 169 105 49 207 83 62 187 185 24] Lane:4 Phase:complete Nonce:50 Reserved:true TXHash:[169 25 205 214 26 85 157 72 241 171 19 180 158 179 177 191 12 198 205 128 223 234 111 98 178 21 38 187 23 135 209 217] Sends:2 RPCAckObserved:true LastError:} {ID:[203 57 205 85 0 133 88 45 211 249 143 154 93 194 17 195 177 97 104 155 236 183 109 7 107 175 106 174 43 116 14 193] Lane:4 Phase:complete Nonce:51 Reserved:true TXHash:[99 212 128 124 125 73 17 4 165 28 182 128 187 34 231 152 151 103 52 74 124 206 232 185 132 236 174 148 145 112 169 203] Sends:2 RPCAckObserved:true LastError:} {ID:[183 87 112 44 176 125 80 252 185 147 37 27 254 150 218 249 44 170 140 112 214 101 56 20 225 248 158 224 216 75 140 52] Lane:4 Phase:complete Nonce:52 Reserved:true TXHash:[198 94 45 240 144 146 135 245 80 173 230 81 118 213 186 33 221 21 252 119 1 100 98 18 231 21 28 83 50 223 122 67] Sends:2 RPCAckObserved:true LastError:} {ID:[213 143 40 75 219 248 242 85 149 100 62 174 88 161 231 101 40 228 99 31 81 210 29 90 51 58 133 48 230 33 164 250] Lane:4 Phase:complete Nonce:42 Reserved:true TXHash:[73 235 145 50 47 190 16 50 101 252 225 160 182 16 50 135 138 161 66 153 120 68 244 25 228 41 135 247 174 253 115 232] Sends:2 RPCAckObserved:true LastError:} {ID:[66 8 97 210 21 8 215 32 233 126 158 178 187 89 92 36 200 126 86 4 212 3 115 42 216 35 92 66 97 105 217 212] Lane:4 Phase:complete Nonce:44 Reserved:true TXHash:[10 148 254 171 239 81 240 203 27 133 147 99 62 15 148 244 156 69 184 125 200 22 15 106 2 136 120 2 189 127 54 1] Sends:4 RPCAckObserved:true LastError:} {ID:[85 199 243 91 230 32 115 69 92 194 19 38 76 141 106 49 192 130 146 144 43 229 181 120 196 199 56 221 243 69 43 93] Lane:4 Phase:complete Nonce:0 Reserved:false TXHash:[0 0 0 0 0 0 0 0 0 0 0 0 0 0 0 0 0 0 0 0 0 0 0 0 0 0 0 0 0 0 0 0] Sends:0 RPCAckObserved:false LastError:} {ID:[112 66 231 61 60 75 40 63 74 163 105 114 107 169 220 164 160 36 247 119 69 57 77 223 16 4 16 161 108 95 168 72] Lane:3 Phase:complete Nonce:43 Reserved:true TXHash:[6 231 17 199 172 36 133 102 98 2 59 108 164 207 173 71 2 195 97 38 253 96 38 114 50 147 79 43 244 254 196 159] Sends:3 RPCAckObserved:true LastError:} {ID:[37 201 166 110 71 176 10 6 181 187 162 59 172 164 86 236 170 119 41 242 254 194 2 187 163 53 199 107 166 21 0 4] Lane:2 Phase:complete Nonce:0 Reserved:false TXHash:[0 0 0 0 0 0 0 0 0 0 0 0 0 0 0 0 0 0 0 0 0 0 0 0 0 0 0 0 0 0 0 0] Sends:49 RPCAckObserved:false LastError:} {ID:[116 158 224 149 189 107 73 227 215 88 206 17 156 180 237 225 106 247 248 153 197 151 200 1 189 14 253 153 78 154 46 31] Lane:3 Phase:complete Nonce:53 Reserved:true TXHash:[53 91 46 33 201 100 180 168 136 54 15 32 245 172 229 60 94 155 253 114 21 141 158 227 88 188 103 227 231 1 109 222] Sends:1 RPCAckObserved:true LastError:} {ID:[197 161 110 40 52 115 183 96 197 14 102 211 171 13 223 16 208 185 8 191 190 52 87 211 75 214 233 166 253 129 244 32] Lane:3 Phase:complete Nonce:58 Reserved:true TXHash:[161 112 247 39 206 191 99 221 55 71 230 34 15 12 27 18 231 232 67 109 85 190 44 236 165 148 149 230 201 184 159 249] Sends:2 RPCAckObserved:true LastError:} {ID:[154 37 160 175 147 64 51 154 8 144 51 227 229 83 162 213 158 61 49 100 195 166 24 153 158 198 134 175 87 36 67 178] Lane:3 Phase:complete Nonce:59 Reserved:true TXHash:[75 153 116 214 94 188 184 218 234 242 128 239 140 110 21 123 177 56 11 204 12 94 131 245 133 77 184 142 242 142 28 38] Sends:2 RPCAckObserved:true LastError:} {ID:[233 130 119 128 208 220 112 98 32 111 17 37 215 244 225 37 77 230 121 108 233 204 97 147 167 80 205 141 13 188 59 230] Lane:2 Phase:complete Nonce:0 Reserved:false TXHash:[0 0 0 0 0 0 0 0 0 0 0 0 0 0 0 0 0 0 0 0 0 0 0 0 0 0 0 0 0 0 0 0] Sends:1 RPCAckObserved:false LastError:} {ID:[176 255 254 38 144 81 251 173 103 32 57 58 218 145 14 132 170 198 116 86 16 121 221 212 217 174 62 124 128 179 58 96] Lane:1 Phase:complete Nonce:54 Reserved:true TXHash:[185 129 192 23 137 16 167 113 222 63 226 18 110 67 95 33 171 22 197 49 237 237 202 217 192 164 29 240 247 160 39 108] Sends:1 RPCAckObserved:true LastError:} {ID:[25 175 99 202 131 213 159 159 4 39 146 29 139 54 114 203 233 20 225 179 205 11 83 237 146 67 95 164 108 93 17 5] Lane:3 Phase:complete Nonce:60 Reserved:true TXHash:[205 103 159 116 131 54 84 231 153 186 29 89 124 28 202 101 84 122 113 196 147 16 31 107 53 241 53 93 11 203 104 94] Sends:2 RPCAckObserved:true LastError:} {ID:[69 177 227 29 54 32 49 122 84 6 201 111 61 99 137 209 129 77 216 110 188 184 174 160 61 173 71 70 54 243 52 230] Lane:3 Phase:complete Nonce:61 Reserved:true TXHash:[24 117 236 45 159 237 192 193 142 16 128 111 207 221 181 219 129 182 226 84 175 101 196 68 241 59 198 136 198 97 67 162] Sends:1 RPCAckObserved:true LastError:} {ID:[162 142 108 17 25 131 173 129 146 60 174 228 191 184 247 68 187 60 199 33 202 41 32 249 234 230 54 23 153 206 188 131] Lane:1 Phase:complete Nonce:55 Reserved:true TXHash:[63 222 252 152 154 168 45 19 75 113 153 46 22 2 33 190 44 224 58 217 129 110 68 251 179 190 208 203 185 198 150 27] Sends:1 RPCAckObserved:true LastError:} {ID:[146 49 204 145 213 49 96 107 198 166 225 1 51 194 120 83 214 55 32 118 150 214 164 63 173 136 56 220 101 249 76 106] Lane:3 Phase:complete Nonce:62 Reserved:true TXHash:[118 131 38 50 195 64 203 119 237 2 127 214 194 186 66 59 71 83 124 123 179 213 5 248 179 204 242 212 202 176 37 186] Sends:1 RPCAckObserved:true LastError:} {ID:[232 100 209 70 206 103 132 144 88 192 80 202 106 83 200 112 255 166 206 136 65 214 100 169 145 77 28 41 117 126 206 124] Lane:2 Phase:complete Nonce:0 Reserved:false TXHash:[0 0 0 0 0 0 0 0 0 0 0 0 0 0 0 0 0 0 0 0 0 0 0 0 0 0 0 0 0 0 0 0] Sends:1 RPCAckObserved:false LastError:} {ID:[26 184 223 207 75 64 48 145 183 93 122 232 14 2 163 145 78 189 52 189 130 51 26 172 118 181 130 180 156 87 179 56] Lane:3 Phase:complete Nonce:63 Reserved:true TXHash:[134 233 91 87 210 172 104 122 254 147 62 81 251 85 26 173 178 126 25 252 247 10 105 57 47 25 227 69 22 43 255 77] Sends:1 RPCAckObserved:true LastError:} {ID:[160 104 109 255 196 32 229 52 71 198 83 229 60 143 71 234 117 244 32 178 216 120 23 218 127 102 167 18 105 226 3 24] Lane:3 Phase:complete Nonce:64 Reserved:true TXHash:[30 205 210 80 18 59 199 18 85 150 31 34 8 101 205 69 5 32 11 116 202 14 43 81 55 139 118 147 75 165 7 53] Sends:1 RPCAckObserved:true LastError:} {ID:[101 104 153 217 44 68 240 164 44 75 3 204 45 63 5 37 167 141 193 71 164 50 94 235 240 161 31 34 8 110 2 193] Lane:1 Phase:complete Nonce:56 Reserved:true TXHash:[138 165 37 53 209 158 167 114 141 177 100 101 115 23 183 181 231 110 57 105 84 230 182 254 62 59 224 97 50 147 123 157] Sends:1 RPCAckObserved:true LastError:} {ID:[196 244 158 5 44 192 182 112 70 207 51 62 45 255 168 0 135 196 106 126 94 40 114 2 247 47 161 13 205 197 93 15] Lane:2 Phase:complete Nonce:0 Reserved:false TXHash:[0 0 0 0 0 0 0 0 0 0 0 0 0 0 0 0 0 0 0 0 0 0 0 0 0 0 0 0 0 0 0 0] Sends:1 RPCAckObserved:false LastError:} {ID:[150 195 109 200 187 96 245 89 39 179 113 31 242 193 5 221 97 130 245 174 148 230 8 224 77 32 35 141 6 205 111 229] Lane:1 Phase:complete Nonce:57 Reserved:true TXHash:[250 62 167 43 82 246 218 114 27 79 249 20 247 51 66 227 129 121 19 207 25 50 23 134 30 158 158 23 91 209 182 167] Sends:1 RPCAckObserved:true LastError:} {ID:[15 107 226 105 118 132 22 117 230 10 157 213 45 55 117 233 28 61 129 11 92 54 192 145 72 115 254 159 168 183 213 71] Lane:3 Phase:complete Nonce:65 Reserved:true TXHash:[23 25 61 148 218 101 190 18 115 122 43 155 93 247 179 181 77 155 244 67 74 145 23 70 9 166 1 121 59 146 65 42] Sends:1 RPCAckObserved:true LastError:} {ID:[184 92 84 184 173 206 194 219 186 134 164 35 202 38 6 102 125 62 121 70 205 215 246 196 253 239 108 210 71 122 172 37] Lane:2 Phase:complete Nonce:0 Reserved:false TXHash:[0 0 0 0 0 0 0 0 0 0 0 0 0 0 0 0 0 0 0 0 0 0 0 0 0 0 0 0 0 0 0 0] Sends:1 RPCAckObserved:false LastError:} {ID:[253 53 73 69 158 141 205 224 70 112 37 179 226 186 119 238 45 134 10 37 212 97 18 102 40 54 252 5 148 140 69 242] Lane:2 Phase:complete Nonce:0 Reserved:false TXHash:[0 0 0 0 0 0 0 0 0 0 0 0 0 0 0 0 0 0 0 0 0 0 0 0 0 0 0 0 0 0 0 0] Sends:4 RPCAckObserved:false LastError:} {ID:[34 200 62 158 45 85 0 99 205 98 230 0 66 233 162 146 185 46 40 65 4 100 127 126 218 212 169 159 169 206 148 38] Lane:3 Phase:complete Nonce:66 Reserved:true TXHash:[248 157 83 241 235 16 118 176 238 60 67 24 61 172 240 187 225 98 59 204 175 165 80 89 27 167 148 170 103 224 68 72] Sends:1 RPCAckObserved:true LastError:} {ID:[123 153 145 86 233 197 0 174 106 41 57 224 150 134 118 136 213 76 12 248 25 56 9 178 78 26 255 53 123 171 60 14] Lane:3 Phase:complete Nonce:67 Reserved:true TXHash:[5 77 3 66 204 7 6 125 38 51 42 15 246 84 86 207 52 20 167 131 9 158 53 146 71 165 126 103 149 101 222 120] Sends:1 RPCAckObserved:true LastError:} {ID:[154 154 235 84 98 195 181 2 210 235 208 183 138 77 232 113 97 248 156 115 241 130 40 161 29 182 87 63 213 10 8 203] Lane:3 Phase:complete Nonce:70 Reserved:true TXHash:[87 193 65 159 226 188 37 212 242 135 36 76 251 67 60 204 45 44 240 79 186 113 110 204 244 178 215 40 75 12 238 118] Sends:1 RPCAckObserved:true LastError:} {ID:[13 255 10 138 204 139 114 77 204 132 89 190 19 206 230 108 197 60 153 189 154 236 31 252 123 113 79 196 210 218 147 14] Lane:2 Phase:complete Nonce:0 Reserved:false TXHash:[0 0 0 0 0 0 0 0 0 0 0 0 0 0 0 0 0 0 0 0 0 0 0 0 0 0 0 0 0 0 0 0] Sends:42 RPCAckObserved:false LastError:} {ID:[209 138 37 14 66 143 11 196 176 106 145 58 134 78 47 157 221 156 247 90 210 2 197 234 242 85 225 41 208 212 53 108] Lane:3 Phase:complete Nonce:71 Reserved:true TXHash:[34 249 178 217 114 20 39 181 186 115 16 240 146 27 233 162 69 171 145 23 38 26 243 132 232 58 107 127 49 220 224 229] Sends:1 RPCAckObserved:true LastError:} {ID:[95 116 123 163 80 54 67 174 237 17 154 127 37 208 49 45 120 79 154 16 113 250 153 167 85 217 144 33 76 113 190 84] Lane:3 Phase:complete Nonce:73 Reserved:true TXHash:[118 127 209 15 26 147 187 97 205 127 105 111 150 95 145 243 162 164 226 17 124 129 22 254 120 111 92 208 254 162 208 49] Sends:1 RPCAckObserved:true LastError:} {ID:[245 245 205 168 80 189 90 15 202 248 9 3 208 232 36 15 135 114 214 172 205 124 185 138 82 88 161 130 254 108 192 204] Lane:3 Phase:complete Nonce:74 Reserved:true TXHash:[181 147 106 32 67 36 245 174 104 1 150 245 191 11 169 192 129 158 137 157 16 1 93 185 74 177 98 142 84 197 176 153] Sends:1 RPCAckObserved:true LastError:} {ID:[106 222 33 30 209 218 29 179 123 162 79 228 129 92 166 64 120 69 45 170 212 141 175 245 246 33 130 211 130 198 192 204] Lane:4 Phase:complete Nonce:87 Reserved:true TXHash:[101 19 117 53 2 44 162 185 194 92 183 229 66 65 58 47 7 114 160 89 156 242 222 46 19 121 95 111 88 29 236 48] Sends:2 RPCAckObserved:true LastError:} {ID:[241 56 105 19 76 237 227 167 95 110 234 43 190 230 121 50 151 28 193 156 72 213 155 54 247 123 121 222 49 132 198 94] Lane:4 Phase:complete Nonce:88 Reserved:true TXHash:[10 220 252 234 151 244 147 20 207 13 146 153 24 112 120 230 136 18 94 28 15 26 175 9 185 225 163 154 1 75 81 26] Sends:2 RPCAckObserved:true LastError:} {ID:[247 241 206 235 32 180 43 134 130 111 18 16 247 231 11 124 4 239 234 118 46 152 39 138 53 36 146 4 86 61 166 247] Lane:4 Phase:complete Nonce:0 Reserved:false TXHash:[0 0 0 0 0 0 0 0 0 0 0 0 0 0 0 0 0 0 0 0 0 0 0 0 0 0 0 0 0 0 0 0] Sends:0 RPCAckObserved:false LastError:} {ID:[247 4 69 161 243 91 183 97 246 14 242 186 38 231 75 206 253 149 101 44 166 194 249 156 118 249 246 235 213 255 150 179] Lane:4 Phase:complete Nonce:75 Reserved:true TXHash:[87 192 247 255 101 224 222 135 177 169 196 121 116 48 190 126 149 227 243 180 201 239 235 219 125 212 70 164 55 113 112 197] Sends:1 RPCAckObserved:true LastError:} {ID:[155 25 192 139 7 106 127 120 26 7 139 162 246 61 132 44 216 250 115 96 82 231 31 241 254 28 239 143 76 202 151 177] Lane:4 Phase:complete Nonce:77 Reserved:true TXHash:[60 50 225 102 162 56 182 248 226 112 165 80 157 147 228 182 165 221 168 2 52 151 110 52 215 37 81 103 202 177 31 176] Sends:1 RPCAckObserved:true LastError:} {ID:[165 51 192 114 87 1 241 153 171 97 83 20 150 249 7 174 113 236 154 234 14 206 67 99 105 156 120 241 206 248 221 254] Lane:4 Phase:complete Nonce:79 Reserved:true TXHash:[183 1 197 242 88 73 180 173 197 253 209 4 70 67 82 133 87 155 170 151 23 55 56 28 17 54 115 191 109 177 167 108] Sends:1 RPCAckObserved:true LastError:} {ID:[126 207 72 96 97 128 0 176 122 38 88 198 165 99 207 163 254 242 182 119 187 134 171 5 172 230 169 237 17 228 56 94] Lane:4 Phase:complete Nonce:80 Reserved:true TXHash:[34 184 189 246 196 176 72 4 36 187 25 196 94 82 24 245 107 55 160 107 196 249 225 121 188 69 7 150 88 80 183 69] Sends:1 RPCAckObserved:true LastError:} {ID:[94 18 167 72 176 99 59 39 4 5 167 135 82 40 82 84 28 88 5 185 47 22 48 19 151 11 252 48 46 179 6 194] Lane:3 Phase:complete Nonce:76 Reserved:true TXHash:[2 128 50 194 210 75 190 192 8 247 213 132 176 242 183 31 11 109 44 224 90 186 186 240 206 237 158 123 163 54 226 244] Sends:1 RPCAckObserved:true LastError:} {ID:[153 61 241 78 197 247 111 222 88 49 188 119 190 37 228 9 230 191 176 9 89 184 241 136 153 10 192 250 208 140 169 158] Lane:3 Phase:complete Nonce:78 Reserved:true TXHash:[43 50 206 55 93 133 13 19 140 138 79 21 54 243 116 56 30 239 109 209 98 184 94 236 141 173 41 17 104 95 38 113] Sends:1 RPCAckObserved:true LastError:} {ID:[192 210 65 52 53 228 19 134 161 187 41 74 106 107 121 90 24 189 81 228 197 83 219 66 136 228 61 31 150 187 15 119] Lane:3 Phase:complete Nonce:0 Reserved:false TXHash:[0 0 0 0 0 0 0 0 0 0 0 0 0 0 0 0 0 0 0 0 0 0 0 0 0 0 0 0 0 0 0 0] Sends:0 RPCAckObserved:false LastError:} {ID:[8 36 245 21 223 150 187 43 113 225 159 56 152 161 168 208 242 9 19 40 213 223 154 55 109 177 100 132 129 187 114 250] Lane:1 Phase:complete Nonce:68 Reserved:true TXHash:[128 122 181 122 81 212 153 133 168 237 179 218 49 134 156 159 227 63 176 21 183 173 168 103 170 32 55 127 30 112 46 110] Sends:1 RPCAckObserved:true LastError:} {ID:[238 146 162 166 168 232 224 87 25 113 40 239 14 6 35 218 41 64 238 191 98 176 122 238 161 167 10 88 111 114 39 192] Lane:3 Phase:complete Nonce:0 Reserved:false TXHash:[0 0 0 0 0 0 0 0 0 0 0 0 0 0 0 0 0 0 0 0 0 0 0 0 0 0 0 0 0 0 0 0] Sends:0 RPCAckObserved:false LastError:} {ID:[29 205 176 80 229 225 30 194 3 39 127 50 101 19 163 55 20 242 105 185 188 196 174 82 163 180 3 148 135 187 209 158] Lane:4 Phase:complete Nonce:81 Reserved:true TXHash:[203 136 0 66 240 137 207 19 26 97 179 200 225 65 224 112 65 141 152 226 179 39 146 66 18 187 125 135 196 112 196 34] Sends:1 RPCAckObserved:true LastError:} {ID:[240 248 63 222 13 72 80 151 10 90 186 128 97 234 214 199 18 194 207 128 210 25 106 226 37 75 94 202 25 138 167 54] Lane:4 Phase:complete Nonce:82 Reserved:true TXHash:[54 94 103 168 209 66 241 99 223 0 252 109 80 200 108 135 218 23 78 136 176 46 124 61 209 57 4 175 183 225 195 171] Sends:1 RPCAckObserved:true LastError:} {ID:[173 54 250 60 63 22 135 250 107 224 246 129 76 247 157 51 159 203 203 232 41 124 244 229 149 96 3 151 108 230 102 233] Lane:4 Phase:complete Nonce:84 Reserved:true TXHash:[185 144 124 209 112 159 94 114 193 35 255 125 222 180 218 239 93 48 171 82 174 210 114 188 103 111 124 78 101 95 253 252] Sends:2 RPCAckObserved:true LastError:} {ID:[104 171 221 122 174 204 192 30 214 90 185 104 179 121 151 120 191 70 99 37 136 15 202 127 37 194 14 131 127 37 183 104] Lane:4 Phase:complete Nonce:85 Reserved:true TXHash:[208 142 28 203 154 112 29 133 114 124 177 200 250 83 230 33 22 70 67 55 93 217 197 163 255 206 221 222 191 27 134 206] Sends:2 RPCAckObserved:true LastError:} {ID:[157 205 150 230 222 189 47 109 134 73 124 112 24 25 62 33 168 193 104 176 232 243 222 102 172 110 141 213 53 111 157 181] Lane:4 Phase:complete Nonce:0 Reserved:false TXHash:[0 0 0 0 0 0 0 0 0 0 0 0 0 0 0 0 0 0 0 0 0 0 0 0 0 0 0 0 0 0 0 0] Sends:0 RPCAckObserved:false LastError:} {ID:[12 65 158 254 70 34 184 132 118 79 198 79 210 26 60 234 207 173 67 151 137 159 99 120 172 5 150 177 158 239 104 251] Lane:4 Phase:complete Nonce:0 Reserved:false TXHash:[0 0 0 0 0 0 0 0 0 0 0 0 0 0 0 0 0 0 0 0 0 0 0 0 0 0 0 0 0 0 0 0] Sends:0 RPCAckObserved:false LastError:} {ID:[184 125 82 83 215 45 88 229 254 225 185 64 6 136 139 19 56 198 237 235 101 212 61 253 69 85 184 203 196 138 157 99] Lane:4 Phase:complete Nonce:0 Reserved:false TXHash:[0 0 0 0 0 0 0 0 0 0 0 0 0 0 0 0 0 0 0 0 0 0 0 0 0 0 0 0 0 0 0 0] Sends:0 RPCAckObserved:false LastError:} {ID:[118 162 54 44 202 170 208 69 66 224 14 2 18 113 227 206 57 32 237 14 5 252 223 29 116 0 172 121 178 186 130 13] Lane:1 Phase:complete Nonce:69 Reserved:true TXHash:[141 24 220 89 179 62 117 232 232 49 141 168 248 168 172 232 93 192 103 64 0 104 40 142 164 87 193 64 109 135 125 143] Sends:1 RPCAckObserved:true LastError:} {ID:[46 214 76 149 61 108 240 41 215 242 18 189 167 227 142 116 100 12 98 107 163 150 144 89 39 116 102 47 91 34 239 24] Lane:3 Phase:complete Nonce:0 Reserved:false TXHash:[0 0 0 0 0 0 0 0 0 0 0 0 0 0 0 0 0 0 0 0 0 0 0 0 0 0 0 0 0 0 0 0] Sends:0 RPCAckObserved:false LastError:} {ID:[232 80 201 159 250 158 114 23 228 178 55 181 251 4 125 75 118 157 184 254 185 50 180 183 38 75 188 175 89 67 143 92] Lane:1 Phase:complete Nonce:72 Reserved:true TXHash:[137 51 23 22 4 149 74 184 37 48 183 81 198 98 113 57 235 137 37 109 68 106 110 7 113 29 84 248 3 88 43 174] Sends:1 RPCAckObserved:true LastError:} {ID:[62 72 23 127 34 80 149 51 77 205 148 44 50 217 223 87 91 110 77 157 84 206 151 194 233 99 199 119 172 105 53 59] Lane:3 Phase:complete Nonce:83 Reserved:true TXHash:[89 62 139 209 121 118 234 132 228 229 176 39 120 50 82 245 47 165 75 139 87 21 24 243 221 211 99 192 102 43 29 94] Sends:2 RPCAckObserved:true LastError:} {ID:[231 99 45 45 11 9 65 216 46 199 171 45 160 76 10 82 175 31 66 242 110 82 232 60 229 28 63 69 74 29 231 221] Lane:3 Phase:complete Nonce:89 Reserved:true TXHash:[176 251 224 53 148 211 171 63 162 249 154 155 218 201 186 64 8 167 242 186 144 161 169 155 109 231 73 225 143 192 84 89] Sends:2 RPCAckObserved:true LastError:} {ID:[73 85 133 157 163 250 201 147 3 198 153 130 142 60 30 193 144 217 85 13 23 204 54 148 74 176 12 205 204 201 31 128] Lane:3 Phase:complete Nonce:90 Reserved:true TXHash:[147 152 104 203 170 202 87 49 18 42 114 208 254 177 216 164 132 33 129 90 24 139 180 217 0 138 235 141 195 131 44 157] Sends:2 RPCAckObserved:true LastError:} {ID:[255 194 48 119 187 154 1 174 55 151 33 57 75 197 167 110 18 130 53 89 156 163 19 46 204 244 50 87 203 198 61 27] Lane:2 Phase:complete Nonce:0 Reserved:false TXHash:[0 0 0 0 0 0 0 0 0 0 0 0 0 0 0 0 0 0 0 0 0 0 0 0 0 0 0 0 0 0 0 0] Sends:1 RPCAckObserved:false LastError:} {ID:[154 205 239 254 13 167 91 69 89 46 165 37 139 221 247 142 180 183 124 235 30 217 15 242 133 150 66 128 228 119 15 46] Lane:3 Phase:complete Nonce:0 Reserved:false TXHash:[0 0 0 0 0 0 0 0 0 0 0 0 0 0 0 0 0 0 0 0 0 0 0 0 0 0 0 0 0 0 0 0] Sends:0 RPCAckObserved:false LastError:} {ID:[96 158 87 113 166 232 210 177 62 125 32 95 123 130 241 124 116 19 182 105 214 172 133 81 187 153 175 254 217 35 72 4] Lane:3 Phase:complete Nonce:91 Reserved:true TXHash:[79 151 202 62 142 207 16 168 39 19 255 243 98 191 253 211 51 56 84 201 183 248 53 35 244 13 5 120 105 60 233 159] Sends:2 RPCAckObserved:true LastError:} {ID:[66 194 93 20 57 33 150 180 240 241 20 102 134 220 156 61 89 67 232 137 94 230 17 74 139 77 29 61 21 188 130 210] Lane:1 Phase:complete Nonce:0 Reserved:false TXHash:[0 0 0 0 0 0 0 0 0 0 0 0 0 0 0 0 0 0 0 0 0 0 0 0 0 0 0 0 0 0 0 0] Sends:0 RPCAckObserved:false LastError:} {ID:[238 230 237 9 155 69 118 195 243 245 3 44 124 15 90 0 175 210 182 144 210 249 10 124 118 251 107 59 85 230 17 79] Lane:3 Phase:complete Nonce:92 Reserved:true TXHash:[157 112 55 213 163 168 109 52 77 236 148 165 91 91 224 145 165 125 69 58 118 96 62 156 178 211 113 189 83 176 86 192] Sends:2 RPCAckObserved:true LastError:} {ID:[207 69 91 118 106 3 225 51 134 168 20 34 119 151 115 203 102 133 210 226 80 132 152 158 74 197 203 155 134 229 140 50] Lane:3 Phase:complete Nonce:93 Reserved:true TXHash:[173 147 202 85 104 218 202 225 11 147 201 80 222 82 161 104 8 90 19 78 202 147 238 137 40 140 137 152 183 246 112 74] Sends:2 RPCAckObserved:true LastError:} {ID:[113 17 253 198 70 117 14 180 93 187 246 166 161 57 81 224 5 68 216 197 134 102 196 69 140 225 75 242 43 26 244 19] Lane:3 Phase:complete Nonce:94 Reserved:true TXHash:[20 193 82 102 173 41 185 173 153 210 116 214 221 7 206 105 110 203 232 243 203 14 193 100 166 183 22 200 86 42 29 100] Sends:2 RPCAckObserved:true LastError:} {ID:[231 6 113 29 253 156 15 59 143 157 94 28 205 172 155 194 153 39 180 78 220 146 126 54 40 242 72 164 50 162 242 171] Lane:3 Phase:complete Nonce:95 Reserved:true TXHash:[244 18 118 209 180 182 166 134 73 201 142 233 87 210 170 74 7 158 160 100 69 187 68 3 123 159 89 32 223 125 227 12] Sends:2 RPCAckObserved:true LastError:} {ID:[77 252 94 122 249 111 149 76 36 16 248 197 245 13 163 136 20 198 173 129 46 78 77 131 60 118 158 157 151 23 165 177] Lane:1 Phase:complete Nonce:86 Reserved:true TXHash:[197 33 140 102 0 33 185 111 173 202 47 164 67 137 103 179 107 217 163 159 177 102 126 38 162 245 89 14 89 162 50 162] Sends:46 RPCAckObserved:true LastError:} {ID:[237 170 73 244 61 210 40 124 18 212 124 116 51 102 113 26 160 125 155 81 47 128 252 25 220 126 186 145 111 87 52 11] Lane:3 Phase:complete Nonce:96 Reserved:true TXHash:[27 177 249 96 77 226 23 215 36 194 60 26 19 248 156 17 76 206 245 180 141 66 130 253 145 103 248 245 52 218 56 111] Sends:2 RPCAckObserved:true LastError:} {ID:[213 165 181 235 202 249 184 44 172 170 52 172 63 13 169 187 112 92 103 12 214 75 230 11 15 173 210 104 236 79 133 119] Lane:3 Phase:complete Nonce:97 Reserved:true TXHash:[233 209 56 58 103 227 164 23 144 117 187 148 74 209 119 83 35 136 212 191 84 212 55 178 235 223 7 103 130 240 243 90] Sends:2 RPCAckObserved:true LastError:} {ID:[24 39 233 153 200 173 118 116 108 178 28 10 120 115 201 37 212 156 12 183 184 54 31 168 247 172 115 207 226 204 233 96] Lane:3 Phase:complete Nonce:98 Reserved:true TXHash:[196 247 93 73 84 79 149 172 168 81 63 216 62 87 211 251 126 130 37 100 243 161 27 226 86 79 14 80 194 106 96 146] Sends:2 RPCAckObserved:true LastError:} {ID:[136 247 117 128 59 31 221 226 198 52 246 36 43 225 154 181 37 235 10 64 29 242 100 98 88 213 134 113 110 125 42 22] Lane:3 Phase:complete Nonce:99 Reserved:true TXHash:[146 247 121 2 97 126 156 164 54 49 111 60 213 77 185 22 222 54 225 30 225 207 40 242 156 11 113 222 82 61 173 252] Sends:2 RPCAckObserved:true LastError:} {ID:[169 35 129 147 25 56 158 146 220 190 144 139 35 199 232 206 204 250 85 145 195 200 239 140 255 43 2 59 169 196 161 197] Lane:3 Phase:complete Nonce:100 Reserved:true TXHash:[72 251 146 171 112 46 102 201 93 81 110 132 141 83 238 75 193 196 37 29 191 225 177 144 56 5 17 20 255 12 175 54] Sends:2 RPCAckObserved:true LastError:} {ID:[188 199 233 188 79 6 103 184 192 27 100 2 153 255 28 203 213 150 56 230 240 79 157 223 163 27 50 86 208 240 73 198] Lane:3 Phase:complete Nonce:101 Reserved:true TXHash:[182 241 49 184 31 100 190 80 254 47 197 12 189 154 209 78 250 127 68 65 255 143 183 172 224 213 153 3 243 235 212 222] Sends:2 RPCAckObserved:true LastError:} {ID:[56 44 141 6 207 94 8 188 51 124 55 125 167 57 131 151 43 211 68 117 122 36 139 128 163 24 193 9 193 80 71 146] Lane:4 Phase:waiting Nonce:0 Reserved:false TXHash:[0 0 0 0 0 0 0 0 0 0 0 0 0 0 0 0 0 0 0 0 0 0 0 0 0 0 0 0 0 0 0 0] Sends:0 RPCAckObserved:false LastError:} {ID:[65 40 225 247 57 177 174 79 145 39 58 162 253 67 116 18 251 32 117 16 109 32 28 203 93 192 114 20 247 196 97 6] Lane:4 Phase:complete Nonce:111 Reserved:true TXHash:[174 5 178 181 15 119 20 1 162 157 211 201 215 31 110 66 189 134 8 192 120 120 244 215 20 32 233 229 218 130 13 180] Sends:2 RPCAckObserved:true LastError:} {ID:[106 99 152 13 245 118 126 103 191 133 34 166 199 165 31 172 41 94 240 57 30 26 46 132 239 27 85 36 135 9 58 229] Lane:4 Phase:complete Nonce:113 Reserved:true TXHash:[4 27 7 50 169 1 172 133 25 220 185 14 119 201 238 152 59 71 87 59 97 67 163 41 6 243 121 225 122 220 102 250] Sends:2 RPCAckObserved:true LastError:} {ID:[94 45 206 38 117 140 154 13 94 215 78 151 100 45 172 70 34 104 60 240 163 221 99 8 244 5 101 188 19 23 242 4] Lane:4 Phase:waiting Nonce:0 Reserved:false TXHash:[0 0 0 0 0 0 0 0 0 0 0 0 0 0 0 0 0 0 0 0 0 0 0 0 0 0 0 0 0 0 0 0] Sends:0 RPCAckObserved:false LastError:} {ID:[79 180 233 252 202 118 67 191 29 165 14 0 215 27 66 118 88 233 146 195 78 90 222 150 200 78 1 55 252 88 6 167] Lane:4 Phase:waiting Nonce:0 Reserved:false TXHash:[0 0 0 0 0 0 0 0 0 0 0 0 0 0 0 0 0 0 0 0 0 0 0 0 0 0 0 0 0 0 0 0] Sends:0 RPCAckObserved:false LastError:} {ID:[103 75 193 57 21 109 205 119 32 120 19 70 146 8 28 70 136 7 230 107 128 16 81 217 254 27 97 109 212 78 6 52] Lane:4 Phase:waiting Nonce:0 Reserved:false TXHash:[0 0 0 0 0 0 0 0 0 0 0 0 0 0 0 0 0 0 0 0 0 0 0 0 0 0 0 0 0 0 0 0] Sends:0 RPCAckObserved:false LastError:} {ID:[107 186 201 240 148 165 255 132 106 237 223 216 100 73 105 93 209 117 153 5 77 17 249 16 145 202 236 188 154 46 252 28] Lane:4 Phase:waiting Nonce:0 Reserved:false TXHash:[0 0 0 0 0 0 0 0 0 0 0 0 0 0 0 0 0 0 0 0 0 0 0 0 0 0 0 0 0 0 0 0] Sends:0 RPCAckObserved:false LastError:} {ID:[56 90 13 93 175 122 51 250 177 8 32 224 95 124 194 63 10 128 67 178 40 46 174 225 140 41 45 133 147 249 112 50] Lane:3 Phase:complete Nonce:102 Reserved:true TXHash:[172 74 104 93 45 120 119 212 41 44 122 149 99 150 151 20 163 96 14 28 114 230 28 29 240 72 107 64 129 71 234 136] Sends:2 RPCAckObserved:true LastError:} {ID:[196 92 125 166 24 51 142 212 21 1 89 20 22 213 83 172 190 108 240 93 102 174 134 143 26 51 135 134 211 212 39 88] Lane:3 Phase:complete Nonce:103 Reserved:true TXHash:[152 113 8 82 11 149 238 5 225 74 206 21 170 169 36 233 210 77 169 195 205 252 177 154 57 39 107 1 12 150 4 107] Sends:2 RPCAckObserved:true LastError:} {ID:[138 114 74 58 185 169 122 174 133 168 20 229 158 183 47 225 155 22 203 9 202 63 207 122 23 204 162 204 82 52 22 229] Lane:3 Phase:complete Nonce:104 Reserved:true TXHash:[17 53 79 40 177 48 129 41 217 166 194 114 233 254 196 156 119 75 147 64 156 47 6 177 119 207 99 119 122 159 165 30] Sends:2 RPCAckObserved:true LastError:} {ID:[17 145 235 47 209 90 89 99 149 235 48 154 133 210 100 158 37 252 56 193 1 242 113 156 161 95 217 43 193 40 83 34] Lane:4 Phase:waiting Nonce:0 Reserved:false TXHash:[0 0 0 0 0 0 0 0 0 0 0 0 0 0 0 0 0 0 0 0 0 0 0 0 0 0 0 0 0 0 0 0] Sends:0 RPCAckObserved:false LastError:} {ID:[88 110 58 46 68 35 226 53 132 12 212 197 59 175 132 103 191 33 139 59 41 255 237 83 236 166 119 104 109 16 82 226] Lane:3 Phase:complete Nonce:105 Reserved:true TXHash:[172 82 214 230 103 46 247 116 169 78 128 238 174 127 154 10 197 41 155 193 182 241 65 200 205 150 24 59 56 135 7 216] Sends:2 RPCAckObserved:true LastError:} {ID:[109 161 144 86 155 7 156 149 6 182 36 96 16 168 49 131 251 199 150 207 60 126 173 214 220 139 196 68 114 46 31 200] Lane:4 Phase:waiting Nonce:0 Reserved:false TXHash:[0 0 0 0 0 0 0 0 0 0 0 0 0 0 0 0 0 0 0 0 0 0 0 0 0 0 0 0 0 0 0 0] Sends:0 RPCAckObserved:false LastError:} {ID:[30 202 88 15 60 163 41 41 135 43 180 208 15 55 128 111 234 63 60 112 66 186 153 144 49 134 118 251 23 214 63 150] Lane:4 Phase:waiting Nonce:0 Reserved:false TXHash:[0 0 0 0 0 0 0 0 0 0 0 0 0 0 0 0 0 0 0 0 0 0 0 0 0 0 0 0 0 0 0 0] Sends:0 RPCAckObserved:false LastError:} {ID:[169 54 86 148 209 115 178 1 93 29 120 10 86 249 5 133 238 239 137 119 71 196 229 0 24 199 248 191 209 81 12 201] Lane:4 Phase:waiting Nonce:0 Reserved:false TXHash:[0 0 0 0 0 0 0 0 0 0 0 0 0 0 0 0 0 0 0 0 0 0 0 0 0 0 0 0 0 0 0 0] Sends:0 RPCAckObserved:false LastError:} {ID:[241 129 113 129 254 189 204 24 30 138 19 187 101 25 103 97 131 17 156 35 77 86 141 20 18 10 98 114 174 124 175 60] Lane:4 Phase:waiting Nonce:0 Reserved:false TXHash:[0 0 0 0 0 0 0 0 0 0 0 0 0 0 0 0 0 0 0 0 0 0 0 0 0 0 0 0 0 0 0 0] Sends:0 RPCAckObserved:false LastError:} {ID:[193 165 242 192 195 242 36 252 31 84 233 205 185 118 89 65 237 65 129 105 31 220 162 101 1 84 61 176 162 109 116 203] Lane:4 Phase:complete Nonce:106 Reserved:true TXHash:[64 45 211 117 173 229 55 147 4 82 14 223 114 62 207 12 75 121 248 71 155 216 18 169 91 163 80 24 208 206 101 235] Sends:2 RPCAckObserved:true LastError:} {ID:[69 183 78 85 94 204 169 148 174 154 83 62 243 54 64 34 17 188 68 216 92 255 25 200 206 251 44 240 44 15 70 23] Lane:4 Phase:complete Nonce:107 Reserved:true TXHash:[75 53 21 142 194 104 212 253 93 134 74 193 144 27 22 53 62 55 106 248 162 97 243 181 232 78 234 152 60 200 27 173] Sends:2 RPCAckObserved:true LastError:} {ID:[131 13 146 202 103 163 138 188 19 42 200 0 50 94 63 248 140 80 163 3 204 221 229 169 144 44 228 111 129 176 147 215] Lane:4 Phase:complete Nonce:109 Reserved:true TXHash:[244 231 129 68 177 146 22 120 71 189 1 141 217 17 30 132 129 171 5 251 1 150 250 151 8 103 75 155 144 120 21 53] Sends:2 RPCAckObserved:true LastError:} {ID:[172 4 101 21 116 23 182 147 249 246 86 187 176 133 226 180 51 53 18 70 193 91 198 30 150 163 197 177 99 156 214 5] Lane:3 Phase:complete Nonce:0 Reserved:false TXHash:[0 0 0 0 0 0 0 0 0 0 0 0 0 0 0 0 0 0 0 0 0 0 0 0 0 0 0 0 0 0 0 0] Sends:0 RPCAckObserved:false LastError:} {ID:[61 207 236 136 108 14 52 239 83 143 80 109 16 227 110 99 55 83 25 175 47 249 91 123 138 230 85 51 22 59 215 163] Lane:3 Phase:complete Nonce:108 Reserved:true TXHash:[191 204 23 118 52 56 114 134 243 110 186 68 112 19 66 81 74 44 39 119 173 57 181 51 247 239 223 236 208 225 174 217] Sends:2 RPCAckObserved:true LastError:} {ID:[154 248 145 227 207 221 37 47 182 124 54 55 66 195 182 197 236 137 250 223 42 48 5 172 2 172 155 225 196 53 160 32] Lane:3 Phase:complete Nonce:110 Reserved:true TXHash:[123 74 40 198 227 22 245 53 56 146 27 128 222 147 167 32 71 159 44 192 224 75 77 19 178 86 194 182 5 109 0 23] Sends:2 RPCAckObserved:true LastError:} {ID:[165 124 62 118 45 133 245 123 125 130 89 10 138 144 116 202 136 59 160 95 68 175 33 237 101 140 139 208 244 37 70 68] Lane:3 Phase:complete Nonce:112 Reserved:true TXHash:[111 239 197 22 195 80 255 247 109 158 45 120 17 127 242 155 65 132 72 171 75 200 69 21 84 191 31 103 253 130 195 77] Sends:2 RPCAckObserved:true LastError:} {ID:[124 108 64 101 5 73 223 66 241 228 217 131 124 159 238 34 148 178 229 126 85 109 64 103 40 67 162 84 33 185 49 109] Lane:3 Phase:submitted Nonce:114 Reserved:true TXHash:[199 206 215 68 35 240 156 39 225 250 226 63 34 167 219 210 120 193 103 223 243 53 45 203 229 103 10 35 211 6 106 81] Sends:2 RPCAckObserved:true LastError:authenticated CLX source data unavailable: Post "http://127.0.0.1:46639": interrupt signal received} {ID:[18 208 135 237 14 8 186 96 26 197 127 28 3 137 21 87 252 223 99 160 253 141 228 89 30 211 3 27 71 26 241 176] Lane:3 Phase:queued Nonce:0 Reserved:false TXHash:[0 0 0 0 0 0 0 0 0 0 0 0 0 0 0 0 0 0 0 0 0 0 0 0 0 0 0 0 0 0 0 0] Sends:0 RPCAckObserved:false LastError:} {ID:[221 12 57 141 87 111 240 250 95 169 55 14 184 38 147 158 194 91 86 90 82 1 161 113 245 176 18 80 191 56 81 167] Lane:3 Phase:queued Nonce:0 Reserved:false TXHash:[0 0 0 0 0 0 0 0 0 0 0 0 0 0 0 0 0 0 0 0 0 0 0 0 0 0 0 0 0 0 0 0] Sends:0 RPCAckObserved:false LastError:} {ID:[105 126 216 8 28 16 231 116 24 36 65 33 22 102 70 225 203 186 110 185 112 201 77 110 54 84 234 8 52 135 58 132] Lane:3 Phase:queued Nonce:0 Reserved:false TXHash:[0 0 0 0 0 0 0 0 0 0 0 0 0 0 0 0 0 0 0 0 0 0 0 0 0 0 0 0 0 0 0 0] Sends:0 RPCAckObserved:false LastError:} {ID:[217 254 2 60 248 216 33 228 93 44 114 11 50 32 26 241 210 24 136 205 193 229 193 103 205 192 197 99 72 19 72 149] Lane:3 Phase:queued Nonce:0 Reserved:false TXHash:[0 0 0 0 0 0 0 0 0 0 0 0 0 0 0 0 0 0 0 0 0 0 0 0 0 0 0 0 0 0 0 0] Sends:0 RPCAckObserved:false LastError:} {ID:[148 234 219 18 244 210 248 11 205 73 17 99 95 109 111 101 32 190 231 10 8 172 6 156 68 152 194 46 35 109 70 67] Lane:3 Phase:queued Nonce:0 Reserved:false TXHash:[0 0 0 0 0 0 0 0 0 0 0 0 0 0 0 0 0 0 0 0 0 0 0 0 0 0 0 0 0 0 0 0] Sends:0 RPCAckObserved:false LastError:} {ID:[152 186 114 246 0 52 111 68 59 168 56 127 123 64 245 85 40 82 163 68 27 40 118 18 83 206 18 240 166 14 12 115] Lane:3 Phase:queued Nonce:0 Reserved:false TXHash:[0 0 0 0 0 0 0 0 0 0 0 0 0 0 0 0 0 0 0 0 0 0 0 0 0 0 0 0 0 0 0 0] Sends:0 RPCAckObserved:false LastError:} {ID:[23 91 4 176 203 111 164 255 194 179 132 133 190 85 29 218 87 68 2 229 40 185 203 84 255 11 90 45 19 20 176 8] Lane:3 Phase:queued Nonce:0 Reserved:false TXHash:[0 0 0 0 0 0 0 0 0 0 0 0 0 0 0 0 0 0 0 0 0 0 0 0 0 0 0 0 0 0 0 0] Sends:0 RPCAckObserved:false LastError:} {ID:[151 108 30 61 48 230 71 184 49 36 195 254 8 80 185 97 172 152 5 243 179 99 251 210 89 106 205 53 127 160 133 72] Lane:3 Phase:queued Nonce:0 Reserved:false TXHash:[0 0 0 0 0 0 0 0 0 0 0 0 0 0 0 0 0 0 0 0 0 0 0 0 0 0 0 0 0 0 0 0] Sends:0 RPCAckObserved:false LastError:}] DiscoveryError:authenticated CLX source data unavailable: Post "http://127.0.0.1:46639": interrupt signal received
        authenticated CLX source data unavailable: Post "http://127.0.0.1:46639": interrupt signal received StepError:authenticated CLX source data unavailable: Post "http://127.0.0.1:46639": interrupt signal received}
    dex_financial_cli_test.go:116: ordinary CLI full log /tmp/dex-normal-cli-failure-982013336.log
    dex_financial_cli_test.go:121: ordinary Common5: 8…6fb772"
        INFO [09-23|12:05:24.076] handleNewViewMsg got new view message    from=127.0.0.5:45409 viewId="4f3988…6fb772"
        INFO [09-23|12:05:24.097] handleNewViewMsg got new view message    from=127.0.0.4:39883 viewId="4f3988…6fb772"
        INFO [09-23|12:05:24.180] handleNewViewMsg got new view message    from=127.0.0.6:41735 viewId="4f3988…6fb772"
        INFO [09-23|12:05:24.655] handleNewViewMsg got new view message    from=127.0.0.2:44067 viewId="4f3988…6fb772"
        WARN [09-23|12:05:25.670] GetBlockByNumer                          number=441
        WARN [09-23|12:05:26.269] GetBlockByNumer                          number=442
        WARN [09-23|12:05:29.244] GetBlockByNumer                          number=443
        WARN [09-23|12:05:30.155] GetBlockByNumer                          number=444
        WARN [09-23|12:05:30.155] GetBlockByNumer                          number=442
        WARN [09-23|12:05:30.211] GetBlockByNumer                          number=444
        WARN [09-23|12:05:30.220] GetBlockByNumer                          number=443
        WARN [09-23|12:05:30.266] GetBlockByNumer                          number=445
        WARN [09-23|12:05:30.277] GetBlockByNumer                          number=444
        WARN [09-23|12:05:30.283] GetBlockByNumer                          number=445
        WARN [09-23|12:05:30.329] GetBlockByNumer                          number=446
        INFO [09-23|12:05:31.614] HOTSTUFF PREPARE QC VERIFIED             number=218 viewID="38ab1f…9c5079" from=127.0.0.2:44067 maskBytes=1
        INFO [09-23|12:05:32.991] HOTSTUFF PREPARE QC VERIFIED             number=219 viewID="d7efa2…2731cf" from=127.0.0.3:42465 maskBytes=1
        WARN [09-23|12:05:33.283] GetBlockByNumer                          number=447
        WARN [09-23|12:05:33.504] GetBlockByNumer                          number=448
        INFO [09-23|12:05:34.221] HOTSTUFF PREPARE QC VERIFIED             number=220 viewID="6fc2aa…d97bc8" from=127.0.0.4:39883 maskBytes=1
        INFO [09-23|12:05:35.004] HOTSTUFF PREPARE QC VERIFIED             number=221 viewID="9cb54c…498d9f" from=127.0.0.5:45409 maskBytes=1
        WARN [09-23|12:05:35.054] GetBlockByNumer                          number=449
        WARN [09-23|12:05:35.271] GetBlockByNumer                          number=450
        INFO [09-23|12:05:36.062] HOTSTUFF PREPARE QC VERIFIED             number=222 viewID="6f87a3…c93c60" from=127.0.0.6:41735 maskBytes=1
        INFO [09-23|12:05:36.178] handleNewViewMsg got new view message    from=127.0.0.6:41735 viewId="cbd831…6ca850"
        INFO [09-23|12:05:36.234] handleNewViewMsg got new view message    from=127.0.0.7:40923 viewId="cbd831…6ca850"
        INFO [09-23|12:05:36.315] handleNewViewMsg got new view message    from=127.0.0.4:39883 viewId="cbd831…6ca850"
        INFO [09-23|12:05:36.582] handleNewViewMsg got new view message    from=127.0.0.3:42465 viewId="cbd831…6ca850"
        INFO [09-23|12:05:36.605] handleNewViewMsg got new view message    from=127.0.0.5:45409 viewId="cbd831…6ca850"
        INFO [09-23|12:05:36.820] handleNewViewMsg got new view message    from=127.0.0.2:44067 viewId="cbd831…6ca850"
        INFO [09-23|12:05:36.963] handleNewViewMsg got new view message    from=127.0.0.8:45051 viewId="cbd831…6ca850"
        WARN [09-23|12:05:37.622] GetBlockByNumer                          number=450
        WARN [09-23|12:05:37.753] GetBlockByNumer                          number=451
        WARN [09-23|12:05:37.981] GetBlockByNumer                          number=452
        INFO [09-23|12:05:39.441] HOTSTUFF PREPARE QC BROADCAST            number=223 viewID="cbd831…6ca850" votes=5 threshold=5
        INFO [09-23|12:05:39.460] HOTSTUFF PREPARE QC VERIFIED             number=223 viewID="cbd831…6ca850" from=127.0.0.7:40923 maskBytes=1
        WARN [09-23|12:05:41.863] GetBlockByNumer                          number=453
        WARN [09-23|12:05:42.535] GetBlockByNumer                          number=454
        WARN [09-23|12:05:42.947] GetBlockByNumer                          number=455
        INFO [09-23|12:05:43.610] HOTSTUFF PREPARE QC VERIFIED             number=225 viewID="f1a40c…350891" from=127.0.0.2:44067 maskBytes=1
        WARN [09-23|12:05:44.355] GetBlockByNumer                          number=456
        WARN [09-23|12:05:45.218] GetBlockByNumer                          number=456
        INFO [09-23|12:05:45.232] HOTSTUFF PREPARE QC VERIFIED             number=226 viewID="42221f…42775e" from=127.0.0.3:42465 maskBytes=1
        WARN [09-23|12:05:45.355] GetBlockByNumer                          number=457
        WARN [09-23|12:05:45.610] GetBlockByNumer                          number=458
        INFO [09-23|12:05:46.268] HOTSTUFF PREPARE QC VERIFIED             number=227 viewID="85fe58…671776" from=127.0.0.4:39883 maskBytes=1
        WARN [09-23|12:05:46.502] GetBlockByNumer                          number=459
        INFO [09-23|12:05:47.522] HOTSTUFF PREPARE QC VERIFIED             number=228 viewID="9ac8f0…db916b" from=127.0.0.5:45409 maskBytes=1
        INFO [09-23|12:05:48.491] HOTSTUFF PREPARE QC VERIFIED             number=229 viewID="c3975d…997e21" from=127.0.0.6:41735 maskBytes=1
        INFO [09-23|12:05:48.496] handleNewViewMsg got new view message    from=127.0.0.6:41735 viewId="48c7b2…4e10d1"
        INFO [09-23|12:05:48.506] handleNewViewMsg got new view message    from=127.0.0.7:40923 viewId="48c7b2…4e10d1"
        INFO [09-23|12:05:48.533] handleNewViewMsg got new view message    from=127.0.0.4:39883 viewId="48c7b2…4e10d1"
        INFO [09-23|12:05:48.582] handleNewViewMsg got new view message    from=127.0.0.2:44067 viewId="48c7b2…4e10d1"
        INFO [09-23|12:05:48.597] handleNewViewMsg got new view message    from=127.0.0.3:42465 viewId="48c7b2…4e10d1"
        INFO [09-23|12:05:48.650] handleNewViewMsg got new view message    from=127.0.0.5:45409 viewId="48c7b2…4e10d1"
        INFO [09-23|12:05:48.674] handleNewViewMsg got new view message    from=127.0.0.8:45051 viewId="48c7b2…4e10d1"
        WARN [09-23|12:05:48.882] GetBlockByNumer                          number=460
        WARN [09-23|12:05:49.302] GetBlockByNumer                          number=461
        INFO [09-23|12:05:49.714] HOTSTUFF PREPARE QC BROADCAST            number=230 viewID="48c7b2…4e10d1" votes=5 threshold=5
        INFO [09-23|12:05:49.752] HOTSTUFF PREPARE QC VERIFIED             number=230 viewID="48c7b2…4e10d1" from=127.0.0.7:40923 maskBytes=1
        WARN [09-23|12:05:50.526] GetBlockByNumer                          number=462
        INFO [09-23|12:05:51.020] HOTSTUFF PREPARE QC VERIFIED             number=231 viewID="1f5e34…55aef1" from=127.0.0.8:45051 maskBytes=1
        WARN [09-23|12:05:53.423] GetBlockByNumer                          number=463
        INFO [09-23|12:05:53.882] HOTSTUFF PREPARE QC VERIFIED             number=232 viewID="34c947…924924" from=127.0.0.2:44067 maskBytes=1
        WARN [09-23|12:05:54.264] GetBlockByNumer                          number=464
        WARN [09-23|12:05:55.003] GetBlockByNumer                          number=465
        INFO [09-23|12:05:55.533] HOTSTUFF PREPARE QC VERIFIED             number=233 viewID="bef3f6…7e8a6c" from=127.0.0.3:42465 maskBytes=1
        WARN [09-23|12:05:55.958] GetBlockByNumer                          number=466
        INFO [09-23|12:05:57.811] HOTSTUFF PREPARE QC VERIFIED             number=234 viewID="aa85f2…93de32" from=127.0.0.4:39883 maskBytes=1
        WARN [09-23|12:05:58.341] GetBlockByNumer                          number=467
        WARN [09-23|12:05:59.874] GetBlockByNumer                          number=468
        INFO [09-23|12:06:00.243] HOTSTUFF PREPARE QC VERIFIED             number=235 viewID="0b0ae2…1d5a25" from=127.0.0.5:45409 maskBytes=1
        WARN [09-23|12:06:00.724] GetBlockByNumer                          number=469
        WARN [09-23|12:06:01.294] GetBlockByNumer                          number=470
        WARN [09-23|12:06:02.944] GetBlockByNumer                          number=471
        WARN [09-23|12:06:03.762] GetBlockByNumer                          number=472
        INFO [09-23|12:06:04.120] handleNewViewMsg got new view message    from=127.0.0.7:40923 viewId="783bf3…3b9b9c"
        INFO [09-23|12:06:04.155] handleNewViewMsg got new view message    from=127.0.0.5:45409 viewId="783bf3…3b9b9c"
        INFO [09-23|12:06:04.178] handleNewViewMsg got new view message    from=127.0.0.8:45051 viewId="783bf3…3b9b9c"
        INFO [09-23|12:06:04.195] handleNewViewMsg got new view message    from=127.0.0.4:39883 viewId="783bf3…3b9b9c"
        INFO [09-23|12:06:04.254] HOTSTUFF PREPARE QC VERIFIED             number=236 viewID="7b3cb8…22b838" from=127.0.0.6:41735 maskBytes=1
        INFO [09-23|12:06:04.259] handleNewViewMsg got new view message    from=127.0.0.5:45409 viewId="447faf…7b4877"
        INFO [09-23|12:06:04.273] handleNewViewMsg got new view message    from=127.0.0.8:45051 viewId="447faf…7b4877"
        INFO [09-23|12:06:04.282] handleNewViewMsg got new view message    from=127.0.0.3:42465 viewId="783bf3…3b9b9c"
        WARN [09-23|12:06:04.844] GetBlockByNumer                          number=473
        INFO [09-23|12:06:05.160] handleNewViewMsg got new view message    from=127.0.0.4:39883 viewId="447faf…7b4877"
        INFO [09-23|12:06:05.206] handleNewViewMsg got new view message    from=127.0.0.6:41735 viewId="447faf…7b4877"
        INFO [09-23|12:06:05.219] handleNewViewMsg got new view message    from=127.0.0.7:40923 viewId="447faf…7b4877"
        INFO [09-23|12:06:05.230] handleNewViewMsg got new view message    from=127.0.0.2:44067 viewId="783bf3…3b9b9c"
        INFO [09-23|12:06:05.250] handleNewViewMsg got new view message    from=127.0.0.3:42465 viewId="447faf…7b4877"
        WARN [09-23|12:06:05.743] GetBlockByNumer                          number=474
        INFO [09-23|12:06:05.947] handleNewViewMsg got new view message    from=127.0.0.2:44067 viewId="447faf…7b4877"
        INFO [09-23|12:06:06.078] HOTSTUFF PREPARE QC BROADCAST            number=237 viewID="783bf3…3b9b9c" votes=5 threshold=5
        INFO [09-23|12:06:06.116] HOTSTUFF PREPARE QC VERIFIED             number=237 viewID="783bf3…3b9b9c" from=127.0.0.7:40923 maskBytes=1
        INFO [09-23|12:06:07.275] HOTSTUFF PREPARE QC VERIFIED             number=238 viewID="8ef457…8bd294" from=127.0.0.8:45051 maskBytes=1
        WARN [09-23|12:06:07.752] GetBlockByNumer                          number=475
        INFO [09-23|12:06:08.421] HOTSTUFF PREPARE QC VERIFIED             number=239 viewID="113480…b75b01" from=127.0.0.2:44067 maskBytes=1
        WARN [09-23|12:06:08.517] GetBlockByNumer                          number=476
        WARN [09-23|12:06:08.907] GetBlockByNumer                          number=477
        WARN [09-23|12:06:09.329] GetBlockByNumer                          number=478
        INFO [09-23|12:06:09.601] HOTSTUFF PREPARE QC VERIFIED             number=240 viewID="a84fe2…ee2604" from=127.0.0.3:42465 maskBytes=1
        INFO [09-23|12:06:10.515] HOTSTUFF PREPARE QC VERIFIED             number=241 viewID="8a3848…6ddb64" from=127.0.0.4:39883 maskBytes=1
        INFO [09-23|12:06:11.170] HOTSTUFF PREPARE QC VERIFIED             number=242 viewID="bbd97b…139d2e" from=127.0.0.5:45409 maskBytes=1
        WARN [09-23|12:06:11.905] GetBlockByNumer                          number=479
        INFO [09-23|12:06:12.003] HOTSTUFF PREPARE QC VERIFIED             number=243 viewID="21f4b8…820cf4" from=127.0.0.6:41735 maskBytes=1
        INFO [09-23|12:06:12.009] handleNewViewMsg got new view message    from=127.0.0.2:44067 viewId="424ea1…d7e778"
        WARN [09-23|12:06:12.039] GetBlockByNumer                          number=480
        INFO [09-23|12:06:12.045] handleNewViewMsg got new view message    from=127.0.0.4:39883 viewId="424ea1…d7e778"
        INFO [09-23|12:06:12.060] handleNewViewMsg got new view message    from=127.0.0.5:45409 viewId="424ea1…d7e778"
        INFO [09-23|12:06:12.075] handleNewViewMsg got new view message    from=127.0.0.7:40923 viewId="424ea1…d7e778"
        INFO [09-23|12:06:12.091] handleNewViewMsg got new view message    from=127.0.0.6:41735 viewId="424ea1…d7e778"
        INFO [09-23|12:06:12.229] handleNewViewMsg got new view message    from=127.0.0.8:45051 viewId="424ea1…d7e778"
        INFO [09-23|12:06:12.242] handleNewViewMsg got new view message    from=127.0.0.3:42465 viewId="424ea1…d7e778"
        INFO [09-23|12:06:12.718] HOTSTUFF PREPARE QC BROADCAST            number=244 viewID="424ea1…d7e778" votes=5 threshold=5
        INFO [09-23|12:06:12.761] HOTSTUFF PREPARE QC VERIFIED             number=244 viewID="424ea1…d7e778" from=127.0.0.7:40923 maskBytes=1
    dex_financial_cli_test.go:116: ordinary CLI full log /tmp/dex-normal-cli-failure-1378981966.log
    dex_financial_cli_test.go:121: ordinary Common4:         number=432
        WARN [09-23|12:05:14.415] GetBlockByNumer                          number=433
        WARN [09-23|12:05:14.427] GetBlockByNumer                          number=433
        WARN [09-23|12:05:14.515] GetBlockByNumer                          number=434
        WARN [09-23|12:05:15.081] GetBlockByNumer                          number=435
        WARN [09-23|12:05:16.544] GetBlockByNumer                          number=436
        WARN [09-23|12:05:19.999] GetBlockByNumer                          number=437
        WARN [09-23|12:05:20.947] GetBlockByNumer                          number=438
        INFO [09-23|12:05:20.990] handleNewViewMsg got new view message    from=127.0.0.5:45409 viewId="88e0fd…1bb9da"
        INFO [09-23|12:05:21.053] handleNewViewMsg got new view message    from=127.0.0.8:45051 viewId="88e0fd…1bb9da"
        INFO [09-23|12:05:21.092] handleNewViewMsg got new view message    from=127.0.0.2:44067 viewId="88e0fd…1bb9da"
        INFO [09-23|12:05:21.117] handleNewViewMsg got new view message    from=127.0.0.7:40923 viewId="88e0fd…1bb9da"
        INFO [09-23|12:05:21.140] handleNewViewMsg got new view message    from=127.0.0.6:41735 viewId="88e0fd…1bb9da"
        INFO [09-23|12:05:21.271] handleNewViewMsg got new view message    from=127.0.0.4:39883 viewId="88e0fd…1bb9da"
        INFO [09-23|12:05:21.355] handleNewViewMsg got new view message    from=127.0.0.3:42465 viewId="88e0fd…1bb9da"
        WARN [09-23|12:05:21.595] GetBlockByNumer                          number=439
        WARN [09-23|12:05:22.830] GetBlockByNumer                          number=440
        WARN [09-23|12:05:25.479] GetBlockByNumer                          number=440
        WARN [09-23|12:05:25.557] GetBlockByNumer                          number=441
        WARN [09-23|12:05:25.655] GetBlockByNumer                          number=442
        WARN [09-23|12:05:29.141] GetBlockByNumer                          number=442
        WARN [09-23|12:05:29.187] GetBlockByNumer                          number=443
        WARN [09-23|12:05:29.251] GetBlockByNumer                          number=444
        WARN [09-23|12:05:30.229] GetBlockByNumer                          number=445
        WARN [09-23|12:05:31.058] GetBlockByNumer                          number=446
        INFO [09-23|12:05:31.604] HOTSTUFF PREPARE QC VERIFIED             number=218 viewID="38ab1f…9c5079" from=127.0.0.2:44067 maskBytes=1
        INFO [09-23|12:05:33.130] HOTSTUFF PREPARE QC VERIFIED             number=219 viewID="d7efa2…2731cf" from=127.0.0.3:42465 maskBytes=1
        WARN [09-23|12:05:33.338] GetBlockByNumer                          number=447
        WARN [09-23|12:05:33.431] GetBlockByNumer                          number=448
        INFO [09-23|12:05:34.263] HOTSTUFF PREPARE QC VERIFIED             number=220 viewID="6fc2aa…d97bc8" from=127.0.0.4:39883 maskBytes=1
        INFO [09-23|12:05:35.021] HOTSTUFF PREPARE QC VERIFIED             number=221 viewID="9cb54c…498d9f" from=127.0.0.5:45409 maskBytes=1
        INFO [09-23|12:05:35.028] handleNewViewMsg got new view message    from=127.0.0.4:39883 viewId="6f87a3…c93c60"
        WARN [09-23|12:05:35.048] GetBlockByNumer                          number=449
        INFO [09-23|12:05:35.049] handleNewViewMsg got new view message    from=127.0.0.7:40923 viewId="6f87a3…c93c60"
        INFO [09-23|12:05:35.075] handleNewViewMsg got new view message    from=127.0.0.6:41735 viewId="6f87a3…c93c60"
        INFO [09-23|12:05:35.089] handleNewViewMsg got new view message    from=127.0.0.5:45409 viewId="6f87a3…c93c60"
        INFO [09-23|12:05:35.101] handleNewViewMsg got new view message    from=127.0.0.2:44067 viewId="6f87a3…c93c60"
        INFO [09-23|12:05:35.148] handleNewViewMsg got new view message    from=127.0.0.8:45051 viewId="6f87a3…c93c60"
        INFO [09-23|12:05:35.210] handleNewViewMsg got new view message    from=127.0.0.3:42465 viewId="6f87a3…c93c60"
        WARN [09-23|12:05:35.261] GetBlockByNumer                          number=450
        INFO [09-23|12:05:35.764] HOTSTUFF PREPARE QC BROADCAST            number=222 viewID="6f87a3…c93c60" votes=5 threshold=5
        INFO [09-23|12:05:35.814] HOTSTUFF PREPARE QC VERIFIED             number=222 viewID="6f87a3…c93c60" from=127.0.0.6:41735 maskBytes=1
        WARN [09-23|12:05:37.625] GetBlockByNumer                          number=450
        WARN [09-23|12:05:37.750] GetBlockByNumer                          number=451
        WARN [09-23|12:05:37.895] GetBlockByNumer                          number=452
        INFO [09-23|12:05:39.568] HOTSTUFF PREPARE QC VERIFIED             number=223 viewID="cbd831…6ca850" from=127.0.0.7:40923 maskBytes=1
        WARN [09-23|12:05:41.845] GetBlockByNumer                          number=453
        WARN [09-23|12:05:42.502] GetBlockByNumer                          number=454
        WARN [09-23|12:05:42.951] GetBlockByNumer                          number=455
        INFO [09-23|12:05:43.603] HOTSTUFF PREPARE QC VERIFIED             number=225 viewID="f1a40c…350891" from=127.0.0.2:44067 maskBytes=1
        WARN [09-23|12:05:44.395] GetBlockByNumer                          number=456
        INFO [09-23|12:05:45.136] HOTSTUFF PREPARE QC VERIFIED             number=226 viewID="42221f…42775e" from=127.0.0.3:42465 maskBytes=1
        WARN [09-23|12:05:45.768] GetBlockByNumer                          number=457
        WARN [09-23|12:05:45.855] GetBlockByNumer                          number=458
        INFO [09-23|12:05:46.266] HOTSTUFF PREPARE QC VERIFIED             number=227 viewID="85fe58…671776" from=127.0.0.4:39883 maskBytes=1
        WARN [09-23|12:05:46.493] GetBlockByNumer                          number=459
        INFO [09-23|12:05:47.502] HOTSTUFF PREPARE QC VERIFIED             number=228 viewID="9ac8f0…db916b" from=127.0.0.5:45409 maskBytes=1
        INFO [09-23|12:05:47.510] handleNewViewMsg got new view message    from=127.0.0.2:44067 viewId="c3975d…997e21"
        INFO [09-23|12:05:47.524] handleNewViewMsg got new view message    from=127.0.0.5:45409 viewId="c3975d…997e21"
        INFO [09-23|12:05:47.542] handleNewViewMsg got new view message    from=127.0.0.8:45051 viewId="c3975d…997e21"
        INFO [09-23|12:05:47.553] handleNewViewMsg got new view message    from=127.0.0.6:41735 viewId="c3975d…997e21"
        INFO [09-23|12:05:47.571] handleNewViewMsg got new view message    from=127.0.0.4:39883 viewId="c3975d…997e21"
        INFO [09-23|12:05:47.798] handleNewViewMsg got new view message    from=127.0.0.7:40923 viewId="c3975d…997e21"
        INFO [09-23|12:05:47.807] handleNewViewMsg got new view message    from=127.0.0.3:42465 viewId="c3975d…997e21"
        INFO [09-23|12:05:48.430] HOTSTUFF PREPARE QC BROADCAST            number=229 viewID="c3975d…997e21" votes=5 threshold=5
        INFO [09-23|12:05:48.461] HOTSTUFF PREPARE QC VERIFIED             number=229 viewID="c3975d…997e21" from=127.0.0.6:41735 maskBytes=1
        WARN [09-23|12:05:48.902] GetBlockByNumer                          number=460
        INFO [09-23|12:05:49.809] HOTSTUFF PREPARE QC VERIFIED             number=230 viewID="48c7b2…4e10d1" from=127.0.0.7:40923 maskBytes=1
        WARN [09-23|12:05:50.088] GetBlockByNumer                          number=461
        WARN [09-23|12:05:50.445] GetBlockByNumer                          number=462
        INFO [09-23|12:05:51.016] HOTSTUFF PREPARE QC VERIFIED             number=231 viewID="1f5e34…55aef1" from=127.0.0.8:45051 maskBytes=1
        WARN [09-23|12:05:53.377] GetBlockByNumer                          number=463
        INFO [09-23|12:05:53.893] HOTSTUFF PREPARE QC VERIFIED             number=232 viewID="34c947…924924" from=127.0.0.2:44067 maskBytes=1
        WARN [09-23|12:05:54.263] GetBlockByNumer                          number=464
        WARN [09-23|12:05:54.903] GetBlockByNumer                          number=465
        INFO [09-23|12:05:55.609] HOTSTUFF PREPARE QC VERIFIED             number=233 viewID="bef3f6…7e8a6c" from=127.0.0.3:42465 maskBytes=1
        WARN [09-23|12:05:55.926] GetBlockByNumer                          number=466
        INFO [09-23|12:05:57.833] HOTSTUFF PREPARE QC VERIFIED             number=234 viewID="aa85f2…93de32" from=127.0.0.4:39883 maskBytes=1
        WARN [09-23|12:05:58.626] GetBlockByNumer                          number=467
        WARN [09-23|12:05:59.958] GetBlockByNumer                          number=468
        INFO [09-23|12:06:00.248] HOTSTUFF PREPARE QC VERIFIED             number=235 viewID="0b0ae2…1d5a25" from=127.0.0.5:45409 maskBytes=1
        INFO [09-23|12:06:00.261] handleNewViewMsg got new view message    from=127.0.0.2:44067 viewId="7b3cb8…22b838"
        INFO [09-23|12:06:00.311] handleNewViewMsg got new view message    from=127.0.0.7:40923 viewId="7b3cb8…22b838"
        INFO [09-23|12:06:00.320] handleNewViewMsg got new view message    from=127.0.0.6:41735 viewId="7b3cb8…22b838"
        INFO [09-23|12:06:00.329] handleNewViewMsg got new view message    from=127.0.0.5:45409 viewId="7b3cb8…22b838"
        INFO [09-23|12:06:00.341] handleNewViewMsg got new view message    from=127.0.0.3:42465 viewId="7b3cb8…22b838"
        WARN [09-23|12:06:00.680] GetBlockByNumer                          number=469
        INFO [09-23|12:06:00.757] handleNewViewMsg got new view message    from=127.0.0.8:45051 viewId="7b3cb8…22b838"
        INFO [09-23|12:06:00.767] handleNewViewMsg got new view message    from=127.0.0.4:39883 viewId="7b3cb8…22b838"
        WARN [09-23|12:06:01.377] GetBlockByNumer                          number=470
        WARN [09-23|12:06:02.249] GetBlockByNumer                          number=471
        WARN [09-23|12:06:03.465] GetBlockByNumer                          number=472
        INFO [09-23|12:06:04.123] HOTSTUFF PREPARE QC BROADCAST            number=236 viewID="7b3cb8…22b838" votes=5 threshold=5
        INFO [09-23|12:06:04.175] HOTSTUFF PREPARE QC VERIFIED             number=236 viewID="7b3cb8…22b838" from=127.0.0.6:41735 maskBytes=1
        WARN [09-23|12:06:04.870] GetBlockByNumer                          number=473
        WARN [09-23|12:06:05.732] GetBlockByNumer                          number=474
        INFO [09-23|12:06:06.178] HOTSTUFF PREPARE QC VERIFIED             number=237 viewID="783bf3…3b9b9c" from=127.0.0.7:40923 maskBytes=1
        WARN [09-23|12:06:07.184] GetBlockByNumer                          number=475
        INFO [09-23|12:06:07.324] HOTSTUFF PREPARE QC VERIFIED             number=238 viewID="8ef457…8bd294" from=127.0.0.8:45051 maskBytes=1
        INFO [09-23|12:06:08.332] HOTSTUFF PREPARE QC VERIFIED             number=239 viewID="113480…b75b01" from=127.0.0.2:44067 maskBytes=1
        WARN [09-23|12:06:08.586] GetBlockByNumer                          number=476
        WARN [09-23|12:06:08.927] GetBlockByNumer                          number=477
        INFO [09-23|12:06:09.600] HOTSTUFF PREPARE QC VERIFIED             number=240 viewID="a84fe2…ee2604" from=127.0.0.3:42465 maskBytes=1
        WARN [09-23|12:06:09.994] GetBlockByNumer                          number=478
        INFO [09-23|12:06:10.521] HOTSTUFF PREPARE QC VERIFIED             number=241 viewID="8a3848…6ddb64" from=127.0.0.4:39883 maskBytes=1
        INFO [09-23|12:06:11.212] HOTSTUFF PREPARE QC VERIFIED             number=242 viewID="bbd97b…139d2e" from=127.0.0.5:45409 maskBytes=1
        INFO [09-23|12:06:11.221] handleNewViewMsg got new view message    from=127.0.0.7:40923 viewId="21f4b8…820cf4"
        INFO [09-23|12:06:11.233] handleNewViewMsg got new view message    from=127.0.0.4:39883 viewId="21f4b8…820cf4"
        INFO [09-23|12:06:11.250] handleNewViewMsg got new view message    from=127.0.0.8:45051 viewId="21f4b8…820cf4"
        INFO [09-23|12:06:11.259] handleNewViewMsg got new view message    from=127.0.0.3:42465 viewId="21f4b8…820cf4"
        INFO [09-23|12:06:11.268] handleNewViewMsg got new view message    from=127.0.0.6:41735 viewId="21f4b8…820cf4"
        INFO [09-23|12:06:11.306] handleNewViewMsg got new view message    from=127.0.0.5:45409 viewId="21f4b8…820cf4"
        INFO [09-23|12:06:11.378] handleNewViewMsg got new view message    from=127.0.0.2:44067 viewId="21f4b8…820cf4"
        WARN [09-23|12:06:11.902] GetBlockByNumer                          number=479
        INFO [09-23|12:06:11.924] HOTSTUFF PREPARE QC BROADCAST            number=243 viewID="21f4b8…820cf4" votes=5 threshold=5
        INFO [09-23|12:06:11.969] HOTSTUFF PREPARE QC VERIFIED             number=243 viewID="21f4b8…820cf4" from=127.0.0.6:41735 maskBytes=1
        WARN [09-23|12:06:12.749] GetBlockByNumer                          number=480
        WARN [09-23|12:06:12.890] GetBlockByNumer                          number=481
    dex_financial_cli_test.go:116: ordinary CLI full log /tmp/dex-normal-cli-failure-271933153.log
    dex_financial_cli_test.go:121: ordinary Common3: Msg got new view message    from=127.0.0.5:45409 viewId="891341…1828ac"
        INFO [09-23|12:05:17.401] handleNewViewMsg got new view message    from=127.0.0.7:40923 viewId="891341…1828ac"
        INFO [09-23|12:05:17.441] handleNewViewMsg got new view message    from=127.0.0.2:44067 viewId="891341…1828ac"
        INFO [09-23|12:05:17.476] handleNewViewMsg got new view message    from=127.0.0.8:45051 viewId="891341…1828ac"
        INFO [09-23|12:05:17.493] handleNewViewMsg got new view message    from=127.0.0.4:39883 viewId="891341…1828ac"
        INFO [09-23|12:05:17.547] handleNewViewMsg got new view message    from=127.0.0.3:42465 viewId="891341…1828ac"
        INFO [09-23|12:05:17.761] handleNewViewMsg got new view message    from=127.0.0.6:41735 viewId="891341…1828ac"
        WARN [09-23|12:05:20.080] GetBlockByNumer                          number=437
        WARN [09-23|12:05:21.009] GetBlockByNumer                          number=438
        WARN [09-23|12:05:22.212] GetBlockByNumer                          number=439
        WARN [09-23|12:05:22.826] GetBlockByNumer                          number=440
        WARN [09-23|12:05:25.483] GetBlockByNumer                          number=440
        WARN [09-23|12:05:25.522] GetBlockByNumer                          number=441
        WARN [09-23|12:05:25.725] GetBlockByNumer                          number=442
        WARN [09-23|12:05:29.144] GetBlockByNumer                          number=442
        WARN [09-23|12:05:29.226] GetBlockByNumer                          number=443
        WARN [09-23|12:05:29.248] GetBlockByNumer                          number=443
        WARN [09-23|12:05:29.324] GetBlockByNumer                          number=444
        WARN [09-23|12:05:30.268] GetBlockByNumer                          number=445
        WARN [09-23|12:05:31.099] GetBlockByNumer                          number=446
        INFO [09-23|12:05:31.579] HOTSTUFF PREPARE QC VERIFIED             number=218 viewID="38ab1f…9c5079" from=127.0.0.2:44067 maskBytes=1
        INFO [09-23|12:05:33.049] HOTSTUFF PREPARE QC VERIFIED             number=219 viewID="d7efa2…2731cf" from=127.0.0.3:42465 maskBytes=1
        WARN [09-23|12:05:33.424] GetBlockByNumer                          number=447
        WARN [09-23|12:05:34.133] GetBlockByNumer                          number=448
        INFO [09-23|12:05:34.254] HOTSTUFF PREPARE QC VERIFIED             number=220 viewID="6fc2aa…d97bc8" from=127.0.0.4:39883 maskBytes=1
        INFO [09-23|12:05:34.256] handleNewViewMsg got new view message    from=127.0.0.8:45051 viewId="9cb54c…498d9f"
        INFO [09-23|12:05:34.268] handleNewViewMsg got new view message    from=127.0.0.7:40923 viewId="9cb54c…498d9f"
        INFO [09-23|12:05:34.284] handleNewViewMsg got new view message    from=127.0.0.2:44067 viewId="9cb54c…498d9f"
        INFO [09-23|12:05:34.308] handleNewViewMsg got new view message    from=127.0.0.3:42465 viewId="9cb54c…498d9f"
        INFO [09-23|12:05:34.333] handleNewViewMsg got new view message    from=127.0.0.4:39883 viewId="9cb54c…498d9f"
        INFO [09-23|12:05:34.498] handleNewViewMsg got new view message    from=127.0.0.5:45409 viewId="9cb54c…498d9f"
        INFO [09-23|12:05:34.508] handleNewViewMsg got new view message    from=127.0.0.6:41735 viewId="9cb54c…498d9f"
        INFO [09-23|12:05:34.929] HOTSTUFF PREPARE QC BROADCAST            number=221 viewID="9cb54c…498d9f" votes=5 threshold=5
        INFO [09-23|12:05:34.946] HOTSTUFF PREPARE QC VERIFIED             number=221 viewID="9cb54c…498d9f" from=127.0.0.5:45409 maskBytes=1
        WARN [09-23|12:05:35.089] GetBlockByNumer                          number=449
        WARN [09-23|12:05:35.276] GetBlockByNumer                          number=450
        INFO [09-23|12:05:36.076] HOTSTUFF PREPARE QC VERIFIED             number=222 viewID="6f87a3…c93c60" from=127.0.0.6:41735 maskBytes=1
        WARN [09-23|12:05:37.926] GetBlockByNumer                          number=451
        WARN [09-23|12:05:38.542] GetBlockByNumer                          number=452
        INFO [09-23|12:05:39.541] HOTSTUFF PREPARE QC VERIFIED             number=223 viewID="cbd831…6ca850" from=127.0.0.7:40923 maskBytes=1
        WARN [09-23|12:05:41.773] GetBlockByNumer                          number=452
        WARN [09-23|12:05:41.856] GetBlockByNumer                          number=453
        WARN [09-23|12:05:41.869] GetBlockByNumer                          number=453
        WARN [09-23|12:05:41.934] GetBlockByNumer                          number=454
        WARN [09-23|12:05:42.993] GetBlockByNumer                          number=455
        INFO [09-23|12:05:43.590] HOTSTUFF PREPARE QC VERIFIED             number=225 viewID="f1a40c…350891" from=127.0.0.2:44067 maskBytes=1
        WARN [09-23|12:05:44.957] GetBlockByNumer                          number=456
        INFO [09-23|12:05:45.134] HOTSTUFF PREPARE QC VERIFIED             number=226 viewID="42221f…42775e" from=127.0.0.3:42465 maskBytes=1
        WARN [09-23|12:05:45.824] GetBlockByNumer                          number=457
        WARN [09-23|12:05:45.863] GetBlockByNumer                          number=458
        INFO [09-23|12:05:46.284] HOTSTUFF PREPARE QC VERIFIED             number=227 viewID="85fe58…671776" from=127.0.0.4:39883 maskBytes=1
        INFO [09-23|12:05:46.291] handleNewViewMsg got new view message    from=127.0.0.8:45051 viewId="9ac8f0…db916b"
        INFO [09-23|12:05:46.306] handleNewViewMsg got new view message    from=127.0.0.6:41735 viewId="9ac8f0…db916b"
        INFO [09-23|12:05:46.362] handleNewViewMsg got new view message    from=127.0.0.7:40923 viewId="9ac8f0…db916b"
        INFO [09-23|12:05:46.373] handleNewViewMsg got new view message    from=127.0.0.2:44067 viewId="9ac8f0…db916b"
        INFO [09-23|12:05:46.384] handleNewViewMsg got new view message    from=127.0.0.3:42465 viewId="9ac8f0…db916b"
        INFO [09-23|12:05:46.433] handleNewViewMsg got new view message    from=127.0.0.5:45409 viewId="9ac8f0…db916b"
        WARN [09-23|12:05:46.520] GetBlockByNumer                          number=459
        INFO [09-23|12:05:46.574] handleNewViewMsg got new view message    from=127.0.0.4:39883 viewId="9ac8f0…db916b"
        INFO [09-23|12:05:47.388] HOTSTUFF PREPARE QC BROADCAST            number=228 viewID="9ac8f0…db916b" votes=5 threshold=5
        INFO [09-23|12:05:47.404] HOTSTUFF PREPARE QC VERIFIED             number=228 viewID="9ac8f0…db916b" from=127.0.0.5:45409 maskBytes=1
        INFO [09-23|12:05:48.511] HOTSTUFF PREPARE QC VERIFIED             number=229 viewID="c3975d…997e21" from=127.0.0.6:41735 maskBytes=1
        WARN [09-23|12:05:49.458] GetBlockByNumer                          number=460
        INFO [09-23|12:05:49.802] HOTSTUFF PREPARE QC VERIFIED             number=230 viewID="48c7b2…4e10d1" from=127.0.0.7:40923 maskBytes=1
        WARN [09-23|12:05:50.194] GetBlockByNumer                          number=461
        WARN [09-23|12:05:50.447] GetBlockByNumer                          number=462
        INFO [09-23|12:05:51.032] HOTSTUFF PREPARE QC VERIFIED             number=231 viewID="1f5e34…55aef1" from=127.0.0.8:45051 maskBytes=1
        WARN [09-23|12:05:53.468] GetBlockByNumer                          number=463
        INFO [09-23|12:05:53.848] HOTSTUFF PREPARE QC VERIFIED             number=232 viewID="34c947…924924" from=127.0.0.2:44067 maskBytes=1
        WARN [09-23|12:05:54.214] GetBlockByNumer                          number=463
        WARN [09-23|12:05:54.266] GetBlockByNumer                          number=464
        WARN [09-23|12:05:54.277] GetBlockByNumer                          number=464
        WARN [09-23|12:05:54.319] GetBlockByNumer                          number=465
        INFO [09-23|12:05:55.511] HOTSTUFF PREPARE QC VERIFIED             number=233 viewID="bef3f6…7e8a6c" from=127.0.0.3:42465 maskBytes=1
        WARN [09-23|12:05:55.987] GetBlockByNumer                          number=466
        INFO [09-23|12:05:57.758] HOTSTUFF PREPARE QC VERIFIED             number=234 viewID="aa85f2…93de32" from=127.0.0.4:39883 maskBytes=1
        INFO [09-23|12:05:57.769] handleNewViewMsg got new view message    from=127.0.0.5:45409 viewId="0b0ae2…1d5a25"
        INFO [09-23|12:05:57.791] handleNewViewMsg got new view message    from=127.0.0.3:42465 viewId="0b0ae2…1d5a25"
        INFO [09-23|12:05:57.801] handleNewViewMsg got new view message    from=127.0.0.4:39883 viewId="0b0ae2…1d5a25"
        INFO [09-23|12:05:57.812] handleNewViewMsg got new view message    from=127.0.0.2:44067 viewId="0b0ae2…1d5a25"
        INFO [09-23|12:05:57.831] handleNewViewMsg got new view message    from=127.0.0.7:40923 viewId="0b0ae2…1d5a25"
        INFO [09-23|12:05:58.491] handleNewViewMsg got new view message    from=127.0.0.6:41735 viewId="0b0ae2…1d5a25"
        INFO [09-23|12:05:58.507] handleNewViewMsg got new view message    from=127.0.0.8:45051 viewId="0b0ae2…1d5a25"
        WARN [09-23|12:05:58.710] GetBlockByNumer                          number=467
        WARN [09-23|12:05:59.844] GetBlockByNumer                          number=468
        INFO [09-23|12:06:00.023] HOTSTUFF PREPARE QC BROADCAST            number=235 viewID="0b0ae2…1d5a25" votes=5 threshold=5
        INFO [09-23|12:06:00.079] HOTSTUFF PREPARE QC VERIFIED             number=235 viewID="0b0ae2…1d5a25" from=127.0.0.5:45409 maskBytes=1
        WARN [09-23|12:06:00.802] GetBlockByNumer                          number=469
        WARN [09-23|12:06:01.321] GetBlockByNumer                          number=470
        WARN [09-23|12:06:02.254] GetBlockByNumer                          number=471
        WARN [09-23|12:06:03.697] GetBlockByNumer                          number=472
        INFO [09-23|12:06:04.189] HOTSTUFF PREPARE QC VERIFIED             number=236 viewID="7b3cb8…22b838" from=127.0.0.6:41735 maskBytes=1
        WARN [09-23|12:06:04.831] GetBlockByNumer                          number=473
        WARN [09-23|12:06:05.653] GetBlockByNumer                          number=474
        INFO [09-23|12:06:06.207] HOTSTUFF PREPARE QC VERIFIED             number=237 viewID="783bf3…3b9b9c" from=127.0.0.7:40923 maskBytes=1
        WARN [09-23|12:06:07.157] GetBlockByNumer                          number=475
        INFO [09-23|12:06:07.304] HOTSTUFF PREPARE QC VERIFIED             number=238 viewID="8ef457…8bd294" from=127.0.0.8:45051 maskBytes=1
        INFO [09-23|12:06:08.398] HOTSTUFF PREPARE QC VERIFIED             number=239 viewID="113480…b75b01" from=127.0.0.2:44067 maskBytes=1
        WARN [09-23|12:06:08.573] GetBlockByNumer                          number=476
        WARN [09-23|12:06:09.442] GetBlockByNumer                          number=477
        INFO [09-23|12:06:09.600] HOTSTUFF PREPARE QC VERIFIED             number=240 viewID="a84fe2…ee2604" from=127.0.0.3:42465 maskBytes=1
        WARN [09-23|12:06:10.007] GetBlockByNumer                          number=478
        INFO [09-23|12:06:10.473] HOTSTUFF PREPARE QC VERIFIED             number=241 viewID="8a3848…6ddb64" from=127.0.0.4:39883 maskBytes=1
        INFO [09-23|12:06:10.477] handleNewViewMsg got new view message    from=127.0.0.2:44067 viewId="bbd97b…139d2e"
        INFO [09-23|12:06:10.504] handleNewViewMsg got new view message    from=127.0.0.4:39883 viewId="bbd97b…139d2e"
        INFO [09-23|12:06:10.515] handleNewViewMsg got new view message    from=127.0.0.5:45409 viewId="bbd97b…139d2e"
        INFO [09-23|12:06:10.527] handleNewViewMsg got new view message    from=127.0.0.8:45051 viewId="bbd97b…139d2e"
        INFO [09-23|12:06:10.536] handleNewViewMsg got new view message    from=127.0.0.3:42465 viewId="bbd97b…139d2e"
        INFO [09-23|12:06:10.638] handleNewViewMsg got new view message    from=127.0.0.6:41735 viewId="bbd97b…139d2e"
        INFO [09-23|12:06:10.660] handleNewViewMsg got new view message    from=127.0.0.7:40923 viewId="bbd97b…139d2e"
        INFO [09-23|12:06:11.105] HOTSTUFF PREPARE QC BROADCAST            number=242 viewID="bbd97b…139d2e" votes=5 threshold=5
        INFO [09-23|12:06:11.116] HOTSTUFF PREPARE QC VERIFIED             number=242 viewID="bbd97b…139d2e" from=127.0.0.5:45409 maskBytes=1
        INFO [09-23|12:06:11.995] HOTSTUFF PREPARE QC VERIFIED             number=243 viewID="21f4b8…820cf4" from=127.0.0.6:41735 maskBytes=1
        WARN [09-23|12:06:12.531] GetBlockByNumer                          number=479
        WARN [09-23|12:06:12.812] GetBlockByNumer                          number=480
        INFO [09-23|12:06:12.821] HOTSTUFF PREPARE QC VERIFIED             number=244 viewID="424ea1…d7e778" from=127.0.0.7:40923 maskBytes=1
        WARN [09-23|12:06:12.885] GetBlockByNumer                          number=481
    dex_financial_cli_test.go:116: ordinary CLI full log /tmp/dex-normal-cli-failure-2413188560.log
    dex_financial_cli_test.go:121: ordinary Common2: 12:05:14.261] handleNewViewMsg got new view message    from=127.0.0.2:44067 viewId="12d34a…538e60"
        INFO [09-23|12:05:14.330] handleNewViewMsg got new view message    from=127.0.0.6:41735 viewId="12d34a…538e60"
        INFO [09-23|12:05:14.429] handleNewViewMsg got new view message    from=127.0.0.7:40923 viewId="12d34a…538e60"
        INFO [09-23|12:05:14.447] handleNewViewMsg got new view message    from=127.0.0.8:45051 viewId="12d34a…538e60"
        WARN [09-23|12:05:14.457] GetBlockByNumer                          number=433
        WARN [09-23|12:05:15.274] GetBlockByNumer                          number=434
        WARN [09-23|12:05:15.694] GetBlockByNumer                          number=435
        WARN [09-23|12:05:16.545] GetBlockByNumer                          number=436
        WARN [09-23|12:05:20.016] GetBlockByNumer                          number=437
        WARN [09-23|12:05:20.932] GetBlockByNumer                          number=438
        WARN [09-23|12:05:22.211] GetBlockByNumer                          number=439
        WARN [09-23|12:05:22.834] GetBlockByNumer                          number=440
        WARN [09-23|12:05:25.111] GetBlockByNumer                          number=441
        WARN [09-23|12:05:26.231] GetBlockByNumer                          number=442
        WARN [09-23|12:05:29.304] GetBlockByNumer                          number=443
        WARN [09-23|12:05:30.058] GetBlockByNumer                          number=444
        WARN [09-23|12:05:30.233] GetBlockByNumer                          number=445
        WARN [09-23|12:05:31.068] GetBlockByNumer                          number=446
        INFO [09-23|12:05:31.607] HOTSTUFF PREPARE QC VERIFIED             number=218 viewID="38ab1f…9c5079" from=127.0.0.2:44067 maskBytes=1
        WARN [09-23|12:05:32.669] GetBlockByNumer                          number=447
        INFO [09-23|12:05:33.082] HOTSTUFF PREPARE QC VERIFIED             number=219 viewID="d7efa2…2731cf" from=127.0.0.3:42465 maskBytes=1
        INFO [09-23|12:05:33.083] handleNewViewMsg got new view message    from=127.0.0.7:40923 viewId="6fc2aa…d97bc8"
        INFO [09-23|12:05:33.113] handleNewViewMsg got new view message    from=127.0.0.2:44067 viewId="6fc2aa…d97bc8"
        INFO [09-23|12:05:33.123] handleNewViewMsg got new view message    from=127.0.0.5:45409 viewId="6fc2aa…d97bc8"
        INFO [09-23|12:05:33.134] handleNewViewMsg got new view message    from=127.0.0.3:42465 viewId="6fc2aa…d97bc8"
        INFO [09-23|12:05:33.150] handleNewViewMsg got new view message    from=127.0.0.4:39883 viewId="6fc2aa…d97bc8"
        INFO [09-23|12:05:33.333] handleNewViewMsg got new view message    from=127.0.0.8:45051 viewId="6fc2aa…d97bc8"
        INFO [09-23|12:05:33.345] handleNewViewMsg got new view message    from=127.0.0.6:41735 viewId="6fc2aa…d97bc8"
        WARN [09-23|12:05:34.131] GetBlockByNumer                          number=448
        INFO [09-23|12:05:34.166] HOTSTUFF PREPARE QC BROADCAST            number=220 viewID="6fc2aa…d97bc8" votes=5 threshold=5
        INFO [09-23|12:05:34.193] HOTSTUFF PREPARE QC VERIFIED             number=220 viewID="6fc2aa…d97bc8" from=127.0.0.4:39883 maskBytes=1
        INFO [09-23|12:05:35.000] HOTSTUFF PREPARE QC VERIFIED             number=221 viewID="9cb54c…498d9f" from=127.0.0.5:45409 maskBytes=1
        WARN [09-23|12:05:35.041] GetBlockByNumer                          number=449
        WARN [09-23|12:05:35.269] GetBlockByNumer                          number=450
        INFO [09-23|12:05:35.932] HOTSTUFF PREPARE QC VERIFIED             number=222 viewID="6f87a3…c93c60" from=127.0.0.6:41735 maskBytes=1
        WARN [09-23|12:05:37.927] GetBlockByNumer                          number=451
        WARN [09-23|12:05:38.507] GetBlockByNumer                          number=452
        INFO [09-23|12:05:39.499] HOTSTUFF PREPARE QC VERIFIED             number=223 viewID="cbd831…6ca850" from=127.0.0.7:40923 maskBytes=1
        WARN [09-23|12:05:41.250] GetBlockByNumer                          number=453
        WARN [09-23|12:05:41.864] GetBlockByNumer                          number=454
        WARN [09-23|12:05:42.940] GetBlockByNumer                          number=455
        INFO [09-23|12:05:43.613] HOTSTUFF PREPARE QC VERIFIED             number=225 viewID="f1a40c…350891" from=127.0.0.2:44067 maskBytes=1
        WARN [09-23|12:05:45.029] GetBlockByNumer                          number=456
        INFO [09-23|12:05:45.126] HOTSTUFF PREPARE QC VERIFIED             number=226 viewID="42221f…42775e" from=127.0.0.3:42465 maskBytes=1
        INFO [09-23|12:05:45.150] handleNewViewMsg got new view message    from=127.0.0.5:45409 viewId="85fe58…671776"
        INFO [09-23|12:05:45.182] handleNewViewMsg got new view message    from=127.0.0.4:39883 viewId="85fe58…671776"
        INFO [09-23|12:05:45.205] handleNewViewMsg got new view message    from=127.0.0.3:42465 viewId="85fe58…671776"
        INFO [09-23|12:05:45.218] handleNewViewMsg got new view message    from=127.0.0.6:41735 viewId="85fe58…671776"
        INFO [09-23|12:05:45.234] handleNewViewMsg got new view message    from=127.0.0.8:45051 viewId="85fe58…671776"
        INFO [09-23|12:05:45.430] handleNewViewMsg got new view message    from=127.0.0.2:44067 viewId="85fe58…671776"
        INFO [09-23|12:05:45.541] handleNewViewMsg got new view message    from=127.0.0.7:40923 viewId="85fe58…671776"
        WARN [09-23|12:05:45.722] GetBlockByNumer                          number=457
        WARN [09-23|12:05:45.722] GetBlockByNumer                          number=455
        WARN [09-23|12:05:45.773] GetBlockByNumer                          number=457
        WARN [09-23|12:05:45.785] GetBlockByNumer                          number=456
        WARN [09-23|12:05:45.809] GetBlockByNumer                          number=457
        WARN [09-23|12:05:45.852] GetBlockByNumer                          number=458
        WARN [09-23|12:05:45.863] GetBlockByNumer                          number=458
        WARN [09-23|12:05:45.927] GetBlockByNumer                          number=459
        INFO [09-23|12:05:46.208] HOTSTUFF PREPARE QC BROADCAST            number=227 viewID="85fe58…671776" votes=5 threshold=5
        INFO [09-23|12:05:46.226] HOTSTUFF PREPARE QC VERIFIED             number=227 viewID="85fe58…671776" from=127.0.0.4:39883 maskBytes=1
        INFO [09-23|12:05:47.515] HOTSTUFF PREPARE QC VERIFIED             number=228 viewID="9ac8f0…db916b" from=127.0.0.5:45409 maskBytes=1
        INFO [09-23|12:05:48.499] HOTSTUFF PREPARE QC VERIFIED             number=229 viewID="c3975d…997e21" from=127.0.0.6:41735 maskBytes=1
        WARN [09-23|12:05:49.549] GetBlockByNumer                          number=460
        INFO [09-23|12:05:49.772] HOTSTUFF PREPARE QC VERIFIED             number=230 viewID="48c7b2…4e10d1" from=127.0.0.7:40923 maskBytes=1
        WARN [09-23|12:05:50.051] GetBlockByNumer                          number=461
        WARN [09-23|12:05:50.644] GetBlockByNumer                          number=462
        INFO [09-23|12:05:51.024] HOTSTUFF PREPARE QC VERIFIED             number=231 viewID="1f5e34…55aef1" from=127.0.0.8:45051 maskBytes=1
        WARN [09-23|12:05:53.308] GetBlockByNumer                          number=462
        WARN [09-23|12:05:53.467] GetBlockByNumer                          number=463
        WARN [09-23|12:05:53.493] GetBlockByNumer                          number=463
        WARN [09-23|12:05:53.588] GetBlockByNumer                          number=464
        INFO [09-23|12:05:53.851] HOTSTUFF PREPARE QC VERIFIED             number=232 viewID="34c947…924924" from=127.0.0.2:44067 maskBytes=1
        WARN [09-23|12:05:54.297] GetBlockByNumer                          number=465
        INFO [09-23|12:05:55.563] HOTSTUFF PREPARE QC VERIFIED             number=233 viewID="bef3f6…7e8a6c" from=127.0.0.3:42465 maskBytes=1
        INFO [09-23|12:05:55.592] handleNewViewMsg got new view message    from=127.0.0.3:42465 viewId="aa85f2…93de32"
        INFO [09-23|12:05:55.605] handleNewViewMsg got new view message    from=127.0.0.4:39883 viewId="aa85f2…93de32"
        INFO [09-23|12:05:55.755] handleNewViewMsg got new view message    from=127.0.0.2:44067 viewId="aa85f2…93de32"
        INFO [09-23|12:05:55.878] handleNewViewMsg got new view message    from=127.0.0.8:45051 viewId="aa85f2…93de32"
        INFO [09-23|12:05:55.900] handleNewViewMsg got new view message    from=127.0.0.7:40923 viewId="aa85f2…93de32"
        WARN [09-23|12:05:55.908] GetBlockByNumer                          number=466
        INFO [09-23|12:05:56.053] handleNewViewMsg got new view message    from=127.0.0.5:45409 viewId="aa85f2…93de32"
        INFO [09-23|12:05:56.066] handleNewViewMsg got new view message    from=127.0.0.6:41735 viewId="aa85f2…93de32"
        INFO [09-23|12:05:57.649] HOTSTUFF PREPARE QC BROADCAST            number=234 viewID="aa85f2…93de32" votes=5 threshold=5
        INFO [09-23|12:05:57.729] HOTSTUFF PREPARE QC VERIFIED             number=234 viewID="aa85f2…93de32" from=127.0.0.4:39883 maskBytes=1
        WARN [09-23|12:05:58.592] GetBlockByNumer                          number=467
        WARN [09-23|12:05:59.964] GetBlockByNumer                          number=468
        INFO [09-23|12:06:00.358] HOTSTUFF PREPARE QC VERIFIED             number=235 viewID="0b0ae2…1d5a25" from=127.0.0.5:45409 maskBytes=1
        WARN [09-23|12:06:00.745] GetBlockByNumer                          number=469
        WARN [09-23|12:06:01.285] GetBlockByNumer                          number=470
        WARN [09-23|12:06:02.891] GetBlockByNumer                          number=471
        WARN [09-23|12:06:03.736] GetBlockByNumer                          number=472
        INFO [09-23|12:06:04.195] HOTSTUFF PREPARE QC VERIFIED             number=236 viewID="7b3cb8…22b838" from=127.0.0.6:41735 maskBytes=1
        WARN [09-23|12:06:04.284] GetBlockByNumer                          number=473
        WARN [09-23|12:06:05.753] GetBlockByNumer                          number=474
        INFO [09-23|12:06:06.207] HOTSTUFF PREPARE QC VERIFIED             number=237 viewID="783bf3…3b9b9c" from=127.0.0.7:40923 maskBytes=1
        INFO [09-23|12:06:07.293] HOTSTUFF PREPARE QC VERIFIED             number=238 viewID="8ef457…8bd294" from=127.0.0.8:45051 maskBytes=1
        WARN [09-23|12:06:07.829] GetBlockByNumer                          number=475
        INFO [09-23|12:06:08.328] HOTSTUFF PREPARE QC VERIFIED             number=239 viewID="113480…b75b01" from=127.0.0.2:44067 maskBytes=1
        WARN [09-23|12:06:08.592] GetBlockByNumer                          number=476
        WARN [09-23|12:06:09.454] GetBlockByNumer                          number=477
        INFO [09-23|12:06:09.619] HOTSTUFF PREPARE QC VERIFIED             number=240 viewID="a84fe2…ee2604" from=127.0.0.3:42465 maskBytes=1
        INFO [09-23|12:06:09.622] handleNewViewMsg got new view message    from=127.0.0.2:44067 viewId="8a3848…6ddb64"
        INFO [09-23|12:06:09.631] handleNewViewMsg got new view message    from=127.0.0.8:45051 viewId="8a3848…6ddb64"
        INFO [09-23|12:06:09.643] handleNewViewMsg got new view message    from=127.0.0.6:41735 viewId="8a3848…6ddb64"
        INFO [09-23|12:06:09.654] handleNewViewMsg got new view message    from=127.0.0.5:45409 viewId="8a3848…6ddb64"
        INFO [09-23|12:06:09.674] handleNewViewMsg got new view message    from=127.0.0.7:40923 viewId="8a3848…6ddb64"
        INFO [09-23|12:06:09.782] handleNewViewMsg got new view message    from=127.0.0.4:39883 viewId="8a3848…6ddb64"
        INFO [09-23|12:06:09.795] handleNewViewMsg got new view message    from=127.0.0.3:42465 viewId="8a3848…6ddb64"
        WARN [09-23|12:06:10.015] GetBlockByNumer                          number=478
        INFO [09-23|12:06:10.364] HOTSTUFF PREPARE QC BROADCAST            number=241 viewID="8a3848…6ddb64" votes=5 threshold=5
        INFO [09-23|12:06:10.439] HOTSTUFF PREPARE QC VERIFIED             number=241 viewID="8a3848…6ddb64" from=127.0.0.4:39883 maskBytes=1
        INFO [09-23|12:06:11.168] HOTSTUFF PREPARE QC VERIFIED             number=242 viewID="bbd97b…139d2e" from=127.0.0.5:45409 maskBytes=1
        INFO [09-23|12:06:11.986] HOTSTUFF PREPARE QC VERIFIED             number=243 viewID="21f4b8…820cf4" from=127.0.0.6:41735 maskBytes=1
        WARN [09-23|12:06:12.503] GetBlockByNumer                          number=479
        WARN [09-23|12:06:12.783] GetBlockByNumer                          number=480
        INFO [09-23|12:06:12.810] HOTSTUFF PREPARE QC VERIFIED             number=244 viewID="424ea1…d7e778" from=127.0.0.7:40923 maskBytes=1
        WARN [09-23|12:06:13.529] GetBlockByNumer                          number=481
    dex_financial_cli_test.go:116: ordinary CLI full log /tmp/dex-normal-cli-failure-903788086.log
    dex_financial_cli_test.go:121: ordinary Common1: 12:05:10.962] handleNewViewMsg got new view message    from=127.0.0.3:42465 viewId="af85fa…2abf8f"
        INFO [09-23|12:05:10.979] handleNewViewMsg got new view message    from=127.0.0.5:45409 viewId="af85fa…2abf8f"
        INFO [09-23|12:05:11.063] handleNewViewMsg got new view message    from=127.0.0.4:39883 viewId="af85fa…2abf8f"
        INFO [09-23|12:05:11.078] handleNewViewMsg got new view message    from=127.0.0.8:45051 viewId="af85fa…2abf8f"
        WARN [09-23|12:05:14.465] GetBlockByNumer                          number=433
        WARN [09-23|12:05:15.353] GetBlockByNumer                          number=434
        WARN [09-23|12:05:15.822] GetBlockByNumer                          number=435
        WARN [09-23|12:05:16.691] GetBlockByNumer                          number=436
        WARN [09-23|12:05:19.486] GetBlockByNumer                          number=437
        WARN [09-23|12:05:20.232] GetBlockByNumer                          number=438
        WARN [09-23|12:05:22.204] GetBlockByNumer                          number=439
        WARN [09-23|12:05:22.839] GetBlockByNumer                          number=440
        WARN [09-23|12:05:25.079] GetBlockByNumer                          number=441
        WARN [09-23|12:05:26.253] GetBlockByNumer                          number=442
        WARN [09-23|12:05:29.322] GetBlockByNumer                          number=443
        WARN [09-23|12:05:29.554] GetBlockByNumer                          number=443
        WARN [09-23|12:05:29.682] GetBlockByNumer                          number=444
        WARN [09-23|12:05:29.899] GetBlockByNumer                          number=445
        WARN [09-23|12:05:31.038] GetBlockByNumer                          number=446
        INFO [09-23|12:05:31.628] HOTSTUFF PREPARE QC VERIFIED             number=218 viewID="38ab1f…9c5079" from=127.0.0.2:44067 maskBytes=1
        INFO [09-23|12:05:31.629] handleNewViewMsg got new view message    from=127.0.0.6:41735 viewId="d7efa2…2731cf"
        INFO [09-23|12:05:31.654] handleNewViewMsg got new view message    from=127.0.0.5:45409 viewId="d7efa2…2731cf"
        INFO [09-23|12:05:31.678] handleNewViewMsg got new view message    from=127.0.0.4:39883 viewId="d7efa2…2731cf"
        INFO [09-23|12:05:31.729] handleNewViewMsg got new view message    from=127.0.0.8:45051 viewId="d7efa2…2731cf"
        INFO [09-23|12:05:31.747] handleNewViewMsg got new view message    from=127.0.0.2:44067 viewId="d7efa2…2731cf"
        INFO [09-23|12:05:31.926] handleNewViewMsg got new view message    from=127.0.0.7:40923 viewId="d7efa2…2731cf"
        INFO [09-23|12:05:31.936] handleNewViewMsg got new view message    from=127.0.0.3:42465 viewId="d7efa2…2731cf"
        WARN [09-23|12:05:32.664] GetBlockByNumer                          number=447
        INFO [09-23|12:05:32.927] HOTSTUFF PREPARE QC BROADCAST            number=219 viewID="d7efa2…2731cf" votes=5 threshold=5
        INFO [09-23|12:05:32.953] HOTSTUFF PREPARE QC VERIFIED             number=219 viewID="d7efa2…2731cf" from=127.0.0.3:42465 maskBytes=1
        WARN [09-23|12:05:34.137] GetBlockByNumer                          number=448
        INFO [09-23|12:05:34.249] HOTSTUFF PREPARE QC VERIFIED             number=220 viewID="6fc2aa…d97bc8" from=127.0.0.4:39883 maskBytes=1
        WARN [09-23|12:05:34.414] GetBlockByNumer                          number=449
        WARN [09-23|12:05:34.597] GetBlockByNumer                          number=450
        INFO [09-23|12:05:35.048] HOTSTUFF PREPARE QC VERIFIED             number=221 viewID="9cb54c…498d9f" from=127.0.0.5:45409 maskBytes=1
        INFO [09-23|12:05:36.201] HOTSTUFF PREPARE QC VERIFIED             number=222 viewID="6f87a3…c93c60" from=127.0.0.6:41735 maskBytes=1
        WARN [09-23|12:05:37.237] GetBlockByNumer                          number=451
        WARN [09-23|12:05:38.534] GetBlockByNumer                          number=452
        INFO [09-23|12:05:39.551] HOTSTUFF PREPARE QC VERIFIED             number=223 viewID="cbd831…6ca850" from=127.0.0.7:40923 maskBytes=1
        WARN [09-23|12:05:41.252] GetBlockByNumer                          number=453
        WARN [09-23|12:05:42.493] GetBlockByNumer                          number=454
        WARN [09-23|12:05:42.933] GetBlockByNumer                          number=455
        INFO [09-23|12:05:43.584] HOTSTUFF PREPARE QC VERIFIED             number=225 viewID="f1a40c…350891" from=127.0.0.2:44067 maskBytes=1
        INFO [09-23|12:05:43.586] handleNewViewMsg got new view message    from=127.0.0.8:45051 viewId="42221f…42775e"
        INFO [09-23|12:05:43.598] handleNewViewMsg got new view message    from=127.0.0.3:42465 viewId="42221f…42775e"
        INFO [09-23|12:05:43.610] handleNewViewMsg got new view message    from=127.0.0.2:44067 viewId="42221f…42775e"
        INFO [09-23|12:05:43.620] handleNewViewMsg got new view message    from=127.0.0.5:45409 viewId="42221f…42775e"
        INFO [09-23|12:05:43.631] handleNewViewMsg got new view message    from=127.0.0.6:41735 viewId="42221f…42775e"
        INFO [09-23|12:05:43.976] handleNewViewMsg got new view message    from=127.0.0.7:40923 viewId="42221f…42775e"
        INFO [09-23|12:05:43.987] handleNewViewMsg got new view message    from=127.0.0.4:39883 viewId="42221f…42775e"
        INFO [09-23|12:05:44.887] HOTSTUFF PREPARE QC BROADCAST            number=226 viewID="42221f…42775e" votes=5 threshold=5
        INFO [09-23|12:05:44.992] HOTSTUFF PREPARE QC VERIFIED             number=226 viewID="42221f…42775e" from=127.0.0.3:42465 maskBytes=1
        WARN [09-23|12:05:45.026] GetBlockByNumer                          number=456
        WARN [09-23|12:05:45.731] GetBlockByNumer                          number=457
        WARN [09-23|12:05:45.731] GetBlockByNumer                          number=455
        WARN [09-23|12:05:45.825] GetBlockByNumer                          number=457
        WARN [09-23|12:05:45.879] GetBlockByNumer                          number=458
        WARN [09-23|12:05:45.889] GetBlockByNumer                          number=456
        WARN [09-23|12:05:45.946] GetBlockByNumer                          number=459
        WARN [09-23|12:05:45.956] GetBlockByNumer                          number=457
        WARN [09-23|12:05:45.963] GetBlockByNumer                          number=458
        INFO [09-23|12:05:46.278] HOTSTUFF PREPARE QC VERIFIED             number=227 viewID="85fe58…671776" from=127.0.0.4:39883 maskBytes=1
        INFO [09-23|12:05:47.522] HOTSTUFF PREPARE QC VERIFIED             number=228 viewID="9ac8f0…db916b" from=127.0.0.5:45409 maskBytes=1
        INFO [09-23|12:05:48.517] HOTSTUFF PREPARE QC VERIFIED             number=229 viewID="c3975d…997e21" from=127.0.0.6:41735 maskBytes=1
        WARN [09-23|12:05:49.557] GetBlockByNumer                          number=460
        WARN [09-23|12:05:49.623] GetBlockByNumer                          number=460
        WARN [09-23|12:05:49.722] GetBlockByNumer                          number=461
        INFO [09-23|12:05:49.879] HOTSTUFF PREPARE QC VERIFIED             number=230 viewID="48c7b2…4e10d1" from=127.0.0.7:40923 maskBytes=1
        WARN [09-23|12:05:49.910] GetBlockByNumer                          number=462
        INFO [09-23|12:05:51.036] HOTSTUFF PREPARE QC VERIFIED             number=231 viewID="1f5e34…55aef1" from=127.0.0.8:45051 maskBytes=1
        WARN [09-23|12:05:52.782] GetBlockByNumer                          number=463
        WARN [09-23|12:05:53.452] GetBlockByNumer                          number=464
        INFO [09-23|12:05:53.893] HOTSTUFF PREPARE QC VERIFIED             number=232 viewID="34c947…924924" from=127.0.0.2:44067 maskBytes=1
        INFO [09-23|12:05:53.920] handleNewViewMsg got new view message    from=127.0.0.4:39883 viewId="bef3f6…7e8a6c"
        INFO [09-23|12:05:53.966] handleNewViewMsg got new view message    from=127.0.0.5:45409 viewId="bef3f6…7e8a6c"
        INFO [09-23|12:05:53.979] handleNewViewMsg got new view message    from=127.0.0.7:40923 viewId="bef3f6…7e8a6c"
        INFO [09-23|12:05:53.993] handleNewViewMsg got new view message    from=127.0.0.6:41735 viewId="bef3f6…7e8a6c"
        INFO [09-23|12:05:54.016] handleNewViewMsg got new view message    from=127.0.0.2:44067 viewId="bef3f6…7e8a6c"
        INFO [09-23|12:05:54.153] handleNewViewMsg got new view message    from=127.0.0.3:42465 viewId="bef3f6…7e8a6c"
        INFO [09-23|12:05:54.169] handleNewViewMsg got new view message    from=127.0.0.8:45051 viewId="bef3f6…7e8a6c"
        WARN [09-23|12:05:55.016] GetBlockByNumer                          number=465
        WARN [09-23|12:05:55.214] GetBlockByNumer                          number=466
        INFO [09-23|12:05:55.224] HOTSTUFF PREPARE QC BROADCAST            number=233 viewID="bef3f6…7e8a6c" votes=5 threshold=5
        INFO [09-23|12:05:55.262] HOTSTUFF PREPARE QC VERIFIED             number=233 viewID="bef3f6…7e8a6c" from=127.0.0.3:42465 maskBytes=1
        INFO [09-23|12:05:57.757] HOTSTUFF PREPARE QC VERIFIED             number=234 viewID="aa85f2…93de32" from=127.0.0.4:39883 maskBytes=1
        WARN [09-23|12:05:58.638] GetBlockByNumer                          number=467
        WARN [09-23|12:05:59.123] GetBlockByNumer                          number=468
        WARN [09-23|12:06:00.133] GetBlockByNumer                          number=469
        INFO [09-23|12:06:00.302] HOTSTUFF PREPARE QC VERIFIED             number=235 viewID="0b0ae2…1d5a25" from=127.0.0.5:45409 maskBytes=1
        WARN [09-23|12:06:00.589] GetBlockByNumer                          number=470
        WARN [09-23|12:06:02.855] GetBlockByNumer                          number=471
        WARN [09-23|12:06:03.306] GetBlockByNumer                          number=472
        INFO [09-23|12:06:04.218] HOTSTUFF PREPARE QC VERIFIED             number=236 viewID="7b3cb8…22b838" from=127.0.0.6:41735 maskBytes=1
        WARN [09-23|12:06:04.275] GetBlockByNumer                          number=473
        WARN [09-23|12:06:04.814] GetBlockByNumer                          number=474
        INFO [09-23|12:06:06.301] HOTSTUFF PREPARE QC VERIFIED             number=237 viewID="783bf3…3b9b9c" from=127.0.0.7:40923 maskBytes=1
        INFO [09-23|12:06:07.343] HOTSTUFF PREPARE QC VERIFIED             number=238 viewID="8ef457…8bd294" from=127.0.0.8:45051 maskBytes=1
        WARN [09-23|12:06:07.760] GetBlockByNumer                          number=475
        INFO [09-23|12:06:08.400] HOTSTUFF PREPARE QC VERIFIED             number=239 viewID="113480…b75b01" from=127.0.0.2:44067 maskBytes=1
        INFO [09-23|12:06:08.400] handleNewViewMsg got new view message    from=127.0.0.6:41735 viewId="a84fe2…ee2604"
        INFO [09-23|12:06:08.448] handleNewViewMsg got new view message    from=127.0.0.4:39883 viewId="a84fe2…ee2604"
        INFO [09-23|12:06:08.459] handleNewViewMsg got new view message    from=127.0.0.5:45409 viewId="a84fe2…ee2604"
        INFO [09-23|12:06:08.473] handleNewViewMsg got new view message    from=127.0.0.2:44067 viewId="a84fe2…ee2604"
        INFO [09-23|12:06:08.493] handleNewViewMsg got new view message    from=127.0.0.3:42465 viewId="a84fe2…ee2604"
        WARN [09-23|12:06:08.649] GetBlockByNumer                          number=476
        INFO [09-23|12:06:08.687] handleNewViewMsg got new view message    from=127.0.0.7:40923 viewId="a84fe2…ee2604"
        INFO [09-23|12:06:08.697] handleNewViewMsg got new view message    from=127.0.0.8:45051 viewId="a84fe2…ee2604"
        WARN [09-23|12:06:09.467] GetBlockByNumer                          number=477
        INFO [09-23|12:06:09.527] HOTSTUFF PREPARE QC BROADCAST            number=240 viewID="a84fe2…ee2604" votes=5 threshold=5
        INFO [09-23|12:06:09.545] HOTSTUFF PREPARE QC VERIFIED             number=240 viewID="a84fe2…ee2604" from=127.0.0.3:42465 maskBytes=1
        WARN [09-23|12:06:10.026] GetBlockByNumer                          number=478
        INFO [09-23|12:06:10.496] HOTSTUFF PREPARE QC VERIFIED             number=241 viewID="8a3848…6ddb64" from=127.0.0.4:39883 maskBytes=1
        INFO [09-23|12:06:11.200] HOTSTUFF PREPARE QC VERIFIED             number=242 viewID="bbd97b…139d2e" from=127.0.0.5:45409 maskBytes=1
        INFO [09-23|12:06:12.086] HOTSTUFF PREPARE QC VERIFIED             number=243 viewID="21f4b8…820cf4" from=127.0.0.6:41735 maskBytes=1
        WARN [09-23|12:06:12.525] GetBlockByNumer                          number=479
        WARN [09-23|12:06:12.816] GetBlockByNumer                          number=480
        INFO [09-23|12:06:12.817] HOTSTUFF PREPARE QC VERIFIED             number=244 viewID="424ea1…d7e778" from=127.0.0.7:40923 maskBytes=1
        WARN [09-23|12:06:13.474] GetBlockByNumer                          number=481
    dex_financial_cli_test.go:116: ordinary CLI full log /tmp/dex-normal-cli-failure-1695906466.log
    dex_financial_cli_test.go:121: ordinary Common0: tBlockByNumer                          number=431
        WARN [09-23|12:05:10.944] GetBlockByNumer                          number=432
        WARN [09-23|12:05:13.852] GetBlockByNumer                          number=433
        WARN [09-23|12:05:15.272] GetBlockByNumer                          number=434
        WARN [09-23|12:05:15.721] GetBlockByNumer                          number=435
        WARN [09-23|12:05:16.602] GetBlockByNumer                          number=436
        WARN [09-23|12:05:19.410] GetBlockByNumer                          number=437
        WARN [09-23|12:05:20.069] GetBlockByNumer                          number=438
        WARN [09-23|12:05:22.229] GetBlockByNumer                          number=439
        WARN [09-23|12:05:22.832] GetBlockByNumer                          number=440
        WARN [09-23|12:05:25.689] GetBlockByNumer                          number=441
        WARN [09-23|12:05:26.245] GetBlockByNumer                          number=442
        WARN [09-23|12:05:28.596] GetBlockByNumer                          number=443
        WARN [09-23|12:05:29.568] GetBlockByNumer                          number=443
        WARN [09-23|12:05:29.773] GetBlockByNumer                          number=444
        WARN [09-23|12:05:29.820] GetBlockByNumer                          number=445
        WARN [09-23|12:05:29.845] GetBlockByNumer                          number=445
        INFO [09-23|12:05:30.550] handleNewViewMsg got new view message    from=127.0.0.7:40923 viewId="38ab1f…9c5079"
        INFO [09-23|12:05:30.568] handleNewViewMsg got new view message    from=127.0.0.3:42465 viewId="38ab1f…9c5079"
        INFO [09-23|12:05:30.591] handleNewViewMsg got new view message    from=127.0.0.6:41735 viewId="38ab1f…9c5079"
        INFO [09-23|12:05:30.612] handleNewViewMsg got new view message    from=127.0.0.4:39883 viewId="38ab1f…9c5079"
        INFO [09-23|12:05:30.635] handleNewViewMsg got new view message    from=127.0.0.5:45409 viewId="38ab1f…9c5079"
        INFO [09-23|12:05:30.715] handleNewViewMsg got new view message    from=127.0.0.8:45051 viewId="38ab1f…9c5079"
        INFO [09-23|12:05:30.731] handleNewViewMsg got new view message    from=127.0.0.2:44067 viewId="38ab1f…9c5079"
        WARN [09-23|12:05:31.143] GetBlockByNumer                          number=446
        INFO [09-23|12:05:31.512] HOTSTUFF PREPARE QC BROADCAST            number=218 viewID="38ab1f…9c5079" votes=5 threshold=5
        INFO [09-23|12:05:31.566] HOTSTUFF PREPARE QC VERIFIED             number=218 viewID="38ab1f…9c5079" from=127.0.0.2:44067 maskBytes=1
        INFO [09-23|12:05:33.013] HOTSTUFF PREPARE QC VERIFIED             number=219 viewID="d7efa2…2731cf" from=127.0.0.3:42465 maskBytes=1
        WARN [09-23|12:05:33.385] GetBlockByNumer                          number=447
        WARN [09-23|12:05:34.168] GetBlockByNumer                          number=448
        INFO [09-23|12:05:34.248] HOTSTUFF PREPARE QC VERIFIED             number=220 viewID="6fc2aa…d97bc8" from=127.0.0.4:39883 maskBytes=1
        WARN [09-23|12:05:34.402] GetBlockByNumer                          number=449
        WARN [09-23|12:05:34.579] GetBlockByNumer                          number=450
        INFO [09-23|12:05:35.020] HOTSTUFF PREPARE QC VERIFIED             number=221 viewID="9cb54c…498d9f" from=127.0.0.5:45409 maskBytes=1
        INFO [09-23|12:05:36.075] HOTSTUFF PREPARE QC VERIFIED             number=222 viewID="6f87a3…c93c60" from=127.0.0.6:41735 maskBytes=1
        WARN [09-23|12:05:37.251] GetBlockByNumer                          number=451
        WARN [09-23|12:05:38.478] GetBlockByNumer                          number=452
        INFO [09-23|12:05:39.520] HOTSTUFF PREPARE QC VERIFIED             number=223 viewID="cbd831…6ca850" from=127.0.0.7:40923 maskBytes=1
        WARN [09-23|12:05:41.858] GetBlockByNumer                          number=453
        WARN [09-23|12:05:42.149] GetBlockByNumer                          number=453
        WARN [09-23|12:05:42.263] GetBlockByNumer                          number=454
        WARN [09-23|12:05:42.382] GetBlockByNumer                          number=455
        INFO [09-23|12:05:42.618] handleNewViewMsg got new view message    from=127.0.0.6:41735 viewId="f1a40c…350891"
        INFO [09-23|12:05:42.635] handleNewViewMsg got new view message    from=127.0.0.2:44067 viewId="f1a40c…350891"
        INFO [09-23|12:05:42.653] handleNewViewMsg got new view message    from=127.0.0.3:42465 viewId="f1a40c…350891"
        INFO [09-23|12:05:42.675] handleNewViewMsg got new view message    from=127.0.0.5:45409 viewId="f1a40c…350891"
        INFO [09-23|12:05:42.718] handleNewViewMsg got new view message    from=127.0.0.8:45051 viewId="f1a40c…350891"
        INFO [09-23|12:05:43.192] handleNewViewMsg got new view message    from=127.0.0.7:40923 viewId="f1a40c…350891"
        INFO [09-23|12:05:43.230] handleNewViewMsg got new view message    from=127.0.0.4:39883 viewId="f1a40c…350891"
        INFO [09-23|12:05:43.529] HOTSTUFF PREPARE QC BROADCAST            number=225 viewID="f1a40c…350891" votes=5 threshold=5
        INFO [09-23|12:05:43.556] HOTSTUFF PREPARE QC VERIFIED             number=225 viewID="f1a40c…350891" from=127.0.0.2:44067 maskBytes=1
        WARN [09-23|12:05:44.871] GetBlockByNumer                          number=455
        WARN [09-23|12:05:44.956] GetBlockByNumer                          number=456
        WARN [09-23|12:05:44.972] GetBlockByNumer                          number=456
        WARN [09-23|12:05:45.091] GetBlockByNumer                          number=457
        INFO [09-23|12:05:45.202] HOTSTUFF PREPARE QC VERIFIED             number=226 viewID="42221f…42775e" from=127.0.0.3:42465 maskBytes=1
        WARN [09-23|12:05:45.859] GetBlockByNumer                          number=458
        INFO [09-23|12:05:46.266] HOTSTUFF PREPARE QC VERIFIED             number=227 viewID="85fe58…671776" from=127.0.0.4:39883 maskBytes=1
        WARN [09-23|12:05:46.522] GetBlockByNumer                          number=459
        INFO [09-23|12:05:47.492] HOTSTUFF PREPARE QC VERIFIED             number=228 viewID="9ac8f0…db916b" from=127.0.0.5:45409 maskBytes=1
        INFO [09-23|12:05:48.507] HOTSTUFF PREPARE QC VERIFIED             number=229 viewID="c3975d…997e21" from=127.0.0.6:41735 maskBytes=1
        WARN [09-23|12:05:49.482] GetBlockByNumer                          number=460
        WARN [09-23|12:05:49.621] GetBlockByNumer                          number=460
        WARN [09-23|12:05:49.822] GetBlockByNumer                          number=461
        INFO [09-23|12:05:50.019] HOTSTUFF PREPARE QC VERIFIED             number=230 viewID="48c7b2…4e10d1" from=127.0.0.7:40923 maskBytes=1
        WARN [09-23|12:05:50.086] GetBlockByNumer                          number=462
        INFO [09-23|12:05:51.029] HOTSTUFF PREPARE QC VERIFIED             number=231 viewID="1f5e34…55aef1" from=127.0.0.8:45051 maskBytes=1
        INFO [09-23|12:05:51.030] handleNewViewMsg got new view message    from=127.0.0.7:40923 viewId="34c947…924924"
        INFO [09-23|12:05:51.050] handleNewViewMsg got new view message    from=127.0.0.6:41735 viewId="34c947…924924"
        INFO [09-23|12:05:51.062] handleNewViewMsg got new view message    from=127.0.0.4:39883 viewId="34c947…924924"
        INFO [09-23|12:05:51.079] handleNewViewMsg got new view message    from=127.0.0.8:45051 viewId="34c947…924924"
        INFO [09-23|12:05:51.091] handleNewViewMsg got new view message    from=127.0.0.5:45409 viewId="34c947…924924"
        INFO [09-23|12:05:51.236] handleNewViewMsg got new view message    from=127.0.0.3:42465 viewId="34c947…924924"
        INFO [09-23|12:05:51.251] handleNewViewMsg got new view message    from=127.0.0.2:44067 viewId="34c947…924924"
        WARN [09-23|12:05:52.830] GetBlockByNumer                          number=463
        INFO [09-23|12:05:53.770] HOTSTUFF PREPARE QC BROADCAST            number=232 viewID="34c947…924924" votes=5 threshold=5
        INFO [09-23|12:05:53.816] HOTSTUFF PREPARE QC VERIFIED             number=232 viewID="34c947…924924" from=127.0.0.2:44067 maskBytes=1
        WARN [09-23|12:05:54.253] GetBlockByNumer                          number=464
        WARN [09-23|12:05:54.998] GetBlockByNumer                          number=465
        WARN [09-23|12:05:55.226] GetBlockByNumer                          number=466
        INFO [09-23|12:05:55.624] HOTSTUFF PREPARE QC VERIFIED             number=233 viewID="bef3f6…7e8a6c" from=127.0.0.3:42465 maskBytes=1
        INFO [09-23|12:05:57.800] HOTSTUFF PREPARE QC VERIFIED             number=234 viewID="aa85f2…93de32" from=127.0.0.4:39883 maskBytes=1
        WARN [09-23|12:05:58.669] GetBlockByNumer                          number=467
        WARN [09-23|12:05:59.105] GetBlockByNumer                          number=468
        WARN [09-23|12:06:00.175] GetBlockByNumer                          number=469
        INFO [09-23|12:06:00.177] HOTSTUFF PREPARE QC VERIFIED             number=235 viewID="0b0ae2…1d5a25" from=127.0.0.5:45409 maskBytes=1
        WARN [09-23|12:06:00.600] GetBlockByNumer                          number=470
        WARN [09-23|12:06:02.488] GetBlockByNumer                          number=470
        WARN [09-23|12:06:02.579] GetBlockByNumer                          number=471
        WARN [09-23|12:06:02.975] GetBlockByNumer                          number=472
        INFO [09-23|12:06:04.192] HOTSTUFF PREPARE QC VERIFIED             number=236 viewID="7b3cb8…22b838" from=127.0.0.6:41735 maskBytes=1
        WARN [09-23|12:06:04.771] GetBlockByNumer                          number=472
        WARN [09-23|12:06:04.834] GetBlockByNumer                          number=473
        WARN [09-23|12:06:04.858] GetBlockByNumer                          number=473
        WARN [09-23|12:06:04.903] GetBlockByNumer                          number=474
        INFO [09-23|12:06:06.234] HOTSTUFF PREPARE QC VERIFIED             number=237 viewID="783bf3…3b9b9c" from=127.0.0.7:40923 maskBytes=1
        INFO [09-23|12:06:07.261] HOTSTUFF PREPARE QC VERIFIED             number=238 viewID="8ef457…8bd294" from=127.0.0.8:45051 maskBytes=1
        INFO [09-23|12:06:07.273] handleNewViewMsg got new view message    from=127.0.0.8:45051 viewId="113480…b75b01"
        INFO [09-23|12:06:07.291] handleNewViewMsg got new view message    from=127.0.0.2:44067 viewId="113480…b75b01"
        INFO [09-23|12:06:07.309] handleNewViewMsg got new view message    from=127.0.0.7:40923 viewId="113480…b75b01"
        INFO [09-23|12:06:07.320] handleNewViewMsg got new view message    from=127.0.0.4:39883 viewId="113480…b75b01"
        INFO [09-23|12:06:07.329] handleNewViewMsg got new view message    from=127.0.0.5:45409 viewId="113480…b75b01"
        INFO [09-23|12:06:07.472] handleNewViewMsg got new view message    from=127.0.0.3:42465 viewId="113480…b75b01"
        INFO [09-23|12:06:07.563] handleNewViewMsg got new view message    from=127.0.0.6:41735 viewId="113480…b75b01"
        WARN [09-23|12:06:07.667] GetBlockByNumer                          number=474
        WARN [09-23|12:06:07.785] GetBlockByNumer                          number=475
        WARN [09-23|12:06:07.801] GetBlockByNumer                          number=475
        WARN [09-23|12:06:07.888] GetBlockByNumer                          number=476
        INFO [09-23|12:06:08.257] HOTSTUFF PREPARE QC BROADCAST            number=239 viewID="113480…b75b01" votes=5 threshold=5
        INFO [09-23|12:06:08.342] HOTSTUFF PREPARE QC VERIFIED             number=239 viewID="113480…b75b01" from=127.0.0.2:44067 maskBytes=1
        WARN [09-23|12:06:09.418] GetBlockByNumer                          number=477
        INFO [09-23|12:06:09.577] HOTSTUFF PREPARE QC VERIFIED             number=240 viewID="a84fe2…ee2604" from=127.0.0.3:42465 maskBytes=1
        WARN [09-23|12:06:10.036] GetBlockByNumer                          number=478
        INFO [09-23|12:06:10.455] HOTSTUFF PREPARE QC VERIFIED             number=241 viewID="8a3848…6ddb64" from=127.0.0.4:39883 maskBytes=1
        INFO [09-23|12:06:11.146] HOTSTUFF PREPARE QC VERIFIED             number=242 viewID="bbd97b…139d2e" from=127.0.0.5:45409 maskBytes=1
        INFO [09-23|12:06:11.998] HOTSTUFF PREPARE QC VERIFIED             number=243 viewID="21f4b8…820cf4" from=127.0.0.6:41735 maskBytes=1
        WARN [09-23|12:06:12.490] GetBlockByNumer                          number=479
        INFO [09-23|12:06:12.781] HOTSTUFF PREPARE QC VERIFIED             number=244 viewID="424ea1…d7e778" from=127.0.0.7:40923 maskBytes=1
        WARN [09-23|12:06:12.784] GetBlockByNumer                          number=480
        WARN [09-23|12:06:13.524] GetBlockByNumer                          number=481
    fhs_process_recovery_test.go:236: validator 1184195 complete log: /tmp/fhs-process-failure-1576562159.log
    fhs_process_recovery_test.go:241: validator 1184195 log tail:
        D=0x1394b2c28952eafe31129a529079ff0816815b1995325132f67933100108cec9 manifestBytes=832  missing=0 bodyBytes=832
        t=2026-09-23T12:02:08+0200 lvl=warn msg=GetBlockByNumer                         number=1
        t=2026-09-23T12:02:08+0200 lvl=warn msg=GetBlockByNumer                         number=1
        t=2026-09-23T12:02:08+0200 lvl=warn msg=GetBlockByNumer                         number=331
        t=2026-09-23T12:02:08+0200 lvl=warn msg=GetBlockByNumer                         number=1
        t=2026-09-23T12:02:08+0200 lvl=info msg="HOTSTUFF PROPOSAL MANIFEST stored"     from=127.0.0.1:53415 number=334 proposalID=0x5d28ef394cd70cddf85224ebfd64f5e3957c3b7251c48c1a54cd57b10e4dfde5 manifestBytes=1222 missing=0 bodyBytes=3352
        t=2026-09-23T12:02:08+0200 lvl=warn msg=GetBlockByNumer                         number=1
        t=2026-09-23T12:02:08+0200 lvl=warn msg=GetBlockByNumer                         number=332
        t=2026-09-23T12:02:08+0200 lvl=info msg="HOTSTUFF PROPOSAL MANIFEST stored"     from=127.0.0.1:33175 number=335 proposalID=0xabc6ca95c8e50065b8a29fe8c841e1826530d7126843a452a6378e2030181a41 manifestBytes=832  missing=0 bodyBytes=832
        t=2026-09-23T12:02:08+0200 lvl=warn msg=GetBlockByNumer                         number=1
        t=2026-09-23T12:02:09+0200 lvl=warn msg=GetBlockByNumer                         number=1
        t=2026-09-23T12:02:09+0200 lvl=warn msg=GetBlockByNumer                         number=333
        t=2026-09-23T12:02:09+0200 lvl=warn msg=GetBlockByNumer                         number=1
        t=2026-09-23T12:02:09+0200 lvl=warn msg=GetBlockByNumer                         number=1
        t=2026-09-23T12:02:09+0200 lvl=warn msg=GetBlockByNumer                         number=334
        t=2026-09-23T12:02:09+0200 lvl=warn msg=GetBlockByNumer                         number=1
        t=2026-09-23T12:02:09+0200 lvl=warn msg=GetBlockByNumer                         number=1
        t=2026-09-23T12:02:09+0200 lvl=warn msg=GetBlockByNumer                         number=334
        t=2026-09-23T12:02:10+0200 lvl=warn msg=GetBlockByNumer                         number=1
        t=2026-09-23T12:02:10+0200 lvl=warn msg=GetBlockByNumer                         number=1
        t=2026-09-23T12:02:10+0200 lvl=warn msg=GetBlockByNumer                         number=334
        t=2026-09-23T12:02:10+0200 lvl=warn msg=GetBlockByNumer                         number=1
        t=2026-09-23T12:02:10+0200 lvl=warn msg=GetBlockByNumer                         number=246
        t=2026-09-23T12:02:10+0200 lvl=info msg="HOTSTUFF PROPOSAL REF"                 number=336 viewID=0xfc63d841a98c70ce648a51dbf9270c02bf375707ff45d28b5c5188bf51b53e12 proposalID=0x8ee53b3133b135c5d14d5c1a83c43c1901c4d9e92d7e86ebb995c1259e12731a blockHash=0x91e68658b84d95b8f54286da6dfb99b759599ea902452fff11e89ce23879cc00 bodyHash=0xe9aa08495d2e8bfc7a07cd4c2b56b9b395c98791bd7ab32c1dff94d89d184f3b bodySize=1655  refBytes=446
        t=2026-09-23T12:02:10+0200 lvl=warn msg=GetBlockByNumer                         number=1
        t=2026-09-23T12:02:10+0200 lvl=warn msg=GetBlockByNumer                         number=334
        t=2026-09-23T12:02:10+0200 lvl=warn msg=GetBlockByNumer                         number=1
        t=2026-09-23T12:02:10+0200 lvl=warn msg=GetBlockByNumer                         number=1
        t=2026-09-23T12:02:11+0200 lvl=info msg="HOTSTUFF PROPOSAL MANIFEST stored"     from=127.0.0.1:53415 number=337 proposalID=0x1de3bc6b6f54b96ed9ec2ce8cfc3683647efb87671a3fb875a68c17bc41350ce manifestBytes=832  missing=0 bodyBytes=832
        t=2026-09-23T12:02:11+0200 lvl=warn msg=GetBlockByNumer                         number=1
        t=2026-09-23T12:02:11+0200 lvl=warn msg=GetBlockByNumer                         number=1
        t=2026-09-23T12:02:11+0200 lvl=warn msg=GetBlockByNumer                         number=335
        t=2026-09-23T12:02:11+0200 lvl=warn msg=GetBlockByNumer                         number=1
        t=2026-09-23T12:02:11+0200 lvl=warn msg=GetBlockByNumer                         number=1
        t=2026-09-23T12:02:11+0200 lvl=warn msg=GetBlockByNumer                         number=336
        t=2026-09-23T12:02:11+0200 lvl=warn msg=GetBlockByNumer                         number=1
        t=2026-09-23T12:02:11+0200 lvl=warn msg=GetBlockByNumer                         number=1
        t=2026-09-23T12:02:12+0200 lvl=warn msg=GetBlockByNumer                         number=336
        t=2026-09-23T12:02:12+0200 lvl=warn msg=GetBlockByNumer                         number=1
        t=2026-09-23T12:02:12+0200 lvl=warn msg=GetBlockByNumer                         number=1
        t=2026-09-23T12:02:12+0200 lvl=warn msg=GetBlockByNumer                         number=336
        t=2026-09-23T12:02:12+0200 lvl=warn msg=GetBlockByNumer                         number=1
        t=2026-09-23T12:02:12+0200 lvl=warn msg=GetBlockByNumer                         number=1
        t=2026-09-23T12:02:12+0200 lvl=warn msg=GetBlockByNumer                         number=336
        t=2026-09-23T12:02:12+0200 lvl=warn msg=GetBlockByNumer                         number=1
        t=2026-09-23T12:02:13+0200 lvl=warn msg=GetBlockByNumer                         number=1
        t=2026-09-23T12:02:13+0200 lvl=warn msg=GetBlockByNumer                         number=336
        t=2026-09-23T12:02:13+0200 lvl=warn msg=GetBlockByNumer                         number=1
        t=2026-09-23T12:02:13+0200 lvl=warn msg=GetBlockByNumer                         number=1
        t=2026-09-23T12:02:13+0200 lvl=warn msg=GetBlockByNumer                         number=336
        t=2026-09-23T12:02:13+0200 lvl=info msg="HOTSTUFF PROPOSAL MANIFEST stored"     from=127.0.0.1:37609 number=338 proposalID=0xcc5436c556490187ca8eb425f1b4c04ae6dcc6a1274302de2e73ed7c25731ba9 manifestBytes=1222 missing=0 bodyBytes=3352
        t=2026-09-23T12:02:13+0200 lvl=warn msg=GetBlockByNumer                         number=1
        t=2026-09-23T12:02:13+0200 lvl=warn msg=GetBlockByNumer                         number=1
        t=2026-09-23T12:02:13+0200 lvl=info msg="HOTSTUFF PROPOSAL MANIFEST stored"     from=127.0.0.1:53415 number=339 proposalID=0x2ef62786c433f44fba218ef870637d431c89f8e5c1193b4f82de873a38f5c5d2 manifestBytes=832  missing=0 bodyBytes=832
        t=2026-09-23T12:02:13+0200 lvl=warn msg=GetBlockByNumer                         number=337
        t=2026-09-23T12:02:14+0200 lvl=warn msg=GetBlockByNumer                         number=1
        t=2026-09-23T12:02:14+0200 lvl=warn msg=GetBlockByNumer                         number=1
        t=2026-09-23T12:02:14+0200 lvl=warn msg=GetBlockByNumer                         number=338
        t=2026-09-23T12:02:14+0200 lvl=info msg="HOTSTUFF PROPOSAL MANIFEST stored"     from=127.0.0.1:58893 number=340 proposalID=0xd24892e1685d066565059716cca1ab0d56f96196152f6ebe47551d7766600351 manifestBytes=1222 missing=0 bodyBytes=3352
        t=2026-09-23T12:02:14+0200 lvl=warn msg=GetBlockByNumer                         number=1
        t=2026-09-23T12:02:14+0200 lvl=info msg="HOTSTUFF PROPOSAL MANIFEST stored"     from=127.0.0.1:37609 number=341 proposalID=0xd4baa104459598fcbdb4650cba9ff02b158df35f5f83edaa882fcd3692c04966 manifestBytes=832  missing=0 bodyBytes=832
        t=2026-09-23T12:02:14+0200 lvl=warn msg=GetBlockByNumer                         number=1
        t=2026-09-23T12:02:14+0200 lvl=warn msg=GetBlockByNumer                         number=1
        t=2026-09-23T12:02:14+0200 lvl=warn msg=GetBlockByNumer                         number=1
        t=2026-09-23T12:02:14+0200 lvl=warn msg=GetBlockByNumer                         number=339
        t=2026-09-23T12:02:15+0200 lvl=warn msg=GetBlockByNumer                         number=1
        t=2026-09-23T12:02:15+0200 lvl=warn msg=GetBlockByNumer                         number=1
        t=2026-09-23T12:02:15+0200 lvl=warn msg=GetBlockByNumer                         number=340
        t=2026-09-23T12:02:15+0200 lvl=warn msg=GetBlockByNumer                         number=1
        t=2026-09-23T12:02:15+0200 lvl=warn msg=GetBlockByNumer                         number=1
        t=2026-09-23T12:02:15+0200 lvl=warn msg=GetBlockByNumer                         number=340
        t=2026-09-23T12:02:15+0200 lvl=warn msg=GetBlockByNumer                         number=1
        t=2026-09-23T12:02:16+0200 lvl=warn msg=GetBlockByNumer                         number=1
        t=2026-09-23T12:02:16+0200 lvl=warn msg=GetBlockByNumer                         number=340
        t=2026-09-23T12:02:16+0200 lvl=warn msg=GetBlockByNumer                         number=1
        t=2026-09-23T12:02:16+0200 lvl=warn msg=GetBlockByNumer                         number=1
        t=2026-09-23T12:02:16+0200 lvl=warn msg=GetBlockByNumer                         number=340
        t=2026-09-23T12:02:16+0200 lvl=warn msg=GetBlockByNumer                         number=1
        t=2026-09-23T12:02:16+0200 lvl=warn msg=GetBlockByNumer                         number=1
        t=2026-09-23T12:02:16+0200 lvl=warn msg=GetBlockByNumer                         number=340
        t=2026-09-23T12:02:17+0200 lvl=warn msg=GetBlockByNumer                         number=1
        t=2026-09-23T12:02:17+0200 lvl=info msg="HOTSTUFF PROPOSAL MANIFEST stored"     from=127.0.0.1:58893 number=342 proposalID=0x819fdcf06c4272a10fb998959f57643d46273a8d25882322f4de7a681b2e4819 manifestBytes=1221 missing=0 bodyBytes=1655
        t=2026-09-23T12:02:17+0200 lvl=warn msg=GetBlockByNumer                         number=1
        t=2026-09-23T12:02:17+0200 lvl=warn msg=GetBlockByNumer                         number=340
        t=2026-09-23T12:02:17+0200 lvl=warn msg=GetBlockByNumer                         number=246
        t=2026-09-23T12:02:17+0200 lvl=info msg="HOTSTUFF PROPOSAL REF"                 number=343 viewID=0x0a9dddd161cb69b3ebf1d38c88eef97a7677cdd5515b63fad98f68b6a750f6cf proposalID=0x5a3e7ca68fb373617dabf844148393cb2ce0a0fcced3a9b27ce20669e17f1196 blockHash=0x15ee89c290d4235ed1a7279b74d36111159c72d0b04e2c082607fda255e3cb91 bodyHash=0xdf13f8d9b9e55b0789e357c1b9cb3d6cebe55acc957630616ac9767a1ec08546 bodySize=832   refBytes=443
        t=2026-09-23T12:02:17+0200 lvl=warn msg="Send msg try again"                    address=[::]:35288      Couldn't send to=127.0.0.1:45292 error="Operation Canceled"
        t=2026-09-23T12:02:17+0200 lvl=eror msg=CloseConnect                            =[::]:35288 having error closing conn to=127.0.0.1:45292 error="Connection Closed"
        t=2026-09-23T12:02:17+0200 lvl=warn msg=GetBlockByNumer                         number=1
        t=2026-09-23T12:02:17+0200 lvl=warn msg=GetBlockByNumer                         number=1
        t=2026-09-23T12:02:17+0200 lvl=warn msg=GetBlockByNumer                         number=1
        t=2026-09-23T12:02:17+0200 lvl=warn msg=GetBlockByNumer                         number=1
        t=2026-09-23T12:02:18+0200 lvl=info msg="HOTSTUFF PROPOSAL MANIFEST stored"     from=127.0.0.1:37609 number=344 proposalID=0xe8c4060d4d5fe19e34f94b6083abfca73fe62f5659912f2689035d4f105833da manifestBytes=1222 missing=0 bodyBytes=3874
        t=2026-09-23T12:02:18+0200 lvl=warn msg=GetBlockByNumer                         number=1
        t=2026-09-23T12:02:18+0200 lvl=warn msg=GetBlockByNumer                         number=1
        t=2026-09-23T12:02:18+0200 lvl=warn msg=GetBlockByNumer                         number=341
        t=2026-09-23T12:02:18+0200 lvl=info msg="HOTSTUFF PROPOSAL MANIFEST stored"     from=127.0.0.1:53415 number=345 proposalID=0xce462b05db8ea4733d735525e9689d80531282cd57703223d20cfaf59939805f manifestBytes=832  missing=0 bodyBytes=832
        t=2026-09-23T12:02:18+0200 lvl=warn msg=GetBlockByNumer                         number=1
        t=2026-09-23T12:02:18+0200 lvl=warn msg=GetBlockByNumer                         number=1
        t=2026-09-23T12:02:18+0200 lvl=warn msg=GetBlockByNumer                         number=1
        t=2026-09-23T12:02:19+0200 lvl=warn msg=GetBlockByNumer                         number=1
        t=2026-09-23T12:02:19+0200 lvl=warn msg=GetBlockByNumer                         number=1
        t=2026-09-23T12:02:19+0200 lvl=warn msg=GetBlockByNumer                         number=1
        t=2026-09-23T12:02:19+0200 lvl=warn msg=GetBlockByNumer                         number=1
        t=2026-09-23T12:02:19+0200 lvl=warn msg=GetBlockByNumer                         number=343
        t=2026-09-23T12:02:19+0200 lvl=warn msg=GetBlockByNumer                         number=1
        t=2026-09-23T12:02:19+0200 lvl=warn msg=GetBlockByNumer                         number=1
        t=2026-09-23T12:02:19+0200 lvl=warn msg=GetBlockByNumer                         number=344
        t=2026-09-23T12:02:20+0200 lvl=warn msg=GetBlockByNumer                         number=1
        t=2026-09-23T12:02:20+0200 lvl=warn msg=GetBlockByNumer                         number=1
        t=2026-09-23T12:02:20+0200 lvl=warn msg=GetBlockByNumer                         number=344
        t=2026-09-23T12:02:20+0200 lvl=warn msg=GetBlockByNumer                         number=1
        t=2026-09-23T12:02:20+0200 lvl=warn msg=GetBlockByNumer                         number=1
        t=2026-09-23T12:02:20+0200 lvl=warn msg=GetBlockByNumer                         number=344
        t=2026-09-23T12:02:20+0200 lvl=warn msg=GetBlockByNumer                         number=1
        t=2026-09-23T12:02:20+0200 lvl=warn msg=GetBlockByNumer                         number=1
        t=2026-09-23T12:02:20+0200 lvl=warn msg=GetBlockByNumer                         number=344
        t=2026-09-23T12:02:21+0200 lvl=warn msg=GetBlockByNumer                         number=1
        t=2026-09-23T12:02:21+0200 lvl=warn msg=GetBlockByNumer                         number=1
        t=2026-09-23T12:02:21+0200 lvl=warn msg=GetBlockByNumer                         number=344
        t=2026-09-23T12:02:21+0200 lvl=warn msg=GetBlockByNumer                         number=1
        t=2026-09-23T12:02:21+0200 lvl=warn msg=GetBlockByNumer                         number=1
        t=2026-09-23T12:02:21+0200 lvl=warn msg=GetBlockByNumer                         number=344
        t=2026-09-23T12:02:22+0200 lvl=warn msg=GetBlockByNumer                         number=1
        t=2026-09-23T12:02:22+0200 lvl=warn msg=GetBlockByNumer                         number=1
        t=2026-09-23T12:02:22+0200 lvl=info msg="HOTSTUFF PROPOSAL MANIFEST stored"     from=127.0.0.1:58893 number=346 proposalID=0x8cb804a3ad5df628117e535d827946a027d14006c9d6129b9f37446afedd34c3 manifestBytes=1221 missing=0 bodyBytes=1655
        t=2026-09-23T12:02:22+0200 lvl=warn msg="HandleConn drops connection: closed"   address=127.0.0.1:35288 remot=127.0.0.1:58893
        t=2026-09-23T12:02:22+0200 lvl=warn msg=GetBlockByNumer                         number=344
        t=2026-09-23T12:02:22+0200 lvl=info msg="HOTSTUFF PROPOSAL MANIFEST stored"     from=127.0.0.1:58893 number=346 proposalID=0x8cb804a3ad5df628117e535d827946a027d14006c9d6129b9f37446afedd34c3 manifestBytes=1221 missing=0 bodyBytes=1655
        t=2026-09-23T12:02:22+0200 lvl=warn msg=GetBlockByNumer                         number=1
        t=2026-09-23T12:02:22+0200 lvl=warn msg=GetBlockByNumer                         number=1
        t=2026-09-23T12:02:22+0200 lvl=warn msg="HandleConn drops connection: closed"   address=127.0.0.1:35288 remot=127.0.0.1:53415
        t=2026-09-23T12:02:22+0200 lvl=warn msg=GetBlockByNumer                         number=345
        t=2026-09-23T12:02:22+0200 lvl=eror msg="OnPropose wait proposal body"          number=347 proposalID=0xb4254703451348121b2b39e9f660cae8eb0e5f448fc4a4f28778a4b72d41e2fd err="hotstuff view state too old"
        t=2026-09-23T12:02:23+0200 lvl=info msg="HOTSTUFF PROPOSAL REPAIR REQUEST"      to=127.0.0.1:53415 number=347 proposalID=0xb4254703451348121b2b39e9f660cae8eb0e5f448fc4a4f28778a4b72d41e2fd missing=0 attempt=0
        t=2026-09-23T12:02:23+0200 lvl=info msg="HOTSTUFF PROPOSAL MANIFEST stored"     from=127.0.0.1:53415 number=347 proposalID=0xb4254703451348121b2b39e9f660cae8eb0e5f448fc4a4f28778a4b72d41e2fd manifestBytes=832  missing=0 bodyBytes=832
        t=2026-09-23T12:02:23+0200 lvl=warn msg=GetBlockByNumer                         number=1
        t=2026-09-23T12:02:23+0200 lvl=warn msg=GetBlockByNumer                         number=1
        t=2026-09-23T12:02:23+0200 lvl=warn msg=GetBlockByNumer                         number=1
        t=2026-09-23T12:02:23+0200 lvl=warn msg=GetBlockByNumer                         number=346
        t=2026-09-23T12:02:23+0200 lvl=info msg="HOTSTUFF PROPOSAL MANIFEST stored"     from=127.0.0.1:49731 number=348 proposalID=0x3b7a550a36ff6340cce0a3eaf7b15ce079da020f7db08ba87c671e63b57e66c1 manifestBytes=1222 missing=0 bodyBytes=3352
        t=2026-09-23T12:02:23+0200 lvl=warn msg=GetBlockByNumer                         number=1
        t=2026-09-23T12:02:24+0200 lvl=warn msg=GetBlockByNumer                         number=1
        t=2026-09-23T12:02:24+0200 lvl=info msg="HOTSTUFF PROPOSAL MANIFEST stored"     from=127.0.0.1:49731 number=349 proposalID=0x4415c01008bdbcf5d60eeb120871b43b20bb18602661d0be065032b48660431c manifestBytes=832  missing=0 bodyBytes=832
        t=2026-09-23T12:02:24+0200 lvl=warn msg=GetBlockByNumer                         number=347
        t=2026-09-23T12:02:24+0200 lvl=warn msg=GetBlockByNumer                         number=1
        t=2026-09-23T12:02:24+0200 lvl=warn msg=GetBlockByNumer                         number=1
        t=2026-09-23T12:02:24+0200 lvl=warn msg=GetBlockByNumer                         number=348
        t=2026-09-23T12:02:24+0200 lvl=warn msg=GetBlockByNumer                         number=1
        t=2026-09-23T12:02:24+0200 lvl=warn msg=GetBlockByNumer                         number=348
        t=2026-09-23T12:02:24+0200 lvl=warn msg=GetBlockByNumer                         number=1
        t=2026-09-23T12:02:24+0200 lvl=warn msg=GetBlockByNumer                         number=348
        t=2026-09-23T12:02:28+0200 lvl=info msg="HOTSTUFF PROPOSAL MANIFEST stored"     from=127.0.0.1:49731 number=350 proposalID=0x224df6fd9a81e46be55df737bedeab34153b3b5ef503b06b44d9d3cbc12c24ce manifestBytes=1221 missing=0 bodyBytes=1655
        t=2026-09-23T12:02:28+0200 lvl=info msg="HOTSTUFF PROPOSAL MANIFEST stored"     from=127.0.0.1:49731 number=351 proposalID=0x1925bc8f2b5b5d6b6d26aab6d9eb7d38df93218e400552f82537d2ff1f2281c0 manifestBytes=832  missing=0 bodyBytes=832
        t=2026-09-23T12:02:28+0200 lvl=warn msg="reject new-view before storage"        from=127.0.0.1:45292 viewID=0x347929cbe98c3bb12887a187c8a71cb551b8047d4cacf7a3c9f58f18adfb7b06 err="hotstuff proposal validation pending"
        t=2026-09-23T12:02:30+0200 lvl=warn msg=GetBlockByNumer                         number=246
        t=2026-09-23T12:02:30+0200 lvl=info msg="HOTSTUFF PROPOSAL REF"                 number=352 viewID=0x347929cbe98c3bb12887a187c8a71cb551b8047d4cacf7a3c9f58f18adfb7b06 proposalID=0xf3238c246391ea6e1fd47250796a3333700e49513bb74b968b6008a93a2c79ef blockHash=0xcf332ed2198537e4cc676bd7aee866837668f5952212b514ee98ca91d58885b0 bodyHash=0x82355554c51aa1d1d3a15b6bd885641348408cbaf139173e120dff673f36bc1f bodySize=3352  refBytes=446
        t=2026-09-23T12:02:30+0200 lvl=warn msg="Send msg try again"                    address=[::]:35288      Couldn't send to=127.0.0.1:45292 error="Operation Canceled"
        t=2026-09-23T12:02:30+0200 lvl=eror msg=CloseConnect                            =[::]:35288 having error closing conn to=127.0.0.1:45292 error="Connection Closed"
        t=2026-09-23T12:02:30+0200 lvl=info msg="HOTSTUFF PROPOSAL MANIFEST stored"     from=127.0.0.1:58893 number=353 proposalID=0x201f8f60a1255b0e2bbf551c37b81401456528596993cd34f6ca68224a656799 manifestBytes=832  missing=0 bodyBytes=832
        t=2026-09-23T12:02:34+0200 lvl=info msg="HOTSTUFF PROPOSAL MANIFEST stored"     from=127.0.0.1:58893 number=354 proposalID=0x99d5503863691a71bb0112fad98db1dd0d11ae345bf8109246be13138ccd0292 manifestBytes=1221 missing=1 bodyBytes=1655
        t=2026-09-23T12:02:34+0200 lvl=eror msg="OnPropose wait proposal body"          number=354 proposalID=0x99d5503863691a71bb0112fad98db1dd0d11ae345bf8109246be13138ccd0292 err="hotstuff view state too old"
        t=2026-09-23T12:02:34+0200 lvl=warn msg="reject new-view before storage"        from=127.0.0.1:58893 viewID=0xa5ec5502cb260bf239f9a72d87a6ef7ecd34b6d8f8b3ddc94f4427e179587f23 err="hotstuff proposal validation pending"
        t=2026-09-23T12:02:34+0200 lvl=warn msg="reject new-view before storage"        from=127.0.0.1:49731 viewID=0xa5ec5502cb260bf239f9a72d87a6ef7ecd34b6d8f8b3ddc94f4427e179587f23 err="hotstuff proposal validation pending"
        t=2026-09-23T12:02:34+0200 lvl=warn msg="reject new-view before storage"        from=127.0.0.1:53415 viewID=0xa5ec5502cb260bf239f9a72d87a6ef7ecd34b6d8f8b3ddc94f4427e179587f23 err="hotstuff proposal validation pending"
        t=2026-09-23T12:02:34+0200 lvl=warn msg="reject new-view before storage"        from=127.0.0.1:33175 viewID=0xa5ec5502cb260bf239f9a72d87a6ef7ecd34b6d8f8b3ddc94f4427e179587f23 err="hotstuff proposal validation pending"
        t=2026-09-23T12:02:34+0200 lvl=warn msg="reject new-view before storage"        from=127.0.0.1:37609 viewID=0xa5ec5502cb260bf239f9a72d87a6ef7ecd34b6d8f8b3ddc94f4427e179587f23 err="hotstuff proposal validation pending"
        t=2026-09-23T12:02:34+0200 lvl=warn msg="reject new-view before storage"        from=127.0.0.1:45292 viewID=0xa5ec5502cb260bf239f9a72d87a6ef7ecd34b6d8f8b3ddc94f4427e179587f23 err="hotstuff proposal validation pending"
        t=2026-09-23T12:02:35+0200 lvl=warn msg=GetBlockByNumer                         number=246
        t=2026-09-23T12:02:35+0200 lvl=info msg="HOTSTUFF PROPOSAL REF"                 number=355 viewID=0xa5ec5502cb260bf239f9a72d87a6ef7ecd34b6d8f8b3ddc94f4427e179587f23 proposalID=0x6f22dbc5b5077c2d84c55f5d9344bf01b105ec56855919bdf6def872e10a53b8 blockHash=0x563b50a3c5ae8cdd45ed906d3f2dbbbee213c3e5789b657d3cfe175d2db7ed70 bodyHash=0x03c60e70be0f31b8cce35e69e66ee84edbe5a25ece706c8d2e69d4997c3209be bodySize=832   refBytes=443
        t=2026-09-23T12:02:37+0200 lvl=info msg="HOTSTUFF PROPOSAL MANIFEST stored"     from=127.0.0.1:33175 number=356 proposalID=0x60165dc5a72a2f33dd4db5bbad5857b930e912c1713875bdcb6e09dbd8c1b3c1 manifestBytes=1222 missing=0 bodyBytes=4400
        t=2026-09-23T12:02:37+0200 lvl=info msg="HOTSTUFF PROPOSAL MANIFEST stored"     from=127.0.0.1:49731 number=357 proposalID=0x954bac50b58b9bf7573008ca89f8daa2a3ab5c85338b3331ff73a60f496d5041 manifestBytes=832  missing=0 bodyBytes=832
        t=2026-09-23T12:02:38+0200 lvl=warn msg="reject new-view before storage"        from=127.0.0.1:33175 viewID=0xb3b05c2858e3ae7dee80c5bda8c83cea27c5f9c824721958f5db77b3fab47c7b err="hotstuff proposal validation pending"
        t=2026-09-23T12:02:38+0200 lvl=warn msg=GetBlockByNumer                         number=246
        t=2026-09-23T12:02:38+0200 lvl=info msg="HOTSTUFF PROPOSAL REF"                 number=358 viewID=0xb3b05c2858e3ae7dee80c5bda8c83cea27c5f9c824721958f5db77b3fab47c7b proposalID=0xe6ff952b0585ed7999085c9478045c0d807cebb7d1e3f177648a2400df025515 blockHash=0x9ba23b9017e8ee881ee5e5548a598e9d0300f97af6aa7cc2044a5f1a2d69aa82 bodyHash=0x308e8ca45731ba1a9512929d8b00da236cb0e24fa30be155cb46189a7ed7e001 bodySize=4400  refBytes=446
        t=2026-09-23T12:02:39+0200 lvl=info msg="HOTSTUFF PROPOSAL MANIFEST stored"     from=127.0.0.1:37609 number=359 proposalID=0x595282bbfb5d44d5f411eb4e297e3064ed70f3a6bd9473fdfe2c7ad365b56bd5 manifestBytes=832  missing=0 bodyBytes=832
        t=2026-09-23T12:02:43+0200 lvl=info msg="HOTSTUFF PROPOSAL MANIFEST stored"     from=127.0.0.1:58893 number=360 proposalID=0xc31377570e81eea4084023ec8dcc1f877adda1f3cd9476825eeafcce537e8fb9 manifestBytes=1222 missing=0 bodyBytes=22357
        t=2026-09-23T12:02:43+0200 lvl=info msg="HOTSTUFF PROPOSAL MANIFEST stored"     from=127.0.0.1:45292 number=361 proposalID=0xb54e3a708f78f39f9526de7afe309e181f45759efa9a551c43063e6286644c77 manifestBytes=1221 missing=0 bodyBytes=1655
        t=2026-09-23T12:02:43+0200 lvl=info msg="HOTSTUFF PROPOSAL MANIFEST stored"     from=127.0.0.1:49731 number=362 proposalID=0xcb80557ec627923aa3547d9c9bc2f2427957007542b3c7534dde31e3b9c59772 manifestBytes=832  missing=0 bodyBytes=832
        t=2026-09-23T12:02:49+0200 lvl=warn msg="HOTSTUFF RECOVERY resend NewView"      number=363 viewID=0x049578ecfb793edf1761ecdbbeca696227f2e1e7012179354345ce344f7c9b63 to=127.0.0.1:45292
        t=2026-09-23T12:02:51+0200 lvl=info msg="HOTSTUFF PROPOSAL MANIFEST stored"     from=127.0.0.1:45292 number=363 proposalID=0x79fa69bf80f78a38fa034b77c8568a33ac117bb4d95c8bccaffdeff170f77135 manifestBytes=1221 missing=0 bodyBytes=1655
        t=2026-09-23T12:02:51+0200 lvl=warn msg=GetBlockByNumer                         number=1
        t=2026-09-23T12:02:52+0200 lvl=info msg="HOTSTUFF PROPOSAL MANIFEST stored"     from=127.0.0.1:53415 number=364 proposalID=0x38dd2d975d67e98de98018d64cb4dc14aab418fd1c664daf30a4f2beb275ff4d manifestBytes=832  missing=0 bodyBytes=832
        t=2026-09-23T12:02:52+0200 lvl=warn msg=GetBlockByNumer                         number=1
        t=2026-09-23T12:02:52+0200 lvl=warn msg=GetBlockByNumer                         number=361
    fhs_process_recovery_test.go:236: validator 1184189 complete log: /tmp/fhs-process-failure-2793429223.log
    fhs_process_recovery_test.go:241: validator 1184189 log tail:
         lvl=warn msg=GetBlockByNumer                         number=1
        t=2026-09-23T12:02:07+0200 lvl=warn msg=GetBlockByNumer                         number=246
        t=2026-09-23T12:02:07+0200 lvl=info msg="HOTSTUFF PROPOSAL REF"                 number=333 viewID=0x97addbf2d41db1d0ff1284d6146ebfcfc64e35ed65b75e8e217e2b6bb13d762a proposalID=0x1394b2c28952eafe31129a529079ff0816815b1995325132f67933100108cec9 blockHash=0xcd3235cbb90627e78e8882a4eb9e570c6d40c0ba8a2c852966b1dcb31f77c3fa bodyHash=0xdd1b9d0b0b0dbd34577d8daa4fb9e603529457ab5c4a39b214746977b736320e bodySize=832   refBytes=443
        t=2026-09-23T12:02:08+0200 lvl=warn msg=GetBlockByNumer                         number=1
        t=2026-09-23T12:02:08+0200 lvl=warn msg=GetBlockByNumer                         number=1
        t=2026-09-23T12:02:08+0200 lvl=warn msg=GetBlockByNumer                         number=331
        t=2026-09-23T12:02:08+0200 lvl=warn msg=GetBlockByNumer                         number=1
        t=2026-09-23T12:02:08+0200 lvl=info msg="HOTSTUFF PROPOSAL MANIFEST stored"     from=127.0.0.1:53415 number=334 proposalID=0x5d28ef394cd70cddf85224ebfd64f5e3957c3b7251c48c1a54cd57b10e4dfde5 manifestBytes=1222 missing=0 bodyBytes=3352
        t=2026-09-23T12:02:08+0200 lvl=warn msg=GetBlockByNumer                         number=1
        t=2026-09-23T12:02:08+0200 lvl=warn msg=GetBlockByNumer                         number=332
        t=2026-09-23T12:02:08+0200 lvl=info msg="HOTSTUFF PROPOSAL MANIFEST stored"     from=127.0.0.1:33175 number=335 proposalID=0xabc6ca95c8e50065b8a29fe8c841e1826530d7126843a452a6378e2030181a41 manifestBytes=832  missing=0 bodyBytes=832
        t=2026-09-23T12:02:08+0200 lvl=warn msg=GetBlockByNumer                         number=1
        t=2026-09-23T12:02:09+0200 lvl=warn msg=GetBlockByNumer                         number=1
        t=2026-09-23T12:02:09+0200 lvl=warn msg=GetBlockByNumer                         number=333
        t=2026-09-23T12:02:09+0200 lvl=warn msg=GetBlockByNumer                         number=1
        t=2026-09-23T12:02:09+0200 lvl=warn msg=GetBlockByNumer                         number=1
        t=2026-09-23T12:02:09+0200 lvl=warn msg=GetBlockByNumer                         number=334
        t=2026-09-23T12:02:09+0200 lvl=warn msg=GetBlockByNumer                         number=1
        t=2026-09-23T12:02:09+0200 lvl=warn msg=GetBlockByNumer                         number=1
        t=2026-09-23T12:02:09+0200 lvl=warn msg=GetBlockByNumer                         number=334
        t=2026-09-23T12:02:10+0200 lvl=warn msg=GetBlockByNumer                         number=1
        t=2026-09-23T12:02:10+0200 lvl=warn msg=GetBlockByNumer                         number=1
        t=2026-09-23T12:02:10+0200 lvl=warn msg=GetBlockByNumer                         number=334
        t=2026-09-23T12:02:10+0200 lvl=warn msg=GetBlockByNumer                         number=1
        t=2026-09-23T12:02:10+0200 lvl=warn msg=GetBlockByNumer                         number=1
        t=2026-09-23T12:02:10+0200 lvl=info msg="HOTSTUFF PROPOSAL MANIFEST stored"     from=127.0.0.1:35288 number=336 proposalID=0x8ee53b3133b135c5d14d5c1a83c43c1901c4d9e92d7e86ebb995c1259e12731a manifestBytes=1221 missing=0 bodyBytes=1655
        t=2026-09-23T12:02:10+0200 lvl=warn msg=GetBlockByNumer                         number=334
        t=2026-09-23T12:02:10+0200 lvl=warn msg=GetBlockByNumer                         number=1
        t=2026-09-23T12:02:10+0200 lvl=warn msg=GetBlockByNumer                         number=1
        t=2026-09-23T12:02:11+0200 lvl=info msg="HOTSTUFF PROPOSAL MANIFEST stored"     from=127.0.0.1:53415 number=337 proposalID=0x1de3bc6b6f54b96ed9ec2ce8cfc3683647efb87671a3fb875a68c17bc41350ce manifestBytes=832  missing=0 bodyBytes=832
        t=2026-09-23T12:02:11+0200 lvl=warn msg=GetBlockByNumer                         number=1
        t=2026-09-23T12:02:11+0200 lvl=warn msg=GetBlockByNumer                         number=1
        t=2026-09-23T12:02:11+0200 lvl=warn msg=GetBlockByNumer                         number=335
        t=2026-09-23T12:02:11+0200 lvl=warn msg=GetBlockByNumer                         number=1
        t=2026-09-23T12:02:11+0200 lvl=warn msg=GetBlockByNumer                         number=1
        t=2026-09-23T12:02:11+0200 lvl=warn msg=GetBlockByNumer                         number=336
        t=2026-09-23T12:02:11+0200 lvl=warn msg=GetBlockByNumer                         number=1
        t=2026-09-23T12:02:11+0200 lvl=warn msg=GetBlockByNumer                         number=1
        t=2026-09-23T12:02:12+0200 lvl=warn msg=GetBlockByNumer                         number=336
        t=2026-09-23T12:02:12+0200 lvl=warn msg=GetBlockByNumer                         number=1
        t=2026-09-23T12:02:12+0200 lvl=warn msg=GetBlockByNumer                         number=1
        t=2026-09-23T12:02:12+0200 lvl=warn msg=GetBlockByNumer                         number=336
        t=2026-09-23T12:02:12+0200 lvl=warn msg=GetBlockByNumer                         number=1
        t=2026-09-23T12:02:12+0200 lvl=warn msg=GetBlockByNumer                         number=1
        t=2026-09-23T12:02:12+0200 lvl=warn msg=GetBlockByNumer                         number=336
        t=2026-09-23T12:02:12+0200 lvl=warn msg=GetBlockByNumer                         number=1
        t=2026-09-23T12:02:12+0200 lvl=warn msg=GetBlockByNumer                         number=1
        t=2026-09-23T12:02:13+0200 lvl=warn msg=GetBlockByNumer                         number=336
        t=2026-09-23T12:02:13+0200 lvl=warn msg=GetBlockByNumer                         number=1
        t=2026-09-23T12:02:13+0200 lvl=warn msg=GetBlockByNumer                         number=1
        t=2026-09-23T12:02:13+0200 lvl=warn msg=GetBlockByNumer                         number=336
        t=2026-09-23T12:02:13+0200 lvl=info msg="HOTSTUFF PROPOSAL MANIFEST stored"     from=127.0.0.1:37609 number=338 proposalID=0xcc5436c556490187ca8eb425f1b4c04ae6dcc6a1274302de2e73ed7c25731ba9 manifestBytes=1222 missing=0 bodyBytes=3352
        t=2026-09-23T12:02:13+0200 lvl=warn msg=GetBlockByNumer                         number=1
        t=2026-09-23T12:02:13+0200 lvl=warn msg=GetBlockByNumer                         number=1
        t=2026-09-23T12:02:13+0200 lvl=info msg="HOTSTUFF PROPOSAL MANIFEST stored"     from=127.0.0.1:53415 number=339 proposalID=0x2ef62786c433f44fba218ef870637d431c89f8e5c1193b4f82de873a38f5c5d2 manifestBytes=832  missing=0 bodyBytes=832
        t=2026-09-23T12:02:13+0200 lvl=warn msg=GetBlockByNumer                         number=337
        t=2026-09-23T12:02:14+0200 lvl=warn msg=GetBlockByNumer                         number=1
        t=2026-09-23T12:02:14+0200 lvl=warn msg=GetBlockByNumer                         number=1
        t=2026-09-23T12:02:14+0200 lvl=warn msg=GetBlockByNumer                         number=338
        t=2026-09-23T12:02:14+0200 lvl=info msg="HOTSTUFF PROPOSAL MANIFEST stored"     from=127.0.0.1:58893 number=340 proposalID=0xd24892e1685d066565059716cca1ab0d56f96196152f6ebe47551d7766600351 manifestBytes=1222 missing=1 bodyBytes=3352
        t=2026-09-23T12:02:14+0200 lvl=eror msg="OnPropose wait proposal body"          number=340 proposalID=0xd24892e1685d066565059716cca1ab0d56f96196152f6ebe47551d7766600351 err="hotstuff view state too old"
        t=2026-09-23T12:02:14+0200 lvl=warn msg=GetBlockByNumer                         number=1
        t=2026-09-23T12:02:14+0200 lvl=warn msg="HOTSTUFF PROPOSAL MANIFEST authority rejected" from=127.0.0.1:37609 leader=127.0.0.1:37609 number=341 proposalID=0xd4baa104459598fcbdb4650cba9ff02b158df35f5f83edaa882fcd3692c04966 err="proposal manifest does not match the current deterministic leader route: manifest key committee is already canonical but is not the current route"
        t=2026-09-23T12:02:14+0200 lvl=warn msg=GetBlockByNumer                         number=1
        t=2026-09-23T12:02:14+0200 lvl=eror msg="OnPropose wait proposal body"          number=341 proposalID=0xd4baa104459598fcbdb4650cba9ff02b158df35f5f83edaa882fcd3692c04966 err="hotstuff view state too old"
        t=2026-09-23T12:02:14+0200 lvl=warn msg=GetBlockByNumer                         number=1
        t=2026-09-23T12:02:14+0200 lvl=warn msg=GetBlockByNumer                         number=1
        t=2026-09-23T12:02:14+0200 lvl=warn msg=GetBlockByNumer                         number=339
        t=2026-09-23T12:02:15+0200 lvl=info msg="HOTSTUFF PROPOSAL REPAIR REQUEST"      to=127.0.0.1:37609 number=341 proposalID=0xd4baa104459598fcbdb4650cba9ff02b158df35f5f83edaa882fcd3692c04966 missing=0 attempt=0
        t=2026-09-23T12:02:15+0200 lvl=info msg="HOTSTUFF PROPOSAL MANIFEST stored"     from=127.0.0.1:37609 number=341 proposalID=0xd4baa104459598fcbdb4650cba9ff02b158df35f5f83edaa882fcd3692c04966 manifestBytes=832  missing=0 bodyBytes=832
        t=2026-09-23T12:02:15+0200 lvl=warn msg=GetBlockByNumer                         number=1
        t=2026-09-23T12:02:15+0200 lvl=warn msg=GetBlockByNumer                         number=1
        t=2026-09-23T12:02:15+0200 lvl=warn msg=GetBlockByNumer                         number=340
        t=2026-09-23T12:02:15+0200 lvl=warn msg=GetBlockByNumer                         number=1
        t=2026-09-23T12:02:15+0200 lvl=warn msg=GetBlockByNumer                         number=1
        t=2026-09-23T12:02:15+0200 lvl=warn msg=GetBlockByNumer                         number=340
        t=2026-09-23T12:02:15+0200 lvl=warn msg=GetBlockByNumer                         number=1
        t=2026-09-23T12:02:16+0200 lvl=warn msg=GetBlockByNumer                         number=1
        t=2026-09-23T12:02:16+0200 lvl=warn msg=GetBlockByNumer                         number=340
        t=2026-09-23T12:02:16+0200 lvl=warn msg=GetBlockByNumer                         number=1
        t=2026-09-23T12:02:16+0200 lvl=warn msg=GetBlockByNumer                         number=1
        t=2026-09-23T12:02:16+0200 lvl=warn msg=GetBlockByNumer                         number=340
        t=2026-09-23T12:02:16+0200 lvl=warn msg=GetBlockByNumer                         number=1
        t=2026-09-23T12:02:16+0200 lvl=warn msg=GetBlockByNumer                         number=1
        t=2026-09-23T12:02:16+0200 lvl=warn msg=GetBlockByNumer                         number=340
        t=2026-09-23T12:02:17+0200 lvl=info msg="HOTSTUFF PROPOSAL MANIFEST stored"     from=127.0.0.1:58893 number=342 proposalID=0x819fdcf06c4272a10fb998959f57643d46273a8d25882322f4de7a681b2e4819 manifestBytes=1221 missing=1 bodyBytes=1655
        t=2026-09-23T12:02:17+0200 lvl=warn msg=GetBlockByNumer                         number=1
        t=2026-09-23T12:02:17+0200 lvl=warn msg="HandleConn drops connection: closed"   address=127.0.0.1:45292 remot=127.0.0.1:58893
        t=2026-09-23T12:02:17+0200 lvl=warn msg=GetBlockByNumer                         number=1
        t=2026-09-23T12:02:17+0200 lvl=info msg="HOTSTUFF PROPOSAL MANIFEST stored"     from=127.0.0.1:58893 number=342 proposalID=0x819fdcf06c4272a10fb998959f57643d46273a8d25882322f4de7a681b2e4819 manifestBytes=1221 missing=1 bodyBytes=1655
        t=2026-09-23T12:02:17+0200 lvl=warn msg=GetBlockByNumer                         number=340
        t=2026-09-23T12:02:17+0200 lvl=eror msg="OnPropose wait proposal body"          number=342 proposalID=0x819fdcf06c4272a10fb998959f57643d46273a8d25882322f4de7a681b2e4819 err="hotstuff view state too old"
        t=2026-09-23T12:02:17+0200 lvl=warn msg="HOTSTUFF PROPOSAL MANIFEST authority rejected" from=127.0.0.1:35288 leader=127.0.0.1:35288 number=343 proposalID=0x5a3e7ca68fb373617dabf844148393cb2ce0a0fcced3a9b27ce20669e17f1196 err="proposal manifest does not match the current deterministic leader route: manifest key committee is already canonical but is not the current route"
        t=2026-09-23T12:02:17+0200 lvl=warn msg="HandleConn drops connection: closed"   address=127.0.0.1:45292 remot=127.0.0.1:35288
        t=2026-09-23T12:02:17+0200 lvl=warn msg=GetBlockByNumer                         number=1
        t=2026-09-23T12:02:17+0200 lvl=warn msg=GetBlockByNumer                         number=1
        t=2026-09-23T12:02:17+0200 lvl=info msg="HOTSTUFF PROPOSAL REPAIR REQUEST"      to=127.0.0.1:35288 number=343 proposalID=0x5a3e7ca68fb373617dabf844148393cb2ce0a0fcced3a9b27ce20669e17f1196 missing=0 attempt=0
        t=2026-09-23T12:02:17+0200 lvl=info msg="HOTSTUFF PROPOSAL MANIFEST stored"     from=127.0.0.1:35288 number=343 proposalID=0x5a3e7ca68fb373617dabf844148393cb2ce0a0fcced3a9b27ce20669e17f1196 manifestBytes=832  missing=0 bodyBytes=832
        t=2026-09-23T12:02:17+0200 lvl=warn msg=GetBlockByNumer                         number=1
        t=2026-09-23T12:02:17+0200 lvl=warn msg=GetBlockByNumer                         number=1
        t=2026-09-23T12:02:18+0200 lvl=info msg="HOTSTUFF PROPOSAL MANIFEST stored"     from=127.0.0.1:37609 number=344 proposalID=0xe8c4060d4d5fe19e34f94b6083abfca73fe62f5659912f2689035d4f105833da manifestBytes=1222 missing=0 bodyBytes=3874
        t=2026-09-23T12:02:18+0200 lvl=warn msg="HandleConn drops connection: closed"   address=127.0.0.1:45292 remot=127.0.0.1:37609
        t=2026-09-23T12:02:18+0200 lvl=warn msg=GetBlockByNumer                         number=1
        t=2026-09-23T12:02:18+0200 lvl=warn msg=GetBlockByNumer                         number=1
        t=2026-09-23T12:02:18+0200 lvl=warn msg=GetBlockByNumer                         number=341
        t=2026-09-23T12:02:18+0200 lvl=info msg="HOTSTUFF PROPOSAL MANIFEST stored"     from=127.0.0.1:53415 number=345 proposalID=0xce462b05db8ea4733d735525e9689d80531282cd57703223d20cfaf59939805f manifestBytes=832  missing=0 bodyBytes=832
        t=2026-09-23T12:02:18+0200 lvl=warn msg=GetBlockByNumer                         number=1
        t=2026-09-23T12:02:18+0200 lvl=warn msg=GetBlockByNumer                         number=1
        t=2026-09-23T12:02:18+0200 lvl=warn msg=GetBlockByNumer                         number=1
        t=2026-09-23T12:02:19+0200 lvl=warn msg=GetBlockByNumer                         number=1
        t=2026-09-23T12:02:19+0200 lvl=warn msg=GetBlockByNumer                         number=1
        t=2026-09-23T12:02:19+0200 lvl=warn msg=GetBlockByNumer                         number=1
        t=2026-09-23T12:02:19+0200 lvl=warn msg=GetBlockByNumer                         number=1
        t=2026-09-23T12:02:19+0200 lvl=warn msg=GetBlockByNumer                         number=343
        t=2026-09-23T12:02:19+0200 lvl=warn msg=GetBlockByNumer                         number=1
        t=2026-09-23T12:02:19+0200 lvl=warn msg=GetBlockByNumer                         number=1
        t=2026-09-23T12:02:19+0200 lvl=warn msg=GetBlockByNumer                         number=344
        t=2026-09-23T12:02:20+0200 lvl=warn msg=GetBlockByNumer                         number=1
        t=2026-09-23T12:02:20+0200 lvl=warn msg=GetBlockByNumer                         number=1
        t=2026-09-23T12:02:20+0200 lvl=warn msg=GetBlockByNumer                         number=344
        t=2026-09-23T12:02:20+0200 lvl=warn msg=GetBlockByNumer                         number=1
        t=2026-09-23T12:02:20+0200 lvl=warn msg=GetBlockByNumer                         number=1
        t=2026-09-23T12:02:20+0200 lvl=warn msg=GetBlockByNumer                         number=344
        t=2026-09-23T12:02:20+0200 lvl=warn msg=GetBlockByNumer                         number=1
        t=2026-09-23T12:02:20+0200 lvl=warn msg=GetBlockByNumer                         number=1
        t=2026-09-23T12:02:20+0200 lvl=warn msg=GetBlockByNumer                         number=344
        t=2026-09-23T12:02:21+0200 lvl=warn msg=GetBlockByNumer                         number=1
        t=2026-09-23T12:02:21+0200 lvl=warn msg=GetBlockByNumer                         number=1
        t=2026-09-23T12:02:21+0200 lvl=warn msg=GetBlockByNumer                         number=344
        t=2026-09-23T12:02:21+0200 lvl=warn msg=GetBlockByNumer                         number=1
        t=2026-09-23T12:02:21+0200 lvl=warn msg=GetBlockByNumer                         number=1
        t=2026-09-23T12:02:21+0200 lvl=warn msg=GetBlockByNumer                         number=344
        t=2026-09-23T12:02:22+0200 lvl=warn msg=GetBlockByNumer                         number=1
        t=2026-09-23T12:02:22+0200 lvl=warn msg=GetBlockByNumer                         number=1
        t=2026-09-23T12:02:22+0200 lvl=info msg="HOTSTUFF PROPOSAL MANIFEST stored"     from=127.0.0.1:58893 number=346 proposalID=0x8cb804a3ad5df628117e535d827946a027d14006c9d6129b9f37446afedd34c3 manifestBytes=1221 missing=0 bodyBytes=1655
        t=2026-09-23T12:02:22+0200 lvl=warn msg=GetBlockByNumer                         number=344
        t=2026-09-23T12:02:22+0200 lvl=warn msg=GetBlockByNumer                         number=1
        t=2026-09-23T12:02:22+0200 lvl=warn msg=GetBlockByNumer                         number=1
        t=2026-09-23T12:02:22+0200 lvl=warn msg=GetBlockByNumer                         number=345
        t=2026-09-23T12:02:22+0200 lvl=warn msg="HandleConn drops connection: closed"   address=127.0.0.1:45292 remot=127.0.0.1:53415
        t=2026-09-23T12:02:22+0200 lvl=info msg="HOTSTUFF PROPOSAL MANIFEST stored"     from=127.0.0.1:53415 number=347 proposalID=0xb4254703451348121b2b39e9f660cae8eb0e5f448fc4a4f28778a4b72d41e2fd manifestBytes=832  missing=0 bodyBytes=832
        t=2026-09-23T12:02:23+0200 lvl=warn msg=GetBlockByNumer                         number=1
        t=2026-09-23T12:02:23+0200 lvl=warn msg=GetBlockByNumer                         number=1
        t=2026-09-23T12:02:23+0200 lvl=warn msg=GetBlockByNumer                         number=1
        t=2026-09-23T12:02:23+0200 lvl=warn msg=GetBlockByNumer                         number=346
        t=2026-09-23T12:02:23+0200 lvl=info msg="HOTSTUFF PROPOSAL MANIFEST stored"     from=127.0.0.1:49731 number=348 proposalID=0x3b7a550a36ff6340cce0a3eaf7b15ce079da020f7db08ba87c671e63b57e66c1 manifestBytes=1222 missing=0 bodyBytes=3352
        t=2026-09-23T12:02:23+0200 lvl=warn msg=GetBlockByNumer                         number=1
        t=2026-09-23T12:02:24+0200 lvl=warn msg=GetBlockByNumer                         number=1
        t=2026-09-23T12:02:24+0200 lvl=info msg="HOTSTUFF PROPOSAL MANIFEST stored"     from=127.0.0.1:49731 number=349 proposalID=0x4415c01008bdbcf5d60eeb120871b43b20bb18602661d0be065032b48660431c manifestBytes=832  missing=0 bodyBytes=832
        t=2026-09-23T12:02:24+0200 lvl=warn msg=GetBlockByNumer                         number=347
        t=2026-09-23T12:02:24+0200 lvl=warn msg=GetBlockByNumer                         number=1
        t=2026-09-23T12:02:24+0200 lvl=warn msg=GetBlockByNumer                         number=1
        t=2026-09-23T12:02:24+0200 lvl=warn msg=GetBlockByNumer                         number=348
        t=2026-09-23T12:02:24+0200 lvl=warn msg=GetBlockByNumer                         number=1
        t=2026-09-23T12:02:24+0200 lvl=warn msg=GetBlockByNumer                         number=348
        t=2026-09-23T12:02:24+0200 lvl=warn msg=GetBlockByNumer                         number=1
        t=2026-09-23T12:02:24+0200 lvl=warn msg=GetBlockByNumer                         number=348
        t=2026-09-23T12:02:28+0200 lvl=info msg="HOTSTUFF PROPOSAL MANIFEST stored"     from=127.0.0.1:49731 number=350 proposalID=0x224df6fd9a81e46be55df737bedeab34153b3b5ef503b06b44d9d3cbc12c24ce manifestBytes=1221 missing=0 bodyBytes=1655
        t=2026-09-23T12:02:28+0200 lvl=warn msg="HandleConn drops connection: closed"   address=127.0.0.1:45292 remot=127.0.0.1:49731
        t=2026-09-23T12:02:28+0200 lvl=info msg="HOTSTUFF PROPOSAL MANIFEST stored"     from=127.0.0.1:49731 number=351 proposalID=0x1925bc8f2b5b5d6b6d26aab6d9eb7d38df93218e400552f82537d2ff1f2281c0 manifestBytes=832  missing=0 bodyBytes=832
        t=2026-09-23T12:02:30+0200 lvl=info msg="HOTSTUFF PROPOSAL MANIFEST stored"     from=127.0.0.1:35288 number=352 proposalID=0xf3238c246391ea6e1fd47250796a3333700e49513bb74b968b6008a93a2c79ef manifestBytes=1222 missing=1 bodyBytes=3352
        t=2026-09-23T12:02:30+0200 lvl=warn msg="HandleConn drops connection: closed"   address=127.0.0.1:45292 remot=127.0.0.1:35288
        t=2026-09-23T12:02:30+0200 lvl=eror msg="OnPropose wait proposal body"          number=352 proposalID=0xf3238c246391ea6e1fd47250796a3333700e49513bb74b968b6008a93a2c79ef err="hotstuff view state too old"
        t=2026-09-23T12:02:30+0200 lvl=warn msg="HandleConn drops connection: closed"   address=127.0.0.1:45292 remot=127.0.0.1:58893
        t=2026-09-23T12:02:30+0200 lvl=info msg="HOTSTUFF PROPOSAL REPAIR REQUEST"      to=127.0.0.1:58893 number=353 proposalID=0x201f8f60a1255b0e2bbf551c37b81401456528596993cd34f6ca68224a656799 missing=0 attempt=0
        t=2026-09-23T12:02:30+0200 lvl=info msg="HOTSTUFF PROPOSAL MANIFEST stored"     from=127.0.0.1:58893 number=353 proposalID=0x201f8f60a1255b0e2bbf551c37b81401456528596993cd34f6ca68224a656799 manifestBytes=832  missing=0 bodyBytes=832
        t=2026-09-23T12:02:34+0200 lvl=info msg="HOTSTUFF PROPOSAL MANIFEST stored"     from=127.0.0.1:58893 number=354 proposalID=0x99d5503863691a71bb0112fad98db1dd0d11ae345bf8109246be13138ccd0292 manifestBytes=1221 missing=0 bodyBytes=1655
        t=2026-09-23T12:02:35+0200 lvl=info msg="HOTSTUFF PROPOSAL MANIFEST stored"     from=127.0.0.1:35288 number=355 proposalID=0x6f22dbc5b5077c2d84c55f5d9344bf01b105ec56855919bdf6def872e10a53b8 manifestBytes=832  missing=0 bodyBytes=832
        t=2026-09-23T12:02:37+0200 lvl=info msg="HOTSTUFF PROPOSAL MANIFEST stored"     from=127.0.0.1:33175 number=356 proposalID=0x60165dc5a72a2f33dd4db5bbad5857b930e912c1713875bdcb6e09dbd8c1b3c1 manifestBytes=1222 missing=0 bodyBytes=4400
        t=2026-09-23T12:02:37+0200 lvl=info msg="HOTSTUFF PROPOSAL MANIFEST stored"     from=127.0.0.1:49731 number=357 proposalID=0x954bac50b58b9bf7573008ca89f8daa2a3ab5c85338b3331ff73a60f496d5041 manifestBytes=832  missing=0 bodyBytes=832
        t=2026-09-23T12:02:37+0200 lvl=warn msg="HandleConn drops connection: closed"   address=127.0.0.1:45292 remot=127.0.0.1:49731
        t=2026-09-23T12:02:38+0200 lvl=info msg="HOTSTUFF PROPOSAL MANIFEST stored"     from=127.0.0.1:35288 number=358 proposalID=0xe6ff952b0585ed7999085c9478045c0d807cebb7d1e3f177648a2400df025515 manifestBytes=1222 missing=0 bodyBytes=4400
        t=2026-09-23T12:02:39+0200 lvl=info msg="HOTSTUFF PROPOSAL MANIFEST stored"     from=127.0.0.1:37609 number=359 proposalID=0x595282bbfb5d44d5f411eb4e297e3064ed70f3a6bd9473fdfe2c7ad365b56bd5 manifestBytes=832  missing=0 bodyBytes=832
        t=2026-09-23T12:02:43+0200 lvl=info msg="HOTSTUFF PROPOSAL MANIFEST stored"     from=127.0.0.1:58893 number=360 proposalID=0xc31377570e81eea4084023ec8dcc1f877adda1f3cd9476825eeafcce537e8fb9 manifestBytes=1222 missing=0 bodyBytes=22357
        t=2026-09-23T12:02:43+0200 lvl=warn msg=GetBlockByNumer                         number=246
        t=2026-09-23T12:02:43+0200 lvl=info msg="HOTSTUFF PROPOSAL REF"                 number=361 viewID=0x8b82ddd54fdc5215dcda547df97577f0028b645784e2ec0fd015f7ec1c22f7a8 proposalID=0xb54e3a708f78f39f9526de7afe309e181f45759efa9a551c43063e6286644c77 blockHash=0x35d926ec15a7064fd15769df81b87b80431443e484a5553bd2b5abc1ae6c6ad5 bodyHash=0xe52ab4be96da083fdb26356863ccc341e3019ce12d675c2331672a43839abf4e bodySize=1655  refBytes=446
        t=2026-09-23T12:02:43+0200 lvl=info msg="HOTSTUFF PROPOSAL MANIFEST stored"     from=127.0.0.1:49731 number=362 proposalID=0xcb80557ec627923aa3547d9c9bc2f2427957007542b3c7534dde31e3b9c59772 manifestBytes=832  missing=0 bodyBytes=832
        t=2026-09-23T12:02:49+0200 lvl=warn msg="HOTSTUFF RECOVERY resend NewView"      number=363 viewID=0x049578ecfb793edf1761ecdbbeca696227f2e1e7012179354345ce344f7c9b63 to=127.0.0.1:45292
        t=2026-09-23T12:02:51+0200 lvl=warn msg=GetBlockByNumer                         number=246
        t=2026-09-23T12:02:51+0200 lvl=info msg="HOTSTUFF PROPOSAL REF"                 number=363 viewID=0x049578ecfb793edf1761ecdbbeca696227f2e1e7012179354345ce344f7c9b63 proposalID=0x79fa69bf80f78a38fa034b77c8568a33ac117bb4d95c8bccaffdeff170f77135 blockHash=0x759ed672006d6309881ac4e2e828b06b993fe5404175ea7ec4cab90a13ae8d4c bodyHash=0x3e28ccdd0c5626be64dfae5afc0310d7d10aaa8e2a215811870ae7772bf5cc7d bodySize=1655  refBytes=446
        t=2026-09-23T12:02:51+0200 lvl=warn msg="Send msg try again"                    address=[::]:45292      Couldn't send to=127.0.0.1:37609 error="Operation Canceled"
        t=2026-09-23T12:02:51+0200 lvl=eror msg=CloseConnect                            =[::]:45292 having error closing conn to=127.0.0.1:37609 error="Connection Closed"
        t=2026-09-23T12:02:51+0200 lvl=warn msg=GetBlockByNumer                         number=1
        t=2026-09-23T12:02:52+0200 lvl=info msg="HOTSTUFF PROPOSAL MANIFEST stored"     from=127.0.0.1:53415 number=364 proposalID=0x38dd2d975d67e98de98018d64cb4dc14aab418fd1c664daf30a4f2beb275ff4d manifestBytes=832  missing=0 bodyBytes=832
        t=2026-09-23T12:02:52+0200 lvl=warn msg="HandleConn drops connection: closed"   address=127.0.0.1:45292 remot=127.0.0.1:53415
        t=2026-09-23T12:02:52+0200 lvl=warn msg=GetBlockByNumer                         number=1
        t=2026-09-23T12:02:52+0200 lvl=warn msg=GetBlockByNumer                         number=361
    fhs_process_recovery_test.go:236: validator 1184183 complete log: /tmp/fhs-process-failure-3816352715.log
    fhs_process_recovery_test.go:241: validator 1184183 log tail:
        r                         number=1
        t=2026-09-23T12:02:06+0200 lvl=warn msg=GetBlockByNumer                         number=330
        t=2026-09-23T12:02:06+0200 lvl=warn msg=GetBlockByNumer                         number=1
        t=2026-09-23T12:02:06+0200 lvl=warn msg=GetBlockByNumer                         number=1
        t=2026-09-23T12:02:06+0200 lvl=warn msg=GetBlockByNumer                         number=330
        t=2026-09-23T12:02:07+0200 lvl=warn msg=GetBlockByNumer                         number=1
        t=2026-09-23T12:02:07+0200 lvl=warn msg=GetBlockByNumer                         number=1
        t=2026-09-23T12:02:07+0200 lvl=warn msg=GetBlockByNumer                         number=330
        t=2026-09-23T12:02:07+0200 lvl=warn msg=GetBlockByNumer                         number=1
        t=2026-09-23T12:02:07+0200 lvl=warn msg=GetBlockByNumer                         number=1
        t=2026-09-23T12:02:07+0200 lvl=warn msg=GetBlockByNumer                         number=330
        t=2026-09-23T12:02:07+0200 lvl=info msg="HOTSTUFF PROPOSAL MANIFEST stored"     from=127.0.0.1:58893 number=332 proposalID=0x8c43c75a7e99dbbc32c27a66a81366e83c2c376458717915e8756d7b2eb6b121 manifestBytes=1222 missing=0 bodyBytes=3352
        t=2026-09-23T12:02:07+0200 lvl=warn msg=GetBlockByNumer                         number=1
        t=2026-09-23T12:02:07+0200 lvl=warn msg=GetBlockByNumer                         number=1
        t=2026-09-23T12:02:08+0200 lvl=info msg="HOTSTUFF PROPOSAL MANIFEST stored"     from=127.0.0.1:45292 number=333 proposalID=0x1394b2c28952eafe31129a529079ff0816815b1995325132f67933100108cec9 manifestBytes=832  missing=0 bodyBytes=832
        t=2026-09-23T12:02:08+0200 lvl=warn msg=GetBlockByNumer                         number=1
        t=2026-09-23T12:02:08+0200 lvl=warn msg=GetBlockByNumer                         number=331
        t=2026-09-23T12:02:08+0200 lvl=warn msg=GetBlockByNumer                         number=1
        t=2026-09-23T12:02:08+0200 lvl=info msg="HOTSTUFF PROPOSAL MANIFEST stored"     from=127.0.0.1:53415 number=334 proposalID=0x5d28ef394cd70cddf85224ebfd64f5e3957c3b7251c48c1a54cd57b10e4dfde5 manifestBytes=1222 missing=0 bodyBytes=3352
        t=2026-09-23T12:02:08+0200 lvl=warn msg=GetBlockByNumer                         number=1
        t=2026-09-23T12:02:08+0200 lvl=warn msg=GetBlockByNumer                         number=332
        t=2026-09-23T12:02:08+0200 lvl=info msg="HOTSTUFF PROPOSAL MANIFEST stored"     from=127.0.0.1:33175 number=335 proposalID=0xabc6ca95c8e50065b8a29fe8c841e1826530d7126843a452a6378e2030181a41 manifestBytes=832  missing=0 bodyBytes=832
        t=2026-09-23T12:02:08+0200 lvl=warn msg=GetBlockByNumer                         number=1
        t=2026-09-23T12:02:09+0200 lvl=warn msg=GetBlockByNumer                         number=1
        t=2026-09-23T12:02:09+0200 lvl=warn msg=GetBlockByNumer                         number=333
        t=2026-09-23T12:02:09+0200 lvl=warn msg=GetBlockByNumer                         number=1
        t=2026-09-23T12:02:09+0200 lvl=warn msg=GetBlockByNumer                         number=1
        t=2026-09-23T12:02:09+0200 lvl=warn msg=GetBlockByNumer                         number=334
        t=2026-09-23T12:02:09+0200 lvl=warn msg=GetBlockByNumer                         number=1
        t=2026-09-23T12:02:09+0200 lvl=warn msg=GetBlockByNumer                         number=1
        t=2026-09-23T12:02:09+0200 lvl=warn msg=GetBlockByNumer                         number=334
        t=2026-09-23T12:02:10+0200 lvl=warn msg=GetBlockByNumer                         number=1
        t=2026-09-23T12:02:10+0200 lvl=warn msg=GetBlockByNumer                         number=1
        t=2026-09-23T12:02:10+0200 lvl=warn msg=GetBlockByNumer                         number=334
        t=2026-09-23T12:02:10+0200 lvl=warn msg=GetBlockByNumer                         number=1
        t=2026-09-23T12:02:10+0200 lvl=warn msg=GetBlockByNumer                         number=1
        t=2026-09-23T12:02:10+0200 lvl=info msg="HOTSTUFF PROPOSAL MANIFEST stored"     from=127.0.0.1:35288 number=336 proposalID=0x8ee53b3133b135c5d14d5c1a83c43c1901c4d9e92d7e86ebb995c1259e12731a manifestBytes=1221 missing=1 bodyBytes=1655
        t=2026-09-23T12:02:10+0200 lvl=warn msg=GetBlockByNumer                         number=334
        t=2026-09-23T12:02:10+0200 lvl=eror msg="OnPropose wait proposal body"          number=336 proposalID=0x8ee53b3133b135c5d14d5c1a83c43c1901c4d9e92d7e86ebb995c1259e12731a err="hotstuff view state too old"
        t=2026-09-23T12:02:10+0200 lvl=warn msg=GetBlockByNumer                         number=1
        t=2026-09-23T12:02:10+0200 lvl=warn msg=GetBlockByNumer                         number=1
        t=2026-09-23T12:02:11+0200 lvl=info msg="HOTSTUFF PROPOSAL MANIFEST stored"     from=127.0.0.1:53415 number=337 proposalID=0x1de3bc6b6f54b96ed9ec2ce8cfc3683647efb87671a3fb875a68c17bc41350ce manifestBytes=832  missing=0 bodyBytes=832
        t=2026-09-23T12:02:11+0200 lvl=warn msg=GetBlockByNumer                         number=1
        t=2026-09-23T12:02:11+0200 lvl=warn msg=GetBlockByNumer                         number=1
        t=2026-09-23T12:02:11+0200 lvl=warn msg=GetBlockByNumer                         number=335
        t=2026-09-23T12:02:11+0200 lvl=warn msg=GetBlockByNumer                         number=1
        t=2026-09-23T12:02:11+0200 lvl=warn msg=GetBlockByNumer                         number=1
        t=2026-09-23T12:02:11+0200 lvl=warn msg=GetBlockByNumer                         number=336
        t=2026-09-23T12:02:11+0200 lvl=warn msg=GetBlockByNumer                         number=1
        t=2026-09-23T12:02:11+0200 lvl=warn msg=GetBlockByNumer                         number=1
        t=2026-09-23T12:02:12+0200 lvl=warn msg=GetBlockByNumer                         number=336
        t=2026-09-23T12:02:12+0200 lvl=warn msg=GetBlockByNumer                         number=1
        t=2026-09-23T12:02:12+0200 lvl=warn msg=GetBlockByNumer                         number=1
        t=2026-09-23T12:02:12+0200 lvl=warn msg=GetBlockByNumer                         number=336
        t=2026-09-23T12:02:12+0200 lvl=warn msg=GetBlockByNumer                         number=1
        t=2026-09-23T12:02:12+0200 lvl=warn msg=GetBlockByNumer                         number=1
        t=2026-09-23T12:02:12+0200 lvl=warn msg=GetBlockByNumer                         number=336
        t=2026-09-23T12:02:12+0200 lvl=warn msg=GetBlockByNumer                         number=1
        t=2026-09-23T12:02:12+0200 lvl=warn msg=GetBlockByNumer                         number=1
        t=2026-09-23T12:02:13+0200 lvl=warn msg=GetBlockByNumer                         number=336
        t=2026-09-23T12:02:13+0200 lvl=warn msg=GetBlockByNumer                         number=1
        t=2026-09-23T12:02:13+0200 lvl=warn msg=GetBlockByNumer                         number=1
        t=2026-09-23T12:02:13+0200 lvl=warn msg=GetBlockByNumer                         number=336
        t=2026-09-23T12:02:13+0200 lvl=info msg="HOTSTUFF PROPOSAL MANIFEST stored"     from=127.0.0.1:37609 number=338 proposalID=0xcc5436c556490187ca8eb425f1b4c04ae6dcc6a1274302de2e73ed7c25731ba9 manifestBytes=1222 missing=0 bodyBytes=3352
        t=2026-09-23T12:02:13+0200 lvl=warn msg=GetBlockByNumer                         number=1
        t=2026-09-23T12:02:13+0200 lvl=warn msg=GetBlockByNumer                         number=1
        t=2026-09-23T12:02:13+0200 lvl=info msg="HOTSTUFF PROPOSAL MANIFEST stored"     from=127.0.0.1:53415 number=339 proposalID=0x2ef62786c433f44fba218ef870637d431c89f8e5c1193b4f82de873a38f5c5d2 manifestBytes=832  missing=0 bodyBytes=832
        t=2026-09-23T12:02:13+0200 lvl=warn msg=GetBlockByNumer                         number=337
        t=2026-09-23T12:02:14+0200 lvl=warn msg=GetBlockByNumer                         number=1
        t=2026-09-23T12:02:14+0200 lvl=warn msg=GetBlockByNumer                         number=1
        t=2026-09-23T12:02:14+0200 lvl=warn msg=GetBlockByNumer                         number=338
        t=2026-09-23T12:02:14+0200 lvl=info msg="HOTSTUFF PROPOSAL MANIFEST stored"     from=127.0.0.1:58893 number=340 proposalID=0xd24892e1685d066565059716cca1ab0d56f96196152f6ebe47551d7766600351 manifestBytes=1222 missing=0 bodyBytes=3352
        t=2026-09-23T12:02:14+0200 lvl=warn msg=GetBlockByNumer                         number=1
        t=2026-09-23T12:02:14+0200 lvl=warn msg=GetBlockByNumer                         number=1
        t=2026-09-23T12:02:14+0200 lvl=info msg="HOTSTUFF PROPOSAL MANIFEST stored"     from=127.0.0.1:37609 number=341 proposalID=0xd4baa104459598fcbdb4650cba9ff02b158df35f5f83edaa882fcd3692c04966 manifestBytes=832  missing=0 bodyBytes=832
        t=2026-09-23T12:02:14+0200 lvl=warn msg=GetBlockByNumer                         number=1
        t=2026-09-23T12:02:14+0200 lvl=warn msg=GetBlockByNumer                         number=1
        t=2026-09-23T12:02:14+0200 lvl=warn msg=GetBlockByNumer                         number=339
        t=2026-09-23T12:02:15+0200 lvl=warn msg=GetBlockByNumer                         number=1
        t=2026-09-23T12:02:15+0200 lvl=warn msg=GetBlockByNumer                         number=1
        t=2026-09-23T12:02:15+0200 lvl=warn msg=GetBlockByNumer                         number=340
        t=2026-09-23T12:02:15+0200 lvl=warn msg=GetBlockByNumer                         number=1
        t=2026-09-23T12:02:15+0200 lvl=warn msg=GetBlockByNumer                         number=1
        t=2026-09-23T12:02:15+0200 lvl=warn msg=GetBlockByNumer                         number=340
        t=2026-09-23T12:02:15+0200 lvl=warn msg=GetBlockByNumer                         number=1
        t=2026-09-23T12:02:16+0200 lvl=warn msg=GetBlockByNumer                         number=1
        t=2026-09-23T12:02:16+0200 lvl=warn msg=GetBlockByNumer                         number=340
        t=2026-09-23T12:02:16+0200 lvl=warn msg=GetBlockByNumer                         number=1
        t=2026-09-23T12:02:16+0200 lvl=warn msg=GetBlockByNumer                         number=1
        t=2026-09-23T12:02:16+0200 lvl=warn msg=GetBlockByNumer                         number=340
        t=2026-09-23T12:02:16+0200 lvl=warn msg=GetBlockByNumer                         number=1
        t=2026-09-23T12:02:16+0200 lvl=warn msg=GetBlockByNumer                         number=1
        t=2026-09-23T12:02:16+0200 lvl=warn msg=GetBlockByNumer                         number=340
        t=2026-09-23T12:02:17+0200 lvl=warn msg=GetBlockByNumer                         number=1
        t=2026-09-23T12:02:17+0200 lvl=info msg="HOTSTUFF PROPOSAL MANIFEST stored"     from=127.0.0.1:58893 number=342 proposalID=0x819fdcf06c4272a10fb998959f57643d46273a8d25882322f4de7a681b2e4819 manifestBytes=1221 missing=0 bodyBytes=1655
        t=2026-09-23T12:02:17+0200 lvl=warn msg=GetBlockByNumer                         number=1
        t=2026-09-23T12:02:17+0200 lvl=warn msg=GetBlockByNumer                         number=340
        t=2026-09-23T12:02:17+0200 lvl=info msg="HOTSTUFF PROPOSAL MANIFEST stored"     from=127.0.0.1:35288 number=343 proposalID=0x5a3e7ca68fb373617dabf844148393cb2ce0a0fcced3a9b27ce20669e17f1196 manifestBytes=832  missing=0 bodyBytes=832
        t=2026-09-23T12:02:17+0200 lvl=warn msg=GetBlockByNumer                         number=1
        t=2026-09-23T12:02:17+0200 lvl=warn msg=GetBlockByNumer                         number=1
        t=2026-09-23T12:02:17+0200 lvl=warn msg=GetBlockByNumer                         number=1
        t=2026-09-23T12:02:17+0200 lvl=warn msg=GetBlockByNumer                         number=1
        t=2026-09-23T12:02:18+0200 lvl=warn msg=GetBlockByNumer                         number=1
        t=2026-09-23T12:02:18+0200 lvl=info msg="HOTSTUFF PROPOSAL MANIFEST stored"     from=127.0.0.1:37609 number=344 proposalID=0xe8c4060d4d5fe19e34f94b6083abfca73fe62f5659912f2689035d4f105833da manifestBytes=1222 missing=0 bodyBytes=3874
        t=2026-09-23T12:02:18+0200 lvl=warn msg=GetBlockByNumer                         number=1
        t=2026-09-23T12:02:18+0200 lvl=warn msg=GetBlockByNumer                         number=341
        t=2026-09-23T12:02:18+0200 lvl=info msg="HOTSTUFF PROPOSAL MANIFEST stored"     from=127.0.0.1:53415 number=345 proposalID=0xce462b05db8ea4733d735525e9689d80531282cd57703223d20cfaf59939805f manifestBytes=832  missing=0 bodyBytes=832
        t=2026-09-23T12:02:18+0200 lvl=warn msg=GetBlockByNumer                         number=1
        t=2026-09-23T12:02:18+0200 lvl=warn msg=GetBlockByNumer                         number=1
        t=2026-09-23T12:02:18+0200 lvl=warn msg=GetBlockByNumer                         number=1
        t=2026-09-23T12:02:19+0200 lvl=warn msg=GetBlockByNumer                         number=1
        t=2026-09-23T12:02:19+0200 lvl=warn msg=GetBlockByNumer                         number=1
        t=2026-09-23T12:02:19+0200 lvl=warn msg=GetBlockByNumer                         number=1
        t=2026-09-23T12:02:19+0200 lvl=warn msg=GetBlockByNumer                         number=1
        t=2026-09-23T12:02:19+0200 lvl=warn msg=GetBlockByNumer                         number=343
        t=2026-09-23T12:02:19+0200 lvl=warn msg=GetBlockByNumer                         number=1
        t=2026-09-23T12:02:19+0200 lvl=warn msg=GetBlockByNumer                         number=1
        t=2026-09-23T12:02:19+0200 lvl=warn msg=GetBlockByNumer                         number=344
        t=2026-09-23T12:02:20+0200 lvl=warn msg=GetBlockByNumer                         number=1
        t=2026-09-23T12:02:20+0200 lvl=warn msg=GetBlockByNumer                         number=1
        t=2026-09-23T12:02:20+0200 lvl=warn msg=GetBlockByNumer                         number=344
        t=2026-09-23T12:02:20+0200 lvl=warn msg=GetBlockByNumer                         number=1
        t=2026-09-23T12:02:20+0200 lvl=warn msg=GetBlockByNumer                         number=1
        t=2026-09-23T12:02:20+0200 lvl=warn msg=GetBlockByNumer                         number=344
        t=2026-09-23T12:02:20+0200 lvl=warn msg=GetBlockByNumer                         number=1
        t=2026-09-23T12:02:20+0200 lvl=warn msg=GetBlockByNumer                         number=1
        t=2026-09-23T12:02:20+0200 lvl=warn msg=GetBlockByNumer                         number=344
        t=2026-09-23T12:02:21+0200 lvl=warn msg=GetBlockByNumer                         number=1
        t=2026-09-23T12:02:21+0200 lvl=warn msg=GetBlockByNumer                         number=1
        t=2026-09-23T12:02:21+0200 lvl=warn msg=GetBlockByNumer                         number=344
        t=2026-09-23T12:02:21+0200 lvl=warn msg=GetBlockByNumer                         number=1
        t=2026-09-23T12:02:21+0200 lvl=warn msg=GetBlockByNumer                         number=1
        t=2026-09-23T12:02:21+0200 lvl=warn msg=GetBlockByNumer                         number=344
        t=2026-09-23T12:02:22+0200 lvl=warn msg=GetBlockByNumer                         number=1
        t=2026-09-23T12:02:22+0200 lvl=warn msg=GetBlockByNumer                         number=1
        t=2026-09-23T12:02:22+0200 lvl=warn msg=GetBlockByNumer                         number=344
        t=2026-09-23T12:02:22+0200 lvl=info msg="HOTSTUFF PROPOSAL MANIFEST stored"     from=127.0.0.1:58893 number=346 proposalID=0x8cb804a3ad5df628117e535d827946a027d14006c9d6129b9f37446afedd34c3 manifestBytes=1221 missing=0 bodyBytes=1655
        t=2026-09-23T12:02:22+0200 lvl=warn msg=GetBlockByNumer                         number=1
        t=2026-09-23T12:02:22+0200 lvl=warn msg=GetBlockByNumer                         number=1
        t=2026-09-23T12:02:22+0200 lvl=warn msg=GetBlockByNumer                         number=345
        t=2026-09-23T12:02:22+0200 lvl=info msg="HOTSTUFF PROPOSAL MANIFEST stored"     from=127.0.0.1:53415 number=347 proposalID=0xb4254703451348121b2b39e9f660cae8eb0e5f448fc4a4f28778a4b72d41e2fd manifestBytes=832  missing=0 bodyBytes=832
        t=2026-09-23T12:02:23+0200 lvl=warn msg=GetBlockByNumer                         number=1
        t=2026-09-23T12:02:23+0200 lvl=warn msg=GetBlockByNumer                         number=1
        t=2026-09-23T12:02:23+0200 lvl=warn msg=GetBlockByNumer                         number=1
        t=2026-09-23T12:02:23+0200 lvl=warn msg=GetBlockByNumer                         number=346
        t=2026-09-23T12:02:23+0200 lvl=warn msg=GetBlockByNumer                         number=246
        t=2026-09-23T12:02:23+0200 lvl=info msg="HOTSTUFF PROPOSAL REF"                 number=348 viewID=0x43698d6c2cf86b6c2c083a3cd755fce9fb362a360e8c9967c13b652d9abd7444 proposalID=0x3b7a550a36ff6340cce0a3eaf7b15ce079da020f7db08ba87c671e63b57e66c1 blockHash=0xd5ca7bd9a092497ccccfa32bd0bddfcddb86493a3d4adbceb54b2171f3f6e337 bodyHash=0x2af57f853796c5d6c93a6c61bf257944389b5c10100ae4f2899ea3fb4e8dcc12 bodySize=3352  refBytes=446
        t=2026-09-23T12:02:23+0200 lvl=warn msg=GetBlockByNumer                         number=1
        t=2026-09-23T12:02:23+0200 lvl=warn msg=GetBlockByNumer                         number=1
        t=2026-09-23T12:02:24+0200 lvl=warn msg=GetBlockByNumer                         number=246
        t=2026-09-23T12:02:24+0200 lvl=info msg="HOTSTUFF PROPOSAL REF"                 number=349 viewID=0xd13c8e40f9d17e29ceec14a2a5f6522ded793660f6c501a307cbfbc7f8aa46c1 proposalID=0x4415c01008bdbcf5d60eeb120871b43b20bb18602661d0be065032b48660431c blockHash=0xc379957f2310a930b3b17d6efd6a0b65f970c02fb47734435cdc0749f6b2c5d4 bodyHash=0x82079af71341240d6b99659f9f620d1c64748cd296e3bb012107db0ecd5d5038 bodySize=832   refBytes=443
        t=2026-09-23T12:02:24+0200 lvl=warn msg="Send msg try again"                    address=[::]:49731      Couldn't send to=127.0.0.1:37609 error="Operation Canceled"
        t=2026-09-23T12:02:24+0200 lvl=eror msg=CloseConnect                            =[::]:49731 having error closing conn to=127.0.0.1:37609 error="Connection Closed"
        t=2026-09-23T12:02:24+0200 lvl=warn msg=GetBlockByNumer                         number=347
        t=2026-09-23T12:02:24+0200 lvl=warn msg=GetBlockByNumer                         number=1
        t=2026-09-23T12:02:24+0200 lvl=warn msg=GetBlockByNumer                         number=1
        t=2026-09-23T12:02:24+0200 lvl=warn msg=GetBlockByNumer                         number=348
        t=2026-09-23T12:02:24+0200 lvl=warn msg=GetBlockByNumer                         number=1
        t=2026-09-23T12:02:24+0200 lvl=warn msg=GetBlockByNumer                         number=348
        t=2026-09-23T12:02:24+0200 lvl=warn msg=GetBlockByNumer                         number=1
        t=2026-09-23T12:02:24+0200 lvl=warn msg=GetBlockByNumer                         number=348
        t=2026-09-23T12:02:28+0200 lvl=warn msg=GetBlockByNumer                         number=246
        t=2026-09-23T12:02:28+0200 lvl=info msg="HOTSTUFF PROPOSAL REF"                 number=350 viewID=0x61b0f1432c1007a6e69fa768573b8673356693e98f4dbe3cbec17e536a249ccb proposalID=0x224df6fd9a81e46be55df737bedeab34153b3b5ef503b06b44d9d3cbc12c24ce blockHash=0x14a43a1573c72f14a1b9a6d410ca3fc45a51ee621bcd143ac3e0c744f317eaf1 bodyHash=0x680795170052617c3ae211e0af4614d1e9391e0cf30dba5d327565447e62394e bodySize=1655  refBytes=446
        t=2026-09-23T12:02:28+0200 lvl=warn msg="Send msg try again"                    address=[::]:49731      Couldn't send to=127.0.0.1:33175 error="Operation Canceled"
        t=2026-09-23T12:02:28+0200 lvl=eror msg=CloseConnect                            =[::]:49731 having error closing conn to=127.0.0.1:33175 error="Connection Closed"
        t=2026-09-23T12:02:28+0200 lvl=warn msg=GetBlockByNumer                         number=246
        t=2026-09-23T12:02:28+0200 lvl=info msg="HOTSTUFF PROPOSAL REF"                 number=351 viewID=0xf7495a22fb8bf0d068a6c0b7e77ec9736ed5cc5bc5d5969e8b3ddd1d6f4da63c proposalID=0x1925bc8f2b5b5d6b6d26aab6d9eb7d38df93218e400552f82537d2ff1f2281c0 blockHash=0xb2df22f6991cb622808312693d4c644f40daf340e08cbb2d964fe66afe3de53f bodyHash=0x03ae3b59f3e1e4eee12cb2c05c3d3eaed78d53fb83e03c625db09891812fb89e bodySize=832   refBytes=443
        t=2026-09-23T12:02:28+0200 lvl=warn msg="Send msg try again"                    address=[::]:49731      Couldn't send to=127.0.0.1:45292 error="Operation Canceled"
        t=2026-09-23T12:02:28+0200 lvl=eror msg=CloseConnect                            =[::]:49731 having error closing conn to=127.0.0.1:45292 error="Connection Closed"
        t=2026-09-23T12:02:28+0200 lvl=warn msg="Send msg try again"                    address=[::]:49731      Couldn't send to=127.0.0.1:53415 error="Operation Canceled"
        t=2026-09-23T12:02:28+0200 lvl=eror msg=CloseConnect                            =[::]:49731 having error closing conn to=127.0.0.1:42174 error="Connection Closed"
        t=2026-09-23T12:02:30+0200 lvl=info msg="HOTSTUFF PROPOSAL MANIFEST stored"     from=127.0.0.1:35288 number=352 proposalID=0xf3238c246391ea6e1fd47250796a3333700e49513bb74b968b6008a93a2c79ef manifestBytes=1222 missing=0 bodyBytes=3352
        t=2026-09-23T12:02:30+0200 lvl=info msg="HOTSTUFF PROPOSAL MANIFEST stored"     from=127.0.0.1:58893 number=353 proposalID=0x201f8f60a1255b0e2bbf551c37b81401456528596993cd34f6ca68224a656799 manifestBytes=832  missing=0 bodyBytes=832
        t=2026-09-23T12:02:34+0200 lvl=info msg="HOTSTUFF PROPOSAL MANIFEST stored"     from=127.0.0.1:58893 number=354 proposalID=0x99d5503863691a71bb0112fad98db1dd0d11ae345bf8109246be13138ccd0292 manifestBytes=1221 missing=0 bodyBytes=1655
        t=2026-09-23T12:02:35+0200 lvl=info msg="HOTSTUFF PROPOSAL MANIFEST stored"     from=127.0.0.1:35288 number=355 proposalID=0x6f22dbc5b5077c2d84c55f5d9344bf01b105ec56855919bdf6def872e10a53b8 manifestBytes=832  missing=0 bodyBytes=832
        t=2026-09-23T12:02:37+0200 lvl=info msg="HOTSTUFF PROPOSAL MANIFEST stored"     from=127.0.0.1:33175 number=356 proposalID=0x60165dc5a72a2f33dd4db5bbad5857b930e912c1713875bdcb6e09dbd8c1b3c1 manifestBytes=1222 missing=0 bodyBytes=4400
        t=2026-09-23T12:02:37+0200 lvl=warn msg=GetBlockByNumer                         number=246
        t=2026-09-23T12:02:37+0200 lvl=info msg="HOTSTUFF PROPOSAL REF"                 number=357 viewID=0x90dbe028ff515b8e8bab35f6b460c3ac55719cec005f4f99fa025fedf1939761 proposalID=0x954bac50b58b9bf7573008ca89f8daa2a3ab5c85338b3331ff73a60f496d5041 blockHash=0x0f381eda35a039cd8a17cf4425c81dc403dab1f16fb4d73993de62206f00fff1 bodyHash=0xa55ade1d74bfa023d9df3e73e7b520284b2452ed76cac95adda527a5e164377b bodySize=832   refBytes=443
        t=2026-09-23T12:02:37+0200 lvl=warn msg="Send msg try again"                    address=[::]:49731      Couldn't send to=127.0.0.1:45292 error="Operation Canceled"
        t=2026-09-23T12:02:37+0200 lvl=eror msg=CloseConnect                            =[::]:49731 having error closing conn to=127.0.0.1:45292 error="Connection Closed"
        t=2026-09-23T12:02:38+0200 lvl=info msg="HOTSTUFF PROPOSAL MANIFEST stored"     from=127.0.0.1:35288 number=358 proposalID=0xe6ff952b0585ed7999085c9478045c0d807cebb7d1e3f177648a2400df025515 manifestBytes=1222 missing=0 bodyBytes=4400
        t=2026-09-23T12:02:39+0200 lvl=info msg="HOTSTUFF PROPOSAL MANIFEST stored"     from=127.0.0.1:37609 number=359 proposalID=0x595282bbfb5d44d5f411eb4e297e3064ed70f3a6bd9473fdfe2c7ad365b56bd5 manifestBytes=832  missing=0 bodyBytes=832
        t=2026-09-23T12:02:43+0200 lvl=info msg="HOTSTUFF PROPOSAL MANIFEST stored"     from=127.0.0.1:58893 number=360 proposalID=0xc31377570e81eea4084023ec8dcc1f877adda1f3cd9476825eeafcce537e8fb9 manifestBytes=1222 missing=0 bodyBytes=22357
        t=2026-09-23T12:02:43+0200 lvl=info msg="HOTSTUFF PROPOSAL MANIFEST stored"     from=127.0.0.1:45292 number=361 proposalID=0xb54e3a708f78f39f9526de7afe309e181f45759efa9a551c43063e6286644c77 manifestBytes=1221 missing=0 bodyBytes=1655
        t=2026-09-23T12:02:43+0200 lvl=warn msg=GetBlockByNumer                         number=246
        t=2026-09-23T12:02:43+0200 lvl=info msg="HOTSTUFF PROPOSAL REF"                 number=362 viewID=0x2b7404f32bb0b3e3188da3d0025d76c54e24f504729d63250ade91efaa3dea87 proposalID=0xcb80557ec627923aa3547d9c9bc2f2427957007542b3c7534dde31e3b9c59772 blockHash=0xaacc4aa7fd2494a714f61bcd5e67cf6d88c53c37f3d491c2de28cd3d450a81fc bodyHash=0x87bfa5e35615515ec9e8d619565cb31192af879a66f60ea3ecc04d5236e539fd bodySize=832   refBytes=443
        t=2026-09-23T12:02:49+0200 lvl=warn msg="HOTSTUFF RECOVERY resend NewView"      number=363 viewID=0x049578ecfb793edf1761ecdbbeca696227f2e1e7012179354345ce344f7c9b63 to=127.0.0.1:45292
        t=2026-09-23T12:02:51+0200 lvl=info msg="HOTSTUFF PROPOSAL MANIFEST stored"     from=127.0.0.1:45292 number=363 proposalID=0x79fa69bf80f78a38fa034b77c8568a33ac117bb4d95c8bccaffdeff170f77135 manifestBytes=1221 missing=0 bodyBytes=1655
        t=2026-09-23T12:02:51+0200 lvl=warn msg=GetBlockByNumer                         number=1
        t=2026-09-23T12:02:52+0200 lvl=info msg="HOTSTUFF PROPOSAL MANIFEST stored"     from=127.0.0.1:53415 number=364 proposalID=0x38dd2d975d67e98de98018d64cb4dc14aab418fd1c664daf30a4f2beb275ff4d manifestBytes=832  missing=0 bodyBytes=832
        t=2026-09-23T12:02:52+0200 lvl=warn msg=GetBlockByNumer                         number=1
        t=2026-09-23T12:02:52+0200 lvl=warn msg=GetBlockByNumer                         number=361
    fhs_process_recovery_test.go:236: validator 1184176 complete log: /tmp/fhs-process-failure-3376055164.log
    fhs_process_recovery_test.go:241: validator 1184176 log tail:
        OPOSAL MANIFEST stored"     from=127.0.0.1:35288 number=336 proposalID=0x8ee53b3133b135c5d14d5c1a83c43c1901c4d9e92d7e86ebb995c1259e12731a manifestBytes=1221 missing=1 bodyBytes=1655
        t=2026-09-23T12:02:10+0200 lvl=warn msg=GetBlockByNumer                         number=334
        t=2026-09-23T12:02:10+0200 lvl=eror msg="OnPropose wait proposal body"          number=336 proposalID=0x8ee53b3133b135c5d14d5c1a83c43c1901c4d9e92d7e86ebb995c1259e12731a err="hotstuff view state too old"
        t=2026-09-23T12:02:10+0200 lvl=warn msg="reject new-view before storage"        from=127.0.0.1:35288 viewID=0x55b81a531a2c6b75ce8e70401339f79c0ed648ec5cefac486059bec6a0cf9ffe err="hotstuff proposal validation pending"
        t=2026-09-23T12:02:10+0200 lvl=warn msg="reject new-view before storage"        from=127.0.0.1:58893 viewID=0x55b81a531a2c6b75ce8e70401339f79c0ed648ec5cefac486059bec6a0cf9ffe err="hotstuff proposal validation pending"
        t=2026-09-23T12:02:10+0200 lvl=warn msg="reject new-view before storage"        from=127.0.0.1:33175 viewID=0x55b81a531a2c6b75ce8e70401339f79c0ed648ec5cefac486059bec6a0cf9ffe err="hotstuff proposal validation pending"
        t=2026-09-23T12:02:10+0200 lvl=warn msg="reject new-view before storage"        from=127.0.0.1:45292 viewID=0x55b81a531a2c6b75ce8e70401339f79c0ed648ec5cefac486059bec6a0cf9ffe err="hotstuff proposal validation pending"
        t=2026-09-23T12:02:10+0200 lvl=warn msg="reject new-view before storage"        from=127.0.0.1:37609 viewID=0x55b81a531a2c6b75ce8e70401339f79c0ed648ec5cefac486059bec6a0cf9ffe err="hotstuff proposal validation pending"
        t=2026-09-23T12:02:10+0200 lvl=warn msg=GetBlockByNumer                         number=1
        t=2026-09-23T12:02:10+0200 lvl=warn msg=GetBlockByNumer                         number=1
        t=2026-09-23T12:02:11+0200 lvl=warn msg=GetBlockByNumer                         number=246
        t=2026-09-23T12:02:11+0200 lvl=info msg="HOTSTUFF PROPOSAL REF"                 number=337 viewID=0x55b81a531a2c6b75ce8e70401339f79c0ed648ec5cefac486059bec6a0cf9ffe proposalID=0x1de3bc6b6f54b96ed9ec2ce8cfc3683647efb87671a3fb875a68c17bc41350ce blockHash=0x3a245ff81fc043dcdae7ca1de19f498a4450d4a311ab4b6028f17e65f21a542d bodyHash=0xe6d715ac340335494b593312fd56231fc629df41e8f2b51a07e075754e5cc09c bodySize=832   refBytes=443
        t=2026-09-23T12:02:11+0200 lvl=warn msg=GetBlockByNumer                         number=1
        t=2026-09-23T12:02:11+0200 lvl=warn msg=GetBlockByNumer                         number=1
        t=2026-09-23T12:02:11+0200 lvl=warn msg=GetBlockByNumer                         number=335
        t=2026-09-23T12:02:11+0200 lvl=warn msg=GetBlockByNumer                         number=1
        t=2026-09-23T12:02:11+0200 lvl=warn msg=GetBlockByNumer                         number=1
        t=2026-09-23T12:02:11+0200 lvl=warn msg=GetBlockByNumer                         number=336
        t=2026-09-23T12:02:11+0200 lvl=warn msg=GetBlockByNumer                         number=1
        t=2026-09-23T12:02:11+0200 lvl=warn msg=GetBlockByNumer                         number=1
        t=2026-09-23T12:02:12+0200 lvl=warn msg=GetBlockByNumer                         number=336
        t=2026-09-23T12:02:12+0200 lvl=warn msg=GetBlockByNumer                         number=1
        t=2026-09-23T12:02:12+0200 lvl=warn msg=GetBlockByNumer                         number=1
        t=2026-09-23T12:02:12+0200 lvl=warn msg=GetBlockByNumer                         number=336
        t=2026-09-23T12:02:12+0200 lvl=warn msg=GetBlockByNumer                         number=1
        t=2026-09-23T12:02:12+0200 lvl=warn msg=GetBlockByNumer                         number=1
        t=2026-09-23T12:02:12+0200 lvl=warn msg=GetBlockByNumer                         number=336
        t=2026-09-23T12:02:12+0200 lvl=warn msg=GetBlockByNumer                         number=1
        t=2026-09-23T12:02:12+0200 lvl=warn msg=GetBlockByNumer                         number=1
        t=2026-09-23T12:02:13+0200 lvl=warn msg=GetBlockByNumer                         number=336
        t=2026-09-23T12:02:13+0200 lvl=warn msg=GetBlockByNumer                         number=1
        t=2026-09-23T12:02:13+0200 lvl=warn msg=GetBlockByNumer                         number=1
        t=2026-09-23T12:02:13+0200 lvl=warn msg=GetBlockByNumer                         number=336
        t=2026-09-23T12:02:13+0200 lvl=info msg="HOTSTUFF PROPOSAL MANIFEST stored"     from=127.0.0.1:37609 number=338 proposalID=0xcc5436c556490187ca8eb425f1b4c04ae6dcc6a1274302de2e73ed7c25731ba9 manifestBytes=1222 missing=0 bodyBytes=3352
        t=2026-09-23T12:02:13+0200 lvl=warn msg=GetBlockByNumer                         number=1
        t=2026-09-23T12:02:13+0200 lvl=warn msg=GetBlockByNumer                         number=1
        t=2026-09-23T12:02:13+0200 lvl=warn msg=GetBlockByNumer                         number=246
        t=2026-09-23T12:02:13+0200 lvl=info msg="HOTSTUFF PROPOSAL REF"                 number=339 viewID=0x6349a7afab0f044226439386a4d80e786017f747599e58695b97dcfe30cd4654 proposalID=0x2ef62786c433f44fba218ef870637d431c89f8e5c1193b4f82de873a38f5c5d2 blockHash=0x745912ca784ad2abd61cc7bde55724d10a4b4b9adc95a4b3fd53d31a34c994ee bodyHash=0xdeef76d36105a0c864914db7d6eb4325b246f2d858faba28899566326d5e8307 bodySize=832   refBytes=443
        t=2026-09-23T12:02:13+0200 lvl=warn msg=GetBlockByNumer                         number=337
        t=2026-09-23T12:02:14+0200 lvl=warn msg=GetBlockByNumer                         number=1
        t=2026-09-23T12:02:14+0200 lvl=warn msg=GetBlockByNumer                         number=1
        t=2026-09-23T12:02:14+0200 lvl=warn msg=GetBlockByNumer                         number=338
        t=2026-09-23T12:02:14+0200 lvl=info msg="HOTSTUFF PROPOSAL MANIFEST stored"     from=127.0.0.1:58893 number=340 proposalID=0xd24892e1685d066565059716cca1ab0d56f96196152f6ebe47551d7766600351 manifestBytes=1222 missing=0 bodyBytes=3352
        t=2026-09-23T12:02:14+0200 lvl=warn msg=GetBlockByNumer                         number=1
        t=2026-09-23T12:02:14+0200 lvl=warn msg=GetBlockByNumer                         number=1
        t=2026-09-23T12:02:14+0200 lvl=info msg="HOTSTUFF PROPOSAL MANIFEST stored"     from=127.0.0.1:37609 number=341 proposalID=0xd4baa104459598fcbdb4650cba9ff02b158df35f5f83edaa882fcd3692c04966 manifestBytes=832  missing=0 bodyBytes=832
        t=2026-09-23T12:02:14+0200 lvl=warn msg=GetBlockByNumer                         number=1
        t=2026-09-23T12:02:14+0200 lvl=warn msg=GetBlockByNumer                         number=1
        t=2026-09-23T12:02:14+0200 lvl=warn msg=GetBlockByNumer                         number=339
        t=2026-09-23T12:02:15+0200 lvl=warn msg=GetBlockByNumer                         number=1
        t=2026-09-23T12:02:15+0200 lvl=warn msg=GetBlockByNumer                         number=1
        t=2026-09-23T12:02:15+0200 lvl=warn msg=GetBlockByNumer                         number=340
        t=2026-09-23T12:02:15+0200 lvl=warn msg=GetBlockByNumer                         number=1
        t=2026-09-23T12:02:15+0200 lvl=warn msg=GetBlockByNumer                         number=1
        t=2026-09-23T12:02:15+0200 lvl=warn msg=GetBlockByNumer                         number=340
        t=2026-09-23T12:02:15+0200 lvl=warn msg=GetBlockByNumer                         number=1
        t=2026-09-23T12:02:15+0200 lvl=warn msg=GetBlockByNumer                         number=1
        t=2026-09-23T12:02:16+0200 lvl=warn msg=GetBlockByNumer                         number=340
        t=2026-09-23T12:02:16+0200 lvl=warn msg=GetBlockByNumer                         number=1
        t=2026-09-23T12:02:16+0200 lvl=warn msg=GetBlockByNumer                         number=1
        t=2026-09-23T12:02:16+0200 lvl=warn msg=GetBlockByNumer                         number=340
        t=2026-09-23T12:02:16+0200 lvl=warn msg=GetBlockByNumer                         number=1
        t=2026-09-23T12:02:16+0200 lvl=warn msg=GetBlockByNumer                         number=1
        t=2026-09-23T12:02:16+0200 lvl=warn msg=GetBlockByNumer                         number=340
        t=2026-09-23T12:02:17+0200 lvl=warn msg=GetBlockByNumer                         number=1
        t=2026-09-23T12:02:17+0200 lvl=info msg="HOTSTUFF PROPOSAL MANIFEST stored"     from=127.0.0.1:58893 number=342 proposalID=0x819fdcf06c4272a10fb998959f57643d46273a8d25882322f4de7a681b2e4819 manifestBytes=1221 missing=0 bodyBytes=1655
        t=2026-09-23T12:02:17+0200 lvl=warn msg=GetBlockByNumer                         number=1
        t=2026-09-23T12:02:17+0200 lvl=warn msg=GetBlockByNumer                         number=340
        t=2026-09-23T12:02:17+0200 lvl=info msg="HOTSTUFF PROPOSAL MANIFEST stored"     from=127.0.0.1:35288 number=343 proposalID=0x5a3e7ca68fb373617dabf844148393cb2ce0a0fcced3a9b27ce20669e17f1196 manifestBytes=832  missing=0 bodyBytes=832
        t=2026-09-23T12:02:17+0200 lvl=warn msg=GetBlockByNumer                         number=1
        t=2026-09-23T12:02:17+0200 lvl=warn msg=GetBlockByNumer                         number=1
        t=2026-09-23T12:02:17+0200 lvl=warn msg=GetBlockByNumer                         number=1
        t=2026-09-23T12:02:17+0200 lvl=warn msg=GetBlockByNumer                         number=1
        t=2026-09-23T12:02:18+0200 lvl=warn msg=GetBlockByNumer                         number=1
        t=2026-09-23T12:02:18+0200 lvl=info msg="HOTSTUFF PROPOSAL MANIFEST stored"     from=127.0.0.1:37609 number=344 proposalID=0xe8c4060d4d5fe19e34f94b6083abfca73fe62f5659912f2689035d4f105833da manifestBytes=1222 missing=0 bodyBytes=3874
        t=2026-09-23T12:02:18+0200 lvl=warn msg=GetBlockByNumer                         number=1
        t=2026-09-23T12:02:18+0200 lvl=warn msg=GetBlockByNumer                         number=341
        t=2026-09-23T12:02:18+0200 lvl=warn msg=GetBlockByNumer                         number=246
        t=2026-09-23T12:02:18+0200 lvl=info msg="HOTSTUFF PROPOSAL REF"                 number=345 viewID=0x52ffbe011893df3b366ab93ba3e858bc1cc675422a1718b2b12f82b8fc3e9e56 proposalID=0xce462b05db8ea4733d735525e9689d80531282cd57703223d20cfaf59939805f blockHash=0xb1a15052d522ec6709061795b8147058985895a227349be61a22ab3ab356a271 bodyHash=0x86dae77f57c08823c3984117eb117282bc60af65d5c293d9ff025acd100c836d bodySize=832   refBytes=443
        t=2026-09-23T12:02:18+0200 lvl=warn msg=GetBlockByNumer                         number=1
        t=2026-09-23T12:02:18+0200 lvl=warn msg=GetBlockByNumer                         number=1
        t=2026-09-23T12:02:18+0200 lvl=warn msg=GetBlockByNumer                         number=1
        t=2026-09-23T12:02:19+0200 lvl=warn msg=GetBlockByNumer                         number=1
        t=2026-09-23T12:02:19+0200 lvl=warn msg=GetBlockByNumer                         number=1
        t=2026-09-23T12:02:19+0200 lvl=warn msg=GetBlockByNumer                         number=1
        t=2026-09-23T12:02:19+0200 lvl=warn msg=GetBlockByNumer                         number=1
        t=2026-09-23T12:02:19+0200 lvl=warn msg=GetBlockByNumer                         number=343
        t=2026-09-23T12:02:19+0200 lvl=warn msg=GetBlockByNumer                         number=1
        t=2026-09-23T12:02:19+0200 lvl=warn msg=GetBlockByNumer                         number=1
        t=2026-09-23T12:02:19+0200 lvl=warn msg=GetBlockByNumer                         number=344
        t=2026-09-23T12:02:20+0200 lvl=warn msg=GetBlockByNumer                         number=1
        t=2026-09-23T12:02:20+0200 lvl=warn msg=GetBlockByNumer                         number=1
        t=2026-09-23T12:02:20+0200 lvl=warn msg=GetBlockByNumer                         number=344
        t=2026-09-23T12:02:20+0200 lvl=warn msg=GetBlockByNumer                         number=1
        t=2026-09-23T12:02:20+0200 lvl=warn msg=GetBlockByNumer                         number=1
        t=2026-09-23T12:02:20+0200 lvl=warn msg=GetBlockByNumer                         number=344
        t=2026-09-23T12:02:20+0200 lvl=warn msg=GetBlockByNumer                         number=1
        t=2026-09-23T12:02:20+0200 lvl=warn msg=GetBlockByNumer                         number=1
        t=2026-09-23T12:02:20+0200 lvl=warn msg=GetBlockByNumer                         number=344
        t=2026-09-23T12:02:21+0200 lvl=warn msg=GetBlockByNumer                         number=1
        t=2026-09-23T12:02:21+0200 lvl=warn msg=GetBlockByNumer                         number=1
        t=2026-09-23T12:02:21+0200 lvl=warn msg=GetBlockByNumer                         number=344
        t=2026-09-23T12:02:21+0200 lvl=warn msg=GetBlockByNumer                         number=1
        t=2026-09-23T12:02:21+0200 lvl=warn msg=GetBlockByNumer                         number=1
        t=2026-09-23T12:02:21+0200 lvl=warn msg=GetBlockByNumer                         number=344
        t=2026-09-23T12:02:22+0200 lvl=warn msg=GetBlockByNumer                         number=1
        t=2026-09-23T12:02:22+0200 lvl=warn msg=GetBlockByNumer                         number=1
        t=2026-09-23T12:02:22+0200 lvl=warn msg=GetBlockByNumer                         number=344
        t=2026-09-23T12:02:22+0200 lvl=info msg="HOTSTUFF PROPOSAL MANIFEST stored"     from=127.0.0.1:58893 number=346 proposalID=0x8cb804a3ad5df628117e535d827946a027d14006c9d6129b9f37446afedd34c3 manifestBytes=1221 missing=0 bodyBytes=1655
        t=2026-09-23T12:02:22+0200 lvl=warn msg="HandleConn drops connection: closed"   address=127.0.0.1:53415 remot=127.0.0.1:58893
        t=2026-09-23T12:02:22+0200 lvl=info msg="HOTSTUFF PROPOSAL MANIFEST stored"     from=127.0.0.1:58893 number=346 proposalID=0x8cb804a3ad5df628117e535d827946a027d14006c9d6129b9f37446afedd34c3 manifestBytes=1221 missing=0 bodyBytes=1655
        t=2026-09-23T12:02:22+0200 lvl=warn msg="reject new-view before storage"        from=127.0.0.1:58893 viewID=0x7575e291a0391c3cf8a6815bf24229079902f71d0cc3affbdbb41f6c2363158a err="hotstuff proposal validation pending"
        t=2026-09-23T12:02:22+0200 lvl=warn msg="reject new-view before storage"        from=127.0.0.1:37609 viewID=0x7575e291a0391c3cf8a6815bf24229079902f71d0cc3affbdbb41f6c2363158a err="hotstuff proposal validation pending"
        t=2026-09-23T12:02:22+0200 lvl=warn msg="reject new-view before storage"        from=127.0.0.1:45292 viewID=0x7575e291a0391c3cf8a6815bf24229079902f71d0cc3affbdbb41f6c2363158a err="hotstuff proposal validation pending"
        t=2026-09-23T12:02:22+0200 lvl=warn msg=GetBlockByNumer                         number=1
        t=2026-09-23T12:02:22+0200 lvl=warn msg=GetBlockByNumer                         number=1
        t=2026-09-23T12:02:22+0200 lvl=warn msg=GetBlockByNumer                         number=345
        t=2026-09-23T12:02:22+0200 lvl=warn msg=GetBlockByNumer                         number=246
        t=2026-09-23T12:02:22+0200 lvl=info msg="HOTSTUFF PROPOSAL REF"                 number=347 viewID=0x7575e291a0391c3cf8a6815bf24229079902f71d0cc3affbdbb41f6c2363158a proposalID=0xb4254703451348121b2b39e9f660cae8eb0e5f448fc4a4f28778a4b72d41e2fd blockHash=0xfef1c2a517c422cd9f67f74097bb5ceb8702291f7f230b1e17aa1d24197fa09d bodyHash=0x3d6a1b1c25ff87c087a0a87e150f8d4bc4d27aa8df844b38c335c8bb9abfab27 bodySize=832   refBytes=443
        t=2026-09-23T12:02:22+0200 lvl=warn msg="Send msg try again"                    address=[::]:53415      Couldn't send to=127.0.0.1:35288 error="Operation Canceled"
        t=2026-09-23T12:02:22+0200 lvl=eror msg=CloseConnect                            =[::]:53415 having error closing conn to=127.0.0.1:35288 error="Connection Closed"
        t=2026-09-23T12:02:22+0200 lvl=warn msg="Send msg try again"                    address=[::]:53415      Couldn't send to=127.0.0.1:45292 error="Operation Canceled"
        t=2026-09-23T12:02:22+0200 lvl=eror msg=CloseConnect                            =[::]:53415 having error closing conn to=127.0.0.1:45292 error="Connection Closed"
        t=2026-09-23T12:02:23+0200 lvl=warn msg=GetBlockByNumer                         number=1
        t=2026-09-23T12:02:23+0200 lvl=warn msg=GetBlockByNumer                         number=1
        t=2026-09-23T12:02:23+0200 lvl=warn msg=GetBlockByNumer                         number=1
        t=2026-09-23T12:02:23+0200 lvl=warn msg=GetBlockByNumer                         number=346
        t=2026-09-23T12:02:23+0200 lvl=info msg="HOTSTUFF PROPOSAL MANIFEST stored"     from=127.0.0.1:49731 number=348 proposalID=0x3b7a550a36ff6340cce0a3eaf7b15ce079da020f7db08ba87c671e63b57e66c1 manifestBytes=1222 missing=0 bodyBytes=3352
        t=2026-09-23T12:02:23+0200 lvl=warn msg=GetBlockByNumer                         number=1
        t=2026-09-23T12:02:23+0200 lvl=warn msg=GetBlockByNumer                         number=1
        t=2026-09-23T12:02:24+0200 lvl=info msg="HOTSTUFF PROPOSAL MANIFEST stored"     from=127.0.0.1:49731 number=349 proposalID=0x4415c01008bdbcf5d60eeb120871b43b20bb18602661d0be065032b48660431c manifestBytes=832  missing=0 bodyBytes=832
        t=2026-09-23T12:02:24+0200 lvl=warn msg=GetBlockByNumer                         number=347
        t=2026-09-23T12:02:24+0200 lvl=warn msg=GetBlockByNumer                         number=1
        t=2026-09-23T12:02:24+0200 lvl=warn msg=GetBlockByNumer                         number=1
        t=2026-09-23T12:02:24+0200 lvl=warn msg=GetBlockByNumer                         number=348
        t=2026-09-23T12:02:24+0200 lvl=warn msg=GetBlockByNumer                         number=1
        t=2026-09-23T12:02:24+0200 lvl=warn msg=GetBlockByNumer                         number=348
        t=2026-09-23T12:02:24+0200 lvl=warn msg=GetBlockByNumer                         number=1
        t=2026-09-23T12:02:24+0200 lvl=warn msg=GetBlockByNumer                         number=348
        t=2026-09-23T12:02:28+0200 lvl=info msg="HOTSTUFF PROPOSAL MANIFEST stored"     from=127.0.0.1:49731 number=350 proposalID=0x224df6fd9a81e46be55df737bedeab34153b3b5ef503b06b44d9d3cbc12c24ce manifestBytes=1221 missing=1 bodyBytes=1655
        t=2026-09-23T12:02:28+0200 lvl=eror msg="OnPropose wait proposal body"          number=350 proposalID=0x224df6fd9a81e46be55df737bedeab34153b3b5ef503b06b44d9d3cbc12c24ce err="hotstuff view state too old"
        t=2026-09-23T12:02:28+0200 lvl=warn msg="HOTSTUFF PROPOSAL MANIFEST authority rejected" from=127.0.0.1:49731 leader=127.0.0.1:49731 number=351 proposalID=0x1925bc8f2b5b5d6b6d26aab6d9eb7d38df93218e400552f82537d2ff1f2281c0 err="proposal manifest does not match the current deterministic leader route: manifest key committee is already canonical but is not the current route"
        t=2026-09-23T12:02:28+0200 lvl=warn msg="HandleConn drops connection: closed"   address=127.0.0.1:53415 remot=127.0.0.1:49731
        t=2026-09-23T12:02:28+0200 lvl=warn msg="HOTSTUFF PROPOSAL MANIFEST authority rejected" from=127.0.0.1:49731 leader=127.0.0.1:49731 number=351 proposalID=0x1925bc8f2b5b5d6b6d26aab6d9eb7d38df93218e400552f82537d2ff1f2281c0 err="proposal manifest does not match the current deterministic leader route: manifest key committee is already canonical but is not the current route"
        t=2026-09-23T12:02:28+0200 lvl=info msg="HOTSTUFF PROPOSAL REPAIR REQUEST"      to=127.0.0.1:49731 number=351 proposalID=0x1925bc8f2b5b5d6b6d26aab6d9eb7d38df93218e400552f82537d2ff1f2281c0 missing=0 attempt=0
        t=2026-09-23T12:02:28+0200 lvl=info msg="HOTSTUFF PROPOSAL MANIFEST stored"     from=127.0.0.1:49731 number=351 proposalID=0x1925bc8f2b5b5d6b6d26aab6d9eb7d38df93218e400552f82537d2ff1f2281c0 manifestBytes=832  missing=0 bodyBytes=832
        t=2026-09-23T12:02:30+0200 lvl=info msg="HOTSTUFF PROPOSAL MANIFEST stored"     from=127.0.0.1:35288 number=352 proposalID=0xf3238c246391ea6e1fd47250796a3333700e49513bb74b968b6008a93a2c79ef manifestBytes=1222 missing=0 bodyBytes=3352
        t=2026-09-23T12:02:30+0200 lvl=info msg="HOTSTUFF PROPOSAL MANIFEST stored"     from=127.0.0.1:58893 number=353 proposalID=0x201f8f60a1255b0e2bbf551c37b81401456528596993cd34f6ca68224a656799 manifestBytes=832  missing=0 bodyBytes=832
        t=2026-09-23T12:02:34+0200 lvl=info msg="HOTSTUFF PROPOSAL MANIFEST stored"     from=127.0.0.1:58893 number=354 proposalID=0x99d5503863691a71bb0112fad98db1dd0d11ae345bf8109246be13138ccd0292 manifestBytes=1221 missing=0 bodyBytes=1655
        t=2026-09-23T12:02:35+0200 lvl=info msg="HOTSTUFF PROPOSAL MANIFEST stored"     from=127.0.0.1:35288 number=355 proposalID=0x6f22dbc5b5077c2d84c55f5d9344bf01b105ec56855919bdf6def872e10a53b8 manifestBytes=832  missing=0 bodyBytes=832
        t=2026-09-23T12:02:37+0200 lvl=info msg="HOTSTUFF PROPOSAL MANIFEST stored"     from=127.0.0.1:33175 number=356 proposalID=0x60165dc5a72a2f33dd4db5bbad5857b930e912c1713875bdcb6e09dbd8c1b3c1 manifestBytes=1222 missing=0 bodyBytes=4400
        t=2026-09-23T12:02:37+0200 lvl=warn msg="HandleConn drops connection: closed"   address=127.0.0.1:53415 remot=127.0.0.1:33175
        t=2026-09-23T12:02:37+0200 lvl=info msg="HOTSTUFF PROPOSAL MANIFEST stored"     from=127.0.0.1:33175 number=356 proposalID=0x60165dc5a72a2f33dd4db5bbad5857b930e912c1713875bdcb6e09dbd8c1b3c1 manifestBytes=1222 missing=0 bodyBytes=4400
        t=2026-09-23T12:02:37+0200 lvl=info msg="HOTSTUFF PROPOSAL MANIFEST stored"     from=127.0.0.1:49731 number=357 proposalID=0x954bac50b58b9bf7573008ca89f8daa2a3ab5c85338b3331ff73a60f496d5041 manifestBytes=832  missing=0 bodyBytes=832
        t=2026-09-23T12:02:38+0200 lvl=info msg="HOTSTUFF PROPOSAL MANIFEST stored"     from=127.0.0.1:35288 number=358 proposalID=0xe6ff952b0585ed7999085c9478045c0d807cebb7d1e3f177648a2400df025515 manifestBytes=1222 missing=1 bodyBytes=4400
        t=2026-09-23T12:02:38+0200 lvl=eror msg="OnPropose wait proposal body"          number=358 proposalID=0xe6ff952b0585ed7999085c9478045c0d807cebb7d1e3f177648a2400df025515 err="hotstuff view state too old"
        t=2026-09-23T12:02:39+0200 lvl=warn msg="HOTSTUFF PROPOSAL MANIFEST authority rejected" from=127.0.0.1:37609 leader=127.0.0.1:37609 number=359 proposalID=0x595282bbfb5d44d5f411eb4e297e3064ed70f3a6bd9473fdfe2c7ad365b56bd5 err="proposal manifest does not match the current deterministic leader route: manifest key committee is already canonical but is not the current route"
        t=2026-09-23T12:02:39+0200 lvl=eror msg="OnPropose wait proposal body"          number=359 proposalID=0x595282bbfb5d44d5f411eb4e297e3064ed70f3a6bd9473fdfe2c7ad365b56bd5 err="hotstuff view state too old"
        t=2026-09-23T12:02:39+0200 lvl=info msg="HOTSTUFF PROPOSAL REPAIR REQUEST"      to=127.0.0.1:37609 number=359 proposalID=0x595282bbfb5d44d5f411eb4e297e3064ed70f3a6bd9473fdfe2c7ad365b56bd5 missing=0 attempt=0
        t=2026-09-23T12:02:39+0200 lvl=info msg="HOTSTUFF PROPOSAL MANIFEST stored"     from=127.0.0.1:37609 number=359 proposalID=0x595282bbfb5d44d5f411eb4e297e3064ed70f3a6bd9473fdfe2c7ad365b56bd5 manifestBytes=832  missing=0 bodyBytes=832
        t=2026-09-23T12:02:43+0200 lvl=info msg="HOTSTUFF PROPOSAL MANIFEST stored"     from=127.0.0.1:58893 number=360 proposalID=0xc31377570e81eea4084023ec8dcc1f877adda1f3cd9476825eeafcce537e8fb9 manifestBytes=1222 missing=0 bodyBytes=22357
        t=2026-09-23T12:02:43+0200 lvl=info msg="HOTSTUFF PROPOSAL MANIFEST stored"     from=127.0.0.1:45292 number=361 proposalID=0xb54e3a708f78f39f9526de7afe309e181f45759efa9a551c43063e6286644c77 manifestBytes=1221 missing=0 bodyBytes=1655
        t=2026-09-23T12:02:43+0200 lvl=info msg="HOTSTUFF PROPOSAL MANIFEST stored"     from=127.0.0.1:49731 number=362 proposalID=0xcb80557ec627923aa3547d9c9bc2f2427957007542b3c7534dde31e3b9c59772 manifestBytes=832  missing=0 bodyBytes=832
        t=2026-09-23T12:02:49+0200 lvl=warn msg="HOTSTUFF RECOVERY resend NewView"      number=363 viewID=0x049578ecfb793edf1761ecdbbeca696227f2e1e7012179354345ce344f7c9b63 to=127.0.0.1:45292
        t=2026-09-23T12:02:51+0200 lvl=info msg="HOTSTUFF PROPOSAL MANIFEST stored"     from=127.0.0.1:45292 number=363 proposalID=0x79fa69bf80f78a38fa034b77c8568a33ac117bb4d95c8bccaffdeff170f77135 manifestBytes=1221 missing=0 bodyBytes=1655
        t=2026-09-23T12:02:51+0200 lvl=warn msg=GetBlockByNumer                         number=1
        t=2026-09-23T12:02:52+0200 lvl=warn msg=GetBlockByNumer                         number=246
        t=2026-09-23T12:02:52+0200 lvl=info msg="HOTSTUFF PROPOSAL REF"                 number=364 viewID=0x7d676f62ef98cb74a52af4405abe379142ffdf796d229cf93b060b6a41ced767 proposalID=0x38dd2d975d67e98de98018d64cb4dc14aab418fd1c664daf30a4f2beb275ff4d blockHash=0xaabd3f9f0d628132006c216fd0a94246834b420d1e7f7173325bef128967b508 bodyHash=0x7697269d700d641e219296cd90bad2e4df3b3a8dc523d6d54cc8c541195b9563 bodySize=832   refBytes=443
        t=2026-09-23T12:02:52+0200 lvl=warn msg="Send msg try again"                    address=[::]:53415      Couldn't send to=127.0.0.1:45292 error="Operation Canceled"
        t=2026-09-23T12:02:52+0200 lvl=eror msg=CloseConnect                            =[::]:53415 having error closing conn to=127.0.0.1:45292 error="Connection Closed"
        t=2026-09-23T12:02:52+0200 lvl=warn msg=GetBlockByNumer                         number=1
        t=2026-09-23T12:02:52+0200 lvl=warn msg=GetBlockByNumer                         number=361
    fhs_process_recovery_test.go:236: validator 1184170 complete log: /tmp/fhs-process-failure-2059119435.log
    fhs_process_recovery_test.go:241: validator 1184170 log tail:
        l=warn msg=GetBlockByNumer                         number=1
        t=2026-09-23T12:02:11+0200 lvl=warn msg=GetBlockByNumer                         number=336
        t=2026-09-23T12:02:12+0200 lvl=warn msg=GetBlockByNumer                         number=1
        t=2026-09-23T12:02:12+0200 lvl=warn msg=GetBlockByNumer                         number=1
        t=2026-09-23T12:02:12+0200 lvl=warn msg=GetBlockByNumer                         number=336
        t=2026-09-23T12:02:12+0200 lvl=warn msg=GetBlockByNumer                         number=1
        t=2026-09-23T12:02:12+0200 lvl=warn msg=GetBlockByNumer                         number=1
        t=2026-09-23T12:02:12+0200 lvl=warn msg=GetBlockByNumer                         number=336
        t=2026-09-23T12:02:12+0200 lvl=warn msg=GetBlockByNumer                         number=1
        t=2026-09-23T12:02:12+0200 lvl=warn msg=GetBlockByNumer                         number=1
        t=2026-09-23T12:02:13+0200 lvl=warn msg=GetBlockByNumer                         number=336
        t=2026-09-23T12:02:13+0200 lvl=warn msg=GetBlockByNumer                         number=1
        t=2026-09-23T12:02:13+0200 lvl=warn msg=GetBlockByNumer                         number=1
        t=2026-09-23T12:02:13+0200 lvl=warn msg=GetBlockByNumer                         number=336
        t=2026-09-23T12:02:13+0200 lvl=info msg="HOTSTUFF PROPOSAL MANIFEST stored"     from=127.0.0.1:37609 number=338 proposalID=0xcc5436c556490187ca8eb425f1b4c04ae6dcc6a1274302de2e73ed7c25731ba9 manifestBytes=1222 missing=0 bodyBytes=3352
        t=2026-09-23T12:02:13+0200 lvl=warn msg=GetBlockByNumer                         number=1
        t=2026-09-23T12:02:13+0200 lvl=warn msg=GetBlockByNumer                         number=1
        t=2026-09-23T12:02:13+0200 lvl=info msg="HOTSTUFF PROPOSAL MANIFEST stored"     from=127.0.0.1:53415 number=339 proposalID=0x2ef62786c433f44fba218ef870637d431c89f8e5c1193b4f82de873a38f5c5d2 manifestBytes=832  missing=0 bodyBytes=832
        t=2026-09-23T12:02:13+0200 lvl=warn msg=GetBlockByNumer                         number=337
        t=2026-09-23T12:02:14+0200 lvl=warn msg=GetBlockByNumer                         number=1
        t=2026-09-23T12:02:14+0200 lvl=warn msg=GetBlockByNumer                         number=1
        t=2026-09-23T12:02:14+0200 lvl=warn msg=GetBlockByNumer                         number=338
        t=2026-09-23T12:02:14+0200 lvl=warn msg=GetBlockByNumer                         number=246
        t=2026-09-23T12:02:14+0200 lvl=info msg="HOTSTUFF PROPOSAL REF"                 number=340 viewID=0x08eb59687a8c5d3b53f1ca60f9ae7ea3fe40f53e797486f2cce207cc48e2bfc4 proposalID=0xd24892e1685d066565059716cca1ab0d56f96196152f6ebe47551d7766600351 blockHash=0xd700e8b5ddf765ec2a37742905c88c50e3315a47c8f96f94dde4b9b0653209a8 bodyHash=0x1165b8f3a58e30738fb9378885feb06774f8b0e1b77c36dcaa5cca1973fd9100 bodySize=3352  refBytes=446
        t=2026-09-23T12:02:14+0200 lvl=warn msg="Send msg try again"                    address=[::]:58893      Couldn't send to=127.0.0.1:33175 error="Operation Canceled"
        t=2026-09-23T12:02:14+0200 lvl=eror msg=CloseConnect                            =[::]:58893 having error closing conn to=127.0.0.1:33175 error="Connection Closed"
        t=2026-09-23T12:02:14+0200 lvl=warn msg=GetBlockByNumer                         number=1
        t=2026-09-23T12:02:14+0200 lvl=warn msg=GetBlockByNumer                         number=1
        t=2026-09-23T12:02:14+0200 lvl=info msg="HOTSTUFF PROPOSAL MANIFEST stored"     from=127.0.0.1:37609 number=341 proposalID=0xd4baa104459598fcbdb4650cba9ff02b158df35f5f83edaa882fcd3692c04966 manifestBytes=832  missing=0 bodyBytes=832
        t=2026-09-23T12:02:14+0200 lvl=warn msg=GetBlockByNumer                         number=1
        t=2026-09-23T12:02:14+0200 lvl=warn msg=GetBlockByNumer                         number=1
        t=2026-09-23T12:02:14+0200 lvl=warn msg=GetBlockByNumer                         number=339
        t=2026-09-23T12:02:15+0200 lvl=warn msg=GetBlockByNumer                         number=1
        t=2026-09-23T12:02:15+0200 lvl=warn msg=GetBlockByNumer                         number=1
        t=2026-09-23T12:02:15+0200 lvl=warn msg=GetBlockByNumer                         number=340
        t=2026-09-23T12:02:15+0200 lvl=warn msg=GetBlockByNumer                         number=1
        t=2026-09-23T12:02:15+0200 lvl=warn msg=GetBlockByNumer                         number=1
        t=2026-09-23T12:02:15+0200 lvl=warn msg=GetBlockByNumer                         number=340
        t=2026-09-23T12:02:15+0200 lvl=warn msg=GetBlockByNumer                         number=1
        t=2026-09-23T12:02:15+0200 lvl=warn msg=GetBlockByNumer                         number=1
        t=2026-09-23T12:02:16+0200 lvl=warn msg=GetBlockByNumer                         number=340
        t=2026-09-23T12:02:16+0200 lvl=warn msg=GetBlockByNumer                         number=1
        t=2026-09-23T12:02:16+0200 lvl=warn msg=GetBlockByNumer                         number=1
        t=2026-09-23T12:02:16+0200 lvl=warn msg=GetBlockByNumer                         number=340
        t=2026-09-23T12:02:16+0200 lvl=warn msg=GetBlockByNumer                         number=1
        t=2026-09-23T12:02:16+0200 lvl=warn msg=GetBlockByNumer                         number=1
        t=2026-09-23T12:02:16+0200 lvl=warn msg=GetBlockByNumer                         number=340
        t=2026-09-23T12:02:17+0200 lvl=warn msg=GetBlockByNumer                         number=246
        t=2026-09-23T12:02:17+0200 lvl=info msg="HOTSTUFF PROPOSAL REF"                 number=342 viewID=0x11619f4094ef9355fde3692b786208a945dd6572f3c2a40107ea4751f503fcce proposalID=0x819fdcf06c4272a10fb998959f57643d46273a8d25882322f4de7a681b2e4819 blockHash=0x5497c288ddb4fee326e1d93862766138be90505c4edcea299b0e2d2d81d5d07c bodyHash=0x023c03f3a961007c9d3681d336572d42d4e63ca02b70eb0ed739a81f032e6528 bodySize=1655  refBytes=446
        t=2026-09-23T12:02:17+0200 lvl=warn msg=GetBlockByNumer                         number=1
        t=2026-09-23T12:02:17+0200 lvl=warn msg="Send msg try again"                    address=[::]:58893      Couldn't send to=127.0.0.1:45292 error="Operation Canceled"
        t=2026-09-23T12:02:17+0200 lvl=warn msg="Send msg try again"                    address=[::]:58893      Couldn't send to=127.0.0.1:45292 error="Operation Canceled"
        t=2026-09-23T12:02:17+0200 lvl=eror msg=CloseConnect                            =[::]:58893 having error closing conn to=127.0.0.1:54703 error="Connection Closed"
        t=2026-09-23T12:02:17+0200 lvl=warn msg=GetBlockByNumer                         number=1
        t=2026-09-23T12:02:17+0200 lvl=warn msg=GetBlockByNumer                         number=340
        t=2026-09-23T12:02:17+0200 lvl=info msg="HOTSTUFF PROPOSAL MANIFEST stored"     from=127.0.0.1:35288 number=343 proposalID=0x5a3e7ca68fb373617dabf844148393cb2ce0a0fcced3a9b27ce20669e17f1196 manifestBytes=832  missing=0 bodyBytes=832
        t=2026-09-23T12:02:17+0200 lvl=warn msg=GetBlockByNumer                         number=1
        t=2026-09-23T12:02:17+0200 lvl=warn msg=GetBlockByNumer                         number=1
        t=2026-09-23T12:02:17+0200 lvl=warn msg=GetBlockByNumer                         number=1
        t=2026-09-23T12:02:17+0200 lvl=warn msg=GetBlockByNumer                         number=1
        t=2026-09-23T12:02:18+0200 lvl=warn msg=GetBlockByNumer                         number=1
        t=2026-09-23T12:02:18+0200 lvl=info msg="HOTSTUFF PROPOSAL MANIFEST stored"     from=127.0.0.1:37609 number=344 proposalID=0xe8c4060d4d5fe19e34f94b6083abfca73fe62f5659912f2689035d4f105833da manifestBytes=1222 missing=1 bodyBytes=3874
        t=2026-09-23T12:02:18+0200 lvl=warn msg=GetBlockByNumer                         number=1
        t=2026-09-23T12:02:18+0200 lvl=warn msg=GetBlockByNumer                         number=341
        t=2026-09-23T12:02:18+0200 lvl=eror msg="OnPropose wait proposal body"          number=344 proposalID=0xe8c4060d4d5fe19e34f94b6083abfca73fe62f5659912f2689035d4f105833da err="hotstuff view state too old"
        t=2026-09-23T12:02:18+0200 lvl=warn msg="HOTSTUFF PROPOSAL MANIFEST authority rejected" from=127.0.0.1:53415 leader=127.0.0.1:53415 number=345 proposalID=0xce462b05db8ea4733d735525e9689d80531282cd57703223d20cfaf59939805f err="proposal manifest does not match the current deterministic leader route: manifest key committee is already canonical but is not the current route"
        t=2026-09-23T12:02:18+0200 lvl=warn msg=GetBlockByNumer                         number=1
        t=2026-09-23T12:02:18+0200 lvl=warn msg="reject new-view before storage"        from=127.0.0.1:53415 viewID=0x8e3dbd70399134760aae7a227d0500621020fe6e65dc7a0dcc897bd344390149 err="hotstuff proposal validation pending"
        t=2026-09-23T12:02:18+0200 lvl=warn msg="reject new-view before storage"        from=127.0.0.1:35288 viewID=0x8e3dbd70399134760aae7a227d0500621020fe6e65dc7a0dcc897bd344390149 err="hotstuff proposal validation pending"
        t=2026-09-23T12:02:18+0200 lvl=warn msg="reject new-view before storage"        from=127.0.0.1:45292 viewID=0x8e3dbd70399134760aae7a227d0500621020fe6e65dc7a0dcc897bd344390149 err="hotstuff proposal validation pending"
        t=2026-09-23T12:02:18+0200 lvl=warn msg="reject new-view before storage"        from=127.0.0.1:49731 viewID=0x8e3dbd70399134760aae7a227d0500621020fe6e65dc7a0dcc897bd344390149 err="hotstuff proposal validation pending"
        t=2026-09-23T12:02:18+0200 lvl=warn msg="reject new-view before storage"        from=127.0.0.1:37609 viewID=0x8e3dbd70399134760aae7a227d0500621020fe6e65dc7a0dcc897bd344390149 err="hotstuff proposal validation pending"
        t=2026-09-23T12:02:18+0200 lvl=warn msg="reject new-view before storage"        from=127.0.0.1:33175 viewID=0x8e3dbd70399134760aae7a227d0500621020fe6e65dc7a0dcc897bd344390149 err="hotstuff proposal validation pending"
        t=2026-09-23T12:02:18+0200 lvl=warn msg=GetBlockByNumer                         number=1
        t=2026-09-23T12:02:18+0200 lvl=info msg="HOTSTUFF PROPOSAL REPAIR REQUEST"      to=127.0.0.1:53415 number=345 proposalID=0xce462b05db8ea4733d735525e9689d80531282cd57703223d20cfaf59939805f missing=0 attempt=0
        t=2026-09-23T12:02:18+0200 lvl=info msg="HOTSTUFF PROPOSAL MANIFEST stored"     from=127.0.0.1:53415 number=345 proposalID=0xce462b05db8ea4733d735525e9689d80531282cd57703223d20cfaf59939805f manifestBytes=832  missing=0 bodyBytes=832
        t=2026-09-23T12:02:18+0200 lvl=warn msg=GetBlockByNumer                         number=1
        t=2026-09-23T12:02:19+0200 lvl=warn msg=GetBlockByNumer                         number=1
        t=2026-09-23T12:02:19+0200 lvl=warn msg=GetBlockByNumer                         number=1
        t=2026-09-23T12:02:19+0200 lvl=warn msg=GetBlockByNumer                         number=1
        t=2026-09-23T12:02:19+0200 lvl=warn msg=GetBlockByNumer                         number=1
        t=2026-09-23T12:02:19+0200 lvl=warn msg=GetBlockByNumer                         number=343
        t=2026-09-23T12:02:19+0200 lvl=warn msg=GetBlockByNumer                         number=1
        t=2026-09-23T12:02:19+0200 lvl=warn msg=GetBlockByNumer                         number=1
        t=2026-09-23T12:02:19+0200 lvl=warn msg=GetBlockByNumer                         number=344
        t=2026-09-23T12:02:20+0200 lvl=warn msg=GetBlockByNumer                         number=1
        t=2026-09-23T12:02:20+0200 lvl=warn msg=GetBlockByNumer                         number=1
        t=2026-09-23T12:02:20+0200 lvl=warn msg=GetBlockByNumer                         number=344
        t=2026-09-23T12:02:20+0200 lvl=warn msg=GetBlockByNumer                         number=1
        t=2026-09-23T12:02:20+0200 lvl=warn msg=GetBlockByNumer                         number=1
        t=2026-09-23T12:02:20+0200 lvl=warn msg=GetBlockByNumer                         number=344
        t=2026-09-23T12:02:20+0200 lvl=warn msg=GetBlockByNumer                         number=1
        t=2026-09-23T12:02:20+0200 lvl=warn msg=GetBlockByNumer                         number=1
        t=2026-09-23T12:02:20+0200 lvl=warn msg=GetBlockByNumer                         number=344
        t=2026-09-23T12:02:21+0200 lvl=warn msg=GetBlockByNumer                         number=1
        t=2026-09-23T12:02:21+0200 lvl=warn msg=GetBlockByNumer                         number=1
        t=2026-09-23T12:02:21+0200 lvl=warn msg=GetBlockByNumer                         number=344
        t=2026-09-23T12:02:21+0200 lvl=warn msg=GetBlockByNumer                         number=1
        t=2026-09-23T12:02:21+0200 lvl=warn msg=GetBlockByNumer                         number=1
        t=2026-09-23T12:02:21+0200 lvl=warn msg=GetBlockByNumer                         number=344
        t=2026-09-23T12:02:22+0200 lvl=warn msg=GetBlockByNumer                         number=1
        t=2026-09-23T12:02:22+0200 lvl=warn msg=GetBlockByNumer                         number=1
        t=2026-09-23T12:02:22+0200 lvl=warn msg=GetBlockByNumer                         number=344
        t=2026-09-23T12:02:22+0200 lvl=warn msg=GetBlockByNumer                         number=246
        t=2026-09-23T12:02:22+0200 lvl=info msg="HOTSTUFF PROPOSAL REF"                 number=346 viewID=0x8e3dbd70399134760aae7a227d0500621020fe6e65dc7a0dcc897bd344390149 proposalID=0x8cb804a3ad5df628117e535d827946a027d14006c9d6129b9f37446afedd34c3 blockHash=0xcf69a58789c72aee4b4103b45235c58af131286f8c4bcc77d1afd84f20497d6f bodyHash=0x3a087d4bc70410f310dc8aa60c61ee9ba840504bd1393be177ae6efb02ca0339 bodySize=1655  refBytes=446
        t=2026-09-23T12:02:22+0200 lvl=warn msg="Send msg try again"                    address=[::]:58893      Couldn't send to=127.0.0.1:35288 error="Operation Canceled"
        t=2026-09-23T12:02:22+0200 lvl=warn msg="Send msg try again"                    address=[::]:58893      Couldn't send to=127.0.0.1:33175 error="Operation Canceled"
        t=2026-09-23T12:02:22+0200 lvl=warn msg="Send msg try again"                    address=[::]:58893      Couldn't send to=127.0.0.1:53415 error="Operation Canceled"
        t=2026-09-23T12:02:22+0200 lvl=warn msg="Send msg try again"                    address=[::]:58893      Couldn't send to=127.0.0.1:37609 error="Operation Canceled"
        t=2026-09-23T12:02:22+0200 lvl=eror msg=CloseConnect                            =[::]:58893 having error closing conn to=127.0.0.1:47265 error="Connection Closed"
        t=2026-09-23T12:02:22+0200 lvl=eror msg=CloseConnect                            =[::]:58893 having error closing conn to=127.0.0.1:33175 error="Connection Closed"
        t=2026-09-23T12:02:22+0200 lvl=eror msg=CloseConnect                            =[::]:58893 having error closing conn to=127.0.0.1:53415 error="Connection Closed"
        t=2026-09-23T12:02:22+0200 lvl=eror msg=CloseConnect                            =[::]:58893 having error closing conn to=127.0.0.1:37609 error="Connection Closed"
        t=2026-09-23T12:02:22+0200 lvl=warn msg=GetBlockByNumer                         number=1
        t=2026-09-23T12:02:22+0200 lvl=warn msg=GetBlockByNumer                         number=1
        t=2026-09-23T12:02:22+0200 lvl=warn msg=GetBlockByNumer                         number=345
        t=2026-09-23T12:02:22+0200 lvl=info msg="HOTSTUFF PROPOSAL MANIFEST stored"     from=127.0.0.1:53415 number=347 proposalID=0xb4254703451348121b2b39e9f660cae8eb0e5f448fc4a4f28778a4b72d41e2fd manifestBytes=832  missing=0 bodyBytes=832
        t=2026-09-23T12:02:23+0200 lvl=warn msg=GetBlockByNumer                         number=1
        t=2026-09-23T12:02:23+0200 lvl=warn msg=GetBlockByNumer                         number=1
        t=2026-09-23T12:02:23+0200 lvl=warn msg=GetBlockByNumer                         number=1
        t=2026-09-23T12:02:23+0200 lvl=warn msg=GetBlockByNumer                         number=346
        t=2026-09-23T12:02:23+0200 lvl=info msg="HOTSTUFF PROPOSAL MANIFEST stored"     from=127.0.0.1:49731 number=348 proposalID=0x3b7a550a36ff6340cce0a3eaf7b15ce079da020f7db08ba87c671e63b57e66c1 manifestBytes=1222 missing=0 bodyBytes=3352
        t=2026-09-23T12:02:23+0200 lvl=warn msg=GetBlockByNumer                         number=1
        t=2026-09-23T12:02:23+0200 lvl=warn msg=GetBlockByNumer                         number=1
        t=2026-09-23T12:02:24+0200 lvl=info msg="HOTSTUFF PROPOSAL MANIFEST stored"     from=127.0.0.1:49731 number=349 proposalID=0x4415c01008bdbcf5d60eeb120871b43b20bb18602661d0be065032b48660431c manifestBytes=832  missing=0 bodyBytes=832
        t=2026-09-23T12:02:24+0200 lvl=warn msg=GetBlockByNumer                         number=347
        t=2026-09-23T12:02:24+0200 lvl=warn msg=GetBlockByNumer                         number=1
        t=2026-09-23T12:02:24+0200 lvl=warn msg=GetBlockByNumer                         number=1
        t=2026-09-23T12:02:24+0200 lvl=warn msg=GetBlockByNumer                         number=348
        t=2026-09-23T12:02:24+0200 lvl=warn msg=GetBlockByNumer                         number=1
        t=2026-09-23T12:02:24+0200 lvl=warn msg=GetBlockByNumer                         number=348
        t=2026-09-23T12:02:24+0200 lvl=warn msg=GetBlockByNumer                         number=1
        t=2026-09-23T12:02:24+0200 lvl=warn msg=GetBlockByNumer                         number=348
        t=2026-09-23T12:02:28+0200 lvl=info msg="HOTSTUFF PROPOSAL MANIFEST stored"     from=127.0.0.1:49731 number=350 proposalID=0x224df6fd9a81e46be55df737bedeab34153b3b5ef503b06b44d9d3cbc12c24ce manifestBytes=1221 missing=0 bodyBytes=1655
        t=2026-09-23T12:02:28+0200 lvl=info msg="HOTSTUFF PROPOSAL MANIFEST stored"     from=127.0.0.1:49731 number=351 proposalID=0x1925bc8f2b5b5d6b6d26aab6d9eb7d38df93218e400552f82537d2ff1f2281c0 manifestBytes=832  missing=0 bodyBytes=832
        t=2026-09-23T12:02:30+0200 lvl=info msg="HOTSTUFF PROPOSAL MANIFEST stored"     from=127.0.0.1:35288 number=352 proposalID=0xf3238c246391ea6e1fd47250796a3333700e49513bb74b968b6008a93a2c79ef manifestBytes=1222 missing=0 bodyBytes=3352
        t=2026-09-23T12:02:30+0200 lvl=warn msg=GetBlockByNumer                         number=246
        t=2026-09-23T12:02:30+0200 lvl=info msg="HOTSTUFF PROPOSAL REF"                 number=353 viewID=0xa64d9d6427892b342749d88beaff832006c5ca25468a9599259186daf70bb145 proposalID=0x201f8f60a1255b0e2bbf551c37b81401456528596993cd34f6ca68224a656799 blockHash=0x2a7bc1fde315aba0d3d11c93235372a7122c941fd41b33e5c31959a755c5b7a2 bodyHash=0xbb5e33d547199cd0696f1ef5eadfb42015d4d0d01621714f9af5d1edeea9deea bodySize=832   refBytes=443
        t=2026-09-23T12:02:30+0200 lvl=warn msg="Send msg try again"                    address=[::]:58893      Couldn't send to=127.0.0.1:45292 error="Operation Canceled"
        t=2026-09-23T12:02:30+0200 lvl=eror msg=CloseConnect                            =[::]:58893 having error closing conn to=127.0.0.1:45292 error="Connection Closed"
        t=2026-09-23T12:02:34+0200 lvl=warn msg=GetBlockByNumer                         number=246
        t=2026-09-23T12:02:34+0200 lvl=info msg="HOTSTUFF PROPOSAL REF"                 number=354 viewID=0xce7be63f07ea0daf120cd3a9d9f5b70250ac150cede5557101f061511c35d917 proposalID=0x99d5503863691a71bb0112fad98db1dd0d11ae345bf8109246be13138ccd0292 blockHash=0x247ef58bbefc73d18dfd83efc24fc42866f1008992cf1866528328dff61c0805 bodyHash=0xf80310f41909ff7d58081d74b40bf8f541eb119f457715df30e8d36dd7ea14ec bodySize=1655  refBytes=446
        t=2026-09-23T12:02:35+0200 lvl=info msg="HOTSTUFF PROPOSAL MANIFEST stored"     from=127.0.0.1:35288 number=355 proposalID=0x6f22dbc5b5077c2d84c55f5d9344bf01b105ec56855919bdf6def872e10a53b8 manifestBytes=832  missing=0 bodyBytes=832
        t=2026-09-23T12:02:37+0200 lvl=info msg="HOTSTUFF PROPOSAL MANIFEST stored"     from=127.0.0.1:33175 number=356 proposalID=0x60165dc5a72a2f33dd4db5bbad5857b930e912c1713875bdcb6e09dbd8c1b3c1 manifestBytes=1222 missing=0 bodyBytes=4400
        t=2026-09-23T12:02:37+0200 lvl=warn msg="HandleConn drops connection: closed"   address=127.0.0.1:58893 remot=127.0.0.1:33175
        t=2026-09-23T12:02:37+0200 lvl=info msg="HOTSTUFF PROPOSAL MANIFEST stored"     from=127.0.0.1:33175 number=356 proposalID=0x60165dc5a72a2f33dd4db5bbad5857b930e912c1713875bdcb6e09dbd8c1b3c1 manifestBytes=1222 missing=0 bodyBytes=4400
        t=2026-09-23T12:02:37+0200 lvl=info msg="HOTSTUFF PROPOSAL MANIFEST stored"     from=127.0.0.1:49731 number=357 proposalID=0x954bac50b58b9bf7573008ca89f8daa2a3ab5c85338b3331ff73a60f496d5041 manifestBytes=832  missing=0 bodyBytes=832
        t=2026-09-23T12:02:38+0200 lvl=info msg="HOTSTUFF PROPOSAL MANIFEST stored"     from=127.0.0.1:35288 number=358 proposalID=0xe6ff952b0585ed7999085c9478045c0d807cebb7d1e3f177648a2400df025515 manifestBytes=1222 missing=1 bodyBytes=4400
        t=2026-09-23T12:02:38+0200 lvl=eror msg="OnPropose wait proposal body"          number=358 proposalID=0xe6ff952b0585ed7999085c9478045c0d807cebb7d1e3f177648a2400df025515 err="hotstuff view state too old"
        t=2026-09-23T12:02:39+0200 lvl=warn msg="HOTSTUFF PROPOSAL MANIFEST authority rejected" from=127.0.0.1:37609 leader=127.0.0.1:37609 number=359 proposalID=0x595282bbfb5d44d5f411eb4e297e3064ed70f3a6bd9473fdfe2c7ad365b56bd5 err="proposal manifest does not match the current deterministic leader route: manifest key committee is already canonical but is not the current route"
        t=2026-09-23T12:02:39+0200 lvl=eror msg="OnPropose wait proposal body"          number=359 proposalID=0x595282bbfb5d44d5f411eb4e297e3064ed70f3a6bd9473fdfe2c7ad365b56bd5 err="hotstuff view state too old"
        t=2026-09-23T12:02:39+0200 lvl=warn msg="reject new-view before storage"        from=127.0.0.1:45292 viewID=0x2c01bb8aa4a217378014145f52ec17dee5dda8ea6dcbcd02b5f4a640ad6030a0 err="hotstuff proposal validation pending"
        t=2026-09-23T12:02:39+0200 lvl=warn msg="reject new-view before storage"        from=127.0.0.1:49731 viewID=0x2c01bb8aa4a217378014145f52ec17dee5dda8ea6dcbcd02b5f4a640ad6030a0 err="hotstuff proposal validation pending"
        t=2026-09-23T12:02:39+0200 lvl=warn msg="reject new-view before storage"        from=127.0.0.1:37609 viewID=0x2c01bb8aa4a217378014145f52ec17dee5dda8ea6dcbcd02b5f4a640ad6030a0 err="hotstuff proposal validation pending"
        t=2026-09-23T12:02:39+0200 lvl=warn msg="reject new-view before storage"        from=127.0.0.1:33175 viewID=0x2c01bb8aa4a217378014145f52ec17dee5dda8ea6dcbcd02b5f4a640ad6030a0 err="hotstuff proposal validation pending"
        t=2026-09-23T12:02:39+0200 lvl=warn msg="reject new-view before storage"        from=127.0.0.1:35288 viewID=0x2c01bb8aa4a217378014145f52ec17dee5dda8ea6dcbcd02b5f4a640ad6030a0 err="hotstuff proposal validation pending"
        t=2026-09-23T12:02:39+0200 lvl=info msg="HOTSTUFF PROPOSAL REPAIR REQUEST"      to=127.0.0.1:37609 number=359 proposalID=0x595282bbfb5d44d5f411eb4e297e3064ed70f3a6bd9473fdfe2c7ad365b56bd5 missing=0 attempt=0
        t=2026-09-23T12:02:39+0200 lvl=info msg="HOTSTUFF PROPOSAL MANIFEST stored"     from=127.0.0.1:37609 number=359 proposalID=0x595282bbfb5d44d5f411eb4e297e3064ed70f3a6bd9473fdfe2c7ad365b56bd5 manifestBytes=832  missing=0 bodyBytes=832
        t=2026-09-23T12:02:43+0200 lvl=warn msg=GetBlockByNumer                         number=246
        t=2026-09-23T12:02:43+0200 lvl=info msg="HOTSTUFF PROPOSAL REF"                 number=360 viewID=0x2c01bb8aa4a217378014145f52ec17dee5dda8ea6dcbcd02b5f4a640ad6030a0 proposalID=0xc31377570e81eea4084023ec8dcc1f877adda1f3cd9476825eeafcce537e8fb9 blockHash=0xd57f989d0feb43584db2d9ce728fafc304493eec1a375e8b389818cb3352938c bodyHash=0x8226e8c4152dc49be3a99713ba1df304bfeda6e2094d3e39cd4ba086fa4add1f bodySize=22357 refBytes=446
        t=2026-09-23T12:02:43+0200 lvl=info msg="HOTSTUFF PROPOSAL MANIFEST stored"     from=127.0.0.1:45292 number=361 proposalID=0xb54e3a708f78f39f9526de7afe309e181f45759efa9a551c43063e6286644c77 manifestBytes=1221 missing=0 bodyBytes=1655
        t=2026-09-23T12:02:43+0200 lvl=info msg="HOTSTUFF PROPOSAL MANIFEST stored"     from=127.0.0.1:49731 number=362 proposalID=0xcb80557ec627923aa3547d9c9bc2f2427957007542b3c7534dde31e3b9c59772 manifestBytes=832  missing=0 bodyBytes=832
        t=2026-09-23T12:02:49+0200 lvl=warn msg="HOTSTUFF RECOVERY resend NewView"      number=363 viewID=0x049578ecfb793edf1761ecdbbeca696227f2e1e7012179354345ce344f7c9b63 to=127.0.0.1:45292
        t=2026-09-23T12:02:51+0200 lvl=info msg="HOTSTUFF PROPOSAL MANIFEST stored"     from=127.0.0.1:45292 number=363 proposalID=0x79fa69bf80f78a38fa034b77c8568a33ac117bb4d95c8bccaffdeff170f77135 manifestBytes=1221 missing=0 bodyBytes=1655
        t=2026-09-23T12:02:51+0200 lvl=warn msg=GetBlockByNumer                         number=1
        t=2026-09-23T12:02:52+0200 lvl=info msg="HOTSTUFF PROPOSAL MANIFEST stored"     from=127.0.0.1:53415 number=364 proposalID=0x38dd2d975d67e98de98018d64cb4dc14aab418fd1c664daf30a4f2beb275ff4d manifestBytes=832  missing=0 bodyBytes=832
        t=2026-09-23T12:02:52+0200 lvl=warn msg=GetBlockByNumer                         number=1
        t=2026-09-23T12:02:52+0200 lvl=warn msg=GetBlockByNumer                         number=361
    fhs_process_recovery_test.go:236: validator 1184165 complete log: /tmp/fhs-process-failure-2523146457.log
    fhs_process_recovery_test.go:241: validator 1184165 log tail:
        32  missing=0 bodyBytes=832
        t=2026-09-23T12:02:04+0200 lvl=warn msg=GetBlockByNumer                         number=1
        t=2026-09-23T12:02:04+0200 lvl=warn msg=GetBlockByNumer                         number=1
        t=2026-09-23T12:02:04+0200 lvl=warn msg=GetBlockByNumer                         number=328
        t=2026-09-23T12:02:05+0200 lvl=warn msg=GetBlockByNumer                         number=1
        t=2026-09-23T12:02:05+0200 lvl=warn msg=GetBlockByNumer                         number=1
        t=2026-09-23T12:02:05+0200 lvl=warn msg=GetBlockByNumer                         number=330
        t=2026-09-23T12:02:05+0200 lvl=warn msg=GetBlockByNumer                         number=1
        t=2026-09-23T12:02:05+0200 lvl=warn msg=GetBlockByNumer                         number=1
        t=2026-09-23T12:02:05+0200 lvl=warn msg=GetBlockByNumer                         number=330
        t=2026-09-23T12:02:05+0200 lvl=warn msg=GetBlockByNumer                         number=1
        t=2026-09-23T12:02:05+0200 lvl=warn msg=GetBlockByNumer                         number=1
        t=2026-09-23T12:02:06+0200 lvl=warn msg=GetBlockByNumer                         number=330
        t=2026-09-23T12:02:06+0200 lvl=warn msg=GetBlockByNumer                         number=1
        t=2026-09-23T12:02:06+0200 lvl=warn msg=GetBlockByNumer                         number=1
        t=2026-09-23T12:02:06+0200 lvl=warn msg=GetBlockByNumer                         number=330
        t=2026-09-23T12:02:06+0200 lvl=warn msg=GetBlockByNumer                         number=1
        t=2026-09-23T12:02:06+0200 lvl=warn msg=GetBlockByNumer                         number=1
        t=2026-09-23T12:02:06+0200 lvl=warn msg=GetBlockByNumer                         number=330
        t=2026-09-23T12:02:07+0200 lvl=warn msg=GetBlockByNumer                         number=1
        t=2026-09-23T12:02:07+0200 lvl=warn msg=GetBlockByNumer                         number=1
        t=2026-09-23T12:02:07+0200 lvl=warn msg=GetBlockByNumer                         number=330
        t=2026-09-23T12:02:07+0200 lvl=warn msg=GetBlockByNumer                         number=1
        t=2026-09-23T12:02:07+0200 lvl=warn msg=GetBlockByNumer                         number=1
        t=2026-09-23T12:02:07+0200 lvl=warn msg=GetBlockByNumer                         number=330
        t=2026-09-23T12:02:07+0200 lvl=info msg="HOTSTUFF PROPOSAL MANIFEST stored"     from=127.0.0.1:58893 number=332 proposalID=0x8c43c75a7e99dbbc32c27a66a81366e83c2c376458717915e8756d7b2eb6b121 manifestBytes=1222 missing=0 bodyBytes=3352
        t=2026-09-23T12:02:07+0200 lvl=warn msg=GetBlockByNumer                         number=1
        t=2026-09-23T12:02:07+0200 lvl=warn msg=GetBlockByNumer                         number=1
        t=2026-09-23T12:02:08+0200 lvl=info msg="HOTSTUFF PROPOSAL MANIFEST stored"     from=127.0.0.1:45292 number=333 proposalID=0x1394b2c28952eafe31129a529079ff0816815b1995325132f67933100108cec9 manifestBytes=832  missing=0 bodyBytes=832
        t=2026-09-23T12:02:08+0200 lvl=warn msg=GetBlockByNumer                         number=1
        t=2026-09-23T12:02:08+0200 lvl=warn msg=GetBlockByNumer                         number=331
        t=2026-09-23T12:02:08+0200 lvl=warn msg=GetBlockByNumer                         number=1
        t=2026-09-23T12:02:08+0200 lvl=info msg="HOTSTUFF PROPOSAL MANIFEST stored"     from=127.0.0.1:53415 number=334 proposalID=0x5d28ef394cd70cddf85224ebfd64f5e3957c3b7251c48c1a54cd57b10e4dfde5 manifestBytes=1222 missing=0 bodyBytes=3352
        t=2026-09-23T12:02:08+0200 lvl=warn msg=GetBlockByNumer                         number=1
        t=2026-09-23T12:02:08+0200 lvl=warn msg=GetBlockByNumer                         number=332
        t=2026-09-23T12:02:08+0200 lvl=warn msg=GetBlockByNumer                         number=1
        t=2026-09-23T12:02:08+0200 lvl=warn msg=GetBlockByNumer                         number=246
        t=2026-09-23T12:02:08+0200 lvl=info msg="HOTSTUFF PROPOSAL REF"                 number=335 viewID=0x71ff9d4339e9243ab761c227491be30c2265a4709682da8914715f638b182513 proposalID=0xabc6ca95c8e50065b8a29fe8c841e1826530d7126843a452a6378e2030181a41 blockHash=0x7b14492444c14a5833144f9594b7f73e1e7de14287c6b7c4460542ea4c387fd7 bodyHash=0xec85c69d595192274180346e686f8062533b5dd3468532e93f1754ed07b97e8a bodySize=832   refBytes=443
        t=2026-09-23T12:02:08+0200 lvl=warn msg=GetBlockByNumer                         number=1
        t=2026-09-23T12:02:09+0200 lvl=warn msg=GetBlockByNumer                         number=333
        t=2026-09-23T12:02:09+0200 lvl=warn msg=GetBlockByNumer                         number=1
        t=2026-09-23T12:02:09+0200 lvl=warn msg=GetBlockByNumer                         number=1
        t=2026-09-23T12:02:09+0200 lvl=warn msg=GetBlockByNumer                         number=334
        t=2026-09-23T12:02:09+0200 lvl=warn msg=GetBlockByNumer                         number=1
        t=2026-09-23T12:02:09+0200 lvl=warn msg=GetBlockByNumer                         number=1
        t=2026-09-23T12:02:09+0200 lvl=warn msg=GetBlockByNumer                         number=334
        t=2026-09-23T12:02:10+0200 lvl=warn msg=GetBlockByNumer                         number=1
        t=2026-09-23T12:02:10+0200 lvl=warn msg=GetBlockByNumer                         number=1
        t=2026-09-23T12:02:10+0200 lvl=warn msg=GetBlockByNumer                         number=334
        t=2026-09-23T12:02:10+0200 lvl=warn msg=GetBlockByNumer                         number=1
        t=2026-09-23T12:02:10+0200 lvl=warn msg=GetBlockByNumer                         number=1
        t=2026-09-23T12:02:10+0200 lvl=info msg="HOTSTUFF PROPOSAL MANIFEST stored"     from=127.0.0.1:35288 number=336 proposalID=0x8ee53b3133b135c5d14d5c1a83c43c1901c4d9e92d7e86ebb995c1259e12731a manifestBytes=1221 missing=0 bodyBytes=1655
        t=2026-09-23T12:02:10+0200 lvl=warn msg=GetBlockByNumer                         number=334
        t=2026-09-23T12:02:10+0200 lvl=warn msg=GetBlockByNumer                         number=1
        t=2026-09-23T12:02:10+0200 lvl=warn msg=GetBlockByNumer                         number=1
        t=2026-09-23T12:02:11+0200 lvl=info msg="HOTSTUFF PROPOSAL MANIFEST stored"     from=127.0.0.1:53415 number=337 proposalID=0x1de3bc6b6f54b96ed9ec2ce8cfc3683647efb87671a3fb875a68c17bc41350ce manifestBytes=832  missing=0 bodyBytes=832
        t=2026-09-23T12:02:11+0200 lvl=warn msg=GetBlockByNumer                         number=1
        t=2026-09-23T12:02:11+0200 lvl=warn msg=GetBlockByNumer                         number=1
        t=2026-09-23T12:02:11+0200 lvl=warn msg=GetBlockByNumer                         number=335
        t=2026-09-23T12:02:11+0200 lvl=warn msg=GetBlockByNumer                         number=1
        t=2026-09-23T12:02:11+0200 lvl=warn msg=GetBlockByNumer                         number=1
        t=2026-09-23T12:02:11+0200 lvl=warn msg=GetBlockByNumer                         number=336
        t=2026-09-23T12:02:11+0200 lvl=warn msg=GetBlockByNumer                         number=1
        t=2026-09-23T12:02:11+0200 lvl=warn msg=GetBlockByNumer                         number=1
        t=2026-09-23T12:02:11+0200 lvl=warn msg=GetBlockByNumer                         number=336
        t=2026-09-23T12:02:12+0200 lvl=warn msg=GetBlockByNumer                         number=1
        t=2026-09-23T12:02:12+0200 lvl=warn msg=GetBlockByNumer                         number=1
        t=2026-09-23T12:02:12+0200 lvl=warn msg=GetBlockByNumer                         number=336
        t=2026-09-23T12:02:12+0200 lvl=warn msg=GetBlockByNumer                         number=1
        t=2026-09-23T12:02:12+0200 lvl=warn msg=GetBlockByNumer                         number=1
        t=2026-09-23T12:02:12+0200 lvl=warn msg=GetBlockByNumer                         number=336
        t=2026-09-23T12:02:12+0200 lvl=warn msg=GetBlockByNumer                         number=1
        t=2026-09-23T12:02:12+0200 lvl=warn msg=GetBlockByNumer                         number=1
        t=2026-09-23T12:02:13+0200 lvl=warn msg=GetBlockByNumer                         number=336
        t=2026-09-23T12:02:13+0200 lvl=warn msg=GetBlockByNumer                         number=1
        t=2026-09-23T12:02:13+0200 lvl=warn msg=GetBlockByNumer                         number=1
        t=2026-09-23T12:02:13+0200 lvl=warn msg=GetBlockByNumer                         number=336
        t=2026-09-23T12:02:13+0200 lvl=info msg="HOTSTUFF PROPOSAL MANIFEST stored"     from=127.0.0.1:37609 number=338 proposalID=0xcc5436c556490187ca8eb425f1b4c04ae6dcc6a1274302de2e73ed7c25731ba9 manifestBytes=1222 missing=0 bodyBytes=3352
        t=2026-09-23T12:02:13+0200 lvl=warn msg=GetBlockByNumer                         number=1
        t=2026-09-23T12:02:13+0200 lvl=warn msg=GetBlockByNumer                         number=1
        t=2026-09-23T12:02:13+0200 lvl=warn msg=GetBlockByNumer                         number=337
        t=2026-09-23T12:02:13+0200 lvl=info msg="HOTSTUFF PROPOSAL MANIFEST stored"     from=127.0.0.1:53415 number=339 proposalID=0x2ef62786c433f44fba218ef870637d431c89f8e5c1193b4f82de873a38f5c5d2 manifestBytes=832  missing=0 bodyBytes=832
        t=2026-09-23T12:02:14+0200 lvl=warn msg=GetBlockByNumer                         number=1
        t=2026-09-23T12:02:14+0200 lvl=warn msg=GetBlockByNumer                         number=1
        t=2026-09-23T12:02:14+0200 lvl=warn msg=GetBlockByNumer                         number=338
        t=2026-09-23T12:02:14+0200 lvl=info msg="HOTSTUFF PROPOSAL MANIFEST stored"     from=127.0.0.1:58893 number=340 proposalID=0xd24892e1685d066565059716cca1ab0d56f96196152f6ebe47551d7766600351 manifestBytes=1222 missing=0 bodyBytes=3352
        t=2026-09-23T12:02:14+0200 lvl=warn msg="HandleConn drops connection: closed"   address=127.0.0.1:33175 remot=127.0.0.1:58893
        t=2026-09-23T12:02:14+0200 lvl=info msg="HOTSTUFF PROPOSAL MANIFEST stored"     from=127.0.0.1:58893 number=340 proposalID=0xd24892e1685d066565059716cca1ab0d56f96196152f6ebe47551d7766600351 manifestBytes=1222 missing=0 bodyBytes=3352
        t=2026-09-23T12:02:14+0200 lvl=warn msg=GetBlockByNumer                         number=1
        t=2026-09-23T12:02:14+0200 lvl=warn msg=GetBlockByNumer                         number=1
        t=2026-09-23T12:02:14+0200 lvl=info msg="HOTSTUFF PROPOSAL MANIFEST stored"     from=127.0.0.1:37609 number=341 proposalID=0xd4baa104459598fcbdb4650cba9ff02b158df35f5f83edaa882fcd3692c04966 manifestBytes=832  missing=0 bodyBytes=832
        t=2026-09-23T12:02:14+0200 lvl=warn msg=GetBlockByNumer                         number=1
        t=2026-09-23T12:02:14+0200 lvl=warn msg=GetBlockByNumer                         number=1
        t=2026-09-23T12:02:14+0200 lvl=warn msg=GetBlockByNumer                         number=339
        t=2026-09-23T12:02:15+0200 lvl=warn msg=GetBlockByNumer                         number=1
        t=2026-09-23T12:02:15+0200 lvl=warn msg=GetBlockByNumer                         number=1
        t=2026-09-23T12:02:15+0200 lvl=warn msg=GetBlockByNumer                         number=340
        t=2026-09-23T12:02:15+0200 lvl=warn msg=GetBlockByNumer                         number=1
        t=2026-09-23T12:02:15+0200 lvl=warn msg=GetBlockByNumer                         number=1
        t=2026-09-23T12:02:15+0200 lvl=warn msg=GetBlockByNumer                         number=340
        t=2026-09-23T12:02:15+0200 lvl=warn msg=GetBlockByNumer                         number=1
        t=2026-09-23T12:02:15+0200 lvl=warn msg=GetBlockByNumer                         number=1
        t=2026-09-23T12:02:16+0200 lvl=warn msg=GetBlockByNumer                         number=340
        t=2026-09-23T12:02:16+0200 lvl=warn msg=GetBlockByNumer                         number=1
        t=2026-09-23T12:02:16+0200 lvl=warn msg=GetBlockByNumer                         number=1
        t=2026-09-23T12:02:16+0200 lvl=warn msg=GetBlockByNumer                         number=340
        t=2026-09-23T12:02:16+0200 lvl=warn msg=GetBlockByNumer                         number=1
        t=2026-09-23T12:02:16+0200 lvl=warn msg=GetBlockByNumer                         number=1
        t=2026-09-23T12:02:16+0200 lvl=warn msg=GetBlockByNumer                         number=340
        t=2026-09-23T12:02:17+0200 lvl=warn msg=GetBlockByNumer                         number=1
        t=2026-09-23T12:02:17+0200 lvl=warn msg=GetBlockByNumer                         number=1
        t=2026-09-23T12:02:17+0200 lvl=info msg="HOTSTUFF PROPOSAL MANIFEST stored"     from=127.0.0.1:58893 number=342 proposalID=0x819fdcf06c4272a10fb998959f57643d46273a8d25882322f4de7a681b2e4819 manifestBytes=1221 missing=0 bodyBytes=1655
        t=2026-09-23T12:02:17+0200 lvl=warn msg=GetBlockByNumer                         number=340
        t=2026-09-23T12:02:17+0200 lvl=info msg="HOTSTUFF PROPOSAL MANIFEST stored"     from=127.0.0.1:35288 number=343 proposalID=0x5a3e7ca68fb373617dabf844148393cb2ce0a0fcced3a9b27ce20669e17f1196 manifestBytes=832  missing=0 bodyBytes=832
        t=2026-09-23T12:02:17+0200 lvl=warn msg=GetBlockByNumer                         number=1
        t=2026-09-23T12:02:17+0200 lvl=warn msg=GetBlockByNumer                         number=1
        t=2026-09-23T12:02:17+0200 lvl=warn msg=GetBlockByNumer                         number=1
        t=2026-09-23T12:02:17+0200 lvl=warn msg=GetBlockByNumer                         number=1
        t=2026-09-23T12:02:18+0200 lvl=warn msg=GetBlockByNumer                         number=1
        t=2026-09-23T12:02:18+0200 lvl=info msg="HOTSTUFF PROPOSAL MANIFEST stored"     from=127.0.0.1:37609 number=344 proposalID=0xe8c4060d4d5fe19e34f94b6083abfca73fe62f5659912f2689035d4f105833da manifestBytes=1222 missing=0 bodyBytes=3874
        t=2026-09-23T12:02:18+0200 lvl=warn msg=GetBlockByNumer                         number=1
        t=2026-09-23T12:02:18+0200 lvl=warn msg=GetBlockByNumer                         number=341
        t=2026-09-23T12:02:18+0200 lvl=info msg="HOTSTUFF PROPOSAL MANIFEST stored"     from=127.0.0.1:53415 number=345 proposalID=0xce462b05db8ea4733d735525e9689d80531282cd57703223d20cfaf59939805f manifestBytes=832  missing=0 bodyBytes=832
        t=2026-09-23T12:02:18+0200 lvl=warn msg=GetBlockByNumer                         number=1
        t=2026-09-23T12:02:18+0200 lvl=warn msg=GetBlockByNumer                         number=1
        t=2026-09-23T12:02:18+0200 lvl=warn msg=GetBlockByNumer                         number=1
        t=2026-09-23T12:02:19+0200 lvl=warn msg=GetBlockByNumer                         number=1
        t=2026-09-23T12:02:19+0200 lvl=warn msg=GetBlockByNumer                         number=1
        t=2026-09-23T12:02:19+0200 lvl=warn msg=GetBlockByNumer                         number=1
        t=2026-09-23T12:02:19+0200 lvl=warn msg=GetBlockByNumer                         number=1
        t=2026-09-23T12:02:19+0200 lvl=warn msg=GetBlockByNumer                         number=343
        t=2026-09-23T12:02:19+0200 lvl=warn msg=GetBlockByNumer                         number=1
        t=2026-09-23T12:02:19+0200 lvl=warn msg=GetBlockByNumer                         number=1
        t=2026-09-23T12:02:19+0200 lvl=warn msg=GetBlockByNumer                         number=344
        t=2026-09-23T12:02:20+0200 lvl=warn msg=GetBlockByNumer                         number=1
        t=2026-09-23T12:02:20+0200 lvl=warn msg=GetBlockByNumer                         number=1
        t=2026-09-23T12:02:20+0200 lvl=warn msg=GetBlockByNumer                         number=344
        t=2026-09-23T12:02:20+0200 lvl=warn msg=GetBlockByNumer                         number=1
        t=2026-09-23T12:02:20+0200 lvl=warn msg=GetBlockByNumer                         number=1
        t=2026-09-23T12:02:20+0200 lvl=warn msg=GetBlockByNumer                         number=344
        t=2026-09-23T12:02:20+0200 lvl=warn msg=GetBlockByNumer                         number=1
        t=2026-09-23T12:02:20+0200 lvl=warn msg=GetBlockByNumer                         number=1
        t=2026-09-23T12:02:20+0200 lvl=warn msg=GetBlockByNumer                         number=344
        t=2026-09-23T12:02:21+0200 lvl=warn msg=GetBlockByNumer                         number=1
        t=2026-09-23T12:02:21+0200 lvl=warn msg=GetBlockByNumer                         number=1
        t=2026-09-23T12:02:21+0200 lvl=warn msg=GetBlockByNumer                         number=344
        t=2026-09-23T12:02:21+0200 lvl=warn msg=GetBlockByNumer                         number=1
        t=2026-09-23T12:02:21+0200 lvl=warn msg=GetBlockByNumer                         number=1
        t=2026-09-23T12:02:21+0200 lvl=warn msg=GetBlockByNumer                         number=344
        t=2026-09-23T12:02:22+0200 lvl=warn msg=GetBlockByNumer                         number=1
        t=2026-09-23T12:02:22+0200 lvl=warn msg=GetBlockByNumer                         number=1
        t=2026-09-23T12:02:22+0200 lvl=warn msg=GetBlockByNumer                         number=344
        t=2026-09-23T12:02:22+0200 lvl=info msg="HOTSTUFF PROPOSAL MANIFEST stored"     from=127.0.0.1:58893 number=346 proposalID=0x8cb804a3ad5df628117e535d827946a027d14006c9d6129b9f37446afedd34c3 manifestBytes=1221 missing=0 bodyBytes=1655
        t=2026-09-23T12:02:22+0200 lvl=warn msg="HandleConn drops connection: closed"   address=127.0.0.1:33175 remot=127.0.0.1:58893
        t=2026-09-23T12:02:22+0200 lvl=info msg="HOTSTUFF PROPOSAL MANIFEST stored"     from=127.0.0.1:58893 number=346 proposalID=0x8cb804a3ad5df628117e535d827946a027d14006c9d6129b9f37446afedd34c3 manifestBytes=1221 missing=0 bodyBytes=1655
        t=2026-09-23T12:02:22+0200 lvl=warn msg=GetBlockByNumer                         number=1
        t=2026-09-23T12:02:22+0200 lvl=warn msg=GetBlockByNumer                         number=1
        t=2026-09-23T12:02:22+0200 lvl=warn msg=GetBlockByNumer                         number=345
        t=2026-09-23T12:02:22+0200 lvl=info msg="HOTSTUFF PROPOSAL MANIFEST stored"     from=127.0.0.1:53415 number=347 proposalID=0xb4254703451348121b2b39e9f660cae8eb0e5f448fc4a4f28778a4b72d41e2fd manifestBytes=832  missing=0 bodyBytes=832
        t=2026-09-23T12:02:23+0200 lvl=warn msg=GetBlockByNumer                         number=1
        t=2026-09-23T12:02:23+0200 lvl=warn msg=GetBlockByNumer                         number=1
        t=2026-09-23T12:02:23+0200 lvl=warn msg=GetBlockByNumer                         number=1
        t=2026-09-23T12:02:23+0200 lvl=warn msg=GetBlockByNumer                         number=346
        t=2026-09-23T12:02:23+0200 lvl=info msg="HOTSTUFF PROPOSAL MANIFEST stored"     from=127.0.0.1:49731 number=348 proposalID=0x3b7a550a36ff6340cce0a3eaf7b15ce079da020f7db08ba87c671e63b57e66c1 manifestBytes=1222 missing=0 bodyBytes=3352
        t=2026-09-23T12:02:23+0200 lvl=warn msg=GetBlockByNumer                         number=1
        t=2026-09-23T12:02:23+0200 lvl=warn msg=GetBlockByNumer                         number=1
        t=2026-09-23T12:02:24+0200 lvl=info msg="HOTSTUFF PROPOSAL MANIFEST stored"     from=127.0.0.1:49731 number=349 proposalID=0x4415c01008bdbcf5d60eeb120871b43b20bb18602661d0be065032b48660431c manifestBytes=832  missing=0 bodyBytes=832
        t=2026-09-23T12:02:24+0200 lvl=warn msg=GetBlockByNumer                         number=347
        t=2026-09-23T12:02:24+0200 lvl=warn msg=GetBlockByNumer                         number=1
        t=2026-09-23T12:02:24+0200 lvl=warn msg=GetBlockByNumer                         number=1
        t=2026-09-23T12:02:24+0200 lvl=warn msg=GetBlockByNumer                         number=348
        t=2026-09-23T12:02:24+0200 lvl=warn msg=GetBlockByNumer                         number=1
        t=2026-09-23T12:02:24+0200 lvl=warn msg=GetBlockByNumer                         number=348
        t=2026-09-23T12:02:24+0200 lvl=warn msg=GetBlockByNumer                         number=1
        t=2026-09-23T12:02:24+0200 lvl=warn msg=GetBlockByNumer                         number=348
        t=2026-09-23T12:02:28+0200 lvl=warn msg="HandleConn drops connection: closed"   address=127.0.0.1:33175 remot=127.0.0.1:49731
        t=2026-09-23T12:02:28+0200 lvl=info msg="HOTSTUFF PROPOSAL MANIFEST stored"     from=127.0.0.1:49731 number=350 proposalID=0x224df6fd9a81e46be55df737bedeab34153b3b5ef503b06b44d9d3cbc12c24ce manifestBytes=1221 missing=0 bodyBytes=1655
        t=2026-09-23T12:02:28+0200 lvl=info msg="HOTSTUFF PROPOSAL MANIFEST stored"     from=127.0.0.1:49731 number=351 proposalID=0x1925bc8f2b5b5d6b6d26aab6d9eb7d38df93218e400552f82537d2ff1f2281c0 manifestBytes=832  missing=0 bodyBytes=832
        t=2026-09-23T12:02:30+0200 lvl=info msg="HOTSTUFF PROPOSAL MANIFEST stored"     from=127.0.0.1:35288 number=352 proposalID=0xf3238c246391ea6e1fd47250796a3333700e49513bb74b968b6008a93a2c79ef manifestBytes=1222 missing=0 bodyBytes=3352
        t=2026-09-23T12:02:30+0200 lvl=info msg="HOTSTUFF PROPOSAL MANIFEST stored"     from=127.0.0.1:58893 number=353 proposalID=0x201f8f60a1255b0e2bbf551c37b81401456528596993cd34f6ca68224a656799 manifestBytes=832  missing=0 bodyBytes=832
        t=2026-09-23T12:02:34+0200 lvl=info msg="HOTSTUFF PROPOSAL MANIFEST stored"     from=127.0.0.1:58893 number=354 proposalID=0x99d5503863691a71bb0112fad98db1dd0d11ae345bf8109246be13138ccd0292 manifestBytes=1221 missing=0 bodyBytes=1655
        t=2026-09-23T12:02:35+0200 lvl=info msg="HOTSTUFF PROPOSAL MANIFEST stored"     from=127.0.0.1:35288 number=355 proposalID=0x6f22dbc5b5077c2d84c55f5d9344bf01b105ec56855919bdf6def872e10a53b8 manifestBytes=832  missing=0 bodyBytes=832
        t=2026-09-23T12:02:35+0200 lvl=warn msg="reject new-view before storage"        from=127.0.0.1:49731 viewID=0x564cbda5a87f22dba253d9ce7411e0d3f88c8de97d25f7cfabcaa2cc4deeb4bd err="hotstuff proposal validation pending"
        t=2026-09-23T12:02:37+0200 lvl=warn msg=GetBlockByNumer                         number=246
        t=2026-09-23T12:02:37+0200 lvl=info msg="HOTSTUFF PROPOSAL REF"                 number=356 viewID=0x564cbda5a87f22dba253d9ce7411e0d3f88c8de97d25f7cfabcaa2cc4deeb4bd proposalID=0x60165dc5a72a2f33dd4db5bbad5857b930e912c1713875bdcb6e09dbd8c1b3c1 blockHash=0x068b5255021420a4a64d19192d7ae275e5e09365e52d7cd8408f79ba519acbcd bodyHash=0x57fd4abb689e0a76f51afce827da2ab0cc7c0c0abc32925fdc5dbd5f78182fc5 bodySize=4400  refBytes=446
        t=2026-09-23T12:02:37+0200 lvl=warn msg="Send msg try again"                    address=[::]:33175      Couldn't send to=127.0.0.1:58893 error="Operation Canceled"
        t=2026-09-23T12:02:37+0200 lvl=eror msg=CloseConnect                            =[::]:33175 having error closing conn to=127.0.0.1:57518 error="Connection Closed"
        t=2026-09-23T12:02:37+0200 lvl=warn msg="Send msg try again"                    address=[::]:33175      Couldn't send to=127.0.0.1:53415 error="Operation Canceled"
        t=2026-09-23T12:02:37+0200 lvl=eror msg=CloseConnect                            =[::]:33175 having error closing conn to=127.0.0.1:53415 error="Connection Closed"
        t=2026-09-23T12:02:37+0200 lvl=info msg="HOTSTUFF PROPOSAL MANIFEST stored"     from=127.0.0.1:49731 number=357 proposalID=0x954bac50b58b9bf7573008ca89f8daa2a3ab5c85338b3331ff73a60f496d5041 manifestBytes=832  missing=0 bodyBytes=832
        t=2026-09-23T12:02:38+0200 lvl=info msg="HOTSTUFF PROPOSAL MANIFEST stored"     from=127.0.0.1:35288 number=358 proposalID=0xe6ff952b0585ed7999085c9478045c0d807cebb7d1e3f177648a2400df025515 manifestBytes=1222 missing=0 bodyBytes=4400
        t=2026-09-23T12:02:39+0200 lvl=info msg="HOTSTUFF PROPOSAL MANIFEST stored"     from=127.0.0.1:37609 number=359 proposalID=0x595282bbfb5d44d5f411eb4e297e3064ed70f3a6bd9473fdfe2c7ad365b56bd5 manifestBytes=832  missing=0 bodyBytes=832
        t=2026-09-23T12:02:43+0200 lvl=info msg="HOTSTUFF PROPOSAL MANIFEST stored"     from=127.0.0.1:58893 number=360 proposalID=0xc31377570e81eea4084023ec8dcc1f877adda1f3cd9476825eeafcce537e8fb9 manifestBytes=1222 missing=0 bodyBytes=22357
        t=2026-09-23T12:02:43+0200 lvl=info msg="HOTSTUFF PROPOSAL MANIFEST stored"     from=127.0.0.1:45292 number=361 proposalID=0xb54e3a708f78f39f9526de7afe309e181f45759efa9a551c43063e6286644c77 manifestBytes=1221 missing=0 bodyBytes=1655
        t=2026-09-23T12:02:43+0200 lvl=info msg="HOTSTUFF PROPOSAL MANIFEST stored"     from=127.0.0.1:49731 number=362 proposalID=0xcb80557ec627923aa3547d9c9bc2f2427957007542b3c7534dde31e3b9c59772 manifestBytes=832  missing=0 bodyBytes=832
        t=2026-09-23T12:02:49+0200 lvl=warn msg="HOTSTUFF RECOVERY resend NewView"      number=363 viewID=0x049578ecfb793edf1761ecdbbeca696227f2e1e7012179354345ce344f7c9b63 to=127.0.0.1:45292
        t=2026-09-23T12:02:51+0200 lvl=info msg="HOTSTUFF PROPOSAL MANIFEST stored"     from=127.0.0.1:45292 number=363 proposalID=0x79fa69bf80f78a38fa034b77c8568a33ac117bb4d95c8bccaffdeff170f77135 manifestBytes=1221 missing=0 bodyBytes=1655
        t=2026-09-23T12:02:51+0200 lvl=warn msg=GetBlockByNumer                         number=1
        t=2026-09-23T12:02:52+0200 lvl=info msg="HOTSTUFF PROPOSAL MANIFEST stored"     from=127.0.0.1:53415 number=364 proposalID=0x38dd2d975d67e98de98018d64cb4dc14aab418fd1c664daf30a4f2beb275ff4d manifestBytes=832  missing=0 bodyBytes=832
        t=2026-09-23T12:02:52+0200 lvl=warn msg=GetBlockByNumer                         number=1
        t=2026-09-23T12:02:52+0200 lvl=warn msg=GetBlockByNumer                         number=361
    fhs_process_recovery_test.go:236: validator 1184160 complete log: /tmp/fhs-process-failure-2654585603.log
    fhs_process_recovery_test.go:241: validator 1184160 log tail:
                             number=1
        t=2026-09-23T12:02:10+0200 lvl=warn msg=GetBlockByNumer                         number=334
        t=2026-09-23T12:02:10+0200 lvl=info msg="HOTSTUFF PROPOSAL MANIFEST stored"     from=127.0.0.1:35288 number=336 proposalID=0x8ee53b3133b135c5d14d5c1a83c43c1901c4d9e92d7e86ebb995c1259e12731a manifestBytes=1221 missing=0 bodyBytes=1655
        t=2026-09-23T12:02:10+0200 lvl=warn msg=GetBlockByNumer                         number=1
        t=2026-09-23T12:02:10+0200 lvl=warn msg=GetBlockByNumer                         number=1
        t=2026-09-23T12:02:11+0200 lvl=warn msg=GetBlockByNumer                         number=1
        t=2026-09-23T12:02:11+0200 lvl=info msg="HOTSTUFF PROPOSAL MANIFEST stored"     from=127.0.0.1:53415 number=337 proposalID=0x1de3bc6b6f54b96ed9ec2ce8cfc3683647efb87671a3fb875a68c17bc41350ce manifestBytes=832  missing=0 bodyBytes=832
        t=2026-09-23T12:02:11+0200 lvl=warn msg=GetBlockByNumer                         number=335
        t=2026-09-23T12:02:11+0200 lvl=warn msg=GetBlockByNumer                         number=1
        t=2026-09-23T12:02:11+0200 lvl=warn msg=GetBlockByNumer                         number=335
        t=2026-09-23T12:02:11+0200 lvl=warn msg=GetBlockByNumer                         number=1
        t=2026-09-23T12:02:11+0200 lvl=warn msg=GetBlockByNumer                         number=336
        t=2026-09-23T12:02:11+0200 lvl=warn msg=GetBlockByNumer                         number=1
        t=2026-09-23T12:02:11+0200 lvl=warn msg=GetBlockByNumer                         number=336
        t=2026-09-23T12:02:11+0200 lvl=warn msg=GetBlockByNumer                         number=1
        t=2026-09-23T12:02:11+0200 lvl=warn msg=GetBlockByNumer                         number=1
        t=2026-09-23T12:02:11+0200 lvl=warn msg=GetBlockByNumer                         number=336
        t=2026-09-23T12:02:12+0200 lvl=warn msg=GetBlockByNumer                         number=1
        t=2026-09-23T12:02:12+0200 lvl=warn msg=GetBlockByNumer                         number=1
        t=2026-09-23T12:02:12+0200 lvl=warn msg=GetBlockByNumer                         number=336
        t=2026-09-23T12:02:12+0200 lvl=warn msg=GetBlockByNumer                         number=1
        t=2026-09-23T12:02:12+0200 lvl=warn msg=GetBlockByNumer                         number=1
        t=2026-09-23T12:02:12+0200 lvl=warn msg=GetBlockByNumer                         number=336
        t=2026-09-23T12:02:12+0200 lvl=warn msg=GetBlockByNumer                         number=1
        t=2026-09-23T12:02:12+0200 lvl=warn msg=GetBlockByNumer                         number=1
        t=2026-09-23T12:02:13+0200 lvl=warn msg=GetBlockByNumer                         number=336
        t=2026-09-23T12:02:13+0200 lvl=warn msg=GetBlockByNumer                         number=1
        t=2026-09-23T12:02:13+0200 lvl=warn msg=GetBlockByNumer                         number=1
        t=2026-09-23T12:02:13+0200 lvl=warn msg=GetBlockByNumer                         number=336
        t=2026-09-23T12:02:13+0200 lvl=warn msg=GetBlockByNumer                         number=246
        t=2026-09-23T12:02:13+0200 lvl=info msg="HOTSTUFF PROPOSAL REF"                 number=338 viewID=0x3a17b369fd2cfcd2d92a716871ab56bb2b50300a5fabd760fd8f7317aa1587b5 proposalID=0xcc5436c556490187ca8eb425f1b4c04ae6dcc6a1274302de2e73ed7c25731ba9 blockHash=0xdf113b7e4b7d04e3e588d5327f2898cceca1d59f9beacb056e9e81af12952ffe bodyHash=0xc24218401b2b01f6ca15506b98f1ea659c16c1f9d8d2685a0fe89fa4f0772234 bodySize=3352  refBytes=446
        t=2026-09-23T12:02:13+0200 lvl=warn msg=GetBlockByNumer                         number=1
        t=2026-09-23T12:02:13+0200 lvl=warn msg=GetBlockByNumer                         number=337
        t=2026-09-23T12:02:13+0200 lvl=warn msg=GetBlockByNumer                         number=1
        t=2026-09-23T12:02:13+0200 lvl=warn msg=GetBlockByNumer                         number=337
        t=2026-09-23T12:02:13+0200 lvl=info msg="HOTSTUFF PROPOSAL MANIFEST stored"     from=127.0.0.1:53415 number=339 proposalID=0x2ef62786c433f44fba218ef870637d431c89f8e5c1193b4f82de873a38f5c5d2 manifestBytes=832  missing=0 bodyBytes=832
        t=2026-09-23T12:02:14+0200 lvl=warn msg=GetBlockByNumer                         number=1
        t=2026-09-23T12:02:14+0200 lvl=warn msg=GetBlockByNumer                         number=338
        t=2026-09-23T12:02:14+0200 lvl=warn msg=GetBlockByNumer                         number=1
        t=2026-09-23T12:02:14+0200 lvl=warn msg=GetBlockByNumer                         number=338
        t=2026-09-23T12:02:14+0200 lvl=info msg="HOTSTUFF PROPOSAL MANIFEST stored"     from=127.0.0.1:58893 number=340 proposalID=0xd24892e1685d066565059716cca1ab0d56f96196152f6ebe47551d7766600351 manifestBytes=1222 missing=0 bodyBytes=3352
        t=2026-09-23T12:02:14+0200 lvl=warn msg=GetBlockByNumer                         number=1
        t=2026-09-23T12:02:14+0200 lvl=warn msg=GetBlockByNumer                         number=246
        t=2026-09-23T12:02:14+0200 lvl=info msg="HOTSTUFF PROPOSAL REF"                 number=341 viewID=0xec966233bfbe7c79fe566bac325270347c2772ecbe9a26b7db3e353617ee868b proposalID=0xd4baa104459598fcbdb4650cba9ff02b158df35f5f83edaa882fcd3692c04966 blockHash=0xab7ffc5c2bd0e0329a9cc9848c4d2282d04e04a372256ad369291c743a4a2406 bodyHash=0xb82eec10b20fe84f4c1944a8740283ba8f050b660baa9f5369c81becee42c686 bodySize=832   refBytes=443
        t=2026-09-23T12:02:14+0200 lvl=warn msg=GetBlockByNumer                         number=1
        t=2026-09-23T12:02:14+0200 lvl=warn msg=GetBlockByNumer                         number=1
        t=2026-09-23T12:02:14+0200 lvl=warn msg="reject new-view before storage"        from=127.0.0.1:45292 viewID=0xec966233bfbe7c79fe566bac325270347c2772ecbe9a26b7db3e353617ee868b err="hotstuff view state too old"
        t=2026-09-23T12:02:14+0200 lvl=warn msg=GetBlockByNumer                         number=339
        t=2026-09-23T12:02:14+0200 lvl=warn msg=GetBlockByNumer                         number=1
        t=2026-09-23T12:02:14+0200 lvl=warn msg=GetBlockByNumer                         number=339
        t=2026-09-23T12:02:15+0200 lvl=warn msg=GetBlockByNumer                         number=1
        t=2026-09-23T12:02:15+0200 lvl=warn msg=GetBlockByNumer                         number=340
        t=2026-09-23T12:02:15+0200 lvl=warn msg=GetBlockByNumer                         number=1
        t=2026-09-23T12:02:15+0200 lvl=warn msg=GetBlockByNumer                         number=340
        t=2026-09-23T12:02:15+0200 lvl=warn msg=GetBlockByNumer                         number=1
        t=2026-09-23T12:02:15+0200 lvl=warn msg=GetBlockByNumer                         number=1
        t=2026-09-23T12:02:15+0200 lvl=warn msg=GetBlockByNumer                         number=340
        t=2026-09-23T12:02:15+0200 lvl=warn msg=GetBlockByNumer                         number=1
        t=2026-09-23T12:02:15+0200 lvl=warn msg=GetBlockByNumer                         number=1
        t=2026-09-23T12:02:16+0200 lvl=warn msg=GetBlockByNumer                         number=340
        t=2026-09-23T12:02:16+0200 lvl=warn msg=GetBlockByNumer                         number=1
        t=2026-09-23T12:02:16+0200 lvl=warn msg=GetBlockByNumer                         number=1
        t=2026-09-23T12:02:16+0200 lvl=warn msg=GetBlockByNumer                         number=340
        t=2026-09-23T12:02:16+0200 lvl=warn msg=GetBlockByNumer                         number=1
        t=2026-09-23T12:02:16+0200 lvl=warn msg=GetBlockByNumer                         number=1
        t=2026-09-23T12:02:16+0200 lvl=warn msg=GetBlockByNumer                         number=340
        t=2026-09-23T12:02:17+0200 lvl=warn msg=GetBlockByNumer                         number=1
        t=2026-09-23T12:02:17+0200 lvl=warn msg=GetBlockByNumer                         number=1
        t=2026-09-23T12:02:17+0200 lvl=info msg="HOTSTUFF PROPOSAL MANIFEST stored"     from=127.0.0.1:58893 number=342 proposalID=0x819fdcf06c4272a10fb998959f57643d46273a8d25882322f4de7a681b2e4819 manifestBytes=1221 missing=0 bodyBytes=1655
        t=2026-09-23T12:02:17+0200 lvl=warn msg=GetBlockByNumer                         number=340
        t=2026-09-23T12:02:17+0200 lvl=info msg="HOTSTUFF PROPOSAL MANIFEST stored"     from=127.0.0.1:35288 number=343 proposalID=0x5a3e7ca68fb373617dabf844148393cb2ce0a0fcced3a9b27ce20669e17f1196 manifestBytes=832  missing=0 bodyBytes=832
        t=2026-09-23T12:02:17+0200 lvl=warn msg=GetBlockByNumer                         number=1
        t=2026-09-23T12:02:17+0200 lvl=warn msg=GetBlockByNumer                         number=1
        t=2026-09-23T12:02:17+0200 lvl=warn msg=GetBlockByNumer                         number=1
        t=2026-09-23T12:02:17+0200 lvl=warn msg=GetBlockByNumer                         number=1
        t=2026-09-23T12:02:18+0200 lvl=warn msg=GetBlockByNumer                         number=246
        t=2026-09-23T12:02:18+0200 lvl=info msg="HOTSTUFF PROPOSAL REF"                 number=344 viewID=0xe5a5639b3b8f95658749863b867cc940f7b38825c20908e35dfde148d89ef8cf proposalID=0xe8c4060d4d5fe19e34f94b6083abfca73fe62f5659912f2689035d4f105833da blockHash=0x17e9b45c1650c09b49f374b041f1fa9be26861b650f99144fe5d1e20ddbe0fc3 bodyHash=0x215381a105236f01d2fafd56690ad855a049cb8fd592cb4600fdfb64321c7462 bodySize=3874  refBytes=446
        t=2026-09-23T12:02:18+0200 lvl=warn msg=GetBlockByNumer                         number=1
        t=2026-09-23T12:02:18+0200 lvl=warn msg="Send msg try again"                    address=[::]:37609      Couldn't send to=127.0.0.1:45292 error="Operation Canceled"
        t=2026-09-23T12:02:18+0200 lvl=eror msg=CloseConnect                            =[::]:37609 having error closing conn to=127.0.0.1:45292 error="Connection Closed"
        t=2026-09-23T12:02:18+0200 lvl=warn msg=GetBlockByNumer                         number=341
        t=2026-09-23T12:02:18+0200 lvl=warn msg=GetBlockByNumer                         number=1
        t=2026-09-23T12:02:18+0200 lvl=warn msg=GetBlockByNumer                         number=341
        t=2026-09-23T12:02:18+0200 lvl=info msg="HOTSTUFF PROPOSAL MANIFEST stored"     from=127.0.0.1:53415 number=345 proposalID=0xce462b05db8ea4733d735525e9689d80531282cd57703223d20cfaf59939805f manifestBytes=832  missing=0 bodyBytes=832
        t=2026-09-23T12:02:18+0200 lvl=warn msg=GetBlockByNumer                         number=1
        t=2026-09-23T12:02:18+0200 lvl=warn msg=GetBlockByNumer                         number=1
        t=2026-09-23T12:02:18+0200 lvl=warn msg=GetBlockByNumer                         number=1
        t=2026-09-23T12:02:19+0200 lvl=warn msg=GetBlockByNumer                         number=1
        t=2026-09-23T12:02:19+0200 lvl=warn msg=GetBlockByNumer                         number=1
        t=2026-09-23T12:02:19+0200 lvl=warn msg=GetBlockByNumer                         number=1
        t=2026-09-23T12:02:19+0200 lvl=warn msg=GetBlockByNumer                         number=342
        t=2026-09-23T12:02:19+0200 lvl=warn msg=GetBlockByNumer                         number=343
        t=2026-09-23T12:02:19+0200 lvl=warn msg=GetBlockByNumer                         number=1
        t=2026-09-23T12:02:19+0200 lvl=warn msg=GetBlockByNumer                         number=343
        t=2026-09-23T12:02:19+0200 lvl=warn msg=GetBlockByNumer                         number=1
        t=2026-09-23T12:02:19+0200 lvl=warn msg=GetBlockByNumer                         number=344
        t=2026-09-23T12:02:19+0200 lvl=warn msg=GetBlockByNumer                         number=1
        t=2026-09-23T12:02:19+0200 lvl=warn msg=GetBlockByNumer                         number=344
        t=2026-09-23T12:02:20+0200 lvl=warn msg=GetBlockByNumer                         number=1
        t=2026-09-23T12:02:20+0200 lvl=warn msg=GetBlockByNumer                         number=1
        t=2026-09-23T12:02:20+0200 lvl=warn msg=GetBlockByNumer                         number=344
        t=2026-09-23T12:02:20+0200 lvl=warn msg=GetBlockByNumer                         number=1
        t=2026-09-23T12:02:20+0200 lvl=warn msg=GetBlockByNumer                         number=1
        t=2026-09-23T12:02:20+0200 lvl=warn msg=GetBlockByNumer                         number=344
        t=2026-09-23T12:02:20+0200 lvl=warn msg=GetBlockByNumer                         number=1
        t=2026-09-23T12:02:20+0200 lvl=warn msg=GetBlockByNumer                         number=1
        t=2026-09-23T12:02:20+0200 lvl=warn msg=GetBlockByNumer                         number=344
        t=2026-09-23T12:02:21+0200 lvl=warn msg=GetBlockByNumer                         number=1
        t=2026-09-23T12:02:21+0200 lvl=warn msg=GetBlockByNumer                         number=1
        t=2026-09-23T12:02:21+0200 lvl=warn msg=GetBlockByNumer                         number=344
        t=2026-09-23T12:02:21+0200 lvl=warn msg=GetBlockByNumer                         number=1
        t=2026-09-23T12:02:21+0200 lvl=warn msg=GetBlockByNumer                         number=1
        t=2026-09-23T12:02:21+0200 lvl=warn msg=GetBlockByNumer                         number=344
        t=2026-09-23T12:02:22+0200 lvl=warn msg=GetBlockByNumer                         number=1
        t=2026-09-23T12:02:22+0200 lvl=warn msg=GetBlockByNumer                         number=1
        t=2026-09-23T12:02:22+0200 lvl=warn msg=GetBlockByNumer                         number=344
        t=2026-09-23T12:02:22+0200 lvl=info msg="HOTSTUFF PROPOSAL MANIFEST stored"     from=127.0.0.1:58893 number=346 proposalID=0x8cb804a3ad5df628117e535d827946a027d14006c9d6129b9f37446afedd34c3 manifestBytes=1221 missing=0 bodyBytes=1655
        t=2026-09-23T12:02:22+0200 lvl=warn msg="HandleConn drops connection: closed"   address=127.0.0.1:37609 remot=127.0.0.1:58893
        t=2026-09-23T12:02:22+0200 lvl=warn msg=GetBlockByNumer                         number=1
        t=2026-09-23T12:02:22+0200 lvl=warn msg=GetBlockByNumer                         number=345
        t=2026-09-23T12:02:22+0200 lvl=warn msg=GetBlockByNumer                         number=1
        t=2026-09-23T12:02:22+0200 lvl=warn msg=GetBlockByNumer                         number=345
        t=2026-09-23T12:02:22+0200 lvl=info msg="HOTSTUFF PROPOSAL MANIFEST stored"     from=127.0.0.1:53415 number=347 proposalID=0xb4254703451348121b2b39e9f660cae8eb0e5f448fc4a4f28778a4b72d41e2fd manifestBytes=832  missing=0 bodyBytes=832
        t=2026-09-23T12:02:23+0200 lvl=warn msg=GetBlockByNumer                         number=1
        t=2026-09-23T12:02:23+0200 lvl=warn msg=GetBlockByNumer                         number=1
        t=2026-09-23T12:02:23+0200 lvl=warn msg=GetBlockByNumer                         number=346
        t=2026-09-23T12:02:23+0200 lvl=warn msg=GetBlockByNumer                         number=1
        t=2026-09-23T12:02:23+0200 lvl=warn msg=GetBlockByNumer                         number=346
        t=2026-09-23T12:02:23+0200 lvl=info msg="HOTSTUFF PROPOSAL MANIFEST stored"     from=127.0.0.1:49731 number=348 proposalID=0x3b7a550a36ff6340cce0a3eaf7b15ce079da020f7db08ba87c671e63b57e66c1 manifestBytes=1222 missing=0 bodyBytes=3352
        t=2026-09-23T12:02:23+0200 lvl=warn msg=GetBlockByNumer                         number=1
        t=2026-09-23T12:02:23+0200 lvl=warn msg=GetBlockByNumer                         number=347
        t=2026-09-23T12:02:23+0200 lvl=warn msg=GetBlockByNumer                         number=1
        t=2026-09-23T12:02:24+0200 lvl=info msg="HOTSTUFF PROPOSAL MANIFEST stored"     from=127.0.0.1:49731 number=349 proposalID=0x4415c01008bdbcf5d60eeb120871b43b20bb18602661d0be065032b48660431c manifestBytes=832  missing=0 bodyBytes=832
        t=2026-09-23T12:02:24+0200 lvl=warn msg=GetBlockByNumer                         number=347
        t=2026-09-23T12:02:24+0200 lvl=warn msg="HandleConn drops connection: closed"   address=127.0.0.1:37609 remot=127.0.0.1:49731
        t=2026-09-23T12:02:24+0200 lvl=warn msg=GetBlockByNumer                         number=1
        t=2026-09-23T12:02:24+0200 lvl=warn msg=GetBlockByNumer                         number=348
        t=2026-09-23T12:02:24+0200 lvl=warn msg=GetBlockByNumer                         number=1
        t=2026-09-23T12:02:24+0200 lvl=warn msg=GetBlockByNumer                         number=348
        t=2026-09-23T12:02:24+0200 lvl=warn msg=GetBlockByNumer                         number=348
        t=2026-09-23T12:02:24+0200 lvl=warn msg=GetBlockByNumer                         number=1
        t=2026-09-23T12:02:24+0200 lvl=warn msg=GetBlockByNumer                         number=348
        t=2026-09-23T12:02:24+0200 lvl=warn msg=GetBlockByNumer                         number=348
        t=2026-09-23T12:02:24+0200 lvl=warn msg=GetBlockByNumer                         number=348
        t=2026-09-23T12:02:24+0200 lvl=warn msg=GetBlockByNumer                         number=348
        t=2026-09-23T12:02:24+0200 lvl=warn msg=GetBlockByNumer                         number=348
        t=2026-09-23T12:02:24+0200 lvl=warn msg=GetBlockByNumer                         number=348
        t=2026-09-23T12:02:24+0200 lvl=warn msg=GetBlockByNumer                         number=348
        t=2026-09-23T12:02:24+0200 lvl=warn msg=GetBlockByNumer                         number=348
        t=2026-09-23T12:02:24+0200 lvl=warn msg=GetBlockByNumer                         number=348
        t=2026-09-23T12:02:24+0200 lvl=warn msg=GetBlockByNumer                         number=348
        t=2026-09-23T12:02:24+0200 lvl=warn msg=GetBlockByNumer                         number=348
        t=2026-09-23T12:02:24+0200 lvl=warn msg=GetBlockByNumer                         number=348
        t=2026-09-23T12:02:24+0200 lvl=warn msg=GetBlockByNumer                         number=348
        t=2026-09-23T12:02:24+0200 lvl=warn msg=GetBlockByNumer                         number=348
        t=2026-09-23T12:02:24+0200 lvl=warn msg=GetBlockByNumer                         number=348
        t=2026-09-23T12:02:24+0200 lvl=warn msg=GetBlockByNumer                         number=348
        t=2026-09-23T12:02:24+0200 lvl=warn msg=GetBlockByNumer                         number=348
        t=2026-09-23T12:02:24+0200 lvl=warn msg=GetBlockByNumer                         number=1
        t=2026-09-23T12:02:24+0200 lvl=warn msg=GetBlockByNumer                         number=348
        t=2026-09-23T12:02:28+0200 lvl=info msg="HOTSTUFF PROPOSAL MANIFEST stored"     from=127.0.0.1:49731 number=350 proposalID=0x224df6fd9a81e46be55df737bedeab34153b3b5ef503b06b44d9d3cbc12c24ce manifestBytes=1221 missing=1 bodyBytes=1655
        t=2026-09-23T12:02:28+0200 lvl=eror msg="OnPropose wait proposal body"          number=350 proposalID=0x224df6fd9a81e46be55df737bedeab34153b3b5ef503b06b44d9d3cbc12c24ce err="hotstuff view state too old"
        t=2026-09-23T12:02:28+0200 lvl=warn msg="HOTSTUFF PROPOSAL MANIFEST authority rejected" from=127.0.0.1:49731 leader=127.0.0.1:49731 number=351 proposalID=0x1925bc8f2b5b5d6b6d26aab6d9eb7d38df93218e400552f82537d2ff1f2281c0 err="proposal manifest does not match the current deterministic leader route: manifest key committee is already canonical but is not the current route"
        t=2026-09-23T12:02:28+0200 lvl=info msg="HOTSTUFF PROPOSAL REPAIR REQUEST"      to=127.0.0.1:49731 number=351 proposalID=0x1925bc8f2b5b5d6b6d26aab6d9eb7d38df93218e400552f82537d2ff1f2281c0 missing=0 attempt=0
        t=2026-09-23T12:02:28+0200 lvl=info msg="HOTSTUFF PROPOSAL MANIFEST stored"     from=127.0.0.1:49731 number=351 proposalID=0x1925bc8f2b5b5d6b6d26aab6d9eb7d38df93218e400552f82537d2ff1f2281c0 manifestBytes=832  missing=0 bodyBytes=832
        t=2026-09-23T12:02:30+0200 lvl=info msg="HOTSTUFF PROPOSAL MANIFEST stored"     from=127.0.0.1:35288 number=352 proposalID=0xf3238c246391ea6e1fd47250796a3333700e49513bb74b968b6008a93a2c79ef manifestBytes=1222 missing=0 bodyBytes=3352
        t=2026-09-23T12:02:30+0200 lvl=info msg="HOTSTUFF PROPOSAL MANIFEST stored"     from=127.0.0.1:58893 number=353 proposalID=0x201f8f60a1255b0e2bbf551c37b81401456528596993cd34f6ca68224a656799 manifestBytes=832  missing=0 bodyBytes=832
        t=2026-09-23T12:02:34+0200 lvl=info msg="HOTSTUFF PROPOSAL MANIFEST stored"     from=127.0.0.1:58893 number=354 proposalID=0x99d5503863691a71bb0112fad98db1dd0d11ae345bf8109246be13138ccd0292 manifestBytes=1221 missing=0 bodyBytes=1655
        t=2026-09-23T12:02:35+0200 lvl=info msg="HOTSTUFF PROPOSAL MANIFEST stored"     from=127.0.0.1:35288 number=355 proposalID=0x6f22dbc5b5077c2d84c55f5d9344bf01b105ec56855919bdf6def872e10a53b8 manifestBytes=832  missing=0 bodyBytes=832
        t=2026-09-23T12:02:37+0200 lvl=info msg="HOTSTUFF PROPOSAL MANIFEST stored"     from=127.0.0.1:33175 number=356 proposalID=0x60165dc5a72a2f33dd4db5bbad5857b930e912c1713875bdcb6e09dbd8c1b3c1 manifestBytes=1222 missing=0 bodyBytes=4400
        t=2026-09-23T12:02:37+0200 lvl=info msg="HOTSTUFF PROPOSAL MANIFEST stored"     from=127.0.0.1:49731 number=357 proposalID=0x954bac50b58b9bf7573008ca89f8daa2a3ab5c85338b3331ff73a60f496d5041 manifestBytes=832  missing=0 bodyBytes=832
        t=2026-09-23T12:02:38+0200 lvl=info msg="HOTSTUFF PROPOSAL MANIFEST stored"     from=127.0.0.1:35288 number=358 proposalID=0xe6ff952b0585ed7999085c9478045c0d807cebb7d1e3f177648a2400df025515 manifestBytes=1222 missing=0 bodyBytes=4400
        t=2026-09-23T12:02:39+0200 lvl=warn msg=GetBlockByNumer                         number=246
        t=2026-09-23T12:02:39+0200 lvl=info msg="HOTSTUFF PROPOSAL REF"                 number=359 viewID=0xf853ac3c36c662a4478ba578d69e16ec89d3973de5618024ef00cc40ba088981 proposalID=0x595282bbfb5d44d5f411eb4e297e3064ed70f3a6bd9473fdfe2c7ad365b56bd5 blockHash=0x395b5ad19903c3eec5e9731fab8bd02a03695a6fad287b8d232aa79bc398648f bodyHash=0xdde039e9b291e2bb5d2a0836c0dc6dcea2b4c132cf1f2ec0e793ab411748e561 bodySize=832   refBytes=443
        t=2026-09-23T12:02:39+0200 lvl=warn msg="reject new-view before storage"        from=127.0.0.1:58893 viewID=0xf853ac3c36c662a4478ba578d69e16ec89d3973de5618024ef00cc40ba088981 err="hotstuff view state too old"
        t=2026-09-23T12:02:39+0200 lvl=warn msg="reject new-view before storage"        from=127.0.0.1:53415 viewID=0xf853ac3c36c662a4478ba578d69e16ec89d3973de5618024ef00cc40ba088981 err="hotstuff view state too old"
        t=2026-09-23T12:02:43+0200 lvl=info msg="HOTSTUFF PROPOSAL MANIFEST stored"     from=127.0.0.1:58893 number=360 proposalID=0xc31377570e81eea4084023ec8dcc1f877adda1f3cd9476825eeafcce537e8fb9 manifestBytes=1222 missing=0 bodyBytes=22357
        t=2026-09-23T12:02:43+0200 lvl=info msg="HOTSTUFF PROPOSAL MANIFEST stored"     from=127.0.0.1:45292 number=361 proposalID=0xb54e3a708f78f39f9526de7afe309e181f45759efa9a551c43063e6286644c77 manifestBytes=1221 missing=0 bodyBytes=1655
        t=2026-09-23T12:02:43+0200 lvl=info msg="HOTSTUFF PROPOSAL MANIFEST stored"     from=127.0.0.1:49731 number=362 proposalID=0xcb80557ec627923aa3547d9c9bc2f2427957007542b3c7534dde31e3b9c59772 manifestBytes=832  missing=0 bodyBytes=832
        t=2026-09-23T12:02:49+0200 lvl=warn msg="HOTSTUFF RECOVERY resend NewView"      number=363 viewID=0x049578ecfb793edf1761ecdbbeca696227f2e1e7012179354345ce344f7c9b63 to=127.0.0.1:45292
        t=2026-09-23T12:02:51+0200 lvl=info msg="HOTSTUFF PROPOSAL MANIFEST stored"     from=127.0.0.1:45292 number=363 proposalID=0x79fa69bf80f78a38fa034b77c8568a33ac117bb4d95c8bccaffdeff170f77135 manifestBytes=1221 missing=0 bodyBytes=1655
        t=2026-09-23T12:02:51+0200 lvl=warn msg="HandleConn drops connection: closed"   address=127.0.0.1:37609 remot=127.0.0.1:45292
        t=2026-09-23T12:02:51+0200 lvl=warn msg=GetBlockByNumer                         number=1
        t=2026-09-23T12:02:51+0200 lvl=warn msg=GetBlockByNumer                         number=349
        t=2026-09-23T12:02:51+0200 lvl=warn msg=GetBlockByNumer                         number=350
        t=2026-09-23T12:02:52+0200 lvl=warn msg=GetBlockByNumer                         number=351
        t=2026-09-23T12:02:52+0200 lvl=warn msg=GetBlockByNumer                         number=352
        t=2026-09-23T12:02:52+0200 lvl=warn msg=GetBlockByNumer                         number=353
        t=2026-09-23T12:02:52+0200 lvl=warn msg=GetBlockByNumer                         number=354
        t=2026-09-23T12:02:52+0200 lvl=warn msg=GetBlockByNumer                         number=355
        t=2026-09-23T12:02:52+0200 lvl=warn msg=GetBlockByNumer                         number=356
        t=2026-09-23T12:02:52+0200 lvl=warn msg=GetBlockByNumer                         number=357
        t=2026-09-23T12:02:52+0200 lvl=warn msg=GetBlockByNumer                         number=358
        t=2026-09-23T12:02:52+0200 lvl=warn msg=GetBlockByNumer                         number=359
        t=2026-09-23T12:02:52+0200 lvl=warn msg=GetBlockByNumer                         number=360
        t=2026-09-23T12:02:52+0200 lvl=info msg="HOTSTUFF PROPOSAL MANIFEST stored"     from=127.0.0.1:53415 number=364 proposalID=0x38dd2d975d67e98de98018d64cb4dc14aab418fd1c664daf30a4f2beb275ff4d manifestBytes=832  missing=0 bodyBytes=832
        t=2026-09-23T12:02:52+0200 lvl=warn msg=GetBlockByNumer                         number=361
        t=2026-09-23T12:02:52+0200 lvl=warn msg=GetBlockByNumer                         number=1
        t=2026-09-23T12:02:52+0200 lvl=warn msg=GetBlockByNumer                         number=361
    dex_financial_process_test.go:104: DEX child6 full log /tmp/dex-financial-failure-2504318399.log
    dex_financial_process_test.go:109: DEX child6 log: 
    dex_financial_process_test.go:104: DEX child5 full log /tmp/dex-financial-failure-842829037.log
    dex_financial_process_test.go:109: DEX child5 log: 
    dex_financial_process_test.go:104: DEX child4 full log /tmp/dex-financial-failure-78199683.log
    dex_financial_process_test.go:109: DEX child4 log: 
    dex_financial_process_test.go:104: DEX child3 full log /tmp/dex-financial-failure-1128489369.log
    dex_financial_process_test.go:109: DEX child3 log: 
    dex_financial_process_test.go:104: DEX child2 full log /tmp/dex-financial-failure-1876257337.log
    dex_financial_process_test.go:109: DEX child2 log: 
    dex_financial_process_test.go:104: DEX child1 full log /tmp/dex-financial-failure-3794741019.log
    dex_financial_process_test.go:109: DEX child1 log: 
    dex_financial_process_test.go:104: DEX child0 full log /tmp/dex-financial-failure-3183743808.log
    dex_financial_process_test.go:109: DEX child0 log: 
    dex_continuous_fixture_test.go:69: CONTINUOUS_PUBLIC_FAILURE_ARCHIVE path=/tmp/continuous-public-failure-4143780618 privateKeysExcluded=true noOperationalData=true
--- FAIL: TestFHSNativeContinuousOrdinaryCLI (1077.63s)
FAIL
