=== RUN   TestFHSNativeContinuousOrdinaryCLI
    dex_continuous_network_test.go:20: CONTINUOUS_SETUP CLX=[1057179 1057184 1057189 1057195 1057201 1057207 1057213] source=http://127.0.0.1:37889 network=loopback version=3 DEXRegistered=7 activeInitially=6 relayGasPayers=2 coordinatorStateImports=0
    dex_continuous_network_test.go:21: CONTINUOUS_USER_RPC_ACK tx=0xe8758d4f477da750126cd077d715fde547b07c7bb8e49401a23d611ba8fd1dbd nonce=0
    dex_continuous_network_test.go:21: CONTINUOUS_TX height=1 block=0x7c148284925e76f0e07e45d03c46a767613a5f6c0032966694c515c81b558764 tx=0xe8758d4f477da750126cd077d715fde547b07c7bb8e49401a23d611ba8fd1dbd payer=0xAc08D64dFd414b4EEAd309EC82d9fE44b95a46fD nonce=0 op=funding-1 status=1 gas=271600 gasAtoms=434560000000000 commonAtoms=86912000000000 calldata=12
    dex_continuous_network_test.go:21: CONTINUOUS_ETH_SOURCE height=1 hash=0x7c148284925e76f0e07e45d03c46a767613a5f6c0032966694c515c81b558764 root=0x013217696e3794f4dbca5773b9c88fc3edfd263e0c5b325ca8b00327a7868e29 normalFollow=true
    dex_continuous_network_test.go:21: CONTINUOUS_USER_RPC_ACK tx=0x87781a06dcca302aa0a0eefa812c04c5771c0633ef960b38f63cb3d539841f82 nonce=0
    dex_continuous_network_test.go:21: CONTINUOUS_TX height=3 block=0xe73099ff54c3ff2720334589982b80e593ba13355a492f3e59695ff6db354b49 tx=0x87781a06dcca302aa0a0eefa812c04c5771c0633ef960b38f63cb3d539841f82 payer=0x4aC5887173077E3579FD6e5bD4fddc8f0bec272a nonce=0 op=funding-1 status=1 gas=271600 gasAtoms=434560000000000 commonAtoms=86912000000000 calldata=12
    dex_continuous_network_test.go:21: CONTINUOUS_ETH_SOURCE height=3 hash=0xe73099ff54c3ff2720334589982b80e593ba13355a492f3e59695ff6db354b49 root=0x9e25cd1eac93586fbbbefc18ebbdb8707287feb0f4275fe3bc1163005b1f6a55 normalFollow=true
    dex_continuous_network_test.go:21: CONTINUOUS_USER_RPC_ACK tx=0xe1c9bf245c450bc8bffa59b3d80cfef9c0cb17caa52ec6a249c37e0dbb2ff391 nonce=0
    dex_continuous_network_test.go:21: CONTINUOUS_TX height=5 block=0x5a1b76a07408821571498cd6f9ad7b007e151318b573e1d4cb31915461d5379b tx=0xe1c9bf245c450bc8bffa59b3d80cfef9c0cb17caa52ec6a249c37e0dbb2ff391 payer=0x81F135D55A1214900293d91196732637F64a6c03 nonce=0 op=funding-2 status=1 gas=271600 gasAtoms=434560000000000 commonAtoms=86912000000000 calldata=12
    dex_continuous_network_test.go:21: CONTINUOUS_ETH_SOURCE height=5 hash=0x5a1b76a07408821571498cd6f9ad7b007e151318b573e1d4cb31915461d5379b root=0xe9831efefcb835be53ea8cb0b95feaf878b9eca7c64d87696b11474524643b96 normalFollow=true
    dex_continuous_network_test.go:21: CONTINUOUS_USER_RPC_ACK tx=0x0d878ef8ead54cadd7db097a6abe99fda32953622a7b7c3c3621387f719800ef nonce=1
    dex_continuous_network_test.go:21: CONTINUOUS_TX height=7 block=0x86ae5d19d331a8bb41800fc5bd5a22a1d252e2b4ece1c3fc32c3cc49ac9b09eb tx=0x0d878ef8ead54cadd7db097a6abe99fda32953622a7b7c3c3621387f719800ef payer=0x81F135D55A1214900293d91196732637F64a6c03 nonce=1 op=funding-3 status=1 gas=271600 gasAtoms=434560000000000 commonAtoms=86912000000000 calldata=12
    dex_continuous_network_test.go:21: CONTINUOUS_ETH_SOURCE height=7 hash=0x86ae5d19d331a8bb41800fc5bd5a22a1d252e2b4ece1c3fc32c3cc49ac9b09eb root=0xc620b1486a711d0cd7c317a21fc83e68e70554ac781b77d85c7132c6683a7651 normalFollow=true
    dex_continuous_network_test.go:21: NATIVE_BALANCE height=7 account=0x000000000000000000000000000000000000B123 initial=123 final=347648000000123 delta=347648000000000
    dex_continuous_network_test.go:21: NATIVE_BALANCE height=7 account=0x0000000000000000000000000000000000De0001 initial=0 final=225000000000000000000 delta=225000000000000000000
    dex_continuous_network_test.go:21: NATIVE_BALANCE height=7 account=0x146577ca12D5298f1448474653647Fe25EA60392 initial=77 final=77 delta=0
    dex_continuous_network_test.go:21: NATIVE_BALANCE height=7 account=0x1727Fef78BCCd0f3a5a4d8Bb7Fa1Fc490A9bE93f initial=1000000000000000000000000000 final=1000000000000000000000000000 delta=0
    dex_continuous_network_test.go:21: NATIVE_BALANCE height=7 account=0x290A90588b3Eb1BB8ddd89000A42B82A7fA05F03 initial=1000000000000000000000 final=1000000000000000000000 delta=0
    dex_continuous_network_test.go:21: NATIVE_BALANCE height=7 account=0x4aC5887173077E3579FD6e5bD4fddc8f0bec272a initial=1000000000000000000000 final=899999565440000000000 delta=-100000434560000000000
    dex_continuous_network_test.go:21: NATIVE_BALANCE height=7 account=0x598389C497E1B754E41942D915344F7b9Be4B5ce initial=1000000000000000000000 final=1000000000000000000000 delta=0
    dex_continuous_network_test.go:21: NATIVE_BALANCE height=7 account=0x81F135D55A1214900293d91196732637F64a6c03 initial=1000000000000000000000 final=974999130880000000000 delta=-25000869120000000000
    dex_continuous_network_test.go:21: NATIVE_BALANCE height=7 account=0xAc08D64dFd414b4EEAd309EC82d9fE44b95a46fD initial=1000000000000000000000 final=899999565440000000000 delta=-100000434560000000000
    dex_continuous_network_test.go:21: NATIVE_LEDGER_RECONCILED height=7 custody=225000000000000000000 gas=1738240000000000 commonReward=347648000000000 burn=1390592000000000 accounts=9 engine=0/0/0
    dex_continuous_network_test.go:21: CONTINUOUS_BUCKET key=F atoms=0
    dex_continuous_network_test.go:21: CONTINUOUS_BUCKET key=I atoms=5000000000000000000
    dex_continuous_network_test.go:21: CONTINUOUS_BUCKET key=R atoms=0
    dex_continuous_network_test.go:21: CONTINUOUS_BUCKET key=S atoms=20000000000000000000
    dex_continuous_network_test.go:21: CONTINUOUS_BUCKET key=T atoms=0
    dex_continuous_network_test.go:21: CONTINUOUS_BUCKET key=U atoms=200000000000000000000
    dex_continuous_network_test.go:21: CONTINUOUS_BUCKET key=W atoms=0
    dex_continuous_network_test.go:21: CONTINUOUS_BUCKET key=Z atoms=0
    dex_continuous_network_test.go:21: CONTINUOUS_LIMITS maxCalldata=12 maxHeaders=0 maxMPTNodes=0 maxMPTBytes=0 operationCounts=map[funding-1:2 funding-2:1 funding-3:1]
    dex_continuous_network_test.go:22: NORMAL_FINANCIAL_ROLES index=0 CommonPID=1057563 DEXSidecarPID=1057579 api=127.0.0.2:46193 pow=false rpcReward=false
    dex_continuous_network_test.go:22: CONTINUOUS_COMMON_PEER index=0 parentPID=1057563 initialConnection=true forcedHeadRefresh=false
    dex_continuous_network_test.go:22: NORMAL_FINANCIAL_ROLES index=1 CommonPID=1057596 DEXSidecarPID=1057648 api=127.0.0.3:44649 pow=false rpcReward=false
    dex_continuous_network_test.go:22: CONTINUOUS_COMMON_PEER index=1 parentPID=1057596 initialConnection=true forcedHeadRefresh=false
    dex_continuous_network_test.go:22: NORMAL_FINANCIAL_ROLES index=2 CommonPID=1057665 DEXSidecarPID=1057731 api=127.0.0.4:41089 pow=false rpcReward=false
    dex_continuous_network_test.go:22: CONTINUOUS_COMMON_PEER index=2 parentPID=1057665 initialConnection=true forcedHeadRefresh=false
    dex_continuous_network_test.go:22: NORMAL_FINANCIAL_ROLES index=3 CommonPID=1057747 DEXSidecarPID=1057823 api=127.0.0.5:35827 pow=false rpcReward=false
    dex_continuous_network_test.go:22: CONTINUOUS_COMMON_PEER index=3 parentPID=1057747 initialConnection=true forcedHeadRefresh=false
    dex_continuous_network_test.go:22: NORMAL_FINANCIAL_ROLES index=4 CommonPID=1057840 DEXSidecarPID=1057866 api=127.0.0.6:36045 pow=false rpcReward=false
    dex_continuous_network_test.go:22: CONTINUOUS_COMMON_PEER index=4 parentPID=1057840 initialConnection=true forcedHeadRefresh=false
    dex_continuous_network_test.go:22: NORMAL_FINANCIAL_ROLES index=5 CommonPID=1057884 DEXSidecarPID=1057905 api=127.0.0.7:43033 pow=false rpcReward=false
    dex_continuous_network_test.go:22: CONTINUOUS_COMMON_PEER index=5 parentPID=1057884 initialConnection=true forcedHeadRefresh=false
    dex_continuous_network_test.go:24: NORMAL_RELAY index=0 pid=1057915 store=/tmp/TestFHSNativeContinuousOrdinaryCLI592728400/001/relay-0 payer=0x290A90588b3Eb1BB8ddd89000A42B82A7fA05F03
    dex_continuous_network_test.go:24: NORMAL_RELAY index=1 pid=1057916 store=/tmp/TestFHSNativeContinuousOrdinaryCLI592728400/001/relay-1 payer=0x598389C497E1B754E41942D915344F7b9Be4B5ce
    dex_continuous_network_test.go:26: CONTINUOUS_DEX certified>=1 finalized>=0 active=6
    dex_continuous_network_test.go:26: CONTINUOUS_DEX_INGRESS expectedHeight=2 bytes=282
    dex_continuous_network_test.go:26: CONTINUOUS_DEX certified>=2 finalized>=0 active=6
    dex_continuous_network_test.go:26: CONTINUOUS_CERTIFIED_RECORD height=2 view=4 finalizedTip=1 anchor=7 inbox=4..4 actionBytes=282 dataRoot=9b91d5341939e3552c1841d9839ae432800e0d618818748fb90dd513c9f0e982 isCDXA=false NOT_FINALITY=true
    dex_continuous_network_test.go:26: CONTINUOUS_SOURCE_DESCENDANT height=3 certifiedInbox=1 actualFinalized=1 importedCursor=4 targetCursor=4
    dex_continuous_network_test.go:26: CONTINUOUS_DEX_INGRESS expectedHeight=3 bytes=282
    dex_continuous_network_test.go:26: CONTINUOUS_DEX certified>=3 finalized>=0 active=6
    dex_continuous_network_test.go:26: CONTINUOUS_CERTIFIED_RECORD height=3 view=5 finalizedTip=2 anchor=7 inbox=4..4 actionBytes=282 dataRoot=d081c30d701b76f02aed744c3fea8eb01f406ea1b68b93d9986ae598471cbc9a isCDXA=false NOT_FINALITY=true
    dex_continuous_network_test.go:26: CONTINUOUS_SOURCE_DESCENDANT height=4 certifiedInbox=1 actualFinalized=2 importedCursor=4 targetCursor=4
    dex_continuous_network_test.go:26: CONTINUOUS_DEX_INGRESS expectedHeight=4 bytes=282
    dex_continuous_network_test.go:26: CONTINUOUS_DEX certified>=4 finalized>=0 active=6
    dex_continuous_network_test.go:26: CONTINUOUS_CERTIFIED_RECORD height=4 view=6 finalizedTip=3 anchor=7 inbox=4..4 actionBytes=282 dataRoot=febf1990a628bb13109583bc2faf72ebe0302c93f1cc8f191d5dfe7c406eaa7c isCDXA=false NOT_FINALITY=true
    dex_continuous_network_test.go:26: CONTINUOUS_SOURCE_DESCENDANT height=5 certifiedInbox=1 actualFinalized=3 importedCursor=4 targetCursor=4
    dex_continuous_network_test.go:26: CONTINUOUS_DEX_INGRESS expectedHeight=5 bytes=282
    dex_continuous_network_test.go:26: CONTINUOUS_DEX certified>=5 finalized>=0 active=6
    dex_continuous_network_test.go:26: CONTINUOUS_CERTIFIED_RECORD height=5 view=8 finalizedTip=3 anchor=7 inbox=4..4 actionBytes=282 dataRoot=4a3f59b0e18aeee78ab12287ef73377ef49e9d0585200b5c594705ab20a4b9f6 isCDXA=false NOT_FINALITY=true
    dex_continuous_network_test.go:26: CONTINUOUS_PARTICIPATION height=5 period=1 authenticatedParticipants=6
    dex_continuous_network_test.go:26: CONTINUOUS_DEX_INGRESS expectedHeight=6 bytes=2468
    dex_continuous_network_test.go:26: CONTINUOUS_DEX certified>=6 finalized>=0 active=6
    dex_continuous_network_test.go:26: CONTINUOUS_CERTIFIED_RECORD height=6 view=9 finalizedTip=5 anchor=7 inbox=4..4 actionBytes=2468 dataRoot=8f8f0255acc7ad687fcc1e392721419e0ebf598608c302ccf77c60b1da274d11 isCDXA=false NOT_FINALITY=true
    dex_continuous_network_test.go:26: CONTINUOUS_SOURCE_DESCENDANT height=7 certifiedInbox=1 actualFinalized=5 importedCursor=4 targetCursor=4
    dex_continuous_network_test.go:26: CONTINUOUS_DEX_INGRESS expectedHeight=7 bytes=282
    dex_continuous_network_test.go:26: CONTINUOUS_DEX certified>=7 finalized>=0 active=6
    dex_continuous_network_test.go:26: CONTINUOUS_CERTIFIED_RECORD height=7 view=10 finalizedTip=6 anchor=7 inbox=4..4 actionBytes=282 dataRoot=ad2752a113f1e772940398ce93d5ad6bd914c336feb47fd9d469c7ae0ab0ff72 isCDXA=false NOT_FINALITY=true
    dex_continuous_network_test.go:26: CONTINUOUS_SOURCE_INTERVAL dex=6 anchor=7 cursor=4 total=225000000000000000000
    dex_continuous_network_test.go:26: CONTINUOUS_DEX_INGRESS expectedHeight=8 bytes=282
    dex_continuous_network_test.go:26: CONTINUOUS_DEX certified>=8 finalized>=0 active=6
    dex_continuous_network_test.go:26: CONTINUOUS_CERTIFIED_RECORD height=8 view=11 finalizedTip=7 anchor=7 inbox=4..4 actionBytes=282 dataRoot=7163dd54a07cb693368852736ced1004d440e65dfb1b16658695b5f4b76a523c isCDXA=false NOT_FINALITY=true
    dex_continuous_network_test.go:26: CONTINUOUS_DEX_INGRESS expectedHeight=9 bytes=282
    dex_continuous_network_test.go:26: CONTINUOUS_DEX certified>=9 finalized>=0 active=6
    dex_continuous_network_test.go:26: CONTINUOUS_CERTIFIED_RECORD height=9 view=12 finalizedTip=8 anchor=7 inbox=4..4 actionBytes=282 dataRoot=d452fbc5a717d53653d8391cf8606553caa7a251513e92da86f4cc374731808d isCDXA=false NOT_FINALITY=true
    dex_continuous_network_test.go:26: CONTINUOUS_DEX_INGRESS expectedHeight=10 bytes=282
    dex_continuous_network_test.go:26: CONTINUOUS_DEX certified>=10 finalized>=0 active=6
    dex_continuous_network_test.go:26: CONTINUOUS_CERTIFIED_RECORD height=10 view=13 finalizedTip=9 anchor=7 inbox=4..4 actionBytes=282 dataRoot=4c9f6ea0ff91de7d1a3aab5e5f463cb76f3d3e4803856f286061f9bde1b435d7 isCDXA=false NOT_FINALITY=true
    dex_continuous_network_test.go:26: CONTINUOUS_DEX_INGRESS expectedHeight=11 bytes=282
    dex_continuous_network_test.go:26: CONTINUOUS_DEX certified>=11 finalized>=0 active=6
    dex_continuous_network_test.go:26: CONTINUOUS_CERTIFIED_RECORD height=11 view=15 finalizedTip=9 anchor=7 inbox=4..4 actionBytes=282 dataRoot=573aa98a3a563a06aa64857c02bd82c21ad294ba045d2bd30cd18f4576d5078b isCDXA=false NOT_FINALITY=true
    dex_continuous_network_test.go:26: CONTINUOUS_DEX_INGRESS expectedHeight=12 bytes=282
    dex_continuous_network_test.go:26: CONTINUOUS_DEX certified>=12 finalized>=0 active=6
    dex_continuous_network_test.go:26: CONTINUOUS_CERTIFIED_RECORD height=12 view=16 finalizedTip=11 anchor=7 inbox=4..4 actionBytes=282 dataRoot=acce5478fba5632ee1c290610db41e38f83308e0ad57413e9d6d74db74613b11 isCDXA=false NOT_FINALITY=true
    dex_continuous_network_test.go:26: CONTINUOUS_DEX_INGRESS expectedHeight=13 bytes=282
    dex_continuous_network_test.go:26: CONTINUOUS_DEX certified>=13 finalized>=0 active=6
    dex_continuous_network_test.go:26: CONTINUOUS_CERTIFIED_RECORD height=13 view=17 finalizedTip=12 anchor=7 inbox=4..4 actionBytes=282 dataRoot=549e265f0bf2f20cada971bfae50a1b2052e25a59c201ee203ed8f8b12f294f1 isCDXA=false NOT_FINALITY=true
    dex_continuous_network_test.go:26: CONTINUOUS_DEX_INGRESS expectedHeight=14 bytes=282
    dex_continuous_network_test.go:26: CONTINUOUS_DEX certified>=14 finalized>=0 active=6
    dex_continuous_network_test.go:26: CONTINUOUS_CERTIFIED_RECORD height=14 view=18 finalizedTip=13 anchor=7 inbox=4..4 actionBytes=282 dataRoot=1b91fad6a60c84860d1e87267d3130f01c6e6e6be0dcc09146ba94c5eb6ffa6b isCDXA=false NOT_FINALITY=true
    dex_continuous_network_test.go:26: CONTINUOUS_DEX_INGRESS expectedHeight=15 bytes=282
    dex_continuous_network_test.go:26: CONTINUOUS_DEX certified>=15 finalized>=0 active=6
    dex_continuous_network_test.go:26: CONTINUOUS_CERTIFIED_RECORD height=15 view=19 finalizedTip=14 anchor=7 inbox=4..4 actionBytes=282 dataRoot=682a41f2813a6e5bcfd9a83d8adb6ca61595cd7f485622431896926bd5f1a31f isCDXA=false NOT_FINALITY=true
    dex_continuous_network_test.go:26: CONTINUOUS_PARTICIPATION height=15 period=2 authenticatedParticipants=6
    dex_continuous_network_test.go:26: CONTINUOUS_DEX_INGRESS expectedHeight=16 bytes=2468
    dex_continuous_network_test.go:26: CONTINUOUS_DEX certified>=16 finalized>=0 active=6
    dex_continuous_network_test.go:26: CONTINUOUS_CERTIFIED_RECORD height=16 view=20 finalizedTip=15 anchor=7 inbox=4..4 actionBytes=2468 dataRoot=ba745d5d82e4c77da0a03043c7fe6bbcaed5861bac1a756795a98efdb743e268 isCDXA=false NOT_FINALITY=true
    dex_continuous_network_test.go:26: CONTINUOUS_DEX_INGRESS expectedHeight=17 bytes=282
    dex_continuous_network_test.go:26: CONTINUOUS_DEX certified>=17 finalized>=0 active=6
    dex_continuous_network_test.go:26: CONTINUOUS_CERTIFIED_RECORD height=17 view=22 finalizedTip=15 anchor=7 inbox=4..4 actionBytes=282 dataRoot=b60f3895f03d8c12e8bb8de935b2b2f7f5d9d3d1f94e57b01bd6271b4495ccc4 isCDXA=false NOT_FINALITY=true
    dex_continuous_economy_test.go:293: CONTINUOUS_DEX certified>=17 finalized>=14 active=6
    dex_continuous_economy_test.go:293: CONTINUOUS_DEX_INGRESS expectedHeight=18 bytes=20876
    dex_continuous_economy_test.go:293: CONTINUOUS_DEX certified>=18 finalized>=0 active=6
    dex_continuous_economy_test.go:293: CONTINUOUS_CERTIFIED_RECORD height=18 view=23 finalizedTip=17 anchor=7 inbox=4..4 actionBytes=20876 dataRoot=82ffcd99ad37570a08387cb4f4916a87476216879933f3cb453692d0d3ed914d isCDXA=false NOT_FINALITY=true
    dex_continuous_economy_test.go:293: CONTINUOUS_REWARD_CLOSE period=1 actionHeight=18 packageBytes=20876 participants=6 grace=14
    dex_continuous_economy_test.go:294: CONTINUOUS_DEX_INGRESS expectedHeight=19 bytes=282
    dex_continuous_economy_test.go:294: CONTINUOUS_DEX certified>=19 finalized>=0 active=6
    dex_continuous_economy_test.go:294: CONTINUOUS_CERTIFIED_RECORD height=19 view=24 finalizedTip=18 anchor=7 inbox=4..4 actionBytes=282 dataRoot=79978cf8f7ffdafabfdc6cff0cb9d3063468a9746cb9f41195ce3f190de97842 isCDXA=false NOT_FINALITY=true
    dex_continuous_economy_test.go:295: CONTINUOUS_DEX_INGRESS expectedHeight=20 bytes=282
    dex_continuous_economy_test.go:295: CONTINUOUS_DEX certified>=20 finalized>=0 active=6
    dex_continuous_economy_test.go:295: CONTINUOUS_CERTIFIED_RECORD height=20 view=25 finalizedTip=19 anchor=7 inbox=4..4 actionBytes=282 dataRoot=8d39a098a32966a2a7f7aa7b5a42effb4a700440ff56bd53f48201e88ccde61e isCDXA=false NOT_FINALITY=true
    dex_continuous_economy_test.go:296: CONTINUOUS_DEX certified>=20 finalized>=18 active=6
    dex_continuous_network_test.go:26: CONTINUOUS_CYCLE cycle=1 DEXFinalized=18 CLXAnchor=7 inbox=4 fees=64000000000000000 support=19020000000000000000 total=225000000000000000000 withdrawalReserved=10000000000000000000 rewardReserved=1000000000000000000
    dex_continuous_network_test.go:27: CONTINUOUS_ANCHOR_COST tx=0xa48abadb0d6ca5af957ca95e5ef3a0f22693166987c189abc6be420d76c273e6 calldata=14456 headers=7 mptNodes=7 mptBytes=1335 gas=12794104
    dex_continuous_network_test.go:27: CONTINUOUS_TX height=9 block=0x1892269ed0287221d3701fd1816d457008ea30a844f573bbbc5f242ac293c9ce tx=0xa48abadb0d6ca5af957ca95e5ef3a0f22693166987c189abc6be420d76c273e6 payer=0x598389C497E1B754E41942D915344F7b9Be4B5ce nonce=0 op=anchor status=1 gas=12794104 gasAtoms=20470566400000000 commonAtoms=4094113280000000 calldata=14456
    dex_continuous_network_test.go:27: CONTINUOUS_ANCHOR_COST tx=0x7631f699dd40566405207c16705e6e2654c530209a0af94afab17e2b24315bd4 calldata=14456 headers=7 mptNodes=7 mptBytes=1335 gas=12794104
    dex_continuous_network_test.go:27: CONTINUOUS_TX height=10 block=0x2ccce4c414362b272abcb6aabc8d35a40d0dc86fe0b706a4fa65a48318e0d169 tx=0x7631f699dd40566405207c16705e6e2654c530209a0af94afab17e2b24315bd4 payer=0x290A90588b3Eb1BB8ddd89000A42B82A7fA05F03 nonce=0 op=anchor status=1 gas=12794104 gasAtoms=20470566400000000 commonAtoms=4094113280000000 calldata=14456
    dex_continuous_network_test.go:27: CONTINUOUS_CHECKPOINT sequence=1 hash=8f40b2032f3c2363349f9df4786b220561d513abf63bc6d81537317fc1d7e9b4 anchor=7/86ae5d19d331a8bb41800fc5bd5a22a1d252e2b4ece1c3fc32c3cc49ac9b09eb inbox=0..4 fee=0 rewardFee=0 rewardSupport=0
    dex_continuous_network_test.go:27: CONTINUOUS_TX height=12 block=0x8dff68eda903982a3e5cc84e83d7026e78acbae6db405b5b6488c263eb6d1bad tx=0x4b460db82e1aeb86c41c56a7e967cdd0268c2268c6d535771e0ef9f8d8a84aac payer=0x290A90588b3Eb1BB8ddd89000A42B82A7fA05F03 nonce=1 op=checkpoint status=1 gas=12125484 gasAtoms=19400774400000000 commonAtoms=3880154880000000 calldata=2052
    dex_continuous_network_test.go:27: CONTINUOUS_TX height=14 block=0xeab0dfb83a7ffb3c45c2a4c9da2ed2104c5578556e6fcc69f8d448d3c0c1ad18 tx=0x1f3f4e5793fd1b8b29eeb555840cb6275a07403ce9b9501298b622720c5cf959 payer=0x598389C497E1B754E41942D915344F7b9Be4B5ce nonce=1 op=checkpoint-replay status=1 gas=12125484 gasAtoms=19400774400000000 commonAtoms=3880154880000000 calldata=2052
    dex_continuous_network_test.go:27: CONTINUOUS_CHECKPOINT sequence=2 hash=f7318c03d2fc30a26a279e44c541d25d49566280fe21e3f3fa1ad70473725b14 anchor=7/86ae5d19d331a8bb41800fc5bd5a22a1d252e2b4ece1c3fc32c3cc49ac9b09eb inbox=4..4 fee=0 rewardFee=0 rewardSupport=0
    dex_continuous_network_test.go:27: CONTINUOUS_TX height=16 block=0x5aa2d7fe40ce342efd6f7142dd022c7a24b06b1718191a2892705f2a58b8f668 tx=0x3a5a1932c58818ac2587e5a494b52a21210d94132e9eb9657d790aba59dbd6d1 payer=0x290A90588b3Eb1BB8ddd89000A42B82A7fA05F03 nonce=2 op=checkpoint status=1 gas=12126168 gasAtoms=19401868800000000 commonAtoms=3880373760000000 calldata=2052
    dex_continuous_network_test.go:27: CONTINUOUS_TX height=18 block=0x10faf2905717ede2cc7b837bf9ea4f730ed7912047788ed983bebf051e06c201 tx=0x96474384a0eef67d867834d6587cc872ce62fc98cfcf765149e1ebae7f36cff7 payer=0x598389C497E1B754E41942D915344F7b9Be4B5ce nonce=2 op=checkpoint-replay status=1 gas=12126168 gasAtoms=19401868800000000 commonAtoms=3880373760000000 calldata=2052
    dex_continuous_network_test.go:27: CONTINUOUS_CHECKPOINT sequence=3 hash=a567b9272d8e7232fca571022f5e638ed34bbb6ae5669bc778311e3e4b5ce3cf anchor=7/86ae5d19d331a8bb41800fc5bd5a22a1d252e2b4ece1c3fc32c3cc49ac9b09eb inbox=4..4 fee=0 rewardFee=0 rewardSupport=0
    dex_continuous_network_test.go:27: CONTINUOUS_TX height=20 block=0xdd8a07da6aa4a8c1424b8719b980138f6f61bc6c57b16b4b2e05bbfc88248512 tx=0x29b1ab01bf639d3b0cd6ea4942b050f57ce9db379a012bc6174e03680286acf1 payer=0x290A90588b3Eb1BB8ddd89000A42B82A7fA05F03 nonce=3 op=checkpoint status=1 gas=12126156 gasAtoms=19401849600000000 commonAtoms=3880369920000000 calldata=2052
    dex_continuous_network_test.go:27: CONTINUOUS_TX height=22 block=0xaa9e93008add5e52f692bcee3e542706b6ca502b3c0f3e88280a8fe8e05fd482 tx=0x6829baaa7f0791750f0bfe967834d2b1ef2b322a6012f40cbe52dc5d53cd76db payer=0x598389C497E1B754E41942D915344F7b9Be4B5ce nonce=3 op=checkpoint-replay status=1 gas=12126156 gasAtoms=19401849600000000 commonAtoms=3880369920000000 calldata=2052
    dex_continuous_network_test.go:27: CONTINUOUS_CHECKPOINT sequence=4 hash=98529f4316a87848cbc226731e5b8dd4743420fd0b59b3ea065232720f47d869 anchor=7/86ae5d19d331a8bb41800fc5bd5a22a1d252e2b4ece1c3fc32c3cc49ac9b09eb inbox=4..4 fee=0 rewardFee=0 rewardSupport=0
    dex_continuous_network_test.go:27: CONTINUOUS_TX height=24 block=0x574904b4ece6386208aa3e29de4fa70dc68a75185af9524c82480c70d1f01367 tx=0x1d24d022362e9f9d6bb0656f3e94680a459e1ca7e010c3d472bbdff33dada005 payer=0x290A90588b3Eb1BB8ddd89000A42B82A7fA05F03 nonce=4 op=checkpoint status=1 gas=12153840 gasAtoms=19446144000000000 commonAtoms=3889228800000000 calldata=2574
    dex_continuous_network_test.go:27: CONTINUOUS_TX height=26 block=0x0544726bae3a3ddb072f6625213f09adde51668383c9a57c1ed8dc43ecd20462 tx=0x15ac628f3fa0cb1cb91e365e68c9b7dab85af605867f9ae8d2487261c9e1d38f payer=0x598389C497E1B754E41942D915344F7b9Be4B5ce nonce=4 op=checkpoint-replay status=1 gas=12153840 gasAtoms=19446144000000000 commonAtoms=3889228800000000 calldata=2574
    dex_continuous_network_test.go:27: CONTINUOUS_CHECKPOINT sequence=5 hash=b41a67ccbd0a96cda42df95bc7960745b5424c73a2710b47656483b3f2b69a95 anchor=7/86ae5d19d331a8bb41800fc5bd5a22a1d252e2b4ece1c3fc32c3cc49ac9b09eb inbox=4..4 fee=0 rewardFee=0 rewardSupport=0
    dex_continuous_network_test.go:27: CONTINUOUS_TX height=28 block=0x48c4a67d52eec57963ee0917a68644e7217de6184b1988c10abc2828fbde2942 tx=0x0059f9056f1d4eb3b67ad4cb9900c953a466558db3e7234247e5a02cf9e088bd payer=0x290A90588b3Eb1BB8ddd89000A42B82A7fA05F03 nonce=5 op=checkpoint status=1 gas=12126144 gasAtoms=19401830400000000 commonAtoms=3880366080000000 calldata=2052
    dex_continuous_network_test.go:27: CONTINUOUS_TX height=30 block=0x69c2c3afe58892da0e0a1725f853a4926b36469122d87669efd08bb033220a16 tx=0x45acb620567b416b8a15acc38ed7d346681f54ce0e6cba3fb07d7d165a2aabc2 payer=0x598389C497E1B754E41942D915344F7b9Be4B5ce nonce=5 op=checkpoint-replay status=1 gas=12126144 gasAtoms=19401830400000000 commonAtoms=3880366080000000 calldata=2052
    dex_continuous_network_test.go:27: CONTINUOUS_CHECKPOINT sequence=6 hash=6c83705f1a81dbce326d353ed9ceae226be7f12cd2638b22b297238dd78820a4 anchor=7/86ae5d19d331a8bb41800fc5bd5a22a1d252e2b4ece1c3fc32c3cc49ac9b09eb inbox=4..4 fee=0 rewardFee=0 rewardSupport=0
    dex_continuous_network_test.go:27: CONTINUOUS_TX height=32 block=0x608d09b4f87bd1ad515922965581bf8bc3c1101591732b3f44844797d3ab32c0 tx=0xa544b6885941be627b86bd64e702091c80a3bae08c6a7c59eb01f3d3000a6de1 payer=0x290A90588b3Eb1BB8ddd89000A42B82A7fA05F03 nonce=6 op=checkpoint status=1 gas=12126144 gasAtoms=19401830400000000 commonAtoms=3880366080000000 calldata=2052
    dex_continuous_network_test.go:27: CONTINUOUS_CHECKPOINT sequence=7 hash=c1e1aad0f0bb53b5929d3d71c02ad915daacaa53ca85aa17179816e429553b51 anchor=7/86ae5d19d331a8bb41800fc5bd5a22a1d252e2b4ece1c3fc32c3cc49ac9b09eb inbox=4..4 fee=0 rewardFee=0 rewardSupport=0
    dex_continuous_network_test.go:27: CONTINUOUS_TX height=34 block=0x64be0756a9dd5a74c6777de2ee4812d36fa885390fcc6afb37acc39dfb31bac1 tx=0x1327226f48f32d6e7f2717b376800247d7f10071651b5ac2f66a9a8c8974baa7 payer=0x598389C497E1B754E41942D915344F7b9Be4B5ce nonce=6 op=checkpoint status=1 gas=12126156 gasAtoms=19401849600000000 commonAtoms=3880369920000000 calldata=2052
    dex_continuous_network_test.go:27: CONTINUOUS_CHECKPOINT sequence=8 hash=1cc2c86dd71773eee4a093a50fd3f1a52e6cdcdc0c807bc6f639559104ece261 anchor=7/86ae5d19d331a8bb41800fc5bd5a22a1d252e2b4ece1c3fc32c3cc49ac9b09eb inbox=4..4 fee=0 rewardFee=0 rewardSupport=0
    dex_continuous_network_test.go:27: CONTINUOUS_TX height=36 block=0x986e9a58ba1900f01093ee6108709f5eb794c30c4f4de015e585f4025792640d tx=0x2fbc8565bedcbf532e70bb7d8c24dc74bfec7a4a127e7b35a8a5329d65352de9 payer=0x290A90588b3Eb1BB8ddd89000A42B82A7fA05F03 nonce=7 op=checkpoint status=1 gas=12126156 gasAtoms=19401849600000000 commonAtoms=3880369920000000 calldata=2052
    dex_continuous_network_test.go:27: CONTINUOUS_TX height=38 block=0x02d9048a527decddc4b413852787077ea8117a36d0aee2f42861676a18ecb5d6 tx=0xd57e023adfb0a4b25f10251a7ef8860ac0314e3d48455b6fc5090aaef8ab9dcf payer=0x598389C497E1B754E41942D915344F7b9Be4B5ce nonce=7 op=checkpoint-replay status=1 gas=12126156 gasAtoms=19401849600000000 commonAtoms=3880369920000000 calldata=2052
    dex_continuous_network_test.go:27: CONTINUOUS_CHECKPOINT sequence=9 hash=fecc35406c8d310cd4c4d4638cb08c06e5189877342373886a8b4258831480c4 anchor=7/86ae5d19d331a8bb41800fc5bd5a22a1d252e2b4ece1c3fc32c3cc49ac9b09eb inbox=4..4 fee=40000000000000000 rewardFee=0 rewardSupport=0
    dex_continuous_network_test.go:27: CONTINUOUS_TX height=40 block=0xf0dd1084e84a791be906073adbf8643cd30cb691f56d914d5575d2eb114b6e86 tx=0xd089eb9821380c0234d7767f740833dbc91434700f89e51c6794ff16f4d72352 payer=0x290A90588b3Eb1BB8ddd89000A42B82A7fA05F03 nonce=8 op=checkpoint status=1 gas=12126228 gasAtoms=19401964800000000 commonAtoms=3880392960000000 calldata=2052
    dex_continuous_network_test.go:27: CONTINUOUS_TX height=42 block=0x035b57d08b828572ec1ddfe9b679dcc3d592aa6d391ec494b7cea7e7bb039593 tx=0x2ac0e6d9458dec08136f94a9f431aec19365eedac85270816f4432e37f4bd88e payer=0x598389C497E1B754E41942D915344F7b9Be4B5ce nonce=8 op=checkpoint-replay status=1 gas=12126228 gasAtoms=19401964800000000 commonAtoms=3880392960000000 calldata=2052
    dex_continuous_network_test.go:27: CONTINUOUS_CHECKPOINT sequence=10 hash=3a3ae5db92cfe9eb182ae453f95298c4ba6958e2d0aab34afcb7789f1ec81f2d anchor=7/86ae5d19d331a8bb41800fc5bd5a22a1d252e2b4ece1c3fc32c3cc49ac9b09eb inbox=4..4 fee=0 rewardFee=0 rewardSupport=0
    dex_continuous_network_test.go:27: CONTINUOUS_TX height=44 block=0xb23b1b746ec5a4e6010b72cbe8dbaad1bff93b2081175ec893bb3f6254d39ece tx=0x76bb862bb8d60326db7ae479bd147301f9fc30babfd2e693c697c48511bff6f0 payer=0x290A90588b3Eb1BB8ddd89000A42B82A7fA05F03 nonce=9 op=checkpoint status=1 gas=12153864 gasAtoms=19446182400000000 commonAtoms=3889236480000000 calldata=2574
    dex_continuous_network_test.go:27: CONTINUOUS_TX height=45 block=0xd235aa37dc0c5252392fc5f4d1fe62846c3c6010e1457d208763c4ae67dd9df4 tx=0xe28a25982ac883cc082a969d161b0b21a18f53fe71bffc4c9bd3933f5ce46d49 payer=0x598389C497E1B754E41942D915344F7b9Be4B5ce nonce=9 op=checkpoint-replay status=1 gas=12153864 gasAtoms=19446182400000000 commonAtoms=3889236480000000 calldata=2574
    dex_continuous_network_test.go:27: CONTINUOUS_CHECKPOINT sequence=11 hash=cb9b7fd6061933fe70e66105a218d3b5c2a3524854dbe5e3d29b2bb6cded8ad1 anchor=7/86ae5d19d331a8bb41800fc5bd5a22a1d252e2b4ece1c3fc32c3cc49ac9b09eb inbox=4..4 fee=0 rewardFee=0 rewardSupport=0
    dex_continuous_network_test.go:27: CONTINUOUS_TX height=47 block=0xe378583663b2e6aeef75a2a3aaadba5736ee321e9d1091b20cb867a7a1ea7955 tx=0xd44aa6939fef01cdf09c430ed04ebd8eaaa3a38064ab87ae4a3d465280045858 payer=0x290A90588b3Eb1BB8ddd89000A42B82A7fA05F03 nonce=10 op=checkpoint status=1 gas=12126168 gasAtoms=19401868800000000 commonAtoms=3880373760000000 calldata=2052
    dex_continuous_network_test.go:27: CONTINUOUS_TX height=49 block=0xfdde1b19f9f7ad957adbdcac9dfefd54a930774411da396b70d8fbec6d588b7b tx=0x9290fcbed484463d34906798853cabedd21fae97a69069cdd67c4036cb36bbf8 payer=0x598389C497E1B754E41942D915344F7b9Be4B5ce nonce=10 op=checkpoint-replay status=1 gas=12126168 gasAtoms=19401868800000000 commonAtoms=3880373760000000 calldata=2052
    dex_continuous_network_test.go:27: CONTINUOUS_CHECKPOINT sequence=12 hash=7174faf37a1a047f7f899719efe1e0791f9d8b0e1673cf93b456045c36cec8be anchor=7/86ae5d19d331a8bb41800fc5bd5a22a1d252e2b4ece1c3fc32c3cc49ac9b09eb inbox=4..4 fee=0 rewardFee=0 rewardSupport=0
    dex_continuous_network_test.go:27: CONTINUOUS_TX height=51 block=0x3420f40e47c1a3936d336fe980aaf52f9e55b50364e9ea7987e65deef5b3b94c tx=0xd7312d528006e701ee64407eb450ccd933a95a9a15ab6ce2e7f1bada2d366abb payer=0x290A90588b3Eb1BB8ddd89000A42B82A7fA05F03 nonce=11 op=checkpoint status=1 gas=12126144 gasAtoms=19401830400000000 commonAtoms=3880366080000000 calldata=2052
    dex_continuous_network_test.go:27: CONTINUOUS_TX height=53 block=0x08a06aa36a85bef99deb65c6ecedce3d0d03869b889690c53d8f76f6c48bf7ae tx=0x848a07c1ced6b3e65931166c4ecd5e1eb607519c4954386a2629d2b81f8c4af7 payer=0x598389C497E1B754E41942D915344F7b9Be4B5ce nonce=11 op=checkpoint-replay status=1 gas=12126144 gasAtoms=19401830400000000 commonAtoms=3880366080000000 calldata=2052
    dex_continuous_network_test.go:27: CONTINUOUS_CHECKPOINT sequence=13 hash=490804b74a8e54e18b102189f7db54c5c432f27e2a95ce7bc62acf89f7d69700 anchor=7/86ae5d19d331a8bb41800fc5bd5a22a1d252e2b4ece1c3fc32c3cc49ac9b09eb inbox=4..4 fee=44000000000000000 rewardFee=0 rewardSupport=0
    dex_continuous_network_test.go:27: CONTINUOUS_TX height=55 block=0x9ee3db61550119d27d194c98a44869979abab0ebdeddccf4d2ccfb2f074bea7a tx=0x3a0c4f69a344b659e21b92c6472b108878dc818c6753bfe42c93610d81df2fab payer=0x290A90588b3Eb1BB8ddd89000A42B82A7fA05F03 nonce=12 op=checkpoint status=1 gas=12126192 gasAtoms=19401907200000000 commonAtoms=3880381440000000 calldata=2052
    dex_continuous_network_test.go:27: CONTINUOUS_TX height=57 block=0xe9977d67251bb106cef819750503b318965c9db6ccd732999a14f9bb2ce880b8 tx=0x8955af3a363c8e76b0dfc9613d7851577bd85a134442b8e257ef818ce085a2bc payer=0x598389C497E1B754E41942D915344F7b9Be4B5ce nonce=12 op=checkpoint-replay status=1 gas=12126192 gasAtoms=19401907200000000 commonAtoms=3880381440000000 calldata=2052
    dex_continuous_network_test.go:27: CONTINUOUS_CHECKPOINT sequence=14 hash=608226d6bde107ee2ed2aedfdfaf781d47963ef147a93714d6513e7eb4327644 anchor=7/86ae5d19d331a8bb41800fc5bd5a22a1d252e2b4ece1c3fc32c3cc49ac9b09eb inbox=4..4 fee=0 rewardFee=0 rewardSupport=0
    dex_continuous_network_test.go:27: CONTINUOUS_TX height=59 block=0xf80904056fb6e709341df883874314d8e798ec5285ef934f4c72dcfb6c1b6e4d tx=0xbc656069a423591560cdfbe1348009f157dae73e97b3e0aeb0a940b1403a1697 payer=0x290A90588b3Eb1BB8ddd89000A42B82A7fA05F03 nonce=13 op=checkpoint status=1 gas=12126672 gasAtoms=19402675200000000 commonAtoms=3880535040000000 calldata=2052
    dex_continuous_network_test.go:27: CONTINUOUS_TX height=61 block=0x83a3d62f1d7144f437d840c0e87e5344c7f2ae9b618e7041b0daa7155d020359 tx=0xbf4c734cbf47759fffe7eeb27b909c10d7b49005abb29bf1b9b6b33d0263bef7 payer=0x598389C497E1B754E41942D915344F7b9Be4B5ce nonce=13 op=checkpoint-replay status=1 gas=12126672 gasAtoms=19402675200000000 commonAtoms=3880535040000000 calldata=2052
    dex_continuous_network_test.go:27: CONTINUOUS_CHECKPOINT sequence=15 hash=ad8b416f2b6f7899800b22c5012f6886376bce16e85399cd76d868299ab93ddb anchor=7/86ae5d19d331a8bb41800fc5bd5a22a1d252e2b4ece1c3fc32c3cc49ac9b09eb inbox=4..4 fee=0 rewardFee=0 rewardSupport=0
    dex_continuous_network_test.go:27: CONTINUOUS_TX height=63 block=0xb992e57eabe3c32edee553a918045687101e61b35c97333f27ccf4d86d3160c8 tx=0xd31127fbac7fae1080f2abbe41589f63fe56e1d5377bef3ea172e8f5dbfcebaa payer=0x290A90588b3Eb1BB8ddd89000A42B82A7fA05F03 nonce=14 op=checkpoint status=1 gas=12126156 gasAtoms=19401849600000000 commonAtoms=3880369920000000 calldata=2052
    dex_continuous_network_test.go:27: CONTINUOUS_TX height=65 block=0xf5fc9ca6ea949f45b1d26018e17edbc05e237339c40915c33b5cd2d8c6f53346 tx=0x39648deb53aa7b8ff02add9c73765ee1e4f98500469c1f0b3f3b3908fa7f7b20 payer=0x598389C497E1B754E41942D915344F7b9Be4B5ce nonce=14 op=checkpoint-replay status=1 gas=12126156 gasAtoms=19401849600000000 commonAtoms=3880369920000000 calldata=2052
    dex_continuous_network_test.go:27: CONTINUOUS_CHECKPOINT sequence=16 hash=9e1353372de3e7fb9a7e73a3d35aa04bb9f9127a182e3918f9d3be1c21815981 anchor=7/86ae5d19d331a8bb41800fc5bd5a22a1d252e2b4ece1c3fc32c3cc49ac9b09eb inbox=4..4 fee=0 rewardFee=0 rewardSupport=0
    dex_continuous_network_test.go:27: CONTINUOUS_TX height=67 block=0xce037614c90891b5d2764db3dcd92344dfb439a2dd8f3506836c918d3b2cee28 tx=0x364652f1d4415deeb5547f3bfd45a07ca008c8a50337cdf2a11f97d63e13b73f payer=0x290A90588b3Eb1BB8ddd89000A42B82A7fA05F03 nonce=15 op=checkpoint status=1 gas=12153840 gasAtoms=19446144000000000 commonAtoms=3889228800000000 calldata=2574
    dex_continuous_network_test.go:27: CONTINUOUS_TX height=69 block=0x9f86477c9bd78bc2ad9ffad42e640c35d11ed7023b3e28a09728b717b6b12f65 tx=0x8b214ff3c941aeb804d3f09963208a80aacb71a973003c8ce518286b23daeb72 payer=0x598389C497E1B754E41942D915344F7b9Be4B5ce nonce=15 op=checkpoint-replay status=1 gas=12153840 gasAtoms=19446144000000000 commonAtoms=3889228800000000 calldata=2574
    dex_continuous_network_test.go:27: CONTINUOUS_CHECKPOINT sequence=17 hash=6425d9e63ecf05dfd9f71139d7cc7583db6399827e090d2f6c2d039fe135722e anchor=7/86ae5d19d331a8bb41800fc5bd5a22a1d252e2b4ece1c3fc32c3cc49ac9b09eb inbox=4..4 fee=0 rewardFee=0 rewardSupport=0
    dex_continuous_network_test.go:27: CONTINUOUS_TX height=71 block=0xea3e4bd61cbef6d1c57e030f2d6603789e1c65830d06d580bf9d815792860fc8 tx=0x730cc63937b03af42a24ffa671bf56fa8ac99a901601baa28a501728c607f82c payer=0x290A90588b3Eb1BB8ddd89000A42B82A7fA05F03 nonce=16 op=checkpoint status=1 gas=12126156 gasAtoms=19401849600000000 commonAtoms=3880369920000000 calldata=2052
    dex_continuous_network_test.go:27: CONTINUOUS_CHECKPOINT sequence=18 hash=6cdd8d57bf67b8daf8c8f191a71522016fe95b3925fcc7320bb744506466e3f8 anchor=7/86ae5d19d331a8bb41800fc5bd5a22a1d252e2b4ece1c3fc32c3cc49ac9b09eb inbox=4..4 fee=0 rewardFee=20000000000000000 rewardSupport=980000000000000000
    dex_continuous_network_test.go:27: CONTINUOUS_TX height=73 block=0x92bf054ef5554714ee5f3a36430573d0d380e1813756fb58af4a6b0ff450c9c9 tx=0xae273fca1950cc5b40fa2580a8eb76f128921bbc88c4661db466a4723c359f9d payer=0x598389C497E1B754E41942D915344F7b9Be4B5ce nonce=16 op=checkpoint status=1 gas=12127164 gasAtoms=19403462400000000 commonAtoms=3880692480000000 calldata=2052
    dex_continuous_network_test.go:27: CONTINUOUS_ETH_SOURCE height=73 hash=0x92bf054ef5554714ee5f3a36430573d0d380e1813756fb58af4a6b0ff450c9c9 root=0x47e9fd046680c001545802f45d567c85e9b1c1003154cfbaf4d6c708ee5685fe normalFollow=true
    dex_continuous_network_test.go:27: NATIVE_BALANCE height=73 account=0x000000000000000000000000000000000000B123 initial=123 final=132761168640000123 delta=132761168640000000
    dex_continuous_network_test.go:27: NATIVE_BALANCE height=73 account=0x0000000000000000000000000000000000De0001 initial=0 final=225000000000000000000 delta=225000000000000000000
    dex_continuous_network_test.go:27: NATIVE_BALANCE height=73 account=0x146577ca12D5298f1448474653647Fe25EA60392 initial=77 final=77 delta=0
    dex_continuous_network_test.go:27: NATIVE_BALANCE height=73 account=0x1727Fef78BCCd0f3a5a4d8Bb7Fa1Fc490A9bE93f initial=1000000000000000000000000000 final=1000000000000000000000000000 delta=0
    dex_continuous_network_test.go:27: NATIVE_BALANCE height=73 account=0x290A90588b3Eb1BB8ddd89000A42B82A7fA05F03 initial=1000000000000000000000 final=999668967014400000000 delta=-331032985600000000
    dex_continuous_network_test.go:27: NATIVE_BALANCE height=73 account=0x4aC5887173077E3579FD6e5bD4fddc8f0bec272a initial=1000000000000000000000 final=899999565440000000000 delta=-100000434560000000000
    dex_continuous_network_test.go:27: NATIVE_BALANCE height=73 account=0x598389C497E1B754E41942D915344F7b9Be4B5ce initial=1000000000000000000000 final=999668965382400000000 delta=-331034617600000000
    dex_continuous_network_test.go:27: NATIVE_BALANCE height=73 account=0x81F135D55A1214900293d91196732637F64a6c03 initial=1000000000000000000000 final=974999130880000000000 delta=-25000869120000000000
    dex_continuous_network_test.go:27: NATIVE_BALANCE height=73 account=0xAc08D64dFd414b4EEAd309EC82d9fE44b95a46fD initial=1000000000000000000000 final=899999565440000000000 delta=-100000434560000000000
    dex_continuous_network_test.go:27: NATIVE_LEDGER_RECONCILED height=73 custody=225000000000000000000 gas=663805843200000000 commonReward=132761168640000000 burn=531044674560000000 accounts=9 engine=0/0/0
    dex_continuous_network_test.go:27: CONTINUOUS_BUCKET key=F atoms=64000000000000000
    dex_continuous_network_test.go:27: CONTINUOUS_BUCKET key=I atoms=5000000000000000000
    dex_continuous_network_test.go:27: CONTINUOUS_BUCKET key=R atoms=1000000000000000000
    dex_continuous_network_test.go:27: CONTINUOUS_BUCKET key=S atoms=19020000000000000000
    dex_continuous_network_test.go:27: CONTINUOUS_BUCKET key=T atoms=189916000000000000000
    dex_continuous_network_test.go:27: CONTINUOUS_BUCKET key=U atoms=0
    dex_continuous_network_test.go:27: CONTINUOUS_BUCKET key=W atoms=10000000000000000000
    dex_continuous_network_test.go:27: CONTINUOUS_BUCKET key=Z atoms=0
    dex_continuous_network_test.go:27: CONTINUOUS_LIMITS maxCalldata=14456 maxHeaders=7 maxMPTNodes=7 maxMPTBytes=1335 operationCounts=map[anchor:2 checkpoint:18 checkpoint-replay:14 funding-1:2 funding-2:1 funding-3:1]
    dex_continuous_network_test.go:27: CONTINUOUS_SETTLED DEXSequence=18 CLXAccepted=18 CLXHeight=73 root=0x47e9fd046680c001545802f45d567c85e9b1c1003154cfbaf4d6c708ee5685fe custody=225000000000000000000
    dex_continuous_network_test.go:32: NORMAL_FINANCIAL_ROLES index=6 CommonPID=1058372 DEXSidecarPID=1058419 api=127.0.0.8:33673 pow=false rpcReward=false
    dex_continuous_network_test.go:32: CONTINUOUS_COMMON_PEER index=6 parentPID=1058372 initialConnection=true forcedHeadRefresh=false
    dex_continuous_network_test.go:32: CONTINUOUS_DEX certified>=20 finalized>=19 active=7
    dex_continuous_network_test.go:32: CONTINUOUS_SEVENTH_JOIN finalized=19 certified=20 snapshotBytes=350118 root=53c5166c032c1a58fd464aa44b94f5ddf96ee7a837b5bbb59ac173fd19004728 cursor=4 committedCertificates=6 ownVoteKey=true freshOwnWAL=true importedPeerSafety=false
    dex_continuous_network_test.go:33: CONTINUOUS_RELAY_PAUSE index=0 pid=1057915 hard=true sourceAnchor=79 CLXAccepted=19 jobs=27 counts=map[complete:21 submitted:1 waiting:5]
    dex_continuous_network_test.go:33: CONTINUOUS_RELAY_PAUSE index=1 pid=1057916 hard=true sourceAnchor=79 CLXAccepted=19 jobs=27 counts=map[complete:22 submitted:1 waiting:4]
    dex_continuous_network_test.go:34: CONTINUOUS_CLAIM id=e0a3269a2a0c0e3c2d68b70236b514701f1038f5a9265256a782a44045bc92af seq=18 recipient=b7f7976bf9b28fe86f38157374f236c2fe36fc43 amount=166666666666666667 kind=2
    dex_continuous_network_test.go:34: CONTINUOUS_TX height=75 block=0x2d98f4c46dbf5760bb9b20849cd0b47b5833f9c3004c3269ce98cf10e8c104a6 tx=0x82c3de2b06dd9271278ded4c7b21946015c76ce7ee5246d88883f9c8773a4cd6 payer=0x290A90588b3Eb1BB8ddd89000A42B82A7fA05F03 nonce=17 op=claim status=1 gas=390120 gasAtoms=624192000000000 commonAtoms=124838400000000 calldata=356
    dex_continuous_network_test.go:34: CONTINUOUS_CHECKPOINT sequence=19 hash=3f21b242a8110690f5b9a27e8bf4d2a0139d650f44e09af6b21f9359307cb829 anchor=7/86ae5d19d331a8bb41800fc5bd5a22a1d252e2b4ece1c3fc32c3cc49ac9b09eb inbox=4..4 fee=0 rewardFee=0 rewardSupport=0
    dex_continuous_network_test.go:34: CONTINUOUS_TX height=77 block=0x9d75ef76c39b648740823584cab2d336b33e68a9c10cc436e2f3fc9ab41d4b33 tx=0x155b04f596e694723f06594d8cad9eade2586544a3b3298781a5b47a76a6438a payer=0x598389C497E1B754E41942D915344F7b9Be4B5ce nonce=17 op=checkpoint status=1 gas=12126144 gasAtoms=19401830400000000 commonAtoms=3880366080000000 calldata=2052
    dex_continuous_network_test.go:34: CONTINUOUS_CLAIM id=358cdb487cfe76c346cafc6eefcedba1345121dc4ef26c95c9237fe0b414b6fa seq=18 recipient=833554138db020d6546cf15d0bcf1b96036f992e amount=166666666666666666 kind=2
    dex_continuous_network_test.go:34: CONTINUOUS_TX height=79 block=0xdac3e391871f9b9e81912591644e62aa08d85c7c71f36ffdeb04079681d0a3de tx=0x2b76e439c5187f5c7ba826d2b6faca9de69010860c74272319ef3b5ad6ec4ed8 payer=0x598389C497E1B754E41942D915344F7b9Be4B5ce nonce=18 op=claim status=1 gas=390144 gasAtoms=624230400000000 commonAtoms=124846080000000 calldata=356
    dex_continuous_network_test.go:34: CONTINUOUS_ETH_SOURCE height=79 hash=0xdac3e391871f9b9e81912591644e62aa08d85c7c71f36ffdeb04079681d0a3de root=0xf0cab4874fd9dc05ca701bd30511fa90bfb64fc438f85ef97963b88cec74c7a4 normalFollow=true
    dex_continuous_network_test.go:34: CONTINUOUS_INTERVAL label=second-deposit-boundary-relays-down before=79 after=79 ordinarySignedTransfers=0 custodyBefore=224666666666666666667 custodyAfter=224666666666666666667
    dex_continuous_network_test.go:35: CONTINUOUS_USER_RPC_ACK tx=0xe51674a6b8c1ae690b589ca0696a73394db0b1a2912f1969e6d2df739a2ef104 nonce=1
    dex_continuous_network_test.go:35: CONTINUOUS_TX height=81 block=0x51c701122863643385817707160437fa074ff54ad02e742dd5579f03360b7c1d tx=0xe51674a6b8c1ae690b589ca0696a73394db0b1a2912f1969e6d2df739a2ef104 payer=0xAc08D64dFd414b4EEAd309EC82d9fE44b95a46fD nonce=1 op=funding-1 status=1 gas=271600 gasAtoms=434560000000000 commonAtoms=86912000000000 calldata=12
    dex_continuous_network_test.go:35: CONTINUOUS_ETH_SOURCE height=81 hash=0x51c701122863643385817707160437fa074ff54ad02e742dd5579f03360b7c1d root=0x34c8b81b30e7f353c268c81aa0a719e8d791cbe2e2b6d6f32c4255e10cc34d1b normalFollow=true
    dex_continuous_network_test.go:35: CONTINUOUS_USER_RPC_ACK tx=0x44d17e1602e15cdcaf09427e444ab8de72178a7bd90e1e41aa7bace185e252e3 nonce=1
    dex_continuous_network_test.go:35: CONTINUOUS_TX height=83 block=0x97c6d4edfa25af6edbea6eb88dca7e83ee3baca3d438daa1d1f9985b73bf58a1 tx=0x44d17e1602e15cdcaf09427e444ab8de72178a7bd90e1e41aa7bace185e252e3 payer=0x4aC5887173077E3579FD6e5bD4fddc8f0bec272a nonce=1 op=funding-1 status=1 gas=271600 gasAtoms=434560000000000 commonAtoms=86912000000000 calldata=12
    dex_continuous_network_test.go:35: CONTINUOUS_ETH_SOURCE height=83 hash=0x97c6d4edfa25af6edbea6eb88dca7e83ee3baca3d438daa1d1f9985b73bf58a1 root=0x292e5ed8830cff76e00d3616db17cb52d821642f8b638dc470be066428f0626c normalFollow=true
    dex_continuous_network_test.go:36: CONTINUOUS_RELAY_COLD_REOPEN index=0 oldPID=1057915 newPID=1058450 sameStore=/tmp/TestFHSNativeContinuousOrdinaryCLI592728400/001/relay-0 deferredRecipients=1
    dex_continuous_network_test.go:36: CONTINUOUS_RELAY_COLD_REOPEN index=1 oldPID=1057916 newPID=1058451 sameStore=/tmp/TestFHSNativeContinuousOrdinaryCLI592728400/001/relay-1 deferredRecipients=1
    dex_continuous_network_test.go:37: CONTINUOUS_DEX certified>=21 finalized>=0 active=7
    dex_continuous_network_test.go:37: CONTINUOUS_CERTIFIED_RECORD height=21 view=61 finalizedTip=19 anchor=39 inbox=4..4 actionBytes=61390 dataRoot=7ec0a8316431a94f674152512d449acca4e535583a9763bb9bbce9d29721d47d isCDXA=true NOT_FINALITY=true
    dex_continuous_network_test.go:37: CONTINUOUS_SOURCE_DESCENDANT height=22 certifiedInbox=21 actualFinalized=19 importedCursor=4 targetCursor=6
    dex_continuous_network_test.go:37: CONTINUOUS_DEX_INGRESS expectedHeight=22 bytes=282
    dex_continuous_network_test.go:37: CONTINUOUS_DEX certified>=22 finalized>=0 active=7
    dex_continuous_network_test.go:37: CONTINUOUS_CERTIFIED_RECORD height=22 view=62 finalizedTip=21 anchor=39 inbox=4..4 actionBytes=282 dataRoot=f6e44ba6d708b0c4eb6e0bb071ab04b9f165ba84196205f3e86db0ddf4ccf00c isCDXA=false NOT_FINALITY=true
    dex_continuous_network_test.go:37: CONTINUOUS_DEX certified>=23 finalized>=0 active=7
    dex_continuous_network_test.go:37: CONTINUOUS_CERTIFIED_RECORD height=23 view=64 finalizedTip=21 anchor=71 inbox=4..4 actionBytes=61617 dataRoot=81dd5bf84233536c1cc4b788764d7894d1a236a632b14634118f478a7dd643b0 isCDXA=true NOT_FINALITY=true
    dex_continuous_network_test.go:37: CONTINUOUS_SOURCE_DESCENDANT height=24 certifiedInbox=23 actualFinalized=21 importedCursor=4 targetCursor=6
    dex_continuous_network_test.go:37: CONTINUOUS_DEX_INGRESS expectedHeight=24 bytes=282
    dex_continuous_network_test.go:37: CONTINUOUS_DEX certified>=24 finalized>=0 active=7
    dex_continuous_network_test.go:37: CONTINUOUS_CERTIFIED_RECORD height=24 view=65 finalizedTip=23 anchor=71 inbox=4..4 actionBytes=282 dataRoot=58dd98134a59bc2953e75b52be09d744f4d615dfb500162a7071a2a97e13fa0e isCDXA=false NOT_FINALITY=true
    dex_continuous_network_test.go:37: CONTINUOUS_DEX certified>=25 finalized>=0 active=7
    dex_continuous_network_test.go:37: CONTINUOUS_CERTIFIED_RECORD height=25 view=66 finalizedTip=24 anchor=85 inbox=4..6 actionBytes=31064 dataRoot=a46d36e26fd93a8bfce3708ccabc5fcbdcb7c90b85fe77bdb18fdd6443af2639 isCDXA=true NOT_FINALITY=true
    dex_continuous_network_test.go:37: participation delivery deadline height=25 have=13 want=7
    dex_financial_cli_test.go:116: ordinary CLI full log /tmp/dex-normal-cli-failure-47076967.log
    dex_financial_cli_test.go:121: ordinary Common6: ew-view before storage           from=127.0.0.3:33387 viewID="6ed5f8…edac70" err="hotstuff view state too old"
        INFO [09-22|13:21:24.376] handleNewViewMsg got new view message    from=127.0.0.7:34069 viewId="6e077a…c5af36"
        WARN [09-22|13:21:24.393] reject new-view before storage           from=127.0.0.7:34069 viewID="6e077a…c5af36" err="hotstuff view state too old"
        WARN [09-22|13:21:24.400] GetBlockByNumer                          number=47
        INFO [09-22|13:21:24.413] HOTSTUFF STANDALONE PREPARE QC VERIFIED  number=19 viewID="d9ffe7…effa20" from=127.0.0.6:42357 maskBytes=1
        WARN [09-22|13:21:24.445] GetBlockByNumer                          number=48
        INFO [09-22|13:21:24.492] HOTSTUFF STANDALONE PREPARE QC VERIFIED  number=16 viewID="d3b92d…40e81f" from=127.0.0.3:33387 maskBytes=1
        WARN [09-22|13:21:24.507] GetBlockByNumer                          number=49
        INFO [09-22|13:21:24.508] handleNewViewMsg got new view message    from=127.0.0.2:36877 viewId="04059a…d62062"
        WARN [09-22|13:21:24.528] reject new-view before storage           from=127.0.0.2:36877 viewID="04059a…d62062" err="hotstuff view state too old"
        WARN [09-22|13:21:24.549] GetBlockByNumer                          number=50
        INFO [09-22|13:21:24.567] handleNewViewMsg got new view message    from=127.0.0.4:44515 viewId="1bfde8…9b8f7a"
        WARN [09-22|13:21:24.581] reject new-view before storage           from=127.0.0.4:44515 viewID="1bfde8…9b8f7a" err="hotstuff view state too old"
        INFO [09-22|13:21:24.597] HOTSTUFF STANDALONE PREPARE QC VERIFIED  number=11 viewID="53cc70…057311" from=127.0.0.5:43041 maskBytes=1
        INFO [09-22|13:21:24.598] handleNewViewMsg got new view message    from=127.0.0.6:42357 viewId="59c8ad…b7101e"
        WARN [09-22|13:21:24.601] GetBlockByNumer                          number=51
        WARN [09-22|13:21:24.608] reject new-view before storage           from=127.0.0.6:42357 viewID="59c8ad…b7101e" err="hotstuff view state too old"
        INFO [09-22|13:21:24.622] handleNewViewMsg got new view message    from=127.0.0.5:43041 viewId="6ed5f8…edac70"
        WARN [09-22|13:21:24.640] reject new-view before storage           from=127.0.0.5:43041 viewID="6ed5f8…edac70" err="hotstuff view state too old"
        WARN [09-22|13:21:24.643] GetBlockByNumer                          number=52
        INFO [09-22|13:21:24.655] handleNewViewMsg got new view message    from=127.0.0.7:34069 viewId="20f752…0c96ce"
        WARN [09-22|13:21:24.686] reject new-view before storage           from=127.0.0.7:34069 viewID="20f752…0c96ce" err="hotstuff view state too old"
        WARN [09-22|13:21:24.687] GetBlockByNumer                          number=53
        WARN [09-22|13:21:24.730] GetBlockByNumer                          number=54
        INFO [09-22|13:21:24.780] handleNewViewMsg got new view message    from=127.0.0.4:44515 viewId="04059a…d62062"
        WARN [09-22|13:21:24.785] GetBlockByNumer                          number=55
        WARN [09-22|13:21:24.803] reject new-view before storage           from=127.0.0.4:44515 viewID="04059a…d62062" err="hotstuff view state too old"
        INFO [09-22|13:21:24.822] HOTSTUFF STANDALONE PREPARE QC VERIFIED  number=18 viewID="c580b4…c26469" from=127.0.0.5:43041 maskBytes=1
        WARN [09-22|13:21:24.839] GetBlockByNumer                          number=56
        INFO [09-22|13:21:24.842] handleNewViewMsg got new view message    from=127.0.0.3:33387 viewId="59c8ad…b7101e"
        WARN [09-22|13:21:24.857] reject new-view before storage           from=127.0.0.3:33387 viewID="59c8ad…b7101e" err="hotstuff view state too old"
        INFO [09-22|13:21:24.869] handleNewViewMsg got new view message    from=127.0.0.2:36877 viewId="800cee…046147"
        WARN [09-22|13:21:24.889] GetBlockByNumer                          number=57
        WARN [09-22|13:21:24.902] reject new-view before storage           from=127.0.0.2:36877 viewID="800cee…046147" err="hotstuff view state too old"
        INFO [09-22|13:21:24.902] handleNewViewMsg got new view message    from=127.0.0.6:42357 viewId="728ef0…8cab97"
        WARN [09-22|13:21:24.924] reject new-view before storage           from=127.0.0.6:42357 viewID="728ef0…8cab97" err="hotstuff view state too old"
        WARN [09-22|13:21:24.929] GetBlockByNumer                          number=58
        INFO [09-22|13:21:24.976] handleNewViewMsg got new view message    from=127.0.0.7:34069 viewId="1bfde8…9b8f7a"
        WARN [09-22|13:21:24.978] GetBlockByNumer                          number=59
        WARN [09-22|13:21:24.998] reject new-view before storage           from=127.0.0.7:34069 viewID="1bfde8…9b8f7a" err="hotstuff view state too old"
        WARN [09-22|13:21:25.030] GetBlockByNumer                          number=60
        WARN [09-22|13:21:25.093] GetBlockByNumer                          number=61
        WARN [09-22|13:21:25.150] GetBlockByNumer                          number=62
        INFO [09-22|13:21:25.158] HOTSTUFF STANDALONE PREPARE QC VERIFIED  number=23 viewID="2d5277…b9eb48" from=127.0.0.3:33387 maskBytes=1
        WARN [09-22|13:21:25.215] GetBlockByNumer                          number=63
        INFO [09-22|13:21:25.232] HOTSTUFF STANDALONE PREPARE QC VERIFIED  number=8  viewID="fb47fa…154f95" from=127.0.0.2:36877 maskBytes=1
        INFO [09-22|13:21:25.232] handleNewViewMsg got new view message    from=127.0.0.6:42357 viewId="6e077a…c5af36"
        WARN [09-22|13:21:25.253] reject new-view before storage           from=127.0.0.6:42357 viewID="6e077a…c5af36" err="hotstuff view state too old"
        INFO [09-22|13:21:25.253] handleNewViewMsg got new view message    from=127.0.0.5:43041 viewId="59c8ad…b7101e"
        WARN [09-22|13:21:25.264] reject new-view before storage           from=127.0.0.5:43041 viewID="59c8ad…b7101e" err="hotstuff view state too old"
        WARN [09-22|13:21:25.277] GetBlockByNumer                          number=64
        INFO [09-22|13:21:25.327] handleNewViewMsg got new view message    from=127.0.0.3:33387 viewId="728ef0…8cab97"
        WARN [09-22|13:21:25.349] GetBlockByNumer                          number=65
        WARN [09-22|13:21:25.368] reject new-view before storage           from=127.0.0.3:33387 viewID="728ef0…8cab97" err="hotstuff view state too old"
        WARN [09-22|13:21:25.390] GetBlockByNumer                          number=66
        WARN [09-22|13:21:25.445] GetBlockByNumer                          number=67
        WARN [09-22|13:21:25.489] GetBlockByNumer                          number=68
        WARN [09-22|13:21:25.537] GetBlockByNumer                          number=69
        WARN [09-22|13:21:25.575] GetBlockByNumer                          number=70
        WARN [09-22|13:21:25.630] GetBlockByNumer                          number=71
        WARN [09-22|13:21:25.675] GetBlockByNumer                          number=72
        WARN [09-22|13:21:25.732] GetBlockByNumer                          number=73
        WARN [09-22|13:21:25.783] GetBlockByNumer                          number=74
        WARN [09-22|13:21:25.836] GetBlockByNumer                          number=75
        WARN [09-22|13:21:25.880] GetBlockByNumer                          number=76
        WARN [09-22|13:21:25.944] GetBlockByNumer                          number=77
        WARN [09-22|13:21:25.992] GetBlockByNumer                          number=78
        WARN [09-22|13:21:26.063] GetBlockByNumer                          number=79
        WARN [09-22|13:21:26.141] GetBlockByNumer                          number=80
        WARN [09-22|13:21:26.193] GetBlockByNumer                          number=81
        WARN [09-22|13:21:26.240] GetBlockByNumer                          number=82
        WARN [09-22|13:21:26.285] GetBlockByNumer                          number=83
        INFO [09-22|13:21:30.674] HOTSTUFF PREPARE QC VERIFIED             number=61 viewID="20fce2…5c6176" from=127.0.0.6:42357 maskBytes=1
        INFO [09-22|13:21:31.544] HOTSTUFF PREPARE QC VERIFIED             number=62 viewID="5f6df1…2589c1" from=127.0.0.7:34069 maskBytes=1
        INFO [09-22|13:21:31.544] handleNewViewMsg got new view message    from=127.0.0.6:42357 viewId="08cfcf…2532c0"
        INFO [09-22|13:21:31.561] handleNewViewMsg got new view message    from=127.0.0.4:44515 viewId="08cfcf…2532c0"
        WARN [09-22|13:21:31.575] GetBlockByNumer                          number=84
        INFO [09-22|13:21:31.577] handleNewViewMsg got new view message    from=127.0.0.2:36877 viewId="08cfcf…2532c0"
        INFO [09-22|13:21:31.589] handleNewViewMsg got new view message    from=127.0.0.5:43041 viewId="08cfcf…2532c0"
        INFO [09-22|13:21:31.602] handleNewViewMsg got new view message    from=127.0.0.3:33387 viewId="08cfcf…2532c0"
        INFO [09-22|13:21:31.648] handleNewViewMsg got new view message    from=127.0.0.7:34069 viewId="08cfcf…2532c0"
        INFO [09-22|13:21:31.711] handleNewViewMsg got new view message    from=127.0.0.8:36637 viewId="08cfcf…2532c0"
        WARN [09-22|13:21:32.033] GetBlockByNumer                          number=85
        INFO [09-22|13:21:35.987] HOTSTUFF PREPARE QC VERIFIED             number=64 viewID="2db630…6c0df8" from=127.0.0.2:36877 maskBytes=1
        INFO [09-22|13:21:36.804] HOTSTUFF PREPARE QC VERIFIED             number=65 viewID="6f9117…f0192a" from=127.0.0.3:33387 maskBytes=1
        WARN [09-22|13:21:39.546] GetBlockByNumer                          number=85
        WARN [09-22|13:21:39.547] GetBlockByNumer                          number=86
        WARN [09-22|13:21:39.596] GetBlockByNumer                          number=87
        WARN [09-22|13:21:39.605] GetBlockByNumer                          number=86
        INFO [09-22|13:21:40.543] HOTSTUFF PREPARE QC VERIFIED             number=66 viewID="b93ce2…a8ece9" from=127.0.0.4:44515 maskBytes=1
        WARN [09-22|13:21:47.585] GetBlockByNumer                          number=87
        WARN [09-22|13:21:47.674] GetBlockByNumer                          number=88
        WARN [09-22|13:21:47.903] GetBlockByNumer                          number=89
        WARN [09-22|13:21:48.014] GetBlockByNumer                          number=90
        INFO [09-22|13:21:49.338] handleNewViewMsg got new view message    from=127.0.0.8:36637 viewId="3b6152…ea19cc"
        INFO [09-22|13:21:49.358] handleNewViewMsg got new view message    from=127.0.0.6:42357 viewId="3b6152…ea19cc"
        INFO [09-22|13:21:49.375] handleNewViewMsg got new view message    from=127.0.0.3:33387 viewId="3b6152…ea19cc"
        INFO [09-22|13:21:49.400] handleNewViewMsg got new view message    from=127.0.0.4:44515 viewId="3b6152…ea19cc"
        INFO [09-22|13:21:49.424] handleNewViewMsg got new view message    from=127.0.0.5:43041 viewId="3b6152…ea19cc"
        INFO [09-22|13:21:49.536] handleNewViewMsg got new view message    from=127.0.0.2:36877 viewId="3b6152…ea19cc"
        INFO [09-22|13:21:49.553] handleNewViewMsg got new view message    from=127.0.0.7:34069 viewId="3b6152…ea19cc"
        WARN [09-22|13:21:53.655] GetBlockByNumer                          number=91
        WARN [09-22|13:21:54.045] GetBlockByNumer                          number=92
        WARN [09-22|13:21:54.313] GetBlockByNumer                          number=93
        WARN [09-22|13:22:05.205] GetBlockByNumer                          number=94
        WARN [09-22|13:22:05.372] GetBlockByNumer                          number=94
        WARN [09-22|13:22:05.437] GetBlockByNumer                          number=95
        WARN [09-22|13:22:05.809] GetBlockByNumer                          number=96
        INFO [09-22|13:22:11.109] handleNewViewMsg got new view message    from=127.0.0.4:44515 viewId="6dbcb9…aeb4bf"
        INFO [09-22|13:22:11.128] handleNewViewMsg got new view message    from=127.0.0.3:33387 viewId="6dbcb9…aeb4bf"
        INFO [09-22|13:22:11.159] handleNewViewMsg got new view message    from=127.0.0.7:34069 viewId="6dbcb9…aeb4bf"
        INFO [09-22|13:22:11.187] handleNewViewMsg got new view message    from=127.0.0.8:36637 viewId="6dbcb9…aeb4bf"
        INFO [09-22|13:22:11.202] handleNewViewMsg got new view message    from=127.0.0.5:43041 viewId="6dbcb9…aeb4bf"
        INFO [09-22|13:22:11.293] handleNewViewMsg got new view message    from=127.0.0.6:42357 viewId="6dbcb9…aeb4bf"
        INFO [09-22|13:22:11.310] handleNewViewMsg got new view message    from=127.0.0.2:36877 viewId="6dbcb9…aeb4bf"
        WARN [09-22|13:22:22.674] GetBlockByNumer                          number=97
        WARN [09-22|13:22:23.712] GetBlockByNumer                          number=98
        WARN [09-22|13:22:23.823] GetBlockByNumer                          number=99
    dex_continuous_fixture_test.go:363: continuous relay log /tmp/continuous-relay-failure-4250928943.log
    dex_continuous_fixture_test.go:365: relay status {Version:1 Devnet:true Authenticated:{SourceAnchor:{Version:1 ChainID:10101919 Genesis:[38 242 115 69 185 229 235 15 183 208 29 169 1 150 246 6 112 92 235 249 6 20 166 145 144 67 145 88 213 31 85 110] DEXID:[44 164 121 142 126 190 33 185 33 155 126 222 246 225 246 157 69 119 10 104 181 63 134 207 76 240 149 254 88 238 140 4] Custody:[0 0 0 0 0 0 0 0 0 0 0 0 0 0 0 0 0 222 0 1] Height:99 BlockHash:[216 196 129 100 239 118 59 152 186 59 186 90 225 218 17 75 133 97 197 17 192 209 30 89 113 155 194 196 18 214 173 18] StateRoot:[154 108 1 134 188 64 51 61 209 136 152 192 73 60 138 80 5 9 253 227 40 49 29 136 78 39 93 231 133 91 65 12] SourceKeyHash:[237 28 239 160 230 61 129 182 236 90 180 48 222 77 228 39 127 218 3 75 47 156 97 255 172 23 60 45 159 164 198 90] SourceCommittee:[234 51 216 1 61 55 120 118 239 35 228 197 254 190 139 21 238 104 248 42 222 42 166 101 40 231 90 40 35 191 51 133] SourceEpoch:1 InboxCount:6} DEXSequence:24 CLXSequence:20 CLXSequenceVerified:true} Counts:map[complete:31 waiting:5] TotalJobs:36 JobsTruncated:false Jobs:[{ID:[93 184 182 60 32 85 113 213 179 189 196 208 239 229 165 93 3 125 226 15 34 184 156 24 88 240 252 13 189 204 75 230] Lane:2 Phase:complete Nonce:0 Reserved:false TXHash:[0 0 0 0 0 0 0 0 0 0 0 0 0 0 0 0 0 0 0 0 0 0 0 0 0 0 0 0 0 0 0 0] Sends:2 RPCAckObserved:false LastError:} {ID:[7 212 212 42 41 136 34 0 163 73 147 129 255 50 182 53 48 49 245 149 101 192 150 220 236 171 65 249 211 252 152 34] Lane:1 Phase:complete Nonce:0 Reserved:true TXHash:[164 138 186 219 13 108 165 175 149 124 169 94 94 243 160 242 38 147 22 105 135 193 137 171 198 190 66 13 118 194 115 230] Sends:1 RPCAckObserved:true LastError:} {ID:[222 166 33 45 33 128 51 237 89 140 90 15 120 36 181 167 133 78 186 194 252 203 173 254 128 249 160 154 206 104 58 12] Lane:3 Phase:complete Nonce:1 Reserved:true TXHash:[31 63 78 87 147 253 27 139 41 238 181 85 132 12 182 39 90 7 64 60 233 185 80 18 152 182 34 114 12 92 249 89] Sends:1 RPCAckObserved:true LastError:} {ID:[38 145 202 22 233 124 242 247 245 34 222 37 45 146 253 202 93 232 217 120 122 121 167 34 180 118 218 234 238 248 144 198] Lane:3 Phase:complete Nonce:2 Reserved:true TXHash:[150 71 67 132 160 238 246 125 134 120 52 214 88 124 200 114 206 98 252 152 207 207 118 81 73 225 235 174 127 54 207 247] Sends:1 RPCAckObserved:true LastError:} {ID:[215 63 182 237 233 170 162 191 165 18 210 49 142 39 17 161 143 228 64 160 130 171 169 226 21 91 1 118 182 190 166 51] Lane:3 Phase:complete Nonce:3 Reserved:true TXHash:[104 41 186 170 127 7 145 117 15 11 254 150 120 52 210 177 239 43 50 42 96 18 244 12 190 82 220 93 83 205 118 219] Sends:1 RPCAckObserved:true LastError:} {ID:[235 85 82 118 77 124 217 236 41 124 92 100 165 104 104 137 247 210 210 142 88 33 226 105 229 205 127 255 46 21 7 135] Lane:3 Phase:complete Nonce:4 Reserved:true TXHash:[21 172 98 143 63 160 203 28 185 30 54 94 104 201 183 218 184 90 246 5 134 127 154 232 210 72 114 97 201 225 211 143] Sends:1 RPCAckObserved:true LastError:} {ID:[79 111 212 228 128 222 183 73 37 91 55 160 178 97 198 120 45 129 183 4 147 143 36 248 113 198 71 84 249 32 27 134] Lane:3 Phase:complete Nonce:5 Reserved:true TXHash:[69 172 182 32 86 123 65 107 138 21 172 195 142 215 211 70 104 31 84 206 14 108 186 63 176 125 125 22 90 42 171 194] Sends:1 RPCAckObserved:true LastError:} {ID:[188 21 212 243 158 122 129 118 91 244 10 217 142 76 26 200 26 149 211 9 173 48 68 16 90 41 127 103 40 147 44 147] Lane:3 Phase:complete Nonce:0 Reserved:false TXHash:[0 0 0 0 0 0 0 0 0 0 0 0 0 0 0 0 0 0 0 0 0 0 0 0 0 0 0 0 0 0 0 0] Sends:0 RPCAckObserved:false LastError:} {ID:[26 223 239 100 39 102 227 98 87 233 232 125 212 162 38 64 141 150 220 251 224 75 13 241 211 145 164 30 42 180 208 24] Lane:3 Phase:complete Nonce:6 Reserved:true TXHash:[19 39 34 111 72 243 45 110 127 39 23 179 118 128 2 71 215 241 0 113 101 27 90 194 246 106 154 140 137 116 186 167] Sends:1 RPCAckObserved:true LastError:} {ID:[80 182 114 227 112 214 136 44 106 89 189 76 116 120 56 128 152 112 228 166 222 207 62 139 222 7 62 45 128 122 158 195] Lane:3 Phase:complete Nonce:7 Reserved:true TXHash:[213 126 2 58 223 176 164 178 95 16 37 26 126 248 134 10 192 49 78 61 72 69 91 111 197 9 10 174 248 171 157 207] Sends:1 RPCAckObserved:true LastError:} {ID:[101 100 116 44 213 82 121 154 147 217 81 201 219 58 82 74 192 135 252 104 155 13 48 209 214 253 64 125 186 73 16 95] Lane:3 Phase:complete Nonce:8 Reserved:true TXHash:[42 192 230 217 69 141 236 8 19 111 148 169 244 49 174 193 147 101 238 218 200 82 112 129 111 68 50 227 127 75 216 142] Sends:1 RPCAckObserved:true LastError:} {ID:[254 125 248 89 25 1 32 128 10 152 77 240 228 72 254 174 26 151 128 120 61 220 98 146 79 39 117 17 63 67 213 124] Lane:3 Phase:complete Nonce:9 Reserved:true TXHash:[226 138 37 152 42 200 131 204 8 42 150 157 22 27 11 33 161 143 83 254 113 191 252 76 155 211 147 63 92 228 109 73] Sends:1 RPCAckObserved:true LastError:} {ID:[197 161 223 30 90 251 203 96 133 118 232 157 48 182 64 67 48 8 199 200 120 138 225 151 238 207 61 7 230 91 31 57] Lane:3 Phase:complete Nonce:10 Reserved:true TXHash:[146 144 252 190 212 132 70 61 52 144 103 152 133 60 171 237 210 31 174 151 166 144 105 205 214 124 64 54 203 54 187 248] Sends:1 RPCAckObserved:true LastError:} {ID:[238 47 2 25 192 73 20 197 226 220 95 197 225 134 123 205 45 142 66 177 178 102 22 253 6 208 207 12 213 8 222 34] Lane:3 Phase:complete Nonce:11 Reserved:true TXHash:[132 138 7 193 206 214 179 230 89 49 22 108 78 205 94 30 182 7 81 156 73 84 56 106 38 41 210 184 31 140 74 247] Sends:1 RPCAckObserved:true LastError:} {ID:[167 146 139 61 129 182 140 204 198 148 29 40 214 225 225 56 39 131 105 32 40 130 142 113 244 159 184 29 54 80 3 141] Lane:3 Phase:complete Nonce:12 Reserved:true TXHash:[137 85 175 58 54 60 142 118 176 223 201 97 61 120 81 87 123 216 90 19 68 66 184 226 87 239 129 140 224 133 162 188] Sends:1 RPCAckObserved:true LastError:} {ID:[244 131 22 18 159 57 77 151 18 150 183 102 33 187 203 87 7 15 238 85 142 12 22 139 185 243 79 213 248 154 39 173] Lane:3 Phase:complete Nonce:13 Reserved:true TXHash:[191 76 115 76 191 71 117 159 255 231 238 178 123 144 156 16 215 180 144 5 171 178 155 241 185 182 179 61 2 99 190 247] Sends:1 RPCAckObserved:true LastError:} {ID:[122 244 120 189 238 8 237 164 102 141 44 217 191 67 218 209 100 219 94 94 175 197 91 188 155 211 3 144 250 66 114 231] Lane:3 Phase:complete Nonce:14 Reserved:true TXHash:[57 100 141 235 83 170 123 143 240 42 221 156 115 118 94 225 228 249 133 0 70 156 31 11 63 59 57 8 250 127 123 32] Sends:1 RPCAckObserved:true LastError:} {ID:[230 207 189 226 56 80 224 92 213 18 138 131 202 42 177 7 128 225 181 6 87 76 40 186 221 255 89 204 154 114 130 155] Lane:3 Phase:complete Nonce:15 Reserved:true TXHash:[139 33 79 243 201 65 174 184 4 211 240 153 99 32 138 128 170 203 113 169 115 0 60 140 229 24 40 107 35 218 235 114] Sends:1 RPCAckObserved:true LastError:} {ID:[143 161 159 243 232 254 50 78 219 189 228 23 4 219 19 41 201 109 120 37 17 44 160 223 189 151 154 72 192 50 241 239] Lane:3 Phase:complete Nonce:0 Reserved:false TXHash:[0 0 0 0 0 0 0 0 0 0 0 0 0 0 0 0 0 0 0 0 0 0 0 0 0 0 0 0 0 0 0 0] Sends:0 RPCAckObserved:false LastError:} {ID:[81 190 183 152 71 137 87 233 193 204 251 211 172 20 117 199 247 71 10 122 159 190 16 136 104 243 85 127 232 250 206 110] Lane:3 Phase:complete Nonce:16 Reserved:true TXHash:[174 39 63 202 25 80 204 91 64 250 37 128 168 235 118 241 40 146 27 188 136 196 102 29 180 102 164 114 60 53 159 157] Sends:1 RPCAckObserved:true LastError:} {ID:[11 214 163 78 42 246 27 208 4 108 180 90 109 176 99 45 142 73 92 192 204 89 2 228 26 44 4 22 76 236 97 183] Lane:4 Phase:complete Nonce:19 Reserved:true TXHash:[52 222 219 7 124 125 193 34 153 2 112 60 24 64 34 164 25 91 111 69 83 146 94 81 4 2 89 135 142 16 129 127] Sends:1 RPCAckObserved:true LastError:} {ID:[218 106 200 82 60 156 12 64 219 216 139 110 89 161 169 229 38 59 64 229 222 181 125 93 74 189 206 52 25 78 100 174] Lane:4 Phase:complete Nonce:20 Reserved:true TXHash:[232 77 46 186 195 39 197 124 51 191 65 174 21 2 10 14 236 242 73 213 105 185 12 32 127 59 72 147 218 185 168 131] Sends:1 RPCAckObserved:true LastError:} {ID:[95 205 2 79 15 242 228 231 2 54 151 108 209 193 70 121 208 192 12 23 105 58 178 67 202 106 187 134 101 185 183 50] Lane:4 Phase:complete Nonce:21 Reserved:true TXHash:[126 57 2 89 7 58 52 54 71 162 169 48 88 215 59 23 195 171 49 83 194 17 109 240 121 19 20 213 56 239 156 34] Sends:1 RPCAckObserved:true LastError:} {ID:[96 138 68 110 169 181 149 247 224 254 6 224 146 172 173 135 89 87 197 168 221 118 49 42 25 185 70 222 55 35 215 22] Lane:4 Phase:complete Nonce:0 Reserved:false TXHash:[0 0 0 0 0 0 0 0 0 0 0 0 0 0 0 0 0 0 0 0 0 0 0 0 0 0 0 0 0 0 0 0] Sends:0 RPCAckObserved:false LastError:} {ID:[123 143 199 163 0 162 24 90 144 144 245 158 246 8 107 189 219 86 10 156 103 125 180 199 196 5 1 92 95 193 199 30] Lane:4 Phase:complete Nonce:0 Reserved:false TXHash:[0 0 0 0 0 0 0 0 0 0 0 0 0 0 0 0 0 0 0 0 0 0 0 0 0 0 0 0 0 0 0 0] Sends:0 RPCAckObserved:false LastError:} {ID:[230 125 176 171 1 198 108 191 70 143 243 146 202 28 191 126 26 16 106 101 237 94 27 192 215 61 95 41 211 227 126 117] Lane:4 Phase:complete Nonce:18 Reserved:true TXHash:[43 118 228 57 197 24 127 92 123 168 38 210 182 250 202 157 230 144 16 134 12 116 39 35 25 239 59 90 214 236 78 216] Sends:1 RPCAckObserved:true LastError:} {ID:[55 189 15 144 103 198 175 181 203 221 95 190 156 112 249 200 121 117 36 142 90 0 33 84 164 219 123 169 214 102 6 221] Lane:3 Phase:complete Nonce:17 Reserved:true TXHash:[21 91 4 245 150 230 148 114 63 6 89 77 140 173 158 173 226 88 101 68 163 179 41 135 129 165 180 122 118 166 67 138] Sends:1 RPCAckObserved:true LastError:} {ID:[162 84 232 94 237 192 44 82 241 178 119 147 83 181 78 161 45 144 61 103 18 62 201 107 115 95 90 16 217 178 21 210] Lane:2 Phase:complete Nonce:0 Reserved:false TXHash:[0 0 0 0 0 0 0 0 0 0 0 0 0 0 0 0 0 0 0 0 0 0 0 0 0 0 0 0 0 0 0 0] Sends:1 RPCAckObserved:false LastError:} {ID:[166 163 132 52 4 106 102 231 15 180 218 214 151 97 179 11 89 213 76 176 111 27 140 64 70 22 149 163 121 255 215 18] Lane:3 Phase:complete Nonce:22 Reserved:true TXHash:[236 149 139 59 160 195 66 50 235 163 178 250 59 64 50 10 225 129 231 165 27 138 119 253 102 183 70 236 3 40 237 224] Sends:1 RPCAckObserved:true LastError:} {ID:[224 250 117 167 171 248 38 203 108 59 175 182 2 0 195 68 228 60 59 235 220 186 17 61 207 248 17 39 225 103 105 248] Lane:3 Phase:waiting Nonce:0 Reserved:false TXHash:[0 0 0 0 0 0 0 0 0 0 0 0 0 0 0 0 0 0 0 0 0 0 0 0 0 0 0 0 0 0 0 0] Sends:0 RPCAckObserved:false LastError:payer has an unresolved nonce} {ID:[157 215 35 112 177 186 234 232 159 70 129 231 195 92 190 123 237 155 3 255 88 178 222 204 70 121 122 190 11 212 234 132] Lane:2 Phase:complete Nonce:0 Reserved:false TXHash:[0 0 0 0 0 0 0 0 0 0 0 0 0 0 0 0 0 0 0 0 0 0 0 0 0 0 0 0 0 0 0 0] Sends:1 RPCAckObserved:false LastError:} {ID:[235 34 115 195 152 76 219 68 204 181 121 121 173 17 104 112 204 149 43 251 191 89 100 67 173 38 238 139 87 16 222 142] Lane:3 Phase:waiting Nonce:0 Reserved:false TXHash:[0 0 0 0 0 0 0 0 0 0 0 0 0 0 0 0 0 0 0 0 0 0 0 0 0 0 0 0 0 0 0 0] Sends:0 RPCAckObserved:false LastError:} {ID:[162 190 126 160 202 241 196 187 89 118 207 220 50 11 175 17 111 66 160 236 250 206 29 115 72 3 223 243 117 162 75 241] Lane:3 Phase:waiting Nonce:0 Reserved:false TXHash:[0 0 0 0 0 0 0 0 0 0 0 0 0 0 0 0 0 0 0 0 0 0 0 0 0 0 0 0 0 0 0 0] Sends:0 RPCAckObserved:false LastError:} {ID:[228 58 217 134 111 123 136 141 11 241 53 67 203 154 86 51 44 95 52 75 110 237 174 56 66 10 80 26 170 182 198 115] Lane:2 Phase:waiting Nonce:0 Reserved:false TXHash:[0 0 0 0 0 0 0 0 0 0 0 0 0 0 0 0 0 0 0 0 0 0 0 0 0 0 0 0 0 0 0 0] Sends:23 RPCAckObserved:false LastError:authenticated CLX source data unavailable: Post "http://127.0.0.1:37889": interrupt signal received} {ID:[43 207 197 177 26 13 112 165 227 210 16 194 247 130 57 111 13 253 120 99 87 88 154 233 124 71 125 114 147 26 67 88] Lane:3 Phase:waiting Nonce:0 Reserved:false TXHash:[0 0 0 0 0 0 0 0 0 0 0 0 0 0 0 0 0 0 0 0 0 0 0 0 0 0 0 0 0 0 0 0] Sends:0 RPCAckObserved:false LastError:} {ID:[185 179 242 186 48 136 25 213 233 77 149 7 228 59 204 98 215 80 2 142 200 165 223 152 79 225 14 28 39 99 231 169] Lane:1 Phase:complete Nonce:23 Reserved:true TXHash:[148 115 214 105 239 99 208 47 138 148 92 26 227 218 110 247 67 42 199 225 162 195 19 158 35 172 32 235 99 184 202 5] Sends:1 RPCAckObserved:true LastError:}] DiscoveryError:authenticated CLX source data unavailable
        Get "http://127.0.0.3:44649/v1/status": interrupt signal received
        authenticated CLX source data unavailable: Post "http://127.0.0.1:37889": interrupt signal received StepError:authenticated CLX source data unavailable: Post "http://127.0.0.1:37889": interrupt signal received}
    dex_continuous_fixture_test.go:363: continuous relay log /tmp/continuous-relay-failure-2974692327.log
    dex_continuous_fixture_test.go:365: relay status {Version:1 Devnet:true Authenticated:{SourceAnchor:{Version:1 ChainID:10101919 Genesis:[38 242 115 69 185 229 235 15 183 208 29 169 1 150 246 6 112 92 235 249 6 20 166 145 144 67 145 88 213 31 85 110] DEXID:[44 164 121 142 126 190 33 185 33 155 126 222 246 225 246 157 69 119 10 104 181 63 134 207 76 240 149 254 88 238 140 4] Custody:[0 0 0 0 0 0 0 0 0 0 0 0 0 0 0 0 0 222 0 1] Height:99 BlockHash:[216 196 129 100 239 118 59 152 186 59 186 90 225 218 17 75 133 97 197 17 192 209 30 89 113 155 194 196 18 214 173 18] StateRoot:[154 108 1 134 188 64 51 61 209 136 152 192 73 60 138 80 5 9 253 227 40 49 29 136 78 39 93 231 133 91 65 12] SourceKeyHash:[237 28 239 160 230 61 129 182 236 90 180 48 222 77 228 39 127 218 3 75 47 156 97 255 172 23 60 45 159 164 198 90] SourceCommittee:[234 51 216 1 61 55 120 118 239 35 228 197 254 190 139 21 238 104 248 42 222 42 166 101 40 231 90 40 35 191 51 133] SourceEpoch:1 InboxCount:6} DEXSequence:24 CLXSequence:20 CLXSequenceVerified:true} Counts:map[complete:31 waiting:5] TotalJobs:36 JobsTruncated:false Jobs:[{ID:[93 184 182 60 32 85 113 213 179 189 196 208 239 229 165 93 3 125 226 15 34 184 156 24 88 240 252 13 189 204 75 230] Lane:2 Phase:complete Nonce:0 Reserved:false TXHash:[0 0 0 0 0 0 0 0 0 0 0 0 0 0 0 0 0 0 0 0 0 0 0 0 0 0 0 0 0 0 0 0] Sends:1 RPCAckObserved:false LastError:} {ID:[7 212 212 42 41 136 34 0 163 73 147 129 255 50 182 53 48 49 245 149 101 192 150 220 236 171 65 249 211 252 152 34] Lane:1 Phase:complete Nonce:0 Reserved:true TXHash:[118 49 246 153 221 64 86 100 5 32 124 22 112 94 110 38 84 197 48 32 154 10 249 74 250 177 126 43 36 49 91 212] Sends:1 RPCAckObserved:true LastError:} {ID:[222 166 33 45 33 128 51 237 89 140 90 15 120 36 181 167 133 78 186 194 252 203 173 254 128 249 160 154 206 104 58 12] Lane:3 Phase:complete Nonce:1 Reserved:true TXHash:[75 70 13 184 46 26 235 134 196 28 86 167 233 103 205 208 38 140 34 104 198 213 53 119 30 14 249 248 216 168 74 172] Sends:1 RPCAckObserved:true LastError:} {ID:[38 145 202 22 233 124 242 247 245 34 222 37 45 146 253 202 93 232 217 120 122 121 167 34 180 118 218 234 238 248 144 198] Lane:3 Phase:complete Nonce:2 Reserved:true TXHash:[58 90 25 50 197 136 24 172 37 135 229 164 148 181 42 33 33 13 148 19 46 158 185 101 125 121 10 186 89 219 214 209] Sends:1 RPCAckObserved:true LastError:} {ID:[215 63 182 237 233 170 162 191 165 18 210 49 142 39 17 161 143 228 64 160 130 171 169 226 21 91 1 118 182 190 166 51] Lane:3 Phase:complete Nonce:3 Reserved:true TXHash:[41 177 171 1 191 99 157 59 12 214 234 73 66 176 80 245 124 233 219 55 154 1 43 198 23 78 3 104 2 134 172 241] Sends:1 RPCAckObserved:true LastError:} {ID:[235 85 82 118 77 124 217 236 41 124 92 100 165 104 104 137 247 210 210 142 88 33 226 105 229 205 127 255 46 21 7 135] Lane:3 Phase:complete Nonce:4 Reserved:true TXHash:[29 36 208 34 54 46 159 157 107 176 101 111 62 148 104 10 69 158 28 167 224 16 195 212 114 187 223 243 61 173 160 5] Sends:1 RPCAckObserved:true LastError:} {ID:[79 111 212 228 128 222 183 73 37 91 55 160 178 97 198 120 45 129 183 4 147 143 36 248 113 198 71 84 249 32 27 134] Lane:3 Phase:complete Nonce:5 Reserved:true TXHash:[0 89 249 5 111 29 78 179 182 122 212 203 153 0 201 83 164 102 85 141 179 231 35 66 71 229 160 44 249 224 136 189] Sends:1 RPCAckObserved:true LastError:} {ID:[188 21 212 243 158 122 129 118 91 244 10 217 142 76 26 200 26 149 211 9 173 48 68 16 90 41 127 103 40 147 44 147] Lane:3 Phase:complete Nonce:6 Reserved:true TXHash:[165 68 182 136 89 65 190 98 123 134 189 100 231 2 9 28 128 163 186 224 140 106 124 89 235 1 243 211 0 10 109 225] Sends:1 RPCAckObserved:true LastError:} {ID:[26 223 239 100 39 102 227 98 87 233 232 125 212 162 38 64 141 150 220 251 224 75 13 241 211 145 164 30 42 180 208 24] Lane:3 Phase:complete Nonce:0 Reserved:false TXHash:[0 0 0 0 0 0 0 0 0 0 0 0 0 0 0 0 0 0 0 0 0 0 0 0 0 0 0 0 0 0 0 0] Sends:0 RPCAckObserved:false LastError:} {ID:[80 182 114 227 112 214 136 44 106 89 189 76 116 120 56 128 152 112 228 166 222 207 62 139 222 7 62 45 128 122 158 195] Lane:3 Phase:complete Nonce:7 Reserved:true TXHash:[47 188 133 101 190 220 191 83 46 112 187 125 140 36 220 116 191 236 122 74 18 126 123 53 168 165 50 157 101 53 45 233] Sends:1 RPCAckObserved:true LastError:} {ID:[101 100 116 44 213 82 121 154 147 217 81 201 219 58 82 74 192 135 252 104 155 13 48 209 214 253 64 125 186 73 16 95] Lane:3 Phase:complete Nonce:8 Reserved:true TXHash:[208 137 235 152 33 56 12 2 52 215 118 127 116 8 51 219 201 20 52 112 15 137 229 28 103 148 255 22 244 215 35 82] Sends:1 RPCAckObserved:true LastError:} {ID:[254 125 248 89 25 1 32 128 10 152 77 240 228 72 254 174 26 151 128 120 61 220 98 146 79 39 117 17 63 67 213 124] Lane:3 Phase:complete Nonce:9 Reserved:true TXHash:[118 187 134 43 184 214 3 38 219 122 228 121 189 20 115 1 249 252 48 186 191 210 230 147 198 151 196 133 17 191 246 240] Sends:1 RPCAckObserved:true LastError:} {ID:[197 161 223 30 90 251 203 96 133 118 232 157 48 182 64 67 48 8 199 200 120 138 225 151 238 207 61 7 230 91 31 57] Lane:3 Phase:complete Nonce:10 Reserved:true TXHash:[212 74 166 147 159 239 1 205 240 156 67 14 208 78 189 142 170 163 163 128 100 171 135 174 74 61 70 82 128 4 88 88] Sends:1 RPCAckObserved:true LastError:} {ID:[238 47 2 25 192 73 20 197 226 220 95 197 225 134 123 205 45 142 66 177 178 102 22 253 6 208 207 12 213 8 222 34] Lane:3 Phase:complete Nonce:11 Reserved:true TXHash:[215 49 45 82 128 6 231 1 238 100 64 126 180 80 204 217 51 169 90 154 21 171 108 226 231 241 186 218 45 54 106 187] Sends:1 RPCAckObserved:true LastError:} {ID:[167 146 139 61 129 182 140 204 198 148 29 40 214 225 225 56 39 131 105 32 40 130 142 113 244 159 184 29 54 80 3 141] Lane:3 Phase:complete Nonce:12 Reserved:true TXHash:[58 12 79 105 163 68 182 89 226 27 146 198 71 43 16 136 120 220 129 140 103 83 191 228 44 147 97 13 129 223 47 171] Sends:1 RPCAckObserved:true LastError:} {ID:[244 131 22 18 159 57 77 151 18 150 183 102 33 187 203 87 7 15 238 85 142 12 22 139 185 243 79 213 248 154 39 173] Lane:3 Phase:complete Nonce:13 Reserved:true TXHash:[188 101 96 105 164 35 89 21 96 205 251 225 52 128 9 241 87 218 231 62 151 179 224 174 176 169 64 177 64 58 22 151] Sends:1 RPCAckObserved:true LastError:} {ID:[122 244 120 189 238 8 237 164 102 141 44 217 191 67 218 209 100 219 94 94 175 197 91 188 155 211 3 144 250 66 114 231] Lane:3 Phase:complete Nonce:14 Reserved:true TXHash:[211 17 39 251 172 127 174 16 128 242 171 190 65 88 159 99 254 86 225 213 55 123 239 62 161 114 232 245 219 252 235 170] Sends:1 RPCAckObserved:true LastError:} {ID:[230 207 189 226 56 80 224 92 213 18 138 131 202 42 177 7 128 225 181 6 87 76 40 186 221 255 89 204 154 114 130 155] Lane:3 Phase:complete Nonce:15 Reserved:true TXHash:[54 70 82 241 212 65 93 238 181 84 127 59 253 69 160 124 160 8 200 165 3 55 205 242 161 31 151 214 62 19 183 63] Sends:1 RPCAckObserved:true LastError:} {ID:[143 161 159 243 232 254 50 78 219 189 228 23 4 219 19 41 201 109 120 37 17 44 160 223 189 151 154 72 192 50 241 239] Lane:3 Phase:complete Nonce:16 Reserved:true TXHash:[115 12 198 57 55 176 58 244 42 36 255 166 113 191 86 250 138 201 154 144 22 1 186 162 138 80 23 40 198 7 248 44] Sends:1 RPCAckObserved:true LastError:} {ID:[81 190 183 152 71 137 87 233 193 204 251 211 172 20 117 199 247 71 10 122 159 190 16 136 104 243 85 127 232 250 206 110] Lane:3 Phase:complete Nonce:0 Reserved:false TXHash:[0 0 0 0 0 0 0 0 0 0 0 0 0 0 0 0 0 0 0 0 0 0 0 0 0 0 0 0 0 0 0 0] Sends:0 RPCAckObserved:false LastError:} {ID:[11 214 163 78 42 246 27 208 4 108 180 90 109 176 99 45 142 73 92 192 204 89 2 228 26 44 4 22 76 236 97 183] Lane:4 Phase:complete Nonce:0 Reserved:false TXHash:[0 0 0 0 0 0 0 0 0 0 0 0 0 0 0 0 0 0 0 0 0 0 0 0 0 0 0 0 0 0 0 0] Sends:0 RPCAckObserved:false LastError:} {ID:[218 106 200 82 60 156 12 64 219 216 139 110 89 161 169 229 38 59 64 229 222 181 125 93 74 189 206 52 25 78 100 174] Lane:4 Phase:complete Nonce:19 Reserved:true TXHash:[207 253 125 195 57 78 218 200 219 160 64 245 42 182 158 138 21 216 134 218 188 185 116 118 116 12 186 86 205 172 178 212] Sends:1 RPCAckObserved:true LastError:} {ID:[95 205 2 79 15 242 228 231 2 54 151 108 209 193 70 121 208 192 12 23 105 58 178 67 202 106 187 134 101 185 183 50] Lane:4 Phase:complete Nonce:20 Reserved:true TXHash:[242 62 133 65 190 128 241 1 215 247 135 181 56 222 103 112 119 6 9 170 148 218 236 32 150 146 139 239 247 235 85 237] Sends:1 RPCAckObserved:true LastError:} {ID:[96 138 68 110 169 181 149 247 224 254 6 224 146 172 173 135 89 87 197 168 221 118 49 42 25 185 70 222 55 35 215 22] Lane:4 Phase:complete Nonce:17 Reserved:true TXHash:[130 195 222 43 6 221 146 113 39 141 237 76 123 33 148 96 21 199 108 231 238 82 70 216 136 131 249 200 119 58 76 214] Sends:1 RPCAckObserved:true LastError:} {ID:[123 143 199 163 0 162 24 90 144 144 245 158 246 8 107 189 219 86 10 156 103 125 180 199 196 5 1 92 95 193 199 30] Lane:4 Phase:complete Nonce:18 Reserved:true TXHash:[84 72 25 197 164 110 159 145 50 149 65 66 20 68 12 135 65 171 70 59 171 51 37 187 180 230 3 95 163 64 45 202] Sends:1 RPCAckObserved:true LastError:} {ID:[230 125 176 171 1 198 108 191 70 143 243 146 202 28 191 126 26 16 106 101 237 94 27 192 215 61 95 41 211 227 126 117] Lane:4 Phase:complete Nonce:0 Reserved:false TXHash:[0 0 0 0 0 0 0 0 0 0 0 0 0 0 0 0 0 0 0 0 0 0 0 0 0 0 0 0 0 0 0 0] Sends:0 RPCAckObserved:false LastError:} {ID:[55 189 15 144 103 198 175 181 203 221 95 190 156 112 249 200 121 117 36 142 90 0 33 84 164 219 123 169 214 102 6 221] Lane:3 Phase:complete Nonce:0 Reserved:false TXHash:[0 0 0 0 0 0 0 0 0 0 0 0 0 0 0 0 0 0 0 0 0 0 0 0 0 0 0 0 0 0 0 0] Sends:0 RPCAckObserved:false LastError:} {ID:[162 84 232 94 237 192 44 82 241 178 119 147 83 181 78 161 45 144 61 103 18 62 201 107 115 95 90 16 217 178 21 210] Lane:2 Phase:complete Nonce:0 Reserved:false TXHash:[0 0 0 0 0 0 0 0 0 0 0 0 0 0 0 0 0 0 0 0 0 0 0 0 0 0 0 0 0 0 0 0] Sends:1 RPCAckObserved:false LastError:} {ID:[166 163 132 52 4 106 102 231 15 180 218 214 151 97 179 11 89 213 76 176 111 27 140 64 70 22 149 163 121 255 215 18] Lane:3 Phase:complete Nonce:21 Reserved:true TXHash:[33 24 92 151 225 216 151 225 47 58 202 59 62 160 125 255 22 183 0 16 170 253 234 100 55 83 15 149 105 181 115 244] Sends:1 RPCAckObserved:true LastError:} {ID:[224 250 117 167 171 248 38 203 108 59 175 182 2 0 195 68 228 60 59 235 220 186 17 61 207 248 17 39 225 103 105 248] Lane:3 Phase:waiting Nonce:0 Reserved:false TXHash:[0 0 0 0 0 0 0 0 0 0 0 0 0 0 0 0 0 0 0 0 0 0 0 0 0 0 0 0 0 0 0 0] Sends:0 RPCAckObserved:false LastError:payer has an unresolved nonce} {ID:[157 215 35 112 177 186 234 232 159 70 129 231 195 92 190 123 237 155 3 255 88 178 222 204 70 121 122 190 11 212 234 132] Lane:2 Phase:complete Nonce:0 Reserved:false TXHash:[0 0 0 0 0 0 0 0 0 0 0 0 0 0 0 0 0 0 0 0 0 0 0 0 0 0 0 0 0 0 0 0] Sends:1 RPCAckObserved:false LastError:} {ID:[235 34 115 195 152 76 219 68 204 181 121 121 173 17 104 112 204 149 43 251 191 89 100 67 173 38 238 139 87 16 222 142] Lane:3 Phase:waiting Nonce:0 Reserved:false TXHash:[0 0 0 0 0 0 0 0 0 0 0 0 0 0 0 0 0 0 0 0 0 0 0 0 0 0 0 0 0 0 0 0] Sends:0 RPCAckObserved:false LastError:} {ID:[162 190 126 160 202 241 196 187 89 118 207 220 50 11 175 17 111 66 160 236 250 206 29 115 72 3 223 243 117 162 75 241] Lane:3 Phase:waiting Nonce:0 Reserved:false TXHash:[0 0 0 0 0 0 0 0 0 0 0 0 0 0 0 0 0 0 0 0 0 0 0 0 0 0 0 0 0 0 0 0] Sends:0 RPCAckObserved:false LastError:} {ID:[228 58 217 134 111 123 136 141 11 241 53 67 203 154 86 51 44 95 52 75 110 237 174 56 66 10 80 26 170 182 198 115] Lane:2 Phase:waiting Nonce:0 Reserved:false TXHash:[0 0 0 0 0 0 0 0 0 0 0 0 0 0 0 0 0 0 0 0 0 0 0 0 0 0 0 0 0 0 0 0] Sends:23 RPCAckObserved:false LastError:authenticated CLX source data unavailable: Post "http://127.0.0.1:37889": interrupt signal received} {ID:[43 207 197 177 26 13 112 165 227 210 16 194 247 130 57 111 13 253 120 99 87 88 154 233 124 71 125 114 147 26 67 88] Lane:3 Phase:waiting Nonce:0 Reserved:false TXHash:[0 0 0 0 0 0 0 0 0 0 0 0 0 0 0 0 0 0 0 0 0 0 0 0 0 0 0 0 0 0 0 0] Sends:0 RPCAckObserved:false LastError:} {ID:[185 179 242 186 48 136 25 213 233 77 149 7 228 59 204 98 215 80 2 142 200 165 223 152 79 225 14 28 39 99 231 169] Lane:1 Phase:complete Nonce:22 Reserved:true TXHash:[20 24 100 110 197 139 118 140 214 191 188 228 177 48 174 11 179 148 166 148 164 118 231 42 120 196 143 255 105 63 158 244] Sends:1 RPCAckObserved:true LastError:}] DiscoveryError:authenticated CLX source data unavailable StepError:authenticated CLX source data unavailable: Post "http://127.0.0.1:37889": interrupt signal received}
    dex_financial_cli_test.go:116: ordinary CLI full log /tmp/dex-normal-cli-failure-1072665633.log
    dex_financial_cli_test.go:121: ordinary Common5:                number=33
        WARN [09-22|13:19:53.628] GetBlockByNumer                          number=34
        WARN [09-22|13:19:58.489] GetBlockByNumer                          number=35
        WARN [09-22|13:19:58.927] GetBlockByNumer                          number=36
        WARN [09-22|13:19:59.447] GetBlockByNumer                          number=37
        WARN [09-22|13:19:59.889] GetBlockByNumer                          number=38
        INFO [09-22|13:20:03.368] handleNewViewMsg got new view message    from=127.0.0.6:42357 viewId="4be8b9…f02dcb"
        INFO [09-22|13:20:03.486] handleNewViewMsg got new view message    from=127.0.0.4:44515 viewId="4be8b9…f02dcb"
        INFO [09-22|13:20:03.506] handleNewViewMsg got new view message    from=127.0.0.7:34069 viewId="4be8b9…f02dcb"
        INFO [09-22|13:20:03.525] handleNewViewMsg got new view message    from=127.0.0.2:36877 viewId="4be8b9…f02dcb"
        INFO [09-22|13:20:03.544] handleNewViewMsg got new view message    from=127.0.0.3:33387 viewId="4be8b9…f02dcb"
        INFO [09-22|13:20:03.595] handleNewViewMsg got new view message    from=127.0.0.5:43041 viewId="4be8b9…f02dcb"
        WARN [09-22|13:20:04.293] GetBlockByNumer                          number=38
        WARN [09-22|13:20:04.341] GetBlockByNumer                          number=39
        WARN [09-22|13:20:04.657] GetBlockByNumer                          number=40
        WARN [09-22|13:20:05.320] GetBlockByNumer                          number=41
        WARN [09-22|13:20:05.863] GetBlockByNumer                          number=42
        WARN [09-22|13:20:10.791] GetBlockByNumer                          number=43
        WARN [09-22|13:20:11.195] GetBlockByNumer                          number=44
        WARN [09-22|13:20:11.556] GetBlockByNumer                          number=45
        WARN [09-22|13:20:21.467] GetBlockByNumer                          number=46
        WARN [09-22|13:20:21.957] GetBlockByNumer                          number=47
        INFO [09-22|13:20:25.411] handleNewViewMsg got new view message    from=127.0.0.3:33387 viewId="de1bf9…0c4ebd"
        INFO [09-22|13:20:25.427] handleNewViewMsg got new view message    from=127.0.0.5:43041 viewId="de1bf9…0c4ebd"
        INFO [09-22|13:20:25.459] handleNewViewMsg got new view message    from=127.0.0.2:36877 viewId="de1bf9…0c4ebd"
        INFO [09-22|13:20:25.477] handleNewViewMsg got new view message    from=127.0.0.6:42357 viewId="de1bf9…0c4ebd"
        INFO [09-22|13:20:25.504] handleNewViewMsg got new view message    from=127.0.0.4:44515 viewId="de1bf9…0c4ebd"
        INFO [09-22|13:20:25.590] handleNewViewMsg got new view message    from=127.0.0.7:34069 viewId="de1bf9…0c4ebd"
        WARN [09-22|13:20:27.210] GetBlockByNumer                          number=47
        WARN [09-22|13:20:27.337] GetBlockByNumer                          number=48
        WARN [09-22|13:20:27.410] GetBlockByNumer                          number=49
        WARN [09-22|13:20:27.425] GetBlockByNumer                          number=48
        WARN [09-22|13:20:33.624] GetBlockByNumer                          number=50
        WARN [09-22|13:20:34.036] GetBlockByNumer                          number=51
        WARN [09-22|13:20:34.181] GetBlockByNumer                          number=52
        WARN [09-22|13:20:34.715] GetBlockByNumer                          number=53
        WARN [09-22|13:20:43.402] GetBlockByNumer                          number=54
        WARN [09-22|13:20:44.408] GetBlockByNumer                          number=55
        WARN [09-22|13:20:44.570] GetBlockByNumer                          number=55
        WARN [09-22|13:20:44.614] GetBlockByNumer                          number=56
        WARN [09-22|13:20:44.885] GetBlockByNumer                          number=57
        INFO [09-22|13:20:47.450] handleNewViewMsg got new view message    from=127.0.0.2:36877 viewId="c0c78d…b4b9fd"
        INFO [09-22|13:20:47.468] handleNewViewMsg got new view message    from=127.0.0.5:43041 viewId="c0c78d…b4b9fd"
        INFO [09-22|13:20:47.484] handleNewViewMsg got new view message    from=127.0.0.3:33387 viewId="c0c78d…b4b9fd"
        INFO [09-22|13:20:47.502] handleNewViewMsg got new view message    from=127.0.0.7:34069 viewId="c0c78d…b4b9fd"
        INFO [09-22|13:20:47.520] handleNewViewMsg got new view message    from=127.0.0.4:44515 viewId="c0c78d…b4b9fd"
        INFO [09-22|13:20:47.577] handleNewViewMsg got new view message    from=127.0.0.6:42357 viewId="c0c78d…b4b9fd"
        WARN [09-22|13:20:52.570] GetBlockByNumer                          number=58
        WARN [09-22|13:20:53.511] GetBlockByNumer                          number=59
        WARN [09-22|13:20:53.723] GetBlockByNumer                          number=60
        WARN [09-22|13:20:54.133] GetBlockByNumer                          number=61
        WARN [09-22|13:21:01.196] GetBlockByNumer                          number=61
        WARN [09-22|13:21:01.245] GetBlockByNumer                          number=62
        WARN [09-22|13:21:01.594] GetBlockByNumer                          number=63
        WARN [09-22|13:21:02.443] GetBlockByNumer                          number=64
        WARN [09-22|13:21:02.890] GetBlockByNumer                          number=65
        WARN [09-22|13:21:08.372] GetBlockByNumer                          number=66
        WARN [09-22|13:21:09.038] GetBlockByNumer                          number=67
        WARN [09-22|13:21:09.257] GetBlockByNumer                          number=68
        INFO [09-22|13:21:09.299] handleNewViewMsg got new view message    from=127.0.0.7:34069 viewId="70198e…68a741"
        INFO [09-22|13:21:09.333] handleNewViewMsg got new view message    from=127.0.0.3:33387 viewId="70198e…68a741"
        INFO [09-22|13:21:09.358] handleNewViewMsg got new view message    from=127.0.0.2:36877 viewId="70198e…68a741"
        INFO [09-22|13:21:09.376] handleNewViewMsg got new view message    from=127.0.0.4:44515 viewId="70198e…68a741"
        INFO [09-22|13:21:09.392] handleNewViewMsg got new view message    from=127.0.0.5:43041 viewId="70198e…68a741"
        INFO [09-22|13:21:09.467] handleNewViewMsg got new view message    from=127.0.0.6:42357 viewId="70198e…68a741"
        WARN [09-22|13:21:09.686] GetBlockByNumer                          number=69
        WARN [09-22|13:21:14.100] GetBlockByNumer                          number=70
        WARN [09-22|13:21:14.485] GetBlockByNumer                          number=71
        WARN [09-22|13:21:16.421] GetBlockByNumer                          number=72
        WARN [09-22|13:21:16.748] GetBlockByNumer                          number=73
        WARN [09-22|13:21:18.147] GetBlockByNumer                          number=74
        WARN [09-22|13:21:18.474] GetBlockByNumer                          number=75
        WARN [09-22|13:21:19.792] GetBlockByNumer                          number=76
        WARN [09-22|13:21:20.259] GetBlockByNumer                          number=77
        WARN [09-22|13:21:21.616] GetBlockByNumer                          number=78
        INFO [09-22|13:21:22.150] handleNewViewMsg got new view message    from=127.0.0.8:36637 viewId="70198e…68a741"
        WARN [09-22|13:21:22.178] reject new-view before storage           from=127.0.0.8:36637 viewID="70198e…68a741" err="hotstuff view state too old"
        WARN [09-22|13:21:22.336] GetBlockByNumer                          number=79
        WARN [09-22|13:21:23.266] GetBlockByNumer                          number=80
        WARN [09-22|13:21:23.487] GetBlockByNumer                          number=80
        WARN [09-22|13:21:23.541] GetBlockByNumer                          number=81
        WARN [09-22|13:21:23.657] GetBlockByNumer                          number=82
        WARN [09-22|13:21:24.464] GetBlockByNumer                          number=83
        INFO [09-22|13:21:30.676] HOTSTUFF PREPARE QC VERIFIED             number=61 viewID="20fce2…5c6176" from=127.0.0.6:42357 maskBytes=1
        INFO [09-22|13:21:30.681] handleNewViewMsg got new view message    from=127.0.0.8:36637 viewId="5f6df1…2589c1"
        INFO [09-22|13:21:30.694] handleNewViewMsg got new view message    from=127.0.0.7:34069 viewId="5f6df1…2589c1"
        INFO [09-22|13:21:30.710] handleNewViewMsg got new view message    from=127.0.0.6:42357 viewId="5f6df1…2589c1"
        INFO [09-22|13:21:30.725] handleNewViewMsg got new view message    from=127.0.0.4:44515 viewId="5f6df1…2589c1"
        INFO [09-22|13:21:30.767] handleNewViewMsg got new view message    from=127.0.0.5:43041 viewId="5f6df1…2589c1"
        INFO [09-22|13:21:30.916] handleNewViewMsg got new view message    from=127.0.0.2:36877 viewId="5f6df1…2589c1"
        INFO [09-22|13:21:30.924] handleNewViewMsg got new view message    from=127.0.0.3:33387 viewId="5f6df1…2589c1"
        INFO [09-22|13:21:30.957] HOTSTUFF STANDALONE PREPARE QC VERIFIED  number=61 viewID="20fce2…5c6176" from=127.0.0.6:42357 maskBytes=1
        WARN [09-22|13:21:31.011] GetBlockByNumer                          number=84
        INFO [09-22|13:21:31.440] HOTSTUFF PREPARE QC BROADCAST            number=62 viewID="5f6df1…2589c1" votes=5 threshold=5
        INFO [09-22|13:21:31.462] HOTSTUFF PREPARE QC VERIFIED             number=62 viewID="5f6df1…2589c1" from=127.0.0.7:34069 maskBytes=1
        WARN [09-22|13:21:32.037] GetBlockByNumer                          number=85
        INFO [09-22|13:21:35.974] HOTSTUFF PREPARE QC VERIFIED             number=64 viewID="2db630…6c0df8" from=127.0.0.2:36877 maskBytes=1
        INFO [09-22|13:21:36.811] HOTSTUFF PREPARE QC VERIFIED             number=65 viewID="6f9117…f0192a" from=127.0.0.3:33387 maskBytes=1
        WARN [09-22|13:21:40.118] GetBlockByNumer                          number=86
        WARN [09-22|13:21:40.237] GetBlockByNumer                          number=87
        INFO [09-22|13:21:40.346] HOTSTUFF PREPARE QC VERIFIED             number=66 viewID="b93ce2…a8ece9" from=127.0.0.4:44515 maskBytes=1
        INFO [09-22|13:21:46.265] handleNewViewMsg got new view message    from=127.0.0.3:33387 viewId="237a4e…a68570"
        INFO [09-22|13:21:46.293] handleNewViewMsg got new view message    from=127.0.0.5:43041 viewId="237a4e…a68570"
        INFO [09-22|13:21:46.330] handleNewViewMsg got new view message    from=127.0.0.6:42357 viewId="237a4e…a68570"
        INFO [09-22|13:21:46.356] handleNewViewMsg got new view message    from=127.0.0.4:44515 viewId="237a4e…a68570"
        INFO [09-22|13:21:46.378] handleNewViewMsg got new view message    from=127.0.0.8:36637 viewId="237a4e…a68570"
        INFO [09-22|13:21:46.523] handleNewViewMsg got new view message    from=127.0.0.7:34069 viewId="237a4e…a68570"
        INFO [09-22|13:21:46.547] handleNewViewMsg got new view message    from=127.0.0.2:36877 viewId="237a4e…a68570"
        WARN [09-22|13:21:47.592] GetBlockByNumer                          number=87
        WARN [09-22|13:21:47.631] GetBlockByNumer                          number=88
        WARN [09-22|13:21:47.883] GetBlockByNumer                          number=89
        WARN [09-22|13:21:48.685] GetBlockByNumer                          number=90
        WARN [09-22|13:21:53.676] GetBlockByNumer                          number=91
        WARN [09-22|13:21:54.038] GetBlockByNumer                          number=92
        WARN [09-22|13:21:54.308] GetBlockByNumer                          number=93
        WARN [09-22|13:22:05.183] GetBlockByNumer                          number=94
        WARN [09-22|13:22:05.371] GetBlockByNumer                          number=94
        WARN [09-22|13:22:05.427] GetBlockByNumer                          number=95
        WARN [09-22|13:22:05.800] GetBlockByNumer                          number=96
        INFO [09-22|13:22:08.007] handleNewViewMsg got new view message    from=127.0.0.4:44515 viewId="bde5ba…5c9e7e"
        INFO [09-22|13:22:08.040] handleNewViewMsg got new view message    from=127.0.0.3:33387 viewId="bde5ba…5c9e7e"
        INFO [09-22|13:22:08.059] handleNewViewMsg got new view message    from=127.0.0.7:34069 viewId="bde5ba…5c9e7e"
        INFO [09-22|13:22:08.082] handleNewViewMsg got new view message    from=127.0.0.6:42357 viewId="bde5ba…5c9e7e"
        INFO [09-22|13:22:08.108] handleNewViewMsg got new view message    from=127.0.0.2:36877 viewId="bde5ba…5c9e7e"
        INFO [09-22|13:22:08.187] handleNewViewMsg got new view message    from=127.0.0.8:36637 viewId="bde5ba…5c9e7e"
        INFO [09-22|13:22:08.201] handleNewViewMsg got new view message    from=127.0.0.5:43041 viewId="bde5ba…5c9e7e"
        WARN [09-22|13:22:22.144] GetBlockByNumer                          number=97
        WARN [09-22|13:22:23.666] GetBlockByNumer                          number=98
        WARN [09-22|13:22:23.807] GetBlockByNumer                          number=99
    dex_financial_cli_test.go:116: ordinary CLI full log /tmp/dex-normal-cli-failure-2625453968.log
    dex_financial_cli_test.go:121: ordinary Common4: w message    from=127.0.0.3:33387 viewId="86ff4c…ad7510"
        INFO [09-22|13:20:00.375] handleNewViewMsg got new view message    from=127.0.0.4:44515 viewId="86ff4c…ad7510"
        WARN [09-22|13:20:04.615] GetBlockByNumer                          number=39
        WARN [09-22|13:20:05.196] GetBlockByNumer                          number=40
        WARN [09-22|13:20:05.341] GetBlockByNumer                          number=41
        WARN [09-22|13:20:05.868] GetBlockByNumer                          number=42
        WARN [09-22|13:20:10.718] GetBlockByNumer                          number=43
        WARN [09-22|13:20:10.829] GetBlockByNumer                          number=43
        WARN [09-22|13:20:10.913] GetBlockByNumer                          number=44
        WARN [09-22|13:20:11.072] GetBlockByNumer                          number=45
        WARN [09-22|13:20:20.928] GetBlockByNumer                          number=46
        WARN [09-22|13:20:21.948] GetBlockByNumer                          number=47
        INFO [09-22|13:20:22.291] handleNewViewMsg got new view message    from=127.0.0.4:44515 viewId="67324e…9b3abe"
        INFO [09-22|13:20:22.333] handleNewViewMsg got new view message    from=127.0.0.2:36877 viewId="67324e…9b3abe"
        INFO [09-22|13:20:22.351] handleNewViewMsg got new view message    from=127.0.0.3:33387 viewId="67324e…9b3abe"
        INFO [09-22|13:20:22.392] handleNewViewMsg got new view message    from=127.0.0.5:43041 viewId="67324e…9b3abe"
        INFO [09-22|13:20:22.408] handleNewViewMsg got new view message    from=127.0.0.6:42357 viewId="67324e…9b3abe"
        INFO [09-22|13:20:22.474] handleNewViewMsg got new view message    from=127.0.0.7:34069 viewId="67324e…9b3abe"
        WARN [09-22|13:20:26.634] GetBlockByNumer                          number=48
        WARN [09-22|13:20:27.988] GetBlockByNumer                          number=49
        WARN [09-22|13:20:33.629] GetBlockByNumer                          number=50
        WARN [09-22|13:20:34.025] GetBlockByNumer                          number=51
        WARN [09-22|13:20:34.177] GetBlockByNumer                          number=52
        WARN [09-22|13:20:34.694] GetBlockByNumer                          number=53
        WARN [09-22|13:20:43.946] GetBlockByNumer                          number=54
        INFO [09-22|13:20:44.324] handleNewViewMsg got new view message    from=127.0.0.6:42357 viewId="5df642…7c0aeb"
        INFO [09-22|13:20:44.351] handleNewViewMsg got new view message    from=127.0.0.5:43041 viewId="5df642…7c0aeb"
        INFO [09-22|13:20:44.369] handleNewViewMsg got new view message    from=127.0.0.4:44515 viewId="5df642…7c0aeb"
        WARN [09-22|13:20:44.379] GetBlockByNumer                          number=55
        INFO [09-22|13:20:44.394] handleNewViewMsg got new view message    from=127.0.0.3:33387 viewId="5df642…7c0aeb"
        INFO [09-22|13:20:44.411] handleNewViewMsg got new view message    from=127.0.0.2:36877 viewId="5df642…7c0aeb"
        INFO [09-22|13:20:44.462] handleNewViewMsg got new view message    from=127.0.0.7:34069 viewId="5df642…7c0aeb"
        WARN [09-22|13:20:44.574] GetBlockByNumer                          number=55
        WARN [09-22|13:20:44.620] GetBlockByNumer                          number=56
        WARN [09-22|13:20:44.891] GetBlockByNumer                          number=57
        WARN [09-22|13:20:52.576] GetBlockByNumer                          number=58
        WARN [09-22|13:20:53.501] GetBlockByNumer                          number=59
        WARN [09-22|13:20:53.738] GetBlockByNumer                          number=60
        WARN [09-22|13:20:54.119] GetBlockByNumer                          number=61
        WARN [09-22|13:21:01.436] GetBlockByNumer                          number=62
        WARN [09-22|13:21:01.948] GetBlockByNumer                          number=63
        WARN [09-22|13:21:02.163] GetBlockByNumer                          number=63
        WARN [09-22|13:21:02.233] GetBlockByNumer                          number=64
        WARN [09-22|13:21:02.450] GetBlockByNumer                          number=65
        INFO [09-22|13:21:06.227] handleNewViewMsg got new view message    from=127.0.0.7:34069 viewId="e233b9…6ef1ff"
        INFO [09-22|13:21:06.285] handleNewViewMsg got new view message    from=127.0.0.2:36877 viewId="e233b9…6ef1ff"
        INFO [09-22|13:21:06.303] handleNewViewMsg got new view message    from=127.0.0.5:43041 viewId="e233b9…6ef1ff"
        INFO [09-22|13:21:06.322] handleNewViewMsg got new view message    from=127.0.0.3:33387 viewId="e233b9…6ef1ff"
        INFO [09-22|13:21:06.338] handleNewViewMsg got new view message    from=127.0.0.6:42357 viewId="e233b9…6ef1ff"
        INFO [09-22|13:21:06.426] handleNewViewMsg got new view message    from=127.0.0.4:44515 viewId="e233b9…6ef1ff"
        WARN [09-22|13:21:08.298] GetBlockByNumer                          number=65
        WARN [09-22|13:21:08.344] GetBlockByNumer                          number=66
        WARN [09-22|13:21:08.355] GetBlockByNumer                          number=66
        WARN [09-22|13:21:08.419] GetBlockByNumer                          number=67
        WARN [09-22|13:21:09.261] GetBlockByNumer                          number=68
        WARN [09-22|13:21:09.698] GetBlockByNumer                          number=69
        WARN [09-22|13:21:14.090] GetBlockByNumer                          number=70
        WARN [09-22|13:21:14.486] GetBlockByNumer                          number=71
        WARN [09-22|13:21:16.419] GetBlockByNumer                          number=72
        WARN [09-22|13:21:16.746] GetBlockByNumer                          number=73
        WARN [09-22|13:21:17.780] GetBlockByNumer                          number=73
        WARN [09-22|13:21:17.815] GetBlockByNumer                          number=74
        WARN [09-22|13:21:18.136] GetBlockByNumer                          number=75
        WARN [09-22|13:21:19.795] GetBlockByNumer                          number=76
        WARN [09-22|13:21:20.221] GetBlockByNumer                          number=77
        WARN [09-22|13:21:21.054] GetBlockByNumer                          number=78
        INFO [09-22|13:21:21.459] handleNewViewMsg got new view message    from=127.0.0.8:36637 viewId="2c4e91…ff86f3"
        WARN [09-22|13:21:21.469] reject new-view before storage           from=127.0.0.8:36637 viewID="2c4e91…ff86f3" err="hotstuff view state too old"
        INFO [09-22|13:21:22.045] handleNewViewMsg got new view message    from=127.0.0.8:36637 viewId="e233b9…6ef1ff"
        WARN [09-22|13:21:22.070] reject new-view before storage           from=127.0.0.8:36637 viewID="e233b9…6ef1ff" err="hotstuff view state too old"
        WARN [09-22|13:21:22.361] GetBlockByNumer                          number=79
        WARN [09-22|13:21:22.930] GetBlockByNumer                          number=79
        WARN [09-22|13:21:22.976] GetBlockByNumer                          number=80
        WARN [09-22|13:21:23.262] GetBlockByNumer                          number=81
        WARN [09-22|13:21:24.099] GetBlockByNumer                          number=82
        WARN [09-22|13:21:24.494] GetBlockByNumer                          number=83
        INFO [09-22|13:21:28.131] handleNewViewMsg got new view message    from=127.0.0.2:36877 viewId="20fce2…5c6176"
        INFO [09-22|13:21:28.153] handleNewViewMsg got new view message    from=127.0.0.6:42357 viewId="20fce2…5c6176"
        INFO [09-22|13:21:28.169] handleNewViewMsg got new view message    from=127.0.0.5:43041 viewId="20fce2…5c6176"
        INFO [09-22|13:21:28.188] handleNewViewMsg got new view message    from=127.0.0.7:34069 viewId="20fce2…5c6176"
        INFO [09-22|13:21:28.207] handleNewViewMsg got new view message    from=127.0.0.4:44515 viewId="20fce2…5c6176"
        INFO [09-22|13:21:28.263] handleNewViewMsg got new view message    from=127.0.0.8:36637 viewId="20fce2…5c6176"
        INFO [09-22|13:21:28.301] handleNewViewMsg got new view message    from=127.0.0.3:33387 viewId="20fce2…5c6176"
        INFO [09-22|13:21:30.644] HOTSTUFF PREPARE QC BROADCAST            number=61 viewID="20fce2…5c6176" votes=5 threshold=5
        INFO [09-22|13:21:30.668] HOTSTUFF PREPARE QC VERIFIED             number=61 viewID="20fce2…5c6176" from=127.0.0.6:42357 maskBytes=1
        WARN [09-22|13:21:31.007] GetBlockByNumer                          number=84
        INFO [09-22|13:21:31.495] HOTSTUFF PREPARE QC VERIFIED             number=62 viewID="5f6df1…2589c1" from=127.0.0.7:34069 maskBytes=1
        WARN [09-22|13:21:32.058] GetBlockByNumer                          number=85
        INFO [09-22|13:21:35.970] HOTSTUFF PREPARE QC VERIFIED             number=64 viewID="2db630…6c0df8" from=127.0.0.2:36877 maskBytes=1
        INFO [09-22|13:21:36.837] HOTSTUFF PREPARE QC VERIFIED             number=65 viewID="6f9117…f0192a" from=127.0.0.3:33387 maskBytes=1
        WARN [09-22|13:21:40.130] GetBlockByNumer                          number=86
        WARN [09-22|13:21:40.236] GetBlockByNumer                          number=87
        INFO [09-22|13:21:40.435] HOTSTUFF PREPARE QC VERIFIED             number=66 viewID="b93ce2…a8ece9" from=127.0.0.4:44515 maskBytes=1
        INFO [09-22|13:21:43.167] handleNewViewMsg got new view message    from=127.0.0.5:43041 viewId="104c1a…aedf8f"
        INFO [09-22|13:21:43.196] handleNewViewMsg got new view message    from=127.0.0.8:36637 viewId="104c1a…aedf8f"
        INFO [09-22|13:21:43.216] handleNewViewMsg got new view message    from=127.0.0.4:44515 viewId="104c1a…aedf8f"
        INFO [09-22|13:21:43.233] handleNewViewMsg got new view message    from=127.0.0.2:36877 viewId="104c1a…aedf8f"
        INFO [09-22|13:21:43.252] handleNewViewMsg got new view message    from=127.0.0.3:33387 viewId="104c1a…aedf8f"
        INFO [09-22|13:21:43.317] handleNewViewMsg got new view message    from=127.0.0.6:42357 viewId="104c1a…aedf8f"
        INFO [09-22|13:21:43.334] handleNewViewMsg got new view message    from=127.0.0.7:34069 viewId="104c1a…aedf8f"
        WARN [09-22|13:21:47.845] GetBlockByNumer                          number=88
        WARN [09-22|13:21:48.309] GetBlockByNumer                          number=89
        WARN [09-22|13:21:48.680] GetBlockByNumer                          number=90
        WARN [09-22|13:21:53.064] GetBlockByNumer                          number=91
        WARN [09-22|13:21:53.601] GetBlockByNumer                          number=91
        WARN [09-22|13:21:53.656] GetBlockByNumer                          number=92
        WARN [09-22|13:21:53.928] GetBlockByNumer                          number=93
        INFO [09-22|13:22:04.937] handleNewViewMsg got new view message    from=127.0.0.4:44515 viewId="0cb66a…285f06"
        INFO [09-22|13:22:04.954] handleNewViewMsg got new view message    from=127.0.0.7:34069 viewId="0cb66a…285f06"
        INFO [09-22|13:22:04.979] handleNewViewMsg got new view message    from=127.0.0.8:36637 viewId="0cb66a…285f06"
        INFO [09-22|13:22:04.994] handleNewViewMsg got new view message    from=127.0.0.2:36877 viewId="0cb66a…285f06"
        INFO [09-22|13:22:05.019] handleNewViewMsg got new view message    from=127.0.0.6:42357 viewId="0cb66a…285f06"
        INFO [09-22|13:22:05.163] handleNewViewMsg got new view message    from=127.0.0.5:43041 viewId="0cb66a…285f06"
        WARN [09-22|13:22:05.168] GetBlockByNumer                          number=94
        INFO [09-22|13:22:05.188] handleNewViewMsg got new view message    from=127.0.0.3:33387 viewId="0cb66a…285f06"
        WARN [09-22|13:22:05.922] GetBlockByNumer                          number=95
        WARN [09-22|13:22:06.111] GetBlockByNumer                          number=96
        WARN [09-22|13:22:22.111] GetBlockByNumer                          number=97
        WARN [09-22|13:22:23.738] GetBlockByNumer                          number=98
        WARN [09-22|13:22:23.813] GetBlockByNumer                          number=99
        INFO [09-22|13:22:26.673] handleNewViewMsg got new view message    from=127.0.0.6:42357 viewId="b771a0…21b403"
        INFO [09-22|13:22:26.713] handleNewViewMsg got new view message    from=127.0.0.2:36877 viewId="b771a0…21b403"
        INFO [09-22|13:22:26.732] handleNewViewMsg got new view message    from=127.0.0.4:44515 viewId="b771a0…21b403"
        INFO [09-22|13:22:26.757] handleNewViewMsg got new view message    from=127.0.0.5:43041 viewId="b771a0…21b403"
        INFO [09-22|13:22:26.774] handleNewViewMsg got new view message    from=127.0.0.8:36637 viewId="b771a0…21b403"
        INFO [09-22|13:22:26.851] handleNewViewMsg got new view message    from=127.0.0.3:33387 viewId="b771a0…21b403"
        INFO [09-22|13:22:26.866] handleNewViewMsg got new view message    from=127.0.0.7:34069 viewId="b771a0…21b403"
    dex_financial_cli_test.go:116: ordinary CLI full log /tmp/dex-normal-cli-failure-3242196166.log
    dex_financial_cli_test.go:121: ordinary Common3: 09-22|13:20:10.976] GetBlockByNumer                          number=44
        WARN [09-22|13:20:11.062] GetBlockByNumer                          number=45
        INFO [09-22|13:20:19.095] handleNewViewMsg got new view message    from=127.0.0.5:43041 viewId="d52d1a…c425d6"
        INFO [09-22|13:20:19.127] handleNewViewMsg got new view message    from=127.0.0.4:44515 viewId="d52d1a…c425d6"
        INFO [09-22|13:20:19.151] handleNewViewMsg got new view message    from=127.0.0.3:33387 viewId="d52d1a…c425d6"
        INFO [09-22|13:20:19.171] handleNewViewMsg got new view message    from=127.0.0.2:36877 viewId="d52d1a…c425d6"
        INFO [09-22|13:20:19.186] handleNewViewMsg got new view message    from=127.0.0.6:42357 viewId="d52d1a…c425d6"
        INFO [09-22|13:20:19.261] handleNewViewMsg got new view message    from=127.0.0.7:34069 viewId="d52d1a…c425d6"
        WARN [09-22|13:20:20.900] GetBlockByNumer                          number=46
        WARN [09-22|13:20:21.948] GetBlockByNumer                          number=47
        WARN [09-22|13:20:26.639] GetBlockByNumer                          number=48
        WARN [09-22|13:20:28.042] GetBlockByNumer                          number=49
        WARN [09-22|13:20:33.623] GetBlockByNumer                          number=50
        WARN [09-22|13:20:33.940] GetBlockByNumer                          number=51
        WARN [09-22|13:20:33.940] GetBlockByNumer                          number=49
        WARN [09-22|13:20:33.942] GetBlockByNumer                          number=50
        WARN [09-22|13:20:34.031] GetBlockByNumer                          number=51
        WARN [09-22|13:20:34.077] GetBlockByNumer                          number=52
        WARN [09-22|13:20:34.088] GetBlockByNumer                          number=51
        WARN [09-22|13:20:34.140] GetBlockByNumer                          number=53
        INFO [09-22|13:20:41.160] handleNewViewMsg got new view message    from=127.0.0.7:34069 viewId="85f67d…74f40f"
        INFO [09-22|13:20:41.176] handleNewViewMsg got new view message    from=127.0.0.6:42357 viewId="85f67d…74f40f"
        INFO [09-22|13:20:41.209] handleNewViewMsg got new view message    from=127.0.0.3:33387 viewId="85f67d…74f40f"
        INFO [09-22|13:20:41.254] handleNewViewMsg got new view message    from=127.0.0.5:43041 viewId="85f67d…74f40f"
        INFO [09-22|13:20:41.270] handleNewViewMsg got new view message    from=127.0.0.2:36877 viewId="85f67d…74f40f"
        INFO [09-22|13:20:41.317] handleNewViewMsg got new view message    from=127.0.0.4:44515 viewId="85f67d…74f40f"
        WARN [09-22|13:20:43.972] GetBlockByNumer                          number=54
        WARN [09-22|13:20:44.421] GetBlockByNumer                          number=55
        WARN [09-22|13:20:44.878] GetBlockByNumer                          number=56
        WARN [09-22|13:20:45.262] GetBlockByNumer                          number=57
        WARN [09-22|13:20:53.115] GetBlockByNumer                          number=58
        WARN [09-22|13:20:53.505] GetBlockByNumer                          number=59
        WARN [09-22|13:20:53.747] GetBlockByNumer                          number=60
        WARN [09-22|13:20:54.134] GetBlockByNumer                          number=61
        WARN [09-22|13:21:01.439] GetBlockByNumer                          number=62
        WARN [09-22|13:21:01.961] GetBlockByNumer                          number=63
        WARN [09-22|13:21:02.164] GetBlockByNumer                          number=63
        WARN [09-22|13:21:02.210] GetBlockByNumer                          number=64
        WARN [09-22|13:21:02.454] GetBlockByNumer                          number=65
        INFO [09-22|13:21:03.053] handleNewViewMsg got new view message    from=127.0.0.5:43041 viewId="c46400…ca20ba"
        INFO [09-22|13:21:03.071] handleNewViewMsg got new view message    from=127.0.0.7:34069 viewId="c46400…ca20ba"
        INFO [09-22|13:21:03.101] handleNewViewMsg got new view message    from=127.0.0.2:36877 viewId="c46400…ca20ba"
        INFO [09-22|13:21:03.133] handleNewViewMsg got new view message    from=127.0.0.6:42357 viewId="c46400…ca20ba"
        INFO [09-22|13:21:03.162] handleNewViewMsg got new view message    from=127.0.0.3:33387 viewId="c46400…ca20ba"
        INFO [09-22|13:21:03.238] handleNewViewMsg got new view message    from=127.0.0.4:44515 viewId="c46400…ca20ba"
        WARN [09-22|13:21:08.296] GetBlockByNumer                          number=65
        WARN [09-22|13:21:08.336] GetBlockByNumer                          number=66
        WARN [09-22|13:21:08.347] GetBlockByNumer                          number=66
        WARN [09-22|13:21:08.397] GetBlockByNumer                          number=67
        WARN [09-22|13:21:08.696] GetBlockByNumer                          number=68
        WARN [09-22|13:21:09.677] GetBlockByNumer                          number=69
        WARN [09-22|13:21:14.089] GetBlockByNumer                          number=70
        WARN [09-22|13:21:14.486] GetBlockByNumer                          number=71
        WARN [09-22|13:21:16.421] GetBlockByNumer                          number=72
        WARN [09-22|13:21:16.756] GetBlockByNumer                          number=73
        WARN [09-22|13:21:17.779] GetBlockByNumer                          number=73
        WARN [09-22|13:21:17.813] GetBlockByNumer                          number=74
        WARN [09-22|13:21:18.131] GetBlockByNumer                          number=75
        WARN [09-22|13:21:19.791] GetBlockByNumer                          number=76
        WARN [09-22|13:21:20.267] GetBlockByNumer                          number=77
        WARN [09-22|13:21:21.056] GetBlockByNumer                          number=78
        WARN [09-22|13:21:21.626] GetBlockByNumer                          number=79
        INFO [09-22|13:21:21.964] handleNewViewMsg got new view message    from=127.0.0.8:36637 viewId="c46400…ca20ba"
        WARN [09-22|13:21:22.007] reject new-view before storage           from=127.0.0.8:36637 viewID="c46400…ca20ba" err="hotstuff view state too old"
        WARN [09-22|13:21:22.932] GetBlockByNumer                          number=79
        WARN [09-22|13:21:22.989] GetBlockByNumer                          number=80
        WARN [09-22|13:21:23.260] GetBlockByNumer                          number=81
        WARN [09-22|13:21:24.094] GetBlockByNumer                          number=82
        WARN [09-22|13:21:24.510] GetBlockByNumer                          number=83
        INFO [09-22|13:21:25.045] handleNewViewMsg got new view message    from=127.0.0.7:34069 viewId="d9f8bc…38a9bf"
        INFO [09-22|13:21:25.071] handleNewViewMsg got new view message    from=127.0.0.4:44515 viewId="d9f8bc…38a9bf"
        INFO [09-22|13:21:25.094] handleNewViewMsg got new view message    from=127.0.0.5:43041 viewId="d9f8bc…38a9bf"
        INFO [09-22|13:21:25.136] handleNewViewMsg got new view message    from=127.0.0.2:36877 viewId="d9f8bc…38a9bf"
        INFO [09-22|13:21:25.166] handleNewViewMsg got new view message    from=127.0.0.8:36637 viewId="d9f8bc…38a9bf"
        INFO [09-22|13:21:25.358] handleNewViewMsg got new view message    from=127.0.0.3:33387 viewId="d9f8bc…38a9bf"
        INFO [09-22|13:21:25.391] handleNewViewMsg got new view message    from=127.0.0.6:42357 viewId="d9f8bc…38a9bf"
        INFO [09-22|13:21:30.690] HOTSTUFF PREPARE QC VERIFIED             number=61 viewID="20fce2…5c6176" from=127.0.0.6:42357 maskBytes=1
        INFO [09-22|13:21:31.530] HOTSTUFF PREPARE QC VERIFIED             number=62 viewID="5f6df1…2589c1" from=127.0.0.7:34069 maskBytes=1
        WARN [09-22|13:21:31.575] GetBlockByNumer                          number=84
        WARN [09-22|13:21:32.030] GetBlockByNumer                          number=85
        INFO [09-22|13:21:35.984] HOTSTUFF PREPARE QC VERIFIED             number=64 viewID="2db630…6c0df8" from=127.0.0.2:36877 maskBytes=1
        INFO [09-22|13:21:36.812] HOTSTUFF PREPARE QC VERIFIED             number=65 viewID="6f9117…f0192a" from=127.0.0.3:33387 maskBytes=1
        INFO [09-22|13:21:40.042] handleNewViewMsg got new view message    from=127.0.0.3:33387 viewId="48de23…a13d1c"
        INFO [09-22|13:21:40.072] handleNewViewMsg got new view message    from=127.0.0.5:43041 viewId="48de23…a13d1c"
        WARN [09-22|13:21:40.095] GetBlockByNumer                          number=86
        INFO [09-22|13:21:40.140] handleNewViewMsg got new view message    from=127.0.0.6:42357 viewId="48de23…a13d1c"
        WARN [09-22|13:21:40.212] GetBlockByNumer                          number=87
        INFO [09-22|13:21:40.235] handleNewViewMsg got new view message    from=127.0.0.8:36637 viewId="48de23…a13d1c"
        INFO [09-22|13:21:40.323] handleNewViewMsg got new view message    from=127.0.0.2:36877 viewId="48de23…a13d1c"
        INFO [09-22|13:21:41.005] handleNewViewMsg got new view message    from=127.0.0.7:34069 viewId="48de23…a13d1c"
        INFO [09-22|13:21:41.046] handleNewViewMsg got new view message    from=127.0.0.4:44515 viewId="48de23…a13d1c"
        INFO [09-22|13:21:41.349] HOTSTUFF STANDALONE PREPARE QC VERIFIED  number=66 viewID="b93ce2…a8ece9" from=127.0.0.4:44515 maskBytes=1
        INFO [09-22|13:21:41.392] handleNewViewMsg got new view message    from=127.0.0.4:44515 viewId="974218…276b15"
        INFO [09-22|13:21:41.432] handleNewViewMsg got new view message    from=127.0.0.5:43041 viewId="974218…276b15"
        INFO [09-22|13:21:41.450] handleNewViewMsg got new view message    from=127.0.0.3:33387 viewId="974218…276b15"
        INFO [09-22|13:21:41.665] handleNewViewMsg got new view message    from=127.0.0.2:36877 viewId="974218…276b15"
        INFO [09-22|13:21:41.702] handleNewViewMsg got new view message    from=127.0.0.8:36637 viewId="974218…276b15"
        INFO [09-22|13:21:41.865] handleNewViewMsg got new view message    from=127.0.0.7:34069 viewId="974218…276b15"
        INFO [09-22|13:21:41.898] handleNewViewMsg got new view message    from=127.0.0.6:42357 viewId="974218…276b15"
        WARN [09-22|13:21:47.323] GetBlockByNumer                          number=88
        WARN [09-22|13:21:48.330] GetBlockByNumer                          number=89
        WARN [09-22|13:21:48.693] GetBlockByNumer                          number=90
        WARN [09-22|13:21:53.086] GetBlockByNumer                          number=91
        WARN [09-22|13:21:53.604] GetBlockByNumer                          number=91
        WARN [09-22|13:21:53.690] GetBlockByNumer                          number=92
        WARN [09-22|13:21:53.927] GetBlockByNumer                          number=93
        INFO [09-22|13:22:01.915] handleNewViewMsg got new view message    from=127.0.0.5:43041 viewId="8d3cf2…ee5eb5"
        INFO [09-22|13:22:01.949] handleNewViewMsg got new view message    from=127.0.0.2:36877 viewId="8d3cf2…ee5eb5"
        INFO [09-22|13:22:01.968] handleNewViewMsg got new view message    from=127.0.0.3:33387 viewId="8d3cf2…ee5eb5"
        INFO [09-22|13:22:01.986] handleNewViewMsg got new view message    from=127.0.0.8:36637 viewId="8d3cf2…ee5eb5"
        INFO [09-22|13:22:02.005] handleNewViewMsg got new view message    from=127.0.0.4:44515 viewId="8d3cf2…ee5eb5"
        INFO [09-22|13:22:02.106] handleNewViewMsg got new view message    from=127.0.0.6:42357 viewId="8d3cf2…ee5eb5"
        INFO [09-22|13:22:02.154] handleNewViewMsg got new view message    from=127.0.0.7:34069 viewId="8d3cf2…ee5eb5"
        WARN [09-22|13:22:05.196] GetBlockByNumer                          number=94
        WARN [09-22|13:22:05.933] GetBlockByNumer                          number=95
        WARN [09-22|13:22:06.128] GetBlockByNumer                          number=96
        WARN [09-22|13:22:22.659] GetBlockByNumer                          number=97
        INFO [09-22|13:22:23.551] handleNewViewMsg got new view message    from=127.0.0.3:33387 viewId="79501d…de07b4"
        INFO [09-22|13:22:23.572] handleNewViewMsg got new view message    from=127.0.0.7:34069 viewId="79501d…de07b4"
        INFO [09-22|13:22:23.587] handleNewViewMsg got new view message    from=127.0.0.6:42357 viewId="79501d…de07b4"
        INFO [09-22|13:22:23.603] handleNewViewMsg got new view message    from=127.0.0.4:44515 viewId="79501d…de07b4"
        INFO [09-22|13:22:23.625] handleNewViewMsg got new view message    from=127.0.0.2:36877 viewId="79501d…de07b4"
        WARN [09-22|13:22:23.698] GetBlockByNumer                          number=98
        INFO [09-22|13:22:23.706] handleNewViewMsg got new view message    from=127.0.0.8:36637 viewId="79501d…de07b4"
        INFO [09-22|13:22:23.723] handleNewViewMsg got new view message    from=127.0.0.5:43041 viewId="79501d…de07b4"
        WARN [09-22|13:22:23.809] GetBlockByNumer                          number=99
    dex_financial_cli_test.go:116: ordinary CLI full log /tmp/dex-normal-cli-failure-1008559712.log
    dex_financial_cli_test.go:121: ordinary Common2:         number=42
        WARN [09-22|13:20:10.151] GetBlockByNumer                          number=43
        WARN [09-22|13:20:11.207] GetBlockByNumer                          number=44
        WARN [09-22|13:20:11.567] GetBlockByNumer                          number=45
        INFO [09-22|13:20:15.920] handleNewViewMsg got new view message    from=127.0.0.4:44515 viewId="c9e87d…2537ca"
        INFO [09-22|13:20:15.962] handleNewViewMsg got new view message    from=127.0.0.6:42357 viewId="c9e87d…2537ca"
        INFO [09-22|13:20:15.987] handleNewViewMsg got new view message    from=127.0.0.5:43041 viewId="c9e87d…2537ca"
        INFO [09-22|13:20:16.004] handleNewViewMsg got new view message    from=127.0.0.3:33387 viewId="c9e87d…2537ca"
        INFO [09-22|13:20:16.037] handleNewViewMsg got new view message    from=127.0.0.2:36877 viewId="c9e87d…2537ca"
        INFO [09-22|13:20:16.142] handleNewViewMsg got new view message    from=127.0.0.7:34069 viewId="c9e87d…2537ca"
        WARN [09-22|13:20:21.461] GetBlockByNumer                          number=46
        WARN [09-22|13:20:21.948] GetBlockByNumer                          number=47
        WARN [09-22|13:20:27.215] GetBlockByNumer                          number=48
        WARN [09-22|13:20:27.990] GetBlockByNumer                          number=49
        WARN [09-22|13:20:33.638] GetBlockByNumer                          number=50
        WARN [09-22|13:20:33.939] GetBlockByNumer                          number=51
        WARN [09-22|13:20:33.939] GetBlockByNumer                          number=49
        WARN [09-22|13:20:33.943] GetBlockByNumer                          number=50
        WARN [09-22|13:20:34.019] GetBlockByNumer                          number=51
        WARN [09-22|13:20:34.064] GetBlockByNumer                          number=52
        WARN [09-22|13:20:34.076] GetBlockByNumer                          number=51
        WARN [09-22|13:20:34.126] GetBlockByNumer                          number=53
        INFO [09-22|13:20:38.061] handleNewViewMsg got new view message    from=127.0.0.3:33387 viewId="f275ce…b69921"
        INFO [09-22|13:20:38.084] handleNewViewMsg got new view message    from=127.0.0.5:43041 viewId="f275ce…b69921"
        INFO [09-22|13:20:38.102] handleNewViewMsg got new view message    from=127.0.0.7:34069 viewId="f275ce…b69921"
        INFO [09-22|13:20:38.118] handleNewViewMsg got new view message    from=127.0.0.6:42357 viewId="f275ce…b69921"
        INFO [09-22|13:20:38.133] handleNewViewMsg got new view message    from=127.0.0.2:36877 viewId="f275ce…b69921"
        INFO [09-22|13:20:38.181] handleNewViewMsg got new view message    from=127.0.0.4:44515 viewId="f275ce…b69921"
        WARN [09-22|13:20:43.935] GetBlockByNumer                          number=54
        WARN [09-22|13:20:44.357] GetBlockByNumer                          number=55
        WARN [09-22|13:20:44.873] GetBlockByNumer                          number=56
        WARN [09-22|13:20:45.284] GetBlockByNumer                          number=57
        WARN [09-22|13:20:53.136] GetBlockByNumer                          number=58
        WARN [09-22|13:20:53.136] GetBlockByNumer                          number=56
        WARN [09-22|13:20:53.145] GetBlockByNumer                          number=58
        WARN [09-22|13:20:53.159] GetBlockByNumer                          number=57
        WARN [09-22|13:20:53.167] GetBlockByNumer                          number=58
        WARN [09-22|13:20:53.223] GetBlockByNumer                          number=59
        WARN [09-22|13:20:53.393] GetBlockByNumer                          number=60
        WARN [09-22|13:20:54.151] GetBlockByNumer                          number=61
        INFO [09-22|13:20:59.957] handleNewViewMsg got new view message    from=127.0.0.5:43041 viewId="c54a24…fafd14"
        INFO [09-22|13:20:59.978] handleNewViewMsg got new view message    from=127.0.0.6:42357 viewId="c54a24…fafd14"
        INFO [09-22|13:20:59.994] handleNewViewMsg got new view message    from=127.0.0.4:44515 viewId="c54a24…fafd14"
        INFO [09-22|13:21:00.015] handleNewViewMsg got new view message    from=127.0.0.7:34069 viewId="c54a24…fafd14"
        INFO [09-22|13:21:00.036] handleNewViewMsg got new view message    from=127.0.0.3:33387 viewId="c54a24…fafd14"
        INFO [09-22|13:21:00.079] handleNewViewMsg got new view message    from=127.0.0.2:36877 viewId="c54a24…fafd14"
        WARN [09-22|13:21:01.435] GetBlockByNumer                          number=62
        WARN [09-22|13:21:01.944] GetBlockByNumer                          number=63
        WARN [09-22|13:21:02.449] GetBlockByNumer                          number=64
        WARN [09-22|13:21:02.884] GetBlockByNumer                          number=65
        WARN [09-22|13:21:08.352] GetBlockByNumer                          number=66
        WARN [09-22|13:21:08.663] GetBlockByNumer                          number=66
        WARN [09-22|13:21:08.732] GetBlockByNumer                          number=67
        WARN [09-22|13:21:08.902] GetBlockByNumer                          number=68
        WARN [09-22|13:21:09.014] GetBlockByNumer                          number=69
        WARN [09-22|13:21:13.536] GetBlockByNumer                          number=70
        WARN [09-22|13:21:13.808] GetBlockByNumer                          number=71
        WARN [09-22|13:21:16.427] GetBlockByNumer                          number=72
        WARN [09-22|13:21:16.739] GetBlockByNumer                          number=73
        WARN [09-22|13:21:17.564] GetBlockByNumer                          number=74
        WARN [09-22|13:21:18.472] GetBlockByNumer                          number=75
        WARN [09-22|13:21:19.790] GetBlockByNumer                          number=76
        WARN [09-22|13:21:20.252] GetBlockByNumer                          number=77
        INFO [09-22|13:21:21.562] handleNewViewMsg got new view message    from=127.0.0.8:36637 viewId="c9e87d…2537ca"
        WARN [09-22|13:21:21.563] GetBlockByNumer                          number=77
        WARN [09-22|13:21:21.592] reject new-view before storage           from=127.0.0.8:36637 viewID="c9e87d…2537ca" err="hotstuff view state too old"
        WARN [09-22|13:21:21.601] GetBlockByNumer                          number=78
        WARN [09-22|13:21:21.612] GetBlockByNumer                          number=78
        WARN [09-22|13:21:21.677] GetBlockByNumer                          number=79
        INFO [09-22|13:21:21.896] handleNewViewMsg got new view message    from=127.0.0.8:36637 viewId="c54a24…fafd14"
        WARN [09-22|13:21:21.913] reject new-view before storage           from=127.0.0.8:36637 viewID="c54a24…fafd14" err="hotstuff view state too old"
        INFO [09-22|13:21:21.914] handleNewViewMsg got new view message    from=127.0.0.5:43041 viewId="2efc7a…9b2af4"
        INFO [09-22|13:21:21.942] handleNewViewMsg got new view message    from=127.0.0.4:44515 viewId="2efc7a…9b2af4"
        INFO [09-22|13:21:21.964] handleNewViewMsg got new view message    from=127.0.0.7:34069 viewId="2efc7a…9b2af4"
        INFO [09-22|13:21:21.985] handleNewViewMsg got new view message    from=127.0.0.2:36877 viewId="2efc7a…9b2af4"
        INFO [09-22|13:21:22.011] handleNewViewMsg got new view message    from=127.0.0.3:33387 viewId="2efc7a…9b2af4"
        INFO [09-22|13:21:22.126] handleNewViewMsg got new view message    from=127.0.0.6:42357 viewId="2efc7a…9b2af4"
        INFO [09-22|13:21:22.552] handleNewViewMsg got new view message    from=127.0.0.8:36637 viewId="2efc7a…9b2af4"
        WARN [09-22|13:21:23.243] GetBlockByNumer                          number=80
        WARN [09-22|13:21:23.684] GetBlockByNumer                          number=81
        WARN [09-22|13:21:23.748] GetBlockByNumer                          number=81
        WARN [09-22|13:21:23.789] GetBlockByNumer                          number=82
        WARN [09-22|13:21:24.112] GetBlockByNumer                          number=83
        INFO [09-22|13:21:30.684] HOTSTUFF PREPARE QC VERIFIED             number=61 viewID="20fce2…5c6176" from=127.0.0.6:42357 maskBytes=1
        INFO [09-22|13:21:31.496] HOTSTUFF PREPARE QC VERIFIED             number=62 viewID="5f6df1…2589c1" from=127.0.0.7:34069 maskBytes=1
        WARN [09-22|13:21:31.579] GetBlockByNumer                          number=84
        WARN [09-22|13:21:32.039] GetBlockByNumer                          number=85
        INFO [09-22|13:21:36.002] HOTSTUFF PREPARE QC VERIFIED             number=64 viewID="2db630…6c0df8" from=127.0.0.2:36877 maskBytes=1
        INFO [09-22|13:21:36.834] HOTSTUFF PREPARE QC VERIFIED             number=65 viewID="6f9117…f0192a" from=127.0.0.3:33387 maskBytes=1
        INFO [09-22|13:21:36.834] handleNewViewMsg got new view message    from=127.0.0.8:36637 viewId="b93ce2…a8ece9"
        INFO [09-22|13:21:36.858] handleNewViewMsg got new view message    from=127.0.0.7:34069 viewId="b93ce2…a8ece9"
        INFO [09-22|13:21:36.880] handleNewViewMsg got new view message    from=127.0.0.5:43041 viewId="b93ce2…a8ece9"
        INFO [09-22|13:21:36.896] handleNewViewMsg got new view message    from=127.0.0.2:36877 viewId="b93ce2…a8ece9"
        INFO [09-22|13:21:36.906] handleNewViewMsg got new view message    from=127.0.0.3:33387 viewId="b93ce2…a8ece9"
        INFO [09-22|13:21:36.949] handleNewViewMsg got new view message    from=127.0.0.6:42357 viewId="b93ce2…a8ece9"
        INFO [09-22|13:21:37.022] handleNewViewMsg got new view message    from=127.0.0.4:44515 viewId="b93ce2…a8ece9"
        WARN [09-22|13:21:40.131] GetBlockByNumer                          number=86
        INFO [09-22|13:21:40.150] HOTSTUFF PREPARE QC BROADCAST            number=66 viewID="b93ce2…a8ece9" votes=5 threshold=5
        INFO [09-22|13:21:40.183] HOTSTUFF PREPARE QC VERIFIED             number=66 viewID="b93ce2…a8ece9" from=127.0.0.4:44515 maskBytes=1
        WARN [09-22|13:21:40.244] GetBlockByNumer                          number=87
        WARN [09-22|13:21:47.291] GetBlockByNumer                          number=88
        WARN [09-22|13:21:48.319] GetBlockByNumer                          number=89
        WARN [09-22|13:21:48.675] GetBlockByNumer                          number=90
        WARN [09-22|13:21:53.342] GetBlockByNumer                          number=90
        WARN [09-22|13:21:53.385] GetBlockByNumer                          number=91
        WARN [09-22|13:21:53.662] GetBlockByNumer                          number=92
        WARN [09-22|13:21:54.314] GetBlockByNumer                          number=93
        INFO [09-22|13:21:58.662] handleNewViewMsg got new view message    from=127.0.0.7:34069 viewId="e40a90…65cf7c"
        INFO [09-22|13:21:58.685] handleNewViewMsg got new view message    from=127.0.0.6:42357 viewId="e40a90…65cf7c"
        INFO [09-22|13:21:58.704] handleNewViewMsg got new view message    from=127.0.0.3:33387 viewId="e40a90…65cf7c"
        INFO [09-22|13:21:58.723] handleNewViewMsg got new view message    from=127.0.0.2:36877 viewId="e40a90…65cf7c"
        INFO [09-22|13:21:58.741] handleNewViewMsg got new view message    from=127.0.0.8:36637 viewId="e40a90…65cf7c"
        INFO [09-22|13:21:58.851] handleNewViewMsg got new view message    from=127.0.0.5:43041 viewId="e40a90…65cf7c"
        INFO [09-22|13:21:58.864] handleNewViewMsg got new view message    from=127.0.0.4:44515 viewId="e40a90…65cf7c"
        WARN [09-22|13:22:04.596] GetBlockByNumer                          number=94
        WARN [09-22|13:22:05.919] GetBlockByNumer                          number=95
        WARN [09-22|13:22:06.137] GetBlockByNumer                          number=96
        INFO [09-22|13:22:20.416] handleNewViewMsg got new view message    from=127.0.0.4:44515 viewId="eab5b0…36c804"
        INFO [09-22|13:22:20.433] handleNewViewMsg got new view message    from=127.0.0.5:43041 viewId="eab5b0…36c804"
        INFO [09-22|13:22:20.461] handleNewViewMsg got new view message    from=127.0.0.6:42357 viewId="eab5b0…36c804"
        INFO [09-22|13:22:20.479] handleNewViewMsg got new view message    from=127.0.0.7:34069 viewId="eab5b0…36c804"
        INFO [09-22|13:22:20.497] handleNewViewMsg got new view message    from=127.0.0.2:36877 viewId="eab5b0…36c804"
        INFO [09-22|13:22:20.549] handleNewViewMsg got new view message    from=127.0.0.8:36637 viewId="eab5b0…36c804"
        INFO [09-22|13:22:20.587] handleNewViewMsg got new view message    from=127.0.0.3:33387 viewId="eab5b0…36c804"
        WARN [09-22|13:22:22.399] GetBlockByNumer                          number=96
        WARN [09-22|13:22:22.462] GetBlockByNumer                          number=97
        WARN [09-22|13:22:22.886] GetBlockByNumer                          number=98
        WARN [09-22|13:22:23.178] GetBlockByNumer                          number=99
    dex_financial_cli_test.go:116: ordinary CLI full log /tmp/dex-normal-cli-failure-3083344950.log
    dex_financial_cli_test.go:121: ordinary Common1: 5] GetBlockByNumer                          number=42
        WARN [09-22|13:20:10.177] GetBlockByNumer                          number=43
        WARN [09-22|13:20:10.498] GetBlockByNumer                          number=44
        WARN [09-22|13:20:11.562] GetBlockByNumer                          number=45
        INFO [09-22|13:20:12.781] handleNewViewMsg got new view message    from=127.0.0.3:33387 viewId="696cb1…94ae33"
        INFO [09-22|13:20:12.828] handleNewViewMsg got new view message    from=127.0.0.2:36877 viewId="696cb1…94ae33"
        INFO [09-22|13:20:12.862] handleNewViewMsg got new view message    from=127.0.0.5:43041 viewId="696cb1…94ae33"
        INFO [09-22|13:20:12.879] handleNewViewMsg got new view message    from=127.0.0.7:34069 viewId="696cb1…94ae33"
        INFO [09-22|13:20:12.897] handleNewViewMsg got new view message    from=127.0.0.4:44515 viewId="696cb1…94ae33"
        INFO [09-22|13:20:13.020] handleNewViewMsg got new view message    from=127.0.0.6:42357 viewId="696cb1…94ae33"
        WARN [09-22|13:20:21.209] GetBlockByNumer                          number=45
        WARN [09-22|13:20:21.247] GetBlockByNumer                          number=46
        WARN [09-22|13:20:21.490] GetBlockByNumer                          number=47
        WARN [09-22|13:20:27.266] GetBlockByNumer                          number=48
        WARN [09-22|13:20:27.994] GetBlockByNumer                          number=49
        WARN [09-22|13:20:33.055] GetBlockByNumer                          number=50
        WARN [09-22|13:20:33.332] GetBlockByNumer                          number=51
        WARN [09-22|13:20:33.621] GetBlockByNumer                          number=52
        WARN [09-22|13:20:34.710] GetBlockByNumer                          number=53
        INFO [09-22|13:20:34.954] handleNewViewMsg got new view message    from=127.0.0.6:42357 viewId="647bfe…ef04af"
        INFO [09-22|13:20:34.978] handleNewViewMsg got new view message    from=127.0.0.3:33387 viewId="647bfe…ef04af"
        INFO [09-22|13:20:34.993] handleNewViewMsg got new view message    from=127.0.0.2:36877 viewId="647bfe…ef04af"
        INFO [09-22|13:20:35.010] handleNewViewMsg got new view message    from=127.0.0.5:43041 viewId="647bfe…ef04af"
        INFO [09-22|13:20:35.026] handleNewViewMsg got new view message    from=127.0.0.7:34069 viewId="647bfe…ef04af"
        INFO [09-22|13:20:35.078] handleNewViewMsg got new view message    from=127.0.0.4:44515 viewId="647bfe…ef04af"
        WARN [09-22|13:20:43.605] GetBlockByNumer                          number=53
        WARN [09-22|13:20:43.655] GetBlockByNumer                          number=54
        WARN [09-22|13:20:43.982] GetBlockByNumer                          number=55
        WARN [09-22|13:20:44.282] GetBlockByNumer                          number=56
        WARN [09-22|13:20:45.274] GetBlockByNumer                          number=57
        WARN [09-22|13:20:52.780] GetBlockByNumer                          number=57
        WARN [09-22|13:20:52.814] GetBlockByNumer                          number=58
        WARN [09-22|13:20:53.137] GetBlockByNumer                          number=58
        WARN [09-22|13:20:53.163] GetBlockByNumer                          number=59
        WARN [09-22|13:20:53.174] GetBlockByNumer                          number=59
        WARN [09-22|13:20:53.213] GetBlockByNumer                          number=60
        WARN [09-22|13:20:53.422] GetBlockByNumer                          number=61
        INFO [09-22|13:20:56.779] handleNewViewMsg got new view message    from=127.0.0.3:33387 viewId="235db2…0b7854"
        INFO [09-22|13:20:56.876] handleNewViewMsg got new view message    from=127.0.0.6:42357 viewId="235db2…0b7854"
        INFO [09-22|13:20:56.902] handleNewViewMsg got new view message    from=127.0.0.7:34069 viewId="235db2…0b7854"
        INFO [09-22|13:20:56.922] handleNewViewMsg got new view message    from=127.0.0.4:44515 viewId="235db2…0b7854"
        INFO [09-22|13:20:56.938] handleNewViewMsg got new view message    from=127.0.0.2:36877 viewId="235db2…0b7854"
        INFO [09-22|13:20:56.990] handleNewViewMsg got new view message    from=127.0.0.5:43041 viewId="235db2…0b7854"
        WARN [09-22|13:21:00.855] GetBlockByNumer                          number=62
        WARN [09-22|13:21:01.821] GetBlockByNumer                          number=62
        WARN [09-22|13:21:01.959] GetBlockByNumer                          number=63
        WARN [09-22|13:21:01.969] GetBlockByNumer                          number=63
        WARN [09-22|13:21:02.013] GetBlockByNumer                          number=64
        WARN [09-22|13:21:02.881] GetBlockByNumer                          number=65
        WARN [09-22|13:21:07.793] GetBlockByNumer                          number=66
        WARN [09-22|13:21:08.972] GetBlockByNumer                          number=67
        WARN [09-22|13:21:08.972] GetBlockByNumer                          number=65
        WARN [09-22|13:21:08.976] GetBlockByNumer                          number=66
        WARN [09-22|13:21:09.063] GetBlockByNumer                          number=67
        WARN [09-22|13:21:09.080] GetBlockByNumer                          number=67
        WARN [09-22|13:21:09.121] GetBlockByNumer                          number=68
        WARN [09-22|13:21:09.266] GetBlockByNumer                          number=69
        WARN [09-22|13:21:13.534] GetBlockByNumer                          number=70
        WARN [09-22|13:21:13.809] GetBlockByNumer                          number=71
        WARN [09-22|13:21:15.903] GetBlockByNumer                          number=72
        WARN [09-22|13:21:16.082] GetBlockByNumer                          number=73
        WARN [09-22|13:21:17.567] GetBlockByNumer                          number=74
        WARN [09-22|13:21:18.474] GetBlockByNumer                          number=75
        INFO [09-22|13:21:18.668] handleNewViewMsg got new view message    from=127.0.0.2:36877 viewId="af2783…fe92dc"
        INFO [09-22|13:21:18.700] handleNewViewMsg got new view message    from=127.0.0.6:42357 viewId="af2783…fe92dc"
        INFO [09-22|13:21:18.718] handleNewViewMsg got new view message    from=127.0.0.7:34069 viewId="af2783…fe92dc"
        INFO [09-22|13:21:18.735] handleNewViewMsg got new view message    from=127.0.0.4:44515 viewId="af2783…fe92dc"
        INFO [09-22|13:21:18.753] handleNewViewMsg got new view message    from=127.0.0.3:33387 viewId="af2783…fe92dc"
        INFO [09-22|13:21:18.816] handleNewViewMsg got new view message    from=127.0.0.5:43041 viewId="af2783…fe92dc"
        WARN [09-22|13:21:19.262] GetBlockByNumer                          number=76
        WARN [09-22|13:21:19.535] GetBlockByNumer                          number=77
        WARN [09-22|13:21:21.660] GetBlockByNumer                          number=78
        INFO [09-22|13:21:21.807] handleNewViewMsg got new view message    from=127.0.0.8:36637 viewId="235db2…0b7854"
        WARN [09-22|13:21:21.850] reject new-view before storage           from=127.0.0.8:36637 viewID="235db2…0b7854" err="hotstuff view state too old"
        WARN [09-22|13:21:22.337] GetBlockByNumer                          number=79
        INFO [09-22|13:21:22.488] handleNewViewMsg got new view message    from=127.0.0.8:36637 viewId="af2783…fe92dc"
        WARN [09-22|13:21:22.510] reject new-view before storage           from=127.0.0.8:36637 viewID="af2783…fe92dc" err="hotstuff view state too old"
        WARN [09-22|13:21:23.256] GetBlockByNumer                          number=80
        WARN [09-22|13:21:23.666] GetBlockByNumer                          number=81
        WARN [09-22|13:21:23.748] GetBlockByNumer                          number=81
        WARN [09-22|13:21:23.796] GetBlockByNumer                          number=82
        WARN [09-22|13:21:24.110] GetBlockByNumer                          number=83
        INFO [09-22|13:21:30.698] HOTSTUFF PREPARE QC VERIFIED             number=61 viewID="20fce2…5c6176" from=127.0.0.6:42357 maskBytes=1
        WARN [09-22|13:21:31.278] GetBlockByNumer                          number=83
        WARN [09-22|13:21:31.347] GetBlockByNumer                          number=84
        INFO [09-22|13:21:31.538] HOTSTUFF PREPARE QC VERIFIED             number=62 viewID="5f6df1…2589c1" from=127.0.0.7:34069 maskBytes=1
        WARN [09-22|13:21:31.584] GetBlockByNumer                          number=85
        INFO [09-22|13:21:35.994] HOTSTUFF PREPARE QC VERIFIED             number=64 viewID="2db630…6c0df8" from=127.0.0.2:36877 maskBytes=1
        INFO [09-22|13:21:36.001] handleNewViewMsg got new view message    from=127.0.0.7:34069 viewId="6f9117…f0192a"
        INFO [09-22|13:21:36.017] handleNewViewMsg got new view message    from=127.0.0.2:36877 viewId="6f9117…f0192a"
        INFO [09-22|13:21:36.027] handleNewViewMsg got new view message    from=127.0.0.3:33387 viewId="6f9117…f0192a"
        INFO [09-22|13:21:36.037] handleNewViewMsg got new view message    from=127.0.0.8:36637 viewId="6f9117…f0192a"
        INFO [09-22|13:21:36.048] handleNewViewMsg got new view message    from=127.0.0.6:42357 viewId="6f9117…f0192a"
        INFO [09-22|13:21:36.178] handleNewViewMsg got new view message    from=127.0.0.4:44515 viewId="6f9117…f0192a"
        INFO [09-22|13:21:36.187] handleNewViewMsg got new view message    from=127.0.0.5:43041 viewId="6f9117…f0192a"
        INFO [09-22|13:21:36.708] HOTSTUFF PREPARE QC BROADCAST            number=65 viewID="6f9117…f0192a" votes=5 threshold=5
        INFO [09-22|13:21:36.742] HOTSTUFF PREPARE QC VERIFIED             number=65 viewID="6f9117…f0192a" from=127.0.0.3:33387 maskBytes=1
        WARN [09-22|13:21:40.148] GetBlockByNumer                          number=86
        WARN [09-22|13:21:40.194] GetBlockByNumer                          number=87
        INFO [09-22|13:21:40.290] HOTSTUFF PREPARE QC VERIFIED             number=66 viewID="b93ce2…a8ece9" from=127.0.0.4:44515 maskBytes=1
        WARN [09-22|13:21:47.886] GetBlockByNumer                          number=88
        WARN [09-22|13:21:48.317] GetBlockByNumer                          number=89
        WARN [09-22|13:21:48.681] GetBlockByNumer                          number=90
        WARN [09-22|13:21:53.326] GetBlockByNumer                          number=90
        WARN [09-22|13:21:53.362] GetBlockByNumer                          number=91
        WARN [09-22|13:21:53.681] GetBlockByNumer                          number=92
        WARN [09-22|13:21:54.305] GetBlockByNumer                          number=93
        INFO [09-22|13:21:55.558] handleNewViewMsg got new view message    from=127.0.0.3:33387 viewId="237aac…0091b1"
        INFO [09-22|13:21:55.580] handleNewViewMsg got new view message    from=127.0.0.7:34069 viewId="237aac…0091b1"
        INFO [09-22|13:21:55.597] handleNewViewMsg got new view message    from=127.0.0.5:43041 viewId="237aac…0091b1"
        INFO [09-22|13:21:55.612] handleNewViewMsg got new view message    from=127.0.0.2:36877 viewId="237aac…0091b1"
        INFO [09-22|13:21:55.629] handleNewViewMsg got new view message    from=127.0.0.8:36637 viewId="237aac…0091b1"
        INFO [09-22|13:21:55.724] handleNewViewMsg got new view message    from=127.0.0.6:42357 viewId="237aac…0091b1"
        INFO [09-22|13:21:55.752] handleNewViewMsg got new view message    from=127.0.0.4:44515 viewId="237aac…0091b1"
        WARN [09-22|13:22:04.593] GetBlockByNumer                          number=94
        WARN [09-22|13:22:05.249] GetBlockByNumer                          number=95
        WARN [09-22|13:22:06.113] GetBlockByNumer                          number=96
        INFO [09-22|13:22:17.323] handleNewViewMsg got new view message    from=127.0.0.5:43041 viewId="fb57d0…c71e23"
        INFO [09-22|13:22:17.351] handleNewViewMsg got new view message    from=127.0.0.3:33387 viewId="fb57d0…c71e23"
        INFO [09-22|13:22:17.374] handleNewViewMsg got new view message    from=127.0.0.6:42357 viewId="fb57d0…c71e23"
        INFO [09-22|13:22:17.393] handleNewViewMsg got new view message    from=127.0.0.2:36877 viewId="fb57d0…c71e23"
        INFO [09-22|13:22:17.412] handleNewViewMsg got new view message    from=127.0.0.8:36637 viewId="fb57d0…c71e23"
        INFO [09-22|13:22:17.468] handleNewViewMsg got new view message    from=127.0.0.7:34069 viewId="fb57d0…c71e23"
        INFO [09-22|13:22:17.513] handleNewViewMsg got new view message    from=127.0.0.4:44515 viewId="fb57d0…c71e23"
        WARN [09-22|13:22:22.399] GetBlockByNumer                          number=96
        WARN [09-22|13:22:22.486] GetBlockByNumer                          number=97
        WARN [09-22|13:22:22.934] GetBlockByNumer                          number=98
        WARN [09-22|13:22:23.164] GetBlockByNumer                          number=99
    dex_financial_cli_test.go:116: ordinary CLI full log /tmp/dex-normal-cli-failure-186511.log
    dex_financial_cli_test.go:121: ordinary Common0: 5] GetBlockByNumer                          number=37
        WARN [09-22|13:19:59.881] GetBlockByNumer                          number=38
        WARN [09-22|13:20:04.051] GetBlockByNumer                          number=39
        WARN [09-22|13:20:04.334] GetBlockByNumer                          number=40
        WARN [09-22|13:20:04.774] GetBlockByNumer                          number=41
        WARN [09-22|13:20:05.252] GetBlockByNumer                          number=42
        INFO [09-22|13:20:09.665] handleNewViewMsg got new view message    from=127.0.0.5:43041 viewId="61c7df…66441b"
        INFO [09-22|13:20:09.696] handleNewViewMsg got new view message    from=127.0.0.7:34069 viewId="61c7df…66441b"
        INFO [09-22|13:20:09.756] handleNewViewMsg got new view message    from=127.0.0.2:36877 viewId="61c7df…66441b"
        INFO [09-22|13:20:09.777] handleNewViewMsg got new view message    from=127.0.0.4:44515 viewId="61c7df…66441b"
        INFO [09-22|13:20:09.803] handleNewViewMsg got new view message    from=127.0.0.3:33387 viewId="61c7df…66441b"
        INFO [09-22|13:20:09.857] handleNewViewMsg got new view message    from=127.0.0.6:42357 viewId="61c7df…66441b"
        WARN [09-22|13:20:10.436] GetBlockByNumer                          number=42
        WARN [09-22|13:20:10.475] GetBlockByNumer                          number=43
        WARN [09-22|13:20:10.732] GetBlockByNumer                          number=44
        WARN [09-22|13:20:11.572] GetBlockByNumer                          number=45
        WARN [09-22|13:20:21.208] GetBlockByNumer                          number=45
        WARN [09-22|13:20:21.245] GetBlockByNumer                          number=46
        WARN [09-22|13:20:21.478] GetBlockByNumer                          number=47
        WARN [09-22|13:20:27.178] GetBlockByNumer                          number=47
        WARN [09-22|13:20:27.247] GetBlockByNumer                          number=48
        WARN [09-22|13:20:27.283] GetBlockByNumer                          number=48
        WARN [09-22|13:20:27.366] GetBlockByNumer                          number=49
        INFO [09-22|13:20:31.799] handleNewViewMsg got new view message    from=127.0.0.7:34069 viewId="b1d66c…5cb43e"
        INFO [09-22|13:20:31.831] handleNewViewMsg got new view message    from=127.0.0.2:36877 viewId="b1d66c…5cb43e"
        INFO [09-22|13:20:31.860] handleNewViewMsg got new view message    from=127.0.0.6:42357 viewId="b1d66c…5cb43e"
        INFO [09-22|13:20:31.918] handleNewViewMsg got new view message    from=127.0.0.3:33387 viewId="b1d66c…5cb43e"
        INFO [09-22|13:20:31.940] handleNewViewMsg got new view message    from=127.0.0.4:44515 viewId="b1d66c…5cb43e"
        INFO [09-22|13:20:32.027] handleNewViewMsg got new view message    from=127.0.0.5:43041 viewId="b1d66c…5cb43e"
        WARN [09-22|13:20:33.022] GetBlockByNumer                          number=50
        WARN [09-22|13:20:33.335] GetBlockByNumer                          number=51
        WARN [09-22|13:20:33.616] GetBlockByNumer                          number=52
        WARN [09-22|13:20:34.713] GetBlockByNumer                          number=53
        WARN [09-22|13:20:43.417] GetBlockByNumer                          number=54
        WARN [09-22|13:20:43.668] GetBlockByNumer                          number=55
        WARN [09-22|13:20:44.306] GetBlockByNumer                          number=56
        WARN [09-22|13:20:45.271] GetBlockByNumer                          number=57
        WARN [09-22|13:20:52.778] GetBlockByNumer                          number=57
        WARN [09-22|13:20:52.812] GetBlockByNumer                          number=58
        WARN [09-22|13:20:53.132] GetBlockByNumer                          number=59
        WARN [09-22|13:20:53.390] GetBlockByNumer                          number=59
        WARN [09-22|13:20:53.443] GetBlockByNumer                          number=60
        INFO [09-22|13:20:53.674] handleNewViewMsg got new view message    from=127.0.0.2:36877 viewId="0ecf92…d392bb"
        INFO [09-22|13:20:53.702] handleNewViewMsg got new view message    from=127.0.0.5:43041 viewId="0ecf92…d392bb"
        INFO [09-22|13:20:53.726] handleNewViewMsg got new view message    from=127.0.0.7:34069 viewId="0ecf92…d392bb"
        INFO [09-22|13:20:53.744] handleNewViewMsg got new view message    from=127.0.0.6:42357 viewId="0ecf92…d392bb"
        WARN [09-22|13:20:53.751] GetBlockByNumer                          number=61
        INFO [09-22|13:20:53.761] handleNewViewMsg got new view message    from=127.0.0.3:33387 viewId="0ecf92…d392bb"
        INFO [09-22|13:20:53.851] handleNewViewMsg got new view message    from=127.0.0.4:44515 viewId="0ecf92…d392bb"
        WARN [09-22|13:21:00.891] GetBlockByNumer                          number=62
        WARN [09-22|13:21:01.284] GetBlockByNumer                          number=63
        WARN [09-22|13:21:01.865] GetBlockByNumer                          number=64
        WARN [09-22|13:21:02.886] GetBlockByNumer                          number=65
        WARN [09-22|13:21:07.803] GetBlockByNumer                          number=66
        WARN [09-22|13:21:09.065] GetBlockByNumer                          number=67
        WARN [09-22|13:21:09.264] GetBlockByNumer                          number=68
        WARN [09-22|13:21:09.692] GetBlockByNumer                          number=69
        WARN [09-22|13:21:14.092] GetBlockByNumer                          number=70
        WARN [09-22|13:21:14.490] GetBlockByNumer                          number=71
        INFO [09-22|13:21:15.555] handleNewViewMsg got new view message    from=127.0.0.7:34069 viewId="eabbf2…c9aa81"
        INFO [09-22|13:21:15.582] handleNewViewMsg got new view message    from=127.0.0.2:36877 viewId="eabbf2…c9aa81"
        INFO [09-22|13:21:15.600] handleNewViewMsg got new view message    from=127.0.0.4:44515 viewId="eabbf2…c9aa81"
        INFO [09-22|13:21:15.621] handleNewViewMsg got new view message    from=127.0.0.6:42357 viewId="eabbf2…c9aa81"
        INFO [09-22|13:21:15.643] handleNewViewMsg got new view message    from=127.0.0.5:43041 viewId="eabbf2…c9aa81"
        INFO [09-22|13:21:15.698] handleNewViewMsg got new view message    from=127.0.0.3:33387 viewId="eabbf2…c9aa81"
        WARN [09-22|13:21:15.890] GetBlockByNumer                          number=72
        WARN [09-22|13:21:16.095] GetBlockByNumer                          number=73
        WARN [09-22|13:21:18.126] GetBlockByNumer                          number=74
        WARN [09-22|13:21:18.473] GetBlockByNumer                          number=75
        WARN [09-22|13:21:19.250] GetBlockByNumer                          number=76
        WARN [09-22|13:21:19.539] GetBlockByNumer                          number=77
        WARN [09-22|13:21:21.612] GetBlockByNumer                          number=78
        INFO [09-22|13:21:21.690] handleNewViewMsg got new view message    from=127.0.0.8:36637 viewId="0ecf92…d392bb"
        WARN [09-22|13:21:21.708] reject new-view before storage           from=127.0.0.8:36637 viewID="0ecf92…d392bb" err="hotstuff view state too old"
        WARN [09-22|13:21:22.329] GetBlockByNumer                          number=79
        INFO [09-22|13:21:22.382] handleNewViewMsg got new view message    from=127.0.0.8:36637 viewId="eabbf2…c9aa81"
        WARN [09-22|13:21:22.405] reject new-view before storage           from=127.0.0.8:36637 viewID="eabbf2…c9aa81" err="hotstuff view state too old"
        WARN [09-22|13:21:22.683] GetBlockByNumer                          number=80
        WARN [09-22|13:21:23.689] GetBlockByNumer                          number=81
        WARN [09-22|13:21:24.100] GetBlockByNumer                          number=82
        WARN [09-22|13:21:24.506] GetBlockByNumer                          number=83
        INFO [09-22|13:21:30.690] HOTSTUFF PREPARE QC VERIFIED             number=61 viewID="20fce2…5c6176" from=127.0.0.6:42357 maskBytes=1
        WARN [09-22|13:21:31.280] GetBlockByNumer                          number=83
        WARN [09-22|13:21:31.328] GetBlockByNumer                          number=84
        INFO [09-22|13:21:31.513] HOTSTUFF PREPARE QC VERIFIED             number=62 viewID="5f6df1…2589c1" from=127.0.0.7:34069 maskBytes=1
        WARN [09-22|13:21:31.592] GetBlockByNumer                          number=85
        INFO [09-22|13:21:34.711] handleNewViewMsg got new view message    from=127.0.0.5:43041 viewId="2db630…6c0df8"
        INFO [09-22|13:21:34.744] handleNewViewMsg got new view message    from=127.0.0.2:36877 viewId="2db630…6c0df8"
        INFO [09-22|13:21:34.758] handleNewViewMsg got new view message    from=127.0.0.4:44515 viewId="2db630…6c0df8"
        INFO [09-22|13:21:34.772] handleNewViewMsg got new view message    from=127.0.0.6:42357 viewId="2db630…6c0df8"
        INFO [09-22|13:21:34.785] handleNewViewMsg got new view message    from=127.0.0.3:33387 viewId="2db630…6c0df8"
        INFO [09-22|13:21:35.435] handleNewViewMsg got new view message    from=127.0.0.7:34069 viewId="2db630…6c0df8"
        INFO [09-22|13:21:35.874] handleNewViewMsg got new view message    from=127.0.0.8:36637 viewId="2db630…6c0df8"
        INFO [09-22|13:21:35.923] HOTSTUFF PREPARE QC BROADCAST            number=64 viewID="2db630…6c0df8" votes=5 threshold=5
        INFO [09-22|13:21:35.962] HOTSTUFF PREPARE QC VERIFIED             number=64 viewID="2db630…6c0df8" from=127.0.0.2:36877 maskBytes=1
        INFO [09-22|13:21:36.827] HOTSTUFF PREPARE QC VERIFIED             number=65 viewID="6f9117…f0192a" from=127.0.0.3:33387 maskBytes=1
        WARN [09-22|13:21:39.539] GetBlockByNumer                          number=86
        WARN [09-22|13:21:39.586] GetBlockByNumer                          number=87
        INFO [09-22|13:21:40.396] HOTSTUFF PREPARE QC VERIFIED             number=66 viewID="b93ce2…a8ece9" from=127.0.0.4:44515 maskBytes=1
        WARN [09-22|13:21:47.842] GetBlockByNumer                          number=88
        WARN [09-22|13:21:47.974] GetBlockByNumer                          number=88
        WARN [09-22|13:21:48.021] GetBlockByNumer                          number=89
        WARN [09-22|13:21:48.210] GetBlockByNumer                          number=90
        INFO [09-22|13:21:52.437] handleNewViewMsg got new view message    from=127.0.0.2:36877 viewId="071264…db838f"
        INFO [09-22|13:21:52.461] handleNewViewMsg got new view message    from=127.0.0.6:42357 viewId="071264…db838f"
        INFO [09-22|13:21:52.477] handleNewViewMsg got new view message    from=127.0.0.8:36637 viewId="071264…db838f"
        INFO [09-22|13:21:52.497] handleNewViewMsg got new view message    from=127.0.0.3:33387 viewId="071264…db838f"
        INFO [09-22|13:21:52.514] handleNewViewMsg got new view message    from=127.0.0.7:34069 viewId="071264…db838f"
        INFO [09-22|13:21:52.609] handleNewViewMsg got new view message    from=127.0.0.4:44515 viewId="071264…db838f"
        INFO [09-22|13:21:52.630] handleNewViewMsg got new view message    from=127.0.0.5:43041 viewId="071264…db838f"
        WARN [09-22|13:21:53.671] GetBlockByNumer                          number=91
        WARN [09-22|13:21:54.029] GetBlockByNumer                          number=92
        WARN [09-22|13:21:54.309] GetBlockByNumer                          number=93
        WARN [09-22|13:22:05.181] GetBlockByNumer                          number=93
        WARN [09-22|13:22:05.194] GetBlockByNumer                          number=94
        WARN [09-22|13:22:05.207] GetBlockByNumer                          number=94
        WARN [09-22|13:22:05.267] GetBlockByNumer                          number=95
        WARN [09-22|13:22:06.138] GetBlockByNumer                          number=96
        INFO [09-22|13:22:14.212] handleNewViewMsg got new view message    from=127.0.0.7:34069 viewId="ecf84f…742c42"
        INFO [09-22|13:22:14.233] handleNewViewMsg got new view message    from=127.0.0.5:43041 viewId="ecf84f…742c42"
        INFO [09-22|13:22:14.256] handleNewViewMsg got new view message    from=127.0.0.6:42357 viewId="ecf84f…742c42"
        INFO [09-22|13:22:14.272] handleNewViewMsg got new view message    from=127.0.0.4:44515 viewId="ecf84f…742c42"
        INFO [09-22|13:22:14.290] handleNewViewMsg got new view message    from=127.0.0.2:36877 viewId="ecf84f…742c42"
        INFO [09-22|13:22:14.347] handleNewViewMsg got new view message    from=127.0.0.3:33387 viewId="ecf84f…742c42"
        INFO [09-22|13:22:14.386] handleNewViewMsg got new view message    from=127.0.0.8:36637 viewId="ecf84f…742c42"
        WARN [09-22|13:22:22.707] GetBlockByNumer                          number=97
        WARN [09-22|13:22:23.716] GetBlockByNumer                          number=98
        WARN [09-22|13:22:23.807] GetBlockByNumer                          number=99
    fhs_process_recovery_test.go:227: validator 1057213 complete log: /tmp/fhs-process-failure-2037362794.log
    fhs_process_recovery_test.go:232: validator 1057213 log tail:
        08617d6a3b6c30a74ba759a008c4ac27039f1afe7fd23f3cf8 proposalID=0x5b3958605b552f8112d5f9eaf5d1df98e96e3cf0cedd41fb421389a8a3cfae9b blockHash=0xce037614c90891b5d2764db3dcd92344dfb439a2dd8f3506836c918d3b2cee28 bodyHash=0x4b9a9e582782dc64f4f2d06c03aa4bebac780cd8fcf15fc37b67dc1ed56f5ad6 bodySize=3872  refBytes=442
        t=2026-09-22T13:21:07+0200 lvl=warn msg="Send msg try again"                    address=[::]:35107      Couldn't send to=127.0.0.1:54494 error="Operation Canceled"
        t=2026-09-22T13:21:07+0200 lvl=eror msg=CloseConnect                            =[::]:35107 having error closing conn to=127.0.0.1:54665 error="Connection Closed"
        t=2026-09-22T13:21:07+0200 lvl=warn msg=GetBlockByNumer                         number=65
        t=2026-09-22T13:21:07+0200 lvl=warn msg=GetBlockByNumer                         number=1
        t=2026-09-22T13:21:07+0200 lvl=warn msg=GetBlockByNumer                         number=1
        t=2026-09-22T13:21:08+0200 lvl=warn msg=GetBlockByNumer                         number=1
        t=2026-09-22T13:21:08+0200 lvl=warn msg=GetBlockByNumer                         number=1
        t=2026-09-22T13:21:08+0200 lvl=warn msg=GetBlockByNumer                         number=66
        t=2026-09-22T13:21:08+0200 lvl=info msg="HOTSTUFF PROPOSAL MANIFEST stored"     from=127.0.0.1:58144 number=68 proposalID=0x42bec71f35f2e6f13104966ca42c7040de29cf6e6abe4beed0f725267586bed9 manifestBytes=830  missing=0 bodyBytes=830
        t=2026-09-22T13:21:08+0200 lvl=warn msg=GetBlockByNumer                         number=1
        t=2026-09-22T13:21:08+0200 lvl=warn msg=GetBlockByNumer                         number=1
        t=2026-09-22T13:21:08+0200 lvl=warn msg=GetBlockByNumer                         number=67
        t=2026-09-22T13:21:08+0200 lvl=info msg="HOTSTUFF PROPOSAL MANIFEST stored"     from=127.0.0.1:37652 number=69 proposalID=0x096e43f1d8e11341e77ac0bed6dc9c93a4de958834d0e75ee3f9c6627d12fe8d manifestBytes=1220 missing=0 bodyBytes=3872
        t=2026-09-22T13:21:08+0200 lvl=warn msg="reject new-view before storage"        from=127.0.0.1:37652 viewID=0xe1b484259465a69addbaa42b1572f644216ea5079d1c2ce6a9c5783187c110d3 err="hotstuff proposal validation pending"
        t=2026-09-22T13:21:08+0200 lvl=warn msg="reject new-view before storage"        from=127.0.0.1:54494 viewID=0xe1b484259465a69addbaa42b1572f644216ea5079d1c2ce6a9c5783187c110d3 err="hotstuff proposal validation pending"
        t=2026-09-22T13:21:08+0200 lvl=warn msg=GetBlockByNumer                         number=1
        t=2026-09-22T13:21:08+0200 lvl=info msg="HOTSTUFF PROPOSAL REF"                 number=70 viewID=0xe1b484259465a69addbaa42b1572f644216ea5079d1c2ce6a9c5783187c110d3 proposalID=0xa3790cab13dfe1b3a8aec2059dd4715f429cc1941bb4aa531cc0c687704f1be2 blockHash=0x07b851640114463490526b737019a5f3f301c5ec8b8ffec19bd95c694855548a bodyHash=0x61540d01585c69d675b20726db6ef56f3b812e4eec00d67dc3cac320eb8f763e bodySize=830   refBytes=439
        t=2026-09-22T13:21:08+0200 lvl=warn msg=GetBlockByNumer                         number=1
        t=2026-09-22T13:21:08+0200 lvl=warn msg="reject new-view before storage"        from=127.0.0.1:44282 viewID=0xe1b484259465a69addbaa42b1572f644216ea5079d1c2ce6a9c5783187c110d3 err="hotstuff view state too old"
        t=2026-09-22T13:21:09+0200 lvl=warn msg=GetBlockByNumer                         number=1
        t=2026-09-22T13:21:09+0200 lvl=warn msg=GetBlockByNumer                         number=1
        t=2026-09-22T13:21:09+0200 lvl=warn msg=GetBlockByNumer                         number=68
        t=2026-09-22T13:21:09+0200 lvl=warn msg=GetBlockByNumer                         number=1
        t=2026-09-22T13:21:09+0200 lvl=warn msg=GetBlockByNumer                         number=1
        t=2026-09-22T13:21:09+0200 lvl=warn msg=GetBlockByNumer                         number=69
        t=2026-09-22T13:21:09+0200 lvl=warn msg=GetBlockByNumer                         number=1
        t=2026-09-22T13:21:09+0200 lvl=warn msg=GetBlockByNumer                         number=1
        t=2026-09-22T13:21:09+0200 lvl=warn msg=GetBlockByNumer                         number=69
        t=2026-09-22T13:21:09+0200 lvl=warn msg=GetBlockByNumer                         number=1
        t=2026-09-22T13:21:10+0200 lvl=warn msg=GetBlockByNumer                         number=1
        t=2026-09-22T13:21:10+0200 lvl=warn msg=GetBlockByNumer                         number=69
        t=2026-09-22T13:21:10+0200 lvl=warn msg=GetBlockByNumer                         number=1
        t=2026-09-22T13:21:10+0200 lvl=warn msg=GetBlockByNumer                         number=1
        t=2026-09-22T13:21:10+0200 lvl=warn msg=GetBlockByNumer                         number=69
        t=2026-09-22T13:21:10+0200 lvl=warn msg=GetBlockByNumer                         number=1
        t=2026-09-22T13:21:10+0200 lvl=warn msg=GetBlockByNumer                         number=1
        t=2026-09-22T13:21:10+0200 lvl=warn msg=GetBlockByNumer                         number=69
        t=2026-09-22T13:21:10+0200 lvl=warn msg=GetBlockByNumer                         number=1
        t=2026-09-22T13:21:10+0200 lvl=warn msg=GetBlockByNumer                         number=1
        t=2026-09-22T13:21:10+0200 lvl=warn msg=GetBlockByNumer                         number=69
        t=2026-09-22T13:21:11+0200 lvl=warn msg=GetBlockByNumer                         number=1
        t=2026-09-22T13:21:11+0200 lvl=warn msg=GetBlockByNumer                         number=1
        t=2026-09-22T13:21:11+0200 lvl=warn msg=GetBlockByNumer                         number=69
        t=2026-09-22T13:21:11+0200 lvl=warn msg=GetBlockByNumer                         number=1
        t=2026-09-22T13:21:11+0200 lvl=warn msg=GetBlockByNumer                         number=1
        t=2026-09-22T13:21:11+0200 lvl=warn msg=GetBlockByNumer                         number=69
        t=2026-09-22T13:21:11+0200 lvl=warn msg=GetBlockByNumer                         number=1
        t=2026-09-22T13:21:11+0200 lvl=warn msg=GetBlockByNumer                         number=1
        t=2026-09-22T13:21:11+0200 lvl=warn msg=GetBlockByNumer                         number=69
        t=2026-09-22T13:21:12+0200 lvl=warn msg=GetBlockByNumer                         number=1
        t=2026-09-22T13:21:12+0200 lvl=warn msg=GetBlockByNumer                         number=1
        t=2026-09-22T13:21:12+0200 lvl=warn msg=GetBlockByNumer                         number=69
        t=2026-09-22T13:21:12+0200 lvl=warn msg=GetBlockByNumer                         number=1
        t=2026-09-22T13:21:12+0200 lvl=warn msg=GetBlockByNumer                         number=1
        t=2026-09-22T13:21:12+0200 lvl=warn msg=GetBlockByNumer                         number=69
        t=2026-09-22T13:21:12+0200 lvl=warn msg=GetBlockByNumer                         number=1
        t=2026-09-22T13:21:12+0200 lvl=warn msg=GetBlockByNumer                         number=1
        t=2026-09-22T13:21:12+0200 lvl=warn msg=GetBlockByNumer                         number=69
        t=2026-09-22T13:21:13+0200 lvl=warn msg=GetBlockByNumer                         number=1
        t=2026-09-22T13:21:13+0200 lvl=warn msg=GetBlockByNumer                         number=1
        t=2026-09-22T13:21:13+0200 lvl=warn msg=GetBlockByNumer                         number=69
        t=2026-09-22T13:21:13+0200 lvl=warn msg=GetBlockByNumer                         number=1
        t=2026-09-22T13:21:13+0200 lvl=warn msg=GetBlockByNumer                         number=1
        t=2026-09-22T13:21:13+0200 lvl=info msg="HOTSTUFF PROPOSAL MANIFEST stored"     from=127.0.0.1:37652 number=71 proposalID=0x20d68b31a32a301280a4b25d853c7d5df82ef4a877bdde8377f7d49aeef80829 manifestBytes=1220 missing=0 bodyBytes=3350
        t=2026-09-22T13:21:13+0200 lvl=warn msg=GetBlockByNumer                         number=69
        t=2026-09-22T13:21:13+0200 lvl=warn msg="reject new-view before storage"        from=127.0.0.1:52819 viewID=0x4c7017f0daa748419363e263dfd6291102cb30f494f6b720b82a9a5e463f882b err="hotstuff proposal validation pending"
        t=2026-09-22T13:21:13+0200 lvl=info msg="HOTSTUFF PROPOSAL REF"                 number=72 viewID=0x4c7017f0daa748419363e263dfd6291102cb30f494f6b720b82a9a5e463f882b proposalID=0x7188244740dd935085ec62ea226ea6b2d509c78c1ddf124027827c3f798f07d4 blockHash=0x8b06af5c9547f4dec3d42e3289e49762c60054a124feefd73dd05a2817e8006f bodyHash=0x2b2fe63395356299e5a1701990f1fa98acadee3e30ebaac3ae0d71a04a092f26 bodySize=830   refBytes=439
        t=2026-09-22T13:21:13+0200 lvl=warn msg=GetBlockByNumer                         number=1
        t=2026-09-22T13:21:13+0200 lvl=warn msg=GetBlockByNumer                         number=1
        t=2026-09-22T13:21:13+0200 lvl=warn msg=GetBlockByNumer                         number=1
        t=2026-09-22T13:21:13+0200 lvl=warn msg=GetBlockByNumer                         number=1
        t=2026-09-22T13:21:14+0200 lvl=warn msg=GetBlockByNumer                         number=1
        t=2026-09-22T13:21:14+0200 lvl=warn msg=GetBlockByNumer                         number=1
        t=2026-09-22T13:21:14+0200 lvl=warn msg=GetBlockByNumer                         number=1
        t=2026-09-22T13:21:14+0200 lvl=warn msg=GetBlockByNumer                         number=1
        t=2026-09-22T13:21:14+0200 lvl=warn msg=GetBlockByNumer                         number=70
        t=2026-09-22T13:21:14+0200 lvl=warn msg=GetBlockByNumer                         number=1
        t=2026-09-22T13:21:14+0200 lvl=warn msg=GetBlockByNumer                         number=1
        t=2026-09-22T13:21:14+0200 lvl=warn msg=GetBlockByNumer                         number=71
        t=2026-09-22T13:21:14+0200 lvl=warn msg=GetBlockByNumer                         number=1
        t=2026-09-22T13:21:14+0200 lvl=warn msg=GetBlockByNumer                         number=1
        t=2026-09-22T13:21:14+0200 lvl=warn msg=GetBlockByNumer                         number=71
        t=2026-09-22T13:21:15+0200 lvl=warn msg=GetBlockByNumer                         number=1
        t=2026-09-22T13:21:15+0200 lvl=warn msg=GetBlockByNumer                         number=1
        t=2026-09-22T13:21:15+0200 lvl=warn msg=GetBlockByNumer                         number=71
        t=2026-09-22T13:21:15+0200 lvl=info msg="HOTSTUFF PROPOSAL MANIFEST stored"     from=127.0.0.1:52819 number=73 proposalID=0x6e11098accc13880a6d62b1db82b99b48cdb9d2d21a51d3ba868da32930dcd37 manifestBytes=1220 missing=0 bodyBytes=3350
        t=2026-09-22T13:21:15+0200 lvl=warn msg="HandleConn drops connection: closed"   address=127.0.0.1:35107 remot=127.0.0.1:52819
        t=2026-09-22T13:21:15+0200 lvl=warn msg=GetBlockByNumer                         number=1
        t=2026-09-22T13:21:15+0200 lvl=warn msg=GetBlockByNumer                         number=1
        t=2026-09-22T13:21:15+0200 lvl=warn msg=GetBlockByNumer                         number=71
        t=2026-09-22T13:21:15+0200 lvl=warn msg=GetBlockByNumer                         number=1
        t=2026-09-22T13:21:15+0200 lvl=warn msg=GetBlockByNumer                         number=1
        t=2026-09-22T13:21:15+0200 lvl=warn msg=GetBlockByNumer                         number=72
        t=2026-09-22T13:21:15+0200 lvl=info msg="HOTSTUFF PROPOSAL MANIFEST stored"     from=127.0.0.1:37652 number=74 proposalID=0x736176ef3a56f75cc95c41c02d0a9c5bc6a66f4c408c96404ff00d73165863ff manifestBytes=830  missing=0 bodyBytes=830
        t=2026-09-22T13:21:15+0200 lvl=warn msg="HandleConn drops connection: closed"   address=127.0.0.1:35107 remot=127.0.0.1:37652
        t=2026-09-22T13:21:16+0200 lvl=warn msg=GetBlockByNumer                         number=1
        t=2026-09-22T13:21:16+0200 lvl=warn msg=GetBlockByNumer                         number=1
        t=2026-09-22T13:21:16+0200 lvl=warn msg=GetBlockByNumer                         number=73
        t=2026-09-22T13:21:16+0200 lvl=warn msg=GetBlockByNumer                         number=1
        t=2026-09-22T13:21:16+0200 lvl=warn msg=GetBlockByNumer                         number=73
        t=2026-09-22T13:21:16+0200 lvl=warn msg=GetBlockByNumer                         number=1
        t=2026-09-22T13:21:16+0200 lvl=warn msg=GetBlockByNumer                         number=73
        t=2026-09-22T13:21:17+0200 lvl=info msg="HOTSTUFF PROPOSAL REF"                 number=75 viewID=0x1f047539af1ead9628575571ebc9f742226d93562ce0736f20f991239d5efff1 proposalID=0x97540bf87f9b4b539b7ebf04138356a14d7ea57659ac8688f0173fab2b8b0030 blockHash=0x2d98f4c46dbf5760bb9b20849cd0b47b5833f9c3004c3269ce98cf10e8c104a6 bodyHash=0xe2760a17f9f491b0575809992879346f7458099cdf17c0e29c76b64e0f67e2b6 bodySize=1653  refBytes=442
        t=2026-09-22T13:21:17+0200 lvl=warn msg="Send msg try again"                    address=[::]:35107      Couldn't send to=127.0.0.1:44282 error="Operation Canceled"
        t=2026-09-22T13:21:17+0200 lvl=eror msg=CloseConnect                            =[::]:35107 having error closing conn to=127.0.0.1:51472 error="Connection Closed"
        t=2026-09-22T13:21:17+0200 lvl=info msg="HOTSTUFF PROPOSAL MANIFEST stored"     from=127.0.0.1:54494 number=76 proposalID=0x9b80ffa6ba6a59a2029099ffda0ab3c57281ce720a3c898bec71e0a9834c7f2b manifestBytes=830  missing=0 bodyBytes=830
        t=2026-09-22T13:21:19+0200 lvl=info msg="HOTSTUFF PROPOSAL MANIFEST stored"     from=127.0.0.1:52819 number=77 proposalID=0x03df02eed6af688467b57d3d3db3c751b72c6bd210fb5df3ffcc7f2f112a764a manifestBytes=1220 missing=0 bodyBytes=3349
        t=2026-09-22T13:21:19+0200 lvl=warn msg="HandleConn drops connection: closed"   address=127.0.0.1:35107 remot=127.0.0.1:52819
        t=2026-09-22T13:21:19+0200 lvl=info msg="HOTSTUFF PROPOSAL MANIFEST stored"     from=127.0.0.1:45749 number=78 proposalID=0xdf3da56bacddf2621c4b799bd07e509c5b5185ee50b73460e45a47188b515f90 manifestBytes=830  missing=0 bodyBytes=830
        t=2026-09-22T13:21:20+0200 lvl=info msg="HOTSTUFF PROPOSAL MANIFEST stored"     from=127.0.0.1:54494 number=79 proposalID=0xfaed1d959b7f15d77e9df45a8629413039041370bc8c96dddbd4c26081323dee manifestBytes=1219 missing=0 bodyBytes=1653
        t=2026-09-22T13:21:21+0200 lvl=info msg="HOTSTUFF PROPOSAL MANIFEST stored"     from=127.0.0.1:58144 number=80 proposalID=0xd2a08d5229d4dbfecdf76723e1e1102682499a2dd35bd2a7461abcd1de33755f manifestBytes=830  missing=0 bodyBytes=830
        t=2026-09-22T13:21:22+0200 lvl=warn msg=GetBlockByNumer                         number=1
        t=2026-09-22T13:21:22+0200 lvl=warn msg=GetBlockByNumer                         number=1
        t=2026-09-22T13:21:22+0200 lvl=warn msg=GetBlockByNumer                         number=79
        t=2026-09-22T13:21:22+0200 lvl=warn msg=GetBlockByNumer                         number=1
        t=2026-09-22T13:21:22+0200 lvl=warn msg=GetBlockByNumer                         number=1
        t=2026-09-22T13:21:22+0200 lvl=warn msg=GetBlockByNumer                         number=79
        t=2026-09-22T13:21:22+0200 lvl=info msg="HOTSTUFF PROPOSAL MANIFEST stored"     from=127.0.0.1:54494 number=81 proposalID=0x768363fc032ea095cc0541e22729c022f0f087427af124228a28feb4c8ad1a31 manifestBytes=1219 missing=0 bodyBytes=1314
        t=2026-09-22T13:21:22+0200 lvl=info msg="HOTSTUFF PROPOSAL REF"                 number=82 viewID=0xf956054a6fe715ada9a1158e42f4a32e7681cc17d60e5732079674c8c18b533b proposalID=0x8f45f7b8fb3fbc1bd5e8e06f55cbd5fb2aa2649a1586c76b29871d3eacf96c53 blockHash=0x9bfe4518eb58369fb60b76a8451dec3683f8fb8566d84169469166c5b2ee342c bodyHash=0x9bdaf5486b0b6c1f751801fe75e57a0370eb02746e2b354ea9cbec2c07318921 bodySize=830   refBytes=439
        t=2026-09-22T13:21:22+0200 lvl=warn msg="Send msg try again"                    address=[::]:35107      Couldn't send to=127.0.0.1:44282 error="Operation Canceled"
        t=2026-09-22T13:21:22+0200 lvl=eror msg=CloseConnect                            =[::]:35107 having error closing conn to=127.0.0.1:44282 error="Connection Closed"
        t=2026-09-22T13:21:22+0200 lvl=warn msg=GetBlockByNumer                         number=1
        t=2026-09-22T13:21:23+0200 lvl=warn msg=GetBlockByNumer                         number=1
        t=2026-09-22T13:21:23+0200 lvl=info msg="HOTSTUFF PROPOSAL MANIFEST stored"     from=127.0.0.1:58144 number=83 proposalID=0xf309e9c3f2b01188332d391b6bceaf02957303dcb55deac17dc51f5d6549cd83 manifestBytes=1219 missing=0 bodyBytes=1314
        t=2026-09-22T13:21:23+0200 lvl=info msg="HOTSTUFF PROPOSAL REF"                 number=84 viewID=0x21a4e97e906cd341a7173032fad36b2849d823cc50bb472f30000ef80e301a16 proposalID=0x7a7107b4ac4dfef73d4ca829f1cef295b744cfcfa7653d88c170a61ab1680f47 blockHash=0xe673947165072ea76bf50c87046a81603772eebfb50f7853e724fd8924d6145c bodyHash=0x75f5421bd82c83fb0cdb68cfcd6df5e401289e3992f9e3a50e49fdd3f7ff07d5 bodySize=830   refBytes=439
        t=2026-09-22T13:21:23+0200 lvl=warn msg="Send msg try again"                    address=[::]:35107      Couldn't send to=127.0.0.1:45749 error="Operation Canceled"
        t=2026-09-22T13:21:23+0200 lvl=eror msg=CloseConnect                            =[::]:35107 having error closing conn to=127.0.0.1:40250 error="Connection Closed"
        t=2026-09-22T13:21:23+0200 lvl=warn msg=GetBlockByNumer                         number=1
        t=2026-09-22T13:21:23+0200 lvl=warn msg=GetBlockByNumer                         number=1
        t=2026-09-22T13:21:24+0200 lvl=warn msg=GetBlockByNumer                         number=1
        t=2026-09-22T13:21:28+0200 lvl=warn msg="HOTSTUFF RECOVERY resend NewView"      number=85 viewID=0x9be3169db364506bd258db980a9eed7b438a69375a43e71caaa2b0069718da7a to=127.0.0.1:58144
        t=2026-09-22T13:21:30+0200 lvl=info msg="HOTSTUFF PROPOSAL MANIFEST stored"     from=127.0.0.1:58144 number=85 proposalID=0x9e5facf0f32e72ef7191fbaf5546fc389039435eece94f0471e46500878489f4 manifestBytes=1219 missing=0 bodyBytes=1653
        t=2026-09-22T13:21:31+0200 lvl=info msg="HOTSTUFF PROPOSAL MANIFEST stored"     from=127.0.0.1:52819 number=86 proposalID=0x87f7222fd980155dec09d95b9d2cb27c046ab213c36eb473f086ea91ac3ad457 manifestBytes=830  missing=0 bodyBytes=830
        t=2026-09-22T13:21:31+0200 lvl=warn msg="HandleConn drops connection: closed"   address=127.0.0.1:35107 remot=127.0.0.1:52819
        t=2026-09-22T13:21:36+0200 lvl=warn msg="HOTSTUFF RECOVERY resend NewView"      number=87 viewID=0x77dd5abf50651be69b2abac7f6eca36b3f96614477c4b9d1c432203f551475fb to=127.0.0.1:54494
        t=2026-09-22T13:21:38+0200 lvl=info msg="HOTSTUFF PROPOSAL MANIFEST stored"     from=127.0.0.1:54494 number=87 proposalID=0xd26248b830c77264cf3b0173d175a6b588ec8f7200ab2b05f89c844bde04f2e7 manifestBytes=1219 missing=0 bodyBytes=1653
        t=2026-09-22T13:21:38+0200 lvl=info msg="HOTSTUFF PROPOSAL MANIFEST stored"     from=127.0.0.1:54494 number=88 proposalID=0xf0dc4670c9207a6e6b5c3278b604b1588bb2f05561c207b2167acc68f6c25406 manifestBytes=830  missing=0 bodyBytes=830
        t=2026-09-22T13:21:38+0200 lvl=warn msg="HandleConn drops connection: closed"   address=127.0.0.1:35107 remot=127.0.0.1:54494
        t=2026-09-22T13:21:43+0200 lvl=warn msg="HOTSTUFF RECOVERY resend NewView"      number=89 viewID=0xfd8688b210e1d2e90ba2ec1166521fe3725c2507245371bd7f3647013f5e333c to=127.0.0.1:37652
        t=2026-09-22T13:21:47+0200 lvl=info msg="HOTSTUFF PROPOSAL MANIFEST stored"     from=127.0.0.1:37652 number=89 proposalID=0xeb5a3a1e20ce263099670e81e234b5963d1374f40eda01b452bb72254c3163e4 manifestBytes=1219 missing=0 bodyBytes=1653
        t=2026-09-22T13:21:47+0200 lvl=info msg="HOTSTUFF PROPOSAL MANIFEST stored"     from=127.0.0.1:37652 number=90 proposalID=0xb89880af16c734bdf6c32612122eda01a482595dd3694b70b6a8c6dbbcffbd1b manifestBytes=1219 missing=0 bodyBytes=1653
        t=2026-09-22T13:21:47+0200 lvl=info msg="HOTSTUFF PROPOSAL REF"                 number=91 viewID=0xf5aa9bb1989f56039ab5614be1d83495cba86f6c43baa66f510bbcb020cf1a7c proposalID=0x115a07ca3c8a252406e5c2345e083a52b116e2f7525d65c32a27cd992676e99e blockHash=0xd7d02109cc9b71fe77ad14328408afed9053887a8a59c45cd1886a561661311f bodyHash=0x50cfc87724034f48a4f3644df4f3eed1ab6118037147525d9d0778331ec250c8 bodySize=830   refBytes=439
        t=2026-09-22T13:21:47+0200 lvl=warn msg="Send msg try again"                    address=[::]:35107      Couldn't send to=127.0.0.1:44282 error="Operation Canceled"
        t=2026-09-22T13:21:47+0200 lvl=eror msg=CloseConnect                            =[::]:35107 having error closing conn to=127.0.0.1:44282 error="Connection Closed"
        t=2026-09-22T13:21:48+0200 lvl=warn msg="reject new-view before storage"        from=127.0.0.1:45749 viewID=0xf5aa9bb1989f56039ab5614be1d83495cba86f6c43baa66f510bbcb020cf1a7c err="hotstuff view state too old"
        t=2026-09-22T13:21:52+0200 lvl=info msg="HOTSTUFF PROPOSAL MANIFEST stored"     from=127.0.0.1:54494 number=92 proposalID=0x889b51add22b10a68647da3b7e426513552355f7830b939bcb3f39e2892719e4 manifestBytes=1219 missing=0 bodyBytes=1653
        t=2026-09-22T13:21:53+0200 lvl=info msg="HOTSTUFF PROPOSAL MANIFEST stored"     from=127.0.0.1:45749 number=93 proposalID=0x6ce9b4eac5af5bc1deb00448e48b8dccef4a67064507373349371186bd43025f manifestBytes=1219 missing=0 bodyBytes=1653
        t=2026-09-22T13:21:53+0200 lvl=info msg="HOTSTUFF PROPOSAL MANIFEST stored"     from=127.0.0.1:37652 number=94 proposalID=0xc1f4b472e1e28e3d7db0486132354008ab2b919307be73fa7d2e5e2a87517671 manifestBytes=830  missing=0 bodyBytes=830
        t=2026-09-22T13:21:53+0200 lvl=warn msg="HandleConn drops connection: closed"   address=127.0.0.1:35107 remot=127.0.0.1:37652
        t=2026-09-22T13:21:58+0200 lvl=warn msg="HOTSTUFF RECOVERY resend NewView"      number=95 viewID=0x27729630f12c838ff971d7dbb279c1c55be4adfccf3619114e907da962afb7fe to=127.0.0.1:58144
        t=2026-09-22T13:22:03+0200 lvl=warn msg="HOTSTUFF RECOVERY resend NewView"      number=95 viewID=0x27729630f12c838ff971d7dbb279c1c55be4adfccf3619114e907da962afb7fe to=127.0.0.1:58144
        t=2026-09-22T13:22:04+0200 lvl=info msg="HOTSTUFF PROPOSAL MANIFEST stored"     from=127.0.0.1:58144 number=95 proposalID=0x63ae18cfce56b110ff14a48dd31122fcea623ae7034d25d5ef04eab1bc0199c8 manifestBytes=1220 missing=1 bodyBytes=3872
        t=2026-09-22T13:22:04+0200 lvl=eror msg="OnPropose wait proposal body"          number=95 proposalID=0x63ae18cfce56b110ff14a48dd31122fcea623ae7034d25d5ef04eab1bc0199c8 err="hotstuff view state too old"
        t=2026-09-22T13:22:04+0200 lvl=info msg="HOTSTUFF PROPOSAL MANIFEST stored"     from=127.0.0.1:45749 number=96 proposalID=0x7008f2657be04629c269ed91f213be2b3a3092ab77f10c323eeee76cf9ed47f5 manifestBytes=1220 missing=0 bodyBytes=3872
        t=2026-09-22T13:22:05+0200 lvl=info msg="HOTSTUFF PROPOSAL MANIFEST stored"     from=127.0.0.1:54494 number=97 proposalID=0x0ed8185fd2cd662b17341f8c5c835bfa53f884489889c29faeaa2b108eb2d84e manifestBytes=830  missing=0 bodyBytes=830
        t=2026-09-22T13:22:10+0200 lvl=warn msg="HOTSTUFF RECOVERY resend NewView"      number=98 viewID=0x07a2661e718d79ecf1ea9e2eff06ab8764e04455d1f34e22c0e12281fb300160 to=127.0.0.1:45749
        t=2026-09-22T13:22:15+0200 lvl=warn msg="HOTSTUFF RECOVERY resend NewView"      number=98 viewID=0x07a2661e718d79ecf1ea9e2eff06ab8764e04455d1f34e22c0e12281fb300160 to=127.0.0.1:45749
        t=2026-09-22T13:22:20+0200 lvl=warn msg="HOTSTUFF RECOVERY resend NewView"      number=98 viewID=0x07a2661e718d79ecf1ea9e2eff06ab8764e04455d1f34e22c0e12281fb300160 to=127.0.0.1:45749
        t=2026-09-22T13:22:21+0200 lvl=info msg="HOTSTUFF PROPOSAL MANIFEST stored"     from=127.0.0.1:45749 number=98 proposalID=0xa253fc867887bed26f416c3b2c40af2114b3e6ff1b857443d55a9baa22361de7 manifestBytes=1220 missing=0 bodyBytes=62704
        t=2026-09-22T13:22:21+0200 lvl=warn msg="HandleConn drops connection: closed"   address=127.0.0.1:35107 remot=127.0.0.1:45749
        t=2026-09-22T13:22:21+0200 lvl=info msg="HOTSTUFF PROPOSAL MANIFEST stored"     from=127.0.0.1:45749 number=98 proposalID=0xa253fc867887bed26f416c3b2c40af2114b3e6ff1b857443d55a9baa22361de7 manifestBytes=1220 missing=0 bodyBytes=62704
        t=2026-09-22T13:22:22+0200 lvl=info msg="HOTSTUFF PROPOSAL MANIFEST stored"     from=127.0.0.1:44282 number=99 proposalID=0xe4cb670b51f7defbf9dab3b44f85764dfdc86d9327ecc93408bf299e1fb9809b manifestBytes=1220 missing=0 bodyBytes=62704
        t=2026-09-22T13:22:22+0200 lvl=info msg="HOTSTUFF PROPOSAL MANIFEST stored"     from=127.0.0.1:37652 number=100 proposalID=0x831313b5bdd000066823a87f3f35fe53761e74927bebe90b77573cb288dbca9d manifestBytes=830  missing=0 bodyBytes=830
        t=2026-09-22T13:22:22+0200 lvl=warn msg="HandleConn drops connection: closed"   address=127.0.0.1:35107 remot=127.0.0.1:37652
        t=2026-09-22T13:22:22+0200 lvl=warn msg="does not accept incoming connection because it's closed" address=[::]:35107      from=127.0.0.1:50782
        t=2026-09-22T13:22:22+0200 lvl=warn msg="HandleConn drops connection: closed"   address=127.0.0.1:35107 remot=127.0.0.1:37652
        t=2026-09-22T13:22:22+0200 lvl=info msg="HOTSTUFF PROPOSAL MANIFEST stored"     from=127.0.0.1:37652 number=100 proposalID=0x831313b5bdd000066823a87f3f35fe53761e74927bebe90b77573cb288dbca9d manifestBytes=830  missing=0 bodyBytes=830
    fhs_process_recovery_test.go:227: validator 1057207 complete log: /tmp/fhs-process-failure-2986158025.log
    fhs_process_recovery_test.go:232: validator 1057207 log tail:
                        number=65
        t=2026-09-22T13:21:05+0200 lvl=warn msg=GetBlockByNumer                         number=1
        t=2026-09-22T13:21:05+0200 lvl=warn msg=GetBlockByNumer                         number=1
        t=2026-09-22T13:21:05+0200 lvl=warn msg=GetBlockByNumer                         number=65
        t=2026-09-22T13:21:05+0200 lvl=warn msg=GetBlockByNumer                         number=1
        t=2026-09-22T13:21:05+0200 lvl=warn msg=GetBlockByNumer                         number=1
        t=2026-09-22T13:21:05+0200 lvl=warn msg=GetBlockByNumer                         number=65
        t=2026-09-22T13:21:06+0200 lvl=warn msg=GetBlockByNumer                         number=1
        t=2026-09-22T13:21:06+0200 lvl=warn msg=GetBlockByNumer                         number=1
        t=2026-09-22T13:21:06+0200 lvl=warn msg=GetBlockByNumer                         number=65
        t=2026-09-22T13:21:06+0200 lvl=warn msg=GetBlockByNumer                         number=1
        t=2026-09-22T13:21:06+0200 lvl=warn msg=GetBlockByNumer                         number=1
        t=2026-09-22T13:21:06+0200 lvl=warn msg=GetBlockByNumer                         number=65
        t=2026-09-22T13:21:06+0200 lvl=warn msg=GetBlockByNumer                         number=1
        t=2026-09-22T13:21:06+0200 lvl=warn msg=GetBlockByNumer                         number=1
        t=2026-09-22T13:21:06+0200 lvl=warn msg=GetBlockByNumer                         number=65
        t=2026-09-22T13:21:06+0200 lvl=warn msg=GetBlockByNumer                         number=1
        t=2026-09-22T13:21:06+0200 lvl=warn msg=GetBlockByNumer                         number=1
        t=2026-09-22T13:21:06+0200 lvl=warn msg=GetBlockByNumer                         number=65
        t=2026-09-22T13:21:07+0200 lvl=warn msg="HOTSTUFF RECOVERY resend NewView"      number=67 viewID=0x50c5eb82dec1cb08617d6a3b6c30a74ba759a008c4ac27039f1afe7fd23f3cf8 to=127.0.0.1:35107
        t=2026-09-22T13:21:07+0200 lvl=warn msg=GetBlockByNumer                         number=1
        t=2026-09-22T13:21:07+0200 lvl=warn msg=GetBlockByNumer                         number=1
        t=2026-09-22T13:21:07+0200 lvl=warn msg=GetBlockByNumer                         number=65
        t=2026-09-22T13:21:07+0200 lvl=warn msg=GetBlockByNumer                         number=1
        t=2026-09-22T13:21:07+0200 lvl=warn msg=GetBlockByNumer                         number=1
        t=2026-09-22T13:21:07+0200 lvl=warn msg=GetBlockByNumer                         number=65
        t=2026-09-22T13:21:07+0200 lvl=info msg="HOTSTUFF PROPOSAL MANIFEST stored"     from=127.0.0.1:35107 number=67 proposalID=0x5b3958605b552f8112d5f9eaf5d1df98e96e3cf0cedd41fb421389a8a3cfae9b manifestBytes=1220 missing=0 bodyBytes=3872
        t=2026-09-22T13:21:07+0200 lvl=warn msg=GetBlockByNumer                         number=1
        t=2026-09-22T13:21:07+0200 lvl=warn msg=GetBlockByNumer                         number=1
        t=2026-09-22T13:21:08+0200 lvl=warn msg=GetBlockByNumer                         number=1
        t=2026-09-22T13:21:08+0200 lvl=warn msg=GetBlockByNumer                         number=1
        t=2026-09-22T13:21:08+0200 lvl=warn msg=GetBlockByNumer                         number=66
        t=2026-09-22T13:21:08+0200 lvl=info msg="HOTSTUFF PROPOSAL MANIFEST stored"     from=127.0.0.1:58144 number=68 proposalID=0x42bec71f35f2e6f13104966ca42c7040de29cf6e6abe4beed0f725267586bed9 manifestBytes=830  missing=0 bodyBytes=830
        t=2026-09-22T13:21:08+0200 lvl=warn msg=GetBlockByNumer                         number=1
        t=2026-09-22T13:21:08+0200 lvl=warn msg=GetBlockByNumer                         number=1
        t=2026-09-22T13:21:08+0200 lvl=warn msg=GetBlockByNumer                         number=67
        t=2026-09-22T13:21:08+0200 lvl=info msg="HOTSTUFF PROPOSAL MANIFEST stored"     from=127.0.0.1:37652 number=69 proposalID=0x096e43f1d8e11341e77ac0bed6dc9c93a4de958834d0e75ee3f9c6627d12fe8d manifestBytes=1220 missing=1 bodyBytes=3872
        t=2026-09-22T13:21:08+0200 lvl=eror msg="OnPropose wait proposal body"          number=69 proposalID=0x096e43f1d8e11341e77ac0bed6dc9c93a4de958834d0e75ee3f9c6627d12fe8d err="hotstuff view state too old"
        t=2026-09-22T13:21:08+0200 lvl=warn msg=GetBlockByNumer                         number=1
        t=2026-09-22T13:21:08+0200 lvl=warn msg="HOTSTUFF PROPOSAL MANIFEST authority rejected" from=127.0.0.1:35107 leader=127.0.0.1:35107 number=70 proposalID=0xa3790cab13dfe1b3a8aec2059dd4715f429cc1941bb4aa531cc0c687704f1be2 err="proposal manifest does not match the current deterministic leader route: manifest key committee is already canonical but is not the current route"
        t=2026-09-22T13:21:08+0200 lvl=warn msg=GetBlockByNumer                         number=1
        t=2026-09-22T13:21:08+0200 lvl=eror msg="OnPropose wait proposal body"          number=70 proposalID=0xa3790cab13dfe1b3a8aec2059dd4715f429cc1941bb4aa531cc0c687704f1be2 err="hotstuff view state too old"
        t=2026-09-22T13:21:08+0200 lvl=warn msg=GetBlockByNumer                         number=1
        t=2026-09-22T13:21:09+0200 lvl=warn msg=GetBlockByNumer                         number=1
        t=2026-09-22T13:21:09+0200 lvl=warn msg=GetBlockByNumer                         number=68
        t=2026-09-22T13:21:09+0200 lvl=info msg="HOTSTUFF PROPOSAL REPAIR REQUEST"      to=127.0.0.1:35107 number=70 proposalID=0xa3790cab13dfe1b3a8aec2059dd4715f429cc1941bb4aa531cc0c687704f1be2 missing=0 attempt=0
        t=2026-09-22T13:21:09+0200 lvl=info msg="HOTSTUFF PROPOSAL MANIFEST stored"     from=127.0.0.1:35107 number=70 proposalID=0xa3790cab13dfe1b3a8aec2059dd4715f429cc1941bb4aa531cc0c687704f1be2 manifestBytes=830  missing=0 bodyBytes=830
        t=2026-09-22T13:21:09+0200 lvl=warn msg=GetBlockByNumer                         number=1
        t=2026-09-22T13:21:09+0200 lvl=warn msg=GetBlockByNumer                         number=1
        t=2026-09-22T13:21:09+0200 lvl=warn msg=GetBlockByNumer                         number=69
        t=2026-09-22T13:21:09+0200 lvl=warn msg=GetBlockByNumer                         number=1
        t=2026-09-22T13:21:09+0200 lvl=warn msg=GetBlockByNumer                         number=1
        t=2026-09-22T13:21:09+0200 lvl=warn msg=GetBlockByNumer                         number=69
        t=2026-09-22T13:21:09+0200 lvl=warn msg=GetBlockByNumer                         number=1
        t=2026-09-22T13:21:10+0200 lvl=warn msg=GetBlockByNumer                         number=1
        t=2026-09-22T13:21:10+0200 lvl=warn msg=GetBlockByNumer                         number=69
        t=2026-09-22T13:21:10+0200 lvl=warn msg=GetBlockByNumer                         number=1
        t=2026-09-22T13:21:10+0200 lvl=warn msg=GetBlockByNumer                         number=1
        t=2026-09-22T13:21:10+0200 lvl=warn msg=GetBlockByNumer                         number=69
        t=2026-09-22T13:21:10+0200 lvl=warn msg=GetBlockByNumer                         number=1
        t=2026-09-22T13:21:10+0200 lvl=warn msg=GetBlockByNumer                         number=1
        t=2026-09-22T13:21:10+0200 lvl=warn msg=GetBlockByNumer                         number=69
        t=2026-09-22T13:21:10+0200 lvl=warn msg=GetBlockByNumer                         number=1
        t=2026-09-22T13:21:10+0200 lvl=warn msg=GetBlockByNumer                         number=1
        t=2026-09-22T13:21:10+0200 lvl=warn msg=GetBlockByNumer                         number=69
        t=2026-09-22T13:21:11+0200 lvl=warn msg=GetBlockByNumer                         number=1
        t=2026-09-22T13:21:11+0200 lvl=warn msg=GetBlockByNumer                         number=1
        t=2026-09-22T13:21:11+0200 lvl=warn msg=GetBlockByNumer                         number=69
        t=2026-09-22T13:21:11+0200 lvl=warn msg=GetBlockByNumer                         number=1
        t=2026-09-22T13:21:11+0200 lvl=warn msg=GetBlockByNumer                         number=1
        t=2026-09-22T13:21:11+0200 lvl=warn msg=GetBlockByNumer                         number=69
        t=2026-09-22T13:21:11+0200 lvl=warn msg=GetBlockByNumer                         number=1
        t=2026-09-22T13:21:11+0200 lvl=warn msg=GetBlockByNumer                         number=1
        t=2026-09-22T13:21:11+0200 lvl=warn msg=GetBlockByNumer                         number=69
        t=2026-09-22T13:21:12+0200 lvl=warn msg=GetBlockByNumer                         number=1
        t=2026-09-22T13:21:12+0200 lvl=warn msg=GetBlockByNumer                         number=1
        t=2026-09-22T13:21:12+0200 lvl=warn msg=GetBlockByNumer                         number=69
        t=2026-09-22T13:21:12+0200 lvl=warn msg=GetBlockByNumer                         number=1
        t=2026-09-22T13:21:12+0200 lvl=warn msg=GetBlockByNumer                         number=1
        t=2026-09-22T13:21:12+0200 lvl=warn msg=GetBlockByNumer                         number=69
        t=2026-09-22T13:21:12+0200 lvl=warn msg=GetBlockByNumer                         number=1
        t=2026-09-22T13:21:12+0200 lvl=warn msg=GetBlockByNumer                         number=1
        t=2026-09-22T13:21:12+0200 lvl=warn msg=GetBlockByNumer                         number=69
        t=2026-09-22T13:21:13+0200 lvl=warn msg=GetBlockByNumer                         number=1
        t=2026-09-22T13:21:13+0200 lvl=warn msg=GetBlockByNumer                         number=1
        t=2026-09-22T13:21:13+0200 lvl=warn msg=GetBlockByNumer                         number=69
        t=2026-09-22T13:21:13+0200 lvl=warn msg=GetBlockByNumer                         number=1
        t=2026-09-22T13:21:13+0200 lvl=warn msg=GetBlockByNumer                         number=1
        t=2026-09-22T13:21:13+0200 lvl=info msg="HOTSTUFF PROPOSAL MANIFEST stored"     from=127.0.0.1:37652 number=71 proposalID=0x20d68b31a32a301280a4b25d853c7d5df82ef4a877bdde8377f7d49aeef80829 manifestBytes=1220 missing=1 bodyBytes=3350
        t=2026-09-22T13:21:13+0200 lvl=warn msg=GetBlockByNumer                         number=69
        t=2026-09-22T13:21:13+0200 lvl=eror msg="OnPropose wait proposal body"          number=71 proposalID=0x20d68b31a32a301280a4b25d853c7d5df82ef4a877bdde8377f7d49aeef80829 err="hotstuff view state too old"
        t=2026-09-22T13:21:13+0200 lvl=warn msg=GetBlockByNumer                         number=1
        t=2026-09-22T13:21:13+0200 lvl=warn msg="HOTSTUFF PROPOSAL MANIFEST authority rejected" from=127.0.0.1:35107 leader=127.0.0.1:35107 number=72 proposalID=0x7188244740dd935085ec62ea226ea6b2d509c78c1ddf124027827c3f798f07d4 err="proposal manifest does not match the current deterministic leader route: manifest key committee is already canonical but is not the current route"
        t=2026-09-22T13:21:13+0200 lvl=warn msg=GetBlockByNumer                         number=1
        t=2026-09-22T13:21:13+0200 lvl=warn msg=GetBlockByNumer                         number=1
        t=2026-09-22T13:21:13+0200 lvl=info msg="HOTSTUFF PROPOSAL REPAIR REQUEST"      to=127.0.0.1:35107 number=72 proposalID=0x7188244740dd935085ec62ea226ea6b2d509c78c1ddf124027827c3f798f07d4 missing=0 attempt=0
        t=2026-09-22T13:21:13+0200 lvl=info msg="HOTSTUFF PROPOSAL MANIFEST stored"     from=127.0.0.1:35107 number=72 proposalID=0x7188244740dd935085ec62ea226ea6b2d509c78c1ddf124027827c3f798f07d4 manifestBytes=830  missing=0 bodyBytes=830
        t=2026-09-22T13:21:13+0200 lvl=warn msg=GetBlockByNumer                         number=1
        t=2026-09-22T13:21:14+0200 lvl=warn msg=GetBlockByNumer                         number=1
        t=2026-09-22T13:21:14+0200 lvl=warn msg=GetBlockByNumer                         number=1
        t=2026-09-22T13:21:14+0200 lvl=warn msg=GetBlockByNumer                         number=1
        t=2026-09-22T13:21:14+0200 lvl=warn msg=GetBlockByNumer                         number=1
        t=2026-09-22T13:21:14+0200 lvl=warn msg=GetBlockByNumer                         number=70
        t=2026-09-22T13:21:14+0200 lvl=warn msg=GetBlockByNumer                         number=1
        t=2026-09-22T13:21:14+0200 lvl=warn msg=GetBlockByNumer                         number=1
        t=2026-09-22T13:21:14+0200 lvl=warn msg=GetBlockByNumer                         number=71
        t=2026-09-22T13:21:14+0200 lvl=warn msg=GetBlockByNumer                         number=1
        t=2026-09-22T13:21:14+0200 lvl=warn msg=GetBlockByNumer                         number=1
        t=2026-09-22T13:21:14+0200 lvl=warn msg=GetBlockByNumer                         number=71
        t=2026-09-22T13:21:15+0200 lvl=warn msg=GetBlockByNumer                         number=1
        t=2026-09-22T13:21:15+0200 lvl=warn msg=GetBlockByNumer                         number=1
        t=2026-09-22T13:21:15+0200 lvl=warn msg=GetBlockByNumer                         number=71
        t=2026-09-22T13:21:15+0200 lvl=info msg="HOTSTUFF PROPOSAL MANIFEST stored"     from=127.0.0.1:52819 number=73 proposalID=0x6e11098accc13880a6d62b1db82b99b48cdb9d2d21a51d3ba868da32930dcd37 manifestBytes=1220 missing=1 bodyBytes=3350
        t=2026-09-22T13:21:15+0200 lvl=eror msg="OnPropose wait proposal body"          number=73 proposalID=0x6e11098accc13880a6d62b1db82b99b48cdb9d2d21a51d3ba868da32930dcd37 err="hotstuff view state too old"
        t=2026-09-22T13:21:15+0200 lvl=warn msg=GetBlockByNumer                         number=1
        t=2026-09-22T13:21:15+0200 lvl=warn msg=GetBlockByNumer                         number=1
        t=2026-09-22T13:21:15+0200 lvl=warn msg=GetBlockByNumer                         number=71
        t=2026-09-22T13:21:15+0200 lvl=warn msg=GetBlockByNumer                         number=1
        t=2026-09-22T13:21:15+0200 lvl=warn msg=GetBlockByNumer                         number=1
        t=2026-09-22T13:21:15+0200 lvl=warn msg=GetBlockByNumer                         number=72
        t=2026-09-22T13:21:15+0200 lvl=info msg="HOTSTUFF PROPOSAL MANIFEST stored"     from=127.0.0.1:37652 number=74 proposalID=0x736176ef3a56f75cc95c41c02d0a9c5bc6a66f4c408c96404ff00d73165863ff manifestBytes=830  missing=0 bodyBytes=830
        t=2026-09-22T13:21:16+0200 lvl=warn msg=GetBlockByNumer                         number=1
        t=2026-09-22T13:21:16+0200 lvl=warn msg=GetBlockByNumer                         number=1
        t=2026-09-22T13:21:16+0200 lvl=warn msg=GetBlockByNumer                         number=73
        t=2026-09-22T13:21:16+0200 lvl=warn msg=GetBlockByNumer                         number=1
        t=2026-09-22T13:21:16+0200 lvl=warn msg=GetBlockByNumer                         number=73
        t=2026-09-22T13:21:16+0200 lvl=warn msg=GetBlockByNumer                         number=1
        t=2026-09-22T13:21:16+0200 lvl=warn msg=GetBlockByNumer                         number=73
        t=2026-09-22T13:21:17+0200 lvl=info msg="HOTSTUFF PROPOSAL MANIFEST stored"     from=127.0.0.1:35107 number=75 proposalID=0x97540bf87f9b4b539b7ebf04138356a14d7ea57659ac8688f0173fab2b8b0030 manifestBytes=1219 missing=0 bodyBytes=1653
        t=2026-09-22T13:21:17+0200 lvl=warn msg="HandleConn drops connection: closed"   address=127.0.0.1:44282 remot=127.0.0.1:35107
        t=2026-09-22T13:21:17+0200 lvl=info msg="HOTSTUFF PROPOSAL MANIFEST stored"     from=127.0.0.1:54494 number=76 proposalID=0x9b80ffa6ba6a59a2029099ffda0ab3c57281ce720a3c898bec71e0a9834c7f2b manifestBytes=830  missing=0 bodyBytes=830
        t=2026-09-22T13:21:19+0200 lvl=info msg="HOTSTUFF PROPOSAL MANIFEST stored"     from=127.0.0.1:52819 number=77 proposalID=0x03df02eed6af688467b57d3d3db3c751b72c6bd210fb5df3ffcc7f2f112a764a manifestBytes=1220 missing=0 bodyBytes=3349
        t=2026-09-22T13:21:19+0200 lvl=info msg="HOTSTUFF PROPOSAL MANIFEST stored"     from=127.0.0.1:45749 number=78 proposalID=0xdf3da56bacddf2621c4b799bd07e509c5b5185ee50b73460e45a47188b515f90 manifestBytes=830  missing=0 bodyBytes=830
        t=2026-09-22T13:21:20+0200 lvl=info msg="HOTSTUFF PROPOSAL MANIFEST stored"     from=127.0.0.1:54494 number=79 proposalID=0xfaed1d959b7f15d77e9df45a8629413039041370bc8c96dddbd4c26081323dee manifestBytes=1219 missing=0 bodyBytes=1653
        t=2026-09-22T13:21:21+0200 lvl=info msg="HOTSTUFF PROPOSAL MANIFEST stored"     from=127.0.0.1:58144 number=80 proposalID=0xd2a08d5229d4dbfecdf76723e1e1102682499a2dd35bd2a7461abcd1de33755f manifestBytes=830  missing=0 bodyBytes=830
        t=2026-09-22T13:21:22+0200 lvl=warn msg=GetBlockByNumer                         number=1
        t=2026-09-22T13:21:22+0200 lvl=warn msg=GetBlockByNumer                         number=1
        t=2026-09-22T13:21:22+0200 lvl=warn msg=GetBlockByNumer                         number=79
        t=2026-09-22T13:21:22+0200 lvl=warn msg=GetBlockByNumer                         number=1
        t=2026-09-22T13:21:22+0200 lvl=warn msg=GetBlockByNumer                         number=1
        t=2026-09-22T13:21:22+0200 lvl=warn msg=GetBlockByNumer                         number=79
        t=2026-09-22T13:21:22+0200 lvl=info msg="HOTSTUFF PROPOSAL MANIFEST stored"     from=127.0.0.1:54494 number=81 proposalID=0x768363fc032ea095cc0541e22729c022f0f087427af124228a28feb4c8ad1a31 manifestBytes=1219 missing=0 bodyBytes=1314
        t=2026-09-22T13:21:22+0200 lvl=warn msg="HandleConn drops connection: closed"   address=127.0.0.1:44282 remot=127.0.0.1:35107
        t=2026-09-22T13:21:22+0200 lvl=info msg="HOTSTUFF PROPOSAL MANIFEST stored"     from=127.0.0.1:35107 number=82 proposalID=0x8f45f7b8fb3fbc1bd5e8e06f55cbd5fb2aa2649a1586c76b29871d3eacf96c53 manifestBytes=830  missing=0 bodyBytes=830
        t=2026-09-22T13:21:22+0200 lvl=warn msg=GetBlockByNumer                         number=1
        t=2026-09-22T13:21:23+0200 lvl=warn msg=GetBlockByNumer                         number=1
        t=2026-09-22T13:21:23+0200 lvl=info msg="HOTSTUFF PROPOSAL MANIFEST stored"     from=127.0.0.1:58144 number=83 proposalID=0xf309e9c3f2b01188332d391b6bceaf02957303dcb55deac17dc51f5d6549cd83 manifestBytes=1219 missing=0 bodyBytes=1314
        t=2026-09-22T13:21:23+0200 lvl=info msg="HOTSTUFF PROPOSAL MANIFEST stored"     from=127.0.0.1:35107 number=84 proposalID=0x7a7107b4ac4dfef73d4ca829f1cef295b744cfcfa7653d88c170a61ab1680f47 manifestBytes=830  missing=0 bodyBytes=830
        t=2026-09-22T13:21:23+0200 lvl=warn msg=GetBlockByNumer                         number=1
        t=2026-09-22T13:21:23+0200 lvl=warn msg=GetBlockByNumer                         number=1
        t=2026-09-22T13:21:24+0200 lvl=warn msg=GetBlockByNumer                         number=1
        t=2026-09-22T13:21:28+0200 lvl=warn msg="HOTSTUFF RECOVERY resend NewView"      number=85 viewID=0x9be3169db364506bd258db980a9eed7b438a69375a43e71caaa2b0069718da7a to=127.0.0.1:58144
        t=2026-09-22T13:21:30+0200 lvl=info msg="HOTSTUFF PROPOSAL MANIFEST stored"     from=127.0.0.1:58144 number=85 proposalID=0x9e5facf0f32e72ef7191fbaf5546fc389039435eece94f0471e46500878489f4 manifestBytes=1219 missing=0 bodyBytes=1653
        t=2026-09-22T13:21:31+0200 lvl=info msg="HOTSTUFF PROPOSAL MANIFEST stored"     from=127.0.0.1:52819 number=86 proposalID=0x87f7222fd980155dec09d95b9d2cb27c046ab213c36eb473f086ea91ac3ad457 manifestBytes=830  missing=0 bodyBytes=830
        t=2026-09-22T13:21:36+0200 lvl=warn msg="HOTSTUFF RECOVERY resend NewView"      number=87 viewID=0x77dd5abf50651be69b2abac7f6eca36b3f96614477c4b9d1c432203f551475fb to=127.0.0.1:54494
        t=2026-09-22T13:21:38+0200 lvl=info msg="HOTSTUFF PROPOSAL MANIFEST stored"     from=127.0.0.1:54494 number=87 proposalID=0xd26248b830c77264cf3b0173d175a6b588ec8f7200ab2b05f89c844bde04f2e7 manifestBytes=1219 missing=0 bodyBytes=1653
        t=2026-09-22T13:21:38+0200 lvl=info msg="HOTSTUFF PROPOSAL MANIFEST stored"     from=127.0.0.1:54494 number=88 proposalID=0xf0dc4670c9207a6e6b5c3278b604b1588bb2f05561c207b2167acc68f6c25406 manifestBytes=830  missing=0 bodyBytes=830
        t=2026-09-22T13:21:43+0200 lvl=warn msg="HOTSTUFF RECOVERY resend NewView"      number=89 viewID=0xfd8688b210e1d2e90ba2ec1166521fe3725c2507245371bd7f3647013f5e333c to=127.0.0.1:37652
        t=2026-09-22T13:21:47+0200 lvl=info msg="HOTSTUFF PROPOSAL MANIFEST stored"     from=127.0.0.1:37652 number=89 proposalID=0xeb5a3a1e20ce263099670e81e234b5963d1374f40eda01b452bb72254c3163e4 manifestBytes=1219 missing=0 bodyBytes=1653
        t=2026-09-22T13:21:47+0200 lvl=info msg="HOTSTUFF PROPOSAL MANIFEST stored"     from=127.0.0.1:37652 number=90 proposalID=0xb89880af16c734bdf6c32612122eda01a482595dd3694b70b6a8c6dbbcffbd1b manifestBytes=1219 missing=0 bodyBytes=1653
        t=2026-09-22T13:21:47+0200 lvl=info msg="HOTSTUFF PROPOSAL MANIFEST stored"     from=127.0.0.1:35107 number=91 proposalID=0x115a07ca3c8a252406e5c2345e083a52b116e2f7525d65c32a27cd992676e99e manifestBytes=830  missing=0 bodyBytes=830
        t=2026-09-22T13:21:47+0200 lvl=warn msg="HandleConn drops connection: closed"   address=127.0.0.1:44282 remot=127.0.0.1:35107
        t=2026-09-22T13:21:52+0200 lvl=info msg="HOTSTUFF PROPOSAL MANIFEST stored"     from=127.0.0.1:54494 number=92 proposalID=0x889b51add22b10a68647da3b7e426513552355f7830b939bcb3f39e2892719e4 manifestBytes=1219 missing=0 bodyBytes=1653
        t=2026-09-22T13:21:53+0200 lvl=info msg="HOTSTUFF PROPOSAL MANIFEST stored"     from=127.0.0.1:45749 number=93 proposalID=0x6ce9b4eac5af5bc1deb00448e48b8dccef4a67064507373349371186bd43025f manifestBytes=1219 missing=0 bodyBytes=1653
        t=2026-09-22T13:21:53+0200 lvl=info msg="HOTSTUFF PROPOSAL MANIFEST stored"     from=127.0.0.1:37652 number=94 proposalID=0xc1f4b472e1e28e3d7db0486132354008ab2b919307be73fa7d2e5e2a87517671 manifestBytes=830  missing=0 bodyBytes=830
        t=2026-09-22T13:21:58+0200 lvl=warn msg="HOTSTUFF RECOVERY resend NewView"      number=95 viewID=0x27729630f12c838ff971d7dbb279c1c55be4adfccf3619114e907da962afb7fe to=127.0.0.1:58144
        t=2026-09-22T13:22:03+0200 lvl=warn msg="HOTSTUFF RECOVERY resend NewView"      number=95 viewID=0x27729630f12c838ff971d7dbb279c1c55be4adfccf3619114e907da962afb7fe to=127.0.0.1:58144
        t=2026-09-22T13:22:04+0200 lvl=info msg="HOTSTUFF PROPOSAL MANIFEST stored"     from=127.0.0.1:58144 number=95 proposalID=0x63ae18cfce56b110ff14a48dd31122fcea623ae7034d25d5ef04eab1bc0199c8 manifestBytes=1220 missing=0 bodyBytes=3872
        t=2026-09-22T13:22:04+0200 lvl=info msg="HOTSTUFF PROPOSAL MANIFEST stored"     from=127.0.0.1:45749 number=96 proposalID=0x7008f2657be04629c269ed91f213be2b3a3092ab77f10c323eeee76cf9ed47f5 manifestBytes=1220 missing=0 bodyBytes=3872
        t=2026-09-22T13:22:05+0200 lvl=info msg="HOTSTUFF PROPOSAL MANIFEST stored"     from=127.0.0.1:54494 number=97 proposalID=0x0ed8185fd2cd662b17341f8c5c835bfa53f884489889c29faeaa2b108eb2d84e manifestBytes=830  missing=0 bodyBytes=830
        t=2026-09-22T13:22:10+0200 lvl=warn msg="HOTSTUFF RECOVERY resend NewView"      number=98 viewID=0x07a2661e718d79ecf1ea9e2eff06ab8764e04455d1f34e22c0e12281fb300160 to=127.0.0.1:45749
        t=2026-09-22T13:22:15+0200 lvl=warn msg="HOTSTUFF RECOVERY resend NewView"      number=98 viewID=0x07a2661e718d79ecf1ea9e2eff06ab8764e04455d1f34e22c0e12281fb300160 to=127.0.0.1:45749
        t=2026-09-22T13:22:20+0200 lvl=warn msg="HOTSTUFF RECOVERY resend NewView"      number=98 viewID=0x07a2661e718d79ecf1ea9e2eff06ab8764e04455d1f34e22c0e12281fb300160 to=127.0.0.1:45749
        t=2026-09-22T13:22:21+0200 lvl=info msg="HOTSTUFF PROPOSAL MANIFEST stored"     from=127.0.0.1:45749 number=98 proposalID=0xa253fc867887bed26f416c3b2c40af2114b3e6ff1b857443d55a9baa22361de7 manifestBytes=1220 missing=0 bodyBytes=62704
        t=2026-09-22T13:22:22+0200 lvl=info msg="HOTSTUFF PROPOSAL REF"                 number=99 viewID=0x18ac0e299a39bc52af0a432a5958edca57cde913b7a9c2df842940d65c1a64d3 proposalID=0xe4cb670b51f7defbf9dab3b44f85764dfdc86d9327ecc93408bf299e1fb9809b blockHash=0xd8c48164ef763b98ba3bba5ae1da114b8561c511c0d11e59719bc2c412d6ad12 bodyHash=0x269de0ad84f32f94e751e150b4138d1e8ea8e48b284d7ed47a565ff22bac76c8 bodySize=62704 refBytes=442
        t=2026-09-22T13:22:22+0200 lvl=warn msg="Send msg try again"                    address=[::]:44282      Couldn't send to=127.0.0.1:52819 error="Operation Canceled"
        t=2026-09-22T13:22:22+0200 lvl=eror msg=CloseConnect                            =[::]:44282 having error closing conn to=127.0.0.1:58246 error="Connection Closed"
        t=2026-09-22T13:22:22+0200 lvl=warn msg="reject new-view before storage"        from=127.0.0.1:52819 viewID=0x18ac0e299a39bc52af0a432a5958edca57cde913b7a9c2df842940d65c1a64d3 err="hotstuff view state too old"
        t=2026-09-22T13:22:22+0200 lvl=warn msg="reject new-view before storage"        from=127.0.0.1:58144 viewID=0x18ac0e299a39bc52af0a432a5958edca57cde913b7a9c2df842940d65c1a64d3 err="hotstuff view state too old"
        t=2026-09-22T13:22:22+0200 lvl=warn msg="HandleConn drops connection: closed"   address=127.0.0.1:44282 remot=127.0.0.1:37652
        t=2026-09-22T13:22:22+0200 lvl=info msg="HOTSTUFF PROPOSAL REPAIR REQUEST"      to=127.0.0.1:37652 number=100 proposalID=0x831313b5bdd000066823a87f3f35fe53761e74927bebe90b77573cb288dbca9d missing=0 attempt=0
        t=2026-09-22T13:22:22+0200 lvl=info msg="HOTSTUFF PROPOSAL MANIFEST stored"     from=127.0.0.1:37652 number=100 proposalID=0x831313b5bdd000066823a87f3f35fe53761e74927bebe90b77573cb288dbca9d manifestBytes=830  missing=0 bodyBytes=830
    fhs_process_recovery_test.go:227: validator 1057201 complete log: /tmp/fhs-process-failure-2242140725.log
    fhs_process_recovery_test.go:232: validator 1057201 log tail:
        r=69 proposalID=0x096e43f1d8e11341e77ac0bed6dc9c93a4de958834d0e75ee3f9c6627d12fe8d manifestBytes=1220 missing=0 bodyBytes=3872
        t=2026-09-22T13:21:08+0200 lvl=warn msg=GetBlockByNumer                         number=1
        t=2026-09-22T13:21:08+0200 lvl=info msg="HOTSTUFF PROPOSAL MANIFEST stored"     from=127.0.0.1:35107 number=70 proposalID=0xa3790cab13dfe1b3a8aec2059dd4715f429cc1941bb4aa531cc0c687704f1be2 manifestBytes=830  missing=0 bodyBytes=830
        t=2026-09-22T13:21:08+0200 lvl=warn msg=GetBlockByNumer                         number=1
        t=2026-09-22T13:21:08+0200 lvl=warn msg=GetBlockByNumer                         number=1
        t=2026-09-22T13:21:09+0200 lvl=warn msg=GetBlockByNumer                         number=1
        t=2026-09-22T13:21:09+0200 lvl=warn msg=GetBlockByNumer                         number=68
        t=2026-09-22T13:21:09+0200 lvl=warn msg=GetBlockByNumer                         number=1
        t=2026-09-22T13:21:09+0200 lvl=warn msg=GetBlockByNumer                         number=1
        t=2026-09-22T13:21:09+0200 lvl=warn msg=GetBlockByNumer                         number=69
        t=2026-09-22T13:21:09+0200 lvl=warn msg=GetBlockByNumer                         number=1
        t=2026-09-22T13:21:09+0200 lvl=warn msg=GetBlockByNumer                         number=1
        t=2026-09-22T13:21:09+0200 lvl=warn msg=GetBlockByNumer                         number=69
        t=2026-09-22T13:21:09+0200 lvl=warn msg=GetBlockByNumer                         number=1
        t=2026-09-22T13:21:09+0200 lvl=warn msg=GetBlockByNumer                         number=1
        t=2026-09-22T13:21:10+0200 lvl=warn msg=GetBlockByNumer                         number=69
        t=2026-09-22T13:21:10+0200 lvl=warn msg=GetBlockByNumer                         number=1
        t=2026-09-22T13:21:10+0200 lvl=warn msg=GetBlockByNumer                         number=1
        t=2026-09-22T13:21:10+0200 lvl=warn msg=GetBlockByNumer                         number=69
        t=2026-09-22T13:21:10+0200 lvl=warn msg=GetBlockByNumer                         number=1
        t=2026-09-22T13:21:10+0200 lvl=warn msg=GetBlockByNumer                         number=1
        t=2026-09-22T13:21:10+0200 lvl=warn msg=GetBlockByNumer                         number=69
        t=2026-09-22T13:21:10+0200 lvl=warn msg=GetBlockByNumer                         number=1
        t=2026-09-22T13:21:10+0200 lvl=warn msg=GetBlockByNumer                         number=1
        t=2026-09-22T13:21:10+0200 lvl=warn msg=GetBlockByNumer                         number=69
        t=2026-09-22T13:21:11+0200 lvl=warn msg=GetBlockByNumer                         number=1
        t=2026-09-22T13:21:11+0200 lvl=warn msg=GetBlockByNumer                         number=1
        t=2026-09-22T13:21:11+0200 lvl=warn msg=GetBlockByNumer                         number=69
        t=2026-09-22T13:21:11+0200 lvl=warn msg=GetBlockByNumer                         number=1
        t=2026-09-22T13:21:11+0200 lvl=warn msg=GetBlockByNumer                         number=1
        t=2026-09-22T13:21:11+0200 lvl=warn msg=GetBlockByNumer                         number=69
        t=2026-09-22T13:21:11+0200 lvl=warn msg=GetBlockByNumer                         number=1
        t=2026-09-22T13:21:11+0200 lvl=warn msg=GetBlockByNumer                         number=1
        t=2026-09-22T13:21:11+0200 lvl=warn msg=GetBlockByNumer                         number=69
        t=2026-09-22T13:21:12+0200 lvl=warn msg=GetBlockByNumer                         number=1
        t=2026-09-22T13:21:12+0200 lvl=warn msg=GetBlockByNumer                         number=1
        t=2026-09-22T13:21:12+0200 lvl=warn msg=GetBlockByNumer                         number=69
        t=2026-09-22T13:21:12+0200 lvl=warn msg=GetBlockByNumer                         number=1
        t=2026-09-22T13:21:12+0200 lvl=warn msg=GetBlockByNumer                         number=1
        t=2026-09-22T13:21:12+0200 lvl=warn msg=GetBlockByNumer                         number=69
        t=2026-09-22T13:21:12+0200 lvl=warn msg=GetBlockByNumer                         number=1
        t=2026-09-22T13:21:12+0200 lvl=warn msg=GetBlockByNumer                         number=1
        t=2026-09-22T13:21:12+0200 lvl=warn msg=GetBlockByNumer                         number=69
        t=2026-09-22T13:21:13+0200 lvl=warn msg=GetBlockByNumer                         number=1
        t=2026-09-22T13:21:13+0200 lvl=warn msg=GetBlockByNumer                         number=1
        t=2026-09-22T13:21:13+0200 lvl=warn msg=GetBlockByNumer                         number=69
        t=2026-09-22T13:21:13+0200 lvl=warn msg=GetBlockByNumer                         number=1
        t=2026-09-22T13:21:13+0200 lvl=warn msg=GetBlockByNumer                         number=1
        t=2026-09-22T13:21:13+0200 lvl=info msg="HOTSTUFF PROPOSAL MANIFEST stored"     from=127.0.0.1:37652 number=71 proposalID=0x20d68b31a32a301280a4b25d853c7d5df82ef4a877bdde8377f7d49aeef80829 manifestBytes=1220 missing=0 bodyBytes=3350
        t=2026-09-22T13:21:13+0200 lvl=warn msg=GetBlockByNumer                         number=69
        t=2026-09-22T13:21:13+0200 lvl=warn msg=GetBlockByNumer                         number=1
        t=2026-09-22T13:21:13+0200 lvl=info msg="HOTSTUFF PROPOSAL MANIFEST stored"     from=127.0.0.1:35107 number=72 proposalID=0x7188244740dd935085ec62ea226ea6b2d509c78c1ddf124027827c3f798f07d4 manifestBytes=830  missing=0 bodyBytes=830
        t=2026-09-22T13:21:13+0200 lvl=warn msg=GetBlockByNumer                         number=1
        t=2026-09-22T13:21:13+0200 lvl=warn msg=GetBlockByNumer                         number=1
        t=2026-09-22T13:21:13+0200 lvl=warn msg=GetBlockByNumer                         number=1
        t=2026-09-22T13:21:14+0200 lvl=warn msg=GetBlockByNumer                         number=1
        t=2026-09-22T13:21:14+0200 lvl=warn msg=GetBlockByNumer                         number=1
        t=2026-09-22T13:21:14+0200 lvl=warn msg=GetBlockByNumer                         number=1
        t=2026-09-22T13:21:14+0200 lvl=warn msg=GetBlockByNumer                         number=1
        t=2026-09-22T13:21:14+0200 lvl=warn msg=GetBlockByNumer                         number=70
        t=2026-09-22T13:21:14+0200 lvl=warn msg=GetBlockByNumer                         number=1
        t=2026-09-22T13:21:14+0200 lvl=warn msg=GetBlockByNumer                         number=1
        t=2026-09-22T13:21:14+0200 lvl=warn msg=GetBlockByNumer                         number=71
        t=2026-09-22T13:21:14+0200 lvl=warn msg=GetBlockByNumer                         number=1
        t=2026-09-22T13:21:14+0200 lvl=warn msg=GetBlockByNumer                         number=1
        t=2026-09-22T13:21:14+0200 lvl=warn msg=GetBlockByNumer                         number=71
        t=2026-09-22T13:21:15+0200 lvl=warn msg=GetBlockByNumer                         number=1
        t=2026-09-22T13:21:15+0200 lvl=warn msg=GetBlockByNumer                         number=1
        t=2026-09-22T13:21:15+0200 lvl=warn msg=GetBlockByNumer                         number=71
        t=2026-09-22T13:21:15+0200 lvl=info msg="HOTSTUFF PROPOSAL MANIFEST stored"     from=127.0.0.1:52819 number=73 proposalID=0x6e11098accc13880a6d62b1db82b99b48cdb9d2d21a51d3ba868da32930dcd37 manifestBytes=1220 missing=0 bodyBytes=3350
        t=2026-09-22T13:21:15+0200 lvl=warn msg=GetBlockByNumer                         number=1
        t=2026-09-22T13:21:15+0200 lvl=warn msg=GetBlockByNumer                         number=1
        t=2026-09-22T13:21:15+0200 lvl=warn msg=GetBlockByNumer                         number=71
        t=2026-09-22T13:21:15+0200 lvl=warn msg=GetBlockByNumer                         number=1
        t=2026-09-22T13:21:15+0200 lvl=warn msg=GetBlockByNumer                         number=1
        t=2026-09-22T13:21:15+0200 lvl=warn msg=GetBlockByNumer                         number=72
        t=2026-09-22T13:21:15+0200 lvl=info msg="HOTSTUFF PROPOSAL MANIFEST stored"     from=127.0.0.1:37652 number=74 proposalID=0x736176ef3a56f75cc95c41c02d0a9c5bc6a66f4c408c96404ff00d73165863ff manifestBytes=830  missing=0 bodyBytes=830
        t=2026-09-22T13:21:16+0200 lvl=warn msg=GetBlockByNumer                         number=1
        t=2026-09-22T13:21:16+0200 lvl=warn msg=GetBlockByNumer                         number=1
        t=2026-09-22T13:21:16+0200 lvl=warn msg=GetBlockByNumer                         number=73
        t=2026-09-22T13:21:16+0200 lvl=warn msg=GetBlockByNumer                         number=1
        t=2026-09-22T13:21:16+0200 lvl=warn msg=GetBlockByNumer                         number=73
        t=2026-09-22T13:21:16+0200 lvl=warn msg=GetBlockByNumer                         number=1
        t=2026-09-22T13:21:16+0200 lvl=warn msg=GetBlockByNumer                         number=73
        t=2026-09-22T13:21:17+0200 lvl=info msg="HOTSTUFF PROPOSAL MANIFEST stored"     from=127.0.0.1:35107 number=75 proposalID=0x97540bf87f9b4b539b7ebf04138356a14d7ea57659ac8688f0173fab2b8b0030 manifestBytes=1219 missing=0 bodyBytes=1653
        t=2026-09-22T13:21:17+0200 lvl=info msg="HOTSTUFF PROPOSAL MANIFEST stored"     from=127.0.0.1:54494 number=76 proposalID=0x9b80ffa6ba6a59a2029099ffda0ab3c57281ce720a3c898bec71e0a9834c7f2b manifestBytes=830  missing=0 bodyBytes=830
        t=2026-09-22T13:21:19+0200 lvl=info msg="HOTSTUFF PROPOSAL MANIFEST stored"     from=127.0.0.1:52819 number=77 proposalID=0x03df02eed6af688467b57d3d3db3c751b72c6bd210fb5df3ffcc7f2f112a764a manifestBytes=1220 missing=0 bodyBytes=3349
        t=2026-09-22T13:21:19+0200 lvl=info msg="HOTSTUFF PROPOSAL MANIFEST stored"     from=127.0.0.1:45749 number=78 proposalID=0xdf3da56bacddf2621c4b799bd07e509c5b5185ee50b73460e45a47188b515f90 manifestBytes=830  missing=0 bodyBytes=830
        t=2026-09-22T13:21:20+0200 lvl=info msg="HOTSTUFF PROPOSAL MANIFEST stored"     from=127.0.0.1:54494 number=79 proposalID=0xfaed1d959b7f15d77e9df45a8629413039041370bc8c96dddbd4c26081323dee manifestBytes=1219 missing=1 bodyBytes=1653
        t=2026-09-22T13:21:20+0200 lvl=eror msg="OnPropose wait proposal body"          number=79 proposalID=0xfaed1d959b7f15d77e9df45a8629413039041370bc8c96dddbd4c26081323dee err="hotstuff view state too old"
        t=2026-09-22T13:21:20+0200 lvl=warn msg="reject new-view before storage"        from=127.0.0.1:54494 viewID=0x54e6a03ffd63921c34360154092aabc08b05632793d54d8c65c2fc4e6444847e err="hotstuff proposal validation pending"
        t=2026-09-22T13:21:21+0200 lvl=warn msg="reject new-view before storage"        from=127.0.0.1:35107 viewID=0x54e6a03ffd63921c34360154092aabc08b05632793d54d8c65c2fc4e6444847e err="hotstuff proposal validation pending"
        t=2026-09-22T13:21:21+0200 lvl=warn msg="reject new-view before storage"        from=127.0.0.1:45749 viewID=0x54e6a03ffd63921c34360154092aabc08b05632793d54d8c65c2fc4e6444847e err="hotstuff proposal validation pending"
        t=2026-09-22T13:21:21+0200 lvl=warn msg="reject new-view before storage"        from=127.0.0.1:52819 viewID=0x54e6a03ffd63921c34360154092aabc08b05632793d54d8c65c2fc4e6444847e err="hotstuff proposal validation pending"
        t=2026-09-22T13:21:21+0200 lvl=warn msg="reject new-view before storage"        from=127.0.0.1:37652 viewID=0x54e6a03ffd63921c34360154092aabc08b05632793d54d8c65c2fc4e6444847e err="hotstuff proposal validation pending"
        t=2026-09-22T13:21:21+0200 lvl=warn msg="reject new-view before storage"        from=127.0.0.1:44282 viewID=0x54e6a03ffd63921c34360154092aabc08b05632793d54d8c65c2fc4e6444847e err="hotstuff proposal validation pending"
        t=2026-09-22T13:21:21+0200 lvl=info msg="HOTSTUFF PROPOSAL REF"                 number=80 viewID=0x54e6a03ffd63921c34360154092aabc08b05632793d54d8c65c2fc4e6444847e proposalID=0xd2a08d5229d4dbfecdf76723e1e1102682499a2dd35bd2a7461abcd1de33755f blockHash=0x511e511e9b330b6ae1c20b6b679edcd0b0837aebfc42fff3449ea4f700871c20 bodyHash=0x3e7426768add2baad67c6db40853e97bfb0ca673990df0ef43b22076585fb8f5 bodySize=830  refBytes=439
        t=2026-09-22T13:21:21+0200 lvl=warn msg="Send msg try again"                    address=[::]:58144      Couldn't send to=127.0.0.1:45749 error="Operation Canceled"
        t=2026-09-22T13:21:21+0200 lvl=eror msg=CloseConnect                            =[::]:58144 having error closing conn to=127.0.0.1:45749 error="Connection Closed"
        t=2026-09-22T13:21:22+0200 lvl=warn msg=GetBlockByNumer                         number=1
        t=2026-09-22T13:21:22+0200 lvl=warn msg=GetBlockByNumer                         number=1
        t=2026-09-22T13:21:22+0200 lvl=warn msg=GetBlockByNumer                         number=79
        t=2026-09-22T13:21:22+0200 lvl=warn msg=GetBlockByNumer                         number=1
        t=2026-09-22T13:21:22+0200 lvl=warn msg=GetBlockByNumer                         number=1
        t=2026-09-22T13:21:22+0200 lvl=warn msg=GetBlockByNumer                         number=79
        t=2026-09-22T13:21:22+0200 lvl=info msg="HOTSTUFF PROPOSAL MANIFEST stored"     from=127.0.0.1:54494 number=81 proposalID=0x768363fc032ea095cc0541e22729c022f0f087427af124228a28feb4c8ad1a31 manifestBytes=1219 missing=0 bodyBytes=1314
        t=2026-09-22T13:21:22+0200 lvl=info msg="HOTSTUFF PROPOSAL MANIFEST stored"     from=127.0.0.1:35107 number=82 proposalID=0x8f45f7b8fb3fbc1bd5e8e06f55cbd5fb2aa2649a1586c76b29871d3eacf96c53 manifestBytes=830  missing=0 bodyBytes=830
        t=2026-09-22T13:21:22+0200 lvl=warn msg=GetBlockByNumer                         number=1
        t=2026-09-22T13:21:23+0200 lvl=warn msg=GetBlockByNumer                         number=1
        t=2026-09-22T13:21:23+0200 lvl=info msg="HOTSTUFF PROPOSAL REF"                 number=83 viewID=0xcea5a7ef6bfbabc2f8a87e4d2eef8653f4664a5f56bc8dda72c18809c856e5a0 proposalID=0xf309e9c3f2b01188332d391b6bceaf02957303dcb55deac17dc51f5d6549cd83 blockHash=0x97c6d4edfa25af6edbea6eb88dca7e83ee3baca3d438daa1d1f9985b73bf58a1 bodyHash=0x2b6a209fe223a7ad909f3fe07baea0a77e03063a81b6d9d1ae4ef1b43a75fba1 bodySize=1314 refBytes=442
        t=2026-09-22T13:21:23+0200 lvl=info msg="HOTSTUFF PROPOSAL MANIFEST stored"     from=127.0.0.1:35107 number=84 proposalID=0x7a7107b4ac4dfef73d4ca829f1cef295b744cfcfa7653d88c170a61ab1680f47 manifestBytes=830  missing=0 bodyBytes=830
        t=2026-09-22T13:21:23+0200 lvl=warn msg=GetBlockByNumer                         number=1
        t=2026-09-22T13:21:23+0200 lvl=warn msg=GetBlockByNumer                         number=1
        t=2026-09-22T13:21:24+0200 lvl=warn msg=GetBlockByNumer                         number=1
        t=2026-09-22T13:21:28+0200 lvl=warn msg="HOTSTUFF RECOVERY resend NewView"      number=85 viewID=0x9be3169db364506bd258db980a9eed7b438a69375a43e71caaa2b0069718da7a to=127.0.0.1:58144
        t=2026-09-22T13:21:30+0200 lvl=info msg="HOTSTUFF PROPOSAL REF"                 number=85 viewID=0x9be3169db364506bd258db980a9eed7b438a69375a43e71caaa2b0069718da7a proposalID=0x9e5facf0f32e72ef7191fbaf5546fc389039435eece94f0471e46500878489f4 blockHash=0xa045e3548882bf86990415f2791baff3c4e802c5b321d0a802f383f5903f7281 bodyHash=0x430d4637068820040b61d787ecaca5ad7e6d1b2e5bc314840a29089f4587d8fe bodySize=1653 refBytes=442
        t=2026-09-22T13:21:31+0200 lvl=info msg="HOTSTUFF PROPOSAL MANIFEST stored"     from=127.0.0.1:52819 number=86 proposalID=0x87f7222fd980155dec09d95b9d2cb27c046ab213c36eb473f086ea91ac3ad457 manifestBytes=830  missing=0 bodyBytes=830
        t=2026-09-22T13:21:36+0200 lvl=warn msg="HOTSTUFF RECOVERY resend NewView"      number=87 viewID=0x77dd5abf50651be69b2abac7f6eca36b3f96614477c4b9d1c432203f551475fb to=127.0.0.1:54494
        t=2026-09-22T13:21:38+0200 lvl=info msg="HOTSTUFF PROPOSAL MANIFEST stored"     from=127.0.0.1:54494 number=87 proposalID=0xd26248b830c77264cf3b0173d175a6b588ec8f7200ab2b05f89c844bde04f2e7 manifestBytes=1219 missing=0 bodyBytes=1653
        t=2026-09-22T13:21:38+0200 lvl=info msg="HOTSTUFF PROPOSAL MANIFEST stored"     from=127.0.0.1:54494 number=88 proposalID=0xf0dc4670c9207a6e6b5c3278b604b1588bb2f05561c207b2167acc68f6c25406 manifestBytes=830  missing=0 bodyBytes=830
        t=2026-09-22T13:21:43+0200 lvl=warn msg="HOTSTUFF RECOVERY resend NewView"      number=89 viewID=0xfd8688b210e1d2e90ba2ec1166521fe3725c2507245371bd7f3647013f5e333c to=127.0.0.1:37652
        t=2026-09-22T13:21:47+0200 lvl=info msg="HOTSTUFF PROPOSAL MANIFEST stored"     from=127.0.0.1:37652 number=89 proposalID=0xeb5a3a1e20ce263099670e81e234b5963d1374f40eda01b452bb72254c3163e4 manifestBytes=1219 missing=0 bodyBytes=1653
        t=2026-09-22T13:21:47+0200 lvl=info msg="HOTSTUFF PROPOSAL MANIFEST stored"     from=127.0.0.1:37652 number=90 proposalID=0xb89880af16c734bdf6c32612122eda01a482595dd3694b70b6a8c6dbbcffbd1b manifestBytes=1219 missing=0 bodyBytes=1653
        t=2026-09-22T13:21:47+0200 lvl=info msg="HOTSTUFF PROPOSAL MANIFEST stored"     from=127.0.0.1:35107 number=91 proposalID=0x115a07ca3c8a252406e5c2345e083a52b116e2f7525d65c32a27cd992676e99e manifestBytes=830  missing=0 bodyBytes=830
        t=2026-09-22T13:21:52+0200 lvl=info msg="HOTSTUFF PROPOSAL MANIFEST stored"     from=127.0.0.1:54494 number=92 proposalID=0x889b51add22b10a68647da3b7e426513552355f7830b939bcb3f39e2892719e4 manifestBytes=1219 missing=1 bodyBytes=1653
        t=2026-09-22T13:21:52+0200 lvl=eror msg="OnPropose wait proposal body"          number=92 proposalID=0x889b51add22b10a68647da3b7e426513552355f7830b939bcb3f39e2892719e4 err="hotstuff view state too old"
        t=2026-09-22T13:21:52+0200 lvl=warn msg="HOTSTUFF RECOVERY resend NewView"      number=92 viewID=0x88f6fa63e2ab7198596b7f9674ce287047d8d5f1572794ebcc0628f3b0bd45b9 to=127.0.0.1:54494
        t=2026-09-22T13:21:53+0200 lvl=warn msg="HOTSTUFF PROPOSAL MANIFEST authority rejected" from=127.0.0.1:45749 leader=127.0.0.1:45749 number=93 proposalID=0x6ce9b4eac5af5bc1deb00448e48b8dccef4a67064507373349371186bd43025f err="proposal manifest does not match the current deterministic leader route: manifest key committee is already canonical but is not the current route"
        t=2026-09-22T13:21:53+0200 lvl=eror msg="OnPropose wait proposal body"          number=93 proposalID=0x6ce9b4eac5af5bc1deb00448e48b8dccef4a67064507373349371186bd43025f err="hotstuff view state too old"
        t=2026-09-22T13:21:53+0200 lvl=warn msg="HOTSTUFF PROPOSAL MANIFEST authority rejected" from=127.0.0.1:37652 leader=127.0.0.1:37652 number=94 proposalID=0xc1f4b472e1e28e3d7db0486132354008ab2b919307be73fa7d2e5e2a87517671 err="proposal manifest does not match the current deterministic leader route: manifest key committee is already canonical but is not the current route"
        t=2026-09-22T13:21:53+0200 lvl=warn msg="reject new-view before storage"        from=127.0.0.1:37652 viewID=0x27729630f12c838ff971d7dbb279c1c55be4adfccf3619114e907da962afb7fe err="hotstuff proposal validation pending"
        t=2026-09-22T13:21:53+0200 lvl=warn msg="reject new-view before storage"        from=127.0.0.1:45749 viewID=0x27729630f12c838ff971d7dbb279c1c55be4adfccf3619114e907da962afb7fe err="hotstuff proposal validation pending"
        t=2026-09-22T13:21:53+0200 lvl=warn msg="reject new-view before storage"        from=127.0.0.1:54494 viewID=0x27729630f12c838ff971d7dbb279c1c55be4adfccf3619114e907da962afb7fe err="hotstuff proposal validation pending"
        t=2026-09-22T13:21:53+0200 lvl=warn msg="reject new-view before storage"        from=127.0.0.1:52819 viewID=0x27729630f12c838ff971d7dbb279c1c55be4adfccf3619114e907da962afb7fe err="hotstuff proposal validation pending"
        t=2026-09-22T13:21:53+0200 lvl=warn msg="reject new-view before storage"        from=127.0.0.1:44282 viewID=0x27729630f12c838ff971d7dbb279c1c55be4adfccf3619114e907da962afb7fe err="hotstuff proposal validation pending"
        t=2026-09-22T13:21:53+0200 lvl=warn msg="reject new-view before storage"        from=127.0.0.1:35107 viewID=0x27729630f12c838ff971d7dbb279c1c55be4adfccf3619114e907da962afb7fe err="hotstuff proposal validation pending"
        t=2026-09-22T13:21:53+0200 lvl=info msg="HOTSTUFF PROPOSAL REPAIR REQUEST"      to=127.0.0.1:37652 number=94 proposalID=0xc1f4b472e1e28e3d7db0486132354008ab2b919307be73fa7d2e5e2a87517671 missing=0 attempt=0
        t=2026-09-22T13:21:53+0200 lvl=info msg="HOTSTUFF PROPOSAL MANIFEST stored"     from=127.0.0.1:37652 number=94 proposalID=0xc1f4b472e1e28e3d7db0486132354008ab2b919307be73fa7d2e5e2a87517671 manifestBytes=830  missing=0 bodyBytes=830
        t=2026-09-22T13:21:54+0200 lvl=info msg="HOTSTUFF PROPOSAL REPAIR REQUEST"      to=127.0.0.1:45749 number=93 proposalID=0x6ce9b4eac5af5bc1deb00448e48b8dccef4a67064507373349371186bd43025f missing=0 attempt=0
        t=2026-09-22T13:21:54+0200 lvl=info msg="HOTSTUFF PROPOSAL MANIFEST stored"     from=127.0.0.1:45749 number=93 proposalID=0x6ce9b4eac5af5bc1deb00448e48b8dccef4a67064507373349371186bd43025f manifestBytes=1219 missing=0 bodyBytes=1653
        t=2026-09-22T13:21:59+0200 lvl=warn msg="HOTSTUFF RECOVERY resend NewView"      number=95 viewID=0x27729630f12c838ff971d7dbb279c1c55be4adfccf3619114e907da962afb7fe to=127.0.0.1:58144
        t=2026-09-22T13:22:04+0200 lvl=warn msg="HOTSTUFF RECOVERY resend NewView"      number=95 viewID=0x27729630f12c838ff971d7dbb279c1c55be4adfccf3619114e907da962afb7fe to=127.0.0.1:58144
        t=2026-09-22T13:22:04+0200 lvl=info msg="HOTSTUFF PROPOSAL REF"                 number=95 viewID=0x27729630f12c838ff971d7dbb279c1c55be4adfccf3619114e907da962afb7fe proposalID=0x63ae18cfce56b110ff14a48dd31122fcea623ae7034d25d5ef04eab1bc0199c8 blockHash=0x8ef1f3f2c0036d804d5aaa2b14102e6321f926fa9e7c5139e1c903dd94e05523 bodyHash=0x70614ce88c33d0aea17a951641ee3c009e0e3ebde8fb4fb222867644e11fc248 bodySize=3872 refBytes=442
        t=2026-09-22T13:22:04+0200 lvl=warn msg="HotStuff message rejected"             from=                code=MsgTryPropose number=0  viewID=0x0000000000000000000000000000000000000000000000000000000000000000 err="hotstuff invalid leader view"
        t=2026-09-22T13:22:04+0200 lvl=info msg="HOTSTUFF PROPOSAL MANIFEST stored"     from=127.0.0.1:45749 number=96 proposalID=0x7008f2657be04629c269ed91f213be2b3a3092ab77f10c323eeee76cf9ed47f5 manifestBytes=1220 missing=0 bodyBytes=3872
        t=2026-09-22T13:22:05+0200 lvl=info msg="HOTSTUFF PROPOSAL MANIFEST stored"     from=127.0.0.1:54494 number=97 proposalID=0x0ed8185fd2cd662b17341f8c5c835bfa53f884489889c29faeaa2b108eb2d84e manifestBytes=830  missing=0 bodyBytes=830
        t=2026-09-22T13:22:10+0200 lvl=warn msg="HOTSTUFF RECOVERY resend NewView"      number=98 viewID=0x07a2661e718d79ecf1ea9e2eff06ab8764e04455d1f34e22c0e12281fb300160 to=127.0.0.1:45749
        t=2026-09-22T13:22:15+0200 lvl=warn msg="HOTSTUFF RECOVERY resend NewView"      number=98 viewID=0x07a2661e718d79ecf1ea9e2eff06ab8764e04455d1f34e22c0e12281fb300160 to=127.0.0.1:45749
        t=2026-09-22T13:22:20+0200 lvl=warn msg="HOTSTUFF RECOVERY resend NewView"      number=98 viewID=0x07a2661e718d79ecf1ea9e2eff06ab8764e04455d1f34e22c0e12281fb300160 to=127.0.0.1:45749
        t=2026-09-22T13:22:21+0200 lvl=info msg="HOTSTUFF PROPOSAL MANIFEST stored"     from=127.0.0.1:45749 number=98 proposalID=0xa253fc867887bed26f416c3b2c40af2114b3e6ff1b857443d55a9baa22361de7 manifestBytes=1220 missing=0 bodyBytes=62704
        t=2026-09-22T13:22:22+0200 lvl=warn msg="HOTSTUFF PROPOSAL MANIFEST authority rejected" from=127.0.0.1:44282 leader=127.0.0.1:44282 number=99 proposalID=0xe4cb670b51f7defbf9dab3b44f85764dfdc86d9327ecc93408bf299e1fb9809b err="proposal manifest does not match the current deterministic leader route: manifest key committee is already canonical but is not the current route"
        t=2026-09-22T13:22:22+0200 lvl=eror msg="OnPropose wait proposal body"          number=99 proposalID=0xe4cb670b51f7defbf9dab3b44f85764dfdc86d9327ecc93408bf299e1fb9809b err="hotstuff view state too old"
        t=2026-09-22T13:22:22+0200 lvl=warn msg="HOTSTUFF PROPOSAL MANIFEST authority rejected" from=127.0.0.1:37652 leader=127.0.0.1:37652 number=100 proposalID=0x831313b5bdd000066823a87f3f35fe53761e74927bebe90b77573cb288dbca9d err="proposal manifest does not match the current deterministic leader route: manifest key committee is already canonical but is not the current route"
        t=2026-09-22T13:22:22+0200 lvl=info msg="HOTSTUFF PROPOSAL REPAIR REQUEST"      to=127.0.0.1:44282 number=99  proposalID=0xe4cb670b51f7defbf9dab3b44f85764dfdc86d9327ecc93408bf299e1fb9809b missing=0 attempt=0
        t=2026-09-22T13:22:22+0200 lvl=info msg="HOTSTUFF PROPOSAL MANIFEST stored"     from=127.0.0.1:44282 number=99  proposalID=0xe4cb670b51f7defbf9dab3b44f85764dfdc86d9327ecc93408bf299e1fb9809b manifestBytes=1220 missing=0 bodyBytes=62704
        t=2026-09-22T13:22:23+0200 lvl=info msg="HOTSTUFF PROPOSAL REPAIR REQUEST"      to=127.0.0.1:37652 number=100 proposalID=0x831313b5bdd000066823a87f3f35fe53761e74927bebe90b77573cb288dbca9d missing=0 attempt=0
        t=2026-09-22T13:22:23+0200 lvl=info msg="HOTSTUFF PROPOSAL MANIFEST stored"     from=127.0.0.1:37652 number=100 proposalID=0x831313b5bdd000066823a87f3f35fe53761e74927bebe90b77573cb288dbca9d manifestBytes=830  missing=0 bodyBytes=830
    fhs_process_recovery_test.go:227: validator 1057195 complete log: /tmp/fhs-process-failure-629508947.log
    fhs_process_recovery_test.go:232: validator 1057195 log tail:
        1:03+0200 lvl=warn msg=GetBlockByNumer                         number=1
        t=2026-09-22T13:21:03+0200 lvl=warn msg=GetBlockByNumer                         number=1
        t=2026-09-22T13:21:03+0200 lvl=warn msg=GetBlockByNumer                         number=65
        t=2026-09-22T13:21:03+0200 lvl=warn msg=GetBlockByNumer                         number=1
        t=2026-09-22T13:21:03+0200 lvl=warn msg=GetBlockByNumer                         number=1
        t=2026-09-22T13:21:03+0200 lvl=warn msg=GetBlockByNumer                         number=65
        t=2026-09-22T13:21:03+0200 lvl=warn msg=GetBlockByNumer                         number=1
        t=2026-09-22T13:21:03+0200 lvl=warn msg=GetBlockByNumer                         number=1
        t=2026-09-22T13:21:03+0200 lvl=warn msg=GetBlockByNumer                         number=65
        t=2026-09-22T13:21:04+0200 lvl=warn msg=GetBlockByNumer                         number=1
        t=2026-09-22T13:21:04+0200 lvl=warn msg=GetBlockByNumer                         number=1
        t=2026-09-22T13:21:04+0200 lvl=warn msg=GetBlockByNumer                         number=65
        t=2026-09-22T13:21:04+0200 lvl=warn msg=GetBlockByNumer                         number=1
        t=2026-09-22T13:21:04+0200 lvl=warn msg=GetBlockByNumer                         number=1
        t=2026-09-22T13:21:04+0200 lvl=warn msg=GetBlockByNumer                         number=65
        t=2026-09-22T13:21:04+0200 lvl=warn msg=GetBlockByNumer                         number=1
        t=2026-09-22T13:21:04+0200 lvl=warn msg=GetBlockByNumer                         number=1
        t=2026-09-22T13:21:04+0200 lvl=warn msg=GetBlockByNumer                         number=65
        t=2026-09-22T13:21:05+0200 lvl=warn msg=GetBlockByNumer                         number=1
        t=2026-09-22T13:21:05+0200 lvl=warn msg=GetBlockByNumer                         number=1
        t=2026-09-22T13:21:05+0200 lvl=warn msg=GetBlockByNumer                         number=65
        t=2026-09-22T13:21:05+0200 lvl=warn msg=GetBlockByNumer                         number=1
        t=2026-09-22T13:21:05+0200 lvl=warn msg=GetBlockByNumer                         number=1
        t=2026-09-22T13:21:05+0200 lvl=warn msg=GetBlockByNumer                         number=65
        t=2026-09-22T13:21:05+0200 lvl=warn msg=GetBlockByNumer                         number=1
        t=2026-09-22T13:21:05+0200 lvl=warn msg=GetBlockByNumer                         number=1
        t=2026-09-22T13:21:05+0200 lvl=warn msg=GetBlockByNumer                         number=65
        t=2026-09-22T13:21:06+0200 lvl=warn msg=GetBlockByNumer                         number=1
        t=2026-09-22T13:21:06+0200 lvl=warn msg=GetBlockByNumer                         number=1
        t=2026-09-22T13:21:06+0200 lvl=warn msg=GetBlockByNumer                         number=65
        t=2026-09-22T13:21:06+0200 lvl=warn msg=GetBlockByNumer                         number=1
        t=2026-09-22T13:21:06+0200 lvl=warn msg=GetBlockByNumer                         number=1
        t=2026-09-22T13:21:06+0200 lvl=warn msg=GetBlockByNumer                         number=65
        t=2026-09-22T13:21:06+0200 lvl=warn msg=GetBlockByNumer                         number=1
        t=2026-09-22T13:21:06+0200 lvl=warn msg=GetBlockByNumer                         number=1
        t=2026-09-22T13:21:06+0200 lvl=warn msg=GetBlockByNumer                         number=65
        t=2026-09-22T13:21:06+0200 lvl=warn msg=GetBlockByNumer                         number=1
        t=2026-09-22T13:21:06+0200 lvl=warn msg=GetBlockByNumer                         number=1
        t=2026-09-22T13:21:06+0200 lvl=warn msg=GetBlockByNumer                         number=65
        t=2026-09-22T13:21:07+0200 lvl=warn msg="HOTSTUFF RECOVERY resend NewView"      number=67 viewID=0x50c5eb82dec1cb08617d6a3b6c30a74ba759a008c4ac27039f1afe7fd23f3cf8 to=127.0.0.1:35107
        t=2026-09-22T13:21:07+0200 lvl=warn msg=GetBlockByNumer                         number=1
        t=2026-09-22T13:21:07+0200 lvl=warn msg=GetBlockByNumer                         number=1
        t=2026-09-22T13:21:07+0200 lvl=warn msg=GetBlockByNumer                         number=65
        t=2026-09-22T13:21:07+0200 lvl=warn msg=GetBlockByNumer                         number=1
        t=2026-09-22T13:21:07+0200 lvl=warn msg=GetBlockByNumer                         number=1
        t=2026-09-22T13:21:07+0200 lvl=warn msg=GetBlockByNumer                         number=65
        t=2026-09-22T13:21:07+0200 lvl=info msg="HOTSTUFF PROPOSAL MANIFEST stored"     from=127.0.0.1:35107 number=67 proposalID=0x5b3958605b552f8112d5f9eaf5d1df98e96e3cf0cedd41fb421389a8a3cfae9b manifestBytes=1220 missing=0 bodyBytes=3872
        t=2026-09-22T13:21:07+0200 lvl=warn msg="HandleConn drops connection: closed"   address=127.0.0.1:54494 remot=127.0.0.1:35107
        t=2026-09-22T13:21:07+0200 lvl=warn msg=GetBlockByNumer                         number=1
        t=2026-09-22T13:21:07+0200 lvl=warn msg=GetBlockByNumer                         number=1
        t=2026-09-22T13:21:08+0200 lvl=warn msg=GetBlockByNumer                         number=1
        t=2026-09-22T13:21:08+0200 lvl=warn msg=GetBlockByNumer                         number=1
        t=2026-09-22T13:21:08+0200 lvl=warn msg=GetBlockByNumer                         number=66
        t=2026-09-22T13:21:08+0200 lvl=info msg="HOTSTUFF PROPOSAL MANIFEST stored"     from=127.0.0.1:58144 number=68 proposalID=0x42bec71f35f2e6f13104966ca42c7040de29cf6e6abe4beed0f725267586bed9 manifestBytes=830  missing=0 bodyBytes=830
        t=2026-09-22T13:21:08+0200 lvl=warn msg=GetBlockByNumer                         number=1
        t=2026-09-22T13:21:08+0200 lvl=warn msg=GetBlockByNumer                         number=1
        t=2026-09-22T13:21:08+0200 lvl=warn msg=GetBlockByNumer                         number=67
        t=2026-09-22T13:21:08+0200 lvl=info msg="HOTSTUFF PROPOSAL MANIFEST stored"     from=127.0.0.1:37652 number=69 proposalID=0x096e43f1d8e11341e77ac0bed6dc9c93a4de958834d0e75ee3f9c6627d12fe8d manifestBytes=1220 missing=0 bodyBytes=3872
        t=2026-09-22T13:21:08+0200 lvl=warn msg=GetBlockByNumer                         number=1
        t=2026-09-22T13:21:08+0200 lvl=info msg="HOTSTUFF PROPOSAL MANIFEST stored"     from=127.0.0.1:35107 number=70 proposalID=0xa3790cab13dfe1b3a8aec2059dd4715f429cc1941bb4aa531cc0c687704f1be2 manifestBytes=830  missing=0 bodyBytes=830
        t=2026-09-22T13:21:08+0200 lvl=warn msg=GetBlockByNumer                         number=1
        t=2026-09-22T13:21:08+0200 lvl=warn msg=GetBlockByNumer                         number=1
        t=2026-09-22T13:21:09+0200 lvl=warn msg=GetBlockByNumer                         number=1
        t=2026-09-22T13:21:09+0200 lvl=warn msg=GetBlockByNumer                         number=68
        t=2026-09-22T13:21:09+0200 lvl=warn msg=GetBlockByNumer                         number=1
        t=2026-09-22T13:21:09+0200 lvl=warn msg=GetBlockByNumer                         number=1
        t=2026-09-22T13:21:09+0200 lvl=warn msg=GetBlockByNumer                         number=69
        t=2026-09-22T13:21:09+0200 lvl=warn msg=GetBlockByNumer                         number=1
        t=2026-09-22T13:21:09+0200 lvl=warn msg=GetBlockByNumer                         number=1
        t=2026-09-22T13:21:09+0200 lvl=warn msg=GetBlockByNumer                         number=69
        t=2026-09-22T13:21:09+0200 lvl=warn msg=GetBlockByNumer                         number=1
        t=2026-09-22T13:21:09+0200 lvl=warn msg=GetBlockByNumer                         number=1
        t=2026-09-22T13:21:10+0200 lvl=warn msg=GetBlockByNumer                         number=69
        t=2026-09-22T13:21:10+0200 lvl=warn msg=GetBlockByNumer                         number=1
        t=2026-09-22T13:21:10+0200 lvl=warn msg=GetBlockByNumer                         number=1
        t=2026-09-22T13:21:10+0200 lvl=warn msg=GetBlockByNumer                         number=69
        t=2026-09-22T13:21:10+0200 lvl=warn msg=GetBlockByNumer                         number=1
        t=2026-09-22T13:21:10+0200 lvl=warn msg=GetBlockByNumer                         number=1
        t=2026-09-22T13:21:10+0200 lvl=warn msg=GetBlockByNumer                         number=69
        t=2026-09-22T13:21:10+0200 lvl=warn msg=GetBlockByNumer                         number=1
        t=2026-09-22T13:21:10+0200 lvl=warn msg=GetBlockByNumer                         number=1
        t=2026-09-22T13:21:10+0200 lvl=warn msg=GetBlockByNumer                         number=69
        t=2026-09-22T13:21:11+0200 lvl=warn msg=GetBlockByNumer                         number=1
        t=2026-09-22T13:21:11+0200 lvl=warn msg=GetBlockByNumer                         number=1
        t=2026-09-22T13:21:11+0200 lvl=warn msg=GetBlockByNumer                         number=69
        t=2026-09-22T13:21:11+0200 lvl=warn msg=GetBlockByNumer                         number=1
        t=2026-09-22T13:21:11+0200 lvl=warn msg=GetBlockByNumer                         number=1
        t=2026-09-22T13:21:11+0200 lvl=warn msg=GetBlockByNumer                         number=69
        t=2026-09-22T13:21:11+0200 lvl=warn msg=GetBlockByNumer                         number=1
        t=2026-09-22T13:21:11+0200 lvl=warn msg=GetBlockByNumer                         number=1
        t=2026-09-22T13:21:11+0200 lvl=warn msg=GetBlockByNumer                         number=69
        t=2026-09-22T13:21:12+0200 lvl=warn msg=GetBlockByNumer                         number=1
        t=2026-09-22T13:21:12+0200 lvl=warn msg=GetBlockByNumer                         number=1
        t=2026-09-22T13:21:12+0200 lvl=warn msg=GetBlockByNumer                         number=69
        t=2026-09-22T13:21:12+0200 lvl=warn msg=GetBlockByNumer                         number=1
        t=2026-09-22T13:21:12+0200 lvl=warn msg=GetBlockByNumer                         number=1
        t=2026-09-22T13:21:12+0200 lvl=warn msg=GetBlockByNumer                         number=69
        t=2026-09-22T13:21:12+0200 lvl=warn msg=GetBlockByNumer                         number=1
        t=2026-09-22T13:21:12+0200 lvl=warn msg=GetBlockByNumer                         number=1
        t=2026-09-22T13:21:12+0200 lvl=warn msg=GetBlockByNumer                         number=69
        t=2026-09-22T13:21:13+0200 lvl=warn msg=GetBlockByNumer                         number=1
        t=2026-09-22T13:21:13+0200 lvl=warn msg=GetBlockByNumer                         number=1
        t=2026-09-22T13:21:13+0200 lvl=warn msg=GetBlockByNumer                         number=69
        t=2026-09-22T13:21:13+0200 lvl=warn msg=GetBlockByNumer                         number=1
        t=2026-09-22T13:21:13+0200 lvl=warn msg=GetBlockByNumer                         number=1
        t=2026-09-22T13:21:13+0200 lvl=warn msg=GetBlockByNumer                         number=69
        t=2026-09-22T13:21:13+0200 lvl=info msg="HOTSTUFF PROPOSAL MANIFEST stored"     from=127.0.0.1:37652 number=71 proposalID=0x20d68b31a32a301280a4b25d853c7d5df82ef4a877bdde8377f7d49aeef80829 manifestBytes=1220 missing=0 bodyBytes=3350
        t=2026-09-22T13:21:13+0200 lvl=warn msg=GetBlockByNumer                         number=1
        t=2026-09-22T13:21:13+0200 lvl=info msg="HOTSTUFF PROPOSAL MANIFEST stored"     from=127.0.0.1:35107 number=72 proposalID=0x7188244740dd935085ec62ea226ea6b2d509c78c1ddf124027827c3f798f07d4 manifestBytes=830  missing=0 bodyBytes=830
        t=2026-09-22T13:21:13+0200 lvl=warn msg=GetBlockByNumer                         number=1
        t=2026-09-22T13:21:13+0200 lvl=warn msg=GetBlockByNumer                         number=1
        t=2026-09-22T13:21:13+0200 lvl=warn msg=GetBlockByNumer                         number=1
        t=2026-09-22T13:21:14+0200 lvl=warn msg=GetBlockByNumer                         number=1
        t=2026-09-22T13:21:14+0200 lvl=warn msg=GetBlockByNumer                         number=1
        t=2026-09-22T13:21:14+0200 lvl=warn msg=GetBlockByNumer                         number=1
        t=2026-09-22T13:21:14+0200 lvl=warn msg=GetBlockByNumer                         number=1
        t=2026-09-22T13:21:14+0200 lvl=warn msg=GetBlockByNumer                         number=70
        t=2026-09-22T13:21:14+0200 lvl=warn msg=GetBlockByNumer                         number=1
        t=2026-09-22T13:21:14+0200 lvl=warn msg=GetBlockByNumer                         number=1
        t=2026-09-22T13:21:14+0200 lvl=warn msg=GetBlockByNumer                         number=71
        t=2026-09-22T13:21:14+0200 lvl=warn msg=GetBlockByNumer                         number=1
        t=2026-09-22T13:21:14+0200 lvl=warn msg=GetBlockByNumer                         number=1
        t=2026-09-22T13:21:14+0200 lvl=warn msg=GetBlockByNumer                         number=71
        t=2026-09-22T13:21:15+0200 lvl=warn msg=GetBlockByNumer                         number=1
        t=2026-09-22T13:21:15+0200 lvl=warn msg=GetBlockByNumer                         number=1
        t=2026-09-22T13:21:15+0200 lvl=warn msg=GetBlockByNumer                         number=71
        t=2026-09-22T13:21:15+0200 lvl=info msg="HOTSTUFF PROPOSAL MANIFEST stored"     from=127.0.0.1:52819 number=73 proposalID=0x6e11098accc13880a6d62b1db82b99b48cdb9d2d21a51d3ba868da32930dcd37 manifestBytes=1220 missing=0 bodyBytes=3350
        t=2026-09-22T13:21:15+0200 lvl=warn msg=GetBlockByNumer                         number=1
        t=2026-09-22T13:21:15+0200 lvl=warn msg=GetBlockByNumer                         number=1
        t=2026-09-22T13:21:15+0200 lvl=warn msg=GetBlockByNumer                         number=71
        t=2026-09-22T13:21:15+0200 lvl=warn msg=GetBlockByNumer                         number=1
        t=2026-09-22T13:21:15+0200 lvl=warn msg=GetBlockByNumer                         number=1
        t=2026-09-22T13:21:15+0200 lvl=warn msg=GetBlockByNumer                         number=72
        t=2026-09-22T13:21:15+0200 lvl=info msg="HOTSTUFF PROPOSAL MANIFEST stored"     from=127.0.0.1:37652 number=74 proposalID=0x736176ef3a56f75cc95c41c02d0a9c5bc6a66f4c408c96404ff00d73165863ff manifestBytes=830  missing=0 bodyBytes=830
        t=2026-09-22T13:21:16+0200 lvl=warn msg=GetBlockByNumer                         number=1
        t=2026-09-22T13:21:16+0200 lvl=warn msg=GetBlockByNumer                         number=1
        t=2026-09-22T13:21:16+0200 lvl=warn msg=GetBlockByNumer                         number=73
        t=2026-09-22T13:21:16+0200 lvl=warn msg=GetBlockByNumer                         number=1
        t=2026-09-22T13:21:16+0200 lvl=warn msg=GetBlockByNumer                         number=73
        t=2026-09-22T13:21:16+0200 lvl=warn msg=GetBlockByNumer                         number=1
        t=2026-09-22T13:21:16+0200 lvl=warn msg=GetBlockByNumer                         number=73
        t=2026-09-22T13:21:17+0200 lvl=info msg="HOTSTUFF PROPOSAL MANIFEST stored"     from=127.0.0.1:35107 number=75 proposalID=0x97540bf87f9b4b539b7ebf04138356a14d7ea57659ac8688f0173fab2b8b0030 manifestBytes=1219 missing=0 bodyBytes=1653
        t=2026-09-22T13:21:17+0200 lvl=info msg="HOTSTUFF PROPOSAL REF"                 number=76 viewID=0x7d90d06ec7e2bf11f1604ee1b36d1b652ed5558776687bdd3c4dacb10351bbea proposalID=0x9b80ffa6ba6a59a2029099ffda0ab3c57281ce720a3c898bec71e0a9834c7f2b blockHash=0x7e3dea2a7bded9b1894afb758c283ba30c2ecd692aa56fd9ffb369f1650bc109 bodyHash=0x06bfae6a68323dfc893c9d26e8a368ac623adbe5020c5143be0354545d73818c bodySize=830  refBytes=439
        t=2026-09-22T13:21:19+0200 lvl=info msg="HOTSTUFF PROPOSAL MANIFEST stored"     from=127.0.0.1:52819 number=77 proposalID=0x03df02eed6af688467b57d3d3db3c751b72c6bd210fb5df3ffcc7f2f112a764a manifestBytes=1220 missing=0 bodyBytes=3349
        t=2026-09-22T13:21:19+0200 lvl=info msg="HOTSTUFF PROPOSAL MANIFEST stored"     from=127.0.0.1:45749 number=78 proposalID=0xdf3da56bacddf2621c4b799bd07e509c5b5185ee50b73460e45a47188b515f90 manifestBytes=830  missing=0 bodyBytes=830
        t=2026-09-22T13:21:20+0200 lvl=info msg="HOTSTUFF PROPOSAL REF"                 number=79 viewID=0x0bc467f6461cdc3f1a1c729da958885210cf36cc1984e60eaf637f213e1a396f proposalID=0xfaed1d959b7f15d77e9df45a8629413039041370bc8c96dddbd4c26081323dee blockHash=0xdac3e391871f9b9e81912591644e62aa08d85c7c71f36ffdeb04079681d0a3de bodyHash=0xaecaf7e57677caee4b71951662a7eb5affa7bb9c225499946bce2e30c0213728 bodySize=1653 refBytes=442
        t=2026-09-22T13:21:21+0200 lvl=info msg="HOTSTUFF PROPOSAL MANIFEST stored"     from=127.0.0.1:58144 number=80 proposalID=0xd2a08d5229d4dbfecdf76723e1e1102682499a2dd35bd2a7461abcd1de33755f manifestBytes=830  missing=0 bodyBytes=830
        t=2026-09-22T13:21:22+0200 lvl=warn msg=GetBlockByNumer                         number=1
        t=2026-09-22T13:21:22+0200 lvl=warn msg=GetBlockByNumer                         number=1
        t=2026-09-22T13:21:22+0200 lvl=warn msg=GetBlockByNumer                         number=79
        t=2026-09-22T13:21:22+0200 lvl=warn msg=GetBlockByNumer                         number=1
        t=2026-09-22T13:21:22+0200 lvl=warn msg=GetBlockByNumer                         number=1
        t=2026-09-22T13:21:22+0200 lvl=warn msg=GetBlockByNumer                         number=79
        t=2026-09-22T13:21:22+0200 lvl=info msg="HOTSTUFF PROPOSAL REF"                 number=81 viewID=0x4049e86b0d04a33f9b42a7cbec1b8075134a392026b02e0f3b4c7647ccb4b3fd proposalID=0x768363fc032ea095cc0541e22729c022f0f087427af124228a28feb4c8ad1a31 blockHash=0x51c701122863643385817707160437fa074ff54ad02e742dd5579f03360b7c1d bodyHash=0x4c73d5c20f2aa48e8b55e6146d479a28f8c7567952f67ce3134e95dcd3980902 bodySize=1314 refBytes=442
        t=2026-09-22T13:21:22+0200 lvl=info msg="HOTSTUFF PROPOSAL MANIFEST stored"     from=127.0.0.1:35107 number=82 proposalID=0x8f45f7b8fb3fbc1bd5e8e06f55cbd5fb2aa2649a1586c76b29871d3eacf96c53 manifestBytes=830  missing=0 bodyBytes=830
        t=2026-09-22T13:21:22+0200 lvl=warn msg=GetBlockByNumer                         number=1
        t=2026-09-22T13:21:23+0200 lvl=warn msg=GetBlockByNumer                         number=1
        t=2026-09-22T13:21:23+0200 lvl=info msg="HOTSTUFF PROPOSAL MANIFEST stored"     from=127.0.0.1:58144 number=83 proposalID=0xf309e9c3f2b01188332d391b6bceaf02957303dcb55deac17dc51f5d6549cd83 manifestBytes=1219 missing=0 bodyBytes=1314
        t=2026-09-22T13:21:23+0200 lvl=info msg="HOTSTUFF PROPOSAL MANIFEST stored"     from=127.0.0.1:35107 number=84 proposalID=0x7a7107b4ac4dfef73d4ca829f1cef295b744cfcfa7653d88c170a61ab1680f47 manifestBytes=830  missing=0 bodyBytes=830
        t=2026-09-22T13:21:23+0200 lvl=warn msg=GetBlockByNumer                         number=1
        t=2026-09-22T13:21:23+0200 lvl=warn msg=GetBlockByNumer                         number=1
        t=2026-09-22T13:21:24+0200 lvl=warn msg=GetBlockByNumer                         number=1
        t=2026-09-22T13:21:28+0200 lvl=warn msg="HOTSTUFF RECOVERY resend NewView"      number=85 viewID=0x9be3169db364506bd258db980a9eed7b438a69375a43e71caaa2b0069718da7a to=127.0.0.1:58144
        t=2026-09-22T13:21:30+0200 lvl=info msg="HOTSTUFF PROPOSAL MANIFEST stored"     from=127.0.0.1:58144 number=85 proposalID=0x9e5facf0f32e72ef7191fbaf5546fc389039435eece94f0471e46500878489f4 manifestBytes=1219 missing=0 bodyBytes=1653
        t=2026-09-22T13:21:31+0200 lvl=info msg="HOTSTUFF PROPOSAL MANIFEST stored"     from=127.0.0.1:52819 number=86 proposalID=0x87f7222fd980155dec09d95b9d2cb27c046ab213c36eb473f086ea91ac3ad457 manifestBytes=830  missing=0 bodyBytes=830
        t=2026-09-22T13:21:36+0200 lvl=warn msg="HOTSTUFF RECOVERY resend NewView"      number=87 viewID=0x77dd5abf50651be69b2abac7f6eca36b3f96614477c4b9d1c432203f551475fb to=127.0.0.1:54494
        t=2026-09-22T13:21:38+0200 lvl=info msg="HOTSTUFF PROPOSAL REF"                 number=87 viewID=0x77dd5abf50651be69b2abac7f6eca36b3f96614477c4b9d1c432203f551475fb proposalID=0xd26248b830c77264cf3b0173d175a6b588ec8f7200ab2b05f89c844bde04f2e7 blockHash=0xe25dd2317fe09d6a32cfea9caa28de009e63bb51836d8f2ed3219aad8ff72df2 bodyHash=0x22d25519547fd30e247c8433d93a7b784bcc5a5d2646d982fedb14f68cb77d54 bodySize=1653 refBytes=442
        t=2026-09-22T13:21:38+0200 lvl=info msg="HOTSTUFF PROPOSAL REF"                 number=88 viewID=0x3e188c2041cb3183e643d49f2ae6458bb420a8821a647c9176d6918e526ad52f proposalID=0xf0dc4670c9207a6e6b5c3278b604b1588bb2f05561c207b2167acc68f6c25406 blockHash=0x5e684623bcb58a847587a8760843d8f781aa7a2b36a8578779003b760b81fc9b bodyHash=0xc6cbef072d53d5198c762d0feb1fe6539426a386594691012af9dfaf9b40a0cb bodySize=830  refBytes=439
        t=2026-09-22T13:21:38+0200 lvl=warn msg="Send msg try again"                    address=[::]:54494      Couldn't send to=127.0.0.1:35107 error="Operation Canceled"
        t=2026-09-22T13:21:38+0200 lvl=eror msg=CloseConnect                            =[::]:54494 having error closing conn to=127.0.0.1:35644 error="Connection Closed"
        t=2026-09-22T13:21:43+0200 lvl=warn msg="HOTSTUFF RECOVERY resend NewView"      number=89 viewID=0xfd8688b210e1d2e90ba2ec1166521fe3725c2507245371bd7f3647013f5e333c to=127.0.0.1:37652
        t=2026-09-22T13:21:47+0200 lvl=info msg="HOTSTUFF PROPOSAL MANIFEST stored"     from=127.0.0.1:37652 number=89 proposalID=0xeb5a3a1e20ce263099670e81e234b5963d1374f40eda01b452bb72254c3163e4 manifestBytes=1219 missing=0 bodyBytes=1653
        t=2026-09-22T13:21:47+0200 lvl=info msg="HOTSTUFF PROPOSAL MANIFEST stored"     from=127.0.0.1:37652 number=90 proposalID=0xb89880af16c734bdf6c32612122eda01a482595dd3694b70b6a8c6dbbcffbd1b manifestBytes=1219 missing=0 bodyBytes=1653
        t=2026-09-22T13:21:47+0200 lvl=info msg="HOTSTUFF PROPOSAL MANIFEST stored"     from=127.0.0.1:35107 number=91 proposalID=0x115a07ca3c8a252406e5c2345e083a52b116e2f7525d65c32a27cd992676e99e manifestBytes=830  missing=0 bodyBytes=830
        t=2026-09-22T13:21:52+0200 lvl=info msg="HOTSTUFF PROPOSAL REF"                 number=92 viewID=0x88f6fa63e2ab7198596b7f9674ce287047d8d5f1572794ebcc0628f3b0bd45b9 proposalID=0x889b51add22b10a68647da3b7e426513552355f7830b939bcb3f39e2892719e4 blockHash=0xcd6ddde9b8d34b4bbf54db5202ee48be04f304fd91486440b24b93fdfa5f125c bodyHash=0xe1976b9464a07d6d5bdb55203f8bb1bcffaa83e1daca685b4cf81419163519de bodySize=1653 refBytes=442
        t=2026-09-22T13:21:53+0200 lvl=info msg="HOTSTUFF PROPOSAL MANIFEST stored"     from=127.0.0.1:45749 number=93 proposalID=0x6ce9b4eac5af5bc1deb00448e48b8dccef4a67064507373349371186bd43025f manifestBytes=1219 missing=0 bodyBytes=1653
        t=2026-09-22T13:21:53+0200 lvl=info msg="HOTSTUFF PROPOSAL MANIFEST stored"     from=127.0.0.1:37652 number=94 proposalID=0xc1f4b472e1e28e3d7db0486132354008ab2b919307be73fa7d2e5e2a87517671 manifestBytes=830  missing=0 bodyBytes=830
        t=2026-09-22T13:21:58+0200 lvl=warn msg="HOTSTUFF RECOVERY resend NewView"      number=95 viewID=0x27729630f12c838ff971d7dbb279c1c55be4adfccf3619114e907da962afb7fe to=127.0.0.1:58144
        t=2026-09-22T13:22:03+0200 lvl=warn msg="HOTSTUFF RECOVERY resend NewView"      number=95 viewID=0x27729630f12c838ff971d7dbb279c1c55be4adfccf3619114e907da962afb7fe to=127.0.0.1:58144
        t=2026-09-22T13:22:04+0200 lvl=info msg="HOTSTUFF PROPOSAL MANIFEST stored"     from=127.0.0.1:58144 number=95 proposalID=0x63ae18cfce56b110ff14a48dd31122fcea623ae7034d25d5ef04eab1bc0199c8 manifestBytes=1220 missing=0 bodyBytes=3872
        t=2026-09-22T13:22:04+0200 lvl=info msg="HOTSTUFF PROPOSAL MANIFEST stored"     from=127.0.0.1:45749 number=96 proposalID=0x7008f2657be04629c269ed91f213be2b3a3092ab77f10c323eeee76cf9ed47f5 manifestBytes=1220 missing=0 bodyBytes=3872
        t=2026-09-22T13:22:05+0200 lvl=info msg="HOTSTUFF PROPOSAL REF"                 number=97 viewID=0x3d8c8ae79a41d6e9fb8bbd69c996ecdc7bc84345ac42ae1c61ab0b233480839a proposalID=0x0ed8185fd2cd662b17341f8c5c835bfa53f884489889c29faeaa2b108eb2d84e blockHash=0xa7674e398af1d1f7ae83cde580630d36a372ffedba726dea63e26e31b644df76 bodyHash=0x35437ac9aac68e11171c598a4cf29d103e56814bd739b0582480ce5cdd11aae0 bodySize=830  refBytes=439
        t=2026-09-22T13:22:10+0200 lvl=warn msg="HOTSTUFF RECOVERY resend NewView"      number=98 viewID=0x07a2661e718d79ecf1ea9e2eff06ab8764e04455d1f34e22c0e12281fb300160 to=127.0.0.1:45749
        t=2026-09-22T13:22:15+0200 lvl=warn msg="HOTSTUFF RECOVERY resend NewView"      number=98 viewID=0x07a2661e718d79ecf1ea9e2eff06ab8764e04455d1f34e22c0e12281fb300160 to=127.0.0.1:45749
        t=2026-09-22T13:22:20+0200 lvl=warn msg="HOTSTUFF RECOVERY resend NewView"      number=98 viewID=0x07a2661e718d79ecf1ea9e2eff06ab8764e04455d1f34e22c0e12281fb300160 to=127.0.0.1:45749
        t=2026-09-22T13:22:21+0200 lvl=info msg="HOTSTUFF PROPOSAL MANIFEST stored"     from=127.0.0.1:45749 number=98 proposalID=0xa253fc867887bed26f416c3b2c40af2114b3e6ff1b857443d55a9baa22361de7 manifestBytes=1220 missing=0 bodyBytes=62704
        t=2026-09-22T13:22:22+0200 lvl=info msg="HOTSTUFF PROPOSAL MANIFEST stored"     from=127.0.0.1:44282 number=99 proposalID=0xe4cb670b51f7defbf9dab3b44f85764dfdc86d9327ecc93408bf299e1fb9809b manifestBytes=1220 missing=0 bodyBytes=62704
        t=2026-09-22T13:22:22+0200 lvl=info msg="HOTSTUFF PROPOSAL MANIFEST stored"     from=127.0.0.1:37652 number=100 proposalID=0x831313b5bdd000066823a87f3f35fe53761e74927bebe90b77573cb288dbca9d manifestBytes=830  missing=0 bodyBytes=830
    fhs_process_recovery_test.go:227: validator 1057189 complete log: /tmp/fhs-process-failure-1612956737.log
    fhs_process_recovery_test.go:232: validator 1057189 log tail:
        =2026-09-22T13:21:08+0200 lvl=info msg="HOTSTUFF PROPOSAL MANIFEST stored"     from=127.0.0.1:58144 number=68 proposalID=0x42bec71f35f2e6f13104966ca42c7040de29cf6e6abe4beed0f725267586bed9 manifestBytes=830  missing=0 bodyBytes=830
        t=2026-09-22T13:21:08+0200 lvl=warn msg=GetBlockByNumer                         number=1
        t=2026-09-22T13:21:08+0200 lvl=warn msg=GetBlockByNumer                         number=1
        t=2026-09-22T13:21:08+0200 lvl=warn msg=GetBlockByNumer                         number=67
        t=2026-09-22T13:21:08+0200 lvl=info msg="HOTSTUFF PROPOSAL MANIFEST stored"     from=127.0.0.1:37652 number=69 proposalID=0x096e43f1d8e11341e77ac0bed6dc9c93a4de958834d0e75ee3f9c6627d12fe8d manifestBytes=1220 missing=0 bodyBytes=3872
        t=2026-09-22T13:21:08+0200 lvl=warn msg=GetBlockByNumer                         number=1
        t=2026-09-22T13:21:08+0200 lvl=info msg="HOTSTUFF PROPOSAL MANIFEST stored"     from=127.0.0.1:35107 number=70 proposalID=0xa3790cab13dfe1b3a8aec2059dd4715f429cc1941bb4aa531cc0c687704f1be2 manifestBytes=830  missing=0 bodyBytes=830
        t=2026-09-22T13:21:08+0200 lvl=warn msg=GetBlockByNumer                         number=1
        t=2026-09-22T13:21:08+0200 lvl=warn msg=GetBlockByNumer                         number=1
        t=2026-09-22T13:21:09+0200 lvl=warn msg=GetBlockByNumer                         number=1
        t=2026-09-22T13:21:09+0200 lvl=warn msg=GetBlockByNumer                         number=68
        t=2026-09-22T13:21:09+0200 lvl=warn msg=GetBlockByNumer                         number=1
        t=2026-09-22T13:21:09+0200 lvl=warn msg=GetBlockByNumer                         number=1
        t=2026-09-22T13:21:09+0200 lvl=warn msg=GetBlockByNumer                         number=69
        t=2026-09-22T13:21:09+0200 lvl=warn msg=GetBlockByNumer                         number=1
        t=2026-09-22T13:21:09+0200 lvl=warn msg=GetBlockByNumer                         number=1
        t=2026-09-22T13:21:09+0200 lvl=warn msg=GetBlockByNumer                         number=69
        t=2026-09-22T13:21:09+0200 lvl=warn msg=GetBlockByNumer                         number=1
        t=2026-09-22T13:21:09+0200 lvl=warn msg=GetBlockByNumer                         number=1
        t=2026-09-22T13:21:10+0200 lvl=warn msg=GetBlockByNumer                         number=69
        t=2026-09-22T13:21:10+0200 lvl=warn msg=GetBlockByNumer                         number=1
        t=2026-09-22T13:21:10+0200 lvl=warn msg=GetBlockByNumer                         number=1
        t=2026-09-22T13:21:10+0200 lvl=warn msg=GetBlockByNumer                         number=69
        t=2026-09-22T13:21:10+0200 lvl=warn msg=GetBlockByNumer                         number=1
        t=2026-09-22T13:21:10+0200 lvl=warn msg=GetBlockByNumer                         number=1
        t=2026-09-22T13:21:10+0200 lvl=warn msg=GetBlockByNumer                         number=69
        t=2026-09-22T13:21:10+0200 lvl=warn msg=GetBlockByNumer                         number=1
        t=2026-09-22T13:21:10+0200 lvl=warn msg=GetBlockByNumer                         number=1
        t=2026-09-22T13:21:10+0200 lvl=warn msg=GetBlockByNumer                         number=69
        t=2026-09-22T13:21:11+0200 lvl=warn msg=GetBlockByNumer                         number=1
        t=2026-09-22T13:21:11+0200 lvl=warn msg=GetBlockByNumer                         number=1
        t=2026-09-22T13:21:11+0200 lvl=warn msg=GetBlockByNumer                         number=69
        t=2026-09-22T13:21:11+0200 lvl=warn msg=GetBlockByNumer                         number=1
        t=2026-09-22T13:21:11+0200 lvl=warn msg=GetBlockByNumer                         number=1
        t=2026-09-22T13:21:11+0200 lvl=warn msg=GetBlockByNumer                         number=69
        t=2026-09-22T13:21:11+0200 lvl=warn msg=GetBlockByNumer                         number=1
        t=2026-09-22T13:21:11+0200 lvl=warn msg=GetBlockByNumer                         number=1
        t=2026-09-22T13:21:11+0200 lvl=warn msg=GetBlockByNumer                         number=69
        t=2026-09-22T13:21:12+0200 lvl=warn msg=GetBlockByNumer                         number=1
        t=2026-09-22T13:21:12+0200 lvl=warn msg=GetBlockByNumer                         number=1
        t=2026-09-22T13:21:12+0200 lvl=warn msg=GetBlockByNumer                         number=69
        t=2026-09-22T13:21:12+0200 lvl=warn msg=GetBlockByNumer                         number=1
        t=2026-09-22T13:21:12+0200 lvl=warn msg=GetBlockByNumer                         number=1
        t=2026-09-22T13:21:12+0200 lvl=warn msg=GetBlockByNumer                         number=69
        t=2026-09-22T13:21:12+0200 lvl=warn msg=GetBlockByNumer                         number=1
        t=2026-09-22T13:21:12+0200 lvl=warn msg=GetBlockByNumer                         number=1
        t=2026-09-22T13:21:12+0200 lvl=warn msg=GetBlockByNumer                         number=69
        t=2026-09-22T13:21:13+0200 lvl=warn msg=GetBlockByNumer                         number=1
        t=2026-09-22T13:21:13+0200 lvl=warn msg=GetBlockByNumer                         number=1
        t=2026-09-22T13:21:13+0200 lvl=warn msg=GetBlockByNumer                         number=69
        t=2026-09-22T13:21:13+0200 lvl=warn msg=GetBlockByNumer                         number=1
        t=2026-09-22T13:21:13+0200 lvl=warn msg=GetBlockByNumer                         number=1
        t=2026-09-22T13:21:13+0200 lvl=info msg="HOTSTUFF PROPOSAL MANIFEST stored"     from=127.0.0.1:37652 number=71 proposalID=0x20d68b31a32a301280a4b25d853c7d5df82ef4a877bdde8377f7d49aeef80829 manifestBytes=1220 missing=0 bodyBytes=3350
        t=2026-09-22T13:21:13+0200 lvl=warn msg=GetBlockByNumer                         number=69
        t=2026-09-22T13:21:13+0200 lvl=info msg="HOTSTUFF PROPOSAL MANIFEST stored"     from=127.0.0.1:35107 number=72 proposalID=0x7188244740dd935085ec62ea226ea6b2d509c78c1ddf124027827c3f798f07d4 manifestBytes=830  missing=0 bodyBytes=830
        t=2026-09-22T13:21:13+0200 lvl=warn msg=GetBlockByNumer                         number=1
        t=2026-09-22T13:21:13+0200 lvl=warn msg=GetBlockByNumer                         number=1
        t=2026-09-22T13:21:13+0200 lvl=warn msg=GetBlockByNumer                         number=1
        t=2026-09-22T13:21:13+0200 lvl=warn msg=GetBlockByNumer                         number=1
        t=2026-09-22T13:21:14+0200 lvl=warn msg=GetBlockByNumer                         number=1
        t=2026-09-22T13:21:14+0200 lvl=warn msg=GetBlockByNumer                         number=1
        t=2026-09-22T13:21:14+0200 lvl=warn msg=GetBlockByNumer                         number=1
        t=2026-09-22T13:21:14+0200 lvl=warn msg=GetBlockByNumer                         number=1
        t=2026-09-22T13:21:14+0200 lvl=warn msg=GetBlockByNumer                         number=70
        t=2026-09-22T13:21:14+0200 lvl=warn msg=GetBlockByNumer                         number=1
        t=2026-09-22T13:21:14+0200 lvl=warn msg=GetBlockByNumer                         number=1
        t=2026-09-22T13:21:14+0200 lvl=warn msg=GetBlockByNumer                         number=71
        t=2026-09-22T13:21:14+0200 lvl=warn msg=GetBlockByNumer                         number=1
        t=2026-09-22T13:21:14+0200 lvl=warn msg=GetBlockByNumer                         number=1
        t=2026-09-22T13:21:14+0200 lvl=warn msg=GetBlockByNumer                         number=71
        t=2026-09-22T13:21:15+0200 lvl=warn msg=GetBlockByNumer                         number=1
        t=2026-09-22T13:21:15+0200 lvl=warn msg=GetBlockByNumer                         number=1
        t=2026-09-22T13:21:15+0200 lvl=warn msg=GetBlockByNumer                         number=71
        t=2026-09-22T13:21:15+0200 lvl=info msg="HOTSTUFF PROPOSAL REF"                 number=73 viewID=0x5c8fa69467f9784fffdbdf5a25de15c0f0eb0a761286680c83bef3d52b2a3031 proposalID=0x6e11098accc13880a6d62b1db82b99b48cdb9d2d21a51d3ba868da32930dcd37 blockHash=0x92bf054ef5554714ee5f3a36430573d0d380e1813756fb58af4a6b0ff450c9c9 bodyHash=0xb871cdb2c8ed8dbdcc39e8f75e89ba8a2b1babf43b5c7ac18d2e18004aa4c19d bodySize=3350  refBytes=442
        t=2026-09-22T13:21:15+0200 lvl=warn msg="Send msg try again"                    address=[::]:52819      Couldn't send to=127.0.0.1:35107 error="Operation Canceled"
        t=2026-09-22T13:21:15+0200 lvl=eror msg=CloseConnect                            =[::]:52819 having error closing conn to=127.0.0.1:35107 error="Connection Closed"
        t=2026-09-22T13:21:15+0200 lvl=warn msg=GetBlockByNumer                         number=1
        t=2026-09-22T13:21:15+0200 lvl=warn msg=GetBlockByNumer                         number=1
        t=2026-09-22T13:21:15+0200 lvl=warn msg=GetBlockByNumer                         number=71
        t=2026-09-22T13:21:15+0200 lvl=warn msg=GetBlockByNumer                         number=1
        t=2026-09-22T13:21:15+0200 lvl=warn msg=GetBlockByNumer                         number=1
        t=2026-09-22T13:21:15+0200 lvl=warn msg=GetBlockByNumer                         number=72
        t=2026-09-22T13:21:15+0200 lvl=info msg="HOTSTUFF PROPOSAL MANIFEST stored"     from=127.0.0.1:37652 number=74 proposalID=0x736176ef3a56f75cc95c41c02d0a9c5bc6a66f4c408c96404ff00d73165863ff manifestBytes=830  missing=0 bodyBytes=830
        t=2026-09-22T13:21:16+0200 lvl=warn msg=GetBlockByNumer                         number=1
        t=2026-09-22T13:21:16+0200 lvl=warn msg=GetBlockByNumer                         number=1
        t=2026-09-22T13:21:16+0200 lvl=warn msg=GetBlockByNumer                         number=73
        t=2026-09-22T13:21:16+0200 lvl=warn msg=GetBlockByNumer                         number=1
        t=2026-09-22T13:21:16+0200 lvl=warn msg=GetBlockByNumer                         number=73
        t=2026-09-22T13:21:16+0200 lvl=warn msg=GetBlockByNumer                         number=1
        t=2026-09-22T13:21:16+0200 lvl=warn msg=GetBlockByNumer                         number=73
        t=2026-09-22T13:21:17+0200 lvl=info msg="HOTSTUFF PROPOSAL MANIFEST stored"     from=127.0.0.1:35107 number=75 proposalID=0x97540bf87f9b4b539b7ebf04138356a14d7ea57659ac8688f0173fab2b8b0030 manifestBytes=1219 missing=1 bodyBytes=1653
        t=2026-09-22T13:21:17+0200 lvl=eror msg="OnPropose wait proposal body"          number=75 proposalID=0x97540bf87f9b4b539b7ebf04138356a14d7ea57659ac8688f0173fab2b8b0030 err="hotstuff view state too old"
        t=2026-09-22T13:21:17+0200 lvl=warn msg="HOTSTUFF PROPOSAL MANIFEST authority rejected" from=127.0.0.1:54494 leader=127.0.0.1:54494 number=76 proposalID=0x9b80ffa6ba6a59a2029099ffda0ab3c57281ce720a3c898bec71e0a9834c7f2b err="proposal manifest does not match the current deterministic leader route: manifest key committee is already canonical but is not the current route"
        t=2026-09-22T13:21:17+0200 lvl=warn msg="reject new-view before storage"        from=127.0.0.1:54494 viewID=0x6d92cbe1e574b67078b893a87000debd4fec9963e60a7f59d67a10e2a7ea67dc err="hotstuff proposal validation pending"
        t=2026-09-22T13:21:17+0200 lvl=warn msg="reject new-view before storage"        from=127.0.0.1:35107 viewID=0x6d92cbe1e574b67078b893a87000debd4fec9963e60a7f59d67a10e2a7ea67dc err="hotstuff proposal validation pending"
        t=2026-09-22T13:21:17+0200 lvl=warn msg="reject new-view before storage"        from=127.0.0.1:44282 viewID=0x6d92cbe1e574b67078b893a87000debd4fec9963e60a7f59d67a10e2a7ea67dc err="hotstuff proposal validation pending"
        t=2026-09-22T13:21:17+0200 lvl=warn msg="reject new-view before storage"        from=127.0.0.1:58144 viewID=0x6d92cbe1e574b67078b893a87000debd4fec9963e60a7f59d67a10e2a7ea67dc err="hotstuff proposal validation pending"
        t=2026-09-22T13:21:17+0200 lvl=warn msg="reject new-view before storage"        from=127.0.0.1:37652 viewID=0x6d92cbe1e574b67078b893a87000debd4fec9963e60a7f59d67a10e2a7ea67dc err="hotstuff proposal validation pending"
        t=2026-09-22T13:21:17+0200 lvl=info msg="HOTSTUFF PROPOSAL REPAIR REQUEST"      to=127.0.0.1:54494 number=76 proposalID=0x9b80ffa6ba6a59a2029099ffda0ab3c57281ce720a3c898bec71e0a9834c7f2b missing=0 attempt=0
        t=2026-09-22T13:21:17+0200 lvl=info msg="HOTSTUFF PROPOSAL MANIFEST stored"     from=127.0.0.1:54494 number=76 proposalID=0x9b80ffa6ba6a59a2029099ffda0ab3c57281ce720a3c898bec71e0a9834c7f2b manifestBytes=830  missing=0 bodyBytes=830
        t=2026-09-22T13:21:19+0200 lvl=info msg="HOTSTUFF PROPOSAL REF"                 number=77 viewID=0x6d92cbe1e574b67078b893a87000debd4fec9963e60a7f59d67a10e2a7ea67dc proposalID=0x03df02eed6af688467b57d3d3db3c751b72c6bd210fb5df3ffcc7f2f112a764a blockHash=0x9d75ef76c39b648740823584cab2d336b33e68a9c10cc436e2f3fc9ab41d4b33 bodyHash=0xf4d80ea673d66c2495c99654b680d42ef0083aec79fc16581dc5d3d3fa1d206f bodySize=3349  refBytes=442
        t=2026-09-22T13:21:19+0200 lvl=warn msg="Send msg try again"                    address=[::]:52819      Couldn't send to=127.0.0.1:35107 error="Operation Canceled"
        t=2026-09-22T13:21:19+0200 lvl=eror msg=CloseConnect                            =[::]:52819 having error closing conn to=127.0.0.1:35107 error="Connection Closed"
        t=2026-09-22T13:21:19+0200 lvl=info msg="HOTSTUFF PROPOSAL MANIFEST stored"     from=127.0.0.1:45749 number=78 proposalID=0xdf3da56bacddf2621c4b799bd07e509c5b5185ee50b73460e45a47188b515f90 manifestBytes=830  missing=0 bodyBytes=830
        t=2026-09-22T13:21:20+0200 lvl=info msg="HOTSTUFF PROPOSAL MANIFEST stored"     from=127.0.0.1:54494 number=79 proposalID=0xfaed1d959b7f15d77e9df45a8629413039041370bc8c96dddbd4c26081323dee manifestBytes=1219 missing=0 bodyBytes=1653
        t=2026-09-22T13:21:21+0200 lvl=info msg="HOTSTUFF PROPOSAL MANIFEST stored"     from=127.0.0.1:58144 number=80 proposalID=0xd2a08d5229d4dbfecdf76723e1e1102682499a2dd35bd2a7461abcd1de33755f manifestBytes=830  missing=0 bodyBytes=830
        t=2026-09-22T13:21:22+0200 lvl=warn msg=GetBlockByNumer                         number=1
        t=2026-09-22T13:21:22+0200 lvl=warn msg=GetBlockByNumer                         number=1
        t=2026-09-22T13:21:22+0200 lvl=warn msg=GetBlockByNumer                         number=79
        t=2026-09-22T13:21:22+0200 lvl=warn msg=GetBlockByNumer                         number=1
        t=2026-09-22T13:21:22+0200 lvl=warn msg=GetBlockByNumer                         number=1
        t=2026-09-22T13:21:22+0200 lvl=warn msg=GetBlockByNumer                         number=79
        t=2026-09-22T13:21:22+0200 lvl=info msg="HOTSTUFF PROPOSAL MANIFEST stored"     from=127.0.0.1:54494 number=81 proposalID=0x768363fc032ea095cc0541e22729c022f0f087427af124228a28feb4c8ad1a31 manifestBytes=1219 missing=0 bodyBytes=1314
        t=2026-09-22T13:21:22+0200 lvl=info msg="HOTSTUFF PROPOSAL MANIFEST stored"     from=127.0.0.1:35107 number=82 proposalID=0x8f45f7b8fb3fbc1bd5e8e06f55cbd5fb2aa2649a1586c76b29871d3eacf96c53 manifestBytes=830  missing=0 bodyBytes=830
        t=2026-09-22T13:21:22+0200 lvl=warn msg=GetBlockByNumer                         number=1
        t=2026-09-22T13:21:23+0200 lvl=warn msg=GetBlockByNumer                         number=1
        t=2026-09-22T13:21:23+0200 lvl=info msg="HOTSTUFF PROPOSAL MANIFEST stored"     from=127.0.0.1:58144 number=83 proposalID=0xf309e9c3f2b01188332d391b6bceaf02957303dcb55deac17dc51f5d6549cd83 manifestBytes=1219 missing=0 bodyBytes=1314
        t=2026-09-22T13:21:23+0200 lvl=info msg="HOTSTUFF PROPOSAL MANIFEST stored"     from=127.0.0.1:35107 number=84 proposalID=0x7a7107b4ac4dfef73d4ca829f1cef295b744cfcfa7653d88c170a61ab1680f47 manifestBytes=830  missing=0 bodyBytes=830
        t=2026-09-22T13:21:23+0200 lvl=warn msg=GetBlockByNumer                         number=1
        t=2026-09-22T13:21:23+0200 lvl=warn msg=GetBlockByNumer                         number=1
        t=2026-09-22T13:21:24+0200 lvl=warn msg=GetBlockByNumer                         number=1
        t=2026-09-22T13:21:28+0200 lvl=warn msg="HOTSTUFF RECOVERY resend NewView"      number=85 viewID=0x9be3169db364506bd258db980a9eed7b438a69375a43e71caaa2b0069718da7a to=127.0.0.1:58144
        t=2026-09-22T13:21:30+0200 lvl=info msg="HOTSTUFF PROPOSAL MANIFEST stored"     from=127.0.0.1:58144 number=85 proposalID=0x9e5facf0f32e72ef7191fbaf5546fc389039435eece94f0471e46500878489f4 manifestBytes=1219 missing=0 bodyBytes=1653
        t=2026-09-22T13:21:31+0200 lvl=info msg="HOTSTUFF PROPOSAL REF"                 number=86 viewID=0x0e8d7358f9d6096deaae3df7559f03e6348c79f23b1ccc46877fce6386178cfe proposalID=0x87f7222fd980155dec09d95b9d2cb27c046ab213c36eb473f086ea91ac3ad457 blockHash=0x042769205d0593ff847e981be81d936978a709608d6d661858af6ff33e44cf61 bodyHash=0xc8df6a331ec9817ae2170038ff04ae445e700dc5821fbb759e167951b2f093d8 bodySize=830   refBytes=439
        t=2026-09-22T13:21:31+0200 lvl=warn msg="Send msg try again"                    address=[::]:52819      Couldn't send to=127.0.0.1:35107 error="Operation Canceled"
        t=2026-09-22T13:21:31+0200 lvl=eror msg=CloseConnect                            =[::]:52819 having error closing conn to=127.0.0.1:35107 error="Connection Closed"
        t=2026-09-22T13:21:36+0200 lvl=warn msg="HOTSTUFF RECOVERY resend NewView"      number=87 viewID=0x77dd5abf50651be69b2abac7f6eca36b3f96614477c4b9d1c432203f551475fb to=127.0.0.1:54494
        t=2026-09-22T13:21:38+0200 lvl=info msg="HOTSTUFF PROPOSAL MANIFEST stored"     from=127.0.0.1:54494 number=87 proposalID=0xd26248b830c77264cf3b0173d175a6b588ec8f7200ab2b05f89c844bde04f2e7 manifestBytes=1219 missing=0 bodyBytes=1653
        t=2026-09-22T13:21:38+0200 lvl=info msg="HOTSTUFF PROPOSAL MANIFEST stored"     from=127.0.0.1:54494 number=88 proposalID=0xf0dc4670c9207a6e6b5c3278b604b1588bb2f05561c207b2167acc68f6c25406 manifestBytes=830  missing=0 bodyBytes=830
        t=2026-09-22T13:21:43+0200 lvl=warn msg="HOTSTUFF RECOVERY resend NewView"      number=89 viewID=0xfd8688b210e1d2e90ba2ec1166521fe3725c2507245371bd7f3647013f5e333c to=127.0.0.1:37652
        t=2026-09-22T13:21:47+0200 lvl=info msg="HOTSTUFF PROPOSAL MANIFEST stored"     from=127.0.0.1:37652 number=89 proposalID=0xeb5a3a1e20ce263099670e81e234b5963d1374f40eda01b452bb72254c3163e4 manifestBytes=1219 missing=1 bodyBytes=1653
        t=2026-09-22T13:21:47+0200 lvl=eror msg="OnPropose wait proposal body"          number=89 proposalID=0xeb5a3a1e20ce263099670e81e234b5963d1374f40eda01b452bb72254c3163e4 err="hotstuff view state too old"
        t=2026-09-22T13:21:47+0200 lvl=warn msg="HOTSTUFF PROPOSAL MANIFEST authority rejected" from=127.0.0.1:37652 leader=127.0.0.1:37652 number=90 proposalID=0xb89880af16c734bdf6c32612122eda01a482595dd3694b70b6a8c6dbbcffbd1b err="proposal manifest does not match the current deterministic leader route: manifest key committee is already canonical but is not the current route"
        t=2026-09-22T13:21:47+0200 lvl=eror msg="OnPropose wait proposal body"          number=90 proposalID=0xb89880af16c734bdf6c32612122eda01a482595dd3694b70b6a8c6dbbcffbd1b err="hotstuff view state too old"
        t=2026-09-22T13:21:47+0200 lvl=warn msg="HOTSTUFF PROPOSAL MANIFEST authority rejected" from=127.0.0.1:35107 leader=127.0.0.1:35107 number=91 proposalID=0x115a07ca3c8a252406e5c2345e083a52b116e2f7525d65c32a27cd992676e99e err="proposal manifest does not match the current deterministic leader route: manifest key committee is already canonical but is not the current route"
        t=2026-09-22T13:21:47+0200 lvl=info msg="HOTSTUFF PROPOSAL REPAIR REQUEST"      to=127.0.0.1:37652 number=90 proposalID=0xb89880af16c734bdf6c32612122eda01a482595dd3694b70b6a8c6dbbcffbd1b missing=0 attempt=0
        t=2026-09-22T13:21:47+0200 lvl=info msg="HOTSTUFF PROPOSAL MANIFEST stored"     from=127.0.0.1:37652 number=90 proposalID=0xb89880af16c734bdf6c32612122eda01a482595dd3694b70b6a8c6dbbcffbd1b manifestBytes=1219 missing=0 bodyBytes=1653
        t=2026-09-22T13:21:48+0200 lvl=info msg="HOTSTUFF PROPOSAL REPAIR REQUEST"      to=127.0.0.1:35107 number=91 proposalID=0x115a07ca3c8a252406e5c2345e083a52b116e2f7525d65c32a27cd992676e99e missing=0 attempt=0
        t=2026-09-22T13:21:48+0200 lvl=info msg="HOTSTUFF PROPOSAL MANIFEST stored"     from=127.0.0.1:35107 number=91 proposalID=0x115a07ca3c8a252406e5c2345e083a52b116e2f7525d65c32a27cd992676e99e manifestBytes=830  missing=0 bodyBytes=830
        t=2026-09-22T13:21:52+0200 lvl=info msg="HOTSTUFF PROPOSAL MANIFEST stored"     from=127.0.0.1:54494 number=92 proposalID=0x889b51add22b10a68647da3b7e426513552355f7830b939bcb3f39e2892719e4 manifestBytes=1219 missing=0 bodyBytes=1653
        t=2026-09-22T13:21:53+0200 lvl=info msg="HOTSTUFF PROPOSAL MANIFEST stored"     from=127.0.0.1:45749 number=93 proposalID=0x6ce9b4eac5af5bc1deb00448e48b8dccef4a67064507373349371186bd43025f manifestBytes=1219 missing=0 bodyBytes=1653
        t=2026-09-22T13:21:53+0200 lvl=info msg="HOTSTUFF PROPOSAL MANIFEST stored"     from=127.0.0.1:37652 number=94 proposalID=0xc1f4b472e1e28e3d7db0486132354008ab2b919307be73fa7d2e5e2a87517671 manifestBytes=830  missing=0 bodyBytes=830
        t=2026-09-22T13:21:58+0200 lvl=warn msg="HOTSTUFF RECOVERY resend NewView"      number=95 viewID=0x27729630f12c838ff971d7dbb279c1c55be4adfccf3619114e907da962afb7fe to=127.0.0.1:58144
        t=2026-09-22T13:22:03+0200 lvl=warn msg="HOTSTUFF RECOVERY resend NewView"      number=95 viewID=0x27729630f12c838ff971d7dbb279c1c55be4adfccf3619114e907da962afb7fe to=127.0.0.1:58144
        t=2026-09-22T13:22:04+0200 lvl=info msg="HOTSTUFF PROPOSAL MANIFEST stored"     from=127.0.0.1:58144 number=95 proposalID=0x63ae18cfce56b110ff14a48dd31122fcea623ae7034d25d5ef04eab1bc0199c8 manifestBytes=1220 missing=0 bodyBytes=3872
        t=2026-09-22T13:22:04+0200 lvl=info msg="HOTSTUFF PROPOSAL MANIFEST stored"     from=127.0.0.1:45749 number=96 proposalID=0x7008f2657be04629c269ed91f213be2b3a3092ab77f10c323eeee76cf9ed47f5 manifestBytes=1220 missing=0 bodyBytes=3872
        t=2026-09-22T13:22:05+0200 lvl=info msg="HOTSTUFF PROPOSAL MANIFEST stored"     from=127.0.0.1:54494 number=97 proposalID=0x0ed8185fd2cd662b17341f8c5c835bfa53f884489889c29faeaa2b108eb2d84e manifestBytes=830  missing=0 bodyBytes=830
        t=2026-09-22T13:22:10+0200 lvl=warn msg="HOTSTUFF RECOVERY resend NewView"      number=98 viewID=0x07a2661e718d79ecf1ea9e2eff06ab8764e04455d1f34e22c0e12281fb300160 to=127.0.0.1:45749
        t=2026-09-22T13:22:15+0200 lvl=warn msg="HOTSTUFF RECOVERY resend NewView"      number=98 viewID=0x07a2661e718d79ecf1ea9e2eff06ab8764e04455d1f34e22c0e12281fb300160 to=127.0.0.1:45749
        t=2026-09-22T13:22:20+0200 lvl=warn msg="HOTSTUFF RECOVERY resend NewView"      number=98 viewID=0x07a2661e718d79ecf1ea9e2eff06ab8764e04455d1f34e22c0e12281fb300160 to=127.0.0.1:45749
        t=2026-09-22T13:22:21+0200 lvl=info msg="HOTSTUFF PROPOSAL MANIFEST stored"     from=127.0.0.1:45749 number=98 proposalID=0xa253fc867887bed26f416c3b2c40af2114b3e6ff1b857443d55a9baa22361de7 manifestBytes=1220 missing=0 bodyBytes=62704
        t=2026-09-22T13:22:22+0200 lvl=warn msg="HOTSTUFF PROPOSAL MANIFEST authority rejected" from=127.0.0.1:44282 leader=127.0.0.1:44282 number=99 proposalID=0xe4cb670b51f7defbf9dab3b44f85764dfdc86d9327ecc93408bf299e1fb9809b err="proposal manifest does not match the current deterministic leader route: manifest key committee is already canonical but is not the current route"
        t=2026-09-22T13:22:22+0200 lvl=warn msg="HandleConn drops connection: closed"   address=127.0.0.1:52819 remot=127.0.0.1:44282
        t=2026-09-22T13:22:22+0200 lvl=warn msg="HOTSTUFF PROPOSAL MANIFEST authority rejected" from=127.0.0.1:44282 leader=127.0.0.1:44282 number=99 proposalID=0xe4cb670b51f7defbf9dab3b44f85764dfdc86d9327ecc93408bf299e1fb9809b err="proposal manifest does not match the current deterministic leader route: manifest key committee is already canonical but is not the current route"
        t=2026-09-22T13:22:22+0200 lvl=warn msg="HOTSTUFF PROPOSAL MANIFEST authority rejected" from=127.0.0.1:37652 leader=127.0.0.1:37652 number=100 proposalID=0x831313b5bdd000066823a87f3f35fe53761e74927bebe90b77573cb288dbca9d err="proposal manifest does not match the current deterministic leader route: manifest key committee is already canonical but is not the current route"
        t=2026-09-22T13:22:22+0200 lvl=info msg="HOTSTUFF PROPOSAL REPAIR REQUEST"      to=127.0.0.1:44282 number=99  proposalID=0xe4cb670b51f7defbf9dab3b44f85764dfdc86d9327ecc93408bf299e1fb9809b missing=0 attempt=0
        t=2026-09-22T13:22:22+0200 lvl=info msg="HOTSTUFF PROPOSAL MANIFEST stored"     from=127.0.0.1:44282 number=99  proposalID=0xe4cb670b51f7defbf9dab3b44f85764dfdc86d9327ecc93408bf299e1fb9809b manifestBytes=1220 missing=0 bodyBytes=62704
        t=2026-09-22T13:22:23+0200 lvl=info msg="HOTSTUFF PROPOSAL REPAIR REQUEST"      to=127.0.0.1:37652 number=100 proposalID=0x831313b5bdd000066823a87f3f35fe53761e74927bebe90b77573cb288dbca9d missing=0 attempt=0
        t=2026-09-22T13:22:23+0200 lvl=info msg="HOTSTUFF PROPOSAL MANIFEST stored"     from=127.0.0.1:37652 number=100 proposalID=0x831313b5bdd000066823a87f3f35fe53761e74927bebe90b77573cb288dbca9d manifestBytes=830  missing=0 bodyBytes=830
    fhs_process_recovery_test.go:227: validator 1057184 complete log: /tmp/fhs-process-failure-4190330629.log
    fhs_process_recovery_test.go:232: validator 1057184 log tail:
        =127.0.0.1:58144 number=68 proposalID=0x42bec71f35f2e6f13104966ca42c7040de29cf6e6abe4beed0f725267586bed9 manifestBytes=830  missing=0 bodyBytes=830
        t=2026-09-22T13:21:08+0200 lvl=warn msg="HandleConn drops connection: closed"   address=127.0.0.1:45749 remot=127.0.0.1:58144
        t=2026-09-22T13:21:08+0200 lvl=warn msg=GetBlockByNumer                         number=1
        t=2026-09-22T13:21:08+0200 lvl=warn msg=GetBlockByNumer                         number=1
        t=2026-09-22T13:21:08+0200 lvl=warn msg=GetBlockByNumer                         number=67
        t=2026-09-22T13:21:08+0200 lvl=info msg="HOTSTUFF PROPOSAL MANIFEST stored"     from=127.0.0.1:37652 number=69 proposalID=0x096e43f1d8e11341e77ac0bed6dc9c93a4de958834d0e75ee3f9c6627d12fe8d manifestBytes=1220 missing=0 bodyBytes=3872
        t=2026-09-22T13:21:08+0200 lvl=warn msg=GetBlockByNumer                         number=1
        t=2026-09-22T13:21:08+0200 lvl=info msg="HOTSTUFF PROPOSAL MANIFEST stored"     from=127.0.0.1:35107 number=70 proposalID=0xa3790cab13dfe1b3a8aec2059dd4715f429cc1941bb4aa531cc0c687704f1be2 manifestBytes=830  missing=0 bodyBytes=830
        t=2026-09-22T13:21:08+0200 lvl=warn msg=GetBlockByNumer                         number=1
        t=2026-09-22T13:21:08+0200 lvl=warn msg=GetBlockByNumer                         number=1
        t=2026-09-22T13:21:09+0200 lvl=warn msg=GetBlockByNumer                         number=1
        t=2026-09-22T13:21:09+0200 lvl=warn msg=GetBlockByNumer                         number=68
        t=2026-09-22T13:21:09+0200 lvl=warn msg=GetBlockByNumer                         number=1
        t=2026-09-22T13:21:09+0200 lvl=warn msg=GetBlockByNumer                         number=1
        t=2026-09-22T13:21:09+0200 lvl=warn msg=GetBlockByNumer                         number=69
        t=2026-09-22T13:21:09+0200 lvl=warn msg=GetBlockByNumer                         number=1
        t=2026-09-22T13:21:09+0200 lvl=warn msg=GetBlockByNumer                         number=1
        t=2026-09-22T13:21:09+0200 lvl=warn msg=GetBlockByNumer                         number=69
        t=2026-09-22T13:21:09+0200 lvl=warn msg=GetBlockByNumer                         number=1
        t=2026-09-22T13:21:09+0200 lvl=warn msg=GetBlockByNumer                         number=1
        t=2026-09-22T13:21:10+0200 lvl=warn msg=GetBlockByNumer                         number=69
        t=2026-09-22T13:21:10+0200 lvl=warn msg=GetBlockByNumer                         number=1
        t=2026-09-22T13:21:10+0200 lvl=warn msg=GetBlockByNumer                         number=1
        t=2026-09-22T13:21:10+0200 lvl=warn msg=GetBlockByNumer                         number=69
        t=2026-09-22T13:21:10+0200 lvl=warn msg=GetBlockByNumer                         number=1
        t=2026-09-22T13:21:10+0200 lvl=warn msg=GetBlockByNumer                         number=1
        t=2026-09-22T13:21:10+0200 lvl=warn msg=GetBlockByNumer                         number=69
        t=2026-09-22T13:21:10+0200 lvl=warn msg=GetBlockByNumer                         number=1
        t=2026-09-22T13:21:10+0200 lvl=warn msg=GetBlockByNumer                         number=1
        t=2026-09-22T13:21:10+0200 lvl=warn msg=GetBlockByNumer                         number=69
        t=2026-09-22T13:21:11+0200 lvl=warn msg=GetBlockByNumer                         number=1
        t=2026-09-22T13:21:11+0200 lvl=warn msg=GetBlockByNumer                         number=1
        t=2026-09-22T13:21:11+0200 lvl=warn msg=GetBlockByNumer                         number=69
        t=2026-09-22T13:21:11+0200 lvl=warn msg=GetBlockByNumer                         number=1
        t=2026-09-22T13:21:11+0200 lvl=warn msg=GetBlockByNumer                         number=1
        t=2026-09-22T13:21:11+0200 lvl=warn msg=GetBlockByNumer                         number=69
        t=2026-09-22T13:21:11+0200 lvl=warn msg=GetBlockByNumer                         number=1
        t=2026-09-22T13:21:11+0200 lvl=warn msg=GetBlockByNumer                         number=1
        t=2026-09-22T13:21:11+0200 lvl=warn msg=GetBlockByNumer                         number=69
        t=2026-09-22T13:21:12+0200 lvl=warn msg=GetBlockByNumer                         number=1
        t=2026-09-22T13:21:12+0200 lvl=warn msg=GetBlockByNumer                         number=1
        t=2026-09-22T13:21:12+0200 lvl=warn msg=GetBlockByNumer                         number=69
        t=2026-09-22T13:21:12+0200 lvl=warn msg=GetBlockByNumer                         number=1
        t=2026-09-22T13:21:12+0200 lvl=warn msg=GetBlockByNumer                         number=1
        t=2026-09-22T13:21:12+0200 lvl=warn msg=GetBlockByNumer                         number=69
        t=2026-09-22T13:21:12+0200 lvl=warn msg=GetBlockByNumer                         number=1
        t=2026-09-22T13:21:12+0200 lvl=warn msg=GetBlockByNumer                         number=1
        t=2026-09-22T13:21:12+0200 lvl=warn msg=GetBlockByNumer                         number=69
        t=2026-09-22T13:21:13+0200 lvl=warn msg=GetBlockByNumer                         number=1
        t=2026-09-22T13:21:13+0200 lvl=warn msg=GetBlockByNumer                         number=1
        t=2026-09-22T13:21:13+0200 lvl=warn msg=GetBlockByNumer                         number=69
        t=2026-09-22T13:21:13+0200 lvl=warn msg=GetBlockByNumer                         number=1
        t=2026-09-22T13:21:13+0200 lvl=warn msg=GetBlockByNumer                         number=1
        t=2026-09-22T13:21:13+0200 lvl=warn msg=GetBlockByNumer                         number=69
        t=2026-09-22T13:21:13+0200 lvl=info msg="HOTSTUFF PROPOSAL MANIFEST stored"     from=127.0.0.1:37652 number=71 proposalID=0x20d68b31a32a301280a4b25d853c7d5df82ef4a877bdde8377f7d49aeef80829 manifestBytes=1220 missing=0 bodyBytes=3350
        t=2026-09-22T13:21:13+0200 lvl=info msg="HOTSTUFF PROPOSAL MANIFEST stored"     from=127.0.0.1:35107 number=72 proposalID=0x7188244740dd935085ec62ea226ea6b2d509c78c1ddf124027827c3f798f07d4 manifestBytes=830  missing=0 bodyBytes=830
        t=2026-09-22T13:21:13+0200 lvl=warn msg=GetBlockByNumer                         number=1
        t=2026-09-22T13:21:13+0200 lvl=warn msg=GetBlockByNumer                         number=1
        t=2026-09-22T13:21:13+0200 lvl=warn msg=GetBlockByNumer                         number=1
        t=2026-09-22T13:21:13+0200 lvl=warn msg=GetBlockByNumer                         number=1
        t=2026-09-22T13:21:14+0200 lvl=warn msg=GetBlockByNumer                         number=1
        t=2026-09-22T13:21:14+0200 lvl=warn msg=GetBlockByNumer                         number=1
        t=2026-09-22T13:21:14+0200 lvl=warn msg=GetBlockByNumer                         number=1
        t=2026-09-22T13:21:14+0200 lvl=warn msg=GetBlockByNumer                         number=1
        t=2026-09-22T13:21:14+0200 lvl=warn msg=GetBlockByNumer                         number=70
        t=2026-09-22T13:21:14+0200 lvl=warn msg=GetBlockByNumer                         number=1
        t=2026-09-22T13:21:14+0200 lvl=warn msg=GetBlockByNumer                         number=1
        t=2026-09-22T13:21:14+0200 lvl=warn msg=GetBlockByNumer                         number=71
        t=2026-09-22T13:21:14+0200 lvl=warn msg=GetBlockByNumer                         number=1
        t=2026-09-22T13:21:14+0200 lvl=warn msg=GetBlockByNumer                         number=1
        t=2026-09-22T13:21:14+0200 lvl=warn msg=GetBlockByNumer                         number=71
        t=2026-09-22T13:21:15+0200 lvl=warn msg=GetBlockByNumer                         number=1
        t=2026-09-22T13:21:15+0200 lvl=warn msg=GetBlockByNumer                         number=1
        t=2026-09-22T13:21:15+0200 lvl=warn msg=GetBlockByNumer                         number=71
        t=2026-09-22T13:21:15+0200 lvl=info msg="HOTSTUFF PROPOSAL MANIFEST stored"     from=127.0.0.1:52819 number=73 proposalID=0x6e11098accc13880a6d62b1db82b99b48cdb9d2d21a51d3ba868da32930dcd37 manifestBytes=1220 missing=0 bodyBytes=3350
        t=2026-09-22T13:21:15+0200 lvl=warn msg=GetBlockByNumer                         number=1
        t=2026-09-22T13:21:15+0200 lvl=warn msg=GetBlockByNumer                         number=1
        t=2026-09-22T13:21:15+0200 lvl=warn msg=GetBlockByNumer                         number=71
        t=2026-09-22T13:21:15+0200 lvl=warn msg=GetBlockByNumer                         number=1
        t=2026-09-22T13:21:15+0200 lvl=warn msg=GetBlockByNumer                         number=1
        t=2026-09-22T13:21:15+0200 lvl=warn msg=GetBlockByNumer                         number=72
        t=2026-09-22T13:21:15+0200 lvl=info msg="HOTSTUFF PROPOSAL MANIFEST stored"     from=127.0.0.1:37652 number=74 proposalID=0x736176ef3a56f75cc95c41c02d0a9c5bc6a66f4c408c96404ff00d73165863ff manifestBytes=830  missing=0 bodyBytes=830
        t=2026-09-22T13:21:16+0200 lvl=warn msg=GetBlockByNumer                         number=1
        t=2026-09-22T13:21:16+0200 lvl=warn msg=GetBlockByNumer                         number=1
        t=2026-09-22T13:21:16+0200 lvl=warn msg=GetBlockByNumer                         number=73
        t=2026-09-22T13:21:16+0200 lvl=warn msg=GetBlockByNumer                         number=1
        t=2026-09-22T13:21:16+0200 lvl=warn msg=GetBlockByNumer                         number=73
        t=2026-09-22T13:21:16+0200 lvl=warn msg=GetBlockByNumer                         number=1
        t=2026-09-22T13:21:16+0200 lvl=warn msg=GetBlockByNumer                         number=73
        t=2026-09-22T13:21:17+0200 lvl=info msg="HOTSTUFF PROPOSAL MANIFEST stored"     from=127.0.0.1:35107 number=75 proposalID=0x97540bf87f9b4b539b7ebf04138356a14d7ea57659ac8688f0173fab2b8b0030 manifestBytes=1219 missing=1 bodyBytes=1653
        t=2026-09-22T13:21:17+0200 lvl=eror msg="OnPropose wait proposal body"          number=75 proposalID=0x97540bf87f9b4b539b7ebf04138356a14d7ea57659ac8688f0173fab2b8b0030 err="hotstuff view state too old"
        t=2026-09-22T13:21:17+0200 lvl=warn msg="HOTSTUFF PROPOSAL MANIFEST authority rejected" from=127.0.0.1:54494 leader=127.0.0.1:54494 number=76 proposalID=0x9b80ffa6ba6a59a2029099ffda0ab3c57281ce720a3c898bec71e0a9834c7f2b err="proposal manifest does not match the current deterministic leader route: manifest key committee is already canonical but is not the current route"
        t=2026-09-22T13:21:17+0200 lvl=info msg="HOTSTUFF PROPOSAL REPAIR REQUEST"      to=127.0.0.1:54494 number=76 proposalID=0x9b80ffa6ba6a59a2029099ffda0ab3c57281ce720a3c898bec71e0a9834c7f2b missing=0 attempt=0
        t=2026-09-22T13:21:17+0200 lvl=info msg="HOTSTUFF PROPOSAL MANIFEST stored"     from=127.0.0.1:54494 number=76 proposalID=0x9b80ffa6ba6a59a2029099ffda0ab3c57281ce720a3c898bec71e0a9834c7f2b manifestBytes=830  missing=0 bodyBytes=830
        t=2026-09-22T13:21:19+0200 lvl=info msg="HOTSTUFF PROPOSAL MANIFEST stored"     from=127.0.0.1:52819 number=77 proposalID=0x03df02eed6af688467b57d3d3db3c751b72c6bd210fb5df3ffcc7f2f112a764a manifestBytes=1220 missing=0 bodyBytes=3349
        t=2026-09-22T13:21:19+0200 lvl=info msg="HOTSTUFF PROPOSAL REF"                 number=78 viewID=0xa647b7d1c96379830b54c635508a60b558c4ce41204c7ad35337e12651b3eaf1 proposalID=0xdf3da56bacddf2621c4b799bd07e509c5b5185ee50b73460e45a47188b515f90 blockHash=0x9134bf8dc5050fefbbc970d228c8fa12165c8399fe98bdf5aee67cb157721d10 bodyHash=0xb571f2ced4c24fc4ae711a9a079df9fe2759d6c16a506b03cc9232f166538c69 bodySize=830  refBytes=439
        t=2026-09-22T13:21:20+0200 lvl=info msg="HOTSTUFF PROPOSAL MANIFEST stored"     from=127.0.0.1:54494 number=79 proposalID=0xfaed1d959b7f15d77e9df45a8629413039041370bc8c96dddbd4c26081323dee manifestBytes=1219 missing=0 bodyBytes=1653
        t=2026-09-22T13:21:21+0200 lvl=info msg="HOTSTUFF PROPOSAL MANIFEST stored"     from=127.0.0.1:58144 number=80 proposalID=0xd2a08d5229d4dbfecdf76723e1e1102682499a2dd35bd2a7461abcd1de33755f manifestBytes=830  missing=0 bodyBytes=830
        t=2026-09-22T13:21:21+0200 lvl=warn msg="HandleConn drops connection: closed"   address=127.0.0.1:45749 remot=127.0.0.1:58144
        t=2026-09-22T13:21:21+0200 lvl=info msg="HOTSTUFF PROPOSAL MANIFEST stored"     from=127.0.0.1:58144 number=80 proposalID=0xd2a08d5229d4dbfecdf76723e1e1102682499a2dd35bd2a7461abcd1de33755f manifestBytes=830  missing=0 bodyBytes=830
        t=2026-09-22T13:21:22+0200 lvl=warn msg=GetBlockByNumer                         number=1
        t=2026-09-22T13:21:22+0200 lvl=warn msg=GetBlockByNumer                         number=1
        t=2026-09-22T13:21:22+0200 lvl=warn msg=GetBlockByNumer                         number=79
        t=2026-09-22T13:21:22+0200 lvl=warn msg=GetBlockByNumer                         number=1
        t=2026-09-22T13:21:22+0200 lvl=warn msg=GetBlockByNumer                         number=1
        t=2026-09-22T13:21:22+0200 lvl=warn msg=GetBlockByNumer                         number=79
        t=2026-09-22T13:21:22+0200 lvl=info msg="HOTSTUFF PROPOSAL MANIFEST stored"     from=127.0.0.1:54494 number=81 proposalID=0x768363fc032ea095cc0541e22729c022f0f087427af124228a28feb4c8ad1a31 manifestBytes=1219 missing=0 bodyBytes=1314
        t=2026-09-22T13:21:22+0200 lvl=info msg="HOTSTUFF PROPOSAL MANIFEST stored"     from=127.0.0.1:35107 number=82 proposalID=0x8f45f7b8fb3fbc1bd5e8e06f55cbd5fb2aa2649a1586c76b29871d3eacf96c53 manifestBytes=830  missing=0 bodyBytes=830
        t=2026-09-22T13:21:22+0200 lvl=warn msg=GetBlockByNumer                         number=1
        t=2026-09-22T13:21:23+0200 lvl=warn msg=GetBlockByNumer                         number=1
        t=2026-09-22T13:21:23+0200 lvl=info msg="HOTSTUFF PROPOSAL MANIFEST stored"     from=127.0.0.1:58144 number=83 proposalID=0xf309e9c3f2b01188332d391b6bceaf02957303dcb55deac17dc51f5d6549cd83 manifestBytes=1219 missing=0 bodyBytes=1314
        t=2026-09-22T13:21:23+0200 lvl=warn msg="HandleConn drops connection: closed"   address=127.0.0.1:45749 remot=127.0.0.1:35107
        t=2026-09-22T13:21:23+0200 lvl=eror msg="OnPropose wait proposal body"          number=84 proposalID=0x7a7107b4ac4dfef73d4ca829f1cef295b744cfcfa7653d88c170a61ab1680f47 err="hotstuff view state too old"
        t=2026-09-22T13:21:23+0200 lvl=warn msg=GetBlockByNumer                         number=1
        t=2026-09-22T13:21:23+0200 lvl=warn msg=GetBlockByNumer                         number=1
        t=2026-09-22T13:21:23+0200 lvl=info msg="HOTSTUFF PROPOSAL REPAIR REQUEST"      to=127.0.0.1:35107 number=84 proposalID=0x7a7107b4ac4dfef73d4ca829f1cef295b744cfcfa7653d88c170a61ab1680f47 missing=0 attempt=0
        t=2026-09-22T13:21:23+0200 lvl=info msg="HOTSTUFF PROPOSAL MANIFEST stored"     from=127.0.0.1:35107 number=84 proposalID=0x7a7107b4ac4dfef73d4ca829f1cef295b744cfcfa7653d88c170a61ab1680f47 manifestBytes=830  missing=0 bodyBytes=830
        t=2026-09-22T13:21:24+0200 lvl=warn msg=GetBlockByNumer                         number=1
        t=2026-09-22T13:21:29+0200 lvl=warn msg="HOTSTUFF RECOVERY resend NewView"      number=85 viewID=0x9be3169db364506bd258db980a9eed7b438a69375a43e71caaa2b0069718da7a to=127.0.0.1:58144
        t=2026-09-22T13:21:30+0200 lvl=info msg="HOTSTUFF PROPOSAL MANIFEST stored"     from=127.0.0.1:58144 number=85 proposalID=0x9e5facf0f32e72ef7191fbaf5546fc389039435eece94f0471e46500878489f4 manifestBytes=1219 missing=0 bodyBytes=1653
        t=2026-09-22T13:21:31+0200 lvl=info msg="HOTSTUFF PROPOSAL MANIFEST stored"     from=127.0.0.1:52819 number=86 proposalID=0x87f7222fd980155dec09d95b9d2cb27c046ab213c36eb473f086ea91ac3ad457 manifestBytes=830  missing=0 bodyBytes=830
        t=2026-09-22T13:21:36+0200 lvl=warn msg="HOTSTUFF RECOVERY resend NewView"      number=87 viewID=0x77dd5abf50651be69b2abac7f6eca36b3f96614477c4b9d1c432203f551475fb to=127.0.0.1:54494
        t=2026-09-22T13:21:38+0200 lvl=info msg="HOTSTUFF PROPOSAL MANIFEST stored"     from=127.0.0.1:54494 number=87 proposalID=0xd26248b830c77264cf3b0173d175a6b588ec8f7200ab2b05f89c844bde04f2e7 manifestBytes=1219 missing=1 bodyBytes=1653
        t=2026-09-22T13:21:38+0200 lvl=eror msg="OnPropose wait proposal body"          number=87 proposalID=0xd26248b830c77264cf3b0173d175a6b588ec8f7200ab2b05f89c844bde04f2e7 err="hotstuff view state too old"
        t=2026-09-22T13:21:38+0200 lvl=warn msg="HOTSTUFF PROPOSAL MANIFEST authority rejected" from=127.0.0.1:54494 leader=127.0.0.1:54494 number=88 proposalID=0xf0dc4670c9207a6e6b5c3278b604b1588bb2f05561c207b2167acc68f6c25406 err="proposal manifest does not match the current deterministic leader route: manifest key committee is already canonical but is not the current route"
        t=2026-09-22T13:21:39+0200 lvl=info msg="HOTSTUFF PROPOSAL REPAIR REQUEST"      to=127.0.0.1:54494 number=88 proposalID=0xf0dc4670c9207a6e6b5c3278b604b1588bb2f05561c207b2167acc68f6c25406 missing=0 attempt=0
        t=2026-09-22T13:21:39+0200 lvl=info msg="HOTSTUFF PROPOSAL MANIFEST stored"     from=127.0.0.1:54494 number=88 proposalID=0xf0dc4670c9207a6e6b5c3278b604b1588bb2f05561c207b2167acc68f6c25406 manifestBytes=830  missing=0 bodyBytes=830
        t=2026-09-22T13:21:44+0200 lvl=warn msg="HOTSTUFF RECOVERY resend NewView"      number=89 viewID=0xfd8688b210e1d2e90ba2ec1166521fe3725c2507245371bd7f3647013f5e333c to=127.0.0.1:37652
        t=2026-09-22T13:21:47+0200 lvl=info msg="HOTSTUFF PROPOSAL MANIFEST stored"     from=127.0.0.1:37652 number=89 proposalID=0xeb5a3a1e20ce263099670e81e234b5963d1374f40eda01b452bb72254c3163e4 manifestBytes=1219 missing=1 bodyBytes=1653
        t=2026-09-22T13:21:47+0200 lvl=eror msg="OnPropose wait proposal body"          number=89 proposalID=0xeb5a3a1e20ce263099670e81e234b5963d1374f40eda01b452bb72254c3163e4 err="hotstuff view state too old"
        t=2026-09-22T13:21:47+0200 lvl=warn msg="HOTSTUFF PROPOSAL MANIFEST authority rejected" from=127.0.0.1:37652 leader=127.0.0.1:37652 number=90 proposalID=0xb89880af16c734bdf6c32612122eda01a482595dd3694b70b6a8c6dbbcffbd1b err="proposal manifest does not match the current deterministic leader route: manifest key committee is already canonical but is not the current route"
        t=2026-09-22T13:21:47+0200 lvl=warn msg="HOTSTUFF PROPOSAL MANIFEST authority rejected" from=127.0.0.1:35107 leader=127.0.0.1:35107 number=91 proposalID=0x115a07ca3c8a252406e5c2345e083a52b116e2f7525d65c32a27cd992676e99e err="proposal manifest does not match the current deterministic leader route: manifest key committee is already canonical but is not the current route"
        t=2026-09-22T13:21:47+0200 lvl=info msg="HOTSTUFF PROPOSAL REPAIR REQUEST"      to=127.0.0.1:37652 number=90 proposalID=0xb89880af16c734bdf6c32612122eda01a482595dd3694b70b6a8c6dbbcffbd1b missing=0 attempt=0
        t=2026-09-22T13:21:47+0200 lvl=info msg="HOTSTUFF PROPOSAL MANIFEST stored"     from=127.0.0.1:37652 number=90 proposalID=0xb89880af16c734bdf6c32612122eda01a482595dd3694b70b6a8c6dbbcffbd1b manifestBytes=1219 missing=0 bodyBytes=1653
        t=2026-09-22T13:21:48+0200 lvl=eror msg="OnPropose wait proposal body"          number=91 proposalID=0x115a07ca3c8a252406e5c2345e083a52b116e2f7525d65c32a27cd992676e99e err="hotstuff view state too old"
        t=2026-09-22T13:21:48+0200 lvl=info msg="HOTSTUFF PROPOSAL REPAIR REQUEST"      to=127.0.0.1:35107 number=91 proposalID=0x115a07ca3c8a252406e5c2345e083a52b116e2f7525d65c32a27cd992676e99e missing=0 attempt=0
        t=2026-09-22T13:21:48+0200 lvl=info msg="HOTSTUFF PROPOSAL MANIFEST stored"     from=127.0.0.1:35107 number=91 proposalID=0x115a07ca3c8a252406e5c2345e083a52b116e2f7525d65c32a27cd992676e99e manifestBytes=830  missing=0 bodyBytes=830
        t=2026-09-22T13:21:52+0200 lvl=info msg="HOTSTUFF PROPOSAL MANIFEST stored"     from=127.0.0.1:54494 number=92 proposalID=0x889b51add22b10a68647da3b7e426513552355f7830b939bcb3f39e2892719e4 manifestBytes=1219 missing=0 bodyBytes=1653
        t=2026-09-22T13:21:53+0200 lvl=info msg="HOTSTUFF PROPOSAL REF"                 number=93 viewID=0x40005de5b4e20ef20bbebb93016f435746d36ff0328bf36c807c03fdd28e98f0 proposalID=0x6ce9b4eac5af5bc1deb00448e48b8dccef4a67064507373349371186bd43025f blockHash=0xff61e4cafe03825f579787ba0fbe905ce5a3ab01ef4404252d823c7e74f706ab bodyHash=0xc8413651296ac17bd1d26cb0d2ce0dc6723437d77e9a85f85bf9b7b312d0d5a9 bodySize=1653 refBytes=442
        t=2026-09-22T13:21:53+0200 lvl=warn msg="reject new-view before storage"        from=127.0.0.1:58144 viewID=0x40005de5b4e20ef20bbebb93016f435746d36ff0328bf36c807c03fdd28e98f0 err="hotstuff view state too old"
        t=2026-09-22T13:21:53+0200 lvl=info msg="HOTSTUFF PROPOSAL MANIFEST stored"     from=127.0.0.1:37652 number=94 proposalID=0xc1f4b472e1e28e3d7db0486132354008ab2b919307be73fa7d2e5e2a87517671 manifestBytes=830  missing=0 bodyBytes=830
        t=2026-09-22T13:21:58+0200 lvl=warn msg="HOTSTUFF RECOVERY resend NewView"      number=95 viewID=0x27729630f12c838ff971d7dbb279c1c55be4adfccf3619114e907da962afb7fe to=127.0.0.1:58144
        t=2026-09-22T13:22:03+0200 lvl=warn msg="HOTSTUFF RECOVERY resend NewView"      number=95 viewID=0x27729630f12c838ff971d7dbb279c1c55be4adfccf3619114e907da962afb7fe to=127.0.0.1:58144
        t=2026-09-22T13:22:04+0200 lvl=info msg="HOTSTUFF PROPOSAL MANIFEST stored"     from=127.0.0.1:58144 number=95 proposalID=0x63ae18cfce56b110ff14a48dd31122fcea623ae7034d25d5ef04eab1bc0199c8 manifestBytes=1220 missing=1 bodyBytes=3872
        t=2026-09-22T13:22:04+0200 lvl=eror msg="OnPropose wait proposal body"          number=95 proposalID=0x63ae18cfce56b110ff14a48dd31122fcea623ae7034d25d5ef04eab1bc0199c8 err="hotstuff view state too old"
        t=2026-09-22T13:22:04+0200 lvl=warn msg="reject new-view before storage"        from=127.0.0.1:52819 viewID=0xbdb1df7824ee0f0d8568eb5d09efffc6c28bc124bccd0eb82d4782d8c5d85a68 err="hotstuff proposal validation pending"
        t=2026-09-22T13:22:04+0200 lvl=warn msg="reject new-view before storage"        from=127.0.0.1:58144 viewID=0xbdb1df7824ee0f0d8568eb5d09efffc6c28bc124bccd0eb82d4782d8c5d85a68 err="hotstuff proposal validation pending"
        t=2026-09-22T13:22:04+0200 lvl=warn msg="reject new-view before storage"        from=127.0.0.1:44282 viewID=0xbdb1df7824ee0f0d8568eb5d09efffc6c28bc124bccd0eb82d4782d8c5d85a68 err="hotstuff proposal validation pending"
        t=2026-09-22T13:22:04+0200 lvl=warn msg="reject new-view before storage"        from=127.0.0.1:37652 viewID=0xbdb1df7824ee0f0d8568eb5d09efffc6c28bc124bccd0eb82d4782d8c5d85a68 err="hotstuff proposal validation pending"
        t=2026-09-22T13:22:04+0200 lvl=warn msg="reject new-view before storage"        from=127.0.0.1:54494 viewID=0xbdb1df7824ee0f0d8568eb5d09efffc6c28bc124bccd0eb82d4782d8c5d85a68 err="hotstuff proposal validation pending"
        t=2026-09-22T13:22:04+0200 lvl=info msg="HOTSTUFF PROPOSAL REF"                 number=96 viewID=0xbdb1df7824ee0f0d8568eb5d09efffc6c28bc124bccd0eb82d4782d8c5d85a68 proposalID=0x7008f2657be04629c269ed91f213be2b3a3092ab77f10c323eeee76cf9ed47f5 blockHash=0xc4749678a2469d5ebce0dd2bd2cf3340b480260df8d7862a5d0b5b5c490c45b3 bodyHash=0xae1d11b1ba7bd6390451c37cdf8581b527c250b15d05c2afc8183ad2e2dbf013 bodySize=3872 refBytes=442
        t=2026-09-22T13:22:05+0200 lvl=info msg="HOTSTUFF PROPOSAL MANIFEST stored"     from=127.0.0.1:54494 number=97 proposalID=0x0ed8185fd2cd662b17341f8c5c835bfa53f884489889c29faeaa2b108eb2d84e manifestBytes=830  missing=0 bodyBytes=830
        t=2026-09-22T13:22:10+0200 lvl=warn msg="HOTSTUFF RECOVERY resend NewView"      number=98 viewID=0x07a2661e718d79ecf1ea9e2eff06ab8764e04455d1f34e22c0e12281fb300160 to=127.0.0.1:45749
        t=2026-09-22T13:22:15+0200 lvl=warn msg="HOTSTUFF RECOVERY resend NewView"      number=98 viewID=0x07a2661e718d79ecf1ea9e2eff06ab8764e04455d1f34e22c0e12281fb300160 to=127.0.0.1:45749
        t=2026-09-22T13:22:20+0200 lvl=warn msg="HOTSTUFF RECOVERY resend NewView"      number=98 viewID=0x07a2661e718d79ecf1ea9e2eff06ab8764e04455d1f34e22c0e12281fb300160 to=127.0.0.1:45749
        t=2026-09-22T13:22:21+0200 lvl=info msg="HOTSTUFF PROPOSAL REF"                 number=98 viewID=0x07a2661e718d79ecf1ea9e2eff06ab8764e04455d1f34e22c0e12281fb300160 proposalID=0xa253fc867887bed26f416c3b2c40af2114b3e6ff1b857443d55a9baa22361de7 blockHash=0x64ba03ab536f68e11c557c8ad965ae50bcb40545aa9a892acc3b00b5ad74c840 bodyHash=0x51670b4447a058f44f89da0304e83fc689213d8644aec1c8a7b7a55c7a8a943d bodySize=62704 refBytes=442
        t=2026-09-22T13:22:21+0200 lvl=warn msg="Send msg try again"                    address=[::]:45749      Couldn't send to=127.0.0.1:35107 error="Operation Canceled"
        t=2026-09-22T13:22:21+0200 lvl=eror msg=CloseConnect                            =[::]:45749 having error closing conn to=127.0.0.1:33347 error="Connection Closed"
        t=2026-09-22T13:22:22+0200 lvl=info msg="HOTSTUFF PROPOSAL MANIFEST stored"     from=127.0.0.1:44282 number=99 proposalID=0xe4cb670b51f7defbf9dab3b44f85764dfdc86d9327ecc93408bf299e1fb9809b manifestBytes=1220 missing=0 bodyBytes=62704
        t=2026-09-22T13:22:22+0200 lvl=info msg="HOTSTUFF PROPOSAL MANIFEST stored"     from=127.0.0.1:37652 number=100 proposalID=0x831313b5bdd000066823a87f3f35fe53761e74927bebe90b77573cb288dbca9d manifestBytes=830  missing=0 bodyBytes=830
    fhs_process_recovery_test.go:227: validator 1057179 complete log: /tmp/fhs-process-failure-2256754597.log
    fhs_process_recovery_test.go:232: validator 1057179 log tail:
                            number=1
        t=2026-09-22T13:21:10+0200 lvl=warn msg=GetBlockByNumer                         number=1
        t=2026-09-22T13:21:10+0200 lvl=warn msg=GetBlockByNumer                         number=69
        t=2026-09-22T13:21:10+0200 lvl=warn msg=GetBlockByNumer                         number=1
        t=2026-09-22T13:21:10+0200 lvl=warn msg=GetBlockByNumer                         number=1
        t=2026-09-22T13:21:10+0200 lvl=warn msg=GetBlockByNumer                         number=69
        t=2026-09-22T13:21:10+0200 lvl=warn msg=GetBlockByNumer                         number=1
        t=2026-09-22T13:21:10+0200 lvl=warn msg=GetBlockByNumer                         number=1
        t=2026-09-22T13:21:10+0200 lvl=warn msg=GetBlockByNumer                         number=69
        t=2026-09-22T13:21:11+0200 lvl=warn msg=GetBlockByNumer                         number=1
        t=2026-09-22T13:21:11+0200 lvl=warn msg=GetBlockByNumer                         number=1
        t=2026-09-22T13:21:11+0200 lvl=warn msg=GetBlockByNumer                         number=69
        t=2026-09-22T13:21:11+0200 lvl=warn msg=GetBlockByNumer                         number=1
        t=2026-09-22T13:21:11+0200 lvl=warn msg=GetBlockByNumer                         number=1
        t=2026-09-22T13:21:11+0200 lvl=warn msg=GetBlockByNumer                         number=69
        t=2026-09-22T13:21:11+0200 lvl=warn msg=GetBlockByNumer                         number=1
        t=2026-09-22T13:21:11+0200 lvl=warn msg=GetBlockByNumer                         number=1
        t=2026-09-22T13:21:11+0200 lvl=warn msg=GetBlockByNumer                         number=69
        t=2026-09-22T13:21:12+0200 lvl=warn msg=GetBlockByNumer                         number=1
        t=2026-09-22T13:21:12+0200 lvl=warn msg=GetBlockByNumer                         number=1
        t=2026-09-22T13:21:12+0200 lvl=warn msg=GetBlockByNumer                         number=69
        t=2026-09-22T13:21:12+0200 lvl=warn msg=GetBlockByNumer                         number=1
        t=2026-09-22T13:21:12+0200 lvl=warn msg=GetBlockByNumer                         number=1
        t=2026-09-22T13:21:12+0200 lvl=warn msg=GetBlockByNumer                         number=69
        t=2026-09-22T13:21:12+0200 lvl=warn msg=GetBlockByNumer                         number=1
        t=2026-09-22T13:21:12+0200 lvl=warn msg=GetBlockByNumer                         number=1
        t=2026-09-22T13:21:12+0200 lvl=warn msg=GetBlockByNumer                         number=69
        t=2026-09-22T13:21:13+0200 lvl=warn msg=GetBlockByNumer                         number=1
        t=2026-09-22T13:21:13+0200 lvl=warn msg=GetBlockByNumer                         number=1
        t=2026-09-22T13:21:13+0200 lvl=warn msg=GetBlockByNumer                         number=69
        t=2026-09-22T13:21:13+0200 lvl=warn msg=GetBlockByNumer                         number=1
        t=2026-09-22T13:21:13+0200 lvl=warn msg=GetBlockByNumer                         number=1
        t=2026-09-22T13:21:13+0200 lvl=info msg="HOTSTUFF PROPOSAL REF"                 number=71 viewID=0xb184c598fbaa9b027f09ddbda21b51f49901c77522c91c4a03769f51e8548e9b proposalID=0x20d68b31a32a301280a4b25d853c7d5df82ef4a877bdde8377f7d49aeef80829 blockHash=0xea3e4bd61cbef6d1c57e030f2d6603789e1c65830d06d580bf9d815792860fc8 bodyHash=0x02818beff3807eb3ebe4c2a89340c283900f34389c516d78c84fecf805018e45 bodySize=3350 refBytes=442
        t=2026-09-22T13:21:13+0200 lvl=warn msg=GetBlockByNumer                         number=69
        t=2026-09-22T13:21:13+0200 lvl=info msg="HOTSTUFF PROPOSAL MANIFEST stored"     from=127.0.0.1:35107 number=72 proposalID=0x7188244740dd935085ec62ea226ea6b2d509c78c1ddf124027827c3f798f07d4 manifestBytes=830  missing=0 bodyBytes=830
        t=2026-09-22T13:21:13+0200 lvl=warn msg=GetBlockByNumer                         number=1
        t=2026-09-22T13:21:13+0200 lvl=warn msg=GetBlockByNumer                         number=1
        t=2026-09-22T13:21:13+0200 lvl=warn msg=GetBlockByNumer                         number=1
        t=2026-09-22T13:21:13+0200 lvl=warn msg=GetBlockByNumer                         number=1
        t=2026-09-22T13:21:14+0200 lvl=warn msg=GetBlockByNumer                         number=1
        t=2026-09-22T13:21:14+0200 lvl=warn msg=GetBlockByNumer                         number=1
        t=2026-09-22T13:21:14+0200 lvl=warn msg=GetBlockByNumer                         number=1
        t=2026-09-22T13:21:14+0200 lvl=warn msg=GetBlockByNumer                         number=70
        t=2026-09-22T13:21:14+0200 lvl=warn msg=GetBlockByNumer                         number=1
        t=2026-09-22T13:21:14+0200 lvl=warn msg=GetBlockByNumer                         number=70
        t=2026-09-22T13:21:14+0200 lvl=warn msg=GetBlockByNumer                         number=1
        t=2026-09-22T13:21:14+0200 lvl=warn msg=GetBlockByNumer                         number=71
        t=2026-09-22T13:21:14+0200 lvl=warn msg=GetBlockByNumer                         number=1
        t=2026-09-22T13:21:14+0200 lvl=warn msg=GetBlockByNumer                         number=71
        t=2026-09-22T13:21:14+0200 lvl=warn msg=GetBlockByNumer                         number=1
        t=2026-09-22T13:21:14+0200 lvl=warn msg=GetBlockByNumer                         number=1
        t=2026-09-22T13:21:14+0200 lvl=warn msg=GetBlockByNumer                         number=71
        t=2026-09-22T13:21:15+0200 lvl=warn msg=GetBlockByNumer                         number=1
        t=2026-09-22T13:21:15+0200 lvl=warn msg=GetBlockByNumer                         number=1
        t=2026-09-22T13:21:15+0200 lvl=warn msg=GetBlockByNumer                         number=71
        t=2026-09-22T13:21:15+0200 lvl=info msg="HOTSTUFF PROPOSAL MANIFEST stored"     from=127.0.0.1:52819 number=73 proposalID=0x6e11098accc13880a6d62b1db82b99b48cdb9d2d21a51d3ba868da32930dcd37 manifestBytes=1220 missing=1 bodyBytes=3350
        t=2026-09-22T13:21:15+0200 lvl=eror msg="OnPropose wait proposal body"          number=73 proposalID=0x6e11098accc13880a6d62b1db82b99b48cdb9d2d21a51d3ba868da32930dcd37 err="hotstuff view state too old"
        t=2026-09-22T13:21:15+0200 lvl=warn msg=GetBlockByNumer                         number=1
        t=2026-09-22T13:21:15+0200 lvl=warn msg="reject new-view before storage"        from=127.0.0.1:52819 viewID=0x46158dd7a2a0a578cd2cf99e00fa5ee9826bb93ebb62e83a1ab41d84630cbf77 err="hotstuff proposal validation pending"
        t=2026-09-22T13:21:15+0200 lvl=warn msg="reject new-view before storage"        from=127.0.0.1:45749 viewID=0x46158dd7a2a0a578cd2cf99e00fa5ee9826bb93ebb62e83a1ab41d84630cbf77 err="hotstuff proposal validation pending"
        t=2026-09-22T13:21:15+0200 lvl=warn msg=GetBlockByNumer                         number=1
        t=2026-09-22T13:21:15+0200 lvl=warn msg="reject new-view before storage"        from=127.0.0.1:54494 viewID=0x46158dd7a2a0a578cd2cf99e00fa5ee9826bb93ebb62e83a1ab41d84630cbf77 err="hotstuff proposal validation pending"
        t=2026-09-22T13:21:15+0200 lvl=warn msg=GetBlockByNumer                         number=71
        t=2026-09-22T13:21:15+0200 lvl=warn msg="reject new-view before storage"        from=127.0.0.1:58144 viewID=0x46158dd7a2a0a578cd2cf99e00fa5ee9826bb93ebb62e83a1ab41d84630cbf77 err="hotstuff proposal validation pending"
        t=2026-09-22T13:21:15+0200 lvl=warn msg="reject new-view before storage"        from=127.0.0.1:35107 viewID=0x46158dd7a2a0a578cd2cf99e00fa5ee9826bb93ebb62e83a1ab41d84630cbf77 err="hotstuff proposal validation pending"
        t=2026-09-22T13:21:15+0200 lvl=warn msg=GetBlockByNumer                         number=1
        t=2026-09-22T13:21:15+0200 lvl=warn msg=GetBlockByNumer                         number=72
        t=2026-09-22T13:21:15+0200 lvl=warn msg=GetBlockByNumer                         number=1
        t=2026-09-22T13:21:15+0200 lvl=warn msg=GetBlockByNumer                         number=72
        t=2026-09-22T13:21:15+0200 lvl=info msg="HOTSTUFF PROPOSAL REF"                 number=74 viewID=0x46158dd7a2a0a578cd2cf99e00fa5ee9826bb93ebb62e83a1ab41d84630cbf77 proposalID=0x736176ef3a56f75cc95c41c02d0a9c5bc6a66f4c408c96404ff00d73165863ff blockHash=0xb53a1166c3c2a660152161f2574e96ee516319880cf27195e57f8f3ad252e971 bodyHash=0x33ab1c2d111b8701c08e9a61dd494d3c9de74da973bdaad0fbb354d037ca0489 bodySize=830  refBytes=439
        t=2026-09-22T13:21:15+0200 lvl=warn msg="Send msg try again"                    address=[::]:37652      Couldn't send to=127.0.0.1:35107 error="Operation Canceled"
        t=2026-09-22T13:21:15+0200 lvl=eror msg=CloseConnect                            =[::]:37652 having error closing conn to=127.0.0.1:35107 error="Connection Closed"
        t=2026-09-22T13:21:16+0200 lvl=warn msg=GetBlockByNumer                         number=1
        t=2026-09-22T13:21:16+0200 lvl=warn msg=GetBlockByNumer                         number=73
        t=2026-09-22T13:21:16+0200 lvl=warn msg=GetBlockByNumer                         number=1
        t=2026-09-22T13:21:16+0200 lvl=warn msg=GetBlockByNumer                         number=73
        t=2026-09-22T13:21:16+0200 lvl=warn msg=GetBlockByNumer                         number=73
        t=2026-09-22T13:21:16+0200 lvl=warn msg=GetBlockByNumer                         number=1
        t=2026-09-22T13:21:16+0200 lvl=warn msg=GetBlockByNumer                         number=73
        t=2026-09-22T13:21:16+0200 lvl=warn msg=GetBlockByNumer                         number=73
        t=2026-09-22T13:21:16+0200 lvl=warn msg=GetBlockByNumer                         number=73
        t=2026-09-22T13:21:16+0200 lvl=warn msg=GetBlockByNumer                         number=73
        t=2026-09-22T13:21:16+0200 lvl=warn msg=GetBlockByNumer                         number=73
        t=2026-09-22T13:21:16+0200 lvl=warn msg=GetBlockByNumer                         number=73
        t=2026-09-22T13:21:16+0200 lvl=warn msg=GetBlockByNumer                         number=73
        t=2026-09-22T13:21:16+0200 lvl=warn msg=GetBlockByNumer                         number=73
        t=2026-09-22T13:21:16+0200 lvl=warn msg=GetBlockByNumer                         number=73
        t=2026-09-22T13:21:16+0200 lvl=warn msg=GetBlockByNumer                         number=73
        t=2026-09-22T13:21:16+0200 lvl=warn msg=GetBlockByNumer                         number=1
        t=2026-09-22T13:21:16+0200 lvl=warn msg=GetBlockByNumer                         number=73
        t=2026-09-22T13:21:17+0200 lvl=info msg="HOTSTUFF PROPOSAL MANIFEST stored"     from=127.0.0.1:35107 number=75 proposalID=0x97540bf87f9b4b539b7ebf04138356a14d7ea57659ac8688f0173fab2b8b0030 manifestBytes=1219 missing=0 bodyBytes=1653
        t=2026-09-22T13:21:17+0200 lvl=info msg="HOTSTUFF PROPOSAL MANIFEST stored"     from=127.0.0.1:54494 number=76 proposalID=0x9b80ffa6ba6a59a2029099ffda0ab3c57281ce720a3c898bec71e0a9834c7f2b manifestBytes=830  missing=0 bodyBytes=830
        t=2026-09-22T13:21:19+0200 lvl=info msg="HOTSTUFF PROPOSAL MANIFEST stored"     from=127.0.0.1:52819 number=77 proposalID=0x03df02eed6af688467b57d3d3db3c751b72c6bd210fb5df3ffcc7f2f112a764a manifestBytes=1220 missing=0 bodyBytes=3349
        t=2026-09-22T13:21:19+0200 lvl=info msg="HOTSTUFF PROPOSAL MANIFEST stored"     from=127.0.0.1:45749 number=78 proposalID=0xdf3da56bacddf2621c4b799bd07e509c5b5185ee50b73460e45a47188b515f90 manifestBytes=830  missing=0 bodyBytes=830
        t=2026-09-22T13:21:20+0200 lvl=info msg="HOTSTUFF PROPOSAL MANIFEST stored"     from=127.0.0.1:54494 number=79 proposalID=0xfaed1d959b7f15d77e9df45a8629413039041370bc8c96dddbd4c26081323dee manifestBytes=1219 missing=0 bodyBytes=1653
        t=2026-09-22T13:21:21+0200 lvl=info msg="HOTSTUFF PROPOSAL MANIFEST stored"     from=127.0.0.1:58144 number=80 proposalID=0xd2a08d5229d4dbfecdf76723e1e1102682499a2dd35bd2a7461abcd1de33755f manifestBytes=830  missing=0 bodyBytes=830
        t=2026-09-22T13:21:22+0200 lvl=warn msg=GetBlockByNumer                         number=1
        t=2026-09-22T13:21:22+0200 lvl=warn msg=GetBlockByNumer                         number=74
        t=2026-09-22T13:21:22+0200 lvl=warn msg=GetBlockByNumer                         number=75
        t=2026-09-22T13:21:22+0200 lvl=warn msg=GetBlockByNumer                         number=76
        t=2026-09-22T13:21:22+0200 lvl=warn msg=GetBlockByNumer                         number=77
        t=2026-09-22T13:21:22+0200 lvl=warn msg=GetBlockByNumer                         number=78
        t=2026-09-22T13:21:22+0200 lvl=warn msg=GetBlockByNumer                         number=79
        t=2026-09-22T13:21:22+0200 lvl=warn msg=GetBlockByNumer                         number=1
        t=2026-09-22T13:21:22+0200 lvl=warn msg=GetBlockByNumer                         number=79
        t=2026-09-22T13:21:22+0200 lvl=warn msg=GetBlockByNumer                         number=1
        t=2026-09-22T13:21:22+0200 lvl=warn msg=GetBlockByNumer                         number=1
        t=2026-09-22T13:21:22+0200 lvl=warn msg=GetBlockByNumer                         number=79
        t=2026-09-22T13:21:22+0200 lvl=warn msg=GetBlockByNumer                         number=79
        t=2026-09-22T13:21:22+0200 lvl=info msg="HOTSTUFF PROPOSAL MANIFEST stored"     from=127.0.0.1:54494 number=81 proposalID=0x768363fc032ea095cc0541e22729c022f0f087427af124228a28feb4c8ad1a31 manifestBytes=1219 missing=0 bodyBytes=1314
        t=2026-09-22T13:21:22+0200 lvl=info msg="HOTSTUFF PROPOSAL MANIFEST stored"     from=127.0.0.1:35107 number=82 proposalID=0x8f45f7b8fb3fbc1bd5e8e06f55cbd5fb2aa2649a1586c76b29871d3eacf96c53 manifestBytes=830  missing=0 bodyBytes=830
        t=2026-09-22T13:21:22+0200 lvl=warn msg=GetBlockByNumer                         number=1
        t=2026-09-22T13:21:23+0200 lvl=warn msg=GetBlockByNumer                         number=1
        t=2026-09-22T13:21:23+0200 lvl=warn msg=GetBlockByNumer                         number=80
        t=2026-09-22T13:21:23+0200 lvl=warn msg=GetBlockByNumer                         number=81
        t=2026-09-22T13:21:23+0200 lvl=warn msg=GetBlockByNumer                         number=81
        t=2026-09-22T13:21:23+0200 lvl=info msg="HOTSTUFF PROPOSAL MANIFEST stored"     from=127.0.0.1:58144 number=83 proposalID=0xf309e9c3f2b01188332d391b6bceaf02957303dcb55deac17dc51f5d6549cd83 manifestBytes=1219 missing=0 bodyBytes=1314
        t=2026-09-22T13:21:23+0200 lvl=info msg="HOTSTUFF PROPOSAL MANIFEST stored"     from=127.0.0.1:35107 number=84 proposalID=0x7a7107b4ac4dfef73d4ca829f1cef295b744cfcfa7653d88c170a61ab1680f47 manifestBytes=830  missing=0 bodyBytes=830
        t=2026-09-22T13:21:23+0200 lvl=warn msg=GetBlockByNumer                         number=1
        t=2026-09-22T13:21:23+0200 lvl=warn msg=GetBlockByNumer                         number=1
        t=2026-09-22T13:21:24+0200 lvl=warn msg=GetBlockByNumer                         number=1
        t=2026-09-22T13:21:24+0200 lvl=warn msg=GetBlockByNumer                         number=82
        t=2026-09-22T13:21:24+0200 lvl=warn msg=GetBlockByNumer                         number=83
        t=2026-09-22T13:21:24+0200 lvl=warn msg=GetBlockByNumer                         number=83
        t=2026-09-22T13:21:28+0200 lvl=warn msg="HOTSTUFF RECOVERY resend NewView"      number=85 viewID=0x9be3169db364506bd258db980a9eed7b438a69375a43e71caaa2b0069718da7a to=127.0.0.1:58144
        t=2026-09-22T13:21:30+0200 lvl=info msg="HOTSTUFF PROPOSAL MANIFEST stored"     from=127.0.0.1:58144 number=85 proposalID=0x9e5facf0f32e72ef7191fbaf5546fc389039435eece94f0471e46500878489f4 manifestBytes=1219 missing=0 bodyBytes=1653
        t=2026-09-22T13:21:31+0200 lvl=info msg="HOTSTUFF PROPOSAL MANIFEST stored"     from=127.0.0.1:52819 number=86 proposalID=0x87f7222fd980155dec09d95b9d2cb27c046ab213c36eb473f086ea91ac3ad457 manifestBytes=830  missing=0 bodyBytes=830
        t=2026-09-22T13:21:36+0200 lvl=warn msg="HOTSTUFF RECOVERY resend NewView"      number=87 viewID=0x77dd5abf50651be69b2abac7f6eca36b3f96614477c4b9d1c432203f551475fb to=127.0.0.1:54494
        t=2026-09-22T13:21:38+0200 lvl=info msg="HOTSTUFF PROPOSAL MANIFEST stored"     from=127.0.0.1:54494 number=87 proposalID=0xd26248b830c77264cf3b0173d175a6b588ec8f7200ab2b05f89c844bde04f2e7 manifestBytes=1219 missing=1 bodyBytes=1653
        t=2026-09-22T13:21:38+0200 lvl=eror msg="OnPropose wait proposal body"          number=87 proposalID=0xd26248b830c77264cf3b0173d175a6b588ec8f7200ab2b05f89c844bde04f2e7 err="hotstuff view state too old"
        t=2026-09-22T13:21:38+0200 lvl=warn msg="HOTSTUFF PROPOSAL MANIFEST authority rejected" from=127.0.0.1:54494 leader=127.0.0.1:54494 number=88 proposalID=0xf0dc4670c9207a6e6b5c3278b604b1588bb2f05561c207b2167acc68f6c25406 err="proposal manifest does not match the current deterministic leader route: manifest key committee is already canonical but is not the current route"
        t=2026-09-22T13:21:38+0200 lvl=warn msg="reject new-view before storage"        from=127.0.0.1:54494 viewID=0xfd8688b210e1d2e90ba2ec1166521fe3725c2507245371bd7f3647013f5e333c err="hotstuff proposal validation pending"
        t=2026-09-22T13:21:38+0200 lvl=warn msg="reject new-view before storage"        from=127.0.0.1:58144 viewID=0xfd8688b210e1d2e90ba2ec1166521fe3725c2507245371bd7f3647013f5e333c err="hotstuff proposal validation pending"
        t=2026-09-22T13:21:38+0200 lvl=warn msg="reject new-view before storage"        from=127.0.0.1:35107 viewID=0xfd8688b210e1d2e90ba2ec1166521fe3725c2507245371bd7f3647013f5e333c err="hotstuff proposal validation pending"
        t=2026-09-22T13:21:38+0200 lvl=warn msg="reject new-view before storage"        from=127.0.0.1:44282 viewID=0xfd8688b210e1d2e90ba2ec1166521fe3725c2507245371bd7f3647013f5e333c err="hotstuff proposal validation pending"
        t=2026-09-22T13:21:38+0200 lvl=warn msg="reject new-view before storage"        from=127.0.0.1:52819 viewID=0xfd8688b210e1d2e90ba2ec1166521fe3725c2507245371bd7f3647013f5e333c err="hotstuff proposal validation pending"
        t=2026-09-22T13:21:39+0200 lvl=info msg="HOTSTUFF PROPOSAL REPAIR REQUEST"      to=127.0.0.1:54494 number=88 proposalID=0xf0dc4670c9207a6e6b5c3278b604b1588bb2f05561c207b2167acc68f6c25406 missing=0 attempt=0
        t=2026-09-22T13:21:39+0200 lvl=info msg="HOTSTUFF PROPOSAL MANIFEST stored"     from=127.0.0.1:54494 number=88 proposalID=0xf0dc4670c9207a6e6b5c3278b604b1588bb2f05561c207b2167acc68f6c25406 manifestBytes=830  missing=0 bodyBytes=830
        t=2026-09-22T13:21:44+0200 lvl=warn msg="HOTSTUFF RECOVERY resend NewView"      number=89 viewID=0xfd8688b210e1d2e90ba2ec1166521fe3725c2507245371bd7f3647013f5e333c to=127.0.0.1:37652
        t=2026-09-22T13:21:47+0200 lvl=info msg="HOTSTUFF PROPOSAL REF"                 number=89 viewID=0xfd8688b210e1d2e90ba2ec1166521fe3725c2507245371bd7f3647013f5e333c proposalID=0xeb5a3a1e20ce263099670e81e234b5963d1374f40eda01b452bb72254c3163e4 blockHash=0x3eae4999b329ebda6b27ece108112300af1e427e0fd5144b6277c35adb1710a9 bodyHash=0xa24f10c3a94426d295d942071b986f89e526b8379542f62eebe44b9962112e57 bodySize=1653 refBytes=442
        t=2026-09-22T13:21:47+0200 lvl=warn msg="HotStuff message rejected"             from=                code=MsgTryPropose number=0  viewID=0x0000000000000000000000000000000000000000000000000000000000000000 err="hotstuff invalid leader view"
        t=2026-09-22T13:21:47+0200 lvl=info msg="HOTSTUFF PROPOSAL REF"                 number=90 viewID=0x0d2fea6379d30ab66a52133c10a3cbb8395dcfdaf75849b36c1b5ce0becf7b83 proposalID=0xb89880af16c734bdf6c32612122eda01a482595dd3694b70b6a8c6dbbcffbd1b blockHash=0xc7cd72ba6fc6d9d80312954ba8bb7986a9fe7971199c659a7eb7c1f277e1ecd5 bodyHash=0xf7cf7119b9779ac57e5f0d74f33458d0cc746bb629e21c36cc40ee3ae7367b2d bodySize=1653 refBytes=442
        t=2026-09-22T13:21:47+0200 lvl=warn msg="reject new-view before storage"        from=127.0.0.1:52819 viewID=0x0d2fea6379d30ab66a52133c10a3cbb8395dcfdaf75849b36c1b5ce0becf7b83 err="hotstuff view state too old"
        t=2026-09-22T13:21:47+0200 lvl=info msg="HOTSTUFF PROPOSAL MANIFEST stored"     from=127.0.0.1:35107 number=91 proposalID=0x115a07ca3c8a252406e5c2345e083a52b116e2f7525d65c32a27cd992676e99e manifestBytes=830  missing=0 bodyBytes=830
        t=2026-09-22T13:21:52+0200 lvl=info msg="HOTSTUFF PROPOSAL MANIFEST stored"     from=127.0.0.1:54494 number=92 proposalID=0x889b51add22b10a68647da3b7e426513552355f7830b939bcb3f39e2892719e4 manifestBytes=1219 missing=0 bodyBytes=1653
        t=2026-09-22T13:21:53+0200 lvl=info msg="HOTSTUFF PROPOSAL MANIFEST stored"     from=127.0.0.1:45749 number=93 proposalID=0x6ce9b4eac5af5bc1deb00448e48b8dccef4a67064507373349371186bd43025f manifestBytes=1219 missing=0 bodyBytes=1653
        t=2026-09-22T13:21:53+0200 lvl=info msg="HOTSTUFF PROPOSAL REF"                 number=94 viewID=0x595ab107adb7b0128898b890331746ad75cf3f75ff3ba421fa3a997e56032661 proposalID=0xc1f4b472e1e28e3d7db0486132354008ab2b919307be73fa7d2e5e2a87517671 blockHash=0x7e390628e8697c1ebeebef0751bd8c2544f6bb16395c44f7271ede741b7dd056 bodyHash=0x3ff067ba337e47482c4fc94dc93006f60b61f73db7063c379ad02ae204c04e17 bodySize=830  refBytes=439
        t=2026-09-22T13:21:53+0200 lvl=warn msg="Send msg try again"                    address=[::]:37652      Couldn't send to=127.0.0.1:35107 error="Operation Canceled"
        t=2026-09-22T13:21:53+0200 lvl=eror msg=CloseConnect                            =[::]:37652 having error closing conn to=127.0.0.1:35107 error="Connection Closed"
        t=2026-09-22T13:21:58+0200 lvl=warn msg="HOTSTUFF RECOVERY resend NewView"      number=95 viewID=0x27729630f12c838ff971d7dbb279c1c55be4adfccf3619114e907da962afb7fe to=127.0.0.1:58144
        t=2026-09-22T13:22:03+0200 lvl=warn msg="HOTSTUFF RECOVERY resend NewView"      number=95 viewID=0x27729630f12c838ff971d7dbb279c1c55be4adfccf3619114e907da962afb7fe to=127.0.0.1:58144
        t=2026-09-22T13:22:04+0200 lvl=info msg="HOTSTUFF PROPOSAL MANIFEST stored"     from=127.0.0.1:58144 number=95 proposalID=0x63ae18cfce56b110ff14a48dd31122fcea623ae7034d25d5ef04eab1bc0199c8 manifestBytes=1220 missing=0 bodyBytes=3872
        t=2026-09-22T13:22:04+0200 lvl=info msg="HOTSTUFF PROPOSAL MANIFEST stored"     from=127.0.0.1:45749 number=96 proposalID=0x7008f2657be04629c269ed91f213be2b3a3092ab77f10c323eeee76cf9ed47f5 manifestBytes=1220 missing=0 bodyBytes=3872
        t=2026-09-22T13:22:05+0200 lvl=info msg="HOTSTUFF PROPOSAL MANIFEST stored"     from=127.0.0.1:54494 number=97 proposalID=0x0ed8185fd2cd662b17341f8c5c835bfa53f884489889c29faeaa2b108eb2d84e manifestBytes=830  missing=0 bodyBytes=830
        t=2026-09-22T13:22:10+0200 lvl=warn msg="HOTSTUFF RECOVERY resend NewView"      number=98 viewID=0x07a2661e718d79ecf1ea9e2eff06ab8764e04455d1f34e22c0e12281fb300160 to=127.0.0.1:45749
        t=2026-09-22T13:22:15+0200 lvl=warn msg="HOTSTUFF RECOVERY resend NewView"      number=98 viewID=0x07a2661e718d79ecf1ea9e2eff06ab8764e04455d1f34e22c0e12281fb300160 to=127.0.0.1:45749
        t=2026-09-22T13:22:20+0200 lvl=warn msg="HOTSTUFF RECOVERY resend NewView"      number=98 viewID=0x07a2661e718d79ecf1ea9e2eff06ab8764e04455d1f34e22c0e12281fb300160 to=127.0.0.1:45749
        t=2026-09-22T13:22:21+0200 lvl=info msg="HOTSTUFF PROPOSAL MANIFEST stored"     from=127.0.0.1:45749 number=98 proposalID=0xa253fc867887bed26f416c3b2c40af2114b3e6ff1b857443d55a9baa22361de7 manifestBytes=1220 missing=0 bodyBytes=62704
        t=2026-09-22T13:22:22+0200 lvl=info msg="HOTSTUFF PROPOSAL MANIFEST stored"     from=127.0.0.1:44282 number=99 proposalID=0xe4cb670b51f7defbf9dab3b44f85764dfdc86d9327ecc93408bf299e1fb9809b manifestBytes=1220 missing=0 bodyBytes=62704
        t=2026-09-22T13:22:22+0200 lvl=info msg="HOTSTUFF PROPOSAL REF"                 number=100 viewID=0xc1c223bf8f7e97a3698f4dbb5e34f071bd8f394a2595882b63ca5077c22942a4 proposalID=0x831313b5bdd000066823a87f3f35fe53761e74927bebe90b77573cb288dbca9d blockHash=0x80972f0d71fe78828e3230996de5a93954b998b3be24bb7443348bfd79f0f096 bodyHash=0xc8ab61ff779ddad1ddc944968ccdad11efbc5db08b048e7446ba6008249c102f bodySize=830  refBytes=439
        t=2026-09-22T13:22:22+0200 lvl=warn msg="Send msg try again"                    address=[::]:37652      Couldn't send to=127.0.0.1:35107 error="Operation Canceled"
        t=2026-09-22T13:22:22+0200 lvl=warn msg="Send msg try again"                    address=[::]:37652      Couldn't send to=127.0.0.1:35107 error="Operation Canceled"
        t=2026-09-22T13:22:22+0200 lvl=warn msg="Send msg try again"                    address=[::]:37652      Couldn't send to=127.0.0.1:44282 error="Operation Canceled"
        t=2026-09-22T13:22:22+0200 lvl=eror msg=CloseConnect                            =[::]:37652 having error closing conn to=127.0.0.1:47791 error="Connection Closed"
        t=2026-09-22T13:22:22+0200 lvl=eror msg=CloseConnect                            =[::]:37652 having error closing conn to=127.0.0.1:35107 error="Connection Closed"
        t=2026-09-22T13:22:22+0200 lvl=warn msg="does not accept incoming connection because it's closed" address=[::]:37652      from=127.0.0.1:50238
        t=2026-09-22T13:22:22+0200 lvl=warn msg="HandleConn drops connection: closed"   address=127.0.0.1:37652 remot=127.0.0.1:35107
    dex_financial_process_test.go:104: DEX child6 full log /tmp/dex-financial-failure-2525598846.log
    dex_financial_process_test.go:109: DEX child6 log: 
    dex_financial_process_test.go:104: DEX child5 full log /tmp/dex-financial-failure-262212189.log
    dex_financial_process_test.go:109: DEX child5 log: 
    dex_financial_process_test.go:104: DEX child4 full log /tmp/dex-financial-failure-1191644936.log
    dex_financial_process_test.go:109: DEX child4 log: 
    dex_financial_process_test.go:104: DEX child3 full log /tmp/dex-financial-failure-3289983054.log
    dex_financial_process_test.go:109: DEX child3 log: 
    dex_financial_process_test.go:104: DEX child2 full log /tmp/dex-financial-failure-3825476950.log
    dex_financial_process_test.go:109: DEX child2 log: 
    dex_financial_process_test.go:104: DEX child1 full log /tmp/dex-financial-failure-4091295436.log
    dex_financial_process_test.go:109: DEX child1 log: 
    dex_financial_process_test.go:104: DEX child0 full log /tmp/dex-financial-failure-692834515.log
    dex_financial_process_test.go:109: DEX child0 log: 
    dex_continuous_fixture_test.go:68: CONTINUOUS_PUBLIC_FAILURE_ARCHIVE path=/tmp/continuous-public-failure-1925474966 privateKeysExcluded=true noOperationalData=true
--- FAIL: TestFHSNativeContinuousOrdinaryCLI (247.34s)
FAIL
