RUN_STARTED_UTC 2026-09-22T07:31:03.767885+00:00
COMMAND ["nice", "-n", "10", "go", "test", "-p", "1", "-count=1", "-v", "-timeout=5m", "./commonrpcreward", "./params", "./consensus/colossusX", "./miner", "./eth", "./reconfig/...", "./core/..."]
NETWORK_NAMESPACE net:[4026532339] LOOPBACK_ONLY true
GOMAXPROCS 2 NICE 10 GOPROXY off NORMAL_POW_NONCES NOT_RUN
=== RUN   TestRegistryDurabilityIdentityAndValidation
--- PASS: TestRegistryDurabilityIdentityAndValidation (0.00s)
=== RUN   TestRegistryUnavailableAndCorrupt
--- PASS: TestRegistryUnavailableAndCorrupt (0.00s)
=== RUN   TestRegistryConcurrentSnapshots
--- PASS: TestRegistryConcurrentSnapshots (0.00s)
=== RUN   TestRegistryDirectorySyncFailureRestoresPreviousFile
--- PASS: TestRegistryDirectorySyncFailureRestoresPreviousFile (0.00s)
PASS
ok  	github.com/cypherium/cypher/commonrpcreward	0.015s
=== RUN   TestBPOConfigJSONRoundTrip
--- PASS: TestBPOConfigJSONRoundTrip (0.00s)
=== RUN   TestCommonRPCRecipientActivationOptionRejected
--- PASS: TestCommonRPCRecipientActivationOptionRejected (0.00s)
=== RUN   TestCommonRPCRecipientNetworkHasDistinctGenesisDomain
--- PASS: TestCommonRPCRecipientNetworkHasDistinctGenesisDomain (0.00s)
=== RUN   TestDEXDevnetConsensusConfigRoundTripAndBinding
--- PASS: TestDEXDevnetConsensusConfigRoundTripAndBinding (0.00s)
=== RUN   TestFairHotstuffConfigRequiresSeedAndThreeFPlusOne
--- PASS: TestFairHotstuffConfigRequiresSeedAndThreeFPlusOne (0.00s)
=== RUN   TestFairHotstuffConfigRejectsInvalidChainAndCommitteeKeys
--- PASS: TestFairHotstuffConfigRejectsInvalidChainAndCommitteeKeys (0.00s)
=== RUN   TestFairHotstuffConfigAllowsCommonRPCWithoutRegistration
--- PASS: TestFairHotstuffConfigAllowsCommonRPCWithoutRegistration (0.01s)
=== RUN   TestFairHotstuffConfigForbidsTransportDowngrade
--- PASS: TestFairHotstuffConfigForbidsTransportDowngrade (0.00s)
=== RUN   TestFairHotstuffSeedJSONRoundTrip
--- PASS: TestFairHotstuffSeedJSONRoundTrip (0.00s)
=== RUN   TestFairHotstuffGenesisCommitmentBindsConsensusConfiguration
--- PASS: TestFairHotstuffGenesisCommitmentBindsConsensusConfiguration (0.00s)
=== RUN   TestModernForkOrderAllowsAllForksAtGenesis
--- PASS: TestModernForkOrderAllowsAllForksAtGenesis (0.00s)
=== RUN   TestModernForkOrderRejectsSkippedAndInvalidSchedules
=== RUN   TestModernForkOrderRejectsSkippedAndInvalidSchedules/London_without_Berlin
=== RUN   TestModernForkOrderRejectsSkippedAndInvalidSchedules/Shanghai_without_London
=== RUN   TestModernForkOrderRejectsSkippedAndInvalidSchedules/Prague_without_Cancun
=== RUN   TestModernForkOrderRejectsSkippedAndInvalidSchedules/timestamp_regression
=== RUN   TestModernForkOrderRejectsSkippedAndInvalidSchedules/missing_Prague_blob_config
--- PASS: TestModernForkOrderRejectsSkippedAndInvalidSchedules (0.00s)
    --- PASS: TestModernForkOrderRejectsSkippedAndInvalidSchedules/London_without_Berlin (0.00s)
    --- PASS: TestModernForkOrderRejectsSkippedAndInvalidSchedules/Shanghai_without_London (0.00s)
    --- PASS: TestModernForkOrderRejectsSkippedAndInvalidSchedules/Prague_without_Cancun (0.00s)
    --- PASS: TestModernForkOrderRejectsSkippedAndInvalidSchedules/timestamp_regression (0.00s)
    --- PASS: TestModernForkOrderRejectsSkippedAndInvalidSchedules/missing_Prague_blob_config (0.00s)
=== RUN   TestModernForkOrderBPOValidation
=== RUN   TestModernForkOrderBPOValidation/BPO_after_Osaka
=== RUN   TestModernForkOrderBPOValidation/optional_earlier_BPO_slot
=== RUN   TestModernForkOrderBPOValidation/BPO_without_Osaka
=== RUN   TestModernForkOrderBPOValidation/BPO_timestamp_regression
=== RUN   TestModernForkOrderBPOValidation/missing_BPO_blob_config
--- PASS: TestModernForkOrderBPOValidation (0.00s)
    --- PASS: TestModernForkOrderBPOValidation/BPO_after_Osaka (0.00s)
    --- PASS: TestModernForkOrderBPOValidation/optional_earlier_BPO_slot (0.00s)
    --- PASS: TestModernForkOrderBPOValidation/BPO_without_Osaka (0.00s)
    --- PASS: TestModernForkOrderBPOValidation/BPO_timestamp_regression (0.00s)
    --- PASS: TestModernForkOrderBPOValidation/missing_BPO_blob_config (0.00s)
=== RUN   TestSolanaScaleNativeParallelConfigValid
--- PASS: TestSolanaScaleNativeParallelConfigValid (0.00s)
=== RUN   TestParallelConfigRejectsCombinedExecutorMemoryOverflow
--- PASS: TestParallelConfigRejectsCombinedExecutorMemoryOverflow (0.00s)
=== RUN   TestNativeParallelConfigJSONRoundTrip
--- PASS: TestNativeParallelConfigJSONRoundTrip (0.00s)
=== RUN   TestChainConfigRejectsRetiredNativeTransactionSchema
--- PASS: TestChainConfigRejectsRetiredNativeTransactionSchema (0.00s)
=== RUN   TestChainConfigRejectsProgrammaticNativeTransactionMode
--- PASS: TestChainConfigRejectsProgrammaticNativeTransactionMode (0.00s)
=== RUN   TestNativeParallelConfigRejectsUnsafeRelationships
--- PASS: TestNativeParallelConfigRejectsUnsafeRelationships (0.00s)
=== RUN   TestNativeParallelConfigAllowsEVMOnlyMode
--- PASS: TestNativeParallelConfigAllowsEVMOnlyMode (0.00s)
=== RUN   TestRetiredNativeModeCannotUseSignedWireByteBound
--- PASS: TestRetiredNativeModeCannotUseSignedWireByteBound (0.00s)
=== RUN   TestNativeParallelEffectiveConsensusLimits
--- PASS: TestNativeParallelEffectiveConsensusLimits (0.00s)
=== RUN   TestNativeParallelEVMWorkLimits
--- PASS: TestNativeParallelEVMWorkLimits (0.00s)
=== RUN   TestEVMParallelBlobScheduleFitsDefensiveCopyBudget
--- PASS: TestEVMParallelBlobScheduleFitsDefensiveCopyBudget (0.00s)
=== RUN   TestNativeReplayRegistryUsesPayerShards
--- PASS: TestNativeReplayRegistryUsesPayerShards (0.00s)
=== RUN   TestCalcExcessBlobGas
=== RUN   TestCalcExcessBlobGas/below_target
=== RUN   TestCalcExcessBlobGas/at_target
=== RUN   TestCalcExcessBlobGas/above_target
=== RUN   TestCalcExcessBlobGas/existing_excess
--- PASS: TestCalcExcessBlobGas (0.00s)
    --- PASS: TestCalcExcessBlobGas/below_target (0.00s)
    --- PASS: TestCalcExcessBlobGas/at_target (0.00s)
    --- PASS: TestCalcExcessBlobGas/above_target (0.00s)
    --- PASS: TestCalcExcessBlobGas/existing_excess (0.00s)
=== RUN   TestCalcExcessBlobGasForForkEIP7918
--- PASS: TestCalcExcessBlobGasForForkEIP7918 (0.00s)
=== RUN   TestBlobGasScheduleDefaults
--- PASS: TestBlobGasScheduleDefaults (0.00s)
=== RUN   TestActiveBlobConfigScheduleSwitches
--- PASS: TestActiveBlobConfigScheduleSwitches (0.00s)
=== RUN   TestBlobExcessArithmeticDoesNotWrap
--- PASS: TestBlobExcessArithmeticDoesNotWrap (0.00s)
=== RUN   TestCalcBlobBaseFee
--- PASS: TestCalcBlobBaseFee (0.00s)
=== RUN   TestCalcBlobBaseFeeAtTimeUsesActiveSchedule
--- PASS: TestCalcBlobBaseFeeAtTimeUsesActiveSchedule (0.00s)
PASS
ok  	github.com/cypherium/cypher/params	0.077s
=== RUN   TestDatasetGrowthSchedule
--- PASS: TestDatasetGrowthSchedule (0.00s)
=== RUN   TestSealCandidateRequiresLockedDataset
=== RUN   TestSealCandidateRequiresLockedDataset/default
=== RUN   TestSealCandidateRequiresLockedDataset/explicit
--- PASS: TestSealCandidateRequiresLockedDataset (0.00s)
    --- PASS: TestSealCandidateRequiresLockedDataset/default (0.00s)
    --- PASS: TestSealCandidateRequiresLockedDataset/explicit (0.00s)
=== RUN   TestTesterDatasetWithoutDirectory
--- PASS: TestTesterDatasetWithoutDirectory (0.00s)
=== RUN   TestLockedDatasetRejectsHeapFallback
--- PASS: TestLockedDatasetRejectsHeapFallback (0.00s)
=== RUN   TestLockedDatasetRejectsWrongSize
--- PASS: TestLockedDatasetRejectsWrongSize (0.00s)
=== RUN   TestDatasetLocksGeneratedAndLoadedMapping
=== RUN   TestDatasetLocksGeneratedAndLoadedMapping/generate
=== RUN   TestDatasetLocksGeneratedAndLoadedMapping/reload
--- PASS: TestDatasetLocksGeneratedAndLoadedMapping (0.00s)
    --- PASS: TestDatasetLocksGeneratedAndLoadedMapping/generate (0.00s)
    --- PASS: TestDatasetLocksGeneratedAndLoadedMapping/reload (0.00s)
=== RUN   TestMemoryMapRejectsShortMagic
--- PASS: TestMemoryMapRejectsShortMagic (0.00s)
=== RUN   TestStaticBlockRewardEligibility
=== RUN   TestStaticBlockRewardEligibility/empty_fast/proposal
=== RUN   TestStaticBlockRewardEligibility/empty_fast/finalize
=== RUN   TestStaticBlockRewardEligibility/empty_fast/assemble
=== RUN   TestStaticBlockRewardEligibility/empty_slow/proposal
=== RUN   TestStaticBlockRewardEligibility/empty_slow/finalize
=== RUN   TestStaticBlockRewardEligibility/empty_slow/assemble
=== RUN   TestStaticBlockRewardEligibility/non-empty_fast/proposal
=== RUN   TestStaticBlockRewardEligibility/non-empty_fast/finalize
=== RUN   TestStaticBlockRewardEligibility/non-empty_fast/assemble
=== RUN   TestStaticBlockRewardEligibility/non-empty_slow/proposal
=== RUN   TestStaticBlockRewardEligibility/non-empty_slow/finalize
=== RUN   TestStaticBlockRewardEligibility/non-empty_slow/assemble
=== RUN   TestStaticBlockRewardEligibility/empty_key/proposal
=== RUN   TestStaticBlockRewardEligibility/empty_key/finalize
=== RUN   TestStaticBlockRewardEligibility/empty_key/assemble
--- PASS: TestStaticBlockRewardEligibility (0.01s)
    --- PASS: TestStaticBlockRewardEligibility/empty_fast/proposal (0.00s)
    --- PASS: TestStaticBlockRewardEligibility/empty_fast/finalize (0.00s)
    --- PASS: TestStaticBlockRewardEligibility/empty_fast/assemble (0.00s)
    --- PASS: TestStaticBlockRewardEligibility/empty_slow/proposal (0.00s)
    --- PASS: TestStaticBlockRewardEligibility/empty_slow/finalize (0.00s)
    --- PASS: TestStaticBlockRewardEligibility/empty_slow/assemble (0.00s)
    --- PASS: TestStaticBlockRewardEligibility/non-empty_fast/proposal (0.00s)
    --- PASS: TestStaticBlockRewardEligibility/non-empty_fast/finalize (0.00s)
    --- PASS: TestStaticBlockRewardEligibility/non-empty_fast/assemble (0.00s)
    --- PASS: TestStaticBlockRewardEligibility/non-empty_slow/proposal (0.00s)
    --- PASS: TestStaticBlockRewardEligibility/non-empty_slow/finalize (0.00s)
    --- PASS: TestStaticBlockRewardEligibility/non-empty_slow/assemble (0.00s)
    --- PASS: TestStaticBlockRewardEligibility/empty_key/proposal (0.00s)
    --- PASS: TestStaticBlockRewardEligibility/empty_key/finalize (0.00s)
    --- PASS: TestStaticBlockRewardEligibility/empty_key/assemble (0.00s)
=== RUN   TestKeyBlockPowRewardIsRetained
=== RUN   TestKeyBlockPowRewardIsRetained/A_fallback
=== RUN   TestKeyBlockPowRewardIsRetained/A_fallback/proposal
=== RUN   TestKeyBlockPowRewardIsRetained/A_fallback/finalize
=== RUN   TestKeyBlockPowRewardIsRetained/A_fallback/assemble
=== RUN   TestKeyBlockPowRewardIsRetained/registered_B
=== RUN   TestKeyBlockPowRewardIsRetained/registered_B/proposal
=== RUN   TestKeyBlockPowRewardIsRetained/registered_B/finalize
=== RUN   TestKeyBlockPowRewardIsRetained/registered_B/assemble
=== RUN   TestKeyBlockPowRewardIsRetained/B_equals_block_producer
=== RUN   TestKeyBlockPowRewardIsRetained/B_equals_block_producer/proposal
=== RUN   TestKeyBlockPowRewardIsRetained/B_equals_block_producer/finalize
=== RUN   TestKeyBlockPowRewardIsRetained/B_equals_block_producer/assemble
--- PASS: TestKeyBlockPowRewardIsRetained (0.01s)
    --- PASS: TestKeyBlockPowRewardIsRetained/A_fallback (0.00s)
        --- PASS: TestKeyBlockPowRewardIsRetained/A_fallback/proposal (0.00s)
        --- PASS: TestKeyBlockPowRewardIsRetained/A_fallback/finalize (0.00s)
        --- PASS: TestKeyBlockPowRewardIsRetained/A_fallback/assemble (0.00s)
    --- PASS: TestKeyBlockPowRewardIsRetained/registered_B (0.00s)
        --- PASS: TestKeyBlockPowRewardIsRetained/registered_B/proposal (0.00s)
        --- PASS: TestKeyBlockPowRewardIsRetained/registered_B/finalize (0.00s)
        --- PASS: TestKeyBlockPowRewardIsRetained/registered_B/assemble (0.00s)
    --- PASS: TestKeyBlockPowRewardIsRetained/B_equals_block_producer (0.00s)
        --- PASS: TestKeyBlockPowRewardIsRetained/B_equals_block_producer/proposal (0.00s)
        --- PASS: TestKeyBlockPowRewardIsRetained/B_equals_block_producer/finalize (0.00s)
        --- PASS: TestKeyBlockPowRewardIsRetained/B_equals_block_producer/assemble (0.00s)
=== RUN   TestCandidatePoWRewardRecipientSurvivesExistingEncodings
=== RUN   TestCandidatePoWRewardRecipientSurvivesExistingEncodings/candidate_RLP
=== RUN   TestCandidatePoWRewardRecipientSurvivesExistingEncodings/compact_PoW_result
--- PASS: TestCandidatePoWRewardRecipientSurvivesExistingEncodings (0.01s)
    --- PASS: TestCandidatePoWRewardRecipientSurvivesExistingEncodings/candidate_RLP (0.00s)
    --- PASS: TestCandidatePoWRewardRecipientSurvivesExistingEncodings/compact_PoW_result (0.00s)
=== RUN   TestFHSHeaderTimestampBeforeVoting
=== RUN   TestFHSHeaderTimestampBeforeVoting/wall_clock/new
=== RUN   TestFHSHeaderTimestampBeforeVoting/wall_clock/known
=== RUN   TestFHSHeaderTimestampBeforeVoting/short_production_burst/new
=== RUN   TestFHSHeaderTimestampBeforeVoting/short_production_burst/known
=== RUN   TestFHSHeaderTimestampBeforeVoting/far_future/new
=== RUN   TestFHSHeaderTimestampBeforeVoting/far_future/known
=== RUN   TestFHSHeaderTimestampBeforeVoting/signed_integer_boundary/new
=== RUN   TestFHSHeaderTimestampBeforeVoting/signed_integer_boundary/known
=== RUN   TestFHSHeaderTimestampBeforeVoting/no_possible_successor/new
=== RUN   TestFHSHeaderTimestampBeforeVoting/no_possible_successor/known
--- PASS: TestFHSHeaderTimestampBeforeVoting (0.00s)
    --- PASS: TestFHSHeaderTimestampBeforeVoting/wall_clock/new (0.00s)
    --- PASS: TestFHSHeaderTimestampBeforeVoting/wall_clock/known (0.00s)
    --- PASS: TestFHSHeaderTimestampBeforeVoting/short_production_burst/new (0.00s)
    --- PASS: TestFHSHeaderTimestampBeforeVoting/short_production_burst/known (0.00s)
    --- PASS: TestFHSHeaderTimestampBeforeVoting/far_future/new (0.00s)
    --- PASS: TestFHSHeaderTimestampBeforeVoting/far_future/known (0.00s)
    --- PASS: TestFHSHeaderTimestampBeforeVoting/signed_integer_boundary/new (0.00s)
    --- PASS: TestFHSHeaderTimestampBeforeVoting/signed_integer_boundary/known (0.00s)
    --- PASS: TestFHSHeaderTimestampBeforeVoting/no_possible_successor/new (0.00s)
    --- PASS: TestFHSHeaderTimestampBeforeVoting/no_possible_successor/known (0.00s)
=== RUN   TestVerifyFHSBlockTimestampAllowance
=== RUN   TestVerifyFHSBlockTimestampAllowance/historical_block
=== RUN   TestVerifyFHSBlockTimestampAllowance/current_second
=== RUN   TestVerifyFHSBlockTimestampAllowance/five_minute_boundary
=== RUN   TestVerifyFHSBlockTimestampAllowance/beyond_five_minutes
=== RUN   TestVerifyFHSBlockTimestampAllowance/maximum_uint64
--- PASS: TestVerifyFHSBlockTimestampAllowance (0.00s)
    --- PASS: TestVerifyFHSBlockTimestampAllowance/historical_block (0.00s)
    --- PASS: TestVerifyFHSBlockTimestampAllowance/current_second (0.00s)
    --- PASS: TestVerifyFHSBlockTimestampAllowance/five_minute_boundary (0.00s)
    --- PASS: TestVerifyFHSBlockTimestampAllowance/beyond_five_minutes (0.00s)
    --- PASS: TestVerifyFHSBlockTimestampAllowance/maximum_uint64 (0.00s)
=== RUN   TestVerifyModernHeaderFieldsAcceptsLondonAndCancunHeader
--- PASS: TestVerifyModernHeaderFieldsAcceptsLondonAndCancunHeader (0.00s)
=== RUN   TestVerifyModernHeaderFieldsRequiresLondonBaseFee
--- PASS: TestVerifyModernHeaderFieldsRequiresLondonBaseFee (0.00s)
=== RUN   TestVerifyModernHeaderFieldsRequiresFixedLondonBaseFee
--- PASS: TestVerifyModernHeaderFieldsRequiresFixedLondonBaseFee (0.00s)
=== RUN   TestVerifyModernHeaderFieldsRejectsCancunBlobGasBeforeFork
--- PASS: TestVerifyModernHeaderFieldsRejectsCancunBlobGasBeforeFork (0.00s)
=== RUN   TestVerifyModernHeaderFieldsTreatsBlobGasAsIndependentFromExecutionGas
--- PASS: TestVerifyModernHeaderFieldsTreatsBlobGasAsIndependentFromExecutionGas (0.00s)
=== RUN   TestVerifyModernHeaderFieldsRejectsBlobGasMisalignment
--- PASS: TestVerifyModernHeaderFieldsRejectsBlobGasMisalignment (0.00s)
=== RUN   TestVerifyModernHeaderFieldsRejectsRequestsHashBeforePrague
--- PASS: TestVerifyModernHeaderFieldsRejectsRequestsHashBeforePrague (0.00s)
=== RUN   TestVerifyModernHeaderFieldsRequiresExecutionOnlyShanghaiPragueRoots
--- PASS: TestVerifyModernHeaderFieldsRequiresExecutionOnlyShanghaiPragueRoots (0.00s)
=== RUN   TestVerifyModernHeaderFieldsRejectsUnauthenticatedBeaconRoot
--- PASS: TestVerifyModernHeaderFieldsRejectsUnauthenticatedBeaconRoot (0.00s)
=== RUN   TestVerifyModernHeaderFieldsBindsPrevRandaoWithinKeyEpoch
--- PASS: TestVerifyModernHeaderFieldsBindsPrevRandaoWithinKeyEpoch (0.00s)
=== RUN   TestVerifyModernHeaderFieldsAllowsOldEpochChildOfKeyCarrier
--- PASS: TestVerifyModernHeaderFieldsAllowsOldEpochChildOfKeyCarrier (0.00s)
PASS
ok  	github.com/cypherium/cypher/consensus/colossusX	0.083s
=== RUN   TestKeyBlockCandidateTimestampFixedModeIsExactWhenMiningStartsLate
--- PASS: TestKeyBlockCandidateTimestampFixedModeIsExactWhenMiningStartsLate (0.00s)
=== RUN   TestKeyBlockCandidateTimestampZeroGenesisUsesMiningStartAnchor
--- PASS: TestKeyBlockCandidateTimestampZeroGenesisUsesMiningStartAnchor (0.00s)
=== RUN   TestKeyBlockCandidateTimestampNonFixedKeepsMinimumSemantics
--- PASS: TestKeyBlockCandidateTimestampNonFixedKeepsMinimumSemantics (0.00s)
=== RUN   TestPoWCandidateRewardRecipient
=== RUN   TestPoWCandidateRewardRecipient/fixed_committee_B
=== RUN   TestPoWCandidateRewardRecipient/fixed_leader_B
=== RUN   TestPoWCandidateRewardRecipient/fixed_committee_unregistered_A
=== RUN   TestPoWCandidateRewardRecipient/nonfixed_keeps_A
=== RUN   TestPoWCandidateRewardRecipient/nonfixed_ignores_unavailable_registry
=== RUN   TestPoWCandidateRewardRecipient/fixed_committee_fails_on_registry_error
--- PASS: TestPoWCandidateRewardRecipient (0.00s)
    --- PASS: TestPoWCandidateRewardRecipient/fixed_committee_B (0.00s)
    --- PASS: TestPoWCandidateRewardRecipient/fixed_leader_B (0.00s)
    --- PASS: TestPoWCandidateRewardRecipient/fixed_committee_unregistered_A (0.00s)
    --- PASS: TestPoWCandidateRewardRecipient/nonfixed_keeps_A (0.00s)
    --- PASS: TestPoWCandidateRewardRecipient/nonfixed_ignores_unavailable_registry (0.00s)
    --- PASS: TestPoWCandidateRewardRecipient/fixed_committee_fails_on_registry_error (0.00s)
=== RUN   TestPoWCandidateRecipientSnapshotSurvivesSettingChanges
--- PASS: TestPoWCandidateRecipientSnapshotSurvivesSettingChanges (0.00s)
=== RUN   TestPoWCandidateConcurrentAccountChanges
--- PASS: TestPoWCandidateConcurrentAccountChanges (0.00s)
PASS
ok  	github.com/cypherium/cypher/miner	0.032s
=== RUN   TestReceiptEffectiveGasPriceForModernTransactionTypes
--- PASS: TestReceiptEffectiveGasPriceForModernTransactionTypes (0.00s)
=== RUN   TestRPCTransactionYParityForStandardTypedTransactions
=== RUN   TestRPCTransactionYParityForStandardTypedTransactions/legacy
=== RUN   TestRPCTransactionYParityForStandardTypedTransactions/access-list
=== RUN   TestRPCTransactionYParityForStandardTypedTransactions/dynamic-fee
=== RUN   TestRPCTransactionYParityForStandardTypedTransactions/blob
=== RUN   TestRPCTransactionYParityForStandardTypedTransactions/set-code
--- PASS: TestRPCTransactionYParityForStandardTypedTransactions (0.00s)
    --- PASS: TestRPCTransactionYParityForStandardTypedTransactions/legacy (0.00s)
    --- PASS: TestRPCTransactionYParityForStandardTypedTransactions/access-list (0.00s)
    --- PASS: TestRPCTransactionYParityForStandardTypedTransactions/dynamic-fee (0.00s)
    --- PASS: TestRPCTransactionYParityForStandardTypedTransactions/blob (0.00s)
    --- PASS: TestRPCTransactionYParityForStandardTypedTransactions/set-code (0.00s)
=== RUN   TestTransactionIngressLifecycleDrainsRPCBeforeTransport
--- PASS: TestTransactionIngressLifecycleDrainsRPCBeforeTransport (0.00s)
=== RUN   TestTransactionIngressLifecycleStopsExactlyOnce
--- PASS: TestTransactionIngressLifecycleStopsExactlyOnce (0.00s)
=== RUN   TestBlockBodiesMsgDecodesStoredSixFieldBody
--- PASS: TestBlockBodiesMsgDecodesStoredSixFieldBody (0.00s)
=== RUN   TestBlockBodiesMsgPreservesBlobSidecarsForBlockReconstruction
=== RUN   TestBlockBodiesMsgPreservesBlobSidecarsForBlockReconstruction/v0
=== RUN   TestBlockBodiesMsgPreservesBlobSidecarsForBlockReconstruction/v1
--- PASS: TestBlockBodiesMsgPreservesBlobSidecarsForBlockReconstruction (4.06s)
    --- PASS: TestBlockBodiesMsgPreservesBlobSidecarsForBlockReconstruction/v0 (3.59s)
    --- PASS: TestBlockBodiesMsgPreservesBlobSidecarsForBlockReconstruction/v1 (0.47s)
=== RUN   TestBlockscoutTraceExecution
=== RUN   TestBlockscoutTraceExecution/legacy
=== RUN   TestBlockscoutTraceExecution/dynamic
=== RUN   TestBlockscoutTraceExecution/return
=== RUN   TestBlockscoutTraceExecution/revert
=== RUN   TestBlockscoutTraceExecution/custom-js
--- PASS: TestBlockscoutTraceExecution (0.04s)
    --- PASS: TestBlockscoutTraceExecution/legacy (0.01s)
    --- PASS: TestBlockscoutTraceExecution/dynamic (0.02s)
    --- PASS: TestBlockscoutTraceExecution/return (0.00s)
    --- PASS: TestBlockscoutTraceExecution/revert (0.00s)
    --- PASS: TestBlockscoutTraceExecution/custom-js (0.01s)
=== RUN   TestBlockscoutTraceHashEnvelope
--- PASS: TestBlockscoutTraceHashEnvelope (0.00s)
=== RUN   TestForwardCommonRPCTransactionUsesNodeDurabilityContext
--- PASS: TestForwardCommonRPCTransactionUsesNodeDurabilityContext (0.00s)
=== RUN   TestForwardCommonRPCTransactionReportsQueueFailure
--- PASS: TestForwardCommonRPCTransactionReportsQueueFailure (0.00s)
=== RUN   TestCommonRPCRejectedUniqueSameNonceTransactionsDoNotRetainAdmissions
--- PASS: TestCommonRPCRejectedUniqueSameNonceTransactionsDoNotRetainAdmissions (0.09s)
=== RUN   TestCommonRPCSameHashConcurrentAcceptRejectNeverLeavesNakedPoolTx
--- PASS: TestCommonRPCSameHashConcurrentAcceptRejectNeverLeavesNakedPoolTx (0.00s)
=== RUN   TestCommonRPCSubmissionHashLeasesSerializeOnlyOverlaps
--- PASS: TestCommonRPCSubmissionHashLeasesSerializeOnlyOverlaps (0.03s)
=== RUN   TestCommonRPCAdmissionPoolAlignmentMismatchFailsBeforeMutation
--- PASS: TestCommonRPCAdmissionPoolAlignmentMismatchFailsBeforeMutation (0.00s)
=== RUN   TestCommonRPCAlreadyKnownAndOutboxFailureRetainAdmission
--- PASS: TestCommonRPCAlreadyKnownAndOutboxFailureRetainAdmission (0.00s)
=== RUN   TestTxQUICPacketAcceptsIndependentSignersWithOptionalFilter
--- PASS: TestTxQUICPacketAcceptsIndependentSignersWithOptionalFilter (0.00s)
=== RUN   TestTxQUICBridgeStartsBeforeWalletAndSignsAfterAccountCreation
--- PASS: TestTxQUICBridgeStartsBeforeWalletAndSignsAfterAccountCreation (0.29s)
=== RUN   TestCommonRPCNodeStartsBeforeAccountCreationAndPersistsIndependentAdmissions
--- PASS: TestCommonRPCNodeStartsBeforeAccountCreationAndPersistsIndependentAdmissions (0.65s)
=== RUN   TestCommonRPCRewardForcedCrashRecovery
--- PASS: TestCommonRPCRewardForcedCrashRecovery (7.26s)
=== RUN   TestCommonRPCRewardCrashChild
    common_rpc_reward_crash_test.go:224: subprocess helper
--- SKIP: TestCommonRPCRewardCrashChild (0.00s)
=== RUN   TestCommonRPCRewardHTTPIPCChangeAndRestart
--- PASS: TestCommonRPCRewardHTTPIPCChangeAndRestart (1.79s)
=== RUN   TestCommonRPCRewardConcurrentIPCSnapshots
=== RUN   TestCommonRPCRewardConcurrentIPCSnapshots/transaction_and_receipt_fields
--- PASS: TestCommonRPCRewardConcurrentIPCSnapshots (0.05s)
    --- PASS: TestCommonRPCRewardConcurrentIPCSnapshots/transaction_and_receipt_fields (0.00s)
=== RUN   TestCommonRPCRewardSnapshotExcludesIdentityWriter
--- PASS: TestCommonRPCRewardSnapshotExcludesIdentityWriter (0.05s)
=== RUN   TestCommonRPCPoWRewardRecipient
--- PASS: TestCommonRPCPoWRewardRecipient (0.00s)
=== RUN   TestCommonRPCPoWRewardRecipientRegistryErrors
=== RUN   TestCommonRPCPoWRewardRecipientRegistryErrors/nil_registry
=== RUN   TestCommonRPCPoWRewardRecipientRegistryErrors/no_datadir
=== RUN   TestCommonRPCPoWRewardRecipientRegistryErrors/malformed_registry
=== RUN   TestCommonRPCPoWRewardRecipientRegistryErrors/unreadable_registry_path
--- PASS: TestCommonRPCPoWRewardRecipientRegistryErrors (0.00s)
    --- PASS: TestCommonRPCPoWRewardRecipientRegistryErrors/nil_registry (0.00s)
    --- PASS: TestCommonRPCPoWRewardRecipientRegistryErrors/no_datadir (0.00s)
    --- PASS: TestCommonRPCPoWRewardRecipientRegistryErrors/malformed_registry (0.00s)
    --- PASS: TestCommonRPCPoWRewardRecipientRegistryErrors/unreadable_registry_path (0.00s)
=== RUN   TestCommonRPCLocalIntentTimeoutKeepsOwnershipUntilFsync
--- PASS: TestCommonRPCLocalIntentTimeoutKeepsOwnershipUntilFsync (0.04s)
=== RUN   TestCommonRPCLocalRetryIndexCheckpointRestartAndSignerIsolation
--- PASS: TestCommonRPCLocalRetryIndexCheckpointRestartAndSignerIsolation (0.01s)
=== RUN   TestDEXRoleSidecarHelper
    dex_role_independence_test.go:68: DEX role sidecar helper
--- SKIP: TestDEXRoleSidecarHelper (0.00s)
=== RUN   TestDEXActualCommonAPIEightCombinationsWithoutPoWDataset
    dex_role_independence_test.go:307: set CYPHER_DEX_ROLE_API_DEVNET=1 in isolated loopback-only network namespace
--- SKIP: TestDEXActualCommonAPIEightCombinationsWithoutPoWDataset (0.00s)
=== RUN   TestFHSProtocolManagerUsesFullSync
=== RUN   TestFHSProtocolManagerUsesFullSync/default
=== RUN   TestFHSProtocolManagerUsesFullSync/explicit_fast
=== RUN   TestFHSProtocolManagerUsesFullSync/explicit_full
=== RUN   TestFHSProtocolManagerUsesFullSync/full_with_fast_head
--- PASS: TestFHSProtocolManagerUsesFullSync (0.02s)
    --- PASS: TestFHSProtocolManagerUsesFullSync/default (0.00s)
    --- PASS: TestFHSProtocolManagerUsesFullSync/explicit_fast (0.01s)
    --- PASS: TestFHSProtocolManagerUsesFullSync/explicit_full (0.01s)
    --- PASS: TestFHSProtocolManagerUsesFullSync/full_with_fast_head (0.00s)
=== RUN   TestFHSSyncDoesNotResumeFastSync
=== RUN   TestFHSSyncDoesNotResumeFastSync/persisted_pivot
=== RUN   TestFHSSyncDoesNotResumeFastSync/stale_fast_flag
--- PASS: TestFHSSyncDoesNotResumeFastSync (0.01s)
    --- PASS: TestFHSSyncDoesNotResumeFastSync/persisted_pivot (0.00s)
    --- PASS: TestFHSSyncDoesNotResumeFastSync/stale_fast_flag (0.00s)
=== RUN   TestNonFHSSyncModeSelection
=== RUN   TestNonFHSSyncModeSelection/fast
=== RUN   TestNonFHSSyncModeSelection/full
=== RUN   TestNonFHSSyncModeSelection/resume_fast_head
--- PASS: TestNonFHSSyncModeSelection (0.01s)
    --- PASS: TestNonFHSSyncModeSelection/fast (0.00s)
    --- PASS: TestNonFHSSyncModeSelection/full (0.00s)
    --- PASS: TestNonFHSSyncModeSelection/resume_fast_head (0.00s)
=== RUN   TestNativeMinerGasBoundsUseGenesisComputeCapacity
--- PASS: TestNativeMinerGasBoundsUseGenesisComputeCapacity (0.00s)
=== RUN   TestResponseItemFitsNearNativeFrameLimit
--- PASS: TestResponseItemFitsNearNativeFrameLimit (0.00s)
=== RUN   TestScheduleInitialTransactionSyncByProtocolVersion
=== RUN   TestScheduleInitialTransactionSyncByProtocolVersion/eth66_announces_hashes
=== RUN   TestScheduleInitialTransactionSyncByProtocolVersion/eth64_uses_legacy_syncer
=== RUN   TestScheduleInitialTransactionSyncByProtocolVersion/FHS_eth66_sends_nothing
=== RUN   TestScheduleInitialTransactionSyncByProtocolVersion/FHS_eth64_sends_nothing
--- PASS: TestScheduleInitialTransactionSyncByProtocolVersion (0.00s)
    --- PASS: TestScheduleInitialTransactionSyncByProtocolVersion/eth66_announces_hashes (0.00s)
    --- PASS: TestScheduleInitialTransactionSyncByProtocolVersion/eth64_uses_legacy_syncer (0.00s)
    --- PASS: TestScheduleInitialTransactionSyncByProtocolVersion/FHS_eth66_sends_nothing (0.00s)
    --- PASS: TestScheduleInitialTransactionSyncByProtocolVersion/FHS_eth64_sends_nothing (0.00s)
=== RUN   TestPooledTransactionResolverDisablesFHSResponseAtSendTime
--- PASS: TestPooledTransactionResolverDisablesFHSResponseAtSendTime (0.00s)
=== RUN   TestFHSRejectsTransactionOnlyP2PMessages
=== RUN   TestFHSRejectsTransactionOnlyP2PMessages/hash_announcement
=== RUN   TestFHSRejectsTransactionOnlyP2PMessages/pooled_request
=== RUN   TestFHSRejectsTransactionOnlyP2PMessages/full_transaction
=== RUN   TestFHSRejectsTransactionOnlyP2PMessages/pooled_response
=== RUN   TestFHSRejectsTransactionOnlyP2PMessages/admission_only
--- PASS: TestFHSRejectsTransactionOnlyP2PMessages (0.00s)
    --- PASS: TestFHSRejectsTransactionOnlyP2PMessages/hash_announcement (0.00s)
    --- PASS: TestFHSRejectsTransactionOnlyP2PMessages/pooled_request (0.00s)
    --- PASS: TestFHSRejectsTransactionOnlyP2PMessages/full_transaction (0.00s)
    --- PASS: TestFHSRejectsTransactionOnlyP2PMessages/pooled_response (0.00s)
    --- PASS: TestFHSRejectsTransactionOnlyP2PMessages/admission_only (0.00s)
=== RUN   TestTxIngressWALGroupCommitAndIdempotentReplay
--- PASS: TestTxIngressWALGroupCommitAndIdempotentReplay (0.10s)
=== RUN   TestTxIngressWALRejectsSameGroupEventIDCollision
--- PASS: TestTxIngressWALRejectsSameGroupEventIDCollision (0.00s)
=== RUN   TestTxIngressWALRepairsOnlyTornTerminalRecord
--- PASS: TestTxIngressWALRepairsOnlyTornTerminalRecord (0.01s)
=== RUN   TestTxIngressWALRejectsInteriorCorruption
--- PASS: TestTxIngressWALRejectsInteriorCorruption (0.02s)
=== RUN   TestTxIngressWALAppliesBoundedQueueBackpressure
--- PASS: TestTxIngressWALAppliesBoundedQueueBackpressure (0.02s)
=== RUN   TestTxIngressWALStopRejectsLateAppendWithoutQueueing
--- PASS: TestTxIngressWALStopRejectsLateAppendWithoutQueueing (0.00s)
=== RUN   TestTxIngressWALConcurrentStopsWaitForSameCompletion
--- PASS: TestTxIngressWALConcurrentStopsWaitForSameCompletion (0.03s)
=== RUN   TestTxIngressWALCancellationTerminatesCommitAndCapacityWaiters
--- PASS: TestTxIngressWALCancellationTerminatesCommitAndCapacityWaiters (0.02s)
=== RUN   TestTxIngressWALDefaultCapacityCoversStandardBurstPartitioning
--- PASS: TestTxIngressWALDefaultCapacityCoversStandardBurstPartitioning (0.00s)
=== RUN   TestTxIngressWALRejectsRecordBeyondHardCapacity
--- PASS: TestTxIngressWALRejectsRecordBeyondHardCapacity (0.01s)
=== RUN   TestTxOutboxRetryReleasesGlobalLockBeforeWALFsync
--- PASS: TestTxOutboxRetryReleasesGlobalLockBeforeWALFsync (0.03s)
=== RUN   TestTxOutboxNonceStreamsReleaseGlobalLockBeforeWALFsync
--- PASS: TestTxOutboxNonceStreamsReleaseGlobalLockBeforeWALFsync (0.01s)
=== RUN   TestTxOutboxRetryUsesWALGroupCommitAcrossBatchIDs
--- PASS: TestTxOutboxRetryUsesWALGroupCommitAcrossBatchIDs (0.16s)
=== RUN   TestTxOutboxPlacementReleasesGlobalLockBeforeWALFsync
--- PASS: TestTxOutboxPlacementReleasesGlobalLockBeforeWALFsync (0.03s)
=== RUN   TestTxOutboxDeleteReleasesGlobalLockBeforeWALFsync
--- PASS: TestTxOutboxDeleteReleasesGlobalLockBeforeWALFsync (0.05s)
=== RUN   TestTxOutboxVisibilityWaitsForUnifiedWALFsync
--- PASS: TestTxOutboxVisibilityWaitsForUnifiedWALFsync (0.01s)
=== RUN   TestTxOutboxCapacityAdmissionPrecedesReplayOwnership
=== RUN   TestTxOutboxCapacityAdmissionPrecedesReplayOwnership/outbox_enqueue
=== RUN   TestTxOutboxCapacityAdmissionPrecedesReplayOwnership/local_RPC_outcome
--- PASS: TestTxOutboxCapacityAdmissionPrecedesReplayOwnership (0.07s)
    --- PASS: TestTxOutboxCapacityAdmissionPrecedesReplayOwnership/outbox_enqueue (0.03s)
    --- PASS: TestTxOutboxCapacityAdmissionPrecedesReplayOwnership/local_RPC_outcome (0.04s)
=== RUN   TestTxIngressWALExistingResidualReplacementPreservesPlacementOnRestart
--- PASS: TestTxIngressWALExistingResidualReplacementPreservesPlacementOnRestart (0.05s)
=== RUN   TestTxIngressWALDuplicateLocalOutcomePreservesActiveProjectionOnRestart
--- PASS: TestTxIngressWALDuplicateLocalOutcomePreservesActiveProjectionOnRestart (0.05s)
=== RUN   TestTxIngressWALRebuildsOutboxProjectionIdempotently
--- PASS: TestTxIngressWALRebuildsOutboxProjectionIdempotently (0.01s)
=== RUN   TestTxIngressWALCheckpointCrashBeforeAndAfterManifestSwitch
=== RUN   TestTxIngressWALCheckpointCrashBeforeAndAfterManifestSwitch/before_switch
=== RUN   TestTxIngressWALCheckpointCrashBeforeAndAfterManifestSwitch/after_switch
--- PASS: TestTxIngressWALCheckpointCrashBeforeAndAfterManifestSwitch (0.01s)
    --- PASS: TestTxIngressWALCheckpointCrashBeforeAndAfterManifestSwitch/before_switch (0.01s)
    --- PASS: TestTxIngressWALCheckpointCrashBeforeAndAfterManifestSwitch/after_switch (0.01s)
=== RUN   TestTxIngressWALCheckpointSerializesConcurrentAppendAndRestarts
--- PASS: TestTxIngressWALCheckpointSerializesConcurrentAppendAndRestarts (0.03s)
=== RUN   TestTxIngressWALBulkCheckpointAllowsConcurrentAppendAndExactRestart
--- PASS: TestTxIngressWALBulkCheckpointAllowsConcurrentAppendAndExactRestart (0.01s)
=== RUN   TestTxIngressWALConcurrentAppendCheckpointCrashReplaysExactly
=== RUN   TestTxIngressWALConcurrentAppendCheckpointCrashReplaysExactly/before_manifest_switch
=== RUN   TestTxIngressWALConcurrentAppendCheckpointCrashReplaysExactly/after_manifest_switch
--- PASS: TestTxIngressWALConcurrentAppendCheckpointCrashReplaysExactly (0.03s)
    --- PASS: TestTxIngressWALConcurrentAppendCheckpointCrashReplaysExactly/before_manifest_switch (0.02s)
    --- PASS: TestTxIngressWALConcurrentAppendCheckpointCrashReplaysExactly/after_manifest_switch (0.02s)
=== RUN   TestTxIngressWALOnlineCheckpointRecoversCapacity
--- PASS: TestTxIngressWALOnlineCheckpointRecoversCapacity (0.38s)
=== RUN   TestTxIngressWALCheckpointKeepsOnlyUnappliedInbound
--- PASS: TestTxIngressWALCheckpointKeepsOnlyUnappliedInbound (0.03s)
=== RUN   TestTxIngressWALCheckpointRetainsUnappliedOutboxMutationCrashWindow
=== RUN   TestTxIngressWALCheckpointRetainsUnappliedOutboxMutationCrashWindow/delete
=== RUN   TestTxIngressWALCheckpointRetainsUnappliedOutboxMutationCrashWindow/replacement
--- PASS: TestTxIngressWALCheckpointRetainsUnappliedOutboxMutationCrashWindow (0.03s)
    --- PASS: TestTxIngressWALCheckpointRetainsUnappliedOutboxMutationCrashWindow/delete (0.01s)
    --- PASS: TestTxIngressWALCheckpointRetainsUnappliedOutboxMutationCrashWindow/replacement (0.01s)
=== RUN   TestTxIngressWALReenqueueAfterAppliedDeleteSurvivesRestart
--- PASS: TestTxIngressWALReenqueueAfterAppliedDeleteSurvivesRestart (0.02s)
=== RUN   TestTxIngressWALLocalIntentReenqueueUsesNewLifecycle
--- PASS: TestTxIngressWALLocalIntentReenqueueUsesNewLifecycle (0.04s)
=== RUN   TestTxIngressWALRetainsAcceptedLocalTxUntilFinality
--- PASS: TestTxIngressWALRetainsAcceptedLocalTxUntilFinality (0.03s)
=== RUN   TestTxOutboxSerializesDeleteAndReenqueueWALProjectionOrder
--- PASS: TestTxOutboxSerializesDeleteAndReenqueueWALProjectionOrder (0.05s)
=== RUN   TestTxOutboxTimeoutTransfersLifecycleUntilProjectionCommit
--- PASS: TestTxOutboxTimeoutTransfersLifecycleUntilProjectionCommit (0.09s)
=== RUN   TestTxIngressWALRoleTransitionKeepsDedicatedAuthority
=== RUN   TestTxIngressWALRoleTransitionKeepsDedicatedAuthority/bridge-only_to_dual-role
=== RUN   TestTxIngressWALRoleTransitionKeepsDedicatedAuthority/dual-role_to_bridge-only
--- PASS: TestTxIngressWALRoleTransitionKeepsDedicatedAuthority (0.01s)
    --- PASS: TestTxIngressWALRoleTransitionKeepsDedicatedAuthority/bridge-only_to_dual-role (0.01s)
    --- PASS: TestTxIngressWALRoleTransitionKeepsDedicatedAuthority/dual-role_to_bridge-only (0.01s)
=== RUN   TestTxIngressWALAppliedMarkerCoversEquivalentMutationRetries
--- PASS: TestTxIngressWALAppliedMarkerCoversEquivalentMutationRetries (0.02s)
=== RUN   TestTxIngressWALLocalIntentCrashBeforePoolReplaysExactlyOnce
--- PASS: TestTxIngressWALLocalIntentCrashBeforePoolReplaysExactlyOnce (0.02s)
=== RUN   TestTxIngressWALCompletedLocalDeliveryRestoresPendingPoolOnly
--- PASS: TestTxIngressWALCompletedLocalDeliveryRestoresPendingPoolOnly (0.03s)
=== RUN   TestTxLiveIngressSchedulerBoundsAndAlternatesSources
--- PASS: TestTxLiveIngressSchedulerBoundsAndAlternatesSources (0.00s)
=== RUN   TestTxLiveIngressSchedulerCancellationAndPendingCapacity
--- PASS: TestTxLiveIngressSchedulerCancellationAndPendingCapacity (0.02s)
=== RUN   TestTxLiveIngressSchedulerReleaseIsIdempotent
--- PASS: TestTxLiveIngressSchedulerReleaseIsIdempotent (0.00s)
=== RUN   TestTxPoolIngressSchedulerAccountsForRealBlobSidecarCapacity
--- PASS: TestTxPoolIngressSchedulerAccountsForRealBlobSidecarCapacity (0.07s)
=== RUN   TestTxPoolIngressSchedulerConcurrencyBackpressureAndFairness
=== RUN   TestTxPoolIngressSchedulerConcurrencyBackpressureAndFairness/concurrency_and_ordered_outcomes
=== RUN   TestTxPoolIngressSchedulerConcurrencyBackpressureAndFairness/round_robin_source_fairness
--- PASS: TestTxPoolIngressSchedulerConcurrencyBackpressureAndFairness (0.02s)
    --- PASS: TestTxPoolIngressSchedulerConcurrencyBackpressureAndFairness/concurrency_and_ordered_outcomes (0.02s)
    --- PASS: TestTxPoolIngressSchedulerConcurrencyBackpressureAndFairness/round_robin_source_fairness (0.00s)
=== RUN   TestTxQUICBlobSidecarRoundTripOwnsDurableBytes
--- PASS: TestTxQUICBlobSidecarRoundTripOwnsDurableBytes (0.07s)
=== RUN   TestTxQUICBlobSidecarStructuralRejections
--- PASS: TestTxQUICBlobSidecarStructuralRejections (0.05s)
=== RUN   TestTxQUICBlobSidecarBytesBindBatchIdentityAndKZG
--- PASS: TestTxQUICBlobSidecarBytesBindBatchIdentityAndKZG (0.07s)
=== RUN   TestTxQUICOsakaIngressRejectsV0BeforeDurability
--- PASS: TestTxQUICOsakaIngressRejectsV0BeforeDurability (0.66s)
=== RUN   TestTxQUICInvalidKnownHashSidecarNeverReachesWAL
--- PASS: TestTxQUICInvalidKnownHashSidecarNeverReachesWAL (0.08s)
=== RUN   TestTxQUICWALRestoreRejectsInvalidCommittedBlobSidecar
=== RUN   TestTxQUICWALRestoreRejectsInvalidCommittedBlobSidecar/local_intent
=== RUN   TestTxQUICWALRestoreRejectsInvalidCommittedBlobSidecar/outbox_projection
=== RUN   TestTxQUICWALRestoreRejectsInvalidCommittedBlobSidecar/inbound_projection
--- PASS: TestTxQUICWALRestoreRejectsInvalidCommittedBlobSidecar (0.10s)
    --- PASS: TestTxQUICWALRestoreRejectsInvalidCommittedBlobSidecar/local_intent (0.01s)
    --- PASS: TestTxQUICWALRestoreRejectsInvalidCommittedBlobSidecar/outbox_projection (0.01s)
    --- PASS: TestTxQUICWALRestoreRejectsInvalidCommittedBlobSidecar/inbound_projection (0.01s)
=== RUN   TestTxQUICNonBlobItemIdentityAndNilSidecarRemainStable
=== RUN   TestTxQUICNonBlobItemIdentityAndNilSidecarRemainStable/0
=== RUN   TestTxQUICNonBlobItemIdentityAndNilSidecarRemainStable/1
=== RUN   TestTxQUICNonBlobItemIdentityAndNilSidecarRemainStable/2
=== RUN   TestTxQUICNonBlobItemIdentityAndNilSidecarRemainStable/4
--- PASS: TestTxQUICNonBlobItemIdentityAndNilSidecarRemainStable (0.00s)
    --- PASS: TestTxQUICNonBlobItemIdentityAndNilSidecarRemainStable/0 (0.00s)
    --- PASS: TestTxQUICNonBlobItemIdentityAndNilSidecarRemainStable/1 (0.00s)
    --- PASS: TestTxQUICNonBlobItemIdentityAndNilSidecarRemainStable/2 (0.00s)
    --- PASS: TestTxQUICNonBlobItemIdentityAndNilSidecarRemainStable/4 (0.00s)
=== RUN   TestTxQUICKZGIsDeferredUntilAfterPacketAuthentication
--- PASS: TestTxQUICKZGIsDeferredUntilAfterPacketAuthentication (0.05s)
=== RUN   TestTxQUICBridgeAccountingIncludesExactBlobSidecarBytes
--- PASS: TestTxQUICBridgeAccountingIncludesExactBlobSidecarBytes (0.05s)
=== RUN   TestTxQUICFinalizedNonceLookupReusesDecodedTransactionsAndSenderNonce
--- PASS: TestTxQUICFinalizedNonceLookupReusesDecodedTransactionsAndSenderNonce (0.00s)
=== RUN   TestTxQUICFinalizedNonceLookupUsesExactHeadHash
--- PASS: TestTxQUICFinalizedNonceLookupUsesExactHeadHash (0.00s)
=== RUN   TestTxQUICFinalizedNonceLookupReadFailurePublishesNoPartialNonce
=== RUN   TestTxQUICFinalizedNonceLookupReadFailurePublishesNoPartialNonce/open_error
=== RUN   TestTxQUICFinalizedNonceLookupReadFailurePublishesNoPartialNonce/nil_state
=== RUN   TestTxQUICFinalizedNonceLookupReadFailurePublishesNoPartialNonce/account_read_error
--- PASS: TestTxQUICFinalizedNonceLookupReadFailurePublishesNoPartialNonce (0.01s)
    --- PASS: TestTxQUICFinalizedNonceLookupReadFailurePublishesNoPartialNonce/open_error (0.00s)
    --- PASS: TestTxQUICFinalizedNonceLookupReadFailurePublishesNoPartialNonce/nil_state (0.00s)
    --- PASS: TestTxQUICFinalizedNonceLookupReadFailurePublishesNoPartialNonce/account_read_error (0.00s)
=== RUN   TestTxQUICFinalizedNonceLookupRejectsInvalidAndCopiesChainID
--- PASS: TestTxQUICFinalizedNonceLookupRejectsInvalidAndCopiesChainID (0.00s)
=== RUN   TestTxQUICFinalizedNonceLookupEvictionAndUncachedMode
--- PASS: TestTxQUICFinalizedNonceLookupEvictionAndUncachedMode (0.00s)
=== RUN   TestTxQUICFinalizedNonceLookupConcurrentHeads
--- PASS: TestTxQUICFinalizedNonceLookupConcurrentHeads (0.01s)
=== RUN   TestTxQUICFinalizedNonceLookupDoesNotBypassDurableCommitment
--- PASS: TestTxQUICFinalizedNonceLookupDoesNotBypassDurableCommitment (0.01s)
=== RUN   TestTxQUICClientTLSConfigFailsClosedWithoutCommitteeIdentity
--- PASS: TestTxQUICClientTLSConfigFailsClosedWithoutCommitteeIdentity (0.00s)
=== RUN   TestTxQUICClientTLSConfigVerifiesCommitteeAttestation
--- PASS: TestTxQUICClientTLSConfigVerifiesCommitteeAttestation (0.01s)
=== RUN   TestTxQUICHandshakeRejectsWrongCommitteeCertificateBeforeAccept
--- PASS: TestTxQUICHandshakeRejectsWrongCommitteeCertificateBeforeAccept (0.11s)
=== RUN   TestTxQUICServerCertificatePinsLocalNonLeaderAndBoundsRefresh
--- PASS: TestTxQUICServerCertificatePinsLocalNonLeaderAndBoundsRefresh (0.01s)
=== RUN   TestTxQUICAllowIPsUnsetPreservesAllowAllBehavior
--- PASS: TestTxQUICAllowIPsUnsetPreservesAllowAllBehavior (0.00s)
=== RUN   TestTxQUICIngressStartsWithoutSourceOrSignerAllowlist
--- PASS: TestTxQUICIngressStartsWithoutSourceOrSignerAllowlist (0.00s)
=== RUN   TestTxQUICHandshakeAdmissionPrecedesTLSAndReleasesWithConnection
--- PASS: TestTxQUICHandshakeAdmissionPrecedesTLSAndReleasesWithConnection (0.00s)
=== RUN   TestTxQUICServerCertificateRefreshWaitIsContextBounded
--- PASS: TestTxQUICServerCertificateRefreshWaitIsContextBounded (0.03s)
=== RUN   TestTxQUICRouteProviderReplacementBypassesStalledGeneration
--- PASS: TestTxQUICRouteProviderReplacementBypassesStalledGeneration (0.03s)
=== RUN   TestTxQUICClientRetirementCancelsDialAndWakesWaiters
--- PASS: TestTxQUICClientRetirementCancelsDialAndWakesWaiters (0.00s)
=== RUN   TestTxQUICAllowIPsRejectsInvalidEntriesBeforeStartup
=== RUN   TestTxQUICAllowIPsRejectsInvalidEntriesBeforeStartup/mixed_valid_and_invalid
=== RUN   TestTxQUICAllowIPsRejectsInvalidEntriesBeforeStartup/all_invalid
--- PASS: TestTxQUICAllowIPsRejectsInvalidEntriesBeforeStartup (0.00s)
    --- PASS: TestTxQUICAllowIPsRejectsInvalidEntriesBeforeStartup/mixed_valid_and_invalid (0.00s)
    --- PASS: TestTxQUICAllowIPsRejectsInvalidEntriesBeforeStartup/all_invalid (0.00s)
=== RUN   TestTxQUICAllowIPsAcceptsValidIPAndCIDR
=== RUN   TestTxQUICAllowIPsAcceptsValidIPAndCIDR/192.0.2.10
=== RUN   TestTxQUICAllowIPsAcceptsValidIPAndCIDR/192.0.2.11
=== RUN   TestTxQUICAllowIPsAcceptsValidIPAndCIDR/2001:db8:abcd::42
=== RUN   TestTxQUICAllowIPsAcceptsValidIPAndCIDR/2001:db8:abce::42
--- PASS: TestTxQUICAllowIPsAcceptsValidIPAndCIDR (0.00s)
    --- PASS: TestTxQUICAllowIPsAcceptsValidIPAndCIDR/192.0.2.10 (0.00s)
    --- PASS: TestTxQUICAllowIPsAcceptsValidIPAndCIDR/192.0.2.11 (0.00s)
    --- PASS: TestTxQUICAllowIPsAcceptsValidIPAndCIDR/2001:db8:abcd::42 (0.00s)
    --- PASS: TestTxQUICAllowIPsAcceptsValidIPAndCIDR/2001:db8:abce::42 (0.00s)
=== RUN   TestTxQUICRuntimeLimitsBindConnectionsStreamsWorkersAndPayloadBytes
=== RUN   TestTxQUICRuntimeLimitsBindConnectionsStreamsWorkersAndPayloadBytes/streams_exceed_workers
=== RUN   TestTxQUICRuntimeLimitsBindConnectionsStreamsWorkersAndPayloadBytes/connections_exceed_workers
=== RUN   TestTxQUICRuntimeLimitsBindConnectionsStreamsWorkersAndPayloadBytes/stream_product
=== RUN   TestTxQUICRuntimeLimitsBindConnectionsStreamsWorkersAndPayloadBytes/payload_below_one_packet
=== RUN   TestTxQUICRuntimeLimitsBindConnectionsStreamsWorkersAndPayloadBytes/payload_exceeds_workers
--- PASS: TestTxQUICRuntimeLimitsBindConnectionsStreamsWorkersAndPayloadBytes (0.00s)
    --- PASS: TestTxQUICRuntimeLimitsBindConnectionsStreamsWorkersAndPayloadBytes/streams_exceed_workers (0.00s)
    --- PASS: TestTxQUICRuntimeLimitsBindConnectionsStreamsWorkersAndPayloadBytes/connections_exceed_workers (0.00s)
    --- PASS: TestTxQUICRuntimeLimitsBindConnectionsStreamsWorkersAndPayloadBytes/stream_product (0.00s)
    --- PASS: TestTxQUICRuntimeLimitsBindConnectionsStreamsWorkersAndPayloadBytes/payload_below_one_packet (0.00s)
    --- PASS: TestTxQUICRuntimeLimitsBindConnectionsStreamsWorkersAndPayloadBytes/payload_exceeds_workers (0.00s)
=== RUN   TestTxQUICRateBucketsAreBoundedAndIdleEntriesExpire
--- PASS: TestTxQUICRateBucketsAreBoundedAndIdleEntriesExpire (0.00s)
=== RUN   TestTxQUICProtocolNameHasNoGenerationSuffix
--- PASS: TestTxQUICProtocolNameHasNoGenerationSuffix (0.00s)
=== RUN   TestTxQUICSemanticBatchIDIgnoresEnvelopeAndBindsOrderAndChain
--- PASS: TestTxQUICSemanticBatchIDIgnoresEnvelopeAndBindsOrderAndChain (0.00s)
=== RUN   TestTxQUICMicroBatchStoresOneCertificateAndOriginalIndexes
--- PASS: TestTxQUICMicroBatchStoresOneCertificateAndOriginalIndexes (0.01s)
=== RUN   TestTxQUICStoredBatchReserveCoversMaximumWireEnvelope
--- PASS: TestTxQUICStoredBatchReserveCoversMaximumWireEnvelope (0.00s)
=== RUN   TestValidateTxQUICAckOutcomeRequiresOneStrictOutcomePerItem
=== RUN   TestValidateTxQUICAckOutcomeRequiresOneStrictOutcomePerItem/identity
=== RUN   TestValidateTxQUICAckOutcomeRequiresOneStrictOutcomePerItem/key_generation
=== RUN   TestValidateTxQUICAckOutcomeRequiresOneStrictOutcomePerItem/committee_generation
=== RUN   TestValidateTxQUICAckOutcomeRequiresOneStrictOutcomePerItem/bitmap_length
=== RUN   TestValidateTxQUICAckOutcomeRequiresOneStrictOutcomePerItem/overlap
=== RUN   TestValidateTxQUICAckOutcomeRequiresOneStrictOutcomePerItem/omission
=== RUN   TestValidateTxQUICAckOutcomeRequiresOneStrictOutcomePerItem/duplicate_permanent
=== RUN   TestValidateTxQUICAckOutcomeRequiresOneStrictOutcomePerItem/wrong_item_identity
=== RUN   TestValidateTxQUICAckOutcomeRequiresOneStrictOutcomePerItem/empty_permanent_reason
=== RUN   TestValidateTxQUICAckOutcomeRequiresOneStrictOutcomePerItem/unknown_permanent_code
=== RUN   TestValidateTxQUICAckOutcomeRequiresOneStrictOutcomePerItem/non-zero_padding
--- PASS: TestValidateTxQUICAckOutcomeRequiresOneStrictOutcomePerItem (0.00s)
    --- PASS: TestValidateTxQUICAckOutcomeRequiresOneStrictOutcomePerItem/identity (0.00s)
    --- PASS: TestValidateTxQUICAckOutcomeRequiresOneStrictOutcomePerItem/key_generation (0.00s)
    --- PASS: TestValidateTxQUICAckOutcomeRequiresOneStrictOutcomePerItem/committee_generation (0.00s)
    --- PASS: TestValidateTxQUICAckOutcomeRequiresOneStrictOutcomePerItem/bitmap_length (0.00s)
    --- PASS: TestValidateTxQUICAckOutcomeRequiresOneStrictOutcomePerItem/overlap (0.00s)
    --- PASS: TestValidateTxQUICAckOutcomeRequiresOneStrictOutcomePerItem/omission (0.00s)
    --- PASS: TestValidateTxQUICAckOutcomeRequiresOneStrictOutcomePerItem/duplicate_permanent (0.00s)
    --- PASS: TestValidateTxQUICAckOutcomeRequiresOneStrictOutcomePerItem/wrong_item_identity (0.00s)
    --- PASS: TestValidateTxQUICAckOutcomeRequiresOneStrictOutcomePerItem/empty_permanent_reason (0.00s)
    --- PASS: TestValidateTxQUICAckOutcomeRequiresOneStrictOutcomePerItem/unknown_permanent_code (0.00s)
    --- PASS: TestValidateTxQUICAckOutcomeRequiresOneStrictOutcomePerItem/non-zero_padding (0.00s)
=== RUN   TestTxQUICCertificateItemsAreFailClosed
=== RUN   TestTxQUICCertificateItemsAreFailClosed/missing_transaction
=== RUN   TestTxQUICCertificateItemsAreFailClosed/nil_item
=== RUN   TestTxQUICCertificateItemsAreFailClosed/mismatched_index
=== RUN   TestTxQUICCertificateItemsAreFailClosed/duplicate_transaction
--- PASS: TestTxQUICCertificateItemsAreFailClosed (0.00s)
    --- PASS: TestTxQUICCertificateItemsAreFailClosed/missing_transaction (0.00s)
    --- PASS: TestTxQUICCertificateItemsAreFailClosed/nil_item (0.00s)
    --- PASS: TestTxQUICCertificateItemsAreFailClosed/mismatched_index (0.00s)
    --- PASS: TestTxQUICCertificateItemsAreFailClosed/duplicate_transaction (0.00s)
=== RUN   TestTxQUICRewardRecipientRequiredIncludingDurableReuse
=== RUN   TestTxQUICRewardRecipientRequiredIncludingDurableReuse/recipient-less_version
=== RUN   TestTxQUICRewardRecipientRequiredIncludingDurableReuse/unsupported_version
=== RUN   TestTxQUICRewardRecipientRequiredIncludingDurableReuse/unset_recipient
=== RUN   TestTxQUICRewardRecipientRequiredIncludingDurableReuse/recipient_equals_signer
--- PASS: TestTxQUICRewardRecipientRequiredIncludingDurableReuse (0.00s)
    --- PASS: TestTxQUICRewardRecipientRequiredIncludingDurableReuse/recipient-less_version (0.00s)
    --- PASS: TestTxQUICRewardRecipientRequiredIncludingDurableReuse/unsupported_version (0.00s)
    --- PASS: TestTxQUICRewardRecipientRequiredIncludingDurableReuse/unset_recipient (0.00s)
    --- PASS: TestTxQUICRewardRecipientRequiredIncludingDurableReuse/recipient_equals_signer (0.00s)
=== RUN   TestTxQUICCertificateRejectsDuplicateNativeReplayIdentity
--- PASS: TestTxQUICCertificateRejectsDuplicateNativeReplayIdentity (0.00s)
=== RUN   TestTxQUICPublicIngressRejectsNativeTransactionType
--- PASS: TestTxQUICPublicIngressRejectsNativeTransactionType (0.00s)
=== RUN   TestBuildTxBatchRequiresCertificateAndOriginalIndexes
--- PASS: TestBuildTxBatchRequiresCertificateAndOriginalIndexes (0.00s)
=== RUN   TestTxQUICIngressRejectsInvalidAdmissionWithoutPublishingTransaction
=== RUN   TestTxQUICIngressRejectsInvalidAdmissionWithoutPublishingTransaction/invalid_signature
=== RUN   TestTxQUICIngressRejectsInvalidAdmissionWithoutPublishingTransaction/valid_signature_for_another_chain
--- PASS: TestTxQUICIngressRejectsInvalidAdmissionWithoutPublishingTransaction (0.00s)
    --- PASS: TestTxQUICIngressRejectsInvalidAdmissionWithoutPublishingTransaction/invalid_signature (0.00s)
    --- PASS: TestTxQUICIngressRejectsInvalidAdmissionWithoutPublishingTransaction/valid_signature_for_another_chain (0.00s)
=== RUN   TestTxQUICDurableCertificateReuseSkipsRecoveryButRestoresMissingIndex
--- PASS: TestTxQUICDurableCertificateReuseSkipsRecoveryButRestoresMissingIndex (0.00s)
=== RUN   TestTxQUICIngressNonceTooLowOnlyTerminatesProvablyObsoleteTransaction
=== RUN   TestTxQUICIngressNonceTooLowOnlyTerminatesProvablyObsoleteTransaction/replacement_or_cancel_consumed_nonce
=== RUN   TestTxQUICIngressNonceTooLowOnlyTerminatesProvablyObsoleteTransaction/nonce_status_unavailable
--- PASS: TestTxQUICIngressNonceTooLowOnlyTerminatesProvablyObsoleteTransaction (0.01s)
    --- PASS: TestTxQUICIngressNonceTooLowOnlyTerminatesProvablyObsoleteTransaction/replacement_or_cancel_consumed_nonce (0.00s)
    --- PASS: TestTxQUICIngressNonceTooLowOnlyTerminatesProvablyObsoleteTransaction/nonce_status_unavailable (0.00s)
=== RUN   TestTxQUICReceiptAccumulatorFourEndpointQuorumDeduplicatesCommitteeIdentity
--- PASS: TestTxQUICReceiptAccumulatorFourEndpointQuorumDeduplicatesCommitteeIdentity (0.00s)
=== RUN   TestTxQUICReceiptAccumulatorRejectsIdentityCommitteeKeyMismatch
--- PASS: TestTxQUICReceiptAccumulatorRejectsIdentityCommitteeKeyMismatch (0.00s)
=== RUN   TestTxQUICReceiptAccumulatorBoundsAllSuccessHedgingAtQuorum
--- PASS: TestTxQUICReceiptAccumulatorBoundsAllSuccessHedgingAtQuorum (0.00s)
=== RUN   TestRotateTxQUICCommitteeTailKeepsLeaderFirst
--- PASS: TestRotateTxQUICCommitteeTailKeepsLeaderFirst (0.00s)
=== RUN   TestTxQUICQuorumHandoffKeepsHedgedAckReadsAlive
--- PASS: TestTxQUICQuorumHandoffKeepsHedgedAckReadsAlive (0.05s)
=== RUN   TestTxQUICPreQuorumCancelDrainsLaunchedEndpoints
--- PASS: TestTxQUICPreQuorumCancelDrainsLaunchedEndpoints (0.03s)
=== RUN   TestTxQUICBackgroundHandoffRetriesOnlyFailedAndNeverLaunched
--- PASS: TestTxQUICBackgroundHandoffRetriesOnlyFailedAndNeverLaunched (0.00s)
=== RUN   TestTxQUICBackgroundHandoffRetriesMixedRetryableAck
--- PASS: TestTxQUICBackgroundHandoffRetriesMixedRetryableAck (0.00s)
=== RUN   TestTxQUICBackgroundHandoffShutdownIsBounded
--- PASS: TestTxQUICBackgroundHandoffShutdownIsBounded (0.03s)
=== RUN   TestTxQUICBackgroundHandoffAttemptCancelRaceIsBounded
--- PASS: TestTxQUICBackgroundHandoffAttemptCancelRaceIsBounded (0.00s)
=== RUN   TestTxQUICBackgroundHandoffQueueSaturationKeepsCancelWithCaller
--- PASS: TestTxQUICBackgroundHandoffQueueSaturationKeepsCancelWithCaller (0.04s)
=== RUN   TestTxQUICQuorumPersistsTailBeforeSaturatedHandoff
--- PASS: TestTxQUICQuorumPersistsTailBeforeSaturatedHandoff (0.01s)
=== RUN   TestTxQUICItemWiseQuorumPromotionSurvivesRestartWithTwoCompleteEndpoints
--- PASS: TestTxQUICItemWiseQuorumPromotionSurvivesRestartWithTwoCompleteEndpoints (0.02s)
=== RUN   TestTxOutboxPlacementReserveAllowsPromotionAtFullCapacity
--- PASS: TestTxOutboxPlacementReserveAllowsPromotionAtFullCapacity (0.11s)
=== RUN   TestTxOutboxPlacementPromotionRequiresTrustedPayloadBoundTerminalAggregate
--- PASS: TestTxOutboxPlacementPromotionRequiresTrustedPayloadBoundTerminalAggregate (0.01s)
=== RUN   TestTxOutboxAmbiguousPlacementPromotionRecoversOnRestart
--- PASS: TestTxOutboxAmbiguousPlacementPromotionRecoversOnRestart (0.01s)
=== RUN   TestTxOutboxAmbiguousAcknowledgedDeletePoisonsUntilRestartScan
--- PASS: TestTxOutboxAmbiguousAcknowledgedDeletePoisonsUntilRestartScan (0.00s)
=== RUN   TestTxOutboxRestartDrainsTailWithRotatingCursor
--- PASS: TestTxOutboxRestartDrainsTailWithRotatingCursor (0.05s)
=== RUN   TestTxOutboxTailReceiptRetainedAcrossCommitteeTransition
--- PASS: TestTxOutboxTailReceiptRetainedAcrossCommitteeTransition (0.01s)
=== RUN   TestTxQUICReceiptAccumulatorSingleByzantinePermanentDoesNotGC
--- PASS: TestTxQUICReceiptAccumulatorSingleByzantinePermanentDoesNotGC (0.00s)
=== RUN   TestTxQUICReceiptAccumulatorAggregatesFourEndpointsItemWise
--- PASS: TestTxQUICReceiptAccumulatorAggregatesFourEndpointsItemWise (0.00s)
=== RUN   TestTxQUICPacketSignatureRejectsUnsignedAndMutatedEnvelope
--- PASS: TestTxQUICPacketSignatureRejectsUnsignedAndMutatedEnvelope (0.00s)
=== RUN   TestTxQUICAckSignatureIsBoundToCanonicalCommitteeMember
--- PASS: TestTxQUICAckSignatureIsBoundToCanonicalCommitteeMember (0.00s)
=== RUN   TestTxQUICSignAckRejectsStaleGenerationBeforeInvokingSigner
--- PASS: TestTxQUICSignAckRejectsStaleGenerationBeforeInvokingSigner (0.01s)
=== RUN   TestReadTxQUICAckRejectsOversizeAndTrailingData
--- PASS: TestReadTxQUICAckRejectsOversizeAndTrailingData (0.00s)
=== RUN   TestClassifyTxQUICInsertErrorRetriesPolicyAndForkDependentFailures
=== RUN   TestClassifyTxQUICInsertErrorRetriesPolicyAndForkDependentFailures/block_gas_limit
=== RUN   TestClassifyTxQUICInsertErrorRetriesPolicyAndForkDependentFailures/node_data_policy
=== RUN   TestClassifyTxQUICInsertErrorRetriesPolicyAndForkDependentFailures/private_gas_policy
=== RUN   TestClassifyTxQUICInsertErrorRetriesPolicyAndForkDependentFailures/private_value_policy
=== RUN   TestClassifyTxQUICInsertErrorRetriesPolicyAndForkDependentFailures/fork_intrinsic_gas
=== RUN   TestClassifyTxQUICInsertErrorRetriesPolicyAndForkDependentFailures/future_transaction_type
=== RUN   TestClassifyTxQUICInsertErrorRetriesPolicyAndForkDependentFailures/blob_availability_policy
=== RUN   TestClassifyTxQUICInsertErrorRetriesPolicyAndForkDependentFailures/payer_sequence_pending_elsewhere
--- PASS: TestClassifyTxQUICInsertErrorRetriesPolicyAndForkDependentFailures (0.00s)
    --- PASS: TestClassifyTxQUICInsertErrorRetriesPolicyAndForkDependentFailures/block_gas_limit (0.00s)
    --- PASS: TestClassifyTxQUICInsertErrorRetriesPolicyAndForkDependentFailures/node_data_policy (0.00s)
    --- PASS: TestClassifyTxQUICInsertErrorRetriesPolicyAndForkDependentFailures/private_gas_policy (0.00s)
    --- PASS: TestClassifyTxQUICInsertErrorRetriesPolicyAndForkDependentFailures/private_value_policy (0.00s)
    --- PASS: TestClassifyTxQUICInsertErrorRetriesPolicyAndForkDependentFailures/fork_intrinsic_gas (0.00s)
    --- PASS: TestClassifyTxQUICInsertErrorRetriesPolicyAndForkDependentFailures/future_transaction_type (0.00s)
    --- PASS: TestClassifyTxQUICInsertErrorRetriesPolicyAndForkDependentFailures/blob_availability_policy (0.00s)
    --- PASS: TestClassifyTxQUICInsertErrorRetriesPolicyAndForkDependentFailures/payer_sequence_pending_elsewhere (0.00s)
=== RUN   TestTxQUICDatabaseIdentityFailsClosed
--- PASS: TestTxQUICDatabaseIdentityFailsClosed (0.00s)
=== RUN   TestTxQUICIngressGroupCommitUsesOneSynchronousBatch
--- PASS: TestTxQUICIngressGroupCommitUsesOneSynchronousBatch (0.10s)
=== RUN   TestTxQUICIngressGroupCommitNeverOvershootsByteLimit
--- PASS: TestTxQUICIngressGroupCommitNeverOvershootsByteLimit (0.16s)
=== RUN   TestTxQUICIngressReplayWindowIsolationDoesNotDisableOtherGroupCommit
--- PASS: TestTxQUICIngressReplayWindowIsolationDoesNotDisableOtherGroupCommit (0.52s)
=== RUN   TestTxQUICIngressReplaySameBatchAndNonceSurvivesRestart
--- PASS: TestTxQUICIngressReplaySameBatchAndNonceSurvivesRestart (0.01s)
=== RUN   TestTxQUICIngressReplayAcceptsHugeNonceJumpsAndCompactsOldWindow
--- PASS: TestTxQUICIngressReplayAcceptsHugeNonceJumpsAndCompactsOldWindow (0.02s)
=== RUN   TestTxQUICIngressAmbiguousSyncPoisonsUntilValidatedRestart
--- PASS: TestTxQUICIngressAmbiguousSyncPoisonsUntilValidatedRestart (0.01s)
=== RUN   TestTxQUICIngressRestoreFailsClosedAtPersistedCapacityBoundary
--- PASS: TestTxQUICIngressRestoreFailsClosedAtPersistedCapacityBoundary (0.01s)
=== RUN   TestTxQUICIngressRestoreRejectsOrphanAndReplayCorruptionBeforeCallbacks
=== RUN   TestTxQUICIngressRestoreRejectsOrphanAndReplayCorruptionBeforeCallbacks/orphan_item
=== RUN   TestTxQUICIngressRestoreRejectsOrphanAndReplayCorruptionBeforeCallbacks/missing_nonce_mapping
=== RUN   TestTxQUICIngressRestoreRejectsOrphanAndReplayCorruptionBeforeCallbacks/dangling_transaction_index
--- PASS: TestTxQUICIngressRestoreRejectsOrphanAndReplayCorruptionBeforeCallbacks (0.01s)
    --- PASS: TestTxQUICIngressRestoreRejectsOrphanAndReplayCorruptionBeforeCallbacks/orphan_item (0.00s)
    --- PASS: TestTxQUICIngressRestoreRejectsOrphanAndReplayCorruptionBeforeCallbacks/missing_nonce_mapping (0.01s)
    --- PASS: TestTxQUICIngressRestoreRejectsOrphanAndReplayCorruptionBeforeCallbacks/dangling_transaction_index (0.00s)
=== RUN   TestTxQUICIngressCompactFinalizedRemovesItemsIndividually
--- PASS: TestTxQUICIngressCompactFinalizedRemovesItemsIndividually (0.01s)
=== RUN   TestTxQUICIngressDuplicateTransactionIndexSurvivesOlderBatchCompaction
--- PASS: TestTxQUICIngressDuplicateTransactionIndexSurvivesOlderBatchCompaction (0.02s)
=== RUN   TestTxQUICIngressMaintenanceCompactsFinalizedAndNonceConsumedOldHash
--- PASS: TestTxQUICIngressMaintenanceCompactsFinalizedAndNonceConsumedOldHash (0.01s)
=== RUN   TestTxQUICIngressRetryTombstonesExpireAfterDurableItemsFinalize
--- PASS: TestTxQUICIngressRetryTombstonesExpireAfterDurableItemsFinalize (0.01s)
=== RUN   TestTxOutboxGroupCommitUsesOneSynchronousBatch
--- PASS: TestTxOutboxGroupCommitUsesOneSynchronousBatch (0.00s)
=== RUN   TestTxOutboxGroupCommitNeverOvershootsByteLimit
--- PASS: TestTxOutboxGroupCommitNeverOvershootsByteLimit (0.13s)
=== RUN   TestTxOutboxGroupCommitDeduplicatesAndAlignsCollisionErrors
--- PASS: TestTxOutboxGroupCommitDeduplicatesAndAlignsCollisionErrors (0.00s)
=== RUN   TestTxOutboxGroupCommitContinuesAfterCallerCancellation
--- PASS: TestTxOutboxGroupCommitContinuesAfterCallerCancellation (0.02s)
=== RUN   TestTxOutboxGroupCommitStopFailsQueuedWaiters
--- PASS: TestTxOutboxGroupCommitStopFailsQueuedWaiters (0.00s)
=== RUN   TestTxOutboxParentCancellationCannotEnqueueAfterCommitDrain
--- PASS: TestTxOutboxParentCancellationCannotEnqueueAfterCommitDrain (0.03s)
=== RUN   TestTxOutboxConcurrentStopsWaitForSameCompletion
--- PASS: TestTxOutboxConcurrentStopsWaitForSameCompletion (0.03s)
=== RUN   TestTxOutboxCapacityWaitDoesNotHoldLifecycleStripe
--- PASS: TestTxOutboxCapacityWaitDoesNotHoldLifecycleStripe (0.00s)
=== RUN   TestTxOutboxWALOwnedProjectionFailureRetainsCapacityUntilRestart
--- PASS: TestTxOutboxWALOwnedProjectionFailureRetainsCapacityUntilRestart (0.01s)
=== RUN   TestTxOutboxBusyPredecessorDoesNotConsumeReenqueueSchedule
--- PASS: TestTxOutboxBusyPredecessorDoesNotConsumeReenqueueSchedule (0.00s)
=== RUN   TestTxOutboxGroupCommitAmbiguousSyncFailsEveryWaiter
--- PASS: TestTxOutboxGroupCommitAmbiguousSyncFailsEveryWaiter (0.02s)
=== RUN   TestTxOutboxNonceReservationPersistsAcrossRestart
--- PASS: TestTxOutboxNonceReservationPersistsAcrossRestart (0.00s)
=== RUN   TestTxOutboxRestoreFailsClosedAtPersistedCapacityBoundary
--- PASS: TestTxOutboxRestoreFailsClosedAtPersistedCapacityBoundary (0.01s)
=== RUN   TestTxOutboxAmbiguousSyncStopsDeliveryUntilValidatedRestart
--- PASS: TestTxOutboxAmbiguousSyncStopsDeliveryUntilValidatedRestart (0.02s)
=== RUN   TestTxOutboxValidatesAllSchemaBeforeRestoreCallbacks
--- PASS: TestTxOutboxValidatesAllSchemaBeforeRestoreCallbacks (0.01s)
=== RUN   TestTxQUICRuntimeLimitsRejectExtremeAllocationConfig
--- PASS: TestTxQUICRuntimeLimitsRejectExtremeAllocationConfig (0.00s)
=== RUN   TestTxQUICRuntimeLimitsKeepAckThroughPacketAge
--- PASS: TestTxQUICRuntimeLimitsKeepAckThroughPacketAge (0.00s)
=== RUN   TestTxQUICRuntimeLimitsBoundBridgeQueueBytes
--- PASS: TestTxQUICRuntimeLimitsBoundBridgeQueueBytes (0.00s)
=== RUN   TestTxQUICRuntimeLimitsBoundDurableStorage
--- PASS: TestTxQUICRuntimeLimitsBoundDurableStorage (0.00s)
=== RUN   TestTxOutboxCompactsAcknowledgedItemsIntoResidualBatch
--- PASS: TestTxOutboxCompactsAcknowledgedItemsIntoResidualBatch (0.00s)
=== RUN   TestTxOutboxResidualReplacementUsesNetCapacityAtFullLimit
--- PASS: TestTxOutboxResidualReplacementUsesNetCapacityAtFullLimit (0.00s)
=== RUN   TestTxOutboxResidualReplacementAmbiguousApplyRestartsWithoutCapacityOverflow
--- PASS: TestTxOutboxResidualReplacementAmbiguousApplyRestartsWithoutCapacityOverflow (0.00s)
=== RUN   TestTxOutboxResidualReplacementDeterministicWriteFailureHasNoDrift
--- PASS: TestTxOutboxResidualReplacementDeterministicWriteFailureHasNoDrift (0.01s)
=== RUN   TestTxOutboxResidualReplacementReusesExistingRecordAtomically
--- PASS: TestTxOutboxResidualReplacementReusesExistingRecordAtomically (0.01s)
=== RUN   TestTxQUICVerifiedLocalAdmissionAvoidsRedundantRecoveryButDiskRestoreFailsClosed
--- PASS: TestTxQUICVerifiedLocalAdmissionAvoidsRedundantRecoveryButDiskRestoreFailsClosed (0.01s)
=== RUN   TestTxQUICBridgeSharedCertificateUsesOneSnapshot
--- PASS: TestTxQUICBridgeSharedCertificateUsesOneSnapshot (0.02s)
=== RUN   TestTxQUICBridgeCoalescesIdenticalDistinctCertificatePointers
--- PASS: TestTxQUICBridgeCoalescesIdenticalDistinctCertificatePointers (0.00s)
=== RUN   TestTxQUICBridgeRejectsConflictingDistinctCertificatePointers
--- PASS: TestTxQUICBridgeRejectsConflictingDistinctCertificatePointers (0.00s)
=== RUN   TestDurableTxQUICBridgeSplitsAtFixedMicroBatchCount
--- PASS: TestDurableTxQUICBridgeSplitsAtFixedMicroBatchCount (0.04s)
=== RUN   TestDurableTxQUICBridgeSplitsAtFixedMicroBatchBytes
--- PASS: TestDurableTxQUICBridgeSplitsAtFixedMicroBatchBytes (0.11s)
=== RUN   TestTxQUICBridgeItemRawSizeMatchesCanonicalEncoding
=== RUN   TestTxQUICBridgeItemRawSizeMatchesCanonicalEncoding/legacy
=== RUN   TestTxQUICBridgeItemRawSizeMatchesCanonicalEncoding/typed
=== RUN   TestTxQUICBridgeItemRawSizeMatchesCanonicalEncoding/one-byte_index
=== RUN   TestTxQUICBridgeItemRawSizeMatchesCanonicalEncoding/large_index
--- PASS: TestTxQUICBridgeItemRawSizeMatchesCanonicalEncoding (0.00s)
    --- PASS: TestTxQUICBridgeItemRawSizeMatchesCanonicalEncoding/legacy (0.00s)
    --- PASS: TestTxQUICBridgeItemRawSizeMatchesCanonicalEncoding/typed (0.00s)
    --- PASS: TestTxQUICBridgeItemRawSizeMatchesCanonicalEncoding/one-byte_index (0.00s)
    --- PASS: TestTxQUICBridgeItemRawSizeMatchesCanonicalEncoding/large_index (0.00s)
=== RUN   TestTxQUICPayloadFramingDeclaresBoundedLength
--- PASS: TestTxQUICPayloadFramingDeclaresBoundedLength (0.00s)
=== RUN   TestTxQUICBridgeRawByteBackpressureReleasesCompletedRequests
--- PASS: TestTxQUICBridgeRawByteBackpressureReleasesCompletedRequests (0.03s)
=== RUN   TestTxQUICBridgeRawByteReservationRollsBackOnQueueFailure
--- PASS: TestTxQUICBridgeRawByteReservationRollsBackOnQueueFailure (0.03s)
=== RUN   TestTxQUICBridgeShutdownReleasesQueuedRawBytes
--- PASS: TestTxQUICBridgeShutdownReleasesQueuedRawBytes (0.00s)
=== RUN   TestTxOutboxRestartRestoresByteCapacityAndAckReleasesIt
--- PASS: TestTxOutboxRestartRestoresByteCapacityAndAckReleasesIt (0.04s)
=== RUN   TestTxQUICEndpointFromCommitteeAddressSupportsIPv6
--- PASS: TestTxQUICEndpointFromCommitteeAddressSupportsIPv6 (0.00s)
=== RUN   TestApplyFixedCommitteeAutoRoleUsesDynamicFHSRouting
--- PASS: TestApplyFixedCommitteeAutoRoleUsesDynamicFHSRouting (0.00s)
=== RUN   TestTxQUICFHSForwardEndpointsUseCanonicalCurrentCommittee
--- PASS: TestTxQUICFHSForwardEndpointsUseCanonicalCurrentCommittee (0.00s)
=== RUN   TestTxQUICFHSRouteRefreshRemovesLateClientOutsideCurrentCommittee
--- PASS: TestTxQUICFHSRouteRefreshRemovesLateClientOutsideCurrentCommittee (0.00s)
=== RUN   TestTxQUICForwardClientKeysAreCanonical
--- PASS: TestTxQUICForwardClientKeysAreCanonical (0.00s)
=== RUN   TestTxQUICFHSRouteLagFailsClosedWithoutStaticFallback
--- PASS: TestTxQUICFHSRouteLagFailsClosedWithoutStaticFallback (0.00s)
PASS
ok  	github.com/cypherium/cypher/eth	19.369s
=== RUN   TestProposalManifestRequiresOsakaCellProofSidecar
--- PASS: TestProposalManifestRequiresOsakaCellProofSidecar (3.77s)
=== RUN   TestProposalBlobSidecarManifestRoundTripAndRepair
--- PASS: TestProposalBlobSidecarManifestRoundTripAndRepair (0.06s)
=== RUN   TestProposalBlobSidecarManifestRejectsMissingAndCountMismatch
--- PASS: TestProposalBlobSidecarManifestRejectsMissingAndCountMismatch (0.06s)
=== RUN   TestProposalBlobSidecarTamperingFailsBodyCommitment
--- PASS: TestProposalBlobSidecarTamperingFailsBodyCommitment (0.05s)
=== RUN   TestProposalSelectionRetainsVerifiedBlobSidecarsInFastAndSlowLanes
=== RUN   TestProposalSelectionRetainsVerifiedBlobSidecarsInFastAndSlowLanes/fast
=== RUN   TestProposalSelectionRetainsVerifiedBlobSidecarsInFastAndSlowLanes/slow
--- PASS: TestProposalSelectionRetainsVerifiedBlobSidecarsInFastAndSlowLanes (0.08s)
    --- PASS: TestProposalSelectionRetainsVerifiedBlobSidecarsInFastAndSlowLanes/fast (0.02s)
    --- PASS: TestProposalSelectionRetainsVerifiedBlobSidecarsInFastAndSlowLanes/slow (0.01s)
=== RUN   TestProposalSelectionStopsAtBlobTxWithoutVerifiedSidecar
--- PASS: TestProposalSelectionStopsAtBlobTxWithoutVerifiedSidecar (0.05s)
=== RUN   TestDeriveCancunHeaderFieldsFromParent
--- PASS: TestDeriveCancunHeaderFieldsFromParent (0.00s)
=== RUN   TestCanIncludeBlobGasHonorsBlockLimit
--- PASS: TestCanIncludeBlobGasHonorsBlockLimit (0.00s)
=== RUN   TestProposalPrecheckRejectsBlobTxWithoutSidecar
--- PASS: TestProposalPrecheckRejectsBlobTxWithoutSidecar (0.00s)
=== RUN   TestOsakaProposalReservesBlockEncodingHeadroom
--- PASS: TestOsakaProposalReservesBlockEncodingHeadroom (0.00s)
=== RUN   TestOsakaProposalSizeBudgetAllowsConsensusMaximumNativeTransfers
--- PASS: TestOsakaProposalSizeBudgetAllowsConsensusMaximumNativeTransfers (0.00s)
=== RUN   TestOsakaPerTransactionBufferCoversCanonicalCommonSidecars
--- PASS: TestOsakaPerTransactionBufferCoversCanonicalCommonSidecars (0.00s)
=== RUN   TestHotstuffMessageQueueConcurrentProducers
--- PASS: TestHotstuffMessageQueueConcurrentProducers (0.00s)
=== RUN   TestHotstuffMessageQueueDeduplicatesPendingRemoteWireMessage
--- PASS: TestHotstuffMessageQueueDeduplicatesPendingRemoteWireMessage (0.00s)
=== RUN   TestHotstuffMessageQueueReservesCapacityForEntireMaximumCommittee
--- PASS: TestHotstuffMessageQueueReservesCapacityForEntireMaximumCommittee (0.00s)
=== RUN   TestHotstuffMessageQueuePreservesCapacityForOtherSenders
--- PASS: TestHotstuffMessageQueuePreservesCapacityForOtherSenders (0.00s)
=== RUN   TestHotstuffMessageQueueAcceptsBoundedCertifiedCatchupBurst
--- PASS: TestHotstuffMessageQueueAcceptsBoundedCertifiedCatchupBurst (0.00s)
=== RUN   TestHotstuffMessageQueuePriorityBypassesNormalBacklog
--- PASS: TestHotstuffMessageQueuePriorityBypassesNormalBacklog (0.00s)
=== RUN   TestHotstuffMessageQueueRejectsUnboundedRemoteBacklog
--- PASS: TestHotstuffMessageQueueRejectsUnboundedRemoteBacklog (0.00s)
=== RUN   TestPeerQueuesConcurrentProducers
--- PASS: TestPeerQueuesConcurrentProducers (0.02s)
=== RUN   TestPeerQueuesHotstuffControlBypassesBulkBacklog
--- PASS: TestPeerQueuesHotstuffControlBypassesBulkBacklog (0.00s)
=== RUN   TestPeerQueuesBoundControlBacklogAndExpireRetries
--- PASS: TestPeerQueuesBoundControlBacklogAndExpireRetries (0.04s)
=== RUN   TestOutboundBudgetSharesImmutableProposalAcrossPeers
--- PASS: TestOutboundBudgetSharesImmutableProposalAcrossPeers (0.00s)
=== RUN   TestOutboundBulkBudgetCoversMaximumCommitteeFanoutAndRepair
--- PASS: TestOutboundBulkBudgetCoversMaximumCommitteeFanoutAndRepair (0.00s)
=== RUN   TestOutboundBudgetGloballyBoundsControlMessages
--- PASS: TestOutboundBudgetGloballyBoundsControlMessages (0.00s)
=== RUN   TestPeerQueueCoalescesIdenticalCriticalMessage
--- PASS: TestPeerQueueCoalescesIdenticalCriticalMessage (0.00s)
=== RUN   TestOutboundControlBudgetPreservesEveryCommitteePeersHeadroom
--- PASS: TestOutboundControlBudgetPreservesEveryCommitteePeersHeadroom (0.00s)
=== RUN   TestPeerQueueOwnsHotstuffWireSnapshot
--- PASS: TestPeerQueueOwnsHotstuffWireSnapshot (0.00s)
=== RUN   TestNetworkMessageRequiresExactlyOnePayload
--- PASS: TestNetworkMessageRequiresExactlyOnePayload (0.00s)
=== RUN   TestInvalidNetworkMessageShapeIsPermanentAndNotRetryable
--- PASS: TestInvalidNetworkMessageShapeIsPermanentAndNotRetryable (0.00s)
=== RUN   TestTransientConsensusSendErrorRemainsRetryable
--- PASS: TestTransientConsensusSendErrorRemainsRetryable (0.00s)
=== RUN   TestStoppingPeerWorkerCannotDeleteReplacement
--- PASS: TestStoppingPeerWorkerCannotDeleteReplacement (0.00s)
=== RUN   TestOutboundMessageExpiresBeforeFirstSend
--- PASS: TestOutboundMessageExpiresBeforeFirstSend (0.00s)
=== RUN   TestLargeProposalRetryTTLIncludesTransferRepairAndExecution
--- PASS: TestLargeProposalRetryTTLIncludesTransferRepairAndExecution (0.00s)
=== RUN   TestMaximumNativeProposalBulkGossipRemainsRetryable
--- PASS: TestMaximumNativeProposalBulkGossipRemainsRetryable (0.00s)
=== RUN   TestPeerQueueCloseReleasesAggregateBudget
--- PASS: TestPeerQueueCloseReleasesAggregateBudget (0.00s)
=== RUN   TestProposalBodyBulkIsNotHighPriorityNetworkMsg
--- PASS: TestProposalBodyBulkIsNotHighPriorityNetworkMsg (0.00s)
=== RUN   TestBuildCommonTxRewardsRequiresRecipient
=== RUN   TestBuildCommonTxRewardsRequiresRecipient/missing_version
=== RUN   TestBuildCommonTxRewardsRequiresRecipient/legacy_version
=== RUN   TestBuildCommonTxRewardsRequiresRecipient/unknown_version
=== RUN   TestBuildCommonTxRewardsRequiresRecipient/missing_recipient
=== RUN   TestBuildCommonTxRewardsRequiresRecipient/recipient_equals_signer
--- PASS: TestBuildCommonTxRewardsRequiresRecipient (0.00s)
    --- PASS: TestBuildCommonTxRewardsRequiresRecipient/missing_version (0.00s)
    --- PASS: TestBuildCommonTxRewardsRequiresRecipient/legacy_version (0.00s)
    --- PASS: TestBuildCommonTxRewardsRequiresRecipient/unknown_version (0.00s)
    --- PASS: TestBuildCommonTxRewardsRequiresRecipient/missing_recipient (0.00s)
    --- PASS: TestBuildCommonTxRewardsRequiresRecipient/recipient_equals_signer (0.00s)
=== RUN   TestDEXIsolationProcessHelper
    dex_isolation_process_test.go:104: isolated DEX subprocess helper
--- SKIP: TestDEXIsolationProcessHelper (0.00s)
=== RUN   TestDEXAndCLXProcessIsolation
    dex_isolation_process_test.go:461: set both isolated DEX/FHS process devnet opt-ins
--- SKIP: TestDEXAndCLXProcessIsolation (0.00s)
=== RUN   TestEVMProposalMVCCCommitMatchesSerialReference
--- PASS: TestEVMProposalMVCCCommitMatchesSerialReference (0.01s)
=== RUN   TestEVMProposalMVCCRetryRetainsIndependentSenders
--- PASS: TestEVMProposalMVCCRetryRetainsIndependentSenders (0.00s)
=== RUN   TestEVMProposalRuntimeDepthOverflowUsesBoundedValidPrefix
--- PASS: TestEVMProposalRuntimeDepthOverflowUsesBoundedValidPrefix (0.00s)
=== RUN   TestEVMProposalOutputLimitRetryRevertsPartialStateAndKeepsSmallOutput
--- PASS: TestEVMProposalOutputLimitRetryRevertsPartialStateAndKeepsSmallOutput (0.00s)
=== RUN   TestEVMProposalExecutionAttemptLimitIsFixed
--- PASS: TestEVMProposalExecutionAttemptLimitIsFixed (0.00s)
=== RUN   TestFHSUncommittedKeyBlockSuppressesCompetingTransition
--- PASS: TestFHSUncommittedKeyBlockSuppressesCompetingTransition (0.00s)
=== RUN   TestFHSFinalityBlockCompletesEpochHandoffWithoutEmptyLoop
--- PASS: TestFHSFinalityBlockCompletesEpochHandoffWithoutEmptyLoop (0.00s)
=== RUN   TestFHSKeyBlockCarrierUsesCertifiedParentNumber
--- PASS: TestFHSKeyBlockCarrierUsesCertifiedParentNumber (0.00s)
=== RUN   TestFHS2ChainCommitTarget
--- PASS: TestFHS2ChainCommitTarget (0.00s)
=== RUN   TestValidateViewUsesIndependentFHSViewNumber
--- PASS: TestValidateViewUsesIndependentFHSViewNumber (0.00s)
=== RUN   TestNormalizeFHSEpochViewUsesCommonChildQC
--- PASS: TestNormalizeFHSEpochViewUsesCommonChildQC (0.00s)
=== RUN   TestFHSProposalMustCarryHighestParentQC
--- PASS: TestFHSProposalMustCarryHighestParentQC (0.00s)
=== RUN   TestFHSBodyCacheDoesNotBoundCertifiedSuffix
=== RUN   TestFHSBodyCacheDoesNotBoundCertifiedSuffix/live
=== RUN   TestFHSBodyCacheDoesNotBoundCertifiedSuffix/restart
--- PASS: TestFHSBodyCacheDoesNotBoundCertifiedSuffix (52.15s)
    --- PASS: TestFHSBodyCacheDoesNotBoundCertifiedSuffix/live (25.80s)
    --- PASS: TestFHSBodyCacheDoesNotBoundCertifiedSuffix/restart (26.34s)
=== RUN   TestFHSBodyCacheEvictionRetainsRepairableCertifiedProposal
--- PASS: TestFHSBodyCacheEvictionRetainsRepairableCertifiedProposal (0.04s)
=== RUN   TestFHSBodyCacheRepairSurvivesIndexEviction
--- PASS: TestFHSBodyCacheRepairSurvivesIndexEviction (0.00s)
=== RUN   TestFHSBodyCachePreservesOriginalHeaderMetadata
=== RUN   TestFHSBodyCachePreservesOriginalHeaderMetadata/live
=== RUN   TestFHSBodyCachePreservesOriginalHeaderMetadata/restart
--- PASS: TestFHSBodyCachePreservesOriginalHeaderMetadata (0.11s)
    --- PASS: TestFHSBodyCachePreservesOriginalHeaderMetadata/live (0.04s)
    --- PASS: TestFHSBodyCachePreservesOriginalHeaderMetadata/restart (0.07s)
=== RUN   TestFHSBodyCacheRestoreReusesEmptyEntry
--- PASS: TestFHSBodyCacheRestoreReusesEmptyEntry (0.00s)
=== RUN   TestFHSBranchRecoveryCommitsEarlierConsecutivePair
--- PASS: TestFHSBranchRecoveryCommitsEarlierConsecutivePair (0.11s)
=== RUN   TestFHSBranchRecoveryRetainsObservationOutsideCanonicalExecution
--- PASS: TestFHSBranchRecoveryRetainsObservationOutsideCanonicalExecution (0.09s)
=== RUN   TestFHSBranchMissingContentRecoveryKeepsConsensusGated
--- PASS: TestFHSBranchMissingContentRecoveryKeepsConsensusGated (0.05s)
=== RUN   TestFHSBranchCanonicalRecertificationPersistsBeforeSelection
--- PASS: TestFHSBranchCanonicalRecertificationPersistsBeforeSelection (0.07s)
=== RUN   TestFHSBranchSelectionStagesLowerSiblingWithoutDowngradingWAL
--- PASS: TestFHSBranchSelectionStagesLowerSiblingWithoutDowngradingWAL (0.06s)
=== RUN   TestFHSBranchSelectionFailurePreservesExecutionState
=== RUN   TestFHSBranchSelectionFailurePreservesExecutionState/invalid_signature
=== RUN   TestFHSBranchSelectionFailurePreservesExecutionState/missing_certificate
=== RUN   TestFHSBranchSelectionFailurePreservesExecutionState/missing_ancestor
--- PASS: TestFHSBranchSelectionFailurePreservesExecutionState (0.15s)
    --- PASS: TestFHSBranchSelectionFailurePreservesExecutionState/invalid_signature (0.06s)
    --- PASS: TestFHSBranchSelectionFailurePreservesExecutionState/missing_certificate (0.05s)
    --- PASS: TestFHSBranchSelectionFailurePreservesExecutionState/missing_ancestor (0.04s)
=== RUN   TestFHSBranchRawObservationPreservesQuorumSelectedParent
--- PASS: TestFHSBranchRawObservationPreservesQuorumSelectedParent (0.05s)
=== RUN   TestFHSBranchSameBlockRecertifiedInHigherView
--- PASS: TestFHSBranchSameBlockRecertifiedInHigherView (0.08s)
=== RUN   TestFHSBranchFsyncFailurePublishesNoPartialCertificateState
--- PASS: TestFHSBranchFsyncFailurePublishesNoPartialCertificateState (0.05s)
=== RUN   TestFHSServiceConvergesAfterSelectiveSiblingQC
--- PASS: TestFHSServiceConvergesAfterSelectiveSiblingQC (0.25s)
=== RUN   TestFHSServiceCommitsGappedAncestorsWithConsecutiveTerminalPair
--- PASS: TestFHSServiceCommitsGappedAncestorsWithConsecutiveTerminalPair (0.16s)
=== RUN   TestFHSDeferredRecoveryResumesAfterCanonicalSiblingSync
--- PASS: TestFHSDeferredRecoveryResumesAfterCanonicalSiblingSync (0.15s)
=== RUN   TestFHSDeferredRecoveryRejectsInvalidSyncProof
--- PASS: TestFHSDeferredRecoveryRejectsInvalidSyncProof (0.08s)
=== RUN   TestFHSDeferredRecoveryWaitsForSyncRoutePublication
--- PASS: TestFHSDeferredRecoveryWaitsForSyncRoutePublication (0.12s)
=== RUN   TestFHSDeferredRecoveryKeepsGateOnCanonicalWALFailure
--- PASS: TestFHSDeferredRecoveryKeepsGateOnCanonicalWALFailure (0.09s)
=== RUN   TestFHSDeferredRecoveryRetainsHigherTimeoutWatermarks
--- PASS: TestFHSDeferredRecoveryRetainsHigherTimeoutWatermarks (0.13s)
=== RUN   TestFHSDeferredRecoveryRejectsLateSupersededBodyResult
--- PASS: TestFHSDeferredRecoveryRejectsLateSupersededBodyResult (0.11s)
=== RUN   TestFHSProcessRecoveryQCBeforePrepare
    fhs_process_recovery_test.go:285: set CYPHER_FHS_PROCESS_RECOVERY=1 for isolated seven-process QUIC trials
--- SKIP: TestFHSProcessRecoveryQCBeforePrepare (0.00s)
=== RUN   TestFHSStageAndWALReplayHistoricalKeyCarrierAfterLeaderChange
--- PASS: TestFHSStageAndWALReplayHistoricalKeyCarrierAfterLeaderChange (0.07s)
=== RUN   TestFHSHistoricalKeyCarrierRejectsInvalidAuthenticatedContext
=== RUN   TestFHSHistoricalKeyCarrierRejectsInvalidAuthenticatedContext/proposal_leader
=== RUN   TestFHSHistoricalKeyCarrierRejectsInvalidAuthenticatedContext/embedded_leader
=== RUN   TestFHSHistoricalKeyCarrierRejectsInvalidAuthenticatedContext/committee_commitment
=== RUN   TestFHSHistoricalKeyCarrierRejectsInvalidAuthenticatedContext/signing_parent
=== RUN   TestFHSHistoricalKeyCarrierRejectsInvalidAuthenticatedContext/missing_pow_candidate
--- PASS: TestFHSHistoricalKeyCarrierRejectsInvalidAuthenticatedContext (0.03s)
    --- PASS: TestFHSHistoricalKeyCarrierRejectsInvalidAuthenticatedContext/proposal_leader (0.00s)
    --- PASS: TestFHSHistoricalKeyCarrierRejectsInvalidAuthenticatedContext/embedded_leader (0.00s)
    --- PASS: TestFHSHistoricalKeyCarrierRejectsInvalidAuthenticatedContext/committee_commitment (0.00s)
    --- PASS: TestFHSHistoricalKeyCarrierRejectsInvalidAuthenticatedContext/signing_parent (0.00s)
    --- PASS: TestFHSHistoricalKeyCarrierRejectsInvalidAuthenticatedContext/missing_pow_candidate (0.00s)
=== RUN   TestFixedPoWRewardRecipientInLiveAndCertifiedKeyValidation
=== RUN   TestFixedPoWRewardRecipientInLiveAndCertifiedKeyValidation/external_B
=== RUN   TestFixedPoWRewardRecipientInLiveAndCertifiedKeyValidation/external_B/live
=== RUN   TestFixedPoWRewardRecipientInLiveAndCertifiedKeyValidation/external_B/certified_replay
=== RUN   TestFixedPoWRewardRecipientInLiveAndCertifiedKeyValidation/B_matches_existing_validator
=== RUN   TestFixedPoWRewardRecipientInLiveAndCertifiedKeyValidation/B_matches_existing_validator/live
=== RUN   TestFixedPoWRewardRecipientInLiveAndCertifiedKeyValidation/B_matches_existing_validator/certified_replay
--- PASS: TestFixedPoWRewardRecipientInLiveAndCertifiedKeyValidation (0.03s)
    --- PASS: TestFixedPoWRewardRecipientInLiveAndCertifiedKeyValidation/external_B (0.00s)
        --- PASS: TestFixedPoWRewardRecipientInLiveAndCertifiedKeyValidation/external_B/live (0.00s)
        --- PASS: TestFixedPoWRewardRecipientInLiveAndCertifiedKeyValidation/external_B/certified_replay (0.00s)
    --- PASS: TestFixedPoWRewardRecipientInLiveAndCertifiedKeyValidation/B_matches_existing_validator (0.00s)
        --- PASS: TestFixedPoWRewardRecipientInLiveAndCertifiedKeyValidation/B_matches_existing_validator/live (0.00s)
        --- PASS: TestFixedPoWRewardRecipientInLiveAndCertifiedKeyValidation/B_matches_existing_validator/certified_replay (0.00s)
=== RUN   TestFHSKeyActivationManifestCarriesAncestorFinality
=== RUN   TestFHSKeyActivationManifestCarriesAncestorFinality/skipped_edge_only
=== RUN   TestFHSKeyActivationManifestCarriesAncestorFinality/missing_intermediate
=== RUN   TestFHSKeyActivationManifestCarriesAncestorFinality/reversed
--- PASS: TestFHSKeyActivationManifestCarriesAncestorFinality (0.17s)
    --- PASS: TestFHSKeyActivationManifestCarriesAncestorFinality/skipped_edge_only (0.00s)
    --- PASS: TestFHSKeyActivationManifestCarriesAncestorFinality/missing_intermediate (0.00s)
    --- PASS: TestFHSKeyActivationManifestCarriesAncestorFinality/reversed (0.00s)
=== RUN   TestFHSKeyActivationProofFitsMaximumManifestDelivery
--- PASS: TestFHSKeyActivationProofFitsMaximumManifestDelivery (0.00s)
=== RUN   TestFairHotstuffLeaderScheduleIsDeterministicAndQCIndependent
--- PASS: TestFairHotstuffLeaderScheduleIsDeterministicAndQCIndependent (0.00s)
=== RUN   TestFairHotstuffLeaderScheduleCoversSevenNodeCommittee
--- PASS: TestFairHotstuffLeaderScheduleCoversSevenNodeCommittee (0.00s)
=== RUN   TestFairHotstuffLeaderScheduleRejectsMissingTrustAnchor
--- PASS: TestFairHotstuffLeaderScheduleRejectsMissingTrustAnchor (0.00s)
=== RUN   TestFHSManifestRelayRepairsMissingTransactionWithoutLeader
--- PASS: TestFHSManifestRelayRepairsMissingTransactionWithoutLeader (0.01s)
=== RUN   TestFHSManifestRelayRepairsFromDonorAheadOfReceiver
--- PASS: TestFHSManifestRelayRepairsFromDonorAheadOfReceiver (0.01s)
=== RUN   TestFHSManifestRelayRejectsDonorTamperingBeforeCachePublication
=== RUN   TestFHSManifestRelayRejectsDonorTamperingBeforeCachePublication/manifest
=== RUN   TestFHSManifestRelayRejectsDonorTamperingBeforeCachePublication/missing_leader_signature
=== RUN   TestFHSManifestRelayRejectsDonorTamperingBeforeCachePublication/donor_signature
--- PASS: TestFHSManifestRelayRejectsDonorTamperingBeforeCachePublication (0.02s)
    --- PASS: TestFHSManifestRelayRejectsDonorTamperingBeforeCachePublication/manifest (0.00s)
    --- PASS: TestFHSManifestRelayRejectsDonorTamperingBeforeCachePublication/missing_leader_signature (0.00s)
    --- PASS: TestFHSManifestRelayRejectsDonorTamperingBeforeCachePublication/donor_signature (0.00s)
=== RUN   TestFHSManifestRelayLeaderSignatureSurvivesDonorRestart
--- PASS: TestFHSManifestRelayLeaderSignatureSurvivesDonorRestart (0.01s)
=== RUN   TestFHSManifestRelaySignatureBindsProposalAndProofContext
=== RUN   TestFHSManifestRelaySignatureBindsProposalAndProofContext/proposal
=== RUN   TestFHSManifestRelaySignatureBindsProposalAndProofContext/body
=== RUN   TestFHSManifestRelaySignatureBindsProposalAndProofContext/size
=== RUN   TestFHSManifestRelaySignatureBindsProposalAndProofContext/number
=== RUN   TestFHSManifestRelaySignatureBindsProposalAndProofContext/view
=== RUN   TestFHSManifestRelaySignatureBindsProposalAndProofContext/view_identity
=== RUN   TestFHSManifestRelaySignatureBindsProposalAndProofContext/leader
=== RUN   TestFHSManifestRelaySignatureBindsProposalAndProofContext/committee
=== RUN   TestFHSManifestRelaySignatureBindsProposalAndProofContext/extra
=== RUN   TestFHSManifestRelaySignatureBindsProposalAndProofContext/parent_proof
=== RUN   TestFHSManifestRelaySignatureBindsProposalAndProofContext/activation_proof
--- PASS: TestFHSManifestRelaySignatureBindsProposalAndProofContext (0.02s)
    --- PASS: TestFHSManifestRelaySignatureBindsProposalAndProofContext/proposal (0.00s)
    --- PASS: TestFHSManifestRelaySignatureBindsProposalAndProofContext/body (0.00s)
    --- PASS: TestFHSManifestRelaySignatureBindsProposalAndProofContext/size (0.00s)
    --- PASS: TestFHSManifestRelaySignatureBindsProposalAndProofContext/number (0.00s)
    --- PASS: TestFHSManifestRelaySignatureBindsProposalAndProofContext/view (0.00s)
    --- PASS: TestFHSManifestRelaySignatureBindsProposalAndProofContext/view_identity (0.00s)
    --- PASS: TestFHSManifestRelaySignatureBindsProposalAndProofContext/leader (0.00s)
    --- PASS: TestFHSManifestRelaySignatureBindsProposalAndProofContext/committee (0.00s)
    --- PASS: TestFHSManifestRelaySignatureBindsProposalAndProofContext/extra (0.00s)
    --- PASS: TestFHSManifestRelaySignatureBindsProposalAndProofContext/parent_proof (0.00s)
    --- PASS: TestFHSManifestRelaySignatureBindsProposalAndProofContext/activation_proof (0.00s)
=== RUN   TestFHSOwnedParentSnapshotExecutesWithoutSecondCopy
--- PASS: TestFHSOwnedParentSnapshotExecutesWithoutSecondCopy (0.00s)
=== RUN   TestFHSOwnedParentSnapshotFailureIsDiscarded
=== RUN   TestFHSOwnedParentSnapshotFailureIsDiscarded/before-execution
=== RUN   TestFHSOwnedParentSnapshotFailureIsDiscarded/after-execution
--- PASS: TestFHSOwnedParentSnapshotFailureIsDiscarded (0.01s)
    --- PASS: TestFHSOwnedParentSnapshotFailureIsDiscarded/before-execution (0.00s)
    --- PASS: TestFHSOwnedParentSnapshotFailureIsDiscarded/after-execution (0.01s)
=== RUN   TestFHSOwnedParentSnapshotSurvivesConcurrentParentCommit
--- PASS: TestFHSOwnedParentSnapshotSurvivesConcurrentParentCommit (0.01s)
=== RUN   TestFHSOwnedParentEarlyRefFailureConsumesSnapshot
--- PASS: TestFHSOwnedParentEarlyRefFailureConsumesSnapshot (0.00s)
=== RUN   TestFHSPrepareWorkerConsumesSnapshotAndRetainsGenerationGate
=== RUN   TestFHSPrepareWorkerConsumesSnapshotAndRetainsGenerationGate/private-state
=== RUN   TestFHSPrepareWorkerConsumesSnapshotAndRetainsGenerationGate/empty-parent-without-state
--- PASS: TestFHSPrepareWorkerConsumesSnapshotAndRetainsGenerationGate (0.10s)
    --- PASS: TestFHSPrepareWorkerConsumesSnapshotAndRetainsGenerationGate/private-state (0.06s)
    --- PASS: TestFHSPrepareWorkerConsumesSnapshotAndRetainsGenerationGate/empty-parent-without-state (0.05s)
=== RUN   TestFHSSafetyStoreRejectsCorruptOrForeignWAL
--- PASS: TestFHSSafetyStoreRejectsCorruptOrForeignWAL (0.00s)
=== RUN   TestFHSBatchSupportsSynchronousWrite
--- PASS: TestFHSBatchSupportsSynchronousWrite (0.00s)
=== RUN   TestPersistedVoteEqualityRejectsEquivocation
--- PASS: TestPersistedVoteEqualityRejectsEquivocation (0.00s)
=== RUN   TestFHSRestartRejectsConflictingSameViewVote
--- PASS: TestFHSRestartRejectsConflictingSameViewVote (0.00s)
=== RUN   TestFHSVoteFsyncFailureLeavesNoDurableVote
--- PASS: TestFHSVoteFsyncFailureLeavesNoDurableVote (0.00s)
=== RUN   TestFHSVoteWatermarkRecoversWithoutProposalBody
--- PASS: TestFHSVoteWatermarkRecoversWithoutProposalBody (0.00s)
=== RUN   TestFHSSafetyVoteDoesNotWaitForContentMutex
--- PASS: TestFHSSafetyVoteDoesNotWaitForContentMutex (0.00s)
=== RUN   TestFHSContentPersistenceDoesNotWaitForSafetyMutex
--- PASS: TestFHSContentPersistenceDoesNotWaitForSafetyMutex (0.00s)
=== RUN   TestFHSContentWriterBoundsAndDeduplicates
--- PASS: TestFHSContentWriterBoundsAndDeduplicates (0.00s)
=== RUN   TestFHSContentWriterFailureIsRetryable
--- PASS: TestFHSContentWriterFailureIsRetryable (0.00s)
=== RUN   TestFHSContentWriterShutdownAbortsQueuedJobsAfterDeadline
--- PASS: TestFHSContentWriterShutdownAbortsQueuedJobsAfterDeadline (0.10s)
=== RUN   TestFHSAsyncContentFailureDoesNotBlockSafetyVote
--- PASS: TestFHSAsyncContentFailureDoesNotBlockSafetyVote (0.00s)
=== RUN   TestFHSProposalBodyStoredOnceAndNotRewrittenByCertificate
--- PASS: TestFHSProposalBodyStoredOnceAndNotRewrittenByCertificate (0.00s)
=== RUN   TestFHSDeferredRecoveryMatchesDurableHighestQC
--- PASS: TestFHSDeferredRecoveryMatchesDurableHighestQC (0.00s)
=== RUN   TestFHSDeferredRecoveryGatesVotesTimeoutsAndPacemaker
--- PASS: TestFHSDeferredRecoveryGatesVotesTimeoutsAndPacemaker (0.00s)
=== RUN   TestFHSDeferredRecoveryInstallsExistingPrefixWithoutRegressingSafetyWAL
--- PASS: TestFHSDeferredRecoveryInstallsExistingPrefixWithoutRegressingSafetyWAL (0.00s)
=== RUN   TestFHSPersistencePruneAllowsCertifiedContentAwaitingRepair
--- PASS: TestFHSPersistencePruneAllowsCertifiedContentAwaitingRepair (0.00s)
=== RUN   TestFHSPersistencePruneKeepsMoreThanCacheLimitDuringHighQCCatchup
--- PASS: TestFHSPersistencePruneKeepsMoreThanCacheLimitDuringHighQCCatchup (0.01s)
=== RUN   TestFHSPersistencePruneKeepsSharedBodyUntilLastReference
--- PASS: TestFHSPersistencePruneKeepsSharedBodyUntilLastReference (0.00s)
=== RUN   TestFHSPersistencePruneProtectsRecoveryWatermarksAndCertificates
--- PASS: TestFHSPersistencePruneProtectsRecoveryWatermarksAndCertificates (0.00s)
=== RUN   TestFHSPersistencePruneBoundsUncertifiedProposalSet
--- PASS: TestFHSPersistencePruneBoundsUncertifiedProposalSet (0.00s)
=== RUN   TestFHSPersistencePruneFailsSafeOnCorruptProposal
--- PASS: TestFHSPersistencePruneFailsSafeOnCorruptProposal (0.00s)
=== RUN   TestFHSPersistencePruneSplitsLargeDeletesIntoBoundedBatches
--- PASS: TestFHSPersistencePruneSplitsLargeDeletesIntoBoundedBatches (0.02s)
=== RUN   TestFHSProposalCommitmentsRejectAlteredRecoveryProofs
--- PASS: TestFHSProposalCommitmentsRejectAlteredRecoveryProofs (0.00s)
=== RUN   TestFHSRestartValidatesLastVoteProposalRecord
--- PASS: TestFHSRestartValidatesLastVoteProposalRecord (0.00s)
=== RUN   TestFHSRestartPendingTimeoutUsesUncommittedHighestQC
--- PASS: TestFHSRestartPendingTimeoutUsesUncommittedHighestQC (0.00s)
=== RUN   TestReconcileFHSCertifiedFrontierDropsCanonicalizedPrefix
--- PASS: TestReconcileFHSCertifiedFrontierDropsCanonicalizedPrefix (0.00s)
=== RUN   TestReconcileFHSCertifiedFrontierSelectsHighestSibling
--- PASS: TestReconcileFHSCertifiedFrontierSelectsHighestSibling (0.00s)
=== RUN   TestFHSHighQCCanonicalClassificationAndStaleBase
--- PASS: TestFHSHighQCCanonicalClassificationAndStaleBase (0.00s)
=== RUN   TestValidateCanonicalFHSQCAdvanceSupersedesUncommittedObservation
--- PASS: TestValidateCanonicalFHSQCAdvanceSupersedesUncommittedObservation (0.00s)
=== RUN   TestFHSCertificateAtomicallyClearsSupersededTimeoutVote
--- PASS: TestFHSCertificateAtomicallyClearsSupersededTimeoutVote (0.00s)
=== RUN   TestFHSQCBroadcastSuppressesOnlyMatchingImmediateReplay
--- PASS: TestFHSQCBroadcastSuppressesOnlyMatchingImmediateReplay (0.00s)
=== RUN   TestFHSQCBroadcastAbortDoesNotPretendPhysicalSend
--- PASS: TestFHSQCBroadcastAbortDoesNotPretendPhysicalSend (0.00s)
=== RUN   TestFHSQCBroadcastAfterWithoutBeforeDoesNotPretendPhysicalSend
--- PASS: TestFHSQCBroadcastAfterWithoutBeforeDoesNotPretendPhysicalSend (0.00s)
=== RUN   TestFHSQCBroadcastCompletionErrorStillRecordsPhysicalSend
--- PASS: TestFHSQCBroadcastCompletionErrorStillRecordsPhysicalSend (0.00s)
=== RUN   TestFHSQCBroadcastDeliveryErrorLeavesDurableReplayUnsuppressed
--- PASS: TestFHSQCBroadcastDeliveryErrorLeavesDurableReplayUnsuppressed (0.00s)
=== RUN   TestFHSQCBroadcastMarkersResetAcrossMinerStopStart
--- PASS: TestFHSQCBroadcastMarkersResetAcrossMinerStopStart (0.00s)
=== RUN   TestFHSServiceLifecycleSerializesStartActivationBeforeStop
--- PASS: TestFHSServiceLifecycleSerializesStartActivationBeforeStop (0.03s)
=== RUN   TestFHSQCBroadcastAfterStopCannotResumeConsensus
=== RUN   TestFHSQCBroadcastAfterStopCannotResumeConsensus/delivery_failed
=== RUN   TestFHSQCBroadcastAfterStopCannotResumeConsensus/delivery_succeeded
--- PASS: TestFHSQCBroadcastAfterStopCannotResumeConsensus (0.00s)
    --- PASS: TestFHSQCBroadcastAfterStopCannotResumeConsensus/delivery_failed (0.00s)
    --- PASS: TestFHSQCBroadcastAfterStopCannotResumeConsensus/delivery_succeeded (0.00s)
=== RUN   TestFHSReplicaCertificationAfterStopCannotResumeConsensus
--- PASS: TestFHSReplicaCertificationAfterStopCannotResumeConsensus (0.00s)
=== RUN   TestFHSCertificationStopWaitsForInFlightStateCommit
--- PASS: TestFHSCertificationStopWaitsForInFlightStateCommit (0.03s)
=== RUN   TestFHSCertificationFailsClosedWhenSynchronousCommitStopsService
--- PASS: TestFHSCertificationFailsClosedWhenSynchronousCommitStopsService (0.00s)
=== RUN   TestFHSRestartRejectsIncompleteVoteWatermark
--- PASS: TestFHSRestartRejectsIncompleteVoteWatermark (0.00s)
=== RUN   TestCertifiedUncommittedKeyCommitteeAuthenticatesNextEpoch
--- PASS: TestCertifiedUncommittedKeyCommitteeAuthenticatesNextEpoch (0.14s)
=== RUN   TestProposalRepairUsesProposalHistoricalCommitteeGeneration
--- PASS: TestProposalRepairUsesProposalHistoricalCommitteeGeneration (0.00s)
=== RUN   TestProposalRepairTargetHandlesHighBitProposalID
--- PASS: TestProposalRepairTargetHandlesHighBitProposalID (0.00s)
=== RUN   TestProposalRepairFallsBackToValidatedDurableBody
--- PASS: TestProposalRepairFallsBackToValidatedDurableBody (0.00s)
=== RUN   TestReconcileFHSTimeoutEpochClearsCanonicalHistoricalTimeouts
--- PASS: TestReconcileFHSTimeoutEpochClearsCanonicalHistoricalTimeouts (0.01s)
=== RUN   TestReconcileFHSTimeoutEpochRetainsCurrentTimeouts
--- PASS: TestReconcileFHSTimeoutEpochRetainsCurrentTimeouts (0.01s)
=== RUN   TestReconcileFHSTimeoutEpochRejectsInactiveNonHistoricalMetadata
=== RUN   TestReconcileFHSTimeoutEpochRejectsInactiveNonHistoricalMetadata/same-height_sibling
=== RUN   TestReconcileFHSTimeoutEpochRejectsInactiveNonHistoricalMetadata/future
=== RUN   TestReconcileFHSTimeoutEpochRejectsInactiveNonHistoricalMetadata/noncanonical_historical
--- PASS: TestReconcileFHSTimeoutEpochRejectsInactiveNonHistoricalMetadata (0.00s)
    --- PASS: TestReconcileFHSTimeoutEpochRejectsInactiveNonHistoricalMetadata/same-height_sibling (0.00s)
    --- PASS: TestReconcileFHSTimeoutEpochRejectsInactiveNonHistoricalMetadata/future (0.00s)
    --- PASS: TestReconcileFHSTimeoutEpochRejectsInactiveNonHistoricalMetadata/noncanonical_historical (0.00s)
=== RUN   TestFHSProcessRecoverySplitTC
    fhs_process_recovery_test.go:285: set CYPHER_FHS_PROCESS_RECOVERY=1 for isolated seven-process QUIC trials
--- SKIP: TestFHSProcessRecoverySplitTC (0.00s)
=== RUN   TestFHSProcessRecoveryOfflineProposer
    fhs_process_recovery_test.go:285: set CYPHER_FHS_PROCESS_RECOVERY=1 for isolated seven-process QUIC trials
--- SKIP: TestFHSProcessRecoveryOfflineProposer (0.00s)
=== RUN   TestFHSRecoveryProcessHelper
    fhs_process_recovery_test.go:711: subprocess helper
--- SKIP: TestFHSRecoveryProcessHelper (0.00s)
=== RUN   TestFHSQCBroadcastUsesCertifiedCommitteeAfterHandoff
=== RUN   TestFHSQCBroadcastUsesCertifiedCommitteeAfterHandoff/rebuilt_durable_QC
=== RUN   TestFHSQCBroadcastUsesCertifiedCommitteeAfterHandoff/QC_with_optional_key_signature
--- PASS: TestFHSQCBroadcastUsesCertifiedCommitteeAfterHandoff (0.00s)
    --- PASS: TestFHSQCBroadcastUsesCertifiedCommitteeAfterHandoff/rebuilt_durable_QC (0.00s)
    --- PASS: TestFHSQCBroadcastUsesCertifiedCommitteeAfterHandoff/QC_with_optional_key_signature (0.00s)
=== RUN   TestFHSQCBroadcastCommitteeRejectsMalformedContext
=== RUN   TestFHSQCBroadcastCommitteeRejectsMalformedContext/missing_signature
=== RUN   TestFHSQCBroadcastCommitteeRejectsMalformedContext/missing_signer_mask
=== RUN   TestFHSQCBroadcastCommitteeRejectsMalformedContext/missing_proposal
=== RUN   TestFHSQCBroadcastCommitteeRejectsMalformedContext/malformed_proposal
=== RUN   TestFHSQCBroadcastCommitteeRejectsMalformedContext/view_number_mismatch
=== RUN   TestFHSQCBroadcastCommitteeRejectsMalformedContext/view_id_mismatch
=== RUN   TestFHSQCBroadcastCommitteeRejectsMalformedContext/leader_mismatch
=== RUN   TestFHSQCBroadcastCommitteeRejectsMalformedContext/foreign_chain
=== RUN   TestFHSQCBroadcastCommitteeRejectsMalformedContext/missing_committee
=== RUN   TestFHSQCBroadcastCommitteeRejectsMalformedContext/unknown_committee
--- PASS: TestFHSQCBroadcastCommitteeRejectsMalformedContext (0.00s)
    --- PASS: TestFHSQCBroadcastCommitteeRejectsMalformedContext/missing_signature (0.00s)
    --- PASS: TestFHSQCBroadcastCommitteeRejectsMalformedContext/missing_signer_mask (0.00s)
    --- PASS: TestFHSQCBroadcastCommitteeRejectsMalformedContext/missing_proposal (0.00s)
    --- PASS: TestFHSQCBroadcastCommitteeRejectsMalformedContext/malformed_proposal (0.00s)
    --- PASS: TestFHSQCBroadcastCommitteeRejectsMalformedContext/view_number_mismatch (0.00s)
    --- PASS: TestFHSQCBroadcastCommitteeRejectsMalformedContext/view_id_mismatch (0.00s)
    --- PASS: TestFHSQCBroadcastCommitteeRejectsMalformedContext/leader_mismatch (0.00s)
    --- PASS: TestFHSQCBroadcastCommitteeRejectsMalformedContext/foreign_chain (0.00s)
    --- PASS: TestFHSQCBroadcastCommitteeRejectsMalformedContext/missing_committee (0.00s)
    --- PASS: TestFHSQCBroadcastCommitteeRejectsMalformedContext/unknown_committee (0.00s)
=== RUN   TestFHSQCDeliveryKeepsRemovedValidatorReachable
--- PASS: TestFHSQCDeliveryKeepsRemovedValidatorReachable (0.00s)
=== RUN   TestFHSQCDeliveryReplaysDurableOldCommitteeAfterRestart
--- PASS: TestFHSQCDeliveryReplaysDurableOldCommitteeAfterRestart (0.01s)
=== RUN   TestFHSProcessRecoveryRewardFinality
    fhs_process_recovery_test.go:285: set CYPHER_FHS_PROCESS_RECOVERY=1 for isolated seven-process QUIC trials
--- SKIP: TestFHSProcessRecoveryRewardFinality (0.00s)
=== RUN   TestFHSSyncKeyEpochResumesSignedNewView
--- PASS: TestFHSSyncKeyEpochResumesSignedNewView (0.08s)
=== RUN   TestFHSSyncKeyEpochResumesQuorumWithPassiveReplicas
=== RUN   TestFHSSyncKeyEpochResumesQuorumWithPassiveReplicas/sync_3_of_7
=== RUN   TestFHSSyncKeyEpochResumesQuorumWithPassiveReplicas/sync_6_of_7
--- PASS: TestFHSSyncKeyEpochResumesQuorumWithPassiveReplicas (0.78s)
    --- PASS: TestFHSSyncKeyEpochResumesQuorumWithPassiveReplicas/sync_3_of_7 (0.37s)
    --- PASS: TestFHSSyncKeyEpochResumesQuorumWithPassiveReplicas/sync_6_of_7 (0.41s)
=== RUN   TestFHSSyncResumeSurvivesFullPriorityQueueAndDedup
--- PASS: TestFHSSyncResumeSurvivesFullPriorityQueueAndDedup (0.08s)
=== RUN   TestFHSSyncResumeDoesNotReactivateStoppedGeneration
=== RUN   TestFHSSyncResumeDoesNotReactivateStoppedGeneration/restart_false
=== RUN   TestFHSSyncResumeDoesNotReactivateStoppedGeneration/restart_true
--- PASS: TestFHSSyncResumeDoesNotReactivateStoppedGeneration (0.15s)
    --- PASS: TestFHSSyncResumeDoesNotReactivateStoppedGeneration/restart_false (0.07s)
    --- PASS: TestFHSSyncResumeDoesNotReactivateStoppedGeneration/restart_true (0.07s)
=== RUN   TestFHSSyncResumeAfterBothEpochResetBoundaries
--- PASS: TestFHSSyncResumeAfterBothEpochResetBoundaries (0.08s)
=== RUN   TestFHSSyncResumePreservesReadyRequestAfterEarlyRejection
--- PASS: TestFHSSyncResumePreservesReadyRequestAfterEarlyRejection (0.08s)
=== RUN   TestFHSSyncResumePreservesCanonicalWakeAfterInvalidatedPrecommitFailure
--- PASS: TestFHSSyncResumePreservesCanonicalWakeAfterInvalidatedPrecommitFailure (0.08s)
=== RUN   TestFHSSyncResumeRetriesActualLocalPriorityBackpressure
--- PASS: TestFHSSyncResumeRetriesActualLocalPriorityBackpressure (0.18s)
=== RUN   TestFHSSyncCallbackDoesNotWaitForLifecycleLock
--- PASS: TestFHSSyncCallbackDoesNotWaitForLifecycleLock (0.08s)
=== RUN   TestFHSSyncResumeRetriesTransportFailureWithoutResettingPacemaker
--- PASS: TestFHSSyncResumeRetriesTransportFailureWithoutResettingPacemaker (0.08s)
=== RUN   TestAcceptFHSTimeoutCertificateReplayPreservesLocalProposalState
--- PASS: TestAcceptFHSTimeoutCertificateReplayPreservesLocalProposalState (0.01s)
=== RUN   TestAcceptFHSTimeoutCertificateStrictlyNewerUpdatesVolatileState
--- PASS: TestAcceptFHSTimeoutCertificateStrictlyNewerUpdatesVolatileState (0.01s)
=== RUN   TestFHSPendingTimeoutVoteReloadsImmutableStatement
--- PASS: TestFHSPendingTimeoutVoteReloadsImmutableStatement (0.00s)
=== RUN   TestFHSProposalTimestamp
=== RUN   TestFHSProposalTimestamp/old_parent
=== RUN   TestFHSProposalTimestamp/same_second
=== RUN   TestFHSProposalTimestamp/clock_skew_or_burst
=== RUN   TestFHSProposalTimestamp/last_allowed_second
=== RUN   TestFHSProposalTimestamp/window_exhausted
=== RUN   TestFHSProposalTimestamp/signed_integer_overflow
=== RUN   TestFHSProposalTimestamp/unsigned_overflow
--- PASS: TestFHSProposalTimestamp (0.00s)
    --- PASS: TestFHSProposalTimestamp/old_parent (0.00s)
    --- PASS: TestFHSProposalTimestamp/same_second (0.00s)
    --- PASS: TestFHSProposalTimestamp/clock_skew_or_burst (0.00s)
    --- PASS: TestFHSProposalTimestamp/last_allowed_second (0.00s)
    --- PASS: TestFHSProposalTimestamp/window_exhausted (0.00s)
    --- PASS: TestFHSProposalTimestamp/signed_integer_overflow (0.00s)
    --- PASS: TestFHSProposalTimestamp/unsigned_overflow (0.00s)
=== RUN   TestFHSProposalTimestampBurstRetriesAfterClockAdvances
--- PASS: TestFHSProposalTimestampBurstRetriesAfterClockAdvances (0.00s)
=== RUN   TestFHSCreateWorkReturnsTimestampErrorBeforeStateWork
--- PASS: TestFHSCreateWorkReturnsTimestampErrorBeforeStateWork (0.00s)
=== RUN   TestFHSAuthorizedPeersUsesExplicitTransitionCommittee
--- PASS: TestFHSAuthorizedPeersUsesExplicitTransitionCommittee (0.00s)
=== RUN   TestFixedModeKeyblockViewStartZeroGenesisUsesNow
--- PASS: TestFixedModeKeyblockViewStartZeroGenesisUsesNow (0.00s)
=== RUN   TestKeyProposalPlanFixedModeIsIntervalDerived
=== RUN   TestKeyProposalPlanFixedModeIsIntervalDerived/due_while_local_view_says_transaction_proposal
=== RUN   TestKeyProposalPlanFixedModeIsIntervalDerived/due_while_local_view_says_key_proposal
=== RUN   TestKeyProposalPlanFixedModeIsIntervalDerived/not_due
--- PASS: TestKeyProposalPlanFixedModeIsIntervalDerived (0.00s)
    --- PASS: TestKeyProposalPlanFixedModeIsIntervalDerived/due_while_local_view_says_transaction_proposal (0.00s)
    --- PASS: TestKeyProposalPlanFixedModeIsIntervalDerived/due_while_local_view_says_key_proposal (0.00s)
    --- PASS: TestKeyProposalPlanFixedModeIsIntervalDerived/not_due (0.00s)
=== RUN   TestKeyProposalPlanNonFixedPreservesLegacySelection
=== RUN   TestKeyProposalPlanNonFixedPreservesLegacySelection/ordinary_leader_does_not_propose_key_block
=== RUN   TestKeyProposalPlanNonFixedPreservesLegacySelection/key_leader_waits_for_minimum_interval
=== RUN   TestKeyProposalPlanNonFixedPreservesLegacySelection/key_leader_proposes_after_minimum_interval
--- PASS: TestKeyProposalPlanNonFixedPreservesLegacySelection (0.00s)
    --- PASS: TestKeyProposalPlanNonFixedPreservesLegacySelection/ordinary_leader_does_not_propose_key_block (0.00s)
    --- PASS: TestKeyProposalPlanNonFixedPreservesLegacySelection/key_leader_waits_for_minimum_interval (0.00s)
    --- PASS: TestKeyProposalPlanNonFixedPreservesLegacySelection/key_leader_proposes_after_minimum_interval (0.00s)
=== RUN   TestPeerAckTimeConcurrentReceiveAndPacemaker
--- PASS: TestPeerAckTimeConcurrentReceiveAndPacemaker (0.00s)
=== RUN   TestPeerAckTimeTracksBothReceivePaths
=== RUN   TestPeerAckTimeTracksBothReceivePaths/heartbeat
=== RUN   TestPeerAckTimeTracksBothReceivePaths/network_message
--- PASS: TestPeerAckTimeTracksBothReceivePaths (0.00s)
    --- PASS: TestPeerAckTimeTracksBothReceivePaths/heartbeat (0.00s)
    --- PASS: TestPeerAckTimeTracksBothReceivePaths/network_message (0.00s)
=== RUN   TestVerifyKeyBlockIntervalFixedCadence
=== RUN   TestVerifyKeyBlockIntervalFixedCadence/exact_slot
=== RUN   TestVerifyKeyBlockIntervalFixedCadence/too_early
=== RUN   TestVerifyKeyBlockIntervalFixedCadence/too_late
--- PASS: TestVerifyKeyBlockIntervalFixedCadence (0.00s)
    --- PASS: TestVerifyKeyBlockIntervalFixedCadence/exact_slot (0.00s)
    --- PASS: TestVerifyKeyBlockIntervalFixedCadence/too_early (0.00s)
    --- PASS: TestVerifyKeyBlockIntervalFixedCadence/too_late (0.00s)
=== RUN   TestVerifyFixedKeyBlockRejectsSlotTooFarAheadOfLocalClock
--- PASS: TestVerifyFixedKeyBlockRejectsSlotTooFarAheadOfLocalClock (0.00s)
=== RUN   TestVerifyKeyBlockIntervalNonFixedKeepsMinimumSemantics
=== RUN   TestVerifyKeyBlockIntervalNonFixedKeepsMinimumSemantics/minimum
=== RUN   TestVerifyKeyBlockIntervalNonFixedKeepsMinimumSemantics/later
=== RUN   TestVerifyKeyBlockIntervalNonFixedKeepsMinimumSemantics/too_early
--- PASS: TestVerifyKeyBlockIntervalNonFixedKeepsMinimumSemantics (0.00s)
    --- PASS: TestVerifyKeyBlockIntervalNonFixedKeepsMinimumSemantics/minimum (0.00s)
    --- PASS: TestVerifyKeyBlockIntervalNonFixedKeepsMinimumSemantics/later (0.00s)
    --- PASS: TestVerifyKeyBlockIntervalNonFixedKeepsMinimumSemantics/too_early (0.00s)
=== RUN   TestFixedKeyBlockProposalTimestampIgnoresLateConstructionTime
--- PASS: TestFixedKeyBlockProposalTimestampIgnoresLateConstructionTime (0.00s)
=== RUN   TestZeroTimestampGenesisBootstrapsFixedCadenceAnchor
--- PASS: TestZeroTimestampGenesisBootstrapsFixedCadenceAnchor (0.00s)
=== RUN   TestFixedCadenceBootstrapPredicateIsNarrow
=== RUN   TestFixedCadenceBootstrapPredicateIsNarrow/nonzero_genesis_timestamp
=== RUN   TestFixedCadenceBootstrapPredicateIsNarrow/non-genesis_number
=== RUN   TestFixedCadenceBootstrapPredicateIsNarrow/non-initialization_type
--- PASS: TestFixedCadenceBootstrapPredicateIsNarrow (0.00s)
    --- PASS: TestFixedCadenceBootstrapPredicateIsNarrow/nonzero_genesis_timestamp (0.00s)
    --- PASS: TestFixedCadenceBootstrapPredicateIsNarrow/non-genesis_number (0.00s)
    --- PASS: TestFixedCadenceBootstrapPredicateIsNarrow/non-initialization_type (0.00s)
=== RUN   TestFixedModeRewardCandidateRequiresExactSlotWithoutMutation
--- PASS: TestFixedModeRewardCandidateRequiresExactSlotWithoutMutation (0.00s)
=== RUN   TestBestFixedModeRewardCandidateFiltersBeforeNonceRanking
--- PASS: TestBestFixedModeRewardCandidateFiltersBeforeNonceRanking (0.00s)
=== RUN   TestNativeExecutionLeaseCoversCriticalAndAggregateCompute
--- PASS: TestNativeExecutionLeaseCoversCriticalAndAggregateCompute (0.00s)
=== RUN   TestNativePaceMakerTimeoutIncludesExecutionEnvelope
--- PASS: TestNativePaceMakerTimeoutIncludesExecutionEnvelope (0.00s)
=== RUN   TestFHSPacemakerTimesOutWithHealthyHeartbeatAndContinuingTransactions
--- PASS: TestFHSPacemakerTimesOutWithHealthyHeartbeatAndContinuingTransactions (0.00s)
=== RUN   TestFHSPacemakerProgressAndViewStartResetDeadline
=== RUN   TestFHSPacemakerProgressAndViewStartResetDeadline/committed_block
=== RUN   TestFHSPacemakerProgressAndViewStartResetDeadline/view_start
--- PASS: TestFHSPacemakerProgressAndViewStartResetDeadline (0.00s)
    --- PASS: TestFHSPacemakerProgressAndViewStartResetDeadline/committed_block (0.00s)
    --- PASS: TestFHSPacemakerProgressAndViewStartResetDeadline/view_start (0.00s)
=== RUN   TestFHSPacemakerTransactionsDoNotRestartStoppedTimer
--- PASS: TestFHSPacemakerTransactionsDoNotRestartStoppedTimer (0.00s)
=== RUN   TestCaptureProposalGenerationBindsPrevRandaoBeforeExecution
--- PASS: TestCaptureProposalGenerationBindsPrevRandaoBeforeExecution (0.00s)
=== RUN   TestVerifyHotstuffProposalPrevRandaoRejectsProposerValue
--- PASS: TestVerifyHotstuffProposalPrevRandaoRejectsProposerValue (0.00s)
=== RUN   TestVerifyHotstuffKeyCarrierBindsOuterPrevRandao
--- PASS: TestVerifyHotstuffKeyCarrierBindsOuterPrevRandao (0.00s)
=== RUN   TestNativeProposalLimitsFollowGenesisConfig
--- PASS: TestNativeProposalLimitsFollowGenesisConfig (0.00s)
=== RUN   TestNativeProposalAssemblyMemoryIsBounded
--- PASS: TestNativeProposalAssemblyMemoryIsBounded (0.00s)
=== RUN   TestNativeManifestExceedsLegacyTransactionCount
--- PASS: TestNativeManifestExceedsLegacyTransactionCount (0.04s)
=== RUN   TestNativeProposalNetworkAndRepairBudgetsScaleIndependently
--- PASS: TestNativeProposalNetworkAndRepairBudgetsScaleIndependently (0.02s)
=== RUN   TestNativeProposalRepairTimeoutCoversByteCappedFullBlockRecovery
--- PASS: TestNativeProposalRepairTimeoutCoversByteCappedFullBlockRecovery (0.00s)
=== RUN   TestProposalBodyCacheTTLTracksNativePacemaker
--- PASS: TestProposalBodyCacheTTLTracksNativePacemaker (0.00s)
=== RUN   TestPurgeExpiredProposalCachesUsesConfiguredTTL
--- PASS: TestPurgeExpiredProposalCachesUsesConfiguredTTL (0.00s)
=== RUN   TestProposalRepairNetworkRoundTrip
--- PASS: TestProposalRepairNetworkRoundTrip (0.00s)
=== RUN   TestProposalRepairWireValidationRejectsMalformedTransactions
=== RUN   TestProposalRepairWireValidationRejectsMalformedTransactions/oversized_total
=== RUN   TestProposalRepairWireValidationRejectsMalformedTransactions/noncanonical_encoding
=== RUN   TestProposalRepairWireValidationRejectsMalformedTransactions/count_mismatch
=== RUN   TestProposalRepairWireValidationRejectsMalformedTransactions/count_limit
=== RUN   TestProposalRepairWireValidationRejectsMalformedTransactions/empty_hash
=== RUN   TestProposalRepairWireValidationRejectsMalformedTransactions/hash_mismatch
=== RUN   TestProposalRepairWireValidationRejectsMalformedTransactions/duplicate_hash
=== RUN   TestProposalRepairWireValidationRejectsMalformedTransactions/invalid_encoding
--- PASS: TestProposalRepairWireValidationRejectsMalformedTransactions (0.00s)
    --- PASS: TestProposalRepairWireValidationRejectsMalformedTransactions/oversized_total (0.00s)
    --- PASS: TestProposalRepairWireValidationRejectsMalformedTransactions/noncanonical_encoding (0.00s)
    --- PASS: TestProposalRepairWireValidationRejectsMalformedTransactions/count_mismatch (0.00s)
    --- PASS: TestProposalRepairWireValidationRejectsMalformedTransactions/count_limit (0.00s)
    --- PASS: TestProposalRepairWireValidationRejectsMalformedTransactions/empty_hash (0.00s)
    --- PASS: TestProposalRepairWireValidationRejectsMalformedTransactions/hash_mismatch (0.00s)
    --- PASS: TestProposalRepairWireValidationRejectsMalformedTransactions/duplicate_hash (0.00s)
    --- PASS: TestProposalRepairWireValidationRejectsMalformedTransactions/invalid_encoding (0.00s)
=== RUN   TestProposalRepairEncodingRejectsUninitializedTransaction
--- PASS: TestProposalRepairEncodingRejectsUninitializedTransaction (0.00s)
=== RUN   TestProposalRepairResponseRejectsUninitializedResolvedTransaction
--- PASS: TestProposalRepairResponseRejectsUninitializedResolvedTransaction (0.00s)
=== RUN   TestProposalRepairAssemblyTrackerPipelinesDisjointWindows
=== RUN   TestProposalRepairAssemblyTrackerPipelinesDisjointWindows/partial_tail
=== RUN   TestProposalRepairAssemblyTrackerPipelinesDisjointWindows/max_count
--- PASS: TestProposalRepairAssemblyTrackerPipelinesDisjointWindows (0.04s)
    --- PASS: TestProposalRepairAssemblyTrackerPipelinesDisjointWindows/partial_tail (0.02s)
    --- PASS: TestProposalRepairAssemblyTrackerPipelinesDisjointWindows/max_count (0.01s)
=== RUN   TestProposalRepairAssemblyTrackerImmediatelyRetriesPartialWindow
--- PASS: TestProposalRepairAssemblyTrackerImmediatelyRetriesPartialWindow (0.00s)
=== RUN   TestMergeProposalRepairRejectsOutsideHashAtomically
--- PASS: TestMergeProposalRepairRejectsOutsideHashAtomically (0.00s)
=== RUN   TestProposalRepairWaitTimeoutCoversMaxCountRequestSchedule
--- PASS: TestProposalRepairWaitTimeoutCoversMaxCountRequestSchedule (0.00s)
=== RUN   TestDecodeProposalDataManifestAppliesConsensusCountLimitsFirst
=== RUN   TestDecodeProposalDataManifestAppliesConsensusCountLimitsFirst/transactions
=== RUN   TestDecodeProposalDataManifestAppliesConsensusCountLimitsFirst/admission_batches
=== RUN   TestDecodeProposalDataManifestAppliesConsensusCountLimitsFirst/admission_references
=== RUN   TestDecodeProposalDataManifestAppliesConsensusCountLimitsFirst/rewards
--- PASS: TestDecodeProposalDataManifestAppliesConsensusCountLimitsFirst (0.05s)
    --- PASS: TestDecodeProposalDataManifestAppliesConsensusCountLimitsFirst/transactions (0.00s)
    --- PASS: TestDecodeProposalDataManifestAppliesConsensusCountLimitsFirst/admission_batches (0.00s)
    --- PASS: TestDecodeProposalDataManifestAppliesConsensusCountLimitsFirst/admission_references (0.00s)
    --- PASS: TestDecodeProposalDataManifestAppliesConsensusCountLimitsFirst/rewards (0.04s)
=== RUN   TestHighBacklogProposalIsChunked
--- PASS: TestHighBacklogProposalIsChunked (0.00s)
=== RUN   TestGenesisNativeProposalUsesRaisedConsensusCeilings
--- PASS: TestGenesisNativeProposalUsesRaisedConsensusCeilings (0.00s)
=== RUN   TestEVMOnlyProposalRoutesBothResourceLanesToStandardEVM
--- PASS: TestEVMOnlyProposalRoutesBothResourceLanesToStandardEVM (0.00s)
=== RUN   TestEVMOnlyProposalResourceClassesUseConfiguredBlockCeiling
--- PASS: TestEVMOnlyProposalResourceClassesUseConfiguredBlockCeiling (0.00s)
=== RUN   TestFHSAdmissionBatchLimitPreservesDeterministicNoncePrefixes
--- PASS: TestFHSAdmissionBatchLimitPreservesDeterministicNoncePrefixes (0.00s)
=== RUN   TestProposalSenderUsesProposalForkSigner
--- PASS: TestProposalSenderUsesProposalForkSigner (0.00s)
=== RUN   TestFHSPipelineScansPastCertifiedSenderWindow
--- PASS: TestFHSPipelineScansPastCertifiedSenderWindow (0.00s)
=== RUN   TestFHSPipelineScansPastCertifiedGasWindow
--- PASS: TestFHSPipelineScansPastCertifiedGasWindow (0.00s)
=== RUN   TestFHSProposalUsesConsensusWorkMeterBoundary
--- PASS: TestFHSProposalUsesConsensusWorkMeterBoundary (0.00s)
=== RUN   TestFHSProposalMetersFinalRewardSidecar
--- PASS: TestFHSProposalMetersFinalRewardSidecar (0.00s)
=== RUN   TestFailedOnlyProposalRemainsPublishableForCleanup
=== RUN   TestFailedOnlyProposalRemainsPublishableForCleanup/no_work
=== RUN   TestFailedOnlyProposalRemainsPublishableForCleanup/failed_only
=== RUN   TestFailedOnlyProposalRemainsPublishableForCleanup/transaction
=== RUN   TestFailedOnlyProposalRemainsPublishableForCleanup/finality_child
--- PASS: TestFailedOnlyProposalRemainsPublishableForCleanup (0.00s)
    --- PASS: TestFailedOnlyProposalRemainsPublishableForCleanup/no_work (0.00s)
    --- PASS: TestFailedOnlyProposalRemainsPublishableForCleanup/failed_only (0.00s)
    --- PASS: TestFailedOnlyProposalRemainsPublishableForCleanup/transaction (0.00s)
    --- PASS: TestFailedOnlyProposalRemainsPublishableForCleanup/finality_child (0.00s)
=== RUN   TestProposalNoWorkLaneSelectionAndRetryPolicy
=== RUN   TestProposalNoWorkLaneSelectionAndRetryPolicy/both_empty
=== RUN   TestProposalNoWorkLaneSelectionAndRetryPolicy/primary_empty_fallback_failed
=== RUN   TestProposalNoWorkLaneSelectionAndRetryPolicy/primary_failed_fallback_empty
=== RUN   TestProposalNoWorkLaneSelectionAndRetryPolicy/both_failed_preserves_fallback
=== RUN   TestProposalNoWorkLaneSelectionAndRetryPolicy/retry_success
=== RUN   TestProposalNoWorkLaneSelectionAndRetryPolicy/retry_empty
=== RUN   TestProposalNoWorkLaneSelectionAndRetryPolicy/retry_wrapped_empty
=== RUN   TestProposalNoWorkLaneSelectionAndRetryPolicy/retry_stale_view
=== RUN   TestProposalNoWorkLaneSelectionAndRetryPolicy/retry_real_failure
--- PASS: TestProposalNoWorkLaneSelectionAndRetryPolicy (0.00s)
    --- PASS: TestProposalNoWorkLaneSelectionAndRetryPolicy/both_empty (0.00s)
    --- PASS: TestProposalNoWorkLaneSelectionAndRetryPolicy/primary_empty_fallback_failed (0.00s)
    --- PASS: TestProposalNoWorkLaneSelectionAndRetryPolicy/primary_failed_fallback_empty (0.00s)
    --- PASS: TestProposalNoWorkLaneSelectionAndRetryPolicy/both_failed_preserves_fallback (0.00s)
    --- PASS: TestProposalNoWorkLaneSelectionAndRetryPolicy/retry_success (0.00s)
    --- PASS: TestProposalNoWorkLaneSelectionAndRetryPolicy/retry_empty (0.00s)
    --- PASS: TestProposalNoWorkLaneSelectionAndRetryPolicy/retry_wrapped_empty (0.00s)
    --- PASS: TestProposalNoWorkLaneSelectionAndRetryPolicy/retry_stale_view (0.00s)
    --- PASS: TestProposalNoWorkLaneSelectionAndRetryPolicy/retry_real_failure (0.00s)
=== RUN   TestProposedTransactionExpiryWakesWithoutMaintenanceScan
--- PASS: TestProposedTransactionExpiryWakesWithoutMaintenanceScan (0.00s)
=== RUN   TestCertifiedProposedTransactionRemainsExcludedUntilCommit
--- PASS: TestCertifiedProposedTransactionRemainsExcludedUntilCommit (0.00s)
=== RUN   TestProposalNoWorkWatermarkQuiescesIdenticalMaintenanceInputs
=== RUN   TestProposalNoWorkWatermarkQuiescesIdenticalMaintenanceInputs/legacy
=== RUN   TestProposalNoWorkWatermarkQuiescesIdenticalMaintenanceInputs/legacy/txpool_revision
=== RUN   TestProposalNoWorkWatermarkQuiescesIdenticalMaintenanceInputs/legacy/candidate_revision
=== RUN   TestProposalNoWorkWatermarkQuiescesIdenticalMaintenanceInputs/legacy/proposed_exclusion_revision
=== RUN   TestProposalNoWorkWatermarkQuiescesIdenticalMaintenanceInputs/legacy/proposed_exclusion_expiry
=== RUN   TestProposalNoWorkWatermarkQuiescesIdenticalMaintenanceInputs/legacy/parent
=== RUN   TestProposalNoWorkWatermarkQuiescesIdenticalMaintenanceInputs/legacy/key_head
=== RUN   TestProposalNoWorkWatermarkQuiescesIdenticalMaintenanceInputs/legacy/view
=== RUN   TestProposalNoWorkWatermarkQuiescesIdenticalMaintenanceInputs/legacy/finality
=== RUN   TestProposalNoWorkWatermarkQuiescesIdenticalMaintenanceInputs/legacy/key_interval
=== RUN   TestProposalNoWorkWatermarkQuiescesIdenticalMaintenanceInputs/legacy/proposal_view
=== RUN   TestProposalNoWorkWatermarkQuiescesIdenticalMaintenanceInputs/legacy/proposal_leader
=== RUN   TestProposalNoWorkWatermarkQuiescesIdenticalMaintenanceInputs/fhs
=== RUN   TestProposalNoWorkWatermarkQuiescesIdenticalMaintenanceInputs/fhs/txpool_revision
=== RUN   TestProposalNoWorkWatermarkQuiescesIdenticalMaintenanceInputs/fhs/candidate_revision
=== RUN   TestProposalNoWorkWatermarkQuiescesIdenticalMaintenanceInputs/fhs/proposed_exclusion_revision
=== RUN   TestProposalNoWorkWatermarkQuiescesIdenticalMaintenanceInputs/fhs/proposed_exclusion_expiry
=== RUN   TestProposalNoWorkWatermarkQuiescesIdenticalMaintenanceInputs/fhs/parent
=== RUN   TestProposalNoWorkWatermarkQuiescesIdenticalMaintenanceInputs/fhs/key_head
=== RUN   TestProposalNoWorkWatermarkQuiescesIdenticalMaintenanceInputs/fhs/view
=== RUN   TestProposalNoWorkWatermarkQuiescesIdenticalMaintenanceInputs/fhs/finality
=== RUN   TestProposalNoWorkWatermarkQuiescesIdenticalMaintenanceInputs/fhs/key_interval
=== RUN   TestProposalNoWorkWatermarkQuiescesIdenticalMaintenanceInputs/fhs/proposal_view
=== RUN   TestProposalNoWorkWatermarkQuiescesIdenticalMaintenanceInputs/fhs/proposal_leader
--- PASS: TestProposalNoWorkWatermarkQuiescesIdenticalMaintenanceInputs (0.00s)
    --- PASS: TestProposalNoWorkWatermarkQuiescesIdenticalMaintenanceInputs/legacy (0.00s)
        --- PASS: TestProposalNoWorkWatermarkQuiescesIdenticalMaintenanceInputs/legacy/txpool_revision (0.00s)
        --- PASS: TestProposalNoWorkWatermarkQuiescesIdenticalMaintenanceInputs/legacy/candidate_revision (0.00s)
        --- PASS: TestProposalNoWorkWatermarkQuiescesIdenticalMaintenanceInputs/legacy/proposed_exclusion_revision (0.00s)
        --- PASS: TestProposalNoWorkWatermarkQuiescesIdenticalMaintenanceInputs/legacy/proposed_exclusion_expiry (0.00s)
        --- PASS: TestProposalNoWorkWatermarkQuiescesIdenticalMaintenanceInputs/legacy/parent (0.00s)
        --- PASS: TestProposalNoWorkWatermarkQuiescesIdenticalMaintenanceInputs/legacy/key_head (0.00s)
        --- PASS: TestProposalNoWorkWatermarkQuiescesIdenticalMaintenanceInputs/legacy/view (0.00s)
        --- PASS: TestProposalNoWorkWatermarkQuiescesIdenticalMaintenanceInputs/legacy/finality (0.00s)
        --- PASS: TestProposalNoWorkWatermarkQuiescesIdenticalMaintenanceInputs/legacy/key_interval (0.00s)
        --- PASS: TestProposalNoWorkWatermarkQuiescesIdenticalMaintenanceInputs/legacy/proposal_view (0.00s)
        --- PASS: TestProposalNoWorkWatermarkQuiescesIdenticalMaintenanceInputs/legacy/proposal_leader (0.00s)
    --- PASS: TestProposalNoWorkWatermarkQuiescesIdenticalMaintenanceInputs/fhs (0.00s)
        --- PASS: TestProposalNoWorkWatermarkQuiescesIdenticalMaintenanceInputs/fhs/txpool_revision (0.00s)
        --- PASS: TestProposalNoWorkWatermarkQuiescesIdenticalMaintenanceInputs/fhs/candidate_revision (0.00s)
        --- PASS: TestProposalNoWorkWatermarkQuiescesIdenticalMaintenanceInputs/fhs/proposed_exclusion_revision (0.00s)
        --- PASS: TestProposalNoWorkWatermarkQuiescesIdenticalMaintenanceInputs/fhs/proposed_exclusion_expiry (0.00s)
        --- PASS: TestProposalNoWorkWatermarkQuiescesIdenticalMaintenanceInputs/fhs/parent (0.00s)
        --- PASS: TestProposalNoWorkWatermarkQuiescesIdenticalMaintenanceInputs/fhs/key_head (0.00s)
        --- PASS: TestProposalNoWorkWatermarkQuiescesIdenticalMaintenanceInputs/fhs/view (0.00s)
        --- PASS: TestProposalNoWorkWatermarkQuiescesIdenticalMaintenanceInputs/fhs/finality (0.00s)
        --- PASS: TestProposalNoWorkWatermarkQuiescesIdenticalMaintenanceInputs/fhs/key_interval (0.00s)
        --- PASS: TestProposalNoWorkWatermarkQuiescesIdenticalMaintenanceInputs/fhs/proposal_view (0.00s)
        --- PASS: TestProposalNoWorkWatermarkQuiescesIdenticalMaintenanceInputs/fhs/proposal_leader (0.00s)
=== RUN   TestProposalBodyWaitTimeoutScalesWithBody
--- PASS: TestProposalBodyWaitTimeoutScalesWithBody (0.00s)
=== RUN   TestProposalGenerationRejectsStaleConstruction
--- PASS: TestProposalGenerationRejectsStaleConstruction (0.00s)
=== RUN   TestProposalBuildSchedulerKeepsOnlyLatestWaitingView
--- PASS: TestProposalBuildSchedulerKeepsOnlyLatestWaitingView (0.00s)
=== RUN   TestEpochTransitionGateRejectsBuildsUntilSyncCommitFinishes
--- PASS: TestEpochTransitionGateRejectsBuildsUntilSyncCommitFinishes (0.00s)
=== RUN   TestSyncEpochTransitionFailsFastBehindLivePublication
--- PASS: TestSyncEpochTransitionFailsFastBehindLivePublication (0.02s)
=== RUN   TestEpochTransitionPostCanonicalFailureStaysFailClosed
--- PASS: TestEpochTransitionPostCanonicalFailureStaysFailClosed (0.00s)
=== RUN   TestEpochTransitionSuccessfulCommitReopensGate
--- PASS: TestEpochTransitionSuccessfulCommitReopensGate (0.00s)
=== RUN   TestFHSProposalValidationApplyTransfersPublicationBarrier
--- PASS: TestFHSProposalValidationApplyTransfersPublicationBarrier (0.00s)
=== RUN   TestFHSProposalValidationApplyFailureReleasesPublicationBarrier
--- PASS: TestFHSProposalValidationApplyFailureReleasesPublicationBarrier (0.00s)
=== RUN   TestFHSHighQCFinishReleasesOnlyExactPublication
--- PASS: TestFHSHighQCFinishReleasesOnlyExactPublication (0.00s)
=== RUN   TestFHSHighQCApplyFailureReleasesPublicationBarrier
--- PASS: TestFHSHighQCApplyFailureReleasesPublicationBarrier (0.00s)
=== RUN   TestProposalCadenceConcurrentWorkerReadAndPublish
--- PASS: TestProposalCadenceConcurrentWorkerReadAndPublish (0.00s)
=== RUN   TestStoppedServiceWriteAndBroadcastFailClosed
--- PASS: TestStoppedServiceWriteAndBroadcastFailClosed (0.00s)
=== RUN   TestProposalBuildTimeoutOnlyViewAdvancePublishesNothing
--- PASS: TestProposalBuildTimeoutOnlyViewAdvancePublishesNothing (0.00s)
=== RUN   TestProposalBuildQueueSaturationFailsBeforePublication
--- PASS: TestProposalBuildQueueSaturationFailsBeforePublication (0.00s)
=== RUN   TestProposalBuildStopInvalidatesCompletionBeforePublication
--- PASS: TestProposalBuildStopInvalidatesCompletionBeforePublication (0.00s)
=== RUN   TestProposalBuildPublicationBarrierLinearizesStop
--- PASS: TestProposalBuildPublicationBarrierLinearizesStop (0.02s)
=== RUN   TestProposalManifestDispatcherDropsPriorLifecycleGeneration
--- PASS: TestProposalManifestDispatcherDropsPriorLifecycleGeneration (0.00s)
=== RUN   TestProposalFailedTxCleanupRunsExactlyOnceForAcceptedGeneration
--- PASS: TestProposalFailedTxCleanupRunsExactlyOnceForAcceptedGeneration (0.02s)
=== RUN   TestHotstuffControlLoopDoesNotCancelProposalFromUnverifiedNumber
--- PASS: TestHotstuffControlLoopDoesNotCancelProposalFromUnverifiedNumber (0.00s)
=== RUN   TestHighQCValidationSchedulerReplacesQueuedStaleCatchup
--- PASS: TestHighQCValidationSchedulerReplacesQueuedStaleCatchup (0.00s)
=== RUN   TestHighQCValidationSurvivesTargetAdvanceAndProducesResult
--- PASS: TestHighQCValidationSurvivesTargetAdvanceAndProducesResult (0.00s)
=== RUN   TestHighQCValidationIgnoresInvalidFarViewCleanup
--- PASS: TestHighQCValidationIgnoresInvalidFarViewCleanup (0.00s)
=== RUN   TestSameHighQCDifferentTargetDoesNotRestartServiceWorker
--- PASS: TestSameHighQCDifferentTargetDoesNotRestartServiceWorker (0.00s)
=== RUN   TestProposalValidationDoesNotCancelOrDrainActiveHighQC
--- PASS: TestProposalValidationDoesNotCancelOrDrainActiveHighQC (0.00s)
=== RUN   TestAppliedHighQCAllowsRetainedProposalWithoutCancellingEitherJob
--- PASS: TestAppliedHighQCAllowsRetainedProposalWithoutCancellingEitherJob (0.00s)
=== RUN   TestCompletedSameHighQCCanRescheduleStaleGeneration
--- PASS: TestCompletedSameHighQCCanRescheduleStaleGeneration (0.00s)
=== RUN   TestProposalValidationSchedulerReplacesQueuedStaleView
--- PASS: TestProposalValidationSchedulerReplacesQueuedStaleView (0.00s)
=== RUN   TestProposalValidationCancellationFollowsActiveView
--- PASS: TestProposalValidationCancellationFollowsActiveView (0.00s)
=== RUN   TestCanonicalCleanupPreservesActiveProposalAfterRejectedFarView
--- PASS: TestCanonicalCleanupPreservesActiveProposalAfterRejectedFarView (0.00s)
=== RUN   TestProposalBodyWaitHonorsValidationCancellation
--- PASS: TestProposalBodyWaitHonorsValidationCancellation (0.00s)
=== RUN   TestProposalManifestAuthorityBindsLeaderOrActivePrepare
--- PASS: TestProposalManifestAuthorityBindsLeaderOrActivePrepare (0.00s)
=== RUN   TestProposalManifestAuthorityAllowsOnlyVerifiedHighQCRepairSet
--- PASS: TestProposalManifestAuthorityAllowsOnlyVerifiedHighQCRepairSet (0.00s)
=== RUN   TestIncompletePeerManifestCannotPoisonProposalCache
--- PASS: TestIncompletePeerManifestCannotPoisonProposalCache (0.00s)
=== RUN   TestProposalSidecarStoreBindsProofAndUsesLocalReceiveTime
--- PASS: TestProposalSidecarStoreBindsProofAndUsesLocalReceiveTime (0.00s)
=== RUN   TestProposalSidecarWireRejectsAboveOsakaBlockLimit
--- PASS: TestProposalSidecarWireRejectsAboveOsakaBlockLimit (0.00s)
=== RUN   TestProposalManifestRepairReconstructsExactBody
--- PASS: TestProposalManifestRepairReconstructsExactBody (0.00s)
=== RUN   TestProposalRepairCannotExportTransactionOutsideManifest
--- PASS: TestProposalRepairCannotExportTransactionOutsideManifest (0.00s)
=== RUN   TestProposalRepairLazilyIndexesRestoredBodyWithoutClone
--- PASS: TestProposalRepairLazilyIndexesRestoredBodyWithoutClone (0.00s)
=== RUN   TestProposalRepairRestoredBodyRebuildIsSingleflight
--- PASS: TestProposalRepairRestoredBodyRebuildIsSingleflight (0.00s)
=== RUN   TestProposalRepairRestoredBodyRebuildWaitIsCancelable
--- PASS: TestProposalRepairRestoredBodyRebuildWaitIsCancelable (0.00s)
=== RUN   TestProposalRepairRestoredBodyRebuildPanicReleasesSingleflight
--- PASS: TestProposalRepairRestoredBodyRebuildPanicReleasesSingleflight (0.00s)
=== RUN   TestProposalWireNeverAcceptsFullBlockBody
--- PASS: TestProposalWireNeverAcceptsFullBlockBody (0.00s)
=== RUN   TestProposalSidecarSignatureCoversAllProofFields
--- PASS: TestProposalSidecarSignatureCoversAllProofFields (0.00s)
=== RUN   TestConfigureConsensusIdentityRejectsMismatchedKeys
--- PASS: TestConfigureConsensusIdentityRejectsMismatchedKeys (0.00s)
=== RUN   TestTxQUICReceiptIdentityInitializationAndConcurrentSigning
--- PASS: TestTxQUICReceiptIdentityInitializationAndConcurrentSigning (0.01s)
=== RUN   TestValidateViewUsesCurrentViewSnapshot
--- PASS: TestValidateViewUsesCurrentViewSnapshot (0.00s)
=== RUN   TestFHSProposalReadinessSnapshotUsesCachedConsensusState
--- PASS: TestFHSProposalReadinessSnapshotUsesCachedConsensusState (0.00s)
=== RUN   TestObserveHotstuffProgressAcceptsDifferentCanonicalView
--- PASS: TestObserveHotstuffProgressAcceptsDifferentCanonicalView (0.00s)
=== RUN   TestValidateViewNormalizesProposalMode
--- PASS: TestValidateViewNormalizesProposalMode (0.00s)
=== RUN   TestValidateViewNormalizesRecoveryRound
--- PASS: TestValidateViewNormalizesRecoveryRound (0.00s)
=== RUN   TestFHSNativeFinancialTwoDomainSockets
    dex_financial_network_test.go:231: isolated financial two-domain socket opt-in
--- SKIP: TestFHSNativeFinancialTwoDomainSockets (0.00s)
=== RUN   TestFHSNativeFinancialOrdinaryCLI
    dex_financial_network_test.go:225: separately built normal CLI required
--- SKIP: TestFHSNativeFinancialOrdinaryCLI (0.00s)
=== RUN   TestDEXNativeFinancialChild
    dex_financial_process_test.go:22: isolated financial child
--- SKIP: TestDEXNativeFinancialChild (0.00s)
=== RUN   TestFHSNativeDepositRPCFinalityEvidence
    dex_native_network_test.go:119: isolated real CLX process test opt-in
--- SKIP: TestFHSNativeDepositRPCFinalityEvidence (0.00s)
=== RUN   TestNativeDEXOffCommonProcess
    dex_native_sync_process_test.go:63: isolated ordinary Common child
--- SKIP: TestNativeDEXOffCommonProcess (0.00s)
=== RUN   TestFHSRewardHTTPToTxQUICToFinality
    fhs_reward_network_test.go:339: set CYPHER_FHS_PROCESS_RECOVERY=1 for isolated seven-process QUIC trials
--- SKIP: TestFHSRewardHTTPToTxQUICToFinality (0.00s)
PASS
ok  	github.com/cypherium/cypher/reconfig	61.133s
=== RUN   TestCommitteeOutMatchesIPv6Endpoint
--- PASS: TestCommitteeOutMatchesIPv6Endpoint (0.00s)
=== RUN   TestConsensusStateIgnoresProposalMode
--- PASS: TestConsensusStateIgnoresProposalMode (0.00s)
=== RUN   TestConsensusStateStillBindsLeader
--- PASS: TestConsensusStateStillBindsLeader (0.00s)
=== RUN   TestConsensusStateIgnoresRecoveryRound
--- PASS: TestConsensusStateIgnoresRecoveryRound (0.00s)
=== RUN   TestConsensusStatePreservesFHSViewNumber
--- PASS: TestConsensusStatePreservesFHSViewNumber (0.00s)
PASS
ok  	github.com/cypherium/cypher/reconfig/bftview	0.040s
=== RUN   TestFHSPrepareUsesHistoricalCommitteeForParentQC
--- PASS: TestFHSPrepareUsesHistoricalCommitteeForParentQC (0.01s)
=== RUN   TestStandaloneFHSQCBroadcastSurvivesLostView
--- PASS: TestStandaloneFHSQCBroadcastSurvivesLostView (0.00s)
=== RUN   TestStandaloneFHSQCBroadcastStagesCatchupOffControlLoop
--- PASS: TestStandaloneFHSQCBroadcastStagesCatchupOffControlLoop (0.01s)
=== RUN   TestFHSParentQCMissingHistoricalCommitteeFailsClosed
--- PASS: TestFHSParentQCMissingHistoricalCommitteeFailsClosed (0.00s)
=== RUN   TestViewCommitteeSnapshotIsNotRefreshed
--- PASS: TestViewCommitteeSnapshotIsNotRefreshed (0.00s)
=== RUN   TestInstanceCommitteeResolverSeparatesTwoDEXAndCLX
--- PASS: TestInstanceCommitteeResolverSeparatesTwoDEXAndCLX (0.02s)
=== RUN   TestInstanceCommitteeResolverNeverFallsBack
=== RUN   TestInstanceCommitteeResolverNeverFallsBack/error
=== RUN   TestInstanceCommitteeResolverNeverFallsBack/nil
=== RUN   TestInstanceCommitteeResolverNeverFallsBack/unknown-epoch
--- PASS: TestInstanceCommitteeResolverNeverFallsBack (0.00s)
    --- PASS: TestInstanceCommitteeResolverNeverFallsBack/error (0.00s)
    --- PASS: TestInstanceCommitteeResolverNeverFallsBack/nil (0.00s)
    --- PASS: TestInstanceCommitteeResolverNeverFallsBack/unknown-epoch (0.00s)
=== RUN   TestInstanceCommitteeResolverRejectsMalformedRegistry
=== RUN   TestInstanceCommitteeResolverRejectsMalformedRegistry/duplicate-id
=== RUN   TestInstanceCommitteeResolverRejectsMalformedRegistry/bad-key-hex
=== RUN   TestInstanceCommitteeResolverRejectsMalformedRegistry/empty-key
=== RUN   TestInstanceCommitteeResolverRejectsMalformedRegistry/bad-commitment
=== RUN   TestInstanceCommitteeResolverRejectsMalformedRegistry/nil-member
=== RUN   TestInstanceCommitteeResolverRejectsMalformedRegistry/nil-key
=== RUN   TestInstanceCommitteeResolverRejectsMalformedRegistry/empty-id
=== RUN   TestInstanceCommitteeResolverRejectsMalformedRegistry/duplicate-key
=== RUN   TestInstanceCommitteeResolverRejectsMalformedRegistry/short-keys
=== RUN   TestInstanceCommitteeResolverRejectsMalformedRegistry/invalid-size
=== RUN   TestInstanceCommitteeResolverRejectsMalformedRegistry/reordered-keys
--- PASS: TestInstanceCommitteeResolverRejectsMalformedRegistry (0.00s)
    --- PASS: TestInstanceCommitteeResolverRejectsMalformedRegistry/duplicate-id (0.00s)
    --- PASS: TestInstanceCommitteeResolverRejectsMalformedRegistry/bad-key-hex (0.00s)
    --- PASS: TestInstanceCommitteeResolverRejectsMalformedRegistry/empty-key (0.00s)
    --- PASS: TestInstanceCommitteeResolverRejectsMalformedRegistry/bad-commitment (0.00s)
    --- PASS: TestInstanceCommitteeResolverRejectsMalformedRegistry/nil-member (0.00s)
    --- PASS: TestInstanceCommitteeResolverRejectsMalformedRegistry/nil-key (0.00s)
    --- PASS: TestInstanceCommitteeResolverRejectsMalformedRegistry/empty-id (0.00s)
    --- PASS: TestInstanceCommitteeResolverRejectsMalformedRegistry/duplicate-key (0.00s)
    --- PASS: TestInstanceCommitteeResolverRejectsMalformedRegistry/short-keys (0.00s)
    --- PASS: TestInstanceCommitteeResolverRejectsMalformedRegistry/invalid-size (0.00s)
    --- PASS: TestInstanceCommitteeResolverRejectsMalformedRegistry/reordered-keys (0.00s)
=== RUN   TestInstanceCommitteeResolverBindsQCAndTimeoutDomains
=== RUN   TestInstanceCommitteeResolverBindsQCAndTimeoutDomains/chain
=== RUN   TestInstanceCommitteeResolverBindsQCAndTimeoutDomains/epoch
=== RUN   TestInstanceCommitteeResolverBindsQCAndTimeoutDomains/view
=== RUN   TestInstanceCommitteeResolverBindsQCAndTimeoutDomains/payload
=== RUN   TestInstanceCommitteeResolverBindsQCAndTimeoutDomains/signature
--- PASS: TestInstanceCommitteeResolverBindsQCAndTimeoutDomains (0.03s)
    --- PASS: TestInstanceCommitteeResolverBindsQCAndTimeoutDomains/chain (0.00s)
    --- PASS: TestInstanceCommitteeResolverBindsQCAndTimeoutDomains/epoch (0.00s)
    --- PASS: TestInstanceCommitteeResolverBindsQCAndTimeoutDomains/view (0.00s)
    --- PASS: TestInstanceCommitteeResolverBindsQCAndTimeoutDomains/payload (0.00s)
    --- PASS: TestInstanceCommitteeResolverBindsQCAndTimeoutDomains/signature (0.01s)
=== RUN   TestFHSSevenNodesProgressWhenTwoByzantineWithhold
--- PASS: TestFHSSevenNodesProgressWhenTwoByzantineWithhold (0.00s)
=== RUN   TestFHSSevenNodesTwoByzantineCannotCertifyBothEquivocations
--- PASS: TestFHSSevenNodesTwoByzantineCannotCertifyBothEquivocations (0.00s)
=== RUN   TestFHSSevenNodesRestartDoesNotEnableConflictingQC
--- PASS: TestFHSSevenNodesRestartDoesNotEnableConflictingQC (0.01s)
=== RUN   TestFHSEarlyQCBeforePrepareUsesAuthenticatedCatchup
=== RUN   TestFHSEarlyQCBeforePrepareUsesAuthenticatedCatchup/#00
=== RUN   TestFHSEarlyQCBeforePrepareUsesAuthenticatedCatchup/aggregate
=== RUN   TestFHSEarlyQCBeforePrepareUsesAuthenticatedCatchup/envelope
=== RUN   TestFHSEarlyQCBeforePrepareUsesAuthenticatedCatchup/proposal
=== RUN   TestFHSEarlyQCBeforePrepareUsesAuthenticatedCatchup/conflicting_cached_proposal
--- PASS: TestFHSEarlyQCBeforePrepareUsesAuthenticatedCatchup (0.02s)
    --- PASS: TestFHSEarlyQCBeforePrepareUsesAuthenticatedCatchup/#00 (0.01s)
    --- PASS: TestFHSEarlyQCBeforePrepareUsesAuthenticatedCatchup/aggregate (0.00s)
    --- PASS: TestFHSEarlyQCBeforePrepareUsesAuthenticatedCatchup/envelope (0.01s)
    --- PASS: TestFHSEarlyQCBeforePrepareUsesAuthenticatedCatchup/proposal (0.01s)
    --- PASS: TestFHSEarlyQCBeforePrepareUsesAuthenticatedCatchup/conflicting_cached_proposal (0.00s)
=== RUN   TestFHSAsyncLeaderBuildSealsBeforeApplyAndBroadcast
--- PASS: TestFHSAsyncLeaderBuildSealsBeforeApplyAndBroadcast (0.00s)
=== RUN   TestFHSAsyncLeaderBuildStaleResultHasNoSideEffects
--- PASS: TestFHSAsyncLeaderBuildStaleResultHasNoSideEffects (0.00s)
=== RUN   TestFHSLifecycleResetClearsAbandonedAsyncContinuations
--- PASS: TestFHSLifecycleResetClearsAbandonedAsyncContinuations (0.00s)
=== RUN   TestFHSAsyncLeaderBuildSealOrApplyFailureStaysRetryable
=== RUN   TestFHSAsyncLeaderBuildSealOrApplyFailureStaysRetryable/seal_failure
=== RUN   TestFHSAsyncLeaderBuildSealOrApplyFailureStaysRetryable/apply_failure
--- PASS: TestFHSAsyncLeaderBuildSealOrApplyFailureStaysRetryable (0.00s)
    --- PASS: TestFHSAsyncLeaderBuildSealOrApplyFailureStaysRetryable/seal_failure (0.00s)
    --- PASS: TestFHSAsyncLeaderBuildSealOrApplyFailureStaysRetryable/apply_failure (0.00s)
=== RUN   TestFHSAsyncPrepareSchedulesWithoutPublishingVote
--- PASS: TestFHSAsyncPrepareSchedulesWithoutPublishingVote (0.00s)
=== RUN   TestFHSAsyncPrepareStaleResultsHaveNoSideEffects
=== RUN   TestFHSAsyncPrepareStaleResultsHaveNoSideEffects/request_token_mismatch
=== RUN   TestFHSAsyncPrepareStaleResultsHaveNoSideEffects/application_state_advanced
--- PASS: TestFHSAsyncPrepareStaleResultsHaveNoSideEffects (0.01s)
    --- PASS: TestFHSAsyncPrepareStaleResultsHaveNoSideEffects/request_token_mismatch (0.00s)
    --- PASS: TestFHSAsyncPrepareStaleResultsHaveNoSideEffects/application_state_advanced (0.00s)
=== RUN   TestFHSAsyncPrepareCompletesApplyWALWriteInOrder
--- PASS: TestFHSAsyncPrepareCompletesApplyWALWriteInOrder (0.00s)
=== RUN   TestFHSAsyncPrepareWALFailureCannotPublishVote
--- PASS: TestFHSAsyncPrepareWALFailureCannotPublishVote (0.00s)
=== RUN   TestFHSHighQCCatchupLatestRequestWinsAndStaleResultCannotApply
--- PASS: TestFHSHighQCCatchupLatestRequestWinsAndStaleResultCannotApply (0.00s)
=== RUN   TestFHSHighQCApplyOldStateImmediatelyReschedulesRetainedNewView
--- PASS: TestFHSHighQCApplyOldStateImmediatelyReschedulesRetainedNewView (0.01s)
=== RUN   TestFHSHighQCWorkerOldStateImmediatelyReschedulesRetainedNewView
--- PASS: TestFHSHighQCWorkerOldStateImmediatelyReschedulesRetainedNewView (0.01s)
=== RUN   TestFHSHighQCContinuationDeduplicatesSemanticSigner
--- PASS: TestFHSHighQCContinuationDeduplicatesSemanticSigner (0.00s)
=== RUN   TestFHSHighQCContinuationReplacesOnlyStrictlyNewerSignerView
--- PASS: TestFHSHighQCContinuationReplacesOnlyStrictlyNewerSignerView (0.00s)
=== RUN   TestFHSHighQCSameQCNewerCurrentViewCoalescesWorker
--- PASS: TestFHSHighQCSameQCNewerCurrentViewCoalescesWorker (0.01s)
=== RUN   TestFHSNewViewCrossViewCannotChurnHighQCWorker
--- PASS: TestFHSNewViewCrossViewCannotChurnHighQCWorker (0.03s)
=== RUN   TestFHSNewViewImmediateParentQCMayScheduleFutureCatchup
--- PASS: TestFHSNewViewImmediateParentQCMayScheduleFutureCatchup (0.00s)
=== RUN   TestFHSPrepareGatesFutureTargetBeforeHighQCSchedule
--- PASS: TestFHSPrepareGatesFutureTargetBeforeHighQCSchedule (0.01s)
=== RUN   TestFHSPrepareWithoutHighestRetainedBehindActiveHighQC
--- PASS: TestFHSPrepareWithoutHighestRetainedBehindActiveHighQC (0.01s)
=== RUN   TestFHSHighQCContinuationAggregateBytesBounded
--- PASS: TestFHSHighQCContinuationAggregateBytesBounded (0.02s)
=== RUN   TestFHSHighQCSupersedeTransfersBoundedNewViewContinuations
--- PASS: TestFHSHighQCSupersedeTransfersBoundedNewViewContinuations (0.02s)
=== RUN   TestFHSHighQCSupersedeScheduleOldStateRestoresLiveRequest
--- PASS: TestFHSHighQCSupersedeScheduleOldStateRestoresLiveRequest (0.01s)
=== RUN   TestFHSHighQCSupersedePreservesExistingRequestAtContinuationLimit
--- PASS: TestFHSHighQCSupersedePreservesExistingRequestAtContinuationLimit (0.01s)
=== RUN   TestFHSHighQCStaleApplyDoesNotReplayAcrossEpochReset
--- PASS: TestFHSHighQCStaleApplyDoesNotReplayAcrossEpochReset (0.01s)
=== RUN   TestFHSHighQCHardErrorsDiscardContinuationsWithoutRetry
=== RUN   TestFHSHighQCHardErrorsDiscardContinuationsWithoutRetry/worker
=== RUN   TestFHSHighQCHardErrorsDiscardContinuationsWithoutRetry/apply
--- PASS: TestFHSHighQCHardErrorsDiscardContinuationsWithoutRetry (0.01s)
    --- PASS: TestFHSHighQCHardErrorsDiscardContinuationsWithoutRetry/worker (0.01s)
    --- PASS: TestFHSHighQCHardErrorsDiscardContinuationsWithoutRetry/apply (0.01s)
=== RUN   TestFHSHighQCApplyEpochResetCompletesExactCertificate
--- PASS: TestFHSHighQCApplyEpochResetCompletesExactCertificate (0.00s)
=== RUN   TestFHSHighQCApplyEpochResetCertificationFailureFinishesPublication
--- PASS: TestFHSHighQCApplyEpochResetCertificationFailureFinishesPublication (0.00s)
=== RUN   TestFarFutureTimeoutQCJumpsAfterFullVerification
--- PASS: TestFarFutureTimeoutQCJumpsAfterFullVerification (0.01s)
=== RUN   TestFarSingleTimeoutVoteRemainsBoundToExactCurrentView
--- PASS: TestFarSingleTimeoutVoteRemainsBoundToExactCurrentView (0.00s)
=== RUN   TestStaleTimeoutQCIsQuietNoOp
--- PASS: TestStaleTimeoutQCIsQuietNoOp (0.00s)
=== RUN   TestInvalidFarFutureProofsHaveNoSideEffects
=== RUN   TestInvalidFarFutureProofsHaveNoSideEffects/timeout_certificate
=== RUN   TestInvalidFarFutureProofsHaveNoSideEffects/new-view_timeout_proof
=== RUN   TestInvalidFarFutureProofsHaveNoSideEffects/new-view_high_QC
--- PASS: TestInvalidFarFutureProofsHaveNoSideEffects (0.01s)
    --- PASS: TestInvalidFarFutureProofsHaveNoSideEffects/timeout_certificate (0.00s)
    --- PASS: TestInvalidFarFutureProofsHaveNoSideEffects/new-view_timeout_proof (0.00s)
    --- PASS: TestInvalidFarFutureProofsHaveNoSideEffects/new-view_high_QC (0.01s)
=== RUN   TestFarNewViewAppliesVerifiedTCBeforeHighQCCatchup
--- PASS: TestFarNewViewAppliesVerifiedTCBeforeHighQCCatchup (0.01s)
=== RUN   TestFarNewViewWithoutTCStaysOutsideBoundedQueue
--- PASS: TestFarNewViewWithoutTCStaysOutsideBoundedQueue (0.00s)
=== RUN   TestFHSHighQCDataTimeoutRetainsAuthenticatedContinuation
--- PASS: TestFHSHighQCDataTimeoutRetainsAuthenticatedContinuation (0.02s)
=== RUN   TestFHSHighQCDataRetrySchedulerBackpressureIsBounded
=== RUN   TestFHSHighQCDataRetrySchedulerBackpressureIsBounded/hotstuff_view_state_too_old
=== RUN   TestFHSHighQCDataRetrySchedulerBackpressureIsBounded/hotstuff_proposal_validation_pending
=== RUN   TestFHSHighQCDataRetrySchedulerBackpressureIsBounded/hotstuff_proposal_data_unavailable
--- PASS: TestFHSHighQCDataRetrySchedulerBackpressureIsBounded (0.02s)
    --- PASS: TestFHSHighQCDataRetrySchedulerBackpressureIsBounded/hotstuff_view_state_too_old (0.00s)
    --- PASS: TestFHSHighQCDataRetrySchedulerBackpressureIsBounded/hotstuff_proposal_validation_pending (0.01s)
    --- PASS: TestFHSHighQCDataRetrySchedulerBackpressureIsBounded/hotstuff_proposal_data_unavailable (0.00s)
=== RUN   TestFHSHighQCDataRetryDuringDeferredStartup
--- PASS: TestFHSHighQCDataRetryDuringDeferredStartup (0.00s)
=== RUN   TestFHSHighQCDataRetryDoesNotCrossEpochOrSupersession
=== RUN   TestFHSHighQCDataRetryDoesNotCrossEpochOrSupersession/epoch
=== RUN   TestFHSHighQCDataRetryDoesNotCrossEpochOrSupersession/higher_QC
--- PASS: TestFHSHighQCDataRetryDoesNotCrossEpochOrSupersession (0.01s)
    --- PASS: TestFHSHighQCDataRetryDoesNotCrossEpochOrSupersession/epoch (0.00s)
    --- PASS: TestFHSHighQCDataRetryDoesNotCrossEpochOrSupersession/higher_QC (0.01s)
=== RUN   TestFHSHighQCDataRetryPermanentFailureStopsTimerRetries
=== RUN   TestFHSHighQCDataRetryPermanentFailureStopsTimerRetries/worker
=== RUN   TestFHSHighQCDataRetryPermanentFailureStopsTimerRetries/scheduler
=== RUN   TestFHSHighQCDataRetryPermanentFailureStopsTimerRetries/apply
--- PASS: TestFHSHighQCDataRetryPermanentFailureStopsTimerRetries (0.01s)
    --- PASS: TestFHSHighQCDataRetryPermanentFailureStopsTimerRetries/worker (0.00s)
    --- PASS: TestFHSHighQCDataRetryPermanentFailureStopsTimerRetries/scheduler (0.00s)
    --- PASS: TestFHSHighQCDataRetryPermanentFailureStopsTimerRetries/apply (0.01s)
=== RUN   TestFHSCertificationStagesObservedMaximumWithoutContent
--- PASS: TestFHSCertificationStagesObservedMaximumWithoutContent (0.00s)
=== RUN   TestFHSDelayedLowerCertificateCompletesWithoutDowngradeOrRestaging
--- PASS: TestFHSDelayedLowerCertificateCompletesWithoutDowngradeOrRestaging (0.00s)
=== RUN   TestFHSPrepareAcceptsQuorumParentBelowObservedQC
--- PASS: TestFHSPrepareAcceptsQuorumParentBelowObservedQC (0.01s)
=== RUN   TestFHSPrepareInvalidAggregateCannotSelectParent
--- PASS: TestFHSPrepareInvalidAggregateCannotSelectParent (0.00s)
=== RUN   TestFHSQuorumParentBelowObservedQCStagesOnceAndVotes
--- PASS: TestFHSQuorumParentBelowObservedQCStagesOnceAndVotes (0.03s)
=== RUN   TestFHSLeaderUsesQuorumParentBelowObservedQC
--- PASS: TestFHSLeaderUsesQuorumParentBelowObservedQC (0.00s)
=== RUN   TestFHSTimeoutVoteRecoveryHealsPreCertificateSplitDespiteDuplicates
--- PASS: TestFHSTimeoutVoteRecoveryHealsPreCertificateSplitDespiteDuplicates (5.11s)
=== RUN   TestFHSTimeoutVoteRecoveryRestartReplaysDurableStatement
--- PASS: TestFHSTimeoutVoteRecoveryRestartReplaysDurableStatement (0.00s)
=== RUN   TestFHSTimeoutVoteRecoveryBroadcastFailureRemainsBoundedAndRetryable
--- PASS: TestFHSTimeoutVoteRecoveryBroadcastFailureRemainsBoundedAndRetryable (0.00s)
=== RUN   TestFHSTimeoutVoteRecoveryStorageFailuresDoNotSend
=== RUN   TestFHSTimeoutVoteRecoveryStorageFailuresDoNotSend/read
=== RUN   TestFHSTimeoutVoteRecoveryStorageFailuresDoNotSend/persist
--- PASS: TestFHSTimeoutVoteRecoveryStorageFailuresDoNotSend (0.00s)
    --- PASS: TestFHSTimeoutVoteRecoveryStorageFailuresDoNotSend/read (0.00s)
    --- PASS: TestFHSTimeoutVoteRecoveryStorageFailuresDoNotSend/persist (0.00s)
=== RUN   TestFHSTimeoutVoteRecoveryRejectsObsoleteOrForeignStatement
=== RUN   TestFHSTimeoutVoteRecoveryRejectsObsoleteOrForeignStatement/absent
=== RUN   TestFHSTimeoutVoteRecoveryRejectsObsoleteOrForeignStatement/stale_view
=== RUN   TestFHSTimeoutVoteRecoveryRejectsObsoleteOrForeignStatement/superseded_by_QC
=== RUN   TestFHSTimeoutVoteRecoveryRejectsObsoleteOrForeignStatement/superseded_by_TC
=== RUN   TestFHSTimeoutVoteRecoveryRejectsObsoleteOrForeignStatement/future_view
=== RUN   TestFHSTimeoutVoteRecoveryRejectsObsoleteOrForeignStatement/foreign_chain
=== RUN   TestFHSTimeoutVoteRecoveryRejectsObsoleteOrForeignStatement/foreign_epoch
=== RUN   TestFHSTimeoutVoteRecoveryRejectsObsoleteOrForeignStatement/foreign_committee
=== RUN   TestFHSTimeoutVoteRecoveryRejectsObsoleteOrForeignStatement/invalid_version
=== RUN   TestFHSTimeoutVoteRecoveryRejectsObsoleteOrForeignStatement/wrong_member_key
--- PASS: TestFHSTimeoutVoteRecoveryRejectsObsoleteOrForeignStatement (0.01s)
    --- PASS: TestFHSTimeoutVoteRecoveryRejectsObsoleteOrForeignStatement/absent (0.00s)
    --- PASS: TestFHSTimeoutVoteRecoveryRejectsObsoleteOrForeignStatement/stale_view (0.00s)
    --- PASS: TestFHSTimeoutVoteRecoveryRejectsObsoleteOrForeignStatement/superseded_by_QC (0.00s)
    --- PASS: TestFHSTimeoutVoteRecoveryRejectsObsoleteOrForeignStatement/superseded_by_TC (0.00s)
    --- PASS: TestFHSTimeoutVoteRecoveryRejectsObsoleteOrForeignStatement/future_view (0.00s)
    --- PASS: TestFHSTimeoutVoteRecoveryRejectsObsoleteOrForeignStatement/foreign_chain (0.00s)
    --- PASS: TestFHSTimeoutVoteRecoveryRejectsObsoleteOrForeignStatement/foreign_epoch (0.00s)
    --- PASS: TestFHSTimeoutVoteRecoveryRejectsObsoleteOrForeignStatement/foreign_committee (0.00s)
    --- PASS: TestFHSTimeoutVoteRecoveryRejectsObsoleteOrForeignStatement/invalid_version (0.00s)
    --- PASS: TestFHSTimeoutVoteRecoveryRejectsObsoleteOrForeignStatement/wrong_member_key (0.00s)
=== RUN   TestFHSTimeoutRecoveryHealsPartialCertificateAfterQueuesExpire
--- PASS: TestFHSTimeoutRecoveryHealsPartialCertificateAfterQueuesExpire (0.17s)
=== RUN   TestFHSTimeoutRecoveryRestartUsesDurableCertificate
--- PASS: TestFHSTimeoutRecoveryRestartUsesDurableCertificate (0.03s)
=== RUN   TestFHSTimeoutRecoveryBroadcastFailureIsBoundedAndRetryable
--- PASS: TestFHSTimeoutRecoveryBroadcastFailureIsBoundedAndRetryable (0.04s)
=== RUN   TestFHSTimeoutRecoveryRejectsObsoleteOrInvalidDurableProof
=== RUN   TestFHSTimeoutRecoveryRejectsObsoleteOrInvalidDurableProof/stale_view
=== RUN   TestFHSTimeoutRecoveryRejectsObsoleteOrInvalidDurableProof/superseded_by_QC
=== RUN   TestFHSTimeoutRecoveryRejectsObsoleteOrInvalidDurableProof/future_view
=== RUN   TestFHSTimeoutRecoveryRejectsObsoleteOrInvalidDurableProof/invalid_signature
=== RUN   TestFHSTimeoutRecoveryRejectsObsoleteOrInvalidDurableProof/foreign_chain
=== RUN   TestFHSTimeoutRecoveryRejectsObsoleteOrInvalidDurableProof/foreign_epoch
=== RUN   TestFHSTimeoutRecoveryRejectsObsoleteOrInvalidDurableProof/foreign_committee
--- PASS: TestFHSTimeoutRecoveryRejectsObsoleteOrInvalidDurableProof (0.21s)
    --- PASS: TestFHSTimeoutRecoveryRejectsObsoleteOrInvalidDurableProof/stale_view (0.03s)
    --- PASS: TestFHSTimeoutRecoveryRejectsObsoleteOrInvalidDurableProof/superseded_by_QC (0.03s)
    --- PASS: TestFHSTimeoutRecoveryRejectsObsoleteOrInvalidDurableProof/future_view (0.03s)
    --- PASS: TestFHSTimeoutRecoveryRejectsObsoleteOrInvalidDurableProof/invalid_signature (0.04s)
    --- PASS: TestFHSTimeoutRecoveryRejectsObsoleteOrInvalidDurableProof/foreign_chain (0.03s)
    --- PASS: TestFHSTimeoutRecoveryRejectsObsoleteOrInvalidDurableProof/foreign_epoch (0.03s)
    --- PASS: TestFHSTimeoutRecoveryRejectsObsoleteOrInvalidDurableProof/foreign_committee (0.03s)
=== RUN   TestAttachFHSContextCertificatePreservesTimeoutOnReusedView
--- PASS: TestAttachFHSContextCertificatePreservesTimeoutOnReusedView (0.00s)
=== RUN   TestFHSQCUsesPublicKeyAugmentedAggregate
--- PASS: TestFHSQCUsesPublicKeyAugmentedAggregate (0.02s)
=== RUN   TestVerifyAggregateQCDistinctReports
--- PASS: TestVerifyAggregateQCDistinctReports (0.01s)
=== RUN   TestNewViewReportRoundTripAllowsNilGenesisQC
--- PASS: TestNewViewReportRoundTripAllowsNilGenesisQC (0.00s)
=== RUN   TestVerifyAggregateQCRejectsMaskReportMismatch
--- PASS: TestVerifyAggregateQCRejectsMaskReportMismatch (0.00s)
=== RUN   TestAggregateQCSelectsLatestValidQCForLaggingReplica
--- PASS: TestAggregateQCSelectsLatestValidQCForLaggingReplica (0.01s)
=== RUN   TestSignedStateSemanticEqualityIgnoresSignerSubset
--- PASS: TestSignedStateSemanticEqualityIgnoresSignerSubset (0.00s)
=== RUN   TestValidateCanonicalSignerMask
--- PASS: TestValidateCanonicalSignerMask (0.00s)
=== RUN   TestValidateBFTCommitteeSizeThreeFPlusOne
--- PASS: TestValidateBFTCommitteeSizeThreeFPlusOne (0.00s)
=== RUN   TestFHSNewViewReportSizeIsBoundedBeforeQuorum
--- PASS: TestFHSNewViewReportSizeIsBoundedBeforeQuorum (0.00s)
=== RUN   TestTimeoutCertificateNeedsFiveOfSeven
--- PASS: TestTimeoutCertificateNeedsFiveOfSeven (0.00s)
=== RUN   TestTimeoutCertificateRejectsMixedViewVotes
--- PASS: TestTimeoutCertificateRejectsMixedViewVotes (0.00s)
=== RUN   TestTimeoutStateIsBoundedAndExpires
--- PASS: TestTimeoutStateIsBoundedAndExpires (0.00s)
=== RUN   TestMessageAuthenticationCoversEnvelope
--- PASS: TestMessageAuthenticationCoversEnvelope (0.01s)
=== RUN   TestMessageAuthenticationRejectsWrongCommitteeKey
--- PASS: TestMessageAuthenticationRejectsWrongCommitteeKey (0.00s)
=== RUN   TestValidateHotstuffWireMessageRejectsOversizedControlPayload
--- PASS: TestValidateHotstuffWireMessageRejectsOversizedControlPayload (0.00s)
=== RUN   TestValidateHotstuffWireMessageRejectsInactiveCode
--- PASS: TestValidateHotstuffWireMessageRejectsInactiveCode (0.00s)
=== RUN   TestCanTryProposeRequiresReadyLeaderView
--- PASS: TestCanTryProposeRequiresReadyLeaderView (0.00s)
=== RUN   TestRecoveryResendsReplicaMessages
--- PASS: TestRecoveryResendsReplicaMessages (0.00s)
=== RUN   TestDiscardStaleReplicaNewViewsKeepsOnlyRetryableCanonicalView
--- PASS: TestDiscardStaleReplicaNewViewsKeepsOnlyRetryableCanonicalView (0.00s)
=== RUN   TestRecoveryRebroadcastsFinalizedMessages
--- PASS: TestRecoveryRebroadcastsFinalizedMessages (0.00s)
=== RUN   TestFHSNonDurableFinalizedRecoveryRetainsOnlySelfContainedQC
--- PASS: TestFHSNonDurableFinalizedRecoveryRetainsOnlySelfContainedQC (0.00s)
=== RUN   TestRecoveryRebroadcastsPrepareWhileCollectingVotes
--- PASS: TestRecoveryRebroadcastsPrepareWhileCollectingVotes (0.00s)
=== RUN   TestRecoveryRetriesProposal
--- PASS: TestRecoveryRetriesProposal (0.00s)
=== RUN   TestRecoveryQuiescesNoWorkUntilInputChanges
--- PASS: TestRecoveryQuiescesNoWorkUntilInputChanges (0.00s)
=== RUN   TestFutureNewViewRequiresCommitteeValidationBeforeQueue
--- PASS: TestFutureNewViewRequiresCommitteeValidationBeforeQueue (0.00s)
=== RUN   TestQCBroadcastRejectsNumberViewMismatchBeforeVerification
--- PASS: TestQCBroadcastRejectsNumberViewMismatchBeforeVerification (0.00s)
=== RUN   TestDecideCommitFailureRemainsRetryable
--- PASS: TestDecideCommitFailureRemainsRetryable (0.00s)
=== RUN   TestUnauthenticatedLateVoteCannotUseFinalizedRecoveryCache
--- PASS: TestUnauthenticatedLateVoteCannotUseFinalizedRecoveryCache (0.00s)
=== RUN   TestOnNewViewFailureRemainsRetryable
--- PASS: TestOnNewViewFailureRemainsRetryable (0.00s)
=== RUN   TestFHSPrepareQCCertifiesWithoutDecideCommit
--- PASS: TestFHSPrepareQCCertifiesWithoutDecideCommit (0.00s)
=== RUN   TestFHSLeaderBroadcastsPrepareQCWithoutDecide
--- PASS: TestFHSLeaderBroadcastsPrepareQCWithoutDecide (0.00s)
=== RUN   TestFHSLeaderBroadcastDeliveryErrorsReachLifecycle
=== RUN   TestFHSLeaderBroadcastDeliveryErrorsReachLifecycle/partial_committee_failure
=== RUN   TestFHSLeaderBroadcastDeliveryErrorsReachLifecycle/all_committee_sends_fail
--- PASS: TestFHSLeaderBroadcastDeliveryErrorsReachLifecycle (0.00s)
    --- PASS: TestFHSLeaderBroadcastDeliveryErrorsReachLifecycle/partial_committee_failure (0.00s)
    --- PASS: TestFHSLeaderBroadcastDeliveryErrorsReachLifecycle/all_committee_sends_fail (0.00s)
=== RUN   TestFHSLeaderRetryBracketsEveryPhysicalQCBroadcast
--- PASS: TestFHSLeaderRetryBracketsEveryPhysicalQCBroadcast (0.00s)
=== RUN   TestFHSEpochResetClearsOnlyVolatileProtocolState
--- PASS: TestFHSEpochResetClearsOnlyVolatileProtocolState (0.00s)
PASS
ok  	github.com/cypherium/cypher/reconfig/hotstuff	6.161s
=== RUN   TestValidateExcessBlobGas
--- PASS: TestValidateExcessBlobGas (0.00s)
=== RUN   TestValidateExcessBlobGasUsesChildBPOSchedule
--- PASS: TestValidateExcessBlobGasUsesChildBPOSchedule (0.00s)
=== RUN   TestCalcBlobGasUsed
--- PASS: TestCalcBlobGasUsed (0.00s)
=== RUN   TestValidateBlockBlobGas
--- PASS: TestValidateBlockBlobGas (0.00s)
=== RUN   TestValidateBlockBlobGasBeforeCancun
--- PASS: TestValidateBlockBlobGasBeforeCancun (0.00s)
=== RUN   TestValidateBlockBlobGasOverflow
--- PASS: TestValidateBlockBlobGasOverflow (0.00s)
=== RUN   TestValidateBlockBlobSidecarsUsesRealKZGVerifier
--- PASS: TestValidateBlockBlobSidecarsUsesRealKZGVerifier (3.46s)
=== RUN   TestValidateBlockBlobExecutionUsesRealKZGVerifier
--- PASS: TestValidateBlockBlobExecutionUsesRealKZGVerifier (0.06s)
=== RUN   TestValidateBlockBlobSidecarsRejectsInvalidRealKZGProof
--- PASS: TestValidateBlockBlobSidecarsRejectsInvalidRealKZGProof (0.05s)
=== RUN   TestValidateBlockBlobExecutionRejectsInvalidRealKZGProof
--- PASS: TestValidateBlockBlobExecutionRejectsInvalidRealKZGProof (0.05s)
=== RUN   TestValidateBlockBlobExecutionSelectsOsakaCellProofs
--- PASS: TestValidateBlockBlobExecutionSelectsOsakaCellProofs (0.48s)
=== RUN   TestTxPoolRequiresOsakaCellProofSidecar
--- PASS: TestTxPoolRequiresOsakaCellProofSidecar (0.51s)
=== RUN   TestValidateBlockBlobSidecarsIgnoresNonBlobBlocks
--- PASS: TestValidateBlockBlobSidecarsIgnoresNonBlobBlocks (0.00s)
=== RUN   TestValidateBlockBlobSidecarsRejectsPreCancunBlobTx
--- PASS: TestValidateBlockBlobSidecarsRejectsPreCancunBlobTx (0.00s)
=== RUN   TestValidateBlockBlobSidecarsRequiresVerifier
--- PASS: TestValidateBlockBlobSidecarsRequiresVerifier (0.00s)
=== RUN   TestValidateBlockBlobSidecarsRejectsMissingSidecar
--- PASS: TestValidateBlockBlobSidecarsRejectsMissingSidecar (0.00s)
=== RUN   TestValidateBlockBlobSidecarsVerifiesSidecars
--- PASS: TestValidateBlockBlobSidecarsVerifiesSidecars (0.00s)
=== RUN   TestValidateBlockBlobSidecarsPropagatesVerifierError
--- PASS: TestValidateBlockBlobSidecarsPropagatesVerifierError (0.00s)
=== RUN   TestValidateBlockBlobExecutionRejectsBlobTxWithoutDA
--- PASS: TestValidateBlockBlobExecutionRejectsBlobTxWithoutDA (0.00s)
=== RUN   TestValidateBlockBlobBodyRejectsBlobGasMismatch
--- PASS: TestValidateBlockBlobBodyRejectsBlobGasMismatch (0.00s)
=== RUN   TestValidateBlockBlobBodyRejectsInvalidBlobHashVersion
--- PASS: TestValidateBlockBlobBodyRejectsInvalidBlobHashVersion (0.00s)
=== RUN   TestValidateBlockBlobBodyRejectsBlobFeeCapBelowBlobBaseFee
--- PASS: TestValidateBlockBlobBodyRejectsBlobFeeCapBelowBlobBaseFee (0.00s)
=== RUN   TestValidateBlockBlobBodyRejectsOsakaPerTransactionBlobLimit
--- PASS: TestValidateBlockBlobBodyRejectsOsakaPerTransactionBlobLimit (0.00s)
=== RUN   TestReconstructFHSQCFusedExactAndIndependent
--- PASS: TestReconstructFHSQCFusedExactAndIndependent (0.02s)
=== RUN   TestCommonRPCAdmissionStripeUsesTwelveHashBits
--- PASS: TestCommonRPCAdmissionStripeUsesTwelveHashBits (0.00s)
=== RUN   TestCommonRPCAdmissionSigns512OnceAndGroupCommits
--- PASS: TestCommonRPCAdmissionSigns512OnceAndGroupCommits (0.90s)
=== RUN   TestSignCommonRPCAdmissionsDoesNotPublishBeforeWALBoundary
--- PASS: TestSignCommonRPCAdmissionsDoesNotPublishBeforeWALBoundary (0.00s)
=== RUN   TestCommonRPCAdmissionRejectsWrongIdentityBeforeStore
--- PASS: TestCommonRPCAdmissionRejectsWrongIdentityBeforeStore (0.00s)
=== RUN   TestCommonRPCAdmissionWinnerAndAdmissionIDTieBreak
--- PASS: TestCommonRPCAdmissionWinnerAndAdmissionIDTieBreak (0.00s)
=== RUN   TestCommonRPCAdmissionRestoreSharesBatchPointer
--- PASS: TestCommonRPCAdmissionRestoreSharesBatchPointer (0.00s)
=== RUN   TestBuildCommonTxAdmissionsSortsUniqueBatchesAndRefs
--- PASS: TestBuildCommonTxAdmissionsSortsUniqueBatchesAndRefs (0.00s)
=== RUN   TestCommonRPCAdmissionMillionMemoryHitsDoNotReadDBOrFinality
--- PASS: TestCommonRPCAdmissionMillionMemoryHitsDoNotReadDBOrFinality (0.28s)
=== RUN   TestBuildCommonTxAdmissionsReusesFilteredResultsWithoutLookup
--- PASS: TestBuildCommonTxAdmissionsReusesFilteredResultsWithoutLookup (0.00s)
=== RUN   TestCommonRPCAdmissionConcurrentFinalizationTombstonesMemoryReaders
--- PASS: TestCommonRPCAdmissionConcurrentFinalizationTombstonesMemoryReaders (0.00s)
=== RUN   TestCommonRPCAdmissionRemainsValidAcrossKeyBlocksAndRestart
--- PASS: TestCommonRPCAdmissionRemainsValidAcrossKeyBlocksAndRestart (0.00s)
=== RUN   TestCommonRPCAdmissionRejectsFutureBoundary
--- PASS: TestCommonRPCAdmissionRejectsFutureBoundary (0.00s)
=== RUN   TestCommonRPCAdmissionConcurrentCrossKeySelection
--- PASS: TestCommonRPCAdmissionConcurrentCrossKeySelection (0.00s)
=== RUN   TestCommonRPCAdmissionPartialFinalizationKeepsBodyAndOtherIndexes
--- PASS: TestCommonRPCAdmissionPartialFinalizationKeepsBodyAndOtherIndexes (0.00s)
=== RUN   TestCommonRPCAdmissionConcurrentPartialFinalizationPreservesReferences
--- PASS: TestCommonRPCAdmissionConcurrentPartialFinalizationPreservesReferences (0.00s)
=== RUN   TestCommonRPCAdmissionWriteFailureDoesNotPublish
--- PASS: TestCommonRPCAdmissionWriteFailureDoesNotPublish (0.00s)
=== RUN   TestCommonRPCAdmissionPendingSurvivesAgeAndRestart
--- PASS: TestCommonRPCAdmissionPendingSurvivesAgeAndRestart (0.00s)
=== RUN   TestCommonRPCAdmissionBodyCollectedOnlyAfterLastReference
--- PASS: TestCommonRPCAdmissionBodyCollectedOnlyAfterLastReference (0.00s)
=== RUN   TestCommonRPCAdmissionCapacityRejectsNewPendingWithoutEviction
--- PASS: TestCommonRPCAdmissionCapacityRejectsNewPendingWithoutEviction (0.00s)
=== RUN   TestCommonRPCAdmissionPersistentEncodingRoundTrip
--- PASS: TestCommonRPCAdmissionPersistentEncodingRoundTrip (0.00s)
=== RUN   TestRejectedCommonRPCAdmissionCleanupKeepsAcceptedBatchReferences
--- PASS: TestRejectedCommonRPCAdmissionCleanupKeepsAcceptedBatchReferences (0.00s)
=== RUN   TestRejectedCommonRPCAdmissionCleanupSkipsNewWinnerAndReplacement
--- PASS: TestRejectedCommonRPCAdmissionCleanupSkipsNewWinnerAndReplacement (0.00s)
=== RUN   TestRejectedCommonRPCAdmissionCleanupWriteFailureRetainsState
--- PASS: TestRejectedCommonRPCAdmissionCleanupWriteFailureRetainsState (0.00s)
=== RUN   TestRejectedCommonRPCAdmissionCleanupDoesNotLeakUniqueReplacementHashes
--- PASS: TestRejectedCommonRPCAdmissionCleanupDoesNotLeakUniqueReplacementHashes (0.09s)
=== RUN   TestRejectedCommonRPCAdmissionCleanupConcurrentWinnerReplacement
--- PASS: TestRejectedCommonRPCAdmissionCleanupConcurrentWinnerReplacement (0.05s)
=== RUN   TestCommonRPCRecipientGenesisRestartsAndRejectsOldNetwork
--- PASS: TestCommonRPCRecipientGenesisRestartsAndRejectsOldNetwork (0.00s)
=== RUN   TestCommonRPCIndependentOperatorsReceiveExecutionRewards
--- PASS: TestCommonRPCIndependentOperatorsReceiveExecutionRewards (0.00s)
=== RUN   TestCommonRPCV2DirectPayoutSerialParallelAndImportedBlock
--- PASS: TestCommonRPCV2DirectPayoutSerialParallelAndImportedBlock (0.01s)
=== RUN   TestCommonRPCV2LaterTransactionCannotSpendEarlierReward
--- PASS: TestCommonRPCV2LaterTransactionCannotSpendEarlierReward (0.00s)
=== RUN   TestCommonRPCV2RewardTamperingRejectedWithAndWithoutHandoff
=== RUN   TestCommonRPCV2RewardTamperingRejectedWithAndWithoutHandoff/reward-recipient/uncached
=== RUN   TestCommonRPCV2RewardTamperingRejectedWithAndWithoutHandoff/reward-version/uncached
=== RUN   TestCommonRPCV2RewardTamperingRejectedWithAndWithoutHandoff/admission-recipient-and-id/uncached
=== RUN   TestCommonRPCV2RewardTamperingRejectedWithAndWithoutHandoff/admission-signer/uncached
=== RUN   TestCommonRPCV2RewardTamperingRejectedWithAndWithoutHandoff/missing/uncached
=== RUN   TestCommonRPCV2RewardTamperingRejectedWithAndWithoutHandoff/duplicate/uncached
=== RUN   TestCommonRPCV2RewardTamperingRejectedWithAndWithoutHandoff/reward-recipient/cached
=== RUN   TestCommonRPCV2RewardTamperingRejectedWithAndWithoutHandoff/reward-version/cached
=== RUN   TestCommonRPCV2RewardTamperingRejectedWithAndWithoutHandoff/admission-recipient-and-id/cached
=== RUN   TestCommonRPCV2RewardTamperingRejectedWithAndWithoutHandoff/admission-signer/cached
=== RUN   TestCommonRPCV2RewardTamperingRejectedWithAndWithoutHandoff/missing/cached
=== RUN   TestCommonRPCV2RewardTamperingRejectedWithAndWithoutHandoff/duplicate/cached
--- PASS: TestCommonRPCV2RewardTamperingRejectedWithAndWithoutHandoff (0.02s)
    --- PASS: TestCommonRPCV2RewardTamperingRejectedWithAndWithoutHandoff/reward-recipient/uncached (0.00s)
    --- PASS: TestCommonRPCV2RewardTamperingRejectedWithAndWithoutHandoff/reward-version/uncached (0.00s)
    --- PASS: TestCommonRPCV2RewardTamperingRejectedWithAndWithoutHandoff/admission-recipient-and-id/uncached (0.00s)
    --- PASS: TestCommonRPCV2RewardTamperingRejectedWithAndWithoutHandoff/admission-signer/uncached (0.00s)
    --- PASS: TestCommonRPCV2RewardTamperingRejectedWithAndWithoutHandoff/missing/uncached (0.00s)
    --- PASS: TestCommonRPCV2RewardTamperingRejectedWithAndWithoutHandoff/duplicate/uncached (0.00s)
    --- PASS: TestCommonRPCV2RewardTamperingRejectedWithAndWithoutHandoff/reward-recipient/cached (0.00s)
    --- PASS: TestCommonRPCV2RewardTamperingRejectedWithAndWithoutHandoff/reward-version/cached (0.00s)
    --- PASS: TestCommonRPCV2RewardTamperingRejectedWithAndWithoutHandoff/admission-recipient-and-id/cached (0.00s)
    --- PASS: TestCommonRPCV2RewardTamperingRejectedWithAndWithoutHandoff/admission-signer/cached (0.00s)
    --- PASS: TestCommonRPCV2RewardTamperingRejectedWithAndWithoutHandoff/missing/cached (0.00s)
    --- PASS: TestCommonRPCV2RewardTamperingRejectedWithAndWithoutHandoff/duplicate/cached (0.00s)
=== RUN   TestCommonRPCV2MandatoryFromFirstBlockAndRestoresRecipient
--- PASS: TestCommonRPCV2MandatoryFromFirstBlockAndRestoresRecipient (0.00s)
=== RUN   TestCommonRPCV2SignerCannotChangeRecipientAfterSnapshot
--- PASS: TestCommonRPCV2SignerCannotChangeRecipientAfterSnapshot (0.00s)
=== RUN   TestCommonRPCV2TrustedSelectionRejectsRecipientAndIDMutation
--- PASS: TestCommonRPCV2TrustedSelectionRejectsRecipientAndIDMutation (0.00s)
=== RUN   TestCypheriumCustomGenesisConfigPinsUpgradeSurface
--- PASS: TestCypheriumCustomGenesisConfigPinsUpgradeSurface (0.00s)
=== RUN   TestCypheriumModernForkConfigDecoding
--- PASS: TestCypheriumModernForkConfigDecoding (0.00s)
=== RUN   TestDEXNativeImmutableGenesisConfigAndLocalFailure
=== RUN   TestDEXNativeImmutableGenesisConfigAndLocalFailure/runtime-port
=== RUN   TestDEXNativeImmutableGenesisConfigAndLocalFailure/missing-config
=== RUN   TestDEXNativeImmutableGenesisConfigAndLocalFailure/corrupt-config
=== RUN   TestDEXNativeImmutableGenesisConfigAndLocalFailure/activation-override
=== RUN   TestDEXNativeImmutableGenesisConfigAndLocalFailure/disabled-override
=== RUN   TestDEXNativeImmutableGenesisConfigAndLocalFailure/alias
--- PASS: TestDEXNativeImmutableGenesisConfigAndLocalFailure (0.04s)
    --- PASS: TestDEXNativeImmutableGenesisConfigAndLocalFailure/runtime-port (0.01s)
    --- PASS: TestDEXNativeImmutableGenesisConfigAndLocalFailure/missing-config (0.01s)
    --- PASS: TestDEXNativeImmutableGenesisConfigAndLocalFailure/corrupt-config (0.01s)
    --- PASS: TestDEXNativeImmutableGenesisConfigAndLocalFailure/activation-override (0.01s)
    --- PASS: TestDEXNativeImmutableGenesisConfigAndLocalFailure/disabled-override (0.01s)
    --- PASS: TestDEXNativeImmutableGenesisConfigAndLocalFailure/alias (0.01s)
=== RUN   TestDEXNativeContextMissingChainDoesNotPanic
--- PASS: TestDEXNativeContextMissingChainDoesNotPanic (0.01s)
=== RUN   TestDEXNativeGenesisForkContextDoesNotRetainSideTable
--- PASS: TestDEXNativeGenesisForkContextDoesNotRetainSideTable (0.01s)
=== RUN   TestDEXNativeCheckpointAndClaimOuterResourceRollback
=== RUN   TestDEXNativeCheckpointAndClaimOuterResourceRollback/checkpoint
    dex_native_rollback_test.go:272: native checkpoint: authenticated writes observed, runtime access failure rolled back full state/log/gas; identical signed TX retry passed
=== RUN   TestDEXNativeCheckpointAndClaimOuterResourceRollback/claim
    dex_native_rollback_test.go:272: native claim: authenticated writes observed, runtime access failure rolled back full state/log/gas; identical signed TX retry passed
--- PASS: TestDEXNativeCheckpointAndClaimOuterResourceRollback (0.06s)
    --- PASS: TestDEXNativeCheckpointAndClaimOuterResourceRollback/checkpoint (0.04s)
    --- PASS: TestDEXNativeCheckpointAndClaimOuterResourceRollback/claim (0.01s)
=== RUN   TestDEXNativeSignedTransactionValueReceiptReplayAndRestart
--- PASS: TestDEXNativeSignedTransactionValueReceiptReplayAndRestart (0.01s)
=== RUN   TestDEXNativeFundingSourceIdentityBindsSignedValue
--- PASS: TestDEXNativeFundingSourceIdentityBindsSignedValue (0.01s)
=== RUN   TestDEXNativeRevertOOGAndMalformedCallsPreserveFunds
=== RUN   TestDEXNativeRevertOOGAndMalformedCallsPreserveFunds/empty
=== RUN   TestDEXNativeRevertOOGAndMalformedCallsPreserveFunds/wrong-value
=== RUN   TestDEXNativeRevertOOGAndMalformedCallsPreserveFunds/out-of-gas
=== RUN   TestDEXNativeRevertOOGAndMalformedCallsPreserveFunds/trailing
--- PASS: TestDEXNativeRevertOOGAndMalformedCallsPreserveFunds (0.01s)
    --- PASS: TestDEXNativeRevertOOGAndMalformedCallsPreserveFunds/empty (0.00s)
    --- PASS: TestDEXNativeRevertOOGAndMalformedCallsPreserveFunds/wrong-value (0.00s)
    --- PASS: TestDEXNativeRevertOOGAndMalformedCallsPreserveFunds/out-of-gas (0.00s)
    --- PASS: TestDEXNativeRevertOOGAndMalformedCallsPreserveFunds/trailing (0.00s)
=== RUN   TestDEXNativeSimulationTraceAndForcedSurplus
--- PASS: TestDEXNativeSimulationTraceAndForcedSurplus (0.01s)
=== RUN   TestDEXNativeUsesResourceRecordingAndGenesisActivation
--- PASS: TestDEXNativeUsesResourceRecordingAndGenesisActivation (0.01s)
=== RUN   TestDEXNativeSelfDestructSurplusAndWrongChainSignature
--- PASS: TestDEXNativeSelfDestructSurplusAndWrongChainSignature (0.01s)
=== RUN   TestDEXNativeSimulationResourceAdmissionMatchesExecution
--- PASS: TestDEXNativeSimulationResourceAdmissionMatchesExecution (0.01s)
=== RUN   TestDEXNativeActivationAndReservedGenesisAreConsensusBound
--- PASS: TestDEXNativeActivationAndReservedGenesisAreConsensusBound (0.02s)
=== RUN   TestEVMValidateStateRejectsActualReceiptBytes
--- PASS: TestEVMValidateStateRejectsActualReceiptBytes (0.00s)
=== RUN   TestEVMValidateStateRejectsNilReceiptBeforeBloom
--- PASS: TestEVMValidateStateRejectsNilReceiptBeforeBloom (0.00s)
=== RUN   TestNewEVMContextWithConfigSetsCancunBlobFields
--- PASS: TestNewEVMContextWithConfigSetsCancunBlobFields (0.00s)
=== RUN   TestEVMOptimisticMVCCMatchesSerialForIndependentContractSlots
--- PASS: TestEVMOptimisticMVCCMatchesSerialForIndependentContractSlots (0.01s)
=== RUN   TestEVMOptimisticMVCCReexecutesNonceDependencies
--- PASS: TestEVMOptimisticMVCCReexecutesNonceDependencies (0.01s)
=== RUN   TestEVMOptimisticMVCCMatchesSerialAcrossMemoryWindows
--- PASS: TestEVMOptimisticMVCCMatchesSerialAcrossMemoryWindows (0.07s)
=== RUN   TestEVMOptimisticMVCCMatchesSerialForEnvelopeTypesZeroThroughFour
--- PASS: TestEVMOptimisticMVCCMatchesSerialForEnvelopeTypesZeroThroughFour (0.00s)
=== RUN   TestEVMOptimisticMVCCDiscardsRevertedAccountWrites
--- PASS: TestEVMOptimisticMVCCDiscardsRevertedAccountWrites (0.00s)
=== RUN   TestEVMMVCCRecorderRevertRestoresWritesButRetainsObservedWork
--- PASS: TestEVMMVCCRecorderRevertRestoresWritesButRetainsObservedWork (0.00s)
=== RUN   TestEVMMVCCRecorderClassifiesZeroBalanceTouches
--- PASS: TestEVMMVCCRecorderClassifiesZeroBalanceTouches (0.00s)
=== RUN   TestEVMRuntimeDependencyMeterBoundsCanonicalChains
--- PASS: TestEVMRuntimeDependencyMeterBoundsCanonicalChains (0.00s)
=== RUN   TestEVMRuntimeMetersRejectArithmeticOverflow
--- PASS: TestEVMRuntimeMetersRejectArithmeticOverflow (0.00s)
=== RUN   TestEVMOptimisticMVCCChargesCanonicalDependencyOnce
--- PASS: TestEVMOptimisticMVCCChargesCanonicalDependencyOnce (0.01s)
=== RUN   TestEVMRuntimeMemorySchedulingUsesNestedGasBound
--- PASS: TestEVMRuntimeMemorySchedulingUsesNestedGasBound (0.00s)
=== RUN   TestEVMRuntimeMemoryBatchesStayWithinProcessLease
--- PASS: TestEVMRuntimeMemoryBatchesStayWithinProcessLease (0.00s)
=== RUN   TestEVMRuntimeMemoryLeaseReservesPlanningAndResults
--- PASS: TestEVMRuntimeMemoryLeaseReservesPlanningAndResults (0.00s)
=== RUN   TestEVMTransactionErrorClassifierPreservesInfrastructureAbort
--- PASS: TestEVMTransactionErrorClassifierPreservesInfrastructureAbort (0.00s)
=== RUN   TestEVMMVCCStorageConflictsRemainSlotGranular
--- PASS: TestEVMMVCCStorageConflictsRemainSlotGranular (0.00s)
=== RUN   TestEVMOnlyGenesisModeAcceptsTypesZeroThroughFourInBothLanes
--- PASS: TestEVMOnlyGenesisModeAcceptsTypesZeroThroughFourInBothLanes (0.00s)
=== RUN   TestEVMOnlyDirectNativeAPIsRejectBeforeExecution
--- PASS: TestEVMOnlyDirectNativeAPIsRejectBeforeExecution (0.00s)
=== RUN   TestEVMOnlyExecutionModeGuardLeavesTypesZeroThroughFourEnabled
--- PASS: TestEVMOnlyExecutionModeGuardLeavesTypesZeroThroughFourEnabled (0.00s)
=== RUN   TestRetiredStrictFlagCannotReenableNativeBlockLanes
--- PASS: TestRetiredStrictFlagCannotReenableNativeBlockLanes (0.00s)
=== RUN   TestEVMOnlyBlobLaneStillFailsClosedWithoutDA
--- PASS: TestEVMOnlyBlobLaneStillFailsClosedWithoutDA (0.00s)
=== RUN   TestEVMOnlyStateProcessorExecutesStandardContractCreation
--- PASS: TestEVMOnlyStateProcessorExecutesStandardContractCreation (0.00s)
=== RUN   TestEVMOnlyStateProcessorUsesStateRootedBlockHash
--- PASS: TestEVMOnlyStateProcessorUsesStateRootedBlockHash (0.00s)
=== RUN   TestEVMOnlyReservedPrefixIsOrdinaryAddress
--- PASS: TestEVMOnlyReservedPrefixIsOrdinaryAddress (0.00s)
=== RUN   TestStrictNativeProtocolGuardRollsBackDirectAndInternalMutation
=== RUN   TestStrictNativeProtocolGuardRollsBackDirectAndInternalMutation/direct
=== RUN   TestStrictNativeProtocolGuardRollsBackDirectAndInternalMutation/internal
--- PASS: TestStrictNativeProtocolGuardRollsBackDirectAndInternalMutation (0.00s)
    --- PASS: TestStrictNativeProtocolGuardRollsBackDirectAndInternalMutation/direct (0.00s)
    --- PASS: TestStrictNativeProtocolGuardRollsBackDirectAndInternalMutation/internal (0.00s)
=== RUN   TestReplayRegistryGenesisAccountsOnlyExistInStrictNativeMode
=== RUN   TestReplayRegistryGenesisAccountsOnlyExistInStrictNativeMode/evm-only
=== RUN   TestReplayRegistryGenesisAccountsOnlyExistInStrictNativeMode/strict-native
--- PASS: TestReplayRegistryGenesisAccountsOnlyExistInStrictNativeMode (0.01s)
    --- PASS: TestReplayRegistryGenesisAccountsOnlyExistInStrictNativeMode/evm-only (0.00s)
    --- PASS: TestReplayRegistryGenesisAccountsOnlyExistInStrictNativeMode/strict-native (0.01s)
=== RUN   TestReservedGenesisAllocIsOrdinaryOnlyInEVMMode
--- PASS: TestReservedGenesisAllocIsOrdinaryOnlyInEVMMode (0.00s)
=== RUN   TestExecuteEVMProposalTransactionsMatchesValidatorMVCC
--- PASS: TestExecuteEVMProposalTransactionsMatchesValidatorMVCC (0.03s)
=== RUN   TestExecuteEVMProposalTransactionsUsesSerialOracleForDebugVM
--- PASS: TestExecuteEVMProposalTransactionsUsesSerialOracleForDebugVM (0.01s)
=== RUN   TestExecuteEVMProposalTransactionsSupportsTypesZeroThroughFourAndPreservesBlobSidecar
--- PASS: TestExecuteEVMProposalTransactionsSupportsTypesZeroThroughFourAndPreservesBlobSidecar (0.56s)
=== RUN   TestEVMResourceGuardRejectsLogBeforeStateDBRetention
--- PASS: TestEVMResourceGuardRejectsLogBeforeStateDBRetention (0.00s)
=== RUN   TestEVMOnlyApplyTransactionEnforcesLogLimitAndRollsBack
--- PASS: TestEVMOnlyApplyTransactionEnforcesLogLimitAndRollsBack (0.00s)
=== RUN   TestBlockExecutionOutputMeterExactBoundaries
--- PASS: TestBlockExecutionOutputMeterExactBoundaries (0.00s)
=== RUN   TestBlockExecutionOutputMeterChargesRetainedLogObjects
--- PASS: TestBlockExecutionOutputMeterChargesRetainedLogObjects (0.00s)
=== RUN   TestEVMMVCCRecorderStopsStateReadsAtRuntimeAccessLimit
--- PASS: TestEVMMVCCRecorderStopsStateReadsAtRuntimeAccessLimit (0.00s)
=== RUN   TestEVMRuntimeAccessMeterUsesCanonicalPerTransactionUnion
--- PASS: TestEVMRuntimeAccessMeterUsesCanonicalPerTransactionUnion (0.00s)
=== RUN   TestEVMOnlyProcessRejectsCanonicalRuntimeAccessAggregate
--- PASS: TestEVMOnlyProcessRejectsCanonicalRuntimeAccessAggregate (0.00s)
=== RUN   TestSetupGenesisRejectsFairHotstuffSeedReplacement
--- PASS: TestSetupGenesisRejectsFairHotstuffSeedReplacement (0.01s)
=== RUN   TestSetupGenesisRejectsFairHotstuffCommitteeReplacement
--- PASS: TestSetupGenesisRejectsFairHotstuffCommitteeReplacement (0.00s)
=== RUN   TestSetupGenesisRejectsFairHotstuffActivationChange
--- PASS: TestSetupGenesisRejectsFairHotstuffActivationChange (0.00s)
=== RUN   TestSetupGenesisRejectsMissingStoredFairHotstuffConfig
--- PASS: TestSetupGenesisRejectsMissingStoredFairHotstuffConfig (0.00s)
=== RUN   TestFHSAncestorProofCommitsOnlyAfterConsecutiveTerminalViews
=== RUN   TestFHSAncestorProofCommitsOnlyAfterConsecutiveTerminalViews/only_skipped_edge
=== RUN   TestFHSAncestorProofCommitsOnlyAfterConsecutiveTerminalViews/omitted_intermediate
=== RUN   TestFHSAncestorProofCommitsOnlyAfterConsecutiveTerminalViews/reordered
=== RUN   TestFHSAncestorProofCommitsOnlyAfterConsecutiveTerminalViews/nil_entry
=== RUN   TestFHSAncestorProofCommitsOnlyAfterConsecutiveTerminalViews/empty
--- PASS: TestFHSAncestorProofCommitsOnlyAfterConsecutiveTerminalViews (0.05s)
    --- PASS: TestFHSAncestorProofCommitsOnlyAfterConsecutiveTerminalViews/only_skipped_edge (0.00s)
    --- PASS: TestFHSAncestorProofCommitsOnlyAfterConsecutiveTerminalViews/omitted_intermediate (0.00s)
    --- PASS: TestFHSAncestorProofCommitsOnlyAfterConsecutiveTerminalViews/reordered (0.00s)
    --- PASS: TestFHSAncestorProofCommitsOnlyAfterConsecutiveTerminalViews/nil_entry (0.00s)
    --- PASS: TestFHSAncestorProofCommitsOnlyAfterConsecutiveTerminalViews/empty (0.00s)
=== RUN   TestFHSAncestorProofMetadataPreservesFullPathAtCanonicalBoundary
--- PASS: TestFHSAncestorProofMetadataPreservesFullPathAtCanonicalBoundary (0.21s)
=== RUN   TestFHSAncestorProofBoundAndVersion
    fhs_ancestor_proof_test.go:235: 128 authenticated descendant QCs encode to 65739 bytes (reserve 1048576)
--- PASS: TestFHSAncestorProofBoundAndVersion (0.54s)
=== RUN   TestFHSKeyActivationRetainsOnlyProvenCertifiedDescendants
--- PASS: TestFHSKeyActivationRetainsOnlyProvenCertifiedDescendants (0.08s)
=== RUN   TestFHSKeyCarrierCannotActivateItsOwnUncommittedCommittee
--- PASS: TestFHSKeyCarrierCannotActivateItsOwnUncommittedCommittee (0.02s)
=== RUN   TestInsertChainRetriesFHSPublicationBusyAfterUnlock
--- PASS: TestInsertChainRetriesFHSPublicationBusyAfterUnlock (0.00s)
=== RUN   TestInsertChainDoesNotRetryNonBusyError
--- PASS: TestInsertChainDoesNotRetryNonBusyError (0.00s)
=== RUN   TestFHSFinalizedSyncLifecycleRejectsPartialHooks
--- PASS: TestFHSFinalizedSyncLifecycleRejectsPartialHooks (0.00s)
=== RUN   TestVerifyFHS2ChainCommitProofRequiresDirectChildQC
--- PASS: TestVerifyFHS2ChainCommitProofRequiresDirectChildQC (0.03s)
=== RUN   TestVerifyFHS2ChainCommitProofBindsPipelinedKeyCarrierHeight
--- PASS: TestVerifyFHS2ChainCommitProofBindsPipelinedKeyCarrierHeight (0.01s)
=== RUN   TestValidateFHSPrevRandaoBindsOrdinaryBlockToCanonicalKey
--- PASS: TestValidateFHSPrevRandaoBindsOrdinaryBlockToCanonicalKey (0.00s)
=== RUN   TestValidateFHSPrevRandaoBindsKeyCarrierToEmbeddedKeyBlock
--- PASS: TestValidateFHSPrevRandaoBindsKeyCarrierToEmbeddedKeyBlock (0.00s)
=== RUN   TestValidateFHSPrevRandaoActivatesWithShanghai
--- PASS: TestValidateFHSPrevRandaoActivatesWithShanghai (0.00s)
=== RUN   TestPrevRandaoIsIdenticalAcrossSerialMVCCAndProposalExecution
--- PASS: TestPrevRandaoIsIdenticalAcrossSerialMVCCAndProposalExecution (0.00s)
=== RUN   TestFHSSidecarHandoffConcurrentTakeHasSingleOwner
--- PASS: TestFHSSidecarHandoffConcurrentTakeHasSingleOwner (0.00s)
=== RUN   TestFHSSidecarHandoffBindsConsensusIdentity
--- PASS: TestFHSSidecarHandoffBindsConsensusIdentity (0.00s)
=== RUN   TestFHSSidecarHandoffFallbackValidatesAndReuseConsumes
--- PASS: TestFHSSidecarHandoffFallbackValidatesAndReuseConsumes (0.00s)
=== RUN   TestFHSSidecarHandoffBoundsRetainedArtifacts
--- PASS: TestFHSSidecarHandoffBoundsRetainedArtifacts (0.01s)
=== RUN   TestFHSSidecarHandoffInvalidSignatureCannotPublish
--- PASS: TestFHSSidecarHandoffInvalidSignatureCannotPublish (0.00s)
=== RUN   TestFHSCanonicalStateDurableBeforeShutdown
=== RUN   TestFHSCanonicalStateDurableBeforeShutdown/fresh_proposal
=== RUN   TestFHSCanonicalStateDurableBeforeShutdown/known_cached_state
=== RUN   TestFHSCanonicalStateDurableBeforeShutdown/head_fsync_failure
--- PASS: TestFHSCanonicalStateDurableBeforeShutdown (0.08s)
    --- PASS: TestFHSCanonicalStateDurableBeforeShutdown/fresh_proposal (0.02s)
    --- PASS: TestFHSCanonicalStateDurableBeforeShutdown/known_cached_state (0.03s)
    --- PASS: TestFHSCanonicalStateDurableBeforeShutdown/head_fsync_failure (0.02s)
=== RUN   TestGenesisRejectsRetiredNativeTransactionFlag
--- PASS: TestGenesisRejectsRetiredNativeTransactionFlag (0.00s)
=== RUN   TestGetCommitteeByHashUsesExactHistoricalKeyBlock
--- PASS: TestGetCommitteeByHashUsesExactHistoricalKeyBlock (0.00s)
=== RUN   TestCandidateProposalRevisionTracksOnlyVisibleChanges
--- PASS: TestCandidateProposalRevisionTracksOnlyVisibleChanges (0.00s)
=== RUN   TestCanonicalKeyBlockValidationRejectsSibling
--- PASS: TestCanonicalKeyBlockValidationRejectsSibling (0.00s)
=== RUN   TestFHSCanonicalHeadStagesTransactionAndKeyHeadTogether
--- PASS: TestFHSCanonicalHeadStagesTransactionAndKeyHeadTogether (0.00s)
=== RUN   TestFHSStartupRejectsSiblingKeyHistory
--- PASS: TestFHSStartupRejectsSiblingKeyHistory (0.00s)
=== RUN   TestResolveKnownBlockUsesPersistedHotstuffProof
--- PASS: TestResolveKnownBlockUsesPersistedHotstuffProof (0.00s)
=== RUN   TestResolveKnownBlockFailsClosedWhenDatabaseEntryIsMissing
--- PASS: TestResolveKnownBlockFailsClosedWhenDatabaseEntryIsMissing (0.00s)
=== RUN   TestSetupGenesisRejectsModernForkScheduleReplacementAfterHead
--- PASS: TestSetupGenesisRejectsModernForkScheduleReplacementAfterHead (0.00s)
=== RUN   TestValidateOsakaBlockSize
--- PASS: TestValidateOsakaBlockSize (0.05s)
=== RUN   TestValidateOsakaBlockSizeUsesGenesisNativeLimit
--- PASS: TestValidateOsakaBlockSizeUsesGenesisNativeLimit (0.02s)
=== RUN   TestValidateOsakaBlockSizeIncludesFinalityProof
--- PASS: TestValidateOsakaBlockSizeIncludesFinalityProof (0.04s)
=== RUN   TestValidateOsakaBlockSizeReservesFHSFinalityProofBeforeVote
--- PASS: TestValidateOsakaBlockSizeReservesFHSFinalityProofBeforeVote (0.01s)
=== RUN   TestValidateBodyRejectsPrematureFHSFinalityProof
--- PASS: TestValidateBodyRejectsPrematureFHSFinalityProof (0.00s)
=== RUN   TestFHSCommonRPCSidecarCoverageIsConsensusMandatory
--- PASS: TestFHSCommonRPCSidecarCoverageIsConsensusMandatory (0.00s)
=== RUN   TestValidateFHSBlockWorkBoundsSerialSender
--- PASS: TestValidateFHSBlockWorkBoundsSerialSender (0.00s)
=== RUN   TestValidateFHSEVMCapacityProfileDoesNotRetainLegacySenderCap
--- PASS: TestValidateFHSEVMCapacityProfileDoesNotRetainLegacySenderCap (0.04s)
=== RUN   TestValidateFHSBlockWorkAcceptsFullSimpleTransferBlock
--- PASS: TestValidateFHSBlockWorkAcceptsFullSimpleTransferBlock (0.03s)
=== RUN   TestFHSFullSimpleTransferSidecarsFitOsakaEnvelope
--- PASS: TestFHSFullSimpleTransferSidecarsFitOsakaEnvelope (0.19s)
=== RUN   TestFHSBlockWorkMeterBoundariesAndOverflow
=== RUN   TestFHSBlockWorkMeterBoundariesAndOverflow/declared_gas
=== RUN   TestFHSBlockWorkMeterBoundariesAndOverflow/uninitialized_transaction
=== RUN   TestFHSBlockWorkMeterBoundariesAndOverflow/per_transaction_lists
=== RUN   TestFHSBlockWorkMeterBoundariesAndOverflow/per_transaction_lists/authorizations
=== RUN   TestFHSBlockWorkMeterBoundariesAndOverflow/per_transaction_lists/addresses
=== RUN   TestFHSBlockWorkMeterBoundariesAndOverflow/per_transaction_lists/storage_keys
=== RUN   TestFHSBlockWorkMeterBoundariesAndOverflow/aggregate_access_lists
=== RUN   TestFHSBlockWorkMeterBoundariesAndOverflow/authorization_and_signature_operations
=== RUN   TestFHSBlockWorkMeterBoundariesAndOverflow/admission_payload_bytes
=== RUN   TestFHSBlockWorkMeterBoundariesAndOverflow/reward_count_relations
=== RUN   TestFHSBlockWorkMeterBoundariesAndOverflow/reward_payload_bytes
--- PASS: TestFHSBlockWorkMeterBoundariesAndOverflow (0.00s)
    --- PASS: TestFHSBlockWorkMeterBoundariesAndOverflow/declared_gas (0.00s)
    --- PASS: TestFHSBlockWorkMeterBoundariesAndOverflow/uninitialized_transaction (0.00s)
    --- PASS: TestFHSBlockWorkMeterBoundariesAndOverflow/per_transaction_lists (0.00s)
        --- PASS: TestFHSBlockWorkMeterBoundariesAndOverflow/per_transaction_lists/authorizations (0.00s)
        --- PASS: TestFHSBlockWorkMeterBoundariesAndOverflow/per_transaction_lists/addresses (0.00s)
        --- PASS: TestFHSBlockWorkMeterBoundariesAndOverflow/per_transaction_lists/storage_keys (0.00s)
    --- PASS: TestFHSBlockWorkMeterBoundariesAndOverflow/aggregate_access_lists (0.00s)
    --- PASS: TestFHSBlockWorkMeterBoundariesAndOverflow/authorization_and_signature_operations (0.00s)
    --- PASS: TestFHSBlockWorkMeterBoundariesAndOverflow/admission_payload_bytes (0.00s)
    --- PASS: TestFHSBlockWorkMeterBoundariesAndOverflow/reward_count_relations (0.00s)
    --- PASS: TestFHSBlockWorkMeterBoundariesAndOverflow/reward_payload_bytes (0.00s)
=== RUN   TestValidateFHSBlockWorkReturnsCheapOrderedErrorBeforeCrypto
--- PASS: TestValidateFHSBlockWorkReturnsCheapOrderedErrorBeforeCrypto (0.00s)
=== RUN   TestValidateFHSBlockWorkRejectsUnrelatedRewardSidecar
--- PASS: TestValidateFHSBlockWorkRejectsUnrelatedRewardSidecar (0.00s)
=== RUN   TestFHSCommonSidecarSetEqualityBeforeEVM
--- PASS: TestFHSCommonSidecarSetEqualityBeforeEVM (0.00s)
=== RUN   TestValidateFHSBlockWorkRejectsHugeRewardBeforeRoot
--- PASS: TestValidateFHSBlockWorkRejectsHugeRewardBeforeRoot (0.00s)
=== RUN   TestPoWResultTransportQUICAcknowledgesOnlyAfterAdmission
--- PASS: TestPoWResultTransportQUICAcknowledgesOnlyAfterAdmission (0.06s)
=== RUN   TestPoWResultTransportFallsBackToRealTLSTCP
--- PASS: TestPoWResultTransportFallsBackToRealTLSTCP (0.01s)
=== RUN   TestPoWResultTransportSemanticNACKDoesNotFallback
--- PASS: TestPoWResultTransportSemanticNACKDoesNotFallback (0.01s)
=== RUN   TestPoWResultTransportEncodesReceiverBehindNACK
--- PASS: TestPoWResultTransportEncodesReceiverBehindNACK (0.01s)
=== RUN   TestPoWResultTransportMissingACKIsFailure
--- PASS: TestPoWResultTransportMissingACKIsFailure (0.01s)
=== RUN   TestPoWResultTransportDuplicateACKIsSuccess
--- PASS: TestPoWResultTransportDuplicateACKIsSuccess (0.01s)
=== RUN   TestPoWResultTransportStopAllowsSamePortRebind
--- PASS: TestPoWResultTransportStopAllowsSamePortRebind (0.01s)
=== RUN   TestPoWResultTransportRejectsBLSCertificateMismatch
=== RUN   TestPoWResultTransportRejectsBLSCertificateMismatch/quic
=== RUN   TestPoWResultTransportRejectsBLSCertificateMismatch/tls-tcp
--- PASS: TestPoWResultTransportRejectsBLSCertificateMismatch (0.01s)
    --- PASS: TestPoWResultTransportRejectsBLSCertificateMismatch/quic (0.01s)
    --- PASS: TestPoWResultTransportRejectsBLSCertificateMismatch/tls-tcp (0.00s)
=== RUN   TestPoWResultTransportPinsKeyBlockGeneration
--- PASS: TestPoWResultTransportPinsKeyBlockGeneration (0.02s)
=== RUN   TestPoWResultTransportConcurrentQUICAndTCP
--- PASS: TestPoWResultTransportConcurrentQUICAndTCP (0.02s)
=== RUN   TestPoWResultTransportSlowTCPDoesNotExhaustQUIC
--- PASS: TestPoWResultTransportSlowTCPDoesNotExhaustQUIC (0.01s)
=== RUN   TestPoWResultTransportBroadcastRequiresEveryValidatorACK
--- PASS: TestPoWResultTransportBroadcastRequiresEveryValidatorACK (0.00s)
=== RUN   TestPoWResultTransportBroadcastRejectsEmptyCommittee
--- PASS: TestPoWResultTransportBroadcastRejectsEmptyCommittee (0.00s)
=== RUN   TestPoWResultTransportBroadcastDeduplicatesWithoutImplicitLocalhost
--- PASS: TestPoWResultTransportBroadcastDeduplicatesWithoutImplicitLocalhost (0.00s)
=== RUN   TestPoWResultTransportRetryTargetsOnlyUnacknowledgedValidators
--- PASS: TestPoWResultTransportRetryTargetsOnlyUnacknowledgedValidators (0.25s)
=== RUN   TestPoWResultTransportRetryStopsOnSemanticNACK
--- PASS: TestPoWResultTransportRetryStopsOnSemanticNACK (0.00s)
=== RUN   TestPoWResultTransportRetryContinuesOnReceiverBehindNACK
--- PASS: TestPoWResultTransportRetryContinuesOnReceiverBehindNACK (0.25s)
=== RUN   TestPoWResultTransportPendingRetryStopsOnContextCancellation
--- PASS: TestPoWResultTransportPendingRetryStopsOnContextCancellation (0.00s)
=== RUN   TestPoWResultUDPAddrFromCommitteeNodeSupportsIPv6
--- PASS: TestPoWResultUDPAddrFromCommitteeNodeSupportsIPv6 (0.00s)
=== RUN   TestPoWResultUDPAddrFromCommitteeNodePreservesIPv4
--- PASS: TestPoWResultUDPAddrFromCommitteeNodePreservesIPv4 (0.00s)
=== RUN   TestPragueGenesisInstallsHistoryStorageCode
--- PASS: TestPragueGenesisInstallsHistoryStorageCode (0.00s)
=== RUN   TestProcessParentBlockHashRejectsMissingCode
--- PASS: TestProcessParentBlockHashRejectsMissingCode (0.00s)
=== RUN   TestProcessParentBlockHashEIP2935
--- PASS: TestProcessParentBlockHashEIP2935 (0.00s)
=== RUN   TestInsertReceiptChainAuthenticatesBlobSidecarsBeforeMutation
=== RUN   TestInsertReceiptChainAuthenticatesBlobSidecarsBeforeMutation/invalid_proof
=== RUN   TestInsertReceiptChainAuthenticatesBlobSidecarsBeforeMutation/valid_proof
--- PASS: TestInsertReceiptChainAuthenticatesBlobSidecarsBeforeMutation (0.13s)
    --- PASS: TestInsertReceiptChainAuthenticatesBlobSidecarsBeforeMutation/invalid_proof (0.07s)
    --- PASS: TestInsertReceiptChainAuthenticatesBlobSidecarsBeforeMutation/valid_proof (0.06s)
=== RUN   TestFHSReceiptPreflightIsAtomicAndReplacesSameHashHeaderProof
--- PASS: TestFHSReceiptPreflightIsAtomicAndReplacesSameHashHeaderProof (0.00s)
=== RUN   TestFHSBlockProofGuardRejectsBeforeAlternateImportPaths
--- PASS: TestFHSBlockProofGuardRejectsBeforeAlternateImportPaths (0.00s)
=== RUN   TestIsFinalizedTransactionRejectsReceiptSyncLookupAheadOfStateHead
--- PASS: TestIsFinalizedTransactionRejectsReceiptSyncLookupAheadOfStateHead (0.00s)
=== RUN   TestRLPStringEnvelopeSizeMatchesEncoder
--- PASS: TestRLPStringEnvelopeSizeMatchesEncoder (0.00s)
=== RUN   TestEVMReceiptReusedEncodingPreservesListSize
--- PASS: TestEVMReceiptReusedEncodingPreservesListSize (0.00s)
=== RUN   TestEVMValidateStateMixedReceiptBatches
--- PASS: TestEVMValidateStateMixedReceiptBatches (0.00s)
=== RUN   TestCommonRPCRewardIsAppliedOnlyAfterTransactionExecution
--- PASS: TestCommonRPCRewardIsAppliedOnlyAfterTransactionExecution (0.00s)
=== RUN   TestCommonRPCRewardsAggregateByRecipientWithoutChangingRoot
--- PASS: TestCommonRPCRewardsAggregateByRecipientWithoutChangingRoot (0.00s)
=== RUN   TestCommonTxAdmissionBatchConsensusValidation
=== RUN   TestCommonTxAdmissionBatchConsensusValidation/513_items
=== RUN   TestCommonTxAdmissionBatchConsensusValidation/past_key_block_remains_valid_until_finalization
=== RUN   TestCommonTxAdmissionBatchConsensusValidation/wrong_chain
=== RUN   TestCommonTxAdmissionBatchConsensusValidation/wrong_genesis
=== RUN   TestCommonTxAdmissionBatchConsensusValidation/future_timestamp
=== RUN   TestCommonTxAdmissionBatchConsensusValidation/miner_does_not_match_signature
=== RUN   TestCommonTxAdmissionBatchConsensusValidation/tampered_signature
--- PASS: TestCommonTxAdmissionBatchConsensusValidation (0.03s)
    --- PASS: TestCommonTxAdmissionBatchConsensusValidation/513_items (0.00s)
    --- PASS: TestCommonTxAdmissionBatchConsensusValidation/past_key_block_remains_valid_until_finalization (0.00s)
    --- PASS: TestCommonTxAdmissionBatchConsensusValidation/wrong_chain (0.00s)
    --- PASS: TestCommonTxAdmissionBatchConsensusValidation/wrong_genesis (0.00s)
    --- PASS: TestCommonTxAdmissionBatchConsensusValidation/future_timestamp (0.00s)
    --- PASS: TestCommonTxAdmissionBatchConsensusValidation/miner_does_not_match_signature (0.01s)
    --- PASS: TestCommonTxAdmissionBatchConsensusValidation/tampered_signature (0.00s)
=== RUN   TestCommonTxAdmissionReferenceConsensusValidation
--- PASS: TestCommonTxAdmissionReferenceConsensusValidation (0.00s)
=== RUN   TestStateProcessorRejectsFHSAdmissionAndRewardOmissionBeforeExecution
--- PASS: TestStateProcessorRejectsFHSAdmissionAndRewardOmissionBeforeExecution (0.00s)
=== RUN   TestStateProcessorParallelNativeMatchesSerial
--- PASS: TestStateProcessorParallelNativeMatchesSerial (0.06s)
=== RUN   TestNativeTransferFastPathMatchesSerialNonceChain
--- PASS: TestNativeTransferFastPathMatchesSerialNonceChain (0.02s)
=== RUN   TestParallelNativeCandidateRejectsSharedOrStatefulTransfers
=== RUN   TestParallelNativeCandidateRejectsSharedOrStatefulTransfers/zero_value
=== RUN   TestParallelNativeCandidateRejectsSharedOrStatefulTransfers/calldata
=== RUN   TestParallelNativeCandidateRejectsSharedOrStatefulTransfers/non-exact_gas
=== RUN   TestParallelNativeCandidateRejectsSharedOrStatefulTransfers/self_transfer
=== RUN   TestParallelNativeCandidateRejectsSharedOrStatefulTransfers/new_recipient
--- PASS: TestParallelNativeCandidateRejectsSharedOrStatefulTransfers (0.00s)
    --- PASS: TestParallelNativeCandidateRejectsSharedOrStatefulTransfers/zero_value (0.00s)
    --- PASS: TestParallelNativeCandidateRejectsSharedOrStatefulTransfers/calldata (0.00s)
    --- PASS: TestParallelNativeCandidateRejectsSharedOrStatefulTransfers/non-exact_gas (0.00s)
    --- PASS: TestParallelNativeCandidateRejectsSharedOrStatefulTransfers/self_transfer (0.00s)
    --- PASS: TestParallelNativeCandidateRejectsSharedOrStatefulTransfers/new_recipient (0.00s)
=== RUN   TestStateProcessorParallelSerialParallelMatchesSerial
--- PASS: TestStateProcessorParallelSerialParallelMatchesSerial (0.00s)
=== RUN   TestStateTransitionExecutesValidatedBlobTransaction
--- PASS: TestStateTransitionExecutesValidatedBlobTransaction (0.06s)
=== RUN   TestStateTransitionRejectsMalformedBlobFields
=== RUN   TestStateTransitionRejectsMalformedBlobFields/missing_hashes
=== RUN   TestStateTransitionRejectsMalformedBlobFields/wrong_hash_version
=== RUN   TestStateTransitionRejectsMalformedBlobFields/zero_fee_cap
=== RUN   TestStateTransitionRejectsMalformedBlobFields/blob_gas_mismatch
--- PASS: TestStateTransitionRejectsMalformedBlobFields (0.06s)
    --- PASS: TestStateTransitionRejectsMalformedBlobFields/missing_hashes (0.00s)
    --- PASS: TestStateTransitionRejectsMalformedBlobFields/wrong_hash_version (0.00s)
    --- PASS: TestStateTransitionRejectsMalformedBlobFields/zero_fee_cap (0.00s)
    --- PASS: TestStateTransitionRejectsMalformedBlobFields/blob_gas_mismatch (0.00s)
=== RUN   TestSetCodeForkGateAndAuthorizationApplication
--- PASS: TestSetCodeForkGateAndAuthorizationApplication (0.00s)
=== RUN   TestAuthorizationValidationWarmsAuthorityOnStateFailure
--- PASS: TestAuthorizationValidationWarmsAuthorityOnStateFailure (0.00s)
=== RUN   TestPragueFloorDataGasForkBoundary
--- PASS: TestPragueFloorDataGasForkBoundary (0.00s)
=== RUN   TestOsakaTransactionGasCapBoundary
=== RUN   TestOsakaTransactionGasCapBoundary/pre-Osaka
=== RUN   TestOsakaTransactionGasCapBoundary/Osaka_transaction
=== RUN   TestOsakaTransactionGasCapBoundary/Osaka_eth_call_simulation
--- PASS: TestOsakaTransactionGasCapBoundary (0.00s)
    --- PASS: TestOsakaTransactionGasCapBoundary/pre-Osaka (0.00s)
    --- PASS: TestOsakaTransactionGasCapBoundary/Osaka_transaction (0.00s)
    --- PASS: TestOsakaTransactionGasCapBoundary/Osaka_eth_call_simulation (0.00s)
=== RUN   TestSenderCodeAndNonceForkRules
--- PASS: TestSenderCodeAndNonceForkRules (0.00s)
=== RUN   TestEVMContextUsesEffectiveDynamicGasPrice
--- PASS: TestEVMContextUsesEffectiveDynamicGasPrice (0.00s)
=== RUN   TestTypedTransactionForkGates
=== RUN   TestTypedTransactionForkGates/access-list_before_Berlin
=== RUN   TestTypedTransactionForkGates/access-list_at_Berlin
=== RUN   TestTypedTransactionForkGates/dynamic_before_London
=== RUN   TestTypedTransactionForkGates/dynamic_at_London
=== RUN   TestTypedTransactionForkGates/blob_before_Cancun
=== RUN   TestTypedTransactionForkGates/blob_at_Cancun
=== RUN   TestTypedTransactionForkGates/set-code_before_Prague
=== RUN   TestTypedTransactionForkGates/set-code_at_Prague
=== RUN   TestTypedTransactionForkGates/retired_native_type
=== RUN   TestTypedTransactionForkGates/unknown
--- PASS: TestTypedTransactionForkGates (0.00s)
    --- PASS: TestTypedTransactionForkGates/access-list_before_Berlin (0.00s)
    --- PASS: TestTypedTransactionForkGates/access-list_at_Berlin (0.00s)
    --- PASS: TestTypedTransactionForkGates/dynamic_before_London (0.00s)
    --- PASS: TestTypedTransactionForkGates/dynamic_at_London (0.00s)
    --- PASS: TestTypedTransactionForkGates/blob_before_Cancun (0.00s)
    --- PASS: TestTypedTransactionForkGates/blob_at_Cancun (0.00s)
    --- PASS: TestTypedTransactionForkGates/set-code_before_Prague (0.00s)
    --- PASS: TestTypedTransactionForkGates/set-code_at_Prague (0.00s)
    --- PASS: TestTypedTransactionForkGates/retired_native_type (0.00s)
    --- PASS: TestTypedTransactionForkGates/unknown (0.00s)
=== RUN   TestIntrinsicGasEIP2028ForkBoundary
--- PASS: TestIntrinsicGasEIP2028ForkBoundary (0.00s)
=== RUN   TestIntrinsicGasEIP3860ForkBoundary
--- PASS: TestIntrinsicGasEIP3860ForkBoundary (0.00s)
=== RUN   TestShanghaiWarmsCoinbaseAndForkPrecompiles
--- PASS: TestShanghaiWarmsCoinbaseAndForkPrecompiles (0.00s)
=== RUN   TestBerlinActivePrecompilesIncludeAddressNine
--- PASS: TestBerlinActivePrecompilesIncludeAddressNine (0.00s)
=== RUN   TestRefundQuotientChangesAtLondon
=== RUN   TestRefundQuotientChangesAtLondon/pre-London
=== RUN   TestRefundQuotientChangesAtLondon/London
--- PASS: TestRefundQuotientChangesAtLondon (0.00s)
    --- PASS: TestRefundQuotientChangesAtLondon/pre-London (0.00s)
    --- PASS: TestRefundQuotientChangesAtLondon/London (0.00s)
=== RUN   TestDynamicFeeChargesEffectivePriceNotFeeCap
--- PASS: TestDynamicFeeChargesEffectivePriceNotFeeCap (0.00s)
=== RUN   TestDynamicFeeBalanceCheckIncludesValueAtFeeCap
--- PASS: TestDynamicFeeBalanceCheckIncludesValueAtFeeCap (0.00s)
=== RUN   TestNativeAndContractTransactionsChargeActualExecutionGas
=== RUN   TestNativeAndContractTransactionsChargeActualExecutionGas/plain-transfer
=== RUN   TestNativeAndContractTransactionsChargeActualExecutionGas/contract-call
--- PASS: TestNativeAndContractTransactionsChargeActualExecutionGas (0.00s)
    --- PASS: TestNativeAndContractTransactionsChargeActualExecutionGas/plain-transfer (0.00s)
    --- PASS: TestNativeAndContractTransactionsChargeActualExecutionGas/contract-call (0.00s)
=== RUN   TestTxPoolBlobAdmissionPaths
=== RUN   TestTxPoolBlobAdmissionPaths/local
=== RUN   TestTxPoolBlobAdmissionPaths/remote
=== RUN   TestTxPoolBlobAdmissionPaths/remote_sync
--- PASS: TestTxPoolBlobAdmissionPaths (0.09s)
    --- PASS: TestTxPoolBlobAdmissionPaths/local (0.01s)
    --- PASS: TestTxPoolBlobAdmissionPaths/remote (0.01s)
    --- PASS: TestTxPoolBlobAdmissionPaths/remote_sync (0.01s)
=== RUN   TestTxPoolGenericAddAcceptsOnlyRealKZGBlobSidecar
--- PASS: TestTxPoolGenericAddAcceptsOnlyRealKZGBlobSidecar (0.06s)
=== RUN   TestTxPoolGenericAddRejectsBareBlobEnvelopeWithoutStaleSidecar
--- PASS: TestTxPoolGenericAddRejectsBareBlobEnvelopeWithoutStaleSidecar (0.05s)
=== RUN   TestTxPoolGenericAddRejectsInvalidKZGProofWithoutStaleSidecar
--- PASS: TestTxPoolGenericAddRejectsInvalidKZGProofWithoutStaleSidecar (0.05s)
=== RUN   TestTxPoolBlobAdmissionHonorsGenericSidecarByteQuota
--- PASS: TestTxPoolBlobAdmissionHonorsGenericSidecarByteQuota (0.07s)
=== RUN   TestBlobTransactionSlotsChargeBothSidecarCopies
--- PASS: TestBlobTransactionSlotsChargeBothSidecarCopies (0.05s)
=== RUN   TestTxLookupBlobChargeIsImmutableAfterAdmission
--- PASS: TestTxLookupBlobChargeIsImmutableAfterAdmission (0.05s)
=== RUN   TestTxPoolBlobSidecarStore
--- PASS: TestTxPoolBlobSidecarStore (0.00s)
=== RUN   TestTxPoolBlobSidecarLazyPrune
--- PASS: TestTxPoolBlobSidecarLazyPrune (0.00s)
=== RUN   TestTxPoolPruneBlobSidecars
--- PASS: TestTxPoolPruneBlobSidecars (0.00s)
=== RUN   TestTxPoolBlobSidecarStoreHasExplicitByteLimit
--- PASS: TestTxPoolBlobSidecarStoreHasExplicitByteLimit (0.00s)
=== RUN   TestValidateBlobTxWithVerifierRequiresVerifier
--- PASS: TestValidateBlobTxWithVerifierRequiresVerifier (0.00s)
=== RUN   TestValidateBlobTxWithVerifier
--- PASS: TestValidateBlobTxWithVerifier (0.00s)
=== RUN   TestValidateBlobTxWithVerifierPropagatesError
--- PASS: TestValidateBlobTxWithVerifierPropagatesError (0.00s)
=== RUN   TestAttachBlobSidecarsToTransactions
--- PASS: TestAttachBlobSidecarsToTransactions (0.00s)
=== RUN   TestAttachBlobSidecarsToTransactionsRequiresSidecar
--- PASS: TestAttachBlobSidecarsToTransactionsRequiresSidecar (0.00s)
=== RUN   TestBlobSidecarsForTransactionsIgnoresLegacy
--- PASS: TestBlobSidecarsForTransactionsIgnoresLegacy (0.00s)
=== RUN   TestBlobSidecarsForTransactionsRequiresSidecar
--- PASS: TestBlobSidecarsForTransactionsRequiresSidecar (0.00s)
=== RUN   TestBlobBundlesForTransactionsReturnsBundles
--- PASS: TestBlobBundlesForTransactionsReturnsBundles (0.00s)
=== RUN   TestContentWithBlobSidecarsFiltersMissingBlobSidecars
--- PASS: TestContentWithBlobSidecarsFiltersMissingBlobSidecars (0.00s)
=== RUN   TestValidateBlobSidecarsForTransactions
--- PASS: TestValidateBlobSidecarsForTransactions (0.00s)
=== RUN   TestFilterTransactionsWithBlobSidecars
--- PASS: TestFilterTransactionsWithBlobSidecars (0.00s)
=== RUN   TestTxPoolValidateBlobTxHelper
--- PASS: TestTxPoolValidateBlobTxHelper (0.00s)
=== RUN   TestTxPoolRejectsBlobTxWithoutSidecar
--- PASS: TestTxPoolRejectsBlobTxWithoutSidecar (0.00s)
=== RUN   TestTxPoolRejectsMoreThanSixBlobsAtOsaka
--- PASS: TestTxPoolRejectsMoreThanSixBlobsAtOsaka (0.00s)
=== RUN   TestTxPoolEVMOnlyAcceptsTypesZeroOneTwoAndFourAndRejectsTypeFive
=== RUN   TestTxPoolEVMOnlyAcceptsTypesZeroOneTwoAndFourAndRejectsTypeFive/remote
=== RUN   TestTxPoolEVMOnlyAcceptsTypesZeroOneTwoAndFourAndRejectsTypeFive/local
=== RUN   TestTxPoolEVMOnlyAcceptsTypesZeroOneTwoAndFourAndRejectsTypeFive/remote_sync
--- PASS: TestTxPoolEVMOnlyAcceptsTypesZeroOneTwoAndFourAndRejectsTypeFive (0.01s)
    --- PASS: TestTxPoolEVMOnlyAcceptsTypesZeroOneTwoAndFourAndRejectsTypeFive/remote (0.00s)
    --- PASS: TestTxPoolEVMOnlyAcceptsTypesZeroOneTwoAndFourAndRejectsTypeFive/local (0.00s)
    --- PASS: TestTxPoolEVMOnlyAcceptsTypesZeroOneTwoAndFourAndRejectsTypeFive/remote_sync (0.00s)
=== RUN   TestValidate1559FeeCapsBounds
=== RUN   TestValidate1559FeeCapsBounds/fee_cap_below_base_fee
=== RUN   TestValidate1559FeeCapsBounds/fee_cap_bit_length_too_high
=== RUN   TestValidate1559FeeCapsBounds/tip_cap_bit_length_too_high
--- PASS: TestValidate1559FeeCapsBounds (0.00s)
    --- PASS: TestValidate1559FeeCapsBounds/fee_cap_below_base_fee (0.00s)
    --- PASS: TestValidate1559FeeCapsBounds/fee_cap_bit_length_too_high (0.00s)
    --- PASS: TestValidate1559FeeCapsBounds/tip_cap_bit_length_too_high (0.00s)
=== RUN   TestIsFastLaneEligible
--- PASS: TestIsFastLaneEligible (0.00s)
=== RUN   TestTxPoolRejectsLegacyUint256OverflowBeforeSharedAdmission
--- PASS: TestTxPoolRejectsLegacyUint256OverflowBeforeSharedAdmission (0.00s)
=== RUN   TestValidateLocalsDoesNotHoldPoolLockWhileOpeningState
--- PASS: TestValidateLocalsDoesNotHoldPoolLockWhileOpeningState (0.00s)
=== RUN   TestDefaultTxPoolPriceLimitIsOneGWei
--- PASS: TestDefaultTxPoolPriceLimitIsOneGWei (0.00s)
=== RUN   TestValidateTxAppliesPriceLimitToLocals
--- PASS: TestValidateTxAppliesPriceLimitToLocals (0.00s)
=== RUN   TestValidateLocalsUsesIndependentStateSnapshots
--- PASS: TestValidateLocalsUsesIndependentStateSnapshots (0.00s)
=== RUN   TestValidateLocalsDoesNotPopulatePendingNonceFallback
--- PASS: TestValidateLocalsDoesNotPopulatePendingNonceFallback (0.00s)
=== RUN   TestValidateLocalsUsesOneSnapshotPerSenderGroup
--- PASS: TestValidateLocalsUsesOneSnapshotPerSenderGroup (0.00s)
=== RUN   TestValidateLocalsRetriesChangedHeadGeneration
--- PASS: TestValidateLocalsRetriesChangedHeadGeneration (0.00s)
=== RUN   TestPricedListCapAppliesPriceLimitToLocals
--- PASS: TestPricedListCapAppliesPriceLimitToLocals (0.00s)
=== RUN   TestTruncatePendingAppliesAccountSlotsToLocals
--- PASS: TestTruncatePendingAppliesAccountSlotsToLocals (0.00s)
=== RUN   TestEvictStaleTransactionsPreservesLocals
--- PASS: TestEvictStaleTransactionsPreservesLocals (0.00s)
=== RUN   TestTruncateQueueAppliesGlobalQueueToLocals
--- PASS: TestTruncateQueueAppliesGlobalQueueToLocals (0.00s)
=== RUN   TestTxJournalInsertBatchUsesSingleWrite
--- PASS: TestTxJournalInsertBatchUsesSingleWrite (0.05s)
=== RUN   TestTxJournalRoundTripPreservesBlobSidecar
--- PASS: TestTxJournalRoundTripPreservesBlobSidecar (0.05s)
=== RUN   TestTxJournalRestoreBindsBlobSidecarToOsaka
=== RUN   TestTxJournalRestoreBindsBlobSidecarToOsaka/rejects_Prague_wrapper
=== RUN   TestTxJournalRestoreBindsBlobSidecarToOsaka/restores_Osaka_wrapper
--- PASS: TestTxJournalRestoreBindsBlobSidecarToOsaka (0.54s)
    --- PASS: TestTxJournalRestoreBindsBlobSidecarToOsaka/rejects_Prague_wrapper (0.07s)
    --- PASS: TestTxJournalRestoreBindsBlobSidecarToOsaka/restores_Osaka_wrapper (0.47s)
=== RUN   TestTxJournalWriterCapsAsyncWritesAtBatchSize
--- PASS: TestTxJournalWriterCapsAsyncWritesAtBatchSize (0.00s)
=== RUN   TestTxJournalWriterRejectsUnboundedQueuedBacklog
--- PASS: TestTxJournalWriterRejectsUnboundedQueuedBacklog (0.00s)
=== RUN   TestTxJournalWriterPreservesRotateOrdering
--- PASS: TestTxJournalWriterPreservesRotateOrdering (0.00s)
=== RUN   TestAddLocalsAsyncBatchesJournalAndEvent
--- PASS: TestAddLocalsAsyncBatchesJournalAndEvent (0.01s)
=== RUN   TestPendingCandidateScanCeilingCoversTwoHighCapacityWindows
--- PASS: TestPendingCandidateScanCeilingCoversTwoHighCapacityWindows (0.00s)
=== RUN   TestPendingCandidateScanLimitUsesBoundedFallbackWithoutClippingRequests
=== RUN   TestPendingCandidateScanLimitUsesBoundedFallbackWithoutClippingRequests/fast_fallback
=== RUN   TestPendingCandidateScanLimitUsesBoundedFallbackWithoutClippingRequests/slow_fallback
=== RUN   TestPendingCandidateScanLimitUsesBoundedFallbackWithoutClippingRequests/smaller_explicit_request
=== RUN   TestPendingCandidateScanLimitUsesBoundedFallbackWithoutClippingRequests/above_legacy_ceiling
=== RUN   TestPendingCandidateScanLimitUsesBoundedFallbackWithoutClippingRequests/largest_int_needs_no_arithmetic
--- PASS: TestPendingCandidateScanLimitUsesBoundedFallbackWithoutClippingRequests (0.00s)
    --- PASS: TestPendingCandidateScanLimitUsesBoundedFallbackWithoutClippingRequests/fast_fallback (0.00s)
    --- PASS: TestPendingCandidateScanLimitUsesBoundedFallbackWithoutClippingRequests/slow_fallback (0.00s)
    --- PASS: TestPendingCandidateScanLimitUsesBoundedFallbackWithoutClippingRequests/smaller_explicit_request (0.00s)
    --- PASS: TestPendingCandidateScanLimitUsesBoundedFallbackWithoutClippingRequests/above_legacy_ceiling (0.00s)
    --- PASS: TestPendingCandidateScanLimitUsesBoundedFallbackWithoutClippingRequests/largest_int_needs_no_arithmetic (0.00s)
=== RUN   TestPendingCandidateAddressAllocationClampsOversizedRequest
--- PASS: TestPendingCandidateAddressAllocationClampsOversizedRequest (0.00s)
=== RUN   TestDefaultTxPoolBoundsHighCapacityMemory
--- PASS: TestDefaultTxPoolBoundsHighCapacityMemory (0.00s)
=== RUN   TestPricedListDiscardPrecheckCountsMemorySlots
--- PASS: TestPricedListDiscardPrecheckCountsMemorySlots (0.00s)
PASS
ok  	github.com/cypherium/cypher/core	10.603s
=== RUN   TestInstructionIteratorValid
--- PASS: TestInstructionIteratorValid (0.00s)
=== RUN   TestInstructionIteratorInvalid
--- PASS: TestInstructionIteratorInvalid (0.00s)
=== RUN   TestInstructionIteratorEmpty
--- PASS: TestInstructionIteratorEmpty (0.00s)
=== RUN   TestCompiler
--- PASS: TestCompiler (0.00s)
=== RUN   TestLexer
--- PASS: TestLexer (0.00s)
PASS
ok  	github.com/cypherium/cypher/core/asm	0.033s
=== RUN   TestGenerator
--- PASS: TestGenerator (0.10s)
=== RUN   TestMatcherWildcards
--- PASS: TestMatcherWildcards (0.00s)
=== RUN   TestMatcherContinuous
--- PASS: TestMatcherContinuous (0.04s)
=== RUN   TestMatcherIntermittent
--- PASS: TestMatcherIntermittent (0.59s)
=== RUN   TestMatcherRandom
--- PASS: TestMatcherRandom (1.37s)
=== RUN   TestMatcherShifted
--- PASS: TestMatcherShifted (0.00s)
=== RUN   TestWildcardMatcher
--- PASS: TestWildcardMatcher (0.46s)
=== RUN   TestSchedulerSingleClientSingleFetcher
--- PASS: TestSchedulerSingleClientSingleFetcher (3.43s)
=== RUN   TestSchedulerSingleClientMultiFetcher
--- PASS: TestSchedulerSingleClientMultiFetcher (0.24s)
=== RUN   TestSchedulerMultiClientSingleFetcher
--- PASS: TestSchedulerMultiClientSingleFetcher (1.85s)
=== RUN   TestSchedulerMultiClientMultiFetcher
--- PASS: TestSchedulerMultiClientMultiFetcher (0.11s)
PASS
ok  	github.com/cypherium/cypher/core/bloombits	8.240s
=== RUN   TestCreation
    forkid_test.go:124: test 0, case 0: fork ID mismatch: have {5705bf8f 0}, want {fc64ec04 118c30}
    forkid_test.go:124: test 0, case 1: fork ID mismatch: have {5705bf8f 0}, want {fc64ec04 118c30}
    forkid_test.go:124: test 0, case 2: fork ID mismatch: have {5705bf8f 0}, want {97c2c34c 1d4c00}
    forkid_test.go:124: test 0, case 3: fork ID mismatch: have {5705bf8f 0}, want {97c2c34c 1d4c00}
    forkid_test.go:124: test 0, case 4: fork ID mismatch: have {5705bf8f 0}, want {91d1f948 259518}
    forkid_test.go:124: test 0, case 5: fork ID mismatch: have {5705bf8f 0}, want {91d1f948 259518}
    forkid_test.go:124: test 0, case 6: fork ID mismatch: have {5705bf8f 0}, want {7a64da13 28d138}
    forkid_test.go:124: test 0, case 7: fork ID mismatch: have {5705bf8f 0}, want {7a64da13 28d138}
    forkid_test.go:124: test 0, case 8: fork ID mismatch: have {5705bf8f 0}, want {3edd5b10 42ae50}
    forkid_test.go:124: test 0, case 9: fork ID mismatch: have {5705bf8f 0}, want {3edd5b10 42ae50}
    forkid_test.go:124: test 0, case 10: fork ID mismatch: have {5705bf8f 0}, want {a00bc324 6f1580}
    forkid_test.go:124: test 0, case 11: fork ID mismatch: have {5705bf8f 0}, want {a00bc324 6f1580}
    forkid_test.go:124: test 0, case 12: fork ID mismatch: have {5705bf8f 0}, want {668db0af 8a61c8}
    forkid_test.go:124: test 0, case 13: fork ID mismatch: have {5705bf8f 0}, want {668db0af 8a61c8}
    forkid_test.go:124: test 0, case 14: fork ID mismatch: have {5705bf8f 0}, want {879d6e30 8c6180}
    forkid_test.go:124: test 0, case 15: fork ID mismatch: have {5705bf8f 0}, want {879d6e30 8c6180}
    forkid_test.go:124: test 0, case 16: fork ID mismatch: have {5705bf8f 0}, want {e029e991 0}
    forkid_test.go:124: test 0, case 17: fork ID mismatch: have {5705bf8f 0}, want {e029e991 0}
    forkid_test.go:124: test 1, case 0: fork ID mismatch: have {04e4bab1 0}, want {30c7ddbc a}
    forkid_test.go:124: test 1, case 1: fork ID mismatch: have {04e4bab1 0}, want {30c7ddbc a}
    forkid_test.go:124: test 1, case 2: fork ID mismatch: have {04e4bab1 0}, want {63760190 19f0a0}
    forkid_test.go:124: test 1, case 3: fork ID mismatch: have {04e4bab1 0}, want {63760190 19f0a0}
    forkid_test.go:124: test 1, case 4: fork ID mismatch: have {04e4bab1 0}, want {3ea159c7 408b70}
    forkid_test.go:124: test 1, case 5: fork ID mismatch: have {04e4bab1 0}, want {3ea159c7 408b70}
    forkid_test.go:124: test 1, case 6: fork ID mismatch: have {04e4bab1 0}, want {97b544f3 4b5e82}
    forkid_test.go:124: test 1, case 7: fork ID mismatch: have {04e4bab1 0}, want {97b544f3 4b5e82}
    forkid_test.go:124: test 1, case 8: fork ID mismatch: have {04e4bab1 0}, want {d6e2149b 62f756}
    forkid_test.go:124: test 1, case 9: fork ID mismatch: have {04e4bab1 0}, want {d6e2149b 62f756}
    forkid_test.go:124: test 1, case 10: fork ID mismatch: have {04e4bab1 0}, want {4bc66396 6c993d}
    forkid_test.go:124: test 1, case 11: fork ID mismatch: have {04e4bab1 0}, want {4bc66396 6c993d}
    forkid_test.go:124: test 1, case 12: fork ID mismatch: have {04e4bab1 0}, want {6727ef90 0}
    forkid_test.go:124: test 1, case 13: fork ID mismatch: have {04e4bab1 0}, want {6727ef90 0}
    forkid_test.go:124: test 2, case 3: fork ID mismatch: have {cb3a64bb 67}, want {cb3a64bb fcc25}
    forkid_test.go:124: test 2, case 4: fork ID mismatch: have {8cf6af52 0}, want {cb3a64bb fcc25}
    forkid_test.go:124: test 2, case 5: fork ID mismatch: have {8cf6af52 0}, want {8d748b57 37db77}
    forkid_test.go:124: test 2, case 6: fork ID mismatch: have {8cf6af52 0}, want {8d748b57 37db77}
    forkid_test.go:124: test 2, case 7: fork ID mismatch: have {8cf6af52 0}, want {e49cab14 41efd2}
    forkid_test.go:124: test 2, case 8: fork ID mismatch: have {8cf6af52 0}, want {e49cab14 41efd2}
    forkid_test.go:124: test 2, case 9: fork ID mismatch: have {8cf6af52 0}, want {afec6b27 52efd1}
    forkid_test.go:124: test 2, case 10: fork ID mismatch: have {8cf6af52 0}, want {afec6b27 52efd1}
    forkid_test.go:124: test 2, case 11: fork ID mismatch: have {8cf6af52 0}, want {cbdb8838 0}
    forkid_test.go:124: test 2, case 12: fork ID mismatch: have {8cf6af52 0}, want {cbdb8838 0}
    forkid_test.go:124: test 3, case 0: fork ID mismatch: have {a3f5ab08 9c}, want {a3f5ab08 17d433}
    forkid_test.go:124: test 3, case 1: fork ID mismatch: have {780af1cb 0}, want {a3f5ab08 17d433}
    forkid_test.go:124: test 3, case 2: fork ID mismatch: have {780af1cb 0}, want {c25efa5c 0}
    forkid_test.go:124: test 3, case 3: fork ID mismatch: have {780af1cb 0}, want {c25efa5c 0}
--- FAIL: TestCreation (0.00s)
=== RUN   TestValidation
    forkid_test.go:203: test 0: validation error mismatch: have local incompatible or needs update, want <nil>
    forkid_test.go:203: test 1: validation error mismatch: have local incompatible or needs update, want <nil>
    forkid_test.go:203: test 2: validation error mismatch: have local incompatible or needs update, want <nil>
    forkid_test.go:203: test 3: validation error mismatch: have local incompatible or needs update, want <nil>
    forkid_test.go:203: test 4: validation error mismatch: have local incompatible or needs update, want <nil>
    forkid_test.go:203: test 5: validation error mismatch: have local incompatible or needs update, want <nil>
    forkid_test.go:203: test 6: validation error mismatch: have local incompatible or needs update, want <nil>
    forkid_test.go:203: test 7: validation error mismatch: have local incompatible or needs update, want <nil>
    forkid_test.go:203: test 8: validation error mismatch: have local incompatible or needs update, want <nil>
    forkid_test.go:203: test 9: validation error mismatch: have local incompatible or needs update, want remote needs update
--- FAIL: TestValidation (0.00s)
=== RUN   TestEncoding
--- PASS: TestEncoding (0.00s)
=== RUN   TestGatherForksIgnoresNonPositiveBlocks
--- PASS: TestGatherForksIgnoresNonPositiveBlocks (0.00s)
=== RUN   TestGatherForksNilConfig
--- PASS: TestGatherForksNilConfig (0.00s)
=== RUN   TestNewIDWithNilConfig
--- PASS: TestNewIDWithNilConfig (0.00s)
FAIL
FAIL	github.com/cypherium/cypher/core/forkid	0.035s
=== RUN   TestHeaderRLPMatchesHashWithHotstuffSignInfo
--- PASS: TestHeaderRLPMatchesHashWithHotstuffSignInfo (0.00s)
=== RUN   TestReadBlockRejectsCorruptCommonTransactionBody
--- PASS: TestReadBlockRejectsCorruptCommonTransactionBody (0.00s)
=== RUN   TestFHSFinalizedTxLookupStoresExactBlockIdentity
--- PASS: TestFHSFinalizedTxLookupStoresExactBlockIdentity (0.00s)
PASS
ok  	github.com/cypherium/cypher/core/rawdb	0.034s
=== RUN   TestAccessListSnapshotRevert
--- PASS: TestAccessListSnapshotRevert (0.00s)
=== RUN   TestAccessListCopyIsIndependent
--- PASS: TestAccessListCopyIsIndependent (0.00s)
=== RUN   TestCreatedContractSnapshotRevert
--- PASS: TestCreatedContractSnapshotRevert (0.00s)
=== RUN   TestCreatedContractClearedOnPrepare
--- PASS: TestCreatedContractClearedOnPrepare (0.00s)
=== RUN   TestCreatedContractRevertPreservesPreviousMarker
--- PASS: TestCreatedContractRevertPreservesPreviousMarker (0.00s)
=== RUN   TestFHSSpeculativeEmptyChildDoesNotRewritePersistedParentTrie
    fhs_copy_commit_test.go:164: parent: 5589 trie nodes / 834939 bytes; empty child: 0 trie nodes / 0 bytes
--- PASS: TestFHSSpeculativeEmptyChildDoesNotRewritePersistedParentTrie (0.17s)
=== RUN   TestFHSSpeculativeChangedChildPersistsOnlyItsChangedTriePath
--- PASS: TestFHSSpeculativeChangedChildPersistsOnlyItsChangedTriePath (0.23s)
=== RUN   TestFHSSpeculativeCopyCanPersistBeforeItsParent
--- PASS: TestFHSSpeculativeCopyCanPersistBeforeItsParent (0.16s)
=== RUN   TestFHSSpeculativeContractCopyPersistenceModes
=== RUN   TestFHSSpeculativeContractCopyPersistenceModes/cache_0/persisted/changed_false
=== RUN   TestFHSSpeculativeContractCopyPersistenceModes/cache_0/persisted/changed_true
=== RUN   TestFHSSpeculativeContractCopyPersistenceModes/cache_0/memory/changed_false
=== RUN   TestFHSSpeculativeContractCopyPersistenceModes/cache_0/memory/changed_true
=== RUN   TestFHSSpeculativeContractCopyPersistenceModes/cache_0/dereferenced/changed_false
=== RUN   TestFHSSpeculativeContractCopyPersistenceModes/cache_0/dereferenced/changed_true
=== RUN   TestFHSSpeculativeContractCopyPersistenceModes/cache_16/persisted/changed_false
=== RUN   TestFHSSpeculativeContractCopyPersistenceModes/cache_16/persisted/changed_true
=== RUN   TestFHSSpeculativeContractCopyPersistenceModes/cache_16/memory/changed_false
=== RUN   TestFHSSpeculativeContractCopyPersistenceModes/cache_16/memory/changed_true
=== RUN   TestFHSSpeculativeContractCopyPersistenceModes/cache_16/dereferenced/changed_false
=== RUN   TestFHSSpeculativeContractCopyPersistenceModes/cache_16/dereferenced/changed_true
--- PASS: TestFHSSpeculativeContractCopyPersistenceModes (0.13s)
    --- PASS: TestFHSSpeculativeContractCopyPersistenceModes/cache_0/persisted/changed_false (0.01s)
    --- PASS: TestFHSSpeculativeContractCopyPersistenceModes/cache_0/persisted/changed_true (0.01s)
    --- PASS: TestFHSSpeculativeContractCopyPersistenceModes/cache_0/memory/changed_false (0.01s)
    --- PASS: TestFHSSpeculativeContractCopyPersistenceModes/cache_0/memory/changed_true (0.02s)
    --- PASS: TestFHSSpeculativeContractCopyPersistenceModes/cache_0/dereferenced/changed_false (0.01s)
    --- PASS: TestFHSSpeculativeContractCopyPersistenceModes/cache_0/dereferenced/changed_true (0.01s)
    --- PASS: TestFHSSpeculativeContractCopyPersistenceModes/cache_16/persisted/changed_false (0.01s)
    --- PASS: TestFHSSpeculativeContractCopyPersistenceModes/cache_16/persisted/changed_true (0.01s)
    --- PASS: TestFHSSpeculativeContractCopyPersistenceModes/cache_16/memory/changed_false (0.01s)
    --- PASS: TestFHSSpeculativeContractCopyPersistenceModes/cache_16/memory/changed_true (0.01s)
    --- PASS: TestFHSSpeculativeContractCopyPersistenceModes/cache_16/dereferenced/changed_false (0.01s)
    --- PASS: TestFHSSpeculativeContractCopyPersistenceModes/cache_16/dereferenced/changed_true (0.01s)
=== RUN   TestFHSSpeculativeCopyFailsClosedOnPersistenceLookupError
--- PASS: TestFHSSpeculativeCopyFailsClosedOnPersistenceLookupError (0.18s)
=== RUN   TestRuntimeMVCCSnapshotLoadsOnlyObservedStorageSlots
--- PASS: TestRuntimeMVCCSnapshotLoadsOnlyObservedStorageSlots (0.06s)
=== RUN   TestRuntimeMVCCSnapshotBuildsSparseBranchesConcurrently
--- PASS: TestRuntimeMVCCSnapshotBuildsSparseBranchesConcurrently (0.05s)
=== RUN   TestRuntimeMVCCSnapshotSharesImmutableCodeAndDetachesOnWrite
--- PASS: TestRuntimeMVCCSnapshotSharesImmutableCodeAndDetachesOnWrite (0.00s)
=== RUN   TestRuntimeMVCCSnapshotSurfacesTouchedSeedError
--- PASS: TestRuntimeMVCCSnapshotSurfacesTouchedSeedError (0.00s)
=== RUN   TestPruneRuntimeMVCCOriginsDropsReadsAndPreservesPendingWrites
--- PASS: TestPruneRuntimeMVCCOriginsDropsReadsAndPreservesPendingWrites (0.00s)
=== RUN   TestNativeBlockHashViewFollowsStateCopies
--- PASS: TestNativeBlockHashViewFollowsStateCopies (0.00s)
=== RUN   TestIntermediateRootWorkerCountIsConsensusInvariant
--- PASS: TestIntermediateRootWorkerCountIsConsensusInvariant (0.03s)
=== RUN   TestIntermediateRootParallelCopiesAreRaceSafe
--- PASS: TestIntermediateRootParallelCopiesAreRaceSafe (0.05s)
=== RUN   TestIntermediateRootParallelizesSingleHotStorageTrie
--- PASS: TestIntermediateRootParallelizesSingleHotStorageTrie (0.09s)
=== RUN   TestCommitParallelStorageTriesMatchesCalculatedRoot
--- PASS: TestCommitParallelStorageTriesMatchesCalculatedRoot (0.02s)
=== RUN   TestCommitParallelStorageTriesRaceSafe
--- PASS: TestCommitParallelStorageTriesRaceSafe (0.05s)
=== RUN   TestTransientStorageSetGetAndRevert
--- PASS: TestTransientStorageSetGetAndRevert (0.00s)
=== RUN   TestTransientStorageClearedOnPrepare
--- PASS: TestTransientStorageClearedOnPrepare (0.00s)
PASS
ok  	github.com/cypherium/cypher/core/state	1.256s
=== RUN   TestMergeBasics
--- PASS: TestMergeBasics (0.00s)
=== RUN   TestMergeDelete
--- PASS: TestMergeDelete (0.01s)
=== RUN   TestInsertAndMerge
--- PASS: TestInsertAndMerge (0.01s)
=== RUN   TestDiskMerge
--- PASS: TestDiskMerge (0.00s)
=== RUN   TestDiskPartialMerge
--- PASS: TestDiskPartialMerge (0.66s)
=== RUN   TestDiskMidAccountPartialMerge
--- PASS: TestDiskMidAccountPartialMerge (0.00s)
=== RUN   TestDiskSeek
--- PASS: TestDiskSeek (0.03s)
=== RUN   TestAccountIteratorBasics
--- PASS: TestAccountIteratorBasics (0.00s)
=== RUN   TestStorageIteratorBasics
--- PASS: TestStorageIteratorBasics (0.01s)
=== RUN   TestFastIteratorBasics
--- PASS: TestFastIteratorBasics (0.00s)
=== RUN   TestAccountIteratorTraversal
--- PASS: TestAccountIteratorTraversal (0.00s)
=== RUN   TestStorageIteratorTraversal
--- PASS: TestStorageIteratorTraversal (0.00s)
=== RUN   TestAccountIteratorTraversalValues
--- PASS: TestAccountIteratorTraversalValues (0.00s)
=== RUN   TestStorageIteratorTraversalValues
--- PASS: TestStorageIteratorTraversalValues (0.00s)
=== RUN   TestAccountIteratorLargeTraversal
--- PASS: TestAccountIteratorLargeTraversal (0.07s)
=== RUN   TestAccountIteratorFlattening
--- PASS: TestAccountIteratorFlattening (0.00s)
=== RUN   TestAccountIteratorSeek
--- PASS: TestAccountIteratorSeek (0.00s)
=== RUN   TestStorageIteratorSeek
--- PASS: TestStorageIteratorSeek (0.00s)
=== RUN   TestAccountIteratorDeletions
--- PASS: TestAccountIteratorDeletions (0.00s)
=== RUN   TestStorageIteratorDeletions
--- PASS: TestStorageIteratorDeletions (0.00s)
=== RUN   TestDiskLayerExternalInvalidationFullFlatten
--- PASS: TestDiskLayerExternalInvalidationFullFlatten (0.00s)
=== RUN   TestDiskLayerExternalInvalidationPartialFlatten
--- PASS: TestDiskLayerExternalInvalidationPartialFlatten (0.00s)
=== RUN   TestDiffLayerExternalInvalidationFullFlatten
--- PASS: TestDiffLayerExternalInvalidationFullFlatten (0.00s)
=== RUN   TestDiffLayerExternalInvalidationPartialFlatten
--- PASS: TestDiffLayerExternalInvalidationPartialFlatten (0.00s)
=== RUN   TestPostCapBasicDataAccess
--- PASS: TestPostCapBasicDataAccess (0.00s)
=== RUN   TestWipe
--- PASS: TestWipe (2.68s)
PASS
ok  	github.com/cypherium/cypher/core/state/snapshot	3.561s
=== RUN   TestBlobBlockBodyRLPRoundTripAttachesSidecars
--- PASS: TestBlobBlockBodyRLPRoundTripAttachesSidecars (0.01s)
=== RUN   TestBlobBlockConstructionRejectsMissingMismatchedAndUnexpectedSidecars
--- PASS: TestBlobBlockConstructionRejectsMissingMismatchedAndUnexpectedSidecars (0.00s)
=== RUN   TestBlobBlockCopiesSidecarsAcrossConstructionAndCopies
--- PASS: TestBlobBlockCopiesSidecarsAcrossConstructionAndCopies (0.01s)
=== RUN   TestHotstuffBodyCommitmentIncludesBlobSidecars
--- PASS: TestHotstuffBodyCommitmentIncludesBlobSidecars (0.01s)
=== RUN   TestCommonRPCV2CommitsRecipientAndRejectsTampering
=== RUN   TestCommonRPCV2CommitsRecipientAndRejectsTampering/signer-and-id
=== RUN   TestCommonRPCV2CommitsRecipientAndRejectsTampering/chain-and-id
=== RUN   TestCommonRPCV2CommitsRecipientAndRejectsTampering/genesis-and-id
=== RUN   TestCommonRPCV2CommitsRecipientAndRejectsTampering/transaction-and-root-and-id
=== RUN   TestCommonRPCV2CommitsRecipientAndRejectsTampering/downgrade
=== RUN   TestCommonRPCV2CommitsRecipientAndRejectsTampering/recipient
=== RUN   TestCommonRPCV2CommitsRecipientAndRejectsTampering/recipient-and-id
--- PASS: TestCommonRPCV2CommitsRecipientAndRejectsTampering (0.00s)
    --- PASS: TestCommonRPCV2CommitsRecipientAndRejectsTampering/signer-and-id (0.00s)
    --- PASS: TestCommonRPCV2CommitsRecipientAndRejectsTampering/chain-and-id (0.00s)
    --- PASS: TestCommonRPCV2CommitsRecipientAndRejectsTampering/genesis-and-id (0.00s)
    --- PASS: TestCommonRPCV2CommitsRecipientAndRejectsTampering/transaction-and-root-and-id (0.00s)
    --- PASS: TestCommonRPCV2CommitsRecipientAndRejectsTampering/downgrade (0.00s)
    --- PASS: TestCommonRPCV2CommitsRecipientAndRejectsTampering/recipient (0.00s)
    --- PASS: TestCommonRPCV2CommitsRecipientAndRejectsTampering/recipient-and-id (0.00s)
=== RUN   TestCommonRPCV2RecipientCannotGrindWinnerOrTieBreak
--- PASS: TestCommonRPCV2RecipientCannotGrindWinnerOrTieBreak (0.06s)
=== RUN   TestCommonRPCOnlyCanonicalRecipientBearingWireFormat
--- PASS: TestCommonRPCOnlyCanonicalRecipientBearingWireFormat (0.00s)
=== RUN   TestCommonRPCV2BlockWireRoundTripAndUnknownVersion
--- PASS: TestCommonRPCV2BlockWireRoundTripAndUnknownVersion (0.00s)
=== RUN   TestEIP2718TransactionTrieLeafUsesRawTypedEnvelope
--- PASS: TestEIP2718TransactionTrieLeafUsesRawTypedEnvelope (0.00s)
=== RUN   TestEIP2718ReceiptTrieLeafAndEmbeddedRoundTrip
--- PASS: TestEIP2718ReceiptTrieLeafAndEmbeddedRoundTrip (0.00s)
=== RUN   TestEIP2718ReceiptRejectsUnknownTypeAndTrailingPayload
--- PASS: TestEIP2718ReceiptRejectsUnknownTypeAndTrailingPayload (0.00s)
=== RUN   TestReceiptDeriveFieldsRestoresTransactionType
--- PASS: TestReceiptDeriveFieldsRestoresTransactionType (0.00s)
=== RUN   TestFHSFinalityProofIsMetadataAndRoundTrips
--- PASS: TestFHSFinalityProofIsMetadataAndRoundTrips (0.00s)
=== RUN   TestFHSFinalityProofSizeBound
--- PASS: TestFHSFinalityProofSizeBound (0.00s)
=== RUN   TestHeaderJSONPreservesModernFields
--- PASS: TestHeaderJSONPreservesModernFields (0.00s)
=== RUN   TestCommonTxAdmissionBatchBoundsAndSignature
--- PASS: TestCommonTxAdmissionBatchBoundsAndSignature (0.01s)
=== RUN   TestCommonTxAdmissionBatchBindsOrderAndUniqueHashes
--- PASS: TestCommonTxAdmissionBatchBindsOrderAndUniqueHashes (0.00s)
=== RUN   TestCommonTxAdmissionBatchRejectsTampering
=== RUN   TestCommonTxAdmissionBatchRejectsTampering/chain-id
=== RUN   TestCommonTxAdmissionBatchRejectsTampering/genesis
=== RUN   TestCommonTxAdmissionBatchRejectsTampering/tx-root
=== RUN   TestCommonTxAdmissionBatchRejectsTampering/admission-id
=== RUN   TestCommonTxAdmissionBatchRejectsTampering/miner
=== RUN   TestCommonTxAdmissionBatchRejectsTampering/key-block
=== RUN   TestCommonTxAdmissionBatchRejectsTampering/timestamp
=== RUN   TestCommonTxAdmissionBatchRejectsTampering/signature
--- PASS: TestCommonTxAdmissionBatchRejectsTampering (0.00s)
    --- PASS: TestCommonTxAdmissionBatchRejectsTampering/chain-id (0.00s)
    --- PASS: TestCommonTxAdmissionBatchRejectsTampering/genesis (0.00s)
    --- PASS: TestCommonTxAdmissionBatchRejectsTampering/tx-root (0.00s)
    --- PASS: TestCommonTxAdmissionBatchRejectsTampering/admission-id (0.00s)
    --- PASS: TestCommonTxAdmissionBatchRejectsTampering/miner (0.00s)
    --- PASS: TestCommonTxAdmissionBatchRejectsTampering/key-block (0.00s)
    --- PASS: TestCommonTxAdmissionBatchRejectsTampering/timestamp (0.00s)
    --- PASS: TestCommonTxAdmissionBatchRejectsTampering/signature (0.00s)
=== RUN   TestCommonTxAdmissionBatchRejectsNonCanonicalSignatureValues
=== RUN   TestCommonTxAdmissionBatchRejectsNonCanonicalSignatureValues/recovery-id
=== RUN   TestCommonTxAdmissionBatchRejectsNonCanonicalSignatureValues/zero-r
=== RUN   TestCommonTxAdmissionBatchRejectsNonCanonicalSignatureValues/high-s
--- PASS: TestCommonTxAdmissionBatchRejectsNonCanonicalSignatureValues (0.00s)
    --- PASS: TestCommonTxAdmissionBatchRejectsNonCanonicalSignatureValues/recovery-id (0.00s)
    --- PASS: TestCommonTxAdmissionBatchRejectsNonCanonicalSignatureValues/zero-r (0.00s)
    --- PASS: TestCommonTxAdmissionBatchRejectsNonCanonicalSignatureValues/high-s (0.00s)
=== RUN   TestCommonTxAdmissionRootBindsCountsAndPositions
--- PASS: TestCommonTxAdmissionRootBindsCountsAndPositions (0.00s)
=== RUN   TestCommonTxAdmissionRefSupportsNativeBatchRange
--- PASS: TestCommonTxAdmissionRefSupportsNativeBatchRange (0.00s)
=== RUN   TestCommonTxRootsIndependentOfWorkerCount
--- PASS: TestCommonTxRootsIndependentOfWorkerCount (0.01s)
=== RUN   TestCommonTxAdmissionBlockRLPRoundTrip
--- PASS: TestCommonTxAdmissionBlockRLPRoundTrip (0.00s)
=== RUN   TestHotstuffProposalRefBindsViewNumber
--- PASS: TestHotstuffProposalRefBindsViewNumber (0.00s)
=== RUN   TestHotstuffProposalRefBindsExtraAndParentQC
--- PASS: TestHotstuffProposalRefBindsExtraAndParentQC (0.00s)
=== RUN   TestFHSSignInfoReconstructsExactSignedProposalRef
--- PASS: TestFHSSignInfoReconstructsExactSignedProposalRef (0.00s)
=== RUN   TestUnsignedHotstuffProposalRefMatchesLegacyBytes
--- PASS: TestUnsignedHotstuffProposalRefMatchesLegacyBytes (0.01s)
=== RUN   TestUnsignedHotstuffProposalRefAvoidsLargeBodyCopies
    hotstuff_unsigned_body_test.go:149: large-body allocations: legacy=4233 shared-stream=1100
--- PASS: TestUnsignedHotstuffProposalRefAvoidsLargeBodyCopies (0.03s)
=== RUN   TestKZGBlobVerifierVerifyBlob
--- PASS: TestKZGBlobVerifierVerifyBlob (3.53s)
=== RUN   TestKZGBlobVerifierRejectsBadBlobLength
--- PASS: TestKZGBlobVerifierRejectsBadBlobLength (0.05s)
=== RUN   TestKZGBlobVerifierRejectsInvalidProof
--- PASS: TestKZGBlobVerifierRejectsInvalidProof (0.05s)
=== RUN   TestVerifyBlobSidecarUsesRealVerifier
--- PASS: TestVerifyBlobSidecarUsesRealVerifier (0.06s)
=== RUN   TestVerifyBlobSidecarsUsesRealVerifier
--- PASS: TestVerifyBlobSidecarsUsesRealVerifier (0.06s)
=== RUN   TestVerifyBlobSidecarRejectsInvalidProofWithRealVerifier
--- PASS: TestVerifyBlobSidecarRejectsInvalidProofWithRealVerifier (0.05s)
=== RUN   TestVerifyBlobSidecarsRejectsMissingSidecarWithRealVerifier
--- PASS: TestVerifyBlobSidecarsRejectsMissingSidecarWithRealVerifier (0.05s)
=== RUN   TestVerifyOsakaBlobSidecarUsesCellProofs
--- PASS: TestVerifyOsakaBlobSidecarUsesCellProofs (0.48s)
=== RUN   TestKZGToVersionedHashMatchesKZGBackend
--- PASS: TestKZGToVersionedHashMatchesKZGBackend (0.06s)
=== RUN   TestUnmarshalLog
--- PASS: TestUnmarshalLog (0.00s)
=== RUN   TestDecodeLegacyRLPTransaction
--- PASS: TestDecodeLegacyRLPTransaction (0.00s)
=== RUN   TestRouteHintDoesNotAffectRLPHash
--- PASS: TestRouteHintDoesNotAffectRLPHash (0.00s)
=== RUN   TestRouteHintJSONRoundTrip
--- PASS: TestRouteHintJSONRoundTrip (0.00s)
=== RUN   TestTransactionsByPriceAndNonceRecomputesSignerForCurrentHead
--- PASS: TestTransactionsByPriceAndNonceRecomputesSignerForCurrentHead (0.00s)
=== RUN   TestTransactionsByPriceAndNonceCopyHasIndependentCursor
--- PASS: TestTransactionsByPriceAndNonceCopyHasIndependentCursor (0.00s)
=== RUN   TestTypedTransactionJSONYParity
=== RUN   TestTypedTransactionJSONYParity/access-list
=== RUN   TestTypedTransactionJSONYParity/dynamic-fee
=== RUN   TestTypedTransactionJSONYParity/blob
=== RUN   TestTypedTransactionJSONYParity/set-code
--- PASS: TestTypedTransactionJSONYParity (0.00s)
    --- PASS: TestTypedTransactionJSONYParity/access-list (0.00s)
    --- PASS: TestTypedTransactionJSONYParity/dynamic-fee (0.00s)
    --- PASS: TestTypedTransactionJSONYParity/blob (0.00s)
    --- PASS: TestTypedTransactionJSONYParity/set-code (0.00s)
=== RUN   TestSignedTypedTransactionJSONYParityRoundTrip
--- PASS: TestSignedTypedTransactionJSONYParityRoundTrip (0.00s)
=== RUN   TestLegacyTransactionJSONOmitsYParity
--- PASS: TestLegacyTransactionJSONOmitsYParity (0.00s)
=== RUN   TestValidateBlobCommitmentHashes
--- PASS: TestValidateBlobCommitmentHashes (0.00s)
=== RUN   TestValidateBlobHashesAlias
--- PASS: TestValidateBlobHashesAlias (0.00s)
=== RUN   TestBlobTransactionPooledWrapperRoundTripKeepsExecutionIdentity
--- PASS: TestBlobTransactionPooledWrapperRoundTripKeepsExecutionIdentity (0.00s)
=== RUN   TestBlobTransactionCanonicalDecodeHasNoSidecar
--- PASS: TestBlobTransactionCanonicalDecodeHasNoSidecar (0.00s)
=== RUN   TestBlobTransactionOsakaPooledWrapperRoundTrip
--- PASS: TestBlobTransactionOsakaPooledWrapperRoundTrip (0.00s)
=== RUN   TestBlobTransactionPooledWrapperRejectsUnsupportedVersionAndProofCount
--- PASS: TestBlobTransactionPooledWrapperRejectsUnsupportedVersionAndProofCount (0.00s)
=== RUN   TestBlobTransactionPooledWrapperRejectsMalformedData
--- PASS: TestBlobTransactionPooledWrapperRejectsMalformedData (0.00s)
=== RUN   TestBlobTxWithBlobSidecarDoesNotChangeHash
--- PASS: TestBlobTxWithBlobSidecarDoesNotChangeHash (0.00s)
=== RUN   TestBlobTxSidecarCopyIsDeep
--- PASS: TestBlobTxSidecarCopyIsDeep (0.00s)
=== RUN   TestBlobTxSidecarBlobHashesAlias
--- PASS: TestBlobTxSidecarBlobHashesAlias (0.00s)
=== RUN   TestVerifyBlobSidecarsRequiresVerifier
--- PASS: TestVerifyBlobSidecarsRequiresVerifier (0.00s)
=== RUN   TestVerifyBlobSidecarsIgnoresNonBlobTransactions
--- PASS: TestVerifyBlobSidecarsIgnoresNonBlobTransactions (0.00s)
=== RUN   TestVerifyBlobSidecarsVerifiesAttachedSidecars
--- PASS: TestVerifyBlobSidecarsVerifiesAttachedSidecars (0.00s)
=== RUN   TestVerifyBlobSidecarsRejectsMissingSidecar
--- PASS: TestVerifyBlobSidecarsRejectsMissingSidecar (0.00s)
=== RUN   TestVerifyBlobSidecarsPropagatesVerifierError
--- PASS: TestVerifyBlobSidecarsPropagatesVerifierError (0.00s)
=== RUN   TestKZGToVersionedHash
--- PASS: TestKZGToVersionedHash (0.00s)
=== RUN   TestValidateBlobSidecar
--- PASS: TestValidateBlobSidecar (0.00s)
=== RUN   TestBlobGas
--- PASS: TestBlobGas (0.00s)
=== RUN   TestBlobGasCost
--- PASS: TestBlobGasCost (0.00s)
=== RUN   TestValidateBlobTx
--- PASS: TestValidateBlobTx (0.00s)
=== RUN   TestVerifyBlobSidecarCallsVerifier
--- PASS: TestVerifyBlobSidecarCallsVerifier (0.00s)
=== RUN   TestVerifyBlobSidecarRejectsBadHashBeforeVerifier
--- PASS: TestVerifyBlobSidecarRejectsBadHashBeforeVerifier (0.00s)
=== RUN   TestVerifyBlobSidecarPropagatesVerifierError
--- PASS: TestVerifyBlobSidecarPropagatesVerifierError (0.00s)
=== RUN   TestNewBlobTxWithSidecarAttachesSidecar
--- PASS: TestNewBlobTxWithSidecarAttachesSidecar (0.00s)
=== RUN   TestNewBlobTxWithSidecar
--- PASS: TestNewBlobTxWithSidecar (0.00s)
=== RUN   TestNewBlobTxWithSidecarRejectsNonBlobTx
--- PASS: TestNewBlobTxWithSidecarRejectsNonBlobTx (0.00s)
=== RUN   TestNewVerifiedBlobTxWithSidecar
--- PASS: TestNewVerifiedBlobTxWithSidecar (0.00s)
=== RUN   TestLegacyTransactionAcceptsUint256Boundary
--- PASS: TestLegacyTransactionAcceptsUint256Boundary (0.00s)
=== RUN   TestLegacyTransactionRejectsOutOfRangeIntegersBeforeEncodingHashAndSigning
=== RUN   TestLegacyTransactionRejectsOutOfRangeIntegersBeforeEncodingHashAndSigning/gasPrice
=== RUN   TestLegacyTransactionRejectsOutOfRangeIntegersBeforeEncodingHashAndSigning/value
=== RUN   TestLegacyTransactionRejectsOutOfRangeIntegersBeforeEncodingHashAndSigning/v
=== RUN   TestLegacyTransactionRejectsOutOfRangeIntegersBeforeEncodingHashAndSigning/r
=== RUN   TestLegacyTransactionRejectsOutOfRangeIntegersBeforeEncodingHashAndSigning/s
--- PASS: TestLegacyTransactionRejectsOutOfRangeIntegersBeforeEncodingHashAndSigning (0.00s)
    --- PASS: TestLegacyTransactionRejectsOutOfRangeIntegersBeforeEncodingHashAndSigning/gasPrice (0.00s)
    --- PASS: TestLegacyTransactionRejectsOutOfRangeIntegersBeforeEncodingHashAndSigning/value (0.00s)
    --- PASS: TestLegacyTransactionRejectsOutOfRangeIntegersBeforeEncodingHashAndSigning/v (0.00s)
    --- PASS: TestLegacyTransactionRejectsOutOfRangeIntegersBeforeEncodingHashAndSigning/r (0.00s)
    --- PASS: TestLegacyTransactionRejectsOutOfRangeIntegersBeforeEncodingHashAndSigning/s (0.00s)
=== RUN   TestLegacyTransactionRejectsNegativeIntegers
=== RUN   TestLegacyTransactionRejectsNegativeIntegers/gasPrice
=== RUN   TestLegacyTransactionRejectsNegativeIntegers/value
=== RUN   TestLegacyTransactionRejectsNegativeIntegers/v
=== RUN   TestLegacyTransactionRejectsNegativeIntegers/r
=== RUN   TestLegacyTransactionRejectsNegativeIntegers/s
--- PASS: TestLegacyTransactionRejectsNegativeIntegers (0.00s)
    --- PASS: TestLegacyTransactionRejectsNegativeIntegers/gasPrice (0.00s)
    --- PASS: TestLegacyTransactionRejectsNegativeIntegers/value (0.00s)
    --- PASS: TestLegacyTransactionRejectsNegativeIntegers/v (0.00s)
    --- PASS: TestLegacyTransactionRejectsNegativeIntegers/r (0.00s)
    --- PASS: TestLegacyTransactionRejectsNegativeIntegers/s (0.00s)
=== RUN   TestLegacySigningRejectsSignatureValuesOutsideUint256
--- PASS: TestLegacySigningRejectsSignatureValuesOutsideUint256 (0.00s)
=== RUN   TestLegacyTransactionRejects257BitRawIntegers
=== RUN   TestLegacyTransactionRejects257BitRawIntegers/gasPrice
=== RUN   TestLegacyTransactionRejects257BitRawIntegers/value
=== RUN   TestLegacyTransactionRejects257BitRawIntegers/v
=== RUN   TestLegacyTransactionRejects257BitRawIntegers/r
=== RUN   TestLegacyTransactionRejects257BitRawIntegers/s
--- PASS: TestLegacyTransactionRejects257BitRawIntegers (0.00s)
    --- PASS: TestLegacyTransactionRejects257BitRawIntegers/gasPrice (0.00s)
    --- PASS: TestLegacyTransactionRejects257BitRawIntegers/value (0.00s)
    --- PASS: TestLegacyTransactionRejects257BitRawIntegers/v (0.00s)
    --- PASS: TestLegacyTransactionRejects257BitRawIntegers/r (0.00s)
    --- PASS: TestLegacyTransactionRejects257BitRawIntegers/s (0.00s)
=== RUN   TestLegacyTransactionRejectsOversizedRawFeeAndSignature
=== RUN   TestLegacyTransactionRejectsOversizedRawFeeAndSignature/gasPrice
=== RUN   TestLegacyTransactionRejectsOversizedRawFeeAndSignature/signatureR
--- PASS: TestLegacyTransactionRejectsOversizedRawFeeAndSignature (0.01s)
    --- PASS: TestLegacyTransactionRejectsOversizedRawFeeAndSignature/gasPrice (0.00s)
    --- PASS: TestLegacyTransactionRejectsOversizedRawFeeAndSignature/signatureR (0.00s)
=== RUN   TestTypedTransactionsRemainCanonicalAfterLegacyIntegerGuard
--- PASS: TestTypedTransactionsRemainCanonicalAfterLegacyIntegerGuard (0.00s)
=== RUN   TestNativeAccessEncodedMinimumMatchesPlanningBound
--- PASS: TestNativeAccessEncodedMinimumMatchesPlanningBound (0.00s)
=== RUN   TestNativeTxV1IsNotAcceptedByPublicDecoders
--- PASS: TestNativeTxV1IsNotAcceptedByPublicDecoders (0.00s)
=== RUN   TestNativeTxV1SigningHashBindsEveryUnsignedField
=== RUN   TestNativeTxV1SigningHashBindsEveryUnsignedField/chain_id
=== RUN   TestNativeTxV1SigningHashBindsEveryUnsignedField/recent_block_hash
=== RUN   TestNativeTxV1SigningHashBindsEveryUnsignedField/recent_block_number
=== RUN   TestNativeTxV1SigningHashBindsEveryUnsignedField/valid_until
=== RUN   TestNativeTxV1SigningHashBindsEveryUnsignedField/payer
=== RUN   TestNativeTxV1SigningHashBindsEveryUnsignedField/replay_sequence
=== RUN   TestNativeTxV1SigningHashBindsEveryUnsignedField/to
=== RUN   TestNativeTxV1SigningHashBindsEveryUnsignedField/value
=== RUN   TestNativeTxV1SigningHashBindsEveryUnsignedField/data
=== RUN   TestNativeTxV1SigningHashBindsEveryUnsignedField/max_fee
=== RUN   TestNativeTxV1SigningHashBindsEveryUnsignedField/priority_fee
=== RUN   TestNativeTxV1SigningHashBindsEveryUnsignedField/compute_limit
=== RUN   TestNativeTxV1SigningHashBindsEveryUnsignedField/memory_limit
=== RUN   TestNativeTxV1SigningHashBindsEveryUnsignedField/log_limit
=== RUN   TestNativeTxV1SigningHashBindsEveryUnsignedField/output_limit
=== RUN   TestNativeTxV1SigningHashBindsEveryUnsignedField/accesses
--- PASS: TestNativeTxV1SigningHashBindsEveryUnsignedField (0.00s)
    --- PASS: TestNativeTxV1SigningHashBindsEveryUnsignedField/chain_id (0.00s)
    --- PASS: TestNativeTxV1SigningHashBindsEveryUnsignedField/recent_block_hash (0.00s)
    --- PASS: TestNativeTxV1SigningHashBindsEveryUnsignedField/recent_block_number (0.00s)
    --- PASS: TestNativeTxV1SigningHashBindsEveryUnsignedField/valid_until (0.00s)
    --- PASS: TestNativeTxV1SigningHashBindsEveryUnsignedField/payer (0.00s)
    --- PASS: TestNativeTxV1SigningHashBindsEveryUnsignedField/replay_sequence (0.00s)
    --- PASS: TestNativeTxV1SigningHashBindsEveryUnsignedField/to (0.00s)
    --- PASS: TestNativeTxV1SigningHashBindsEveryUnsignedField/value (0.00s)
    --- PASS: TestNativeTxV1SigningHashBindsEveryUnsignedField/data (0.00s)
    --- PASS: TestNativeTxV1SigningHashBindsEveryUnsignedField/max_fee (0.00s)
    --- PASS: TestNativeTxV1SigningHashBindsEveryUnsignedField/priority_fee (0.00s)
    --- PASS: TestNativeTxV1SigningHashBindsEveryUnsignedField/compute_limit (0.00s)
    --- PASS: TestNativeTxV1SigningHashBindsEveryUnsignedField/memory_limit (0.00s)
    --- PASS: TestNativeTxV1SigningHashBindsEveryUnsignedField/log_limit (0.00s)
    --- PASS: TestNativeTxV1SigningHashBindsEveryUnsignedField/output_limit (0.00s)
    --- PASS: TestNativeTxV1SigningHashBindsEveryUnsignedField/accesses (0.00s)
=== RUN   TestNativeTxV1ManifestValidation
=== RUN   TestNativeTxV1ManifestValidation/unsorted
=== RUN   TestNativeTxV1ManifestValidation/duplicate
=== RUN   TestNativeTxV1ManifestValidation/invalid_mode
=== RUN   TestNativeTxV1ManifestValidation/invalid_kind
=== RUN   TestNativeTxV1ManifestValidation/account_slot
=== RUN   TestNativeTxV1ManifestValidation/payer_read_only
=== RUN   TestNativeTxV1ManifestValidation/target_missing
=== RUN   TestNativeTxV1ManifestValidation/value_target_read_only
=== RUN   TestNativeTxV1ManifestValidation/storage_account_missing
=== RUN   TestNativeTxV1ManifestValidation/expired_before_reference
--- PASS: TestNativeTxV1ManifestValidation (0.00s)
    --- PASS: TestNativeTxV1ManifestValidation/unsorted (0.00s)
    --- PASS: TestNativeTxV1ManifestValidation/duplicate (0.00s)
    --- PASS: TestNativeTxV1ManifestValidation/invalid_mode (0.00s)
    --- PASS: TestNativeTxV1ManifestValidation/invalid_kind (0.00s)
    --- PASS: TestNativeTxV1ManifestValidation/account_slot (0.00s)
    --- PASS: TestNativeTxV1ManifestValidation/payer_read_only (0.00s)
    --- PASS: TestNativeTxV1ManifestValidation/target_missing (0.00s)
    --- PASS: TestNativeTxV1ManifestValidation/value_target_read_only (0.00s)
    --- PASS: TestNativeTxV1ManifestValidation/storage_account_missing (0.00s)
    --- PASS: TestNativeTxV1ManifestValidation/expired_before_reference (0.00s)
=== RUN   TestNativeTxV1PayerMustMatchRecoveredSigner
--- PASS: TestNativeTxV1PayerMustMatchRecoveredSigner (0.00s)
=== RUN   TestNativeTxV1RejectsOversizedIntegerFields
--- PASS: TestNativeTxV1RejectsOversizedIntegerFields (0.00s)
=== RUN   TestNativeTxV1JSONRequiresExecutionTarget
--- PASS: TestNativeTxV1JSONRequiresExecutionTarget (0.00s)
=== RUN   TestNativeTxV1JSONRequiresExplicitReplaySequence
--- PASS: TestNativeTxV1JSONRequiresExplicitReplaySequence (0.00s)
=== RUN   TestNativeTxV1JSONWithExplicitZeroReplaySequenceIsRejected
--- PASS: TestNativeTxV1JSONWithExplicitZeroReplaySequenceIsRejected (0.00s)
=== RUN   TestNativeTxV1RejectsWirePayloadWithoutReplaySequence
--- PASS: TestNativeTxV1RejectsWirePayloadWithoutReplaySequence (0.00s)
=== RUN   TestDelegationHelpers
--- PASS: TestDelegationHelpers (0.00s)
=== RUN   TestSetCodeAuthorizationSignAndRecover
--- PASS: TestSetCodeAuthorizationSignAndRecover (0.00s)
=== RUN   TestSetCodeAuthorizationRejectsNonCanonicalSignatures
--- PASS: TestSetCodeAuthorizationRejectsNonCanonicalSignatures (0.00s)
=== RUN   TestSetCodeTransactionAuthorizationAccessors
--- PASS: TestSetCodeTransactionAuthorizationAccessors (0.00s)
=== RUN   TestSetCodeAsMessagePreservesTypeAndAuthorizations
--- PASS: TestSetCodeAsMessagePreservesTypeAndAuthorizations (0.00s)
=== RUN   TestSetCodeTransactionJSONRoundTripPreservesAuthority
--- PASS: TestSetCodeTransactionJSONRoundTripPreservesAuthority (0.00s)
=== RUN   TestTypedTransactionRejectsOversizedIntegerFields
--- PASS: TestTypedTransactionRejectsOversizedIntegerFields (0.00s)
=== RUN   TestTypedTransactionRejectsTrailingPayload
--- PASS: TestTypedTransactionRejectsTrailingPayload (0.00s)
=== RUN   TestTypedTransactionRoundTrip
--- PASS: TestTypedTransactionRoundTrip (0.00s)
=== RUN   TestTypedTransactionHashUsesRawEnvelope
--- PASS: TestTypedTransactionHashUsesRawEnvelope (0.00s)
=== RUN   TestDeriveShaBatchPathAndSerialThreshold
--- PASS: TestDeriveShaBatchPathAndSerialThreshold (0.00s)
=== RUN   TestDeriveShaBatchFallbackAndGenericListCompatibility
--- PASS: TestDeriveShaBatchFallbackAndGenericListCompatibility (0.01s)
=== RUN   TestDeriveShaBatchMatchesSerialRandomized
--- PASS: TestDeriveShaBatchMatchesSerialRandomized (0.24s)
=== RUN   TestDeriveShaBatchBiasedSequentialIndexKeys
--- PASS: TestDeriveShaBatchBiasedSequentialIndexKeys (0.93s)
=== RUN   TestDeriveShaBatchConcurrent
--- PASS: TestDeriveShaBatchConcurrent (0.13s)
=== RUN   TestDeriveShaFromEncodedMatchesDerivableList
--- PASS: TestDeriveShaFromEncodedMatchesDerivableList (0.04s)
PASS
ok  	github.com/cypherium/cypher/core/types	5.960s
=== RUN   TestBlobHashOpcodeUsesContextHashes
--- PASS: TestBlobHashOpcodeUsesContextHashes (0.00s)
=== RUN   TestBlobHashOpcodeOutOfRangeReturnsZero
--- PASS: TestBlobHashOpcodeOutOfRangeReturnsZero (0.00s)
=== RUN   TestBlobHashOpcodeDoesNotTruncateWideIndex
--- PASS: TestBlobHashOpcodeDoesNotTruncateWideIndex (0.00s)
=== RUN   TestBlobBaseFeeOpcodeUsesContextValue
--- PASS: TestBlobBaseFeeOpcodeUsesContextValue (0.00s)
=== RUN   TestBlobBaseFeeOpcodeNilReturnsZero
--- PASS: TestBlobBaseFeeOpcodeNilReturnsZero (0.00s)
=== RUN   TestModernPrecompileForkSets
--- PASS: TestModernPrecompileForkSets (0.00s)
=== RUN   TestModernModExpGasAndExecution
=== RUN   TestModernModExpGasAndExecution/EIP-7823_modulus
=== RUN   TestModernModExpGasAndExecution/EIP-7823_base
=== RUN   TestModernModExpGasAndExecution/EIP-7823_exponent
--- PASS: TestModernModExpGasAndExecution (0.00s)
    --- PASS: TestModernModExpGasAndExecution/EIP-7823_modulus (0.00s)
    --- PASS: TestModernModExpGasAndExecution/EIP-7823_base (0.00s)
    --- PASS: TestModernModExpGasAndExecution/EIP-7823_exponent (0.00s)
=== RUN   TestEIP7823ExceptionalHaltConsumesAllGas
--- PASS: TestEIP7823ExceptionalHaltConsumesAllGas (0.00s)
=== RUN   TestKZGPointEvaluationValidation
--- PASS: TestKZGPointEvaluationValidation (0.00s)
=== RUN   TestP256Verify
=== RUN   TestP256Verify/r_at_group_order
=== RUN   TestP256Verify/s_at_group_order
=== RUN   TestP256Verify/short_input
=== RUN   TestP256Verify/zero_r
=== RUN   TestP256Verify/zero_s
=== RUN   TestP256Verify/x_at_field_modulus
=== RUN   TestP256Verify/y_at_field_modulus
=== RUN   TestP256Verify/point_at_infinity
=== RUN   TestP256Verify/off-curve_point
--- PASS: TestP256Verify (0.00s)
    --- PASS: TestP256Verify/r_at_group_order (0.00s)
    --- PASS: TestP256Verify/s_at_group_order (0.00s)
    --- PASS: TestP256Verify/short_input (0.00s)
    --- PASS: TestP256Verify/zero_r (0.00s)
    --- PASS: TestP256Verify/zero_s (0.00s)
    --- PASS: TestP256Verify/x_at_field_modulus (0.00s)
    --- PASS: TestP256Verify/y_at_field_modulus (0.00s)
    --- PASS: TestP256Verify/point_at_infinity (0.00s)
    --- PASS: TestP256Verify/off-curve_point (0.00s)
=== RUN   TestFinalBLSGasSchedule
--- PASS: TestFinalBLSGasSchedule (0.00s)
=== RUN   TestDEXNativeRejectsAlternateCallContextsAndReservedCreation
=== RUN   TestDEXNativeRejectsAlternateCallContextsAndReservedCreation/callcode
=== RUN   TestDEXNativeRejectsAlternateCallContextsAndReservedCreation/delegatecall
=== RUN   TestDEXNativeRejectsAlternateCallContextsAndReservedCreation/staticcall
=== RUN   TestDEXNativeRejectsAlternateCallContextsAndReservedCreation/internalcall
--- PASS: TestDEXNativeRejectsAlternateCallContextsAndReservedCreation (0.00s)
    --- PASS: TestDEXNativeRejectsAlternateCallContextsAndReservedCreation/callcode (0.00s)
    --- PASS: TestDEXNativeRejectsAlternateCallContextsAndReservedCreation/delegatecall (0.00s)
    --- PASS: TestDEXNativeRejectsAlternateCallContextsAndReservedCreation/staticcall (0.00s)
    --- PASS: TestDEXNativeRejectsAlternateCallContextsAndReservedCreation/internalcall (0.00s)
=== RUN   TestEIP7702CallVariantsResolveOneDelegationLevel
=== RUN   TestEIP7702CallVariantsResolveOneDelegationLevel/CALL
=== RUN   TestEIP7702CallVariantsResolveOneDelegationLevel/CALLCODE
=== RUN   TestEIP7702CallVariantsResolveOneDelegationLevel/DELEGATECALL
=== RUN   TestEIP7702CallVariantsResolveOneDelegationLevel/STATICCALL
--- PASS: TestEIP7702CallVariantsResolveOneDelegationLevel (0.00s)
    --- PASS: TestEIP7702CallVariantsResolveOneDelegationLevel/CALL (0.00s)
    --- PASS: TestEIP7702CallVariantsResolveOneDelegationLevel/CALLCODE (0.00s)
    --- PASS: TestEIP7702CallVariantsResolveOneDelegationLevel/DELEGATECALL (0.00s)
    --- PASS: TestEIP7702CallVariantsResolveOneDelegationLevel/STATICCALL (0.00s)
=== RUN   TestEIP7702CodeResolutionForkBoundaryAndSingleHop
--- PASS: TestEIP7702CodeResolutionForkBoundaryAndSingleHop (0.00s)
=== RUN   TestEIP7702CallGasWarmsDelegationTarget
--- PASS: TestEIP7702CallGasWarmsDelegationTarget (0.00s)
=== RUN   TestCreateInitCodeWordGasEIP3860
--- PASS: TestCreateInitCodeWordGasEIP3860 (0.00s)
=== RUN   TestCreateRejectsOversizedInitCodeAtShanghai
--- PASS: TestCreateRejectsOversizedInitCodeAtShanghai (0.00s)
=== RUN   TestCreateOpcodesExceptionalHaltOnOversizedInitCode
=== RUN   TestCreateOpcodesExceptionalHaltOnOversizedInitCode/CREATE
=== RUN   TestCreateOpcodesExceptionalHaltOnOversizedInitCode/CREATE2
--- PASS: TestCreateOpcodesExceptionalHaltOnOversizedInitCode (0.00s)
    --- PASS: TestCreateOpcodesExceptionalHaltOnOversizedInitCode/CREATE (0.00s)
    --- PASS: TestCreateOpcodesExceptionalHaltOnOversizedInitCode/CREATE2 (0.00s)
=== RUN   TestCreateRejectsEFPrefixAtLondon
=== RUN   TestCreateRejectsEFPrefixAtLondon/pre-London
=== RUN   TestCreateRejectsEFPrefixAtLondon/London
--- PASS: TestCreateRejectsEFPrefixAtLondon (0.00s)
    --- PASS: TestCreateRejectsEFPrefixAtLondon/pre-London (0.00s)
    --- PASS: TestCreateRejectsEFPrefixAtLondon/London (0.00s)
=== RUN   TestCreateWarmsTargetBeforeCollisionAndRejectsNonceOverflow
--- PASS: TestCreateWarmsTargetBeforeCollisionAndRejectsNonceOverflow (0.00s)
=== RUN   TestColdCallAccessCostPrecedesEIP150Cap
--- PASS: TestColdCallAccessCostPrecedesEIP150Cap (0.00s)
=== RUN   TestSelfdestructRefundRemovedAtLondon
=== RUN   TestSelfdestructRefundRemovedAtLondon/pre-London
=== RUN   TestSelfdestructRefundRemovedAtLondon/London
--- PASS: TestSelfdestructRefundRemovedAtLondon (0.00s)
    --- PASS: TestSelfdestructRefundRemovedAtLondon/pre-London (0.00s)
    --- PASS: TestSelfdestructRefundRemovedAtLondon/London (0.00s)
=== RUN   TestSstoreClearRefundChangesAtLondon
=== RUN   TestSstoreClearRefundChangesAtLondon/Berlin
=== RUN   TestSstoreClearRefundChangesAtLondon/London
--- PASS: TestSstoreClearRefundChangesAtLondon (0.00s)
    --- PASS: TestSstoreClearRefundChangesAtLondon/Berlin (0.00s)
    --- PASS: TestSstoreClearRefundChangesAtLondon/London (0.00s)
=== RUN   TestCLZForkBoundary
--- PASS: TestCLZForkBoundary (0.00s)
=== RUN   TestCLZ
=== RUN   TestCLZ/zero
=== RUN   TestCLZ/one
=== RUN   TestCLZ/low_byte_high_bit
=== RUN   TestCLZ/bit_255
=== RUN   TestCLZ/all_bits
--- PASS: TestCLZ (0.00s)
    --- PASS: TestCLZ/zero (0.00s)
    --- PASS: TestCLZ/one (0.00s)
    --- PASS: TestCLZ/low_byte_high_bit (0.00s)
    --- PASS: TestCLZ/bit_255 (0.00s)
    --- PASS: TestCLZ/all_bits (0.00s)
=== RUN   TestStringToOpIncludesOsakaCLZ
--- PASS: TestStringToOpIncludesOsakaCLZ (0.00s)
=== RUN   TestInterpreterEnforcesNativeMemoryLimitBeforeAllocation
--- PASS: TestInterpreterEnforcesNativeMemoryLimitBeforeAllocation (0.00s)
=== RUN   TestInterpreterMemoryLimitZeroPreservesLegacyBehavior
--- PASS: TestInterpreterMemoryLimitZeroPreservesLegacyBehavior (0.00s)
=== RUN   TestInterpreterMemoryLimitIsSharedAcrossNestedFrames
--- PASS: TestInterpreterMemoryLimitIsSharedAcrossNestedFrames (0.00s)
=== RUN   TestInterpreterRejectsReturnDataBeforeCopy
--- PASS: TestInterpreterRejectsReturnDataBeforeCopy (0.00s)
=== RUN   TestMemoryResizeUsesAmortizedCapacity
--- PASS: TestMemoryResizeUsesAmortizedCapacity (0.00s)
=== RUN   TestNativePrecompileRejectsOutputBeforeRun
--- PASS: TestNativePrecompileRejectsOutputBeforeRun (0.00s)
=== RUN   TestNativePrecompileRejectsUnmeteredWorkMemory
--- PASS: TestNativePrecompileRejectsUnmeteredWorkMemory (0.00s)
=== RUN   TestLegacyPrecompileResourceLimitsRemainDisabled
--- PASS: TestLegacyPrecompileResourceLimitsRemainDisabled (0.00s)
=== RUN   TestAllActivePrecompilesHaveNativeResourceBounds
--- PASS: TestAllActivePrecompilesHaveNativeResourceBounds (0.00s)
=== RUN   TestBLS12381PairingChargesMillerCoefficientHeap
--- PASS: TestBLS12381PairingChargesMillerCoefficientHeap (0.00s)
=== RUN   TestNestedPrecompileAggregatesCallerMemory
--- PASS: TestNestedPrecompileAggregatesCallerMemory (0.00s)
=== RUN   TestSelfdestructCancunSemantics
=== RUN   TestSelfdestructCancunSemantics/pre-cancun
=== RUN   TestSelfdestructCancunSemantics/cancun-existing-contract
=== RUN   TestSelfdestructCancunSemantics/cancun-same-tx-created
--- PASS: TestSelfdestructCancunSemantics (0.00s)
    --- PASS: TestSelfdestructCancunSemantics/pre-cancun (0.00s)
    --- PASS: TestSelfdestructCancunSemantics/cancun-existing-contract (0.00s)
    --- PASS: TestSelfdestructCancunSemantics/cancun-same-tx-created (0.00s)
=== RUN   TestSelfdestructCancunExistingContractNoBalanceMintWhenBeneficiarySelf
--- PASS: TestSelfdestructCancunExistingContractNoBalanceMintWhenBeneficiarySelf (0.00s)
=== RUN   TestSelfdestructWriteProtectionReadOnly
--- PASS: TestSelfdestructWriteProtectionReadOnly (0.00s)
=== RUN   TestCancunHasTloadTstore
--- PASS: TestCancunHasTloadTstore (0.00s)
=== RUN   TestCancunOpcodeStringOverrides
--- PASS: TestCancunOpcodeStringOverrides (0.00s)
=== RUN   TestMemoryMcopyExpandsForBothRanges
=== RUN   TestMemoryMcopyExpandsForBothRanges/destination_farther
=== RUN   TestMemoryMcopyExpandsForBothRanges/source_farther
=== RUN   TestMemoryMcopyExpandsForBothRanges/zero_length_ignores_offsets
--- PASS: TestMemoryMcopyExpandsForBothRanges (0.00s)
    --- PASS: TestMemoryMcopyExpandsForBothRanges/destination_farther (0.00s)
    --- PASS: TestMemoryMcopyExpandsForBothRanges/source_farther (0.00s)
    --- PASS: TestMemoryMcopyExpandsForBothRanges/zero_length_ignores_offsets (0.00s)
=== RUN   TestMemoryMcopyRejectsWideSourceOffset
--- PASS: TestMemoryMcopyRejectsWideSourceOffset (0.00s)
=== RUN   TestMcopyExecutionExpandsPartiallyOverlappingSource
--- PASS: TestMcopyExecutionExpandsPartiallyOverlappingSource (0.00s)
=== RUN   TestTloadDefaultZeroAndTstoreRoundTrip
--- PASS: TestTloadDefaultZeroAndTstoreRoundTrip (0.00s)
=== RUN   TestTstoreWriteProtectionReadOnly
--- PASS: TestTstoreWriteProtectionReadOnly (0.00s)
PASS
ok  	github.com/cypherium/cypher/core/vm	0.043s
?   	github.com/cypherium/cypher/core/vm/runtime	[no test files]
FAIL
RUN_EXIT_CODE 1
RUN_FINISHED_UTC 2026-09-22T07:33:25.644034+00:00
