line,height,block,tx,payer,nonce,op,status,gas,gasAtoms,commonAtoms,calldata
11,1,0xab903477e27e67db9cfe7f7919c093e380c2f54225a3a2f5903178a25c62cea2,0x2bfb7c7f8e035a865f091cc4a4b469b7dff39534b126d3c1345eaab43dcef8ea,0xfa1a89887B3d554B5A15733FFFE4F642De3910b8,0,funding-1,1,271600,434560000000000,86912000000000,12
14,3,0xb8a22d435a372f86c39f221a4dad11f9d352c43b6eb712590c349073c724b208,0x0b4363645a368dfb52206b5c72c6fb867ce450b66160d3b54f2bd0c71ea93984,0xE7CA5fF5C20FF72e1A1e45a11083a0E640663e90,0,funding-1,1,271600,434560000000000,86912000000000,12
17,5,0xd2e54522183869ece60284867b18442fa9b2d18dad7f082151d4585e11a71156,0x328267c7707ecfed468884fee5680aacdf8e9fc01b6a2a006bceb078cbbb13a8,0x34982A282B5cF900B54df3A4e07672e43a08097d,0,funding-2,1,271600,434560000000000,86912000000000,12
20,7,0x2a3f7f36314b216310fc230a251ff4a5de2712df603acff552f49ad664480392,0x5edf8181a98d1c53e36314ed1701b7ff24b6a34ae8fa95796fac539f3073a5bd,0x34982A282B5cF900B54df3A4e07672e43a08097d,1,funding-3,1,271600,434560000000000,86912000000000,12
131,9,0x6ad55b597f43416453597a54e352ad65a59e964fb77c358a59acc441e061278d,0xf34f8a3f74a2f3e9bc6751cdebdab81472649932f6cbb5b4d02338eb837e83f0,0x12a025b972e8bC244FF4Ae8fC89E028150F27Ea3,0,anchor,1,12793972,20470355200000000,4094071040000000,14456
133,11,0xe0bbdf22dc486657a2b7d0fc1d3f38a2f4a8bc5438765f4a2f75aea87888bb85,0xf08167058ec3feced99648505639a23b39cc35a027364e2af7100057b7c22281,0x6AA32A6a6b85eb0e65859804f2665139868524A1,0,anchor,1,12793972,20470355200000000,4094071040000000,14456
135,13,0x9800cab0d31fdd4a63a1788c88db86a0b2dfccd6538aa350fc5e2ec4a86501c0,0x0399850059de5cd464f7f1ed75f0cf7c722d69f6ae4d2ae5f543e27acec43dc3,0x12a025b972e8bC244FF4Ae8fC89E028150F27Ea3,1,checkpoint,1,12125436,19400697600000000,3880139520000000,2052
137,15,0xc6a44bdd3a78b803ff310775f8a1e7ae79b1856fe49d59d018b3be7af37d4376,0x19f99ee74d43fab0576f80fba1ecda9df36c54765dc2574d5d19eb3c7913e917,0x12a025b972e8bC244FF4Ae8fC89E028150F27Ea3,2,checkpoint,1,12126132,19401811200000000,3880362240000000,2052
138,16,0xb7feab6d42c2fde7fa61deba49b84948f7fa97855f05687e13c059bb31aaf623,0xbef29435ab47a161b4bbaaf637a7ddc874208b063271c7618c3117f6490a5773,0x6AA32A6a6b85eb0e65859804f2665139868524A1,1,checkpoint-replay,1,12126132,19401811200000000,3880362240000000,2052
140,18,0xaecb84d4c8d3f25da0023f795a50785187305e63d049141711bc90b9bf3b6436,0xa75cc0dd031885cbb8f8d5aa5461abe4aee4d052e4623d28e9529119f1a9c3ab,0x12a025b972e8bC244FF4Ae8fC89E028150F27Ea3,3,checkpoint,1,12126168,19401868800000000,3880373760000000,2052
141,19,0xb5b5037904f68ca9728988909376e2efa4a97d8e4eec57c041b5dfcfb43cadd4,0x2e2b03c367533027e4d6d77a70b4904611760bdf30bcd6725b99a8edc0b962fd,0x6AA32A6a6b85eb0e65859804f2665139868524A1,2,checkpoint-replay,1,12126168,19401868800000000,3880373760000000,2052
143,21,0xbcd5626865d869ca4417c5bc5d3400da3fb1ca0a6756f73d1eeb2f60ed0332cc,0x30166dc116fd41e1077fc47c131afc70fd038f55791ff454589b79c2e2a5bdd9,0x12a025b972e8bC244FF4Ae8fC89E028150F27Ea3,4,checkpoint,1,12153864,19446182400000000,3889236480000000,2574
144,22,0xc695955f5137cc762eb17e0be252cc0d6f8a2dcba5ea6b015bfc852cfcabb49f,0x46adb55884b9e89cdd2b8354f730b3eb78fa5fcafe5e7476636ddaa62ab8ebcb,0x6AA32A6a6b85eb0e65859804f2665139868524A1,3,checkpoint-replay,1,12153864,19446182400000000,3889236480000000,2574
146,24,0x691e17720ae3f34f36fbd112968fd8c87d6bbfdae2c144e75ae9f92822e2928d,0x0c630eb5bf425abe0ded88b5ae54238b744cff1a29caf25adab8a2781b1119b5,0x12a025b972e8bC244FF4Ae8fC89E028150F27Ea3,5,checkpoint,1,12126180,19401888000000000,3880377600000000,2052
147,26,0xa92fe5581f6bc8ed67472054b71552a0cb13aa1023455630ab1a5ba57b2d22f7,0xa4b44631ddf867a214bab1860ff94bd917d1f7a99226b27d617e82c98a5b8d29,0x6AA32A6a6b85eb0e65859804f2665139868524A1,4,checkpoint-replay,1,12126180,19401888000000000,3880377600000000,2052
149,28,0x71b872b53fbc17df98a79224cc41edb620f2c63f44d086aaad563eef4bf9d139,0xdcbd8f12189053d16f6b8bb354328d96645f30b16fe37f1d53b8cff1ffc0765a,0x12a025b972e8bC244FF4Ae8fC89E028150F27Ea3,6,checkpoint,1,12126192,19401907200000000,3880381440000000,2052
150,30,0x3e06182f6718b3fb8ddb83e262980dd159af4257c960bd853377443e2324406d,0x18dcd0cbfc2c688ed0bf17ebc8a862cb81eb8fc7b2eed5c1b6999194396406ec,0x6AA32A6a6b85eb0e65859804f2665139868524A1,5,checkpoint-replay,1,12126192,19401907200000000,3880381440000000,2052
152,32,0x1ad279df9c4ee9f3450f29c8b2b123f6b0f5d2bbd16036fb1cbe7d7a206ce0ab,0xeb6a90a2f25aaba249e36c56ee35c3bfe55786d0720250efc755e2f30d9c440c,0x12a025b972e8bC244FF4Ae8fC89E028150F27Ea3,7,checkpoint,1,12126192,19401907200000000,3880381440000000,2052
153,34,0x426f9decebf600b75cfd33e7e3a7e404577a4a360a19318a09fa9ad43cca20ef,0x413673c5c9a628bb583f377ad8d7f74f2f1da2b60618ef8c1cb4e831f704641e,0x6AA32A6a6b85eb0e65859804f2665139868524A1,6,checkpoint-replay,1,12126192,19401907200000000,3880381440000000,2052
155,36,0x3ba079eed731541a3486348801d082b8447e92dec141ef2f0b630b7d1ce12406,0xe581da10ca2284ddae1f624e294140a4eb2023f53c3cdfccb6f434a192c784b5,0x12a025b972e8bC244FF4Ae8fC89E028150F27Ea3,8,checkpoint,1,12126180,19401888000000000,3880377600000000,2052
156,37,0x15522161eb2767438ccf6552ef6edd8c1575c85b76594e5ca1b36f0db8460065,0x30f4bad17cee33af59891d5d722917be8788d44b75443064df0362cabcce23ff,0x6AA32A6a6b85eb0e65859804f2665139868524A1,7,checkpoint-replay,1,12126180,19401888000000000,3880377600000000,2052
158,39,0x69326d5223a7014274ccd51fca03b2050225c3864470e5c4d3acd73087f4d2c1,0x124d52b9edc3253b54ab1f31138798cc9c6e167e0d0ce4ed93381e069008a4a3,0x12a025b972e8bC244FF4Ae8fC89E028150F27Ea3,9,checkpoint,1,12126180,19401888000000000,3880377600000000,2052
159,41,0xb746c9a23ec1711cd1bc6cfafcf3d8bd27011d6aa37dc35a0f825960f6cbe36d,0xa9eacdb003c50904f3439c46dd6ff01c94f56ec9edfdf38a37d7695155ac5ca0,0x6AA32A6a6b85eb0e65859804f2665139868524A1,8,checkpoint-replay,1,12126180,19401888000000000,3880377600000000,2052
161,43,0x1e2f66a1d48842ca08fbdfc4b1ff79affd4e006b6e95802f680820d77d06ee75,0x73d3f3347bb1918b29651f4a50bee95437245211fe2c3cfcd702def5cbc28819,0x12a025b972e8bC244FF4Ae8fC89E028150F27Ea3,10,checkpoint,1,12153792,19446067200000000,3889213440000000,2574
163,45,0x31d54526635d3cfd81b4c01c4cb7ae4d8d2f9faac59bd073005d3634035b462d,0x7b9a656b89b85bebb1dcb232d90452cfafe7b1d58d2d0696f5c3f218bc0bf2ef,0x6AA32A6a6b85eb0e65859804f2665139868524A1,9,checkpoint-replay,1,12153792,19446067200000000,3889213440000000,2574
165,47,0xcf81ec594370e6f60c502e70ff44994e3a0e831061fbe8fe8366d761439285b4,0x82e0a4fa176ea48a40effc9994f0c4fdbb68fb76750a62df829f604fecab9e19,0x12a025b972e8bC244FF4Ae8fC89E028150F27Ea3,11,checkpoint,1,12126132,19401811200000000,3880362240000000,2052
167,49,0x8f2e3d89597106636ee397d0df964ce8dde56b449c2b7445948c948e839bc6f1,0x5e124ed834fe49556af9b0ab734f70321091a70e4de1fb62a9c175a295cdb1f8,0x6AA32A6a6b85eb0e65859804f2665139868524A1,10,checkpoint-replay,1,12126132,19401811200000000,3880362240000000,2052
169,51,0xb02223340acdb1722e39e394a477b72f6aaec06a0cf483033821d8869ba6d888,0x80c96126cf4f37985cc38f10c0a2e427a401ce51be9e6982a8f7068c522da4b4,0x12a025b972e8bC244FF4Ae8fC89E028150F27Ea3,12,checkpoint,1,12126204,19401926400000000,3880385280000000,2052
171,52,0x97b8a878580170b6df2aa2ac6d320b0a244f5a6afd8dc82ea26984195fcf12ba,0x46a00a3257cd4a98e35d06adf39ed9d4d5912abfeb169cfdf94c1513f6c5a071,0x6AA32A6a6b85eb0e65859804f2665139868524A1,11,checkpoint-replay,1,12126204,19401926400000000,3880385280000000,2052
173,54,0x4d2e72c27e48ada298eafa4f65fbd85730119800c9c2589ef728f95f6b87e1ab,0x0028cab606840219aa683e5fc3831ce86d711d6ce0dcf3d30b75487eb459a0ce,0x12a025b972e8bC244FF4Ae8fC89E028150F27Ea3,13,checkpoint,1,12126264,19402022400000000,3880404480000000,2052
175,55,0xd20bc93f24bf3ac58ed28855b62ebaebc75610224f9e6bb962bc10842140d51e,0x21ce1a7a3334783699e98bb1d44a0a234ef60246680e15916e5140464486073e,0x6AA32A6a6b85eb0e65859804f2665139868524A1,12,checkpoint-replay,1,12126264,19402022400000000,3880404480000000,2052
177,57,0xaa5acb608dd68e7b03acf5134689ef2c69237c6c3caad4096b3c5dcb8fed717e,0x58f8c029159755462caf4f5d34755351ad6f1ce97c3a04b071007bb6ab04bba5,0x12a025b972e8bC244FF4Ae8fC89E028150F27Ea3,14,checkpoint,1,12126732,19402771200000000,3880554240000000,2052
178,59,0x4255d08bf28ec9ddc6134f1720107d6acb42435c05c8c2d2fa87c8e6cb4638c3,0x5daed1d520257ecd5213e3546d5ce3e6946051d36ebfc189f8a3ba85e435611b,0x6AA32A6a6b85eb0e65859804f2665139868524A1,13,checkpoint-replay,1,12126732,19402771200000000,3880554240000000,2052
181,61,0x12dd8c5a3137fdd82aff26e061daf51906f804ffeb2aefcbfbc2f4cd3ab3de0d,0xc1c2e995c5daaf28568fa2ebb2d30df551c36444c60c7672862af71bfa57f030,0x12a025b972e8bC244FF4Ae8fC89E028150F27Ea3,15,checkpoint,1,12126192,19401907200000000,3880381440000000,2052
183,63,0x3b2655e06c9495d6a6334f1f47e503721d8c77660c33fc0b86a9775834ce6c42,0xbc903f747e43219acbd0a5584820846f13d2b28bd57290e43f3b06c5ea792823,0x6AA32A6a6b85eb0e65859804f2665139868524A1,14,checkpoint-replay,1,12126192,19401907200000000,3880381440000000,2052
185,65,0xabd457a915a07f224ad4d169ae10ff4d60485985842ae1b2f7e94d83c7d8a260,0x81a5c2fc187046ea5fb73147fa29cf024154ff07888d6058c9e2cb0d543fd270,0x12a025b972e8bC244FF4Ae8fC89E028150F27Ea3,16,checkpoint,1,12153876,19446201600000000,3889240320000000,2574
187,67,0xdd7e79090c23c06adc493dbca363a202bd3c4bcd0cb655bf6852af9d3c2a5c01,0x0ec478e34ceb427619664829a4b2073326ef04b4110c8a48e95f76d76959e6a4,0x6AA32A6a6b85eb0e65859804f2665139868524A1,15,checkpoint-replay,1,12153876,19446201600000000,3889240320000000,2574
189,69,0x0733e2679df1f08118213dfdc3d1dd3ced114e20460eaabdc298129fd4461daa,0x53c35a245a0765f92d28021e988b1e38e5277e430f0693b38f2ae5abc58cb9f1,0x12a025b972e8bC244FF4Ae8fC89E028150F27Ea3,17,checkpoint,1,12126180,19401888000000000,3880377600000000,2052
191,71,0xc28c36118397900fad7d8b58b3cd2782b25e5c3ca13b8de01e9723d7990b92b0,0x8aef8116310d6da6e8de298a41f98f55d3c39012afde59ae56ef1ffd3d13c89e,0x6AA32A6a6b85eb0e65859804f2665139868524A1,16,checkpoint-replay,1,12126180,19401888000000000,3880377600000000,2052
193,73,0xd6701b968a02af94511eec1dc06ba30c2af6b5181bd049a6afc6c83cc60e1270,0x97b3b786ad9c1b743eef144396bd2347b80d8ae66c8043f5ee9a68d9797b1201,0x12a025b972e8bC244FF4Ae8fC89E028150F27Ea3,18,checkpoint,1,12127188,19403500800000000,3880700160000000,2052
223,75,0xd6ae1197a75302bcf7a96858a692390124979ce9309268500be71d62192c09e6,0x91741d90885b042c74933380cb815762ceb9684e0ff1c7906dec5de5cd5836a5,0x6AA32A6a6b85eb0e65859804f2665139868524A1,17,claim,1,390156,624249600000000,124849920000000,356
224,76,0xe820c822436d2a1a6e46cb47ad361a425933d797bb5cc640a87e63be2d5dd76f,0x735f47b1812be9716ddb92c8c95136ffc86e168c1d615873f075062cbbb5fe16,0x12a025b972e8bC244FF4Ae8fC89E028150F27Ea3,19,claim-replay,1,390156,624249600000000,124849920000000,356
226,78,0x53c16fc668a35d4656b836362d90e4baf98f36df8d2f0fd2cdba07b17363125d,0xaa2ba7e4408a61021f5c7232e019583696fa8cd007a643e66c5584c16394a388,0x6AA32A6a6b85eb0e65859804f2665139868524A1,18,checkpoint,1,12126180,19401888000000000,3880377600000000,2052
227,79,0x1f14fa4c548f445a8ef70a471e178c3547b082b8a75513a4606ba4c6d05c8603,0xbae1f4ae1b43e931c288b97107e7e342e71b380cb0e1031a48cb24820a3665ed,0x12a025b972e8bC244FF4Ae8fC89E028150F27Ea3,20,checkpoint-replay,1,12126180,19401888000000000,3880377600000000,2052
229,81,0x8722d4d358fac601218c621d3e8a85a1950dd184ce6e6ce73b9b49bfec164f5d,0x17b5f05b631e8b3cd164cf41e56c38fba685a203d94d0ff26c352d2515865cd8,0x6AA32A6a6b85eb0e65859804f2665139868524A1,19,claim,1,390156,624249600000000,124849920000000,356
230,83,0x3ad8c46136b4e605847d6fa39a13854a2a1ffd9a7f3ede9248ceff86babe359f,0x68ff84b004ec58ef4f8fa40f513df96a7202414f59837380daa2e6e027624108,0x12a025b972e8bC244FF4Ae8fC89E028150F27Ea3,21,claim-replay,1,390156,624249600000000,124849920000000,356
234,85,0x0b456b98c0773eda91af9b2a3b5f49860e4d86135a441613e5a4cbbf70fb2f94,0x30e0577de54b48dd33427d53245395fd67589964e8ceaa2a186d3735dc2fceb8,0xfa1a89887B3d554B5A15733FFFE4F642De3910b8,1,funding-1,1,271600,434560000000000,86912000000000,12
237,87,0x10a9ca0853bf5ad9ae85eec4478ed7e095995012aeaeedce94f8f0829a693741,0x942254eb5dd963f89fefab5677eca35561de918c46ddc11e5bb973974c7adafd,0xE7CA5fF5C20FF72e1A1e45a11083a0E640663e90,1,funding-1,1,271600,434560000000000,86912000000000,12
317,89,0xabc5f0f38663a680514cb7917af8fcfb910edfd4d07a251777cdd5a6fb3b53b1,0x21fd25edb4b3afe3ab750bb8f3c7e280b5434f4163065344a3207c688191ee97,0x6AA32A6a6b85eb0e65859804f2665139868524A1,20,claim,1,390144,624230400000000,124846080000000,356
319,91,0xf0ba5864447aa9cf0bfb0db85ce29791a5278dd079df36d33bf5c81527b58dce,0xa751d4c8669d397c0b66c8b2d3c5328fdb8a6d9644e7b8f37e3de9d9a227f93b,0x12a025b972e8bC244FF4Ae8fC89E028150F27Ea3,22,checkpoint,1,12153864,19446182400000000,3889236480000000,2574
321,93,0x40c1f05437f34105bd37aa7b3cc90975c44d48f6fe8c193a1d8ca942951de9d2,0xea64dd56f239e0dead2bd189ae5911a9b02fadd180374699e02f465ed558ca12,0x6AA32A6a6b85eb0e65859804f2665139868524A1,21,anchor,1,15300304,24480486400000000,4896097280000000,61421
323,95,0x2722457ab4a2494658d6a51f850139dc37e42c64bcf23b7533506585ec1d4a14,0xd089478e08e6743272d4c94b431d8cb1bc44e49f712068188e768fd2f20f198f,0x12a025b972e8bC244FF4Ae8fC89E028150F27Ea3,23,claim,1,390156,624249600000000,124849920000000,356
325,97,0x281209454dce1e6504dbddd13972b57583eab3c5f4740b67da6c6fdf63fd810e,0xd94e34e32e0793196f47e5051749f26f5e1c74736181d90388b1e550d4f4f473,0x6AA32A6a6b85eb0e65859804f2665139868524A1,22,claim,1,390144,624230400000000,124846080000000,356
327,99,0x5dea6bb92aaa4822f4e22a8d7dfe643a8660054f7dfcb180b0ec08cd5439500b,0xb2207cdb22efc298d2f19ac4310131604bc1ecd8f7fb48159ef8f191928f8693,0x12a025b972e8bC244FF4Ae8fC89E028150F27Ea3,24,checkpoint,1,12126168,19401868800000000,3880373760000000,2052
329,101,0xd41d227693b2e0aa19610149f61209264806b1b38002c0717821fe4f6c525420,0xdbf958c270127a249f518b40b31eae35af0250e47a158d37f3a076bf70d6c7e3,0x12a025b972e8bC244FF4Ae8fC89E028150F27Ea3,25,claim,1,390156,624249600000000,124849920000000,356
330,103,0x2c8de62367499e871b90f3c68d74b2c929a45bf81dfdea82ae75b500b8eb57d5,0x3dc6b88e62445091b136ff1375cf9dce62c591b3eecadfe01dd8e5cc06a1831f,0x6AA32A6a6b85eb0e65859804f2665139868524A1,23,claim-replay,1,390156,624249600000000,124849920000000,356
332,105,0x53b66816fa63148393e3fed834b20d46d1f82c965f607620c9a3810c446c794b,0xddceb2e29faa52c6e85a19bfb213edd6abb70339b73ca1d20346f7ad2f9165d4,0x12a025b972e8bC244FF4Ae8fC89E028150F27Ea3,26,checkpoint,1,12153840,19446144000000000,3889228800000000,2574
333,107,0x2e35dcb7f5245fae554750d7db08bbe90d73c1f936a42b3c57f56038c1981a5e,0xb12c3afb9f082c53817ae28535901d8b831a1a7c62f1d4bfb63833ce87a7f2ce,0x6AA32A6a6b85eb0e65859804f2665139868524A1,24,checkpoint-replay,1,12153840,19446144000000000,3889228800000000,2574
335,109,0xd25b1b011f262f75a7f11907691c0b5340f1b3246b026ecf1c0b5d0b9f73ba11,0x1da61cdd10071d53989311ccbbd467f1f3f245389a60da72f25120f889c4b3b2,0x6AA32A6a6b85eb0e65859804f2665139868524A1,25,anchor,1,15310532,24496851200000000,4899370240000000,61636
337,110,0x64afaf5c2b5f68b0037c94878efc3783393a45ea7a7185dee6ad871410ced61e,0x0f6acd4cc18472087e34e592f3d558978f302538d135bcedcfe9e80844137cb0,0x12a025b972e8bC244FF4Ae8fC89E028150F27Ea3,27,anchor,1,15310532,24496851200000000,4899370240000000,61636
339,112,0x8589a0c5a87e3b11961a5f1d9e815f7398a727e8bfa898660239ba2d9c283506,0x9119626e8ce8290e7aec7845a5180570c4e2dcc669760ad8642626d8ffcc02b3,0x6AA32A6a6b85eb0e65859804f2665139868524A1,26,checkpoint,1,12126120,19401792000000000,3880358400000000,2052
340,113,0xadb86aa88cc9fb0b428b280058c846f812d7ef80720bc6b4c1a9b2345685f882,0x51360da9de8453927a4a7695e1184630c0aad11e5d4d0212aacf072e49628957,0x12a025b972e8bC244FF4Ae8fC89E028150F27Ea3,28,checkpoint-replay,1,12126120,19401792000000000,3880358400000000,2052
342,115,0x309d0a46e7e56da3bab1706543f47d6b0d2f6ca9e6f98efea28a849b5a08caed,0xc253270469c7a99bebd1029c23b30634cb1bbc554d5b1ea734667d27989b5af9,0x6AA32A6a6b85eb0e65859804f2665139868524A1,27,checkpoint,1,12181548,19490476800000000,3898095360000000,3096
345,117,0xc68a0eef3950b454ca37130a7b9c812eb891c520acd96240f21cff1802aa5e9f,0x82f99e442ae78a57bf6b8ed7a2b41090649305072f6801b48db6147c7f60d8be,0x12a025b972e8bC244FF4Ae8fC89E028150F27Ea3,29,anchor,1,14519024,23230438400000000,4646087680000000,46768
347,119,0xceb9932579006d38679a54f873cb01c6046f2e965f68da4866e29fba7195d600,0x532c93a8b4aab69bc050830496279f6b2dfde3c81eed7801a94d2e67aec1e4df,0x6AA32A6a6b85eb0e65859804f2665139868524A1,28,anchor,1,14519024,23230438400000000,4646087680000000,46768
350,121,0x27aa456960e35dc7b7d9377414f51a11c97bf81cab3ef955cb25de8dcd70c115,0xf350d5188e42ef5ac777b9c123d3d805315f80a38dbd18f0c24d7c87e375c427,0x12a025b972e8bC244FF4Ae8fC89E028150F27Ea3,30,checkpoint,1,12154356,19446969600000000,3889393920000000,2574
352,123,0x891f46005e67205b3e8c77183c582977c8f2978d2cce81f4880fd3bf9095c637,0x98829d84b712033cb6c6983c95e11fc46b4e347508252a976567e848f9e0e799,0x6AA32A6a6b85eb0e65859804f2665139868524A1,29,checkpoint-replay,1,12154356,19446969600000000,3889393920000000,2574
354,125,0xff15aaf7e427bac7a0315089c87ef242080beacbfc5248430acaeea8e3d99fd5,0x6bd6fc1dbceba07d7cd775bd36eee6f8403d2f5e08162203004e074ec5c5cef8,0x12a025b972e8bC244FF4Ae8fC89E028150F27Ea3,31,checkpoint,1,12126204,19401926400000000,3880385280000000,2052
356,127,0xa3e6c2641efd4ee8586cdc2c71d25739835a9d351d7d3ec3923db329da7b09aa,0x8b1d61d58c1574a59b7020d31932584009484233807769567baa5f243f53e20f,0x6AA32A6a6b85eb0e65859804f2665139868524A1,30,checkpoint-replay,1,12126204,19401926400000000,3880385280000000,2052
358,129,0x1e784a9a590d703d661408a81533aee6b341aa0bc8dfb69d69c8e5227216fa7b,0x5585ee6f927cab8be5c7e12202f765a2d01bb72b5667a4bfd13a84c983fae2bf,0x6AA32A6a6b85eb0e65859804f2665139868524A1,31,checkpoint,1,12126204,19401926400000000,3880385280000000,2052
360,131,0xda5f8307e2d32308547dd3e3608246ffb7743d5d2bcdd98de5c9d10f1d2b7573,0xa91dbfca4f86b8cd291f035dc08a50ef844a84448bdcb4921c7c994d68cdc9c9,0x12a025b972e8bC244FF4Ae8fC89E028150F27Ea3,32,checkpoint-replay,1,12126204,19401926400000000,3880385280000000,2052
362,133,0xf460fd982d176c09c06ff084abbf55c63dec770bcc3ac49f18f3aed3c4291d55,0x985564b66c0364de7de44946d79185b20f3b2f4115553e52a0074bd8cb6ff4e7,0x6AA32A6a6b85eb0e65859804f2665139868524A1,32,checkpoint,1,12126192,19401907200000000,3880381440000000,2052
365,135,0xe24159f170639fde72c1d2f7952d7f283410263767856b5ef21399d5e35e348d,0x47dc6872efa23457b1dc4b3e74f4ac49a8e7bb12de01c1d07ce9063cab3441c8,0x6AA32A6a6b85eb0e65859804f2665139868524A1,33,checkpoint,1,12126228,19401964800000000,3880392960000000,2052
367,137,0xbfaceba214ba04b1e9818a37f26b2736d2ccfa94c86179c4a5597671e70bc20a,0x26c09a78baa0c45224f23b7317677ac80f2cc7bdfa0f914b97fad3441b7024f4,0x12a025b972e8bC244FF4Ae8fC89E028150F27Ea3,33,checkpoint-replay,1,12126228,19401964800000000,3880392960000000,2052
369,139,0xfaf9f4d222d55b74870b7f118d42b9e7df31c05fa086b8f0a05dfc93ab09f439,0xc630fe308c36bbe6575bdf726495917104a477e69c00341ea30a86bba5643f34,0x6AA32A6a6b85eb0e65859804f2665139868524A1,34,checkpoint,1,12126156,19401849600000000,3880369920000000,2052
371,141,0xe321b33bbca5ccb1e6390562766341ea84310203dde648584047accd7bee1766,0x1a6f7e5f91617afec19a80028a68bc0de2f5aaed694468c6fab913bf2ddf8777,0x12a025b972e8bC244FF4Ae8fC89E028150F27Ea3,34,checkpoint-replay,1,12126156,19401849600000000,3880369920000000,2052
373,143,0xc40eb301d618ec2394748faf09756074b249cad6e453f6c20f4f77118d55a909,0x4ed0a8ec19c3c3c0e46a64a0002af88af0ef02b844fd821fe578ced8f32fc16a,0x6AA32A6a6b85eb0e65859804f2665139868524A1,35,checkpoint,1,12126168,19401868800000000,3880373760000000,2052
375,145,0x9c7ce5f034b949ccf7d9a181858343e7b441f73a236a2f36fa778301f870023b,0x6d50770bbfd24d0248e4406e6b70c7ec23ee1714803abf52a45c898259d4f863,0x12a025b972e8bC244FF4Ae8fC89E028150F27Ea3,35,checkpoint-replay,1,12126168,19401868800000000,3880373760000000,2052
377,147,0xcd96031bdfd2f2b501bc5718ef9209b5f6c01ee242058981232f1cc607ccf0d8,0xdd0de1075fc313751e59a90244b4811f9fe097dfa332405e5897d12b87df4721,0x6AA32A6a6b85eb0e65859804f2665139868524A1,36,checkpoint,1,12126204,19401926400000000,3880385280000000,2052
379,149,0x4056a730b223e54ef09c5279fd704905dc09900beb79613578a8cb9d57b4f54c,0xf29028045d188460570b3b66a002bb8c92d2fb34cde70f4eca29a773e216b9bb,0x12a025b972e8bC244FF4Ae8fC89E028150F27Ea3,36,checkpoint-replay,1,12126204,19401926400000000,3880385280000000,2052
381,151,0x276d5ffdcb33b2ccf8498cc20e7ba4c407467a254d7081dff586ebb7932858e0,0xbb2e4d156b5ce393693f978458273cf07cd9d20cdbb6156e9b607c4b29f693a3,0x6AA32A6a6b85eb0e65859804f2665139868524A1,37,checkpoint,1,12126228,19401964800000000,3880392960000000,2052
384,153,0xc40ba9066f440aeb8e6f11e19b9c8bb3abadcfde0ec4fc75a55d83f52fde0893,0x4a56ea99eb0d349cd02dde4910594361ac6fc08a35643fc59e113f942cca1881,0x12a025b972e8bC244FF4Ae8fC89E028150F27Ea3,37,checkpoint,1,12127164,19403462400000000,3880692480000000,2052
386,154,0x446c631a3f30b10f8461f86f36cd900008b72cf754e6b6dfa68886bd92cb3292,0xfa617739171b9a38c8b5f4169a5a491b62641b6fbfd25c5ad20d1b11cfd4a981,0x6AA32A6a6b85eb0e65859804f2665139868524A1,38,checkpoint-replay,1,12127164,19403462400000000,3880692480000000,2052
388,156,0x939907473fd5a1886cc8486371b7bd026fa489baa7b09f833715f4a0b8e8c515,0x6e6a0a119952208a4610f59c58627372dbf2fbae22ab29be1d147f6d8f30e8e5,0x12a025b972e8bC244FF4Ae8fC89E028150F27Ea3,38,checkpoint,1,12153852,19446163200000000,3889232640000000,2574
390,157,0x1ce49cbed9530ae6b386f5652b7d72804a16e51b4f239f6eb79da3679b697943,0x967dbb2817865cc0624065feca571ed369ce531f7eef3b1e334ecd3470aa9c2d,0x6AA32A6a6b85eb0e65859804f2665139868524A1,39,checkpoint-replay,1,12153852,19446163200000000,3889232640000000,2574
392,159,0x8fdd030f6dd80ad4e838ee47a8905ad946bc76a938f115ef37d06eda3e922220,0x7ab5c82a28e69a58757b830d696bc46174b90413156b8d7e6dd1b0ec0fe8cb55,0x12a025b972e8bC244FF4Ae8fC89E028150F27Ea3,39,checkpoint,1,12126168,19401868800000000,3880373760000000,2052
394,160,0x671fce9cc18a8dae3a65f04134f253eb6eb4bc00a75595200b0eee55115bb078,0xf8e7e1248e63d826f02a524392b79c1ab2105352dfa27b8dc74e5232c24fd963,0x6AA32A6a6b85eb0e65859804f2665139868524A1,40,checkpoint-replay,1,12126168,19401868800000000,3880373760000000,2052
396,162,0x38586aee5b25badfa02ce669a00dde04a160c4968f73404223a4d31c92235026,0xa9cdd3fe467105aaccbae5b1e45920fd8967c0d36763e28e9cd2c4b916b4b40f,0x12a025b972e8bC244FF4Ae8fC89E028150F27Ea3,40,checkpoint,1,12154416,19447065600000000,3889413120000000,2574
398,164,0x4256449b3d9416d40b040c5dbae430681bd4cc869481f44b38f55521838ac929,0xb267f097c172d6a1a246edbf9910613f73e24fe63f76a5b3dd5be00f2ec3c159,0x6AA32A6a6b85eb0e65859804f2665139868524A1,41,checkpoint-replay,1,12154416,19447065600000000,3889413120000000,2574
400,166,0x7d9092108819292b6a0d4adf93df26755afe9200af2b31fe12c76b8b91743253,0xbd6c5829c2cc5dd1c8e0e9ea4ea1a19bae21fcf55d0477b69bd6c0390274a7a1,0x12a025b972e8bC244FF4Ae8fC89E028150F27Ea3,41,checkpoint,1,12127200,19403520000000000,3880704000000000,2052
436,168,0x1df9ad35a73e01eeb196ecec962ba3ccf2321d3791770b9246626ac5d27b007c,0x28bb55babe5cbbc8abe0c82ad38febbd4d1cea8054a6cab8d1e9bbd134f5f26b,0x6AA32A6a6b85eb0e65859804f2665139868524A1,42,checkpoint-replay,1,12127200,19403520000000000,3880704000000000,2052
438,170,0x45a4dfa677282aa8a6402fcfffd16091504a2a9bca12228d19f09b1e9141adc5,0x249f4fc22577609e8fa1f4afb87cd98980ee53d92c7bf09a9c5c87babe30de68,0x34982A282B5cF900B54df3A4e07672e43a08097d,2,transfer,1,21000,33600000000000,6720000000000,0
442,172,0xd9b0065ba62b5547ffa4a35e601b583f877540056c87a27db26474021e1c9e1a,0x871b0dab43257e222a1f6039bb13ecd50fd85205faccb97531a7b8c89a930076,0x12a025b972e8bC244FF4Ae8fC89E028150F27Ea3,42,claim,1,390108,624172800000000,124834560000000,356
443,173,0xd10994780b7bf281d33a2c0b3f25a1379adabcd01f37b6a91ca8d7dcc0c16752,0x2ef8dbb0be27902d69f3ee05b3b8ce4fd0539b934e8d326e904af2dc2f5f0674,0x34982A282B5cF900B54df3A4e07672e43a08097d,3,transfer,1,21000,33600000000000,6720000000000,0
447,175,0xca7b9b987e14f771a901e51e9d0da181090d13daf0111b41a09d5e95c3ca0671,0x78df4e8644139bdb18e0210d11e32c12bccc655409a3ba93bf97a8d1d0d74a4d,0x6AA32A6a6b85eb0e65859804f2665139868524A1,43,claim,1,390144,624230400000000,124846080000000,356
448,176,0x869989bc190b45a079454c15f569d7e8a8268c94fec9fc037306bfcb3438974a,0x30f0fdeba2e702f9dbdae21e27aac8c6a185d6e70ff347469dcd9cc041fc8972,0x34982A282B5cF900B54df3A4e07672e43a08097d,4,transfer,1,21000,33600000000000,6720000000000,0
452,178,0x38b2346af0e83f9a83f453207631d31f70467305a821d85f8d15abb30d6858f6,0xd5ff049b895a446f0320d53053160f7698ad15ba3243b54260cf40df8d237d69,0x12a025b972e8bC244FF4Ae8fC89E028150F27Ea3,43,checkpoint,1,12126180,19401888000000000,3880377600000000,2052
453,179,0xd88085ac49a02115589fcbe18d20fcc1688abfb59b1e7b1101e3984f3d48c9bf,0x6fe23560e3d52bb5161480fcc11e6df5647bdef54a43de0a5ed7a5c08bbb9a97,0x34982A282B5cF900B54df3A4e07672e43a08097d,5,transfer,1,21000,33600000000000,6720000000000,0
456,181,0x0efef77c8e04e4790470e8ff453f6a5bd194ffc3da9ce9b6032dd25f85619fea,0xa831fb768679e7246dc21fb5c56c9d5a87fe716564dcb4cd66a4e4c723dad0cd,0x34982A282B5cF900B54df3A4e07672e43a08097d,6,transfer,1,21000,33600000000000,6720000000000,0
460,183,0x34dfd5ae960405f2a77ba436ea1ab8fd1651771721a5653c7b4c572672158f68,0x3d3672a1bfac50666a19a53614e68982bf8dada651c6b0f967882df1630c8a23,0x6AA32A6a6b85eb0e65859804f2665139868524A1,44,claim,1,390144,624230400000000,124846080000000,356
462,184,0x32de977e9d380d5c752eacd7562bc3c20ac4816d413b1cd40d25649b7c98efd7,0xfe8942430c0e09fa4a14b2bcd9701c423db3703a85c31234cf4e5027f0cd653f,0x12a025b972e8bC244FF4Ae8fC89E028150F27Ea3,44,claim,1,390144,624230400000000,124846080000000,356
463,185,0xa1de5c725bd58c50b9c1d4c896039768ee5284d0f60eb7d40ea9f427e59719f2,0x8d1e397ba3d5f14bb12c881f42052bc996fbdb8c6878c486ae693c1bd806da80,0x34982A282B5cF900B54df3A4e07672e43a08097d,7,transfer,1,21000,33600000000000,6720000000000,0
466,187,0x49c48b066c7d1d530446f188e411ff35c8db31ce7e5127b045a08316e347461b,0x9e7b27e3d22e6dc5a97fa1321aa3f791e379153969f16cd5593a04c78b51fc1e,0x34982A282B5cF900B54df3A4e07672e43a08097d,8,transfer,1,21000,33600000000000,6720000000000,0
469,189,0xabaca39bf66d4eb13b98f887faa6a8ec71ad4c42f97809c0fef7bfaaf985cfc6,0x515a3fad0cf53fd6834570b40a98af446d52df084f60f4e7dfd5e6e818785537,0x34982A282B5cF900B54df3A4e07672e43a08097d,9,transfer,1,21000,33600000000000,6720000000000,0
473,191,0xb7dcc24bb76557902c28b042de8739067921a95570275e4adb6265371c8cce06,0x59aa67260b2734fa75d0fb6c5982d0006042a101a8f413a50e435be52de759ec,0x12a025b972e8bC244FF4Ae8fC89E028150F27Ea3,45,claim,1,390156,624249600000000,124849920000000,356
474,191,0xb7dcc24bb76557902c28b042de8739067921a95570275e4adb6265371c8cce06,0xacbd2cfe0e9889b96becb6e8119bb50ea91a79560f6f3968377f14e7c73ba98c,0x6AA32A6a6b85eb0e65859804f2665139868524A1,45,claim-replay,1,390156,624249600000000,124849920000000,356
475,192,0x6720a19703a951e6b1d7d180ab6515f6adc3158a3e59300de304b9971719bd4b,0x3395a520a4912785f610c68ac0c1e217290e4d0c27cb199319908e97ba4d0cca,0x34982A282B5cF900B54df3A4e07672e43a08097d,10,transfer,1,21000,33600000000000,6720000000000,0
478,194,0xceb3a86e96ac633bcf0aebaa63987584e5e230db2ba2fdfd4314a287a7a30a4a,0x500a6908d4bb495b984c4ba22a5b7b60c0d7cb0de4b2426f14d9bc056383b028,0x34982A282B5cF900B54df3A4e07672e43a08097d,11,transfer,1,21000,33600000000000,6720000000000,0
481,196,0x0f6f07527bac9d16ed0d23df69e15f2ac4c2776781b6663855e1cc21a2f4c555,0xeab77b408c8f35de3d531513aa21345f38d47c7ec9d2e2f86f5088a5da9b4b68,0x34982A282B5cF900B54df3A4e07672e43a08097d,12,transfer,1,21000,33600000000000,6720000000000,0
485,198,0x8655292e53296310b48f392603d69ea7c4495c568ba59be6ab94608d883c35ec,0xf0457d5ca52085763bc43b44c3291e861e55f45572b465a1d3eb49c00328c397,0x6AA32A6a6b85eb0e65859804f2665139868524A1,46,claim,1,390156,624249600000000,124849920000000,356
486,198,0x8655292e53296310b48f392603d69ea7c4495c568ba59be6ab94608d883c35ec,0x4cc45a1654368c625daa975961105e794779eb15d18ff8170000bb4922ee5e74,0x12a025b972e8bC244FF4Ae8fC89E028150F27Ea3,46,claim-replay,1,390156,624249600000000,124849920000000,356
487,199,0x764452333b45ccca45629c8283840fb3d992393ffa11985e8bf0a469c80648bb,0x2396e467a1fcfdc7cd2b7d6b87fd743b90e79b37c93c6940a9c0a33b56cccecc,0x34982A282B5cF900B54df3A4e07672e43a08097d,13,transfer,1,21000,33600000000000,6720000000000,0
490,201,0xf49eb40e7a8931a58d7e935da0c9d529900ae3c01951109e5ead1b5c78ee7726,0x07607bf246e07b99b8d02598d4bc4cea38e922d53c6d741ca51abe216926d17a,0x34982A282B5cF900B54df3A4e07672e43a08097d,14,transfer,1,21000,33600000000000,6720000000000,0
493,203,0x75400427dadc50f1c2498f496784f798702a96b89cb063e3b780daf295d2bef3,0x6ea6f8e969e71210fa4fc658f21187040dfb71c2a471405ce5f4f6e8c8b3f512,0x34982A282B5cF900B54df3A4e07672e43a08097d,15,transfer,1,21000,33600000000000,6720000000000,0
497,205,0x0aec5a9a2beb0a0b7f57e8c4284aecf79d7c89c93bcbb29560ccc15c1f0b6d07,0x324db55cdc12ee15cec2b76062f757ce0d7e689a9ee8014dbe9c5b2b7de8a7cb,0x6AA32A6a6b85eb0e65859804f2665139868524A1,47,claim,1,390156,624249600000000,124849920000000,356
498,206,0x2371b44d54dec9315037f760ece025c0a43a12448d4f2f3d8724521847c13e9b,0xd7b71ae85adc1268b12240be3874b0d9fbe78ac4dd10c44ca018a7251a490f20,0x12a025b972e8bC244FF4Ae8fC89E028150F27Ea3,47,claim-replay,1,390156,624249600000000,124849920000000,356
499,207,0x45061a086128a31237e2ade33ab2bebada411c43e740683f851cb29cfc1b3e92,0x2b060814b02e30285ed1b5b9caed31d5db158f69175bc1e0d570f2caab440f94,0x34982A282B5cF900B54df3A4e07672e43a08097d,16,transfer,1,21000,33600000000000,6720000000000,0
503,209,0x20255c3819d0341a499c0b35693d7e18270050f50bae1ba71132ac977cff31a2,0x9788bea3b2a85f9b3038238f31edcb699db8015abed1c84b523cc37135eee2d1,0x6AA32A6a6b85eb0e65859804f2665139868524A1,48,claim,1,390156,624249600000000,124849920000000,356
504,211,0x4695243449825024fa71af105f68e7b21066a7d4fa26e8350d79479bf78b8aef,0x35704aac8ade9b6030fbf58570af00577c5b713a9d3487fb7016afed77fd60d5,0x12a025b972e8bC244FF4Ae8fC89E028150F27Ea3,48,claim-replay,1,390156,624249600000000,124849920000000,356
506,213,0xfd9d5832db23bf71de82ea11c684bd368d37e620a62778dbe0e717ab1080ca5d,0xa19e9d9620928c296cde3a42ce10616710550c18a3a4401a02e59d5f1ef679d3,0x6AA32A6a6b85eb0e65859804f2665139868524A1,49,claim,1,384708,615532800000000,123106560000000,260
507,215,0x269f2ae5139dfae53e84fe68b5f4f17f9996fef3357a0208741b07f7d814f5e9,0x97d6117fb72419d81282930b260444feaf233b6145c5e7e9c51feffdca61f080,0x34982A282B5cF900B54df3A4e07672e43a08097d,17,transfer,1,21000,33600000000000,6720000000000,0
510,217,0x23d919b7e2a491f459cc3d82cac13344a37a4067a13fb00d824674ad124c1ac1,0x378a478c26b1a90e1880e58bbe9975a71e27c9d7e73ba91b485eca29614040d3,0x12a025b972e8bC244FF4Ae8fC89E028150F27Ea3,49,claim-replay,1,384708,615532800000000,123106560000000,260
512,217,0x23d919b7e2a491f459cc3d82cac13344a37a4067a13fb00d824674ad124c1ac1,0x745392f86fa95d7afcc075eb57b9ff7c0764f6cbf2207998eba07336aa37e857,0x6AA32A6a6b85eb0e65859804f2665139868524A1,50,claim,1,390144,624230400000000,124846080000000,356
513,218,0x762318b7f057a030dfadd028819e703430f5c6a55165ade8b4cb5294b5404a31,0xe98fcb016bc7b6969109a1725a5be3d6083ac6503b5f4f597b3f39b394212862,0x34982A282B5cF900B54df3A4e07672e43a08097d,18,transfer,1,21000,33600000000000,6720000000000,0
516,220,0xfc558bc3e3351076dda9957076e881cb709ff3368c935ea241fb6ae0ee6710d0,0x9c6bfff43f31e40c93b3e12bb2464a0c6de4ef78e9ce8750e55b3538c7445852,0x34982A282B5cF900B54df3A4e07672e43a08097d,19,transfer,1,21000,33600000000000,6720000000000,0
519,222,0x8652a6f61f94041d3f3144379fc40503844b495b757b848b1fdf0a328a852376,0x02ced15a1319609a361e616558622a2d454f118edb8014da92eb5ea3e251adb2,0x34982A282B5cF900B54df3A4e07672e43a08097d,20,transfer,1,21000,33600000000000,6720000000000,0
523,224,0x757989736831c847bb1db83dd0f8eea81b55db5021b3d1580226545c318f8c46,0xfa1a551aae29017a9e1312cc29be35c1e4280f745c13907c56b01efbe3a7f157,0x6AA32A6a6b85eb0e65859804f2665139868524A1,51,claim,1,390156,624249600000000,124849920000000,356
524,224,0x757989736831c847bb1db83dd0f8eea81b55db5021b3d1580226545c318f8c46,0xeaea818df2d303f6a4da39476270b0a1d60a8dc9eb4f7233294ea938d017c954,0x12a025b972e8bC244FF4Ae8fC89E028150F27Ea3,50,claim-replay,1,390156,624249600000000,124849920000000,356
525,226,0x20f586e1c32ed3768751fd317a84b8ce8e4229f92c5c6eff21bcf8803a9d6428,0xfd358f5a8618af80601364b3350b3a4ae04aa41b32525c9ebcd2654646014dfb,0x34982A282B5cF900B54df3A4e07672e43a08097d,21,transfer,1,21000,33600000000000,6720000000000,0
529,228,0x6eaeb3bb5a29b44ebdb20b753e3040eb2276cfe72b7e4743d766209b0d35ea5b,0xf338454020f6d85b6b4d513c3d5fd8f6666f38c82e4a794b38b7d21ad0cc9c06,0x12a025b972e8bC244FF4Ae8fC89E028150F27Ea3,51,claim,1,390156,624249600000000,124849920000000,356
530,230,0xcefc8c50652d8cc03945c467e2d2e18bf72dad41b4ff777774384e35f6b35dae,0x00670c707fa5d49ad6745e21586402eb376606aa26d851481086d3194fef6134,0x34982A282B5cF900B54df3A4e07672e43a08097d,22,transfer,1,21000,33600000000000,6720000000000,0
533,232,0x91cbbe880950a0372ead6cc602eebf3e2a546482e3861f71ffcbd214eab33279,0xa1fbf899f1ea26d79ecc7b77d9d2754ec0c760e6556e6528df262c65bba5b71d,0x6AA32A6a6b85eb0e65859804f2665139868524A1,52,claim-replay,1,390156,624249600000000,124849920000000,356
535,234,0x76787afd9edce980f521721dc9a997d8c78b48d147b38c00c5552298f8301718,0x3da33bed62539bde37236bb4cc24121dc19482f67a692929053e7a554e9d4a96,0x12a025b972e8bC244FF4Ae8fC89E028150F27Ea3,52,claim,1,390156,624249600000000,124849920000000,356
536,236,0x5da8cd20a285d53990a3d516c74be337e360d6fdcf3c04bfaccb3042c27e997d,0xaeb4fc62cbbf4d6aa7d9dd4fbbc251be53a4a3d9c8deed13fd79bf140db3dcee,0x6AA32A6a6b85eb0e65859804f2665139868524A1,53,claim-replay,1,390156,624249600000000,124849920000000,356
537,238,0x793d360c8b2041c24ff1d8166c6c2679bcb8b7a2991d89e2fe27d57b23b04315,0x50a458d5fa985675cf9cf4ca7f0893bc8acd51c46744f507cd74a9c6b566ad0e,0x34982A282B5cF900B54df3A4e07672e43a08097d,23,transfer,1,21000,33600000000000,6720000000000,0
540,240,0xb30c7ff267b55df2de36445380545fe1b543aeff4c17843f384604d9acc09795,0xbc676517bb7c8b1071d2a8931dff8608496aa7697e1097140da71ec926c403ad,0x12a025b972e8bC244FF4Ae8fC89E028150F27Ea3,53,claim,1,390132,624211200000000,124842240000000,356
545,242,0x2db287afea7dd7bd79f3585d4200c21b18cc84ef58292bb69fb42915dd88b5fb,0x1f67bfa06cb0edb5ec3fa0cdaf2ec98f92f07a1c2a71cb5b475b89edce3ce8eb,0x6AA32A6a6b85eb0e65859804f2665139868524A1,54,claim-replay,1,390132,624211200000000,124842240000000,356
546,244,0x640b7c011440b6ad552e89c30cf835bd9b828d7ca878eb48856c37887ab7a7cd,0xdb58e7bd64466d6f60bb77bbb44ab331c6f62f6267561e9c69d89fe49384d725,0xfa1a89887B3d554B5A15733FFFE4F642De3910b8,2,funding-1,1,271600,434560000000000,86912000000000,12
549,246,0xff6d0446b22cdc3620b2fbb582ed11c98990937c5fe0ffed7d4aef55631fd6e9,0xebc9468a3fd791abe340cb714d627ff4291b110e656317c5205a94944454865d,0xE7CA5fF5C20FF72e1A1e45a11083a0E640663e90,2,funding-1,1,271600,434560000000000,86912000000000,12
553,248,0x2827c056a2a9d98438bc875aae198cf950688ff02a44cccf55165f91edf1dccd,0x1b69e85d438dbf19c490d63ac91c59b0bec65a994c4a968c83a018423904c4ad,0x34982A282B5cF900B54df3A4e07672e43a08097d,24,transfer,1,21000,33600000000000,6720000000000,0
557,250,0xd5d8db850621802d8304e3d1982607dcb56da17c8140ac20c5748195381b0ee1,0x7fa744d830c5f82574f0cd31547f919f771902722e04c75b552e7bc021ab2bb3,0x34982A282B5cF900B54df3A4e07672e43a08097d,25,transfer,1,21000,33600000000000,6720000000000,0
561,252,0xe7bc870a8b2fb5bbcf54d22f5b941627725ad072d70cfec0d03e5577e5558113,0x383d3bde8906925c5b82198a4e4a2d9a9e51aa61cf5cac431e174dfe26ad22a5,0x34982A282B5cF900B54df3A4e07672e43a08097d,26,transfer,1,21000,33600000000000,6720000000000,0
565,254,0xd4e10cb546bd1bd1c8dc18242e736f17ff000d3f9d996ba75d899a62f4a10bef,0x70022dbd0076472a62b8f30acd4e0453fda89a90973abf39512cdd682c290ca7,0x34982A282B5cF900B54df3A4e07672e43a08097d,27,transfer,1,21000,33600000000000,6720000000000,0
663,259,0x37fe4683618142d9eaa57b1a71059c086ff088c518fdb519a943dd3a250ce677,0x6c429cc465e20f4416c61dd63ac1e579820acb08e5d14b04bcd9b729dd0d5103,0x6AA32A6a6b85eb0e65859804f2665139868524A1,55,checkpoint,1,12181464,19490342400000000,3898068480000000,3096
664,260,0x53d9994283ad6b2984d5e22b57092a4ad54e6281d2f31a311683f2aaaf465945,0xef8a7c42c9a8f6a0e8efb8b4d1c9544381f5b668b542cfa25d4b533edd753de9,0x12a025b972e8bC244FF4Ae8fC89E028150F27Ea3,54,checkpoint-replay,1,12181464,19490342400000000,3898068480000000,3096
666,262,0x5a6ab57332a3ac57a45401a2f77c6063badc38fd40fd5240344651c69830c58b,0xf37ad3cb36d2cedf1a7932d88d703432fe518ad6148b61d9b56cfb12bc2229da,0x6AA32A6a6b85eb0e65859804f2665139868524A1,56,anchor,1,15313612,24501779200000000,4900355840000000,61703
668,263,0x0cf65759b5c4e357ffdc1d50e84b316775ef3cdeedeb0de720a61aabbdeb1f66,0x1251b0a0126d612efbc3e37072c2695d09676e617cd17c25ed650f4636dbf1a2,0x12a025b972e8bC244FF4Ae8fC89E028150F27Ea3,55,anchor,1,15313612,24501779200000000,4900355840000000,61703
670,265,0x71587fdf0cc8877e002d22b65ba8cc23684c4dbfd7ac2b82c7e0de4b98c78249,0xe300d076e3b4c4879bcce779e5335c180432435301af63bb12c505b5a69bb6c6,0x6AA32A6a6b85eb0e65859804f2665139868524A1,57,anchor,1,15416776,24666841600000000,4933368320000000,63566
672,266,0xe38e705045a5a3805221170a0f174199eaf514ae00c5d505beb1041e919e606f,0xaec8db1d34a1377ba44d65b5d56b5243ed922ea6830c9162fb67c2026852873c,0x12a025b972e8bC244FF4Ae8fC89E028150F27Ea3,56,anchor,1,15416776,24666841600000000,4933368320000000,63566
674,268,0x883c4d6ef88f6a56c473e3e2ed493cf811d16f5f1cc54a1b521af0bd4b8fbc68,0x11fee63efd8dc15a3fe8576c56c0ce58e858fe37450928ed5be220687f42aa13,0x6AA32A6a6b85eb0e65859804f2665139868524A1,58,anchor,1,15361072,24577715200000000,4915543040000000,62486
676,269,0xe7a415ab2f1606db98b32d66fec93031a1887d20c070a56a20b84f10964a34b1,0x94cceb2ac60adbd703709aa97dc47441e6f6d74c46a815ca056f7ea0749e515c,0x12a025b972e8bC244FF4Ae8fC89E028150F27Ea3,57,anchor,1,15361072,24577715200000000,4915543040000000,62486
678,271,0xceb2b003298548f4c3836f9c8a79702965dda63d4737e361895ad3e94fc3e0df,0xbee51ff09c9c181c6674a08e12aa2a4a6e51ec22e293855cd94313996e73d33a,0x6AA32A6a6b85eb0e65859804f2665139868524A1,59,anchor,1,15328836,24526137600000000,4905227520000000,61935
680,273,0x1aa706bfc36558e0d81ea2a9b34f7b7554d24fc68851a80a99f56c45dd1dfff1,0x6693872f1cbaa20d2d5127ccd5af7e7d61b38c0e9dcc941f6543f65bd439cefb,0x12a025b972e8bC244FF4Ae8fC89E028150F27Ea3,58,anchor,1,15328836,24526137600000000,4905227520000000,61935
682,275,0xc296a4f877eacea4dc6d9352255c00f9ed572ddb2a02887067659bcfd5c8a42c,0xe8ee55088e41340594a5578d8a8b45ae941ca7d8500a94ad848f489e2b906f54,0x6AA32A6a6b85eb0e65859804f2665139868524A1,60,checkpoint,1,12153792,19446067200000000,3889213440000000,2574
683,277,0x5a4fcfc2b44d59ef33c1dc4105851731a98556c11e855082877c99d4d079ed08,0x9d4efd1297f673956999519010bb230b1a5f94c5dcb36c2342cbb881b3d5c9fb,0x12a025b972e8bC244FF4Ae8fC89E028150F27Ea3,59,checkpoint-replay,1,12153792,19446067200000000,3889213440000000,2574
685,279,0xde90f3525bfbe925d54b611d1deec8731d88f74a7a9fd78e1e165939741a2838,0xc2f1c94ae5e2c90eb86254f0b6f342748119b2946c723c64cc24f64f46d69d73,0x6AA32A6a6b85eb0e65859804f2665139868524A1,61,checkpoint,1,12126120,19401792000000000,3880358400000000,2052
689,281,0x4187596a300ac83ca5b04b4aedbc3477f2f13b8cd73271f4e9aa941ec90b6951,0x54dc0967b20b019886b6446cbf705fbf232fb5f74afa29aafa45f909dbf8cb57,0xfa1a89887B3d554B5A15733FFFE4F642De3910b8,3,funding-1,1,271600,434560000000000,86912000000000,12
693,283,0x92f3d3894bbd06d4fd91f0cbb60d80e94ba249ca8156fff380719e159490cc9f,0x5cd63bc5c6f4c19977f47defd2fc9e64f2dd2b07a44059b082503cc06c279e97,0x12a025b972e8bC244FF4Ae8fC89E028150F27Ea3,60,checkpoint,1,12153852,19446163200000000,3889232640000000,2574
694,284,0xca8cba24595a4fdd5c152f8e5ad8fff64b97f034bf2db7438284fcfebcf3ab15,0x59563d77cbeb3f6d36cf2749a505593fd46361a59074d4edf773d9464a88081f,0x6AA32A6a6b85eb0e65859804f2665139868524A1,62,checkpoint-replay,1,12153852,19446163200000000,3889232640000000,2574
695,285,0x7f11c0151a182c982f6fc258785a511e264a3393aeeba4bd371604ba9e599020,0x7169121cfb54a4b28ca61d0951a0fe7623d766cb77a14d2dff908124e3ee3b29,0xE7CA5fF5C20FF72e1A1e45a11083a0E640663e90,3,funding-1,1,271600,434560000000000,86912000000000,12
699,287,0xc9061c8cea8b8e011ce360cfec9955fb8a78510bb6f35b84845ddafce4f973bc,0xb3f0e048cf020a0d68dcdd3397063e901359e6e7c26382129b217a6dbf08592d,0x12a025b972e8bC244FF4Ae8fC89E028150F27Ea3,61,checkpoint,1,12126192,19401907200000000,3880381440000000,2052
701,289,0x66264dbe3158af916ecb97fc52e5f5e1903642d12844aecb30337773fc3517db,0x63a739c97516ea7f6bf30b3cc7c80744b3f8a114c4f3e9324f6744d638479b71,0x6AA32A6a6b85eb0e65859804f2665139868524A1,63,checkpoint-replay,1,12126192,19401907200000000,3880381440000000,2052
703,291,0x2ab46c9cb69b41de807edc0b5576e93bf7d074158cf5ef45f3cb64ae0584ed3a,0x5bcce674d3bc774b352a56a214a149303b64262a0f209941e0281a0958544f76,0x12a025b972e8bC244FF4Ae8fC89E028150F27Ea3,62,checkpoint,1,12126168,19401868800000000,3880373760000000,2052
705,293,0x66c4d48b8ad5752e34f086a71a6cf511321cf45e3344ba89f0385f0fcc8e621b,0x71d2c5f2ac33a0d933176ed5f703880a3959bfdce82cc7790590254f0a2f25dd,0x6AA32A6a6b85eb0e65859804f2665139868524A1,64,checkpoint-replay,1,12126168,19401868800000000,3880373760000000,2052
707,295,0x8ec51dbff2759e2b0a1844fd3a04244448c623f5c6708a2b60596bc6efbb55cc,0xfcdd89fcf013df542a2d573d02386d212c8406c46203691eea01490fafedc2ab,0x12a025b972e8bC244FF4Ae8fC89E028150F27Ea3,63,checkpoint,1,12153852,19446163200000000,3889232640000000,2574
709,297,0x21dd222fbe859025e334c2d43a03a1b0a2f150b9d6741fd9d5461011e03dca5b,0x89109ed54a66fac4e96818bc3d140e2f47ca8d65dd69874952c29d4fa0961983,0x6AA32A6a6b85eb0e65859804f2665139868524A1,65,checkpoint-replay,1,12153852,19446163200000000,3889232640000000,2574
711,299,0x6d127c34e70aea66a52a9ec8016cef3caec20719a27feb34eef9d7689236ab67,0x567aab6ce6bb93ffce9faf2c55b7dcdd75f39d6306103aad754c795dbe8590df,0x12a025b972e8bC244FF4Ae8fC89E028150F27Ea3,64,checkpoint,1,12126180,19401888000000000,3880377600000000,2052
714,301,0x24dc51cc0a428bd47c931591eab4bb83b9fb19c5f1efdebb5c83fa909a16a3b6,0x3a0957eefc39eafc073a52b11362145c36e328cc07d819df02aa610b48d3aedf,0x6AA32A6a6b85eb0e65859804f2665139868524A1,66,checkpoint,1,12153828,19446124800000000,3889224960000000,2574
716,303,0x323632f52bb0d99f7250d204eaef3c19a9b6effcff3091ca0d00531982f41dc1,0x88488b5c4c25288d8bc931c15a8c6bb91991371b7e8e6213cde2affd4c03ab67,0x12a025b972e8bC244FF4Ae8fC89E028150F27Ea3,65,checkpoint-replay,1,12153828,19446124800000000,3889224960000000,2574
718,305,0x0d2e2b3f9b8e89d2fe35f93d5957fc14babd6ff030b2d21154c9e1eebf7022ae,0x5c55f1efc6c4e81422355f5c709583fa74dc616e4f3925493301d7e359efa7c8,0x6AA32A6a6b85eb0e65859804f2665139868524A1,67,checkpoint,1,12126144,19401830400000000,3880366080000000,2052
720,307,0xb7cdfb198e889e1b6cf1764cdd70831372349679b6e668c65b8efb3c31d206e9,0x202582776d44fb3a94efe3f123973334de16bb5784e6463a39c6a4bd4feadc14,0x12a025b972e8bC244FF4Ae8fC89E028150F27Ea3,66,checkpoint-replay,1,12126144,19401830400000000,3880366080000000,2052
722,309,0xe615dc61b03a5a3ed174768c790654bd6a9eae7d0cf67327ac25b1becd77510e,0x17fbaae365a0485c6acb0c0a20476e5222122e5feee820aefd1f735f1e28eb79,0x6AA32A6a6b85eb0e65859804f2665139868524A1,68,checkpoint,1,12153852,19446163200000000,3889232640000000,2574
724,310,0x3391aee4c40391e5f5be28ca24cac1a1974597aa701fd697a15a5d0cffc60d75,0xd27b521a364485d6227d30bc4565dc3b96ba1470f888aa3ff2b52e012614ee6e,0x12a025b972e8bC244FF4Ae8fC89E028150F27Ea3,67,checkpoint-replay,1,12153852,19446163200000000,3889232640000000,2574
726,312,0xfc45f7db37c20848a0c292e2933afb879cd9673c573980dd63431928d2d53609,0x5b62de533b1ef04d36307645f30e1f5c29f014063b4cb1bceb24391810b02164,0x12a025b972e8bC244FF4Ae8fC89E028150F27Ea3,68,anchor,1,15324788,24519660800000000,4903932160000000,61960
729,313,0x549700e6f63db25f59bee7738d35e5ee36d1c039debf51bd3ce8d23809db4163,0x1eb6ec66e6cd5fdfad4669b04e2d31bce3bc6bf54e1494a55616b905e8c46e03,0x6AA32A6a6b85eb0e65859804f2665139868524A1,69,anchor,1,15324788,24519660800000000,4903932160000000,61960
731,315,0x56445af9504926d03a1fcb2287b5530552ecfb13889c6f04ea5cf38c7bde0b57,0x968171a239858972c4e52dab30654b1c94b0b3357c3a31d2513b92932273ee7c,0x6AA32A6a6b85eb0e65859804f2665139868524A1,70,checkpoint,1,12126660,19402656000000000,3880531200000000,2052
733,316,0x5972420300f0e26614b482c48b1d0648ada1faa5ed0a990d0cf0afb64fb5c5e3,0x0e29e3aa35c67397223259d274e591485de2e58e80b9e9d0423c13f96e395846,0x12a025b972e8bC244FF4Ae8fC89E028150F27Ea3,69,checkpoint-replay,1,12126660,19402656000000000,3880531200000000,2052
735,318,0xa5dfc9ca63bf5c32271e12f9f883f303a5b7417fc66a18dcd8fd8705c297abe3,0x18662bce0dcb314ede287b9f6fed1506347db616c6294d535c8ffe19dadd36f3,0x6AA32A6a6b85eb0e65859804f2665139868524A1,71,checkpoint,1,12126192,19401907200000000,3880381440000000,2052
737,319,0x2aaa25a324f3da0c34dc085bfeeac7a138fb7baa1986fd32e26ec3ac070a2ee6,0x71db1d14a695e4a819d16233a966f3f0d7fa70327642abaddd65135807bfa51a,0x12a025b972e8bC244FF4Ae8fC89E028150F27Ea3,70,checkpoint-replay,1,12126192,19401907200000000,3880381440000000,2052
739,321,0x9c3700aa1a99ac539554f4d747cb5b1c1602b557ba701cdae66ab790454da91e,0x3810c6545a4b8fe73626e1eb10b8d6851ef6d958180eb4d174906578bb142de6,0x12a025b972e8bC244FF4Ae8fC89E028150F27Ea3,71,checkpoint,1,12126180,19401888000000000,3880377600000000,2052
741,322,0xae49126d08d27bd3152c31f80948ab865791dbe06c652dceeeb7438380e565f9,0x4bdd63bb850fa48561f25c373ad5d31b440df3d15bfb565d2905895b68c97526,0x6AA32A6a6b85eb0e65859804f2665139868524A1,72,checkpoint-replay,1,12126180,19401888000000000,3880377600000000,2052
743,324,0x70599e09b12eaedb7131b50ccc4f256fa11a3adccb03959f1f8d1b35c770df7a,0xee76577ab9c44a095186b1ed01d6de239357d047bf968f8b1dda8d7820a4be72,0x12a025b972e8bC244FF4Ae8fC89E028150F27Ea3,72,checkpoint,1,12127212,19403539200000000,3880707840000000,2052
744,325,0xd67689222016664e4fa72d0bfc91ae0b72adca96a56fd2d48136d3acde36a04c,0x33a05e33cf19f4be8e1dc391383ea22ac42141762e9b84affaf9525bd76a6147,0x6AA32A6a6b85eb0e65859804f2665139868524A1,73,checkpoint-replay,1,12127212,19403539200000000,3880707840000000,2052
747,327,0xc2d9296fcc4569f2a6ca4c5d4eb79dd1092f4172d4df0aa3d96efb5956ef1545,0x7807d9e125d5ecb5771c160070e3d068dae8cf4d77c53582a546175d8c425c3b,0x12a025b972e8bC244FF4Ae8fC89E028150F27Ea3,73,checkpoint,1,12126180,19401888000000000,3880377600000000,2052
748,328,0x9a50e5dcd278c1bb673ec56980163a365be9cd1f50e1da3dfeb3b94f5eac10cd,0xa3d0cb2cd3dbfba34ca2658032f651ad0dc1dcda999fc7f43dbf2f7d9adfbafc,0x6AA32A6a6b85eb0e65859804f2665139868524A1,74,checkpoint-replay,1,12126180,19401888000000000,3880377600000000,2052
751,330,0x5ba235c04f9c87ff3206b697dc99b784d0f5bb6fe7e1604b63aed32d37fd4d9e,0x76cef80795c725252f26f17e282b42c35335e1c2c799abbe9b401476354b40af,0x12a025b972e8bC244FF4Ae8fC89E028150F27Ea3,74,checkpoint,1,12126192,19401907200000000,3880381440000000,2052
753,331,0xc5c357f0117c483d106badfd6501493d113e70416c86844ca0c573939d512ff9,0x877ce57f1c709e6ebf39a36b88af36f354aac5b3c4301da2ea6fe49fed054c6e,0x6AA32A6a6b85eb0e65859804f2665139868524A1,75,checkpoint-replay,1,12126192,19401907200000000,3880381440000000,2052
755,333,0xdd91f8b554fedd710a89c31150ffbac02ab243b128a24b72ca845210367fff48,0xb44375fcf5295d47df0246a12299f1ee986cc67277226978e845ca77513fc4dc,0x12a025b972e8bC244FF4Ae8fC89E028150F27Ea3,75,checkpoint,1,12126192,19401907200000000,3880381440000000,2052
756,334,0x9974539474047cf068bd4a9343288f8175dd589c9e296ddf98c3a02fcbea2a21,0x809d4aa2cdf8060e9178615630be8a7941e96e624b367401ca6e0d2ac2bb30a4,0x6AA32A6a6b85eb0e65859804f2665139868524A1,76,checkpoint-replay,1,12126192,19401907200000000,3880381440000000,2052
759,336,0x1c46e3bcdd6a485003d004475a125e8a03351d366c7676966c2679e338113e52,0x20f3a13fd06df1374812940c903e7c555bad68acd1daa221043e72ceb1aa97ec,0x12a025b972e8bC244FF4Ae8fC89E028150F27Ea3,76,checkpoint,1,12127104,19403366400000000,3880673280000000,2052
851,338,0x6e45e14c8279c50d14d420f94ba3b801eb67a6d26327124e87e2c68557e8e2b3,0x2ab8a24c51e8b92824443dcf35b0cc1808298f46558e541ec30ead8933e104c8,0x6AA32A6a6b85eb0e65859804f2665139868524A1,77,checkpoint-replay,1,12127104,19403366400000000,3880673280000000,2052
853,340,0xcc39f4d2a19de79284893afd47ae7a1413a1d25decf8d8346de7f55df63b03c8,0xce3a637369762d0832c23df9182272026ca5006829dab54d4824fb3816a64311,0x12a025b972e8bC244FF4Ae8fC89E028150F27Ea3,77,claim,1,390156,624249600000000,124849920000000,356
854,342,0xdc0414ccf539d1a2648128468e3c23b877fd4c82fd8e36e1cff2c3ce70073cfb,0x46bd7d530c03718983569dc91316d53ea909c3e0b8f4a79b967f58afa36520a2,0x6AA32A6a6b85eb0e65859804f2665139868524A1,78,claim-replay,1,390156,624249600000000,124849920000000,356
856,344,0x27b2a407a73af1686433b97f764e4aaf90e10083603fecdb62d7fec984ab0074,0xcf327fbf2b020902d3019583b3929eaa7144547405f0169aa319164382125773,0x12a025b972e8bC244FF4Ae8fC89E028150F27Ea3,78,checkpoint,1,12126144,19401830400000000,3880366080000000,2052
857,346,0xe2bec58e12d2e2608296c7ebd4f3c6494a69aed10ba248243597a3a37e7e5476,0x88f2007b0675d0763448ae10bcc1736d98fb4e3f78d93324d619e246d5b7e44f,0x6AA32A6a6b85eb0e65859804f2665139868524A1,79,checkpoint-replay,1,12126144,19401830400000000,3880366080000000,2052
859,348,0x1caae20bb075500eb3b83a37fbd2fecb524a240658eebe670177b8593cc83928,0xb544e43a5dbd4b91f409c483cbd70a2d38c10c4f7d07b9688538d951a8d4eda0,0x12a025b972e8bC244FF4Ae8fC89E028150F27Ea3,79,claim,1,390144,624230400000000,124846080000000,356
860,350,0xea6488a698caf75bfbeb1ae99075d11ffa50d9f79f38f770f296f3178ffc6e02,0x32a7bbe23bb3bdc668fa8267fe9e272f1c81caeaa15cb95dff569c01ed595372,0x6AA32A6a6b85eb0e65859804f2665139868524A1,80,claim-replay,1,390144,624230400000000,124846080000000,356
862,352,0xe43ec93b2a423c3b776fa2a41911fb3f91273dbeaff222f4db9582478debef0d,0xbe3452fbb4c51ee928f5858523ae9b046263273ecdf05b5201706554ec5b04a2,0x12a025b972e8bC244FF4Ae8fC89E028150F27Ea3,80,checkpoint,1,12181748,19490796800000000,3898159360000000,3100
863,354,0xade0e7423c605de9c8db0c46aaba2976163336caeee1418dc05ca76538b58eb3,0x3e02470107a60af5d3c127ec15d8df7c2081824d0aed2c37376d8ebca4f43a28,0x6AA32A6a6b85eb0e65859804f2665139868524A1,81,checkpoint-replay,1,12181748,19490796800000000,3898159360000000,3100
865,356,0x897abda694fbc5c5386ccd980119c084b1dbbecfaf34b1c8b0ee504a9d5bc52a,0xbee82d2d378177da320243e5e12e40d9307911cd062470601092330687aede54,0x12a025b972e8bC244FF4Ae8fC89E028150F27Ea3,81,claim,1,390144,624230400000000,124846080000000,356
866,358,0xbc32ef547559bbfa9a0bb791e428baa54cbf3cf0e06d3013f1b20dd56f932c65,0x9536e0f3dd178b7ab428ebd7d86b2be16523890b96b9247197028e7514a1c8bc,0x6AA32A6a6b85eb0e65859804f2665139868524A1,82,claim-replay,1,390144,624230400000000,124846080000000,356
868,360,0x74a1959a2ad82a26ad8eaa1321cf43ec5bf4a0cfa0861bd05733f47b527d205c,0xaa3f222910ac7c2c637cf5707756a3daa426e5bb6a4e27ed7f2e591c6ee9a8d5,0x12a025b972e8bC244FF4Ae8fC89E028150F27Ea3,82,anchor,1,14894396,23831033600000000,4766206720000000,53977
892,362,0x22aa2fea691aef8bf34690d3eae0344ef6be10befa456c8a38dfec58b8ffacf9,0xb880191abd59c0e70a119374d783923f1f0e5c5f7173b434397f1c8bba320015,0x6AA32A6a6b85eb0e65859804f2665139868524A1,83,anchor,1,14894396,23831033600000000,4766206720000000,53977
894,364,0x598c3c8966f820a982c86984794a0332c5bb02fd784553e2fe4738dd39f9c95c,0x2e686f8b2dc8a86032b6086c86d5e09c5cfe04b14a50f8ed976b3f4618b8ea49,0x12a025b972e8bC244FF4Ae8fC89E028150F27Ea3,83,claim,1,390132,624211200000000,124842240000000,356
895,365,0x1790763eacdf87e02196ed96dc53947a215fca3299c55e3756c94d6e18bf2ea0,0xa3d773607f452cf68e7548889a1baa6b765c5d45b39336cca8d84ca387eb31a7,0x34982A282B5cF900B54df3A4e07672e43a08097d,28,transfer,1,21000,33600000000000,6720000000000,0
898,367,0x10f2c7f12a59a117fe91020a6360918e356b9cdfa4a2dcc74b6dd8bde32c5987,0x891476fabe2873ee9478518076638030906fdac4b8f45c76901749eb00aa6144,0x6AA32A6a6b85eb0e65859804f2665139868524A1,84,claim-replay,1,390132,624211200000000,124842240000000,356
900,369,0x656097448e9473cb4680a1dbec948d9a78a869f28c28539b2ec5b4f89c457d04,0x3928c9c368bfed85e8ada4f9485a5054ae74f9eb40b1119e72e19baa45ec889f,0x12a025b972e8bC244FF4Ae8fC89E028150F27Ea3,84,anchor,1,15371280,24594048000000000,4918809600000000,62928
903,370,0x531a9761baabb516133897931d914566390f5365181064dc200e7574e6435175,0x985e784c2e2538cc67116ebf230a75a75b02c195ae19216bf77dfd48925e8f27,0x6AA32A6a6b85eb0e65859804f2665139868524A1,85,anchor,1,15371280,24594048000000000,4918809600000000,62928
905,372,0x4a89a67ccb879a9444c879c3d7cd7f99d1ed442e1403de3b35de58f9e950094d,0xd5feda1ad9cb362a98baa5257bfda8a202026747f831f2c1996becf31ab6877e,0x12a025b972e8bC244FF4Ae8fC89E028150F27Ea3,85,claim,1,390156,624249600000000,124849920000000,356
907,373,0x1e1d31fa3506625e9282c093fc973af89aeb0e1b05eaa8d637059d513ac13291,0x27266bd26bbe0df36caf7ef0f2d95342d1bd3a2f45b76ab176f641df5e26f689,0x6AA32A6a6b85eb0e65859804f2665139868524A1,86,claim-replay,1,390156,624249600000000,124849920000000,356
909,375,0xb70e366fdd342cab352faa9a765a41d4f93d7e065eadc620b82b44eb2fac2a5b,0xcee936de7a17ba6f0651bebae0b1cd4eeb342b947baeb0c7dc3d503fbc7fef70,0x12a025b972e8bC244FF4Ae8fC89E028150F27Ea3,86,claim,1,390156,624249600000000,124849920000000,356
911,376,0xca80f1406b52a4855b21380af83ede16b442174e913ce373a0013d0a5677c341,0xda5a159557a8144e533e3e34ffbf7125ab422a003284b48f1da93007751c99f4,0x6AA32A6a6b85eb0e65859804f2665139868524A1,87,claim-replay,1,390156,624249600000000,124849920000000,356
913,378,0xcf575bc03c424c7b4cf0496cf658a270487eef2ccf4a76a4e8fbd8c0851740af,0x08f1b3f7809fd27d78ec39660f088d6a17ab9a35ec166b510bedcafcac43fbe1,0x12a025b972e8bC244FF4Ae8fC89E028150F27Ea3,87,claim,1,390156,624249600000000,124849920000000,356
915,379,0xc49e813436769f01bf0eba7dc07a2e3f8d01fd5ba9bcea2d0b4f22691870b9e6,0x23fa797f46e825bccbce70a72cfbcaa4aa3761ef1f332e9109e4ecb42806314a,0x6AA32A6a6b85eb0e65859804f2665139868524A1,88,claim-replay,1,390156,624249600000000,124849920000000,356
917,381,0x88069ba2eb187f521d958add4994def881363f29d49f31b0d18f8e713b9576ef,0x81d919e33f484658069a81d7f80e2f1ce2b01a8a15f95f88d541e117460e508f,0x12a025b972e8bC244FF4Ae8fC89E028150F27Ea3,88,claim,1,390144,624230400000000,124846080000000,356
918,382,0xd305f3bc7fb631d0e1ae3fbb362f27a0972d20446387c1ca86834027f8058ce0,0x19cef4002cfa9fc97c1e1c8fad8b6c171e9b4554b2c5071f2e53d89675e0e068,0x6AA32A6a6b85eb0e65859804f2665139868524A1,89,claim-replay,1,390144,624230400000000,124846080000000,356
921,384,0x4804a2dd3979e08230bbed77f954bf8b7b12412024608b3d9efcb47120317f1f,0x984c76f8af0c6eb341d35d045d9e6284e55380333f983b486e4ea8332f9c1b33,0x12a025b972e8bC244FF4Ae8fC89E028150F27Ea3,89,claim,1,390144,624230400000000,124846080000000,356
923,386,0x26359b6428e1056b0ab28716e2e63d702ab9b48cb7aad8b339413eaba3f87e24,0x74cb84a44d7124abbbcfcdec7de77de2b106c15af7a16536df6a3f3fbddbfa29,0x6AA32A6a6b85eb0e65859804f2665139868524A1,90,claim-replay,1,390144,624230400000000,124846080000000,356
925,388,0x151548fa3d84123df8cd55b460c7c5a7ae3b94f72751f993f117473362de31cf,0xab837391e55389b6bde40e4e3cd9ece3de80e938d29ecb940fb2e5a4a1f2d206,0x12a025b972e8bC244FF4Ae8fC89E028150F27Ea3,90,claim,1,390132,624211200000000,124842240000000,356
927,390,0x88050f4c5e4d99150b44e2e70d59eda3fa167204e284bccc8e244df0cc16784d,0xbe93a1d2a47b0a1446f0d2637c87b3473191816479ff7e83c0b47eff1d4b2630,0x6AA32A6a6b85eb0e65859804f2665139868524A1,91,claim-replay,1,390132,624211200000000,124842240000000,356
929,392,0x56b3792da98f9c3ffb72fa3217abdabd8e03a423a1092a2c2e748e7a2b030dec,0x64a84f6279ead092e0700a512d3b565738db0fa0c0d306ae98f5f1ad426314cf,0x12a025b972e8bC244FF4Ae8fC89E028150F27Ea3,91,claim,1,390156,624249600000000,124849920000000,356
931,394,0xc551a0aae8322f071238298514b43ad35c9168f4b6e3df4b2d0ff8ee47f0fb7b,0xe7e40548200a8f413fd03ebad88a1fe07c5a8717d2fce85781afd6c1e9ffd508,0x6AA32A6a6b85eb0e65859804f2665139868524A1,92,claim-replay,1,390156,624249600000000,124849920000000,356
933,396,0xfb13de3330043ab807b32727c973b1f0f25c1e96752337fd6ac114839d6db445,0x5b021cc94884a56f720a7a1b37f56a383c1b0846250e4a7fe864643015aed480,0x12a025b972e8bC244FF4Ae8fC89E028150F27Ea3,92,checkpoint,1,12154556,19447289600000000,3889457920000000,2578
935,398,0xa649a35fd18b645d7a29cc3c86ae0f1fa735467d55cb11628d42d9d9d8d52e26,0x7f98bae66610d5abec6aa6152368153c1166086e930d5689733f6311e95db8a7,0x6AA32A6a6b85eb0e65859804f2665139868524A1,93,checkpoint-replay,1,12154556,19447289600000000,3889457920000000,2578
937,400,0xeca6a2c7650c5e4d42e43ce410a7f5016b7c6151639816067fb534cf75d5af0b,0x1c448dbbae5575618cb00721c18b33a8865bed5113a03b9e79424b4cb345e031,0x12a025b972e8bC244FF4Ae8fC89E028150F27Ea3,93,claim,1,390156,624249600000000,124849920000000,356
939,402,0xda32b94995561bb8da642b871adafd1e507db3bfebbc17f0344e48c1c722b829,0x75a428ed75c313f43e3686fc32782c9e3c3fa1009210dc561f858803106fde9d,0x6AA32A6a6b85eb0e65859804f2665139868524A1,94,claim-replay,1,390156,624249600000000,124849920000000,356
941,404,0x857d7fba749be1a4322807171b3c411173dd0ab46956c2171afd72927413a99b,0xadc58f3f61644463bbc5c01eabbbb54dc49871ce0e435ca341be6311b6c5be66,0x12a025b972e8bC244FF4Ae8fC89E028150F27Ea3,94,checkpoint,1,12126392,19402227200000000,3880445440000000,2056
943,406,0x214118a2732798c553f96a1fbbb912d7b056f33fc28b5a338ae53c680ef23269,0x71e92637e325e560d2fdf802a9c26a0775bea69b61063c837f87700107943d61,0x6AA32A6a6b85eb0e65859804f2665139868524A1,95,checkpoint-replay,1,12126392,19402227200000000,3880445440000000,2056
945,408,0x0782d144fb492ecade2ae8519473a587f587021181cd8c858d65e082c7de1eef,0xa57a6a22ff47cb8ac20d83c364f1e63414e6f319a0b0bdad0328fe8a7053d61a,0x12a025b972e8bC244FF4Ae8fC89E028150F27Ea3,95,claim,1,390156,624249600000000,124849920000000,356
947,410,0xa58ab1a46b7ccb019fa84c3180bd00cb2a2306285f2a867d07fbd8c1804603ba,0x76cf8d27bf3c7d0a2527a0211fad35e2cb93bf3d7aa2b0f61205e3003f724334,0x6AA32A6a6b85eb0e65859804f2665139868524A1,96,claim-replay,1,390156,624249600000000,124849920000000,356
949,412,0xf676d798ebff0a6ad9706bd567576f1a9a1a6be6a283faef09a3b030f5764f7a,0xe174422ab677cb25ef618faa63277b0689cd7131a0d69baac3bdb42b5837fb95,0x12a025b972e8bC244FF4Ae8fC89E028150F27Ea3,96,checkpoint,1,12181972,19491155200000000,3898231040000000,3104
952,414,0x0d31036f8aa6e926baaffa125dcd1c15d4978e47a9714a0ab7c88ef3c9230044,0xf8b6965ebc5829b616e67c5ccb73eb091a4dd552067c7f0cffa5e142cda12e78,0x6AA32A6a6b85eb0e65859804f2665139868524A1,97,claim,1,390144,624230400000000,124846080000000,356
954,416,0x2d1c89852e7aba2c3f38dc7b0d3bc7192130b04968b9c5de186a8276f67be964,0xbde7bfa3a7d7e0a72eb777dbb16a3defbb0da4760e836d800c3b29384172d616,0x12a025b972e8bC244FF4Ae8fC89E028150F27Ea3,97,claim-replay,1,390144,624230400000000,124846080000000,356
956,418,0xe6c91af3028bf18d244ddfc13bd8d0164c97ce6368986de306ce26ecddf8d6c1,0x59afadc9c28ca61e89ef0c8212bfb5b018f6c31818bb38db90b7cf2bf1a64d5a,0x6AA32A6a6b85eb0e65859804f2665139868524A1,98,checkpoint,1,12154668,19447468800000000,3889493760000000,2580
958,420,0x4e804511b7628aed25479c5187fb825f04dfd6ea1fd6619add21e42be3a81fd3,0xef6c3b52411874f411e1b88b8d9208bd11e4745575179b4996288ad0f7701c8f,0x12a025b972e8bC244FF4Ae8fC89E028150F27Ea3,98,checkpoint-replay,1,12154668,19447468800000000,3889493760000000,2580
960,422,0xfccb61e759c80aeccc4f21f99bad97b2469e3e0dd89b64240d198c00a2d0dbdc,0x94fe013b37c6375021c7d2cff9da81eda21e83c016473aab5e3ff9e9a12123da,0x6AA32A6a6b85eb0e65859804f2665139868524A1,99,checkpoint,1,12126404,19402246400000000,3880449280000000,2056
963,424,0xd22f09539fefc9eab92d588707fcff26200b611ca50ae86a58c38a258c9f51ae,0x3cd3b3eb53998c09dcb3de63989e5674df2dded9b11e8fc18fa720989c17777f,0x12a025b972e8bC244FF4Ae8fC89E028150F27Ea3,99,checkpoint,1,12126392,19402227200000000,3880445440000000,2056
965,426,0xc279f00abbc3d10bacdc7aa01ee5f0f7e0dfbb6b2a833cf42f6839c9afb7566b,0x0256afd91a2c323fde8e88889f65230a40ca8da3e3e182a481ec340d09c90d45,0x6AA32A6a6b85eb0e65859804f2665139868524A1,100,checkpoint-replay,1,12126392,19402227200000000,3880445440000000,2056
967,428,0x869c831acc14cd531f301106aea97118383f63329973d4cd5a6cc2a0dca319bd,0xbc2a438e23cb26e3e7045d3104064e8e044479c02a1cb85852d2b4c86e3683d6,0x12a025b972e8bC244FF4Ae8fC89E028150F27Ea3,100,checkpoint,1,12126368,19402188800000000,3880437760000000,2056
969,430,0xc53f661bf4d3421591544a95154e4c39c6de252260c838fa62e3e70982712c2e,0x77a32eae44f9575c8cecf5db71789826ae59083b23d6aa31aea9a184ea59a632,0x6AA32A6a6b85eb0e65859804f2665139868524A1,101,checkpoint-replay,1,12126368,19402188800000000,3880437760000000,2056
971,432,0xa3d1cd4e553703b9f17550965422db5c170cc12d412bb809caf164ec476afdd0,0xb3769f9418dac6997b2e5ae308fd596be2cfb001a2d2a5e8c1570376b30cc2ad,0x12a025b972e8bC244FF4Ae8fC89E028150F27Ea3,101,checkpoint,1,12126368,19402188800000000,3880437760000000,2056
973,434,0x7bef35d48eb687ef0695f35e08be6a13286413bd86efa261392260a16c20d7fc,0xcf4ca7ad832be8ac268f5be06b421dce6611b5ac805a8c4cb6fac66c9ea7e7c9,0x6AA32A6a6b85eb0e65859804f2665139868524A1,102,checkpoint-replay,1,12126368,19402188800000000,3880437760000000,2056
975,436,0x6638ff5c2191b539e14b5a4f5ff6d6e0f95557412ffd6fcef8c9c6d7ddc97c55,0xf4adfa00942d303672078da2c86499aa810c3704c12115ae6324924af6f85e86,0x12a025b972e8bC244FF4Ae8fC89E028150F27Ea3,102,checkpoint,1,12126476,19402361600000000,3880472320000000,2056
977,438,0xc4440137912e7339adee8854318d78716074350ba34724713547664aa9054030,0x2d233e5102428c478066bb750cd22921850a60b903b27b419cc05d12a1f311a1,0x6AA32A6a6b85eb0e65859804f2665139868524A1,103,checkpoint-replay,1,12126476,19402361600000000,3880472320000000,2056
979,440,0xe132c4228d4417b01e2ad533f0c77af306628947dd06607766024728d0aa9514,0x5b7e9f39bd27343273e8a8a955b5c83023310b6da112ead4d5b5b737cdf7e604,0x12a025b972e8bC244FF4Ae8fC89E028150F27Ea3,103,checkpoint,1,12126428,19402284800000000,3880456960000000,2056
981,442,0x59772ed8a52ab06411933ea35d5e5c262aaf2e29157b5738231ae6c7d0b0772f,0xf0da0fa36a4c38d02df2ef7c3e808256393434fac238a9ef5898b45d4cda3371,0x6AA32A6a6b85eb0e65859804f2665139868524A1,104,checkpoint-replay,1,12126428,19402284800000000,3880456960000000,2056
983,444,0xe5f19403d647f5216a92c180347fb676d2a4c46e8c2edb7ed78ff8f2d106b25e,0x72848d295ee67aa8a9348dc0f4566997b18c19e1b6907e9f9bd32a510c83701b,0x12a025b972e8bC244FF4Ae8fC89E028150F27Ea3,104,checkpoint,1,12126392,19402227200000000,3880445440000000,2056
985,446,0xfc9c86e2b414bcdf4481d7656a73848df019108ad245964fb00421e641ae9ddc,0x4a342b6ce61635a18ea57b01350c1f3ba03391c00fa7795d74c25b766f823d1b,0x6AA32A6a6b85eb0e65859804f2665139868524A1,105,checkpoint-replay,1,12126392,19402227200000000,3880445440000000,2056
987,448,0x271449393496b3a4f5c0e58e350b1b1584ae0adc651511bc01b0659d1566a79a,0x250588144ba48466a262615c96f530b9bc9868cd29bc9a2b8e06fc826dafcf1b,0x12a025b972e8bC244FF4Ae8fC89E028150F27Ea3,105,checkpoint,1,12126368,19402188800000000,3880437760000000,2056
990,450,0xbba0735f153fa75a83a9de050473d4f60f55c8f10b137e0dd3b1204a9a283fbd,0x17d9540627b34721484c8cfd21230ca9b319154abb5c96d88a4b438f23d32c0f,0x6AA32A6a6b85eb0e65859804f2665139868524A1,106,checkpoint,1,12126428,19402284800000000,3880456960000000,2056
992,452,0x8b52db799aca19505936dd0c03be57dd8e86ff0fd24a7aad73d226cf4fa03d20,0xf84e324fa2be763d014b8da18b49c6a8d987f37b06586b310b21280320ea6111,0x12a025b972e8bC244FF4Ae8fC89E028150F27Ea3,106,checkpoint-replay,1,12126428,19402284800000000,3880456960000000,2056
994,454,0xd6aa9af318268a5d1a58147790d9da21bd75b1e76937a7857977278db2b8ab23,0xa27844604e9b12b9b5317d99e83c2bd502808e302742676eb7bda554553364c6,0x6AA32A6a6b85eb0e65859804f2665139868524A1,107,checkpoint,1,12127352,19403763200000000,3880752640000000,2056
996,456,0xf6853aed9eac1c8c131df67b37a43b25681a2daaf104e6316ee2fa5dcb3dcf43,0x9df88b9c596429c00e154060b8374a6cb937b3b058a7b54c80fad95d8f2c7f45,0x12a025b972e8bC244FF4Ae8fC89E028150F27Ea3,107,checkpoint-replay,1,12127352,19403763200000000,3880752640000000,2056
998,458,0x843c4e97bbf21467c2e6dba718cc3c4f286b8056f5d0880b1bed746227317283,0x300bd6be25070151fad55909cf3c739f2ec3cf6cdf5f409c5938bb9e9832d126,0x6AA32A6a6b85eb0e65859804f2665139868524A1,108,checkpoint,1,12126416,19402265600000000,3880453120000000,2056
1001,460,0xc61dbedd0880382586f5c71e2e84ab8a429d3b525735139b1abdbbe6a609fd08,0xdec394701a0a31972023b478ff5dc73629c849873615d18a2a03c0b3b1ee8796,0x12a025b972e8bC244FF4Ae8fC89E028150F27Ea3,108,checkpoint,1,12126404,19402246400000000,3880449280000000,2056
1003,462,0x725bcb7a844109316cc995247568fc1506baed830e867a05bb4b70984fb12420,0x46b4b36e5a419fb293014d44dab7e2c7fffba2ddcf09abba33337f2d70e4d5b9,0x6AA32A6a6b85eb0e65859804f2665139868524A1,109,checkpoint-replay,1,12126404,19402246400000000,3880449280000000,2056
1005,464,0x3cc0b48383b099e1f3f5ef58a382ce074b6a0488d30df266be407f4101091cf4,0x2ebb8a3869004aa1774a5364085579d438d84b216e5f31c37299914b2276efb1,0x12a025b972e8bC244FF4Ae8fC89E028150F27Ea3,109,checkpoint,1,12126944,19403110400000000,3880622080000000,2056
1008,466,0xfe5e50945dfb9afd2ab73d33d002995923bc5f5cbd1476d5cc813c37ba05e581,0xe527dd614b2acd7e97154c9208caeaf0118f1d3051bd5b613ce111b4063d99f3,0x6AA32A6a6b85eb0e65859804f2665139868524A1,110,checkpoint,1,12127412,19403859200000000,3880771840000000,2056
1009,467,0x978db81078401e7e5133204c07d9845cf55589107ffb37b84bc36914b20030eb,0x6401050f10e824d02f572eeab5c3e62e29053550d61e846e3320a6f3aa52b737,0x12a025b972e8bC244FF4Ae8fC89E028150F27Ea3,110,checkpoint-replay,1,12127412,19403859200000000,3880771840000000,2056
1184,469,0xc85c09ad3cfcd0c428565d80de50f0dc4d2a3a5169c33fa485b7b7863967532f,0x7d447760913510c53d6bdd5e512f8eed63f8b6bc6ea514175d491b6214d2b193,0x6AA32A6a6b85eb0e65859804f2665139868524A1,111,claim,1,390132,624211200000000,124842240000000,356
1185,470,0x150194c99eb31df460b05288282e4b56c09c984040212e0f26bec8c4808d7f3a,0x2c0bc871970617a969867c6c5b3da6fca2f031305b5a34cd1c0b7506cc107681,0x12a025b972e8bC244FF4Ae8fC89E028150F27Ea3,111,claim-replay,1,390132,624211200000000,124842240000000,356
1187,472,0xa5297f42565a4c5859ceab47d59b172d1a77dabbbfdc06e0c31d1d0b348f5ec5,0x384ba2797274cdd82a8384dd5807361c93af99c27eaa5d3f2f0dd507d51a44af,0x6AA32A6a6b85eb0e65859804f2665139868524A1,112,checkpoint,1,12126404,19402246400000000,3880449280000000,2056
1188,473,0x84e4e8247ff1bf8e9865c88f65980daff4798eae5fb8335e1afe6d17ebac5548,0x6cf9defcc04d81ef70f0bf84820f64e89a11545eac40146f5d79c96629713a52,0x12a025b972e8bC244FF4Ae8fC89E028150F27Ea3,112,checkpoint-replay,1,12126404,19402246400000000,3880449280000000,2056
1190,475,0x5a6d4a3b223ee53481310e985562df7277705d137fcc840b96e24584725cceb4,0xfe828bda1416a8cd639447ba40c97739ab45c65e93e797a02dd89bb98b6dc6ca,0x12a025b972e8bC244FF4Ae8fC89E028150F27Ea3,113,claim,1,390132,624211200000000,124842240000000,356
1191,476,0x85a2e2670ff86911c4eb6fe417e8fedc516385ea29589025d23ab500a2d1495e,0xb4b99b4defa11faf92660c3d331bfd2af7a7e7b4cb287e8bdc2c440fd4df136c,0x6AA32A6a6b85eb0e65859804f2665139868524A1,113,claim-replay,1,390132,624211200000000,124842240000000,356
1193,478,0xd0f11a32b64dad40acff85205ff96dccfc16a875f1411c7f7b262b9dc85511d3,0xc7b1001a8f4fe79ffb5a0da8c55c5560d5455393af9ac4c58bc138f594636117,0x12a025b972e8bC244FF4Ae8fC89E028150F27Ea3,114,checkpoint,1,12154212,19446739200000000,3889347840000000,2580
1194,479,0xab8111ded29142d9ce27db0f3c2fa90f1de162be4f84cca73b29e32ed8fa9a53,0xbf466b1f577812e58f0f01c733e9b006422ad2b36a70515b13385a09833923c6,0x6AA32A6a6b85eb0e65859804f2665139868524A1,114,checkpoint-replay,1,12154212,19446739200000000,3889347840000000,2580
1196,481,0x3ed651fcd4888b062656817639fea1df0d756b7d7f14f67d17d490daae4f4bb9,0x73b38e3b1a2390ddc2a5d498437044c1f1cd4f7db13abbdecbb1418e31a531c0,0x12a025b972e8bC244FF4Ae8fC89E028150F27Ea3,115,claim,1,390144,624230400000000,124846080000000,356
1197,483,0xea5a6a58ccd4fd07b82e69938bd4a2572be110b2fa959bd0304d9273f032a1db,0xe63164bde7cedd6ff60a05754997bf0c9f426912800ebfd0586ea3d08fc55a16,0x6AA32A6a6b85eb0e65859804f2665139868524A1,115,claim-replay,1,390144,624230400000000,124846080000000,356
1199,485,0x94776501685feea2890cc34c2283721e6420d4684379587bc181d2543927c43d,0x5c1d1eb77d5aacb2fb184ccd0a13cad07a6bee4780b83c25d47a146adfc407ea,0x12a025b972e8bC244FF4Ae8fC89E028150F27Ea3,116,checkpoint,1,12126380,19402208000000000,3880441600000000,2056
1200,487,0x8f683edb8c5e653c7571a965e9a2c991d849530fbcb1e31d26f3d1769fc20c1a,0x845b12f7b3db149efa36df5d01fa2936e547449081e5f9f89ba1a5ba891156c5,0x6AA32A6a6b85eb0e65859804f2665139868524A1,116,checkpoint-replay,1,12126380,19402208000000000,3880441600000000,2056
1202,489,0x47a9434a4a1d514ba5adde2772b82c238cd1d3a8fcefa528cf60876ca46e9317,0x71d34c85ab49b5dea90a894d8ea273309bdfd77dfbeb08aa73cc04a3fdb521de,0x12a025b972e8bC244FF4Ae8fC89E028150F27Ea3,117,claim,1,390132,624211200000000,124842240000000,356
1203,490,0xe92b74f11a6a7837c98873f8a066797f964807ab0bac201cc9c99b62a88b21b2,0xbda3e59956419a4894e3a8e9f665e995f24e249a6d6ede78ad74e93ffe089627,0x6AA32A6a6b85eb0e65859804f2665139868524A1,117,claim-replay,1,390132,624211200000000,124842240000000,356
1205,492,0x1a53abe458f3adbc79f7cece28a2651706d098f7bf69d2291e7555e8d8068fb7,0x3417b91e47c423fa4a9632711c24b6cbed532267466043dce5ac117643b9da2a,0x12a025b972e8bC244FF4Ae8fC89E028150F27Ea3,118,checkpoint,1,12126392,19402227200000000,3880445440000000,2056
1206,493,0xbe3306523e1ddb0f5feae7d8ecb7af5b78067e2f4955f5e2cd12486c8f870f7f,0xd46a052cc8de7fe37178faf3f0a30c016a5e117700eb84b4733f46bb0b61213d,0x6AA32A6a6b85eb0e65859804f2665139868524A1,118,checkpoint-replay,1,12126392,19402227200000000,3880445440000000,2056
1209,495,0x3ec76ce9657851f5850e8e5b4ffe733b854054dae0017afd6d06255b533b2251,0x133c812a1690c8450f67e144e6563befffacb1b36c7cf31268dccd5caea5ebb4,0x12a025b972e8bC244FF4Ae8fC89E028150F27Ea3,119,claim,1,390144,624230400000000,124846080000000,356
1210,496,0xc6c4a17ab627e2360098c57fd0925de48bbe43012f0c3a98b962ec7162ecd5f2,0x5456dbf35946119e9902f8091ab8a483a80b1d29efaf9b75c8701b559806fb6e,0x6AA32A6a6b85eb0e65859804f2665139868524A1,119,claim-replay,1,390144,624230400000000,124846080000000,356
1213,498,0x692cef2de948e29bf3b0be0b9916d9df8c65eb5d752c0ec60897d93c3c6fdbd0,0x8f26896d723708135d23370140cff0b63b45d0544017fb47ad448439c289753c,0x12a025b972e8bC244FF4Ae8fC89E028150F27Ea3,120,checkpoint,1,12126404,19402246400000000,3880449280000000,2056
1215,500,0x01febf5dfc97e2c7a8b3cd7b9f4fa8f7d47f70b98d6bfd1739a91edf31355ad3,0x0c6d43922f51523f8e0b3b5691d6e6bd11d12510d389094f9e2a770311bc70fe,0x6AA32A6a6b85eb0e65859804f2665139868524A1,120,checkpoint-replay,1,12126404,19402246400000000,3880449280000000,2056
1217,502,0xd9368059085ee7600ec6d1751ace41e99aeb14bc51397a3c6b0f1ff8d9c93fb3,0xcdbe5c5448775993a1a347e70cd663baf825a3807f52b1fa5537e1e5350e1f12,0x12a025b972e8bC244FF4Ae8fC89E028150F27Ea3,121,claim,1,390144,624230400000000,124846080000000,356
1219,504,0x081fa1677dc642cb2dc7dc2e37361a6b3f47c4913616d9b2de2f41cf5b1f4734,0x4a2b6eb4f63ef044aa69fc53fdbafffa753f514d94d2d7447257edadfc88d0be,0x6AA32A6a6b85eb0e65859804f2665139868524A1,121,claim-replay,1,390144,624230400000000,124846080000000,356
1221,506,0x4e19ce36f1e4f66837961c52fa6827bea5d84559fe4c1989e75133f1b7df58bc,0xb30f9d09ed74da4ff75e4bdb92b5425e90ddee33fdfc3677aad14f0ff837aa66,0x12a025b972e8bC244FF4Ae8fC89E028150F27Ea3,122,checkpoint,1,12126404,19402246400000000,3880449280000000,2056
1223,507,0xdf568cb1518291c268607ac278380a4d17913d73ab8be9b97b48638cff6afc3d,0x1d0f3815bd2444893c864ddbc6bd6e5a6172d61a479951a28905a6f4b15e6c15,0x6AA32A6a6b85eb0e65859804f2665139868524A1,122,checkpoint-replay,1,12126404,19402246400000000,3880449280000000,2056
1225,509,0x0010f3cac6bf2c8e8dbc6918ca25a3621d6936da5bf500421ee78760c4697d6f,0x5d04731a883349d5da88dd5812a6c3196cf6b1129d4f297a4bf56c7d351eba8b,0x12a025b972e8bC244FF4Ae8fC89E028150F27Ea3,123,claim,1,390144,624230400000000,124846080000000,356
1226,510,0x76b7336ad86fb2dd13f36a4c4d49a4d9b7abfc81a9f43c2d68148f2283d91640,0x8a1ca83d7e12bb5441dbc319e7af7a526b2fb7354cef64cba84328f7f8b31aca,0x6AA32A6a6b85eb0e65859804f2665139868524A1,123,claim-replay,1,390144,624230400000000,124846080000000,356
1229,512,0xc337c9e27ae893ff4db7f6a46280ef6cf4ebf0e04a936f37140fcadd0d770556,0x86eeab4154aa6cee94c19eaa1b2d06b0a5cd9fc6004aa68b9a4a4d5e2e7dfe6c,0x12a025b972e8bC244FF4Ae8fC89E028150F27Ea3,124,checkpoint,1,12126416,19402265600000000,3880453120000000,2056
1231,514,0x89f82325b514e87d666aad243570919f19bafc2bb78399ad436262bb650f2ccc,0x7687e3a943e069ca94170b16954be9c827c953f0ce1b3e0b2f1389c8f481e775,0x6AA32A6a6b85eb0e65859804f2665139868524A1,124,checkpoint-replay,1,12126416,19402265600000000,3880453120000000,2056
1233,516,0x97764230f0a8d0636585e0cae887ed4c5a901c551326e276c6a17fe71c6c5a2f,0x296fb7856c58a8e062d7a5af8b558369f10e91aa2837ac6deb28b245d898fb47,0x12a025b972e8bC244FF4Ae8fC89E028150F27Ea3,125,claim,1,390156,624249600000000,124849920000000,356
1235,518,0xbc6a9379d66a2edeb9ec088aed87e21d6aab44e4e3886aff4339252be98adf42,0xaab1d7b74438f33ea9fb626044ad6cfd3bf80284d78161cc6208d2ab63f60b3a,0x6AA32A6a6b85eb0e65859804f2665139868524A1,125,claim-replay,1,390156,624249600000000,124849920000000,356
1237,520,0xfb5d9eaa59860d98034c173c9f6f4ed8be207e04bc0d975b77f552720f7f8b1b,0x8d68040a35f8802b3c4250f70663d9429e4ce6a8c7fb3e7e2c2f4e357265b6f7,0x12a025b972e8bC244FF4Ae8fC89E028150F27Ea3,126,checkpoint,1,12126404,19402246400000000,3880449280000000,2056
1240,522,0xea04a06329a9776d169bcde185c4a9b1aa9def34e0598f4e881ef86fe627711e,0xf5a68add1c96f15fe0a8f099c8a3bdeb0d1684ec87f7a9567fcb7ca5b6a4398a,0x6AA32A6a6b85eb0e65859804f2665139868524A1,126,claim,1,390144,624230400000000,124846080000000,356
1241,523,0x146115cc7997f02d0113b96d04c6f7f62164210423e2ee2a6c8aa7859f82120f,0x6f516c81e612e283c81450c62bc31731a87635543243743f41f9513422bb4af8,0x12a025b972e8bC244FF4Ae8fC89E028150F27Ea3,127,claim-replay,1,390144,624230400000000,124846080000000,356
1244,525,0xd232a0c944558c897e5f30051adbd0c86e96fffdfa840abad1cfa1d0183550c6,0xdc7f8c75cc0c8b45efefc8369771c40f56765dbf4a12e03f23cbd69c0314cd2c,0x6AA32A6a6b85eb0e65859804f2665139868524A1,127,checkpoint,1,12126392,19402227200000000,3880445440000000,2056
1246,526,0x32ad36bb1f9be86c1853231b62403378d0712b6c883bcb452b65d9c154b57fa6,0x836fa18f075fe7ace34c60dc7c3250f87c26b721c2fab65b3765a714ed91496b,0x12a025b972e8bC244FF4Ae8fC89E028150F27Ea3,128,checkpoint-replay,1,12126392,19402227200000000,3880445440000000,2056
1248,528,0xdc9b0277df4d6858e82098168d6b5f0d434509e1517652996f72f78935ec6ccc,0x08ebc4f4deff1c031e9d7c3de339fafb87c38330177ee72f1dfc85a50883e13c,0x6AA32A6a6b85eb0e65859804f2665139868524A1,128,claim,1,384708,615532800000000,123106560000000,260
1249,529,0x160babd99ee64a2468dd11c35f0e556f56f247acc8670adbb6762c56b5d9954a,0xa80800b87718a7036c7611c2e086908014853ecd2b9ddaaa24c17b8e27a9cac3,0x12a025b972e8bC244FF4Ae8fC89E028150F27Ea3,129,claim-replay,1,384708,615532800000000,123106560000000,260
1252,531,0x4460083b53dbb9855c5e4179038f1970648abd676f63ae96af025c3c9d909346,0xadce2da263f4fcac40fcd0d14365661a4cebba49c2717ad7a54f6e07432661c4,0x6AA32A6a6b85eb0e65859804f2665139868524A1,129,checkpoint,1,12126416,19402265600000000,3880453120000000,2056
1253,533,0x473ba96ddb15918b56f649a99d391a2bd3e42bc711570bf118ae36a1c62dffda,0x963c7f2f37c79241b500b2f29f16ee64a5b8386d2f8b70176863e0258cb9996a,0x12a025b972e8bC244FF4Ae8fC89E028150F27Ea3,130,checkpoint-replay,1,12126416,19402265600000000,3880453120000000,2056
1256,535,0x75d92bbb892d9d889fed1a0f71b1972887d2d8395004c3eca87b4fc990c4fa19,0xb34ee310c7843d8c11a89862eb1ef996bd790fb7317e51baf237c8edce3f45b3,0x6AA32A6a6b85eb0e65859804f2665139868524A1,130,claim,1,390132,624211200000000,124842240000000,356
1258,537,0xe77120d1140de916a16a66ba02315054a2c89e07baac5ff47558e7f040113490,0xaa370b27b2b658ebe23d57b7d1b1233ea5faf1d3ffad725572a7fb1402d60c98,0x12a025b972e8bC244FF4Ae8fC89E028150F27Ea3,131,claim-replay,1,390132,624211200000000,124842240000000,356
1260,539,0xdc5c8323c04d77b1632ab9813049dd238a62479e4d9b3265844d0ac186c1bf2c,0xc8a44c0702ecc7014cd3f1111f3ed45d68e9d6e79a536d9d45aeab4045902415,0x6AA32A6a6b85eb0e65859804f2665139868524A1,131,checkpoint,1,12126440,19402304000000000,3880460800000000,2056
1262,541,0x778cc10f0081231b8340428a15f818799d6c2551000c1c0e093d8244cb013979,0x8a06a7b3d80659914bbc359ed84aa026557ae4a0b581ed0339b9b2323dc1c4f1,0x12a025b972e8bC244FF4Ae8fC89E028150F27Ea3,132,checkpoint-replay,1,12126440,19402304000000000,3880460800000000,2056
1264,543,0x7283c597b682b3afdf7692d6736f0e4b17a1e784ec124433fbcc7b974e16d6ed,0x6e2a57aea41cc89e698cb46272001ff10b5d76d6f3f532c21ea0360d34af49a6,0x6AA32A6a6b85eb0e65859804f2665139868524A1,132,claim,1,390156,624249600000000,124849920000000,356
1266,545,0xc01d45939f2f4a7740c77c4ce23aa0186b0bd5911ac7b5b2bf4c7267c210e218,0x72312e56758eb40f97f940f4d966687071c2a125052299d3f6b61f232b63fbcd,0x12a025b972e8bC244FF4Ae8fC89E028150F27Ea3,133,claim-replay,1,390156,624249600000000,124849920000000,356
1268,547,0x784e0d3ab3ea42e1c5c17e0ea7120f986cffb48ae2df9eb3da74e0645be428cd,0xea4e47ca77cdc56bac37d0fea94083ad4d67a13653802f83ef1c2355c05e106e,0x6AA32A6a6b85eb0e65859804f2665139868524A1,133,checkpoint,1,12126392,19402227200000000,3880445440000000,2056
1270,549,0x09ed69c6b03365f755f939346cd3a9bfb644775dfd9fa863c177683d66602af0,0x89cc2ada07b78910be2568aee8a31c92239dbaf2a8f5f162c20eeea67b0d8721,0x12a025b972e8bC244FF4Ae8fC89E028150F27Ea3,134,checkpoint-replay,1,12126392,19402227200000000,3880445440000000,2056
1272,551,0x19c46269206bc02db68002003593061e45a0ee358d61652c450b1a35d2da1a21,0x4df2791745aae53db64ed628fd373ac20f8e70ae0a8a8fb0953c799aec20b16c,0x6AA32A6a6b85eb0e65859804f2665139868524A1,134,claim,1,390156,624249600000000,124849920000000,356
1274,553,0x45fa3a4d485acf876f33cfbebb1a30b8a0db99192e3d05aef9d2426f0c67af58,0x275d1564d148356c16bed5942547b002069f8d143bb6cfb2b207f17e561bb27e,0x12a025b972e8bC244FF4Ae8fC89E028150F27Ea3,135,claim-replay,1,390156,624249600000000,124849920000000,356
1276,555,0x06c16b5916f14bbb1ee66f7911682336f8e983c41fb3e49eeabe2d62cc94a2fe,0xad7ff2e74651fc1beba70692a812964e7992e3f57cac1f6ec91587e78ee6583a,0x6AA32A6a6b85eb0e65859804f2665139868524A1,135,checkpoint,1,12126416,19402265600000000,3880453120000000,2056
1279,557,0x4c2e4ff80d9bb3c0abc1c4ff3f3a43a0e14c0d0ddfb87b47935f40529f0ee3dc,0xdb59885a1ea73e07cd5b5406a24b2214469e5969a87f685ff0306a4dff8f8b8c,0x6AA32A6a6b85eb0e65859804f2665139868524A1,136,claim,1,390156,624249600000000,124849920000000,356
1281,559,0x8d9b6882114c9085772365b13a2011625d181af59932d4c2ec7a0e70567d1b8c,0x89d98f2a6459c74b5c9276822b1f47449dbdf19a5b3b17d62f434fb6e65feb02,0x12a025b972e8bC244FF4Ae8fC89E028150F27Ea3,136,claim-replay,1,390156,624249600000000,124849920000000,356
1283,561,0xc6e490938e6dfe156a85bf053a5403204b030bd992bfd15f475488d364def73b,0xe371fa62dabec976620b3ec4dc7647564280d3de75a67511ede05f6da5d2ccbc,0x6AA32A6a6b85eb0e65859804f2665139868524A1,137,checkpoint,1,12126392,19402227200000000,3880445440000000,2056
1285,563,0x7465f235331e63494c022309c8583666f4f16037ec598b2bd00b89893f4c99d6,0x38978d7d5d79b4621861f25af3b6cc2a72f8cd561b09a4db97299ba419e9ea93,0x12a025b972e8bC244FF4Ae8fC89E028150F27Ea3,137,checkpoint-replay,1,12126392,19402227200000000,3880445440000000,2056
1287,565,0xe3443f8766f3cd94e9400f8931d2f2dc13e8c0798ca694ee9c4a1fae4cfb93d8,0x8e1e4092ed060fd44ba703fde27a36ca14bc38df505c5593a661a3acc421fe93,0x6AA32A6a6b85eb0e65859804f2665139868524A1,138,checkpoint,1,12126440,19402304000000000,3880460800000000,2056
1289,567,0x65d77f2fd648e85071d6d9101eeadca0e99ae3322bca464ddcb334e206ee9e8a,0x840ffb9a1027e2db97edb1b19001e1f4a920ba65cbb035196f9d4af688cf21be,0x12a025b972e8bC244FF4Ae8fC89E028150F27Ea3,138,checkpoint-replay,1,12126440,19402304000000000,3880460800000000,2056
1291,569,0x96e7d93ea03da47730057b94a3b8c54d720986004778c4bc7c17a18b361c8805,0xa71491fcaa6cdcf31178564dde38d40c143329e97aae9f379ef326922fb4720c,0x6AA32A6a6b85eb0e65859804f2665139868524A1,139,checkpoint,1,12127412,19403859200000000,3880771840000000,2056
1293,571,0x0234bb48d1e4e63946a02565f1c438e1202715f25a0d91a900f8c9f72e116178,0x190e7f5d5a61894d352da40dfc0f00e98ee0f3a9ff276e8d85b9dc29836dbbd0,0x12a025b972e8bC244FF4Ae8fC89E028150F27Ea3,139,checkpoint-replay,1,12127412,19403859200000000,3880771840000000,2056
1295,573,0x210987266d24979bd70eb0b499cd9613a4a61641064e1682c25021096530b1dc,0x964634bb17760490072eb656ed0c704db8b28035323748fa85fddc7b789d6b9d,0x6AA32A6a6b85eb0e65859804f2665139868524A1,140,claim,1,390120,624192000000000,124838400000000,356
1297,575,0x37bc396566f6040c6f185f1335971745a9faf0271c027e1b5bc1e34ed11d43bb,0xea8b2a7039964da984b887df64917c69054c149da35c14b1aa88b0bfa2562dea,0x12a025b972e8bC244FF4Ae8fC89E028150F27Ea3,140,claim-replay,1,390120,624192000000000,124838400000000,356
1299,577,0xdd3ff1792b8b2ffd50d50bf6df53c2b8390b56982a7f2a1099b9e2846e4f9ad5,0x40e6e8a5be11a6fe9956fa9366e1b723e0d5f4878600785a246122f4eba36c3a,0x6AA32A6a6b85eb0e65859804f2665139868524A1,141,checkpoint,1,12126392,19402227200000000,3880445440000000,2056
1301,579,0x7674f67118dc3f9448ab14cec51778156170e58184ed28c073010023c72a6dea,0x22ac35eb86ba6ace87f9cef294a9299131bfb7e4789f634db487a5b680af62e1,0x12a025b972e8bC244FF4Ae8fC89E028150F27Ea3,141,checkpoint-replay,1,12126392,19402227200000000,3880445440000000,2056
1303,581,0xa92e89fb97d2485a1118f90209f27f4df92433e655a09b002a485373377c8c93,0xfa11ee5b5a5bd5fcc21cc0937d7c282e09168ad84af246d6f8039cc1c6f5c19d,0x6AA32A6a6b85eb0e65859804f2665139868524A1,142,claim,1,390144,624230400000000,124846080000000,356
1305,582,0xed9454d52b7d0f09903971784b939df591a3f87acb9db4060c6ce782834f409a,0xf90fcce9105b6e177c73d18b7226316974edd0322c00ecdf705859e8ceb5393a,0x12a025b972e8bC244FF4Ae8fC89E028150F27Ea3,142,claim-replay,1,390144,624230400000000,124846080000000,356
1307,584,0x70f142fa8acac5abb4b25f80f2b8b573fb38ad2c4d4f552ccff46b106b507794,0x9111d0d50bb0c15ada3c2e08f514561fd1cafce733ea46147ff5650d87885ffa,0x6AA32A6a6b85eb0e65859804f2665139868524A1,143,checkpoint,1,12126392,19402227200000000,3880445440000000,2056
1309,585,0x5ed0350bfb8c468e229d21d1c93e403937b1812711afdfc85c8df30491f58897,0x947bd88127132989b23e995adcf4e020bd934e3be9c271df48069ca739a16291,0x12a025b972e8bC244FF4Ae8fC89E028150F27Ea3,143,checkpoint-replay,1,12126392,19402227200000000,3880445440000000,2056
1311,587,0xeda7054075af1e4665db5bca1210627bcccf3c9db7ae8bbb2e54c412869094ad,0xd7e66708845e96d32a2c5485e5c9c492e24caba6c6d2183dc6bc580dd3a4248d,0x6AA32A6a6b85eb0e65859804f2665139868524A1,144,claim,1,390144,624230400000000,124846080000000,356
1312,588,0x77609024311658367772c816e4f259ae149d76daed101ad6ef470e8880ce262c,0xdfa5354926b583522fe567cbb3091697311bee77658cf9ac5c91dd9c1885233c,0x12a025b972e8bC244FF4Ae8fC89E028150F27Ea3,144,claim-replay,1,390144,624230400000000,124846080000000,356
1315,590,0x2cd16d77b552d724f5783902c53622483055c88acf7355ab017229e6a809294c,0x4ffe4e01cec23855f53f4e7ec2b8e9f5fb22c7d96b4a69ea5503d7fa54ddc952,0x6AA32A6a6b85eb0e65859804f2665139868524A1,145,checkpoint,1,12126944,19403110400000000,3880622080000000,2056
1317,591,0xd3f0ad7c74c3bd1ee9e73867388899f617cb2a7ca006e6d94c41afc0525fe8b0,0x80d906ced928a1ef5e8858f5bc3ed25286672bbf77581236a7aa7c206787904f,0x12a025b972e8bC244FF4Ae8fC89E028150F27Ea3,145,checkpoint-replay,1,12126944,19403110400000000,3880622080000000,2056
1319,593,0x272f808f08a22a8bf26cfa3954bea1ce7d3be2db0adf53bef73462bac06319f8,0x7e658be55ed48f946a7f7c0280343574c9a3bd3ff6591e89cc062b8b6cf18dc0,0x6AA32A6a6b85eb0e65859804f2665139868524A1,146,claim,1,390156,624249600000000,124849920000000,356
1322,595,0xb2b27aa1f25b24e84d16dad8526912d26ad266604e1b6e88d3742eb67482ba59,0xc2f5590f5d8856a1ca1e681d4b06c2cbfa784b29b20ba9c092f1a0175f6b3959,0x12a025b972e8bC244FF4Ae8fC89E028150F27Ea3,146,checkpoint,1,12127424,19403878400000000,3880775680000000,2056
1323,596,0xa77ff16cee678904507f16c2ba7e6714e7431ca95e10c54538ec863cfe779b2e,0x505363d7273556f6b8895783088d670da4167a873468adba2811ceaf95e509eb,0x6AA32A6a6b85eb0e65859804f2665139868524A1,147,checkpoint-replay,1,12127424,19403878400000000,3880775680000000,2056
1326,598,0x5c30fd544c00d6b8c2f968dc59544efd777de7b4370e89b4acbdae7e66fc4d7a,0x19f8173b64b432d11f6e5bf667f5d3ac405778739918adc802b2f3b01e16f11f,0x6AA32A6a6b85eb0e65859804f2665139868524A1,148,claim,1,390144,624230400000000,124846080000000,356
1328,600,0xd2b481bad5eb5c2a746ecac402f3e19bf9f37d96a8cde5070a927cf19d5131ff,0xdbea562b66b4a7a2fd27387563322c346e44dd415bf0c4d354049b2107989411,0x12a025b972e8bC244FF4Ae8fC89E028150F27Ea3,147,claim-replay,1,390144,624230400000000,124846080000000,356
1330,602,0x587eba829b3fb5505e59fd115dcc64152c97c1f92af95212b99d02e991f501db,0x9e8f8cb58a3fceb668f6f2571984ead98b1bc58da3345fc62fd05314638bf4fd,0x6AA32A6a6b85eb0e65859804f2665139868524A1,149,checkpoint,1,12126416,19402265600000000,3880453120000000,2056
1333,604,0xc74d18ab6a0bc8023fbc2e221b3681b010569304fddf156ba0ab47c13dee199e,0x050bf3d7fca995ba3c8b36c1bfdaaa9d09c7635d89a28a655a5658076c723839,0x12a025b972e8bC244FF4Ae8fC89E028150F27Ea3,148,claim,1,384708,615532800000000,123106560000000,260
1335,606,0x306fd5d14d73d243dcaa6af06b55d8676280deb1ac5825aa125a74fa7b229308,0xd197dcbbe0882d437ec8355b0c6a32457f7b2b2569fbecd5af54c30d662b8862,0x6AA32A6a6b85eb0e65859804f2665139868524A1,150,claim-replay,1,384708,615532800000000,123106560000000,260
1337,608,0xc8c5376988bec770dc63dd719956cb4163904479688cb3d7cd0007aafc460cf9,0x5e56b7edff813b971eda9f578a9fe9a69332a7a220b1020146e9851370615e4e,0x12a025b972e8bC244FF4Ae8fC89E028150F27Ea3,149,checkpoint,1,12126416,19402265600000000,3880453120000000,2056
1339,609,0x3ad52027d5dde63505a4ab8c232f9f2d9fa620aa323688896496b25f8a337760,0x6a4cb1404a0250febf9be044c0062ec01a3824ebf23ca8cfbd2f72f1c6f72cfb,0x6AA32A6a6b85eb0e65859804f2665139868524A1,151,checkpoint-replay,1,12126416,19402265600000000,3880453120000000,2056
1341,611,0xc373e748aed78c164c869279b2d3f452090dac6cd5ca472bcc81031116b8ab7d,0xfbf40f7fba52bd09c72fdf9dcf0780bd7ed7c2ff20df420e7158e3caaf2d5498,0x12a025b972e8bC244FF4Ae8fC89E028150F27Ea3,150,claim,1,390120,624192000000000,124838400000000,356
1343,613,0x21df4afa926ef675c37f3c775f3e06c723623ef8146c4ec267d6031e84c71643,0xa30825c5638d9cce9f4c63e6a4f6659cceffe6fe34797ac5e9b84c462d249b7c,0x6AA32A6a6b85eb0e65859804f2665139868524A1,152,claim-replay,1,390120,624192000000000,124838400000000,356
1345,615,0xb64808bfbcf201761955e9238d1db91837542feeb9b9b036ca04a2cbb704a0eb,0xb9fa470c67019e26c4f27cbf90483035a624bf3477370fa6478075c138ef23b0,0x12a025b972e8bC244FF4Ae8fC89E028150F27Ea3,151,checkpoint,1,12126392,19402227200000000,3880445440000000,2056
1346,617,0x70e99fa749f5a4fdf022ffebcd38449b5898922fae7c1cbe7a233e1d5140b3f2,0x679ad470cbe22b2d2bb04ec082e97b38d1bdfb838e2b0f01c8de9c51f856ed52,0x6AA32A6a6b85eb0e65859804f2665139868524A1,153,checkpoint-replay,1,12126392,19402227200000000,3880445440000000,2056
1349,619,0x19867aed5d5f1c427600861c09f8f5c44908bf8370c55032d8ca8a7cd732a8c8,0x7e5acb759cbf501fd91829bd1261ff3f597f2a07c045279e3b05e197a850cbfe,0x12a025b972e8bC244FF4Ae8fC89E028150F27Ea3,152,claim,1,390156,624249600000000,124849920000000,356
1352,621,0x696f625236d1efdcefb91dee4dae699202c9f5a2e1260548900dcad8f03b7a98,0x7d811d61c3ab7812a625efa7b98bdc5d7ef8b45fae63f490c467a88a423dd469,0x6AA32A6a6b85eb0e65859804f2665139868524A1,154,checkpoint,1,12126380,19402208000000000,3880441600000000,2056
1354,623,0x5a48e3510941e3ae38a3a0f8b5802068bcff5e9b1aeb371a3e613d74536eba3f,0x21def1c4a231db9835f4cab1574c650685377c5fc1448ff8c0f6051c40fd7e81,0x12a025b972e8bC244FF4Ae8fC89E028150F27Ea3,153,checkpoint-replay,1,12126380,19402208000000000,3880441600000000,2056
1356,625,0x6da5335b98e459709d0010a9c8f967ad06317941c2123b45a9a77d9952b6d237,0xcfe019fc36721ab80dacffb414c64f34fbb24d0a2c3d997162f463e64413619b,0x6AA32A6a6b85eb0e65859804f2665139868524A1,155,claim,1,390144,624230400000000,124846080000000,356
1358,627,0xf2c76e7407912a1b9ff74a43c4162c08fc6e99d20dbd9131f2813bb9f82a4dc7,0x8a92a070f5217914b05a7f88f196b02c99107046fc9db4461bdc4cffd020914a,0x12a025b972e8bC244FF4Ae8fC89E028150F27Ea3,154,claim-replay,1,390144,624230400000000,124846080000000,356
1360,629,0x268b25a673a0124bb71fc3e505ae8df99691d5f6cdf1215a453d0379f0f99815,0x7385e2ffd521ead3c987c000fe714bc95bf20aad609692c895412f89279a89b7,0x6AA32A6a6b85eb0e65859804f2665139868524A1,156,checkpoint,1,12126404,19402246400000000,3880449280000000,2056
1362,631,0x9be85a2b9385fdf26f2714b3c42c3d00d0d49766cb05755620a9f6218be9d174,0xe84a9d97352890b762694752ce0880db1dfc9692ebaa73052cc62f7746651208,0x12a025b972e8bC244FF4Ae8fC89E028150F27Ea3,155,checkpoint-replay,1,12126404,19402246400000000,3880449280000000,2056
1364,633,0xf2bef29f126917ff8b89585002e6190be58baec58858edc89515fff15c9f60ef,0xe93dedd263f313336cce63017d7caebde5bf1a31cbefb3754dd9d2627652d354,0x6AA32A6a6b85eb0e65859804f2665139868524A1,157,claim,1,390144,624230400000000,124846080000000,356
1366,635,0xaaea18e6b56ad4ea0270e689ba740f9c3b2aae9338247fb2e00d9c6c617923ba,0x28412ffc9cfbef909f04fe94ca8f01f9bb1400ab576f1318c4e9036a8b95d414,0x12a025b972e8bC244FF4Ae8fC89E028150F27Ea3,156,claim-replay,1,390144,624230400000000,124846080000000,356
1368,638,0xaef6c12734cd0f60b0edacaa483629ae260b48e3055d4f8eb36e9df1a1affcdb,0x9e26fc168cad4ceabc261908d769f21a8cd08f48f53a75fb498c981b76dcb160,0x6AA32A6a6b85eb0e65859804f2665139868524A1,158,checkpoint,1,12126392,19402227200000000,3880445440000000,2056
1370,639,0x2964d1521c620b895734ddec11673779b32e90b277117d1fa296e348640261c8,0x395116c3e36fc02b78d983512b0b1ff0a357a11fa4a3bf9097f050b1fe6e6126,0x12a025b972e8bC244FF4Ae8fC89E028150F27Ea3,157,checkpoint-replay,1,12126392,19402227200000000,3880445440000000,2056
1372,641,0x21d8d71be9ea6191c5f820bd17cd45c3cce0830cb1193a2fc0a8031e084d5d50,0x1ea81109dbaf634c2b978a5c728e97775cdc4ebbb6feab3f2275d8395d632aa5,0x6AA32A6a6b85eb0e65859804f2665139868524A1,159,claim,1,390132,624211200000000,124842240000000,356
1374,643,0xa73a92747e7cb2de4e56a089625612d17c9622a982ec329d70e73f3c35418e40,0x17310236a3c56ca1eb6f8a2a51a53c99bb225854303ade05182d6c4c6e460775,0x12a025b972e8bC244FF4Ae8fC89E028150F27Ea3,158,claim-replay,1,390132,624211200000000,124842240000000,356
1376,645,0xb456abb8b49f72ad128d05e4d844f8a1927e7bdc235f1eae218d70f0eb2db983,0x1c1dcbde1a3fb7ee36ff3371e84078eeb264ff9fda1b368e5939c57ddd3f529a,0x6AA32A6a6b85eb0e65859804f2665139868524A1,160,checkpoint,1,12126380,19402208000000000,3880441600000000,2056
1378,647,0xbc88cf2747c706ffc32e6928035b5d17b66a8999afbc2a8a46ad8f24f90e51f0,0xcc006182cf2275ea74f9a79b94c339d26176e244fa74e87c24dea1a0086fd64f,0x12a025b972e8bC244FF4Ae8fC89E028150F27Ea3,159,checkpoint-replay,1,12126380,19402208000000000,3880441600000000,2056
1380,649,0x8baecf94aa5bfba12e31f342ce0b5b15cd95974facdc52feba2598da18991987,0x327a9da3306b0a4b8e9f20ca92944ac402ece8c5558e09a3c25c142dd1b57156,0x6AA32A6a6b85eb0e65859804f2665139868524A1,161,claim,1,390156,624249600000000,124849920000000,356
1383,651,0xa799f574fd5302e8669b8f2a9ba8cda4cae19d1d6bf815006fcac0aeb43d2962,0x3c51868ad8bd22bb0fbcde80936479d3706886e57c1b0dabcf3854642bebf783,0x12a025b972e8bC244FF4Ae8fC89E028150F27Ea3,160,checkpoint,1,12126416,19402265600000000,3880453120000000,2056
1385,653,0x559e3c36cc29d53c4091f4f31a4013aecfbd6a5b2e311f0affe8efd60cd66261,0x99333396c59262e5dd7e1ccd8588329b2a35c104de3ebdf90c11ac3bdd68d602,0x6AA32A6a6b85eb0e65859804f2665139868524A1,162,checkpoint-replay,1,12126416,19402265600000000,3880453120000000,2056
1387,655,0xec8d18bb597dedbf15341a144b27e2660dc8eb17b90647e2ad51dadc34ba6246,0x596aecaa63a5efe133519f60470dc3b4ea027f0776fcc52c7b7f23f31e33242a,0x12a025b972e8bC244FF4Ae8fC89E028150F27Ea3,161,claim,1,390144,624230400000000,124846080000000,356
1390,657,0x31af286a1b7b77db6adae9c955af202c246ed71076d979a2764b5a9eaa42d2c5,0x542580031ca160cde1dfe1a293c0d0c87c282c77c20a9c6565e20b3f7a599b8c,0x6AA32A6a6b85eb0e65859804f2665139868524A1,163,checkpoint,1,12126404,19402246400000000,3880449280000000,2056
1392,659,0xa41b676d59da8f4717e532bdb90598249e1ba2b7a721fd24cf1d8e412f5800c7,0xdf761ca31588b848ca12e761ed64112508d83eb38afdb55c6071aa61fee9423c,0x12a025b972e8bC244FF4Ae8fC89E028150F27Ea3,162,checkpoint-replay,1,12126404,19402246400000000,3880449280000000,2056
1394,661,0xa50c2ec01f51b776f5fa3ca8370c8fb083c712d9e8ed6121b96617549d25ed34,0x0572cb42c7d8bfae66f1abd5eed8868b435249b10f3bcc0cef7cd654c600de31,0x6AA32A6a6b85eb0e65859804f2665139868524A1,164,checkpoint,1,12127376,19403801600000000,3880760320000000,2056
1396,663,0x6793d87dd287e31310a771f4ce27131a99cf8d234af5c0999bdcbac0ad15cf5b,0x32e4422dad8bd3098acb222df4bf40a2ba91ad99f0be4313d1d15979a5086096,0x12a025b972e8bC244FF4Ae8fC89E028150F27Ea3,163,checkpoint-replay,1,12127376,19403801600000000,3880760320000000,2056
1398,665,0x1d08a0a0ad3f0101abe7262a2764e407dd4697414d0cf7ecae97c704fda812ab,0xbf2fe157cd2bc4a79b1e5f1080ce04d583c9b85ce526792169a3c0b93bb07989,0x6AA32A6a6b85eb0e65859804f2665139868524A1,165,claim,1,390144,624230400000000,124846080000000,356
1400,667,0xa27bbf47d225bdbd1f9779c1eebc3842cf55302e7ada126f6eb2a712f9c89211,0x769c4dc70cf61575eb0396273e9459fbca7b434bf9a90d65f8b00c74f421e13d,0x12a025b972e8bC244FF4Ae8fC89E028150F27Ea3,164,claim-replay,1,390144,624230400000000,124846080000000,356
1402,669,0x45ebd5983596d514e55c18f4aec70c198d22b8859b20cfbda3e44279b281d4ce,0xf97f09ba7627938226a7aea57c186ec0f19aa09fb585824c3667967111a29f66,0x6AA32A6a6b85eb0e65859804f2665139868524A1,166,checkpoint,1,12126380,19402208000000000,3880441600000000,2056
1437,671,0x96dfd50b97a81bb5972f647193d9e41a53843a8ad3d8f03de3990fd72bba37c6,0x6180596fdf8b7f5a3061e428255c87696e7f0eef91b70443a7b6afaebd25915f,0x12a025b972e8bC244FF4Ae8fC89E028150F27Ea3,165,checkpoint-replay,1,12126380,19402208000000000,3880441600000000,2056
1439,673,0x218387279e83741ce7ec97a60d75904faf762af3be925e283ca5552f37a9ea65,0xf9374036f7b25f55bf78a3b180b8107be8a769b628a4aeeef8f8bf7808bba5c6,0x12a025b972e8bC244FF4Ae8fC89E028150F27Ea3,166,claim,1,390096,624153600000000,124830720000000,356
1441,674,0x5102b0798c07187214b81fe093ac32f6f67ed1a2f187ed9225ce73c9effbbe9a,0xd6f4bfc437b5b2c32135572f9b98d8cb24efd87833f04ff61e0b0b7061b1172c,0x6AA32A6a6b85eb0e65859804f2665139868524A1,167,claim-replay,1,390096,624153600000000,124830720000000,356
1443,676,0xefe7f60cbac0a2c9b8326cb9f22e5ef95ccd7aa110c0a36d44806ed514fbd9e0,0x50c3935912f674f17b61507550bf0c4e1b2990334af8f56486b640692cb18dfe,0x12a025b972e8bC244FF4Ae8fC89E028150F27Ea3,167,claim,1,390144,624230400000000,124846080000000,356
1445,678,0x0cce73e75516ef8537fd2b76fe399a7b923b1a0d4cd32b9ad6a97e73321fad44,0x76601ebda809c912956b1eda0e2f5bb4a9ae911125ae38eddbffed7c619ccd96,0x6AA32A6a6b85eb0e65859804f2665139868524A1,168,claim-replay,1,390144,624230400000000,124846080000000,356
1447,680,0x8adde77a5ba65922d19006d87113dfbc5f2aeb9dec15fd48cceedf547643d68d,0xaa967edd1abbc1dcceb1faed74d08fc62a4a0d436ddd628f12163e5117063796,0x12a025b972e8bC244FF4Ae8fC89E028150F27Ea3,168,claim,1,390156,624249600000000,124849920000000,356
1449,682,0x3dd66241f755f8d58da195bda70ea1d8740636aa4149787d844b28c9b4f7f44a,0x0fdbeb9ee65d2e6276e6ee65be75f6ce66562744130f0d5b3b90109523bb03f7,0x6AA32A6a6b85eb0e65859804f2665139868524A1,169,claim-replay,1,390156,624249600000000,124849920000000,356
1451,684,0x255a617a53b2dc065ccdb3abf0ec3f3894d2c84e3e46055a16516d71cd2ed27c,0x7d9e80249e9cb7dc36f6c8bf9fd3bd00852b30e70beba72ae52986e2a2152dfb,0x12a025b972e8bC244FF4Ae8fC89E028150F27Ea3,169,claim,1,390144,624230400000000,124846080000000,356
1453,686,0x36bce4d8b0666ae143055e30e9fbe5b8f728ce1404554d23916cfebb8251f563,0xea7ee90e712886556a0deed755c7010475d239752e4c0c3be9113ef09a716055,0x6AA32A6a6b85eb0e65859804f2665139868524A1,170,claim-replay,1,390144,624230400000000,124846080000000,356
1455,688,0x0d2d22a859d051425ecd458e6ff1514bde4c603389cf72c9ca3b3bb691d0b18e,0x37878d014f67c91d97a21bbe5808a7ed5cb9fb3f54d50e54f94db5d33776b40f,0x12a025b972e8bC244FF4Ae8fC89E028150F27Ea3,170,claim,1,390156,624249600000000,124849920000000,356
1456,689,0x4d2a1d1dc4f163647e7f49b362f6a01d4020ef6f3d1b1a94b543ab4a7c0d5a08,0x12ff85b0e94cb8eff92259c41ec15f07cd969d01a08f90e5077cdf59c65c9f6b,0x6AA32A6a6b85eb0e65859804f2665139868524A1,171,claim-replay,1,390156,624249600000000,124849920000000,356
1459,691,0x211c98c99814b73d134b80947c9b4252d1f22ae14bd022c6604bd4fd5c2606dd,0x59fe91a39870ad1d325fe5c4c8f36b0491d96760214df81e8b4af53a1fb7ba90,0x12a025b972e8bC244FF4Ae8fC89E028150F27Ea3,171,claim,1,390156,624249600000000,124849920000000,356
1461,693,0xa76212a2f48b2cdc1e80af322feccb12d0cc4223815f0dff8be83a128d2d7dea,0xda96c618fb3c7e8e9042384978efa89a65abdc968091cd890a32d985a16e15be,0x6AA32A6a6b85eb0e65859804f2665139868524A1,172,claim-replay,1,390156,624249600000000,124849920000000,356
1463,695,0x9654b01f466b15cb351813fd62f49fd30ff6f80a3317935b78295040de79c42d,0x64929f927cafb8fbdefa979409c7ad40ade345b3280777ca448d95eff43e3297,0x12a025b972e8bC244FF4Ae8fC89E028150F27Ea3,172,claim,1,390156,624249600000000,124849920000000,356
1465,697,0x02382f54c6ee3a9f46578a185c4afd10e9c31a8a58f120f8c7a798a3da06bcd7,0xb86cec514cfd2dcfb8aa3c423b16e34447ac93d59c31b493e8d6de65bbf3bdc1,0x6AA32A6a6b85eb0e65859804f2665139868524A1,173,claim-replay,1,390156,624249600000000,124849920000000,356
1467,699,0x065af992eb680743ad3db5325daee9c5f27ffbd73039d5dc9cf1c091a73c8234,0x0742928a07d7eeb8655e8021cb4b6e37af2d2497610c343fc3e93a6d7600b4ab,0x12a025b972e8bC244FF4Ae8fC89E028150F27Ea3,173,claim,1,390144,624230400000000,124846080000000,356
1469,701,0x552ecf7938c4c35489006d15508b09a6fea7ce0cfe33ab41414765f41a5c4217,0x118347b3188af305fa19eaf7786f9dc84b9769cd0a83902c0eda1ded5d093ec3,0x6AA32A6a6b85eb0e65859804f2665139868524A1,174,claim-replay,1,390144,624230400000000,124846080000000,356
1471,703,0x307649498723ec8c30686d87961518cce5566ac34a93696e77e71888c76b0abe,0xe4f643c961dfabd1eef57fae19bfbb82ed9e93f8369919d2ee4aee08d009c57e,0x12a025b972e8bC244FF4Ae8fC89E028150F27Ea3,174,claim,1,390144,624230400000000,124846080000000,356
1473,705,0x019c86e700dfb61a6c50965a53dea96dbdc8d7852324a14649845f54eaf0e838,0xe62572ab631dfc6c6d710eac8448726035757749eeff56380301b8ef4e5a6988,0x6AA32A6a6b85eb0e65859804f2665139868524A1,175,claim-replay,1,390144,624230400000000,124846080000000,356
1475,707,0x115d67cf528db0772ebe40e9255d966b0eb9d33c89e6b14558b3e8c36ab0f9d6,0x24f8bf6cb3dc1e958f6b9f7054ff46daf8266f4867f498e3e7e7067ca6f2df2a,0x12a025b972e8bC244FF4Ae8fC89E028150F27Ea3,175,claim,1,384708,615532800000000,123106560000000,260
1506,709,0x67713fa86d293b99ce818231a43d18cd00ae6bf6a3929399893fdac4df9912a0,0x77b752ae2d109fd193b4e85284363cfe52c8df1ab5131cbf6d04b6ed96d79b59,0x6AA32A6a6b85eb0e65859804f2665139868524A1,176,claim-replay,1,384708,615532800000000,123106560000000,260
1513,711,0x401513d401df995bac457d830892f2a3b19d0c3c6bb210432336e7d71db5d21a,0xfb328920488126b17d5184524c8607c8ac5df1608a0806bc09f61c819e7d4663,0x34982A282B5cF900B54df3A4e07672e43a08097d,29,transfer,1,21000,33600000000000,6720000000000,0
1522,713,0xfdc19668b1f4215744c075fc14d83dae04f547448967543ec6e0fe4299956093,0x539f574d1bc37a2d3bc20973c3ce59dde357cb571544b33968afb435d2e120ee,0x34982A282B5cF900B54df3A4e07672e43a08097d,30,transfer,1,21000,33600000000000,6720000000000,0
1531,715,0x59e678ab37114756b6f711a26c4314f28c0f9dc293525086e954ff849762e38f,0xee656fde241a968441c03667f70ba71ca7a6718b0fe39ee0126dbaee58ded68b,0x34982A282B5cF900B54df3A4e07672e43a08097d,31,transfer,1,21000,33600000000000,6720000000000,0
1540,717,0xe71f3055915c77ce71e9b329944f8dd4a91315e151be8342fe29f60970e10d1b,0x521260c8ed568104183631e0fe54eaf288914a4b9b4242020a42e81012dfee22,0x34982A282B5cF900B54df3A4e07672e43a08097d,32,transfer,1,21000,33600000000000,6720000000000,0
1549,719,0x8331e540feab54bd90a8fa96260070a216221a9b6dcd54bbd97e0405876e7786,0xd9a28354b4cf0a9b3b515918c409673d953752dc4ab7232099f1695dbba26ded,0x34982A282B5cF900B54df3A4e07672e43a08097d,33,transfer,1,21000,33600000000000,6720000000000,0
1563,721,0xce822232cb92a457ad31067dde9743687261bafffd384de4c10055c2875eb039,0x519915e254cffa3dc36f106d620b9fb103d53c6776ccffc638560f0d2bb70406,0x34982A282B5cF900B54df3A4e07672e43a08097d,34,transfer,1,21000,33600000000000,6720000000000,0
1575,723,0xc4f6f5e006afbfaa505281e84470a5ee3f0cf6b6fcf5a477e401bf583fd00eee,0xdc66d76e511ba5f349bc19714a0e6919bd0a1825226abbeb694cc0526ec2941f,0x34982A282B5cF900B54df3A4e07672e43a08097d,35,transfer,1,21000,33600000000000,6720000000000,0
1588,725,0x457b2d959f11cf3d8d8184cb9b17b2e5ae9ce809f6fad26956cb3082a0360d0e,0x652aab2a4cc7abecbf9815367dcdd4e636e599db8c8376788b9ef012e2450236,0x34982A282B5cF900B54df3A4e07672e43a08097d,36,transfer,1,21000,33600000000000,6720000000000,0
1601,727,0xd096ea8bb5816b84128a4b514453be7ff68353a060cede07dbaac7fe649d91a9,0xf8aaa8b59cb366c915e9d84f97f0cc1d9d3572e7de5275138a643980e647b08b,0x34982A282B5cF900B54df3A4e07672e43a08097d,37,transfer,1,21000,33600000000000,6720000000000,0
1613,729,0x3af6f23cbc0d2413d5cfd17264dca1c41b134431b355706d9e3a5ab6981b87cc,0x7bc639c3e4cbdf7eaed4a8e91dc38d71a4de03e820d0f9c614c1e8b5f44c35ed,0x34982A282B5cF900B54df3A4e07672e43a08097d,38,transfer,1,21000,33600000000000,6720000000000,0
1626,731,0x42f4333f34833301f2512f3d34ba9ea8fcab182071c3f43878a8a5c55d15d063,0xf0592d6f99d8b3494eb9a29b2d676d835cf098f539105a969cdb7a731aae8319,0x34982A282B5cF900B54df3A4e07672e43a08097d,39,transfer,1,21000,33600000000000,6720000000000,0
1637,733,0xd3696e05405a10216a2ad16ad4d0e042827b2238a3d78732af9475343d389c6a,0xe8731c3269611dcc809b2a71e95b045d5977dc1a28e2da73b2b8ec60a28abdf2,0x34982A282B5cF900B54df3A4e07672e43a08097d,40,transfer,1,21000,33600000000000,6720000000000,0
1646,735,0x601c4cf981efd9a1e064b7294fe990d88ed0eda3ad26dfd7779bbdb35e43d036,0xc2f8498514abb0f5132b69de045dc2464606d01499d0c32f817662a8c5cc87cc,0x34982A282B5cF900B54df3A4e07672e43a08097d,41,transfer,1,21000,33600000000000,6720000000000,0
1657,737,0xfe1a637a1e0e0e3e12f7be6963e70aa8ad77b67fc7a2309be769bdd448a036bd,0x9231ecd427184e778f66cef8675dc21b7d19d163cc00b47d910db1064dc60c7d,0x34982A282B5cF900B54df3A4e07672e43a08097d,42,transfer,1,21000,33600000000000,6720000000000,0
1669,739,0xd3fc3960130000d1dd72904d796dec3a7bab486a5b4ccee9572375ca4a44571c,0xc3798ea8bccfcb456ed3fb73bf31dd4fba37ea9cd434227f0ba911b00fe64d3c,0x34982A282B5cF900B54df3A4e07672e43a08097d,43,transfer,1,21000,33600000000000,6720000000000,0
1677,741,0x2a96d1dc018c79ea27e081763e0705564594536ccc16f7aa6ede69dd910b7d44,0x3211e77582c4f01d8027e84c8ba566a2cbcef39a70c2e22559e49acee9c13e1a,0x34982A282B5cF900B54df3A4e07672e43a08097d,44,transfer,1,21000,33600000000000,6720000000000,0
1686,743,0xcf3127f450a01802cd9f34cb8c8a0de2d1e920585b87e05c0419151a7fc007bc,0x677286a1236bb7dfbcb6d8e8c21a3cc2789ba31c7c3ce6eefb7950644a84e028,0x34982A282B5cF900B54df3A4e07672e43a08097d,45,transfer,1,21000,33600000000000,6720000000000,0
1696,745,0xf89210ffa912affadbbe9fb2cccbe17a3438eec9b29abfeb5f715ec625ef166d,0x6b15d0ac8d86b179ea5c39955f5509381ebdbe3b16286c4d3392a09b5b5e5dcd,0x34982A282B5cF900B54df3A4e07672e43a08097d,46,transfer,1,21000,33600000000000,6720000000000,0
1708,747,0x70e1ea94ccb4aac197dfde6f71feb143d59895f144225baccc583f82c8be7316,0x56bdc29bc4fff9e9621a2168039ec4b292979e285160c310d7809f2a7e375266,0x34982A282B5cF900B54df3A4e07672e43a08097d,47,transfer,1,21000,33600000000000,6720000000000,0
1718,749,0x9795c63dc0d2053039c1ad3af2829ffc666506ffc809e0e2bb09c56862284815,0x5cefc5fddb9952f36c4feb25d10ad1337b6fe5c59a696d63aa117660fd941a84,0x34982A282B5cF900B54df3A4e07672e43a08097d,48,transfer,1,21000,33600000000000,6720000000000,0
